,dates,Raw_signal,Interannual_signal,Seasonal_signal,Residual_signal,Variation_coefficient,Variance_due_to_Interannual_signal,Variance_due_to_Seasonal_signal,Variance_due_to_Residual_signal,Monotonic_change,Rate_of_Change,Zone
0,1999-01-04,761.6559059850856,750.3420743463492,482.8912270973836,-471.5773954586472,81.90288562525281,19.655781013712947,66.58313598980189,13.761082996485165,False,-1.0600940504518142,SOUTHERN_BRITTANY
1,1999-01-12,791.9332334236681,752.0247820845167,182.74974634075397,-142.84129500160256,81.90288562525281,19.655781013712947,66.58313598980189,13.761082996485165,False,-1.0600940504518142,SOUTHERN_BRITTANY
2,1999-01-20,1041.042266485641,753.4719951479098,275.0604238869799,12.509847450751352,81.90288562525281,19.655781013712947,66.58313598980189,13.761082996485165,False,-1.0600940504518142,SOUTHERN_BRITTANY
3,1999-01-28,1041.042266485641,754.637364168836,231.0021791726434,55.40272314416157,81.90288562525281,19.655781013712947,66.58313598980189,13.761082996485165,False,-1.0600940504518142,SOUTHERN_BRITTANY
4,1999-02-04,1041.042266485641,755.5024071402519,230.73974244795625,54.80011689743287,81.90288562525281,19.655781013712947,66.58313598980189,13.761082996485165,False,-1.0600940504518142,SOUTHERN_BRITTANY
5,1999-02-12,1685.5289547235336,756.0683999924289,800.5875480050282,128.87300672607648,81.90288562525281,19.655781013712947,66.58313598980189,13.761082996485165,False,-1.0600940504518142,SOUTHERN_BRITTANY
6,1999-02-20,1766.5807547085628,756.3515339457699,882.7858401102949,127.44338065249804,81.90288562525281,19.655781013712947,66.58313598980189,13.761082996485165,False,-1.0600940504518142,SOUTHERN_BRITTANY
7,1999-02-28,1910.3501474566187,756.3761102296442,1060.7194597214643,93.25457750551028,81.90288562525281,19.655781013712947,66.58313598980189,13.761082996485165,False,-1.0600940504518142,SOUTHERN_BRITTANY
8,1999-03-04,1910.3501474566187,756.1670343965972,991.1631306558686,163.0199824041531,81.90288562525281,19.655781013712947,66.58313598980189,13.761082996485165,False,-1.0600940504518142,SOUTHERN_BRITTANY
9,1999-03-12,1850.1283297400405,755.7556904022861,911.4448838394622,182.927755498292,81.90288562525281,19.655781013712947,66.58313598980189,13.761082996485165,False,-1.0600940504518142,SOUTHERN_BRITTANY
10,1999-03-20,1001.12345973498,755.1907122987357,187.40436846459951,58.52837897164491,81.90288562525281,19.655781013712947,66.58313598980189,13.761082996485165,False,-1.0600940504518142,SOUTHERN_BRITTANY
11,1999-03-28,808.0875313121616,754.527184972738,43.01073753876623,10.549608800657287,81.90288562525281,19.655781013712947,66.58313598980189,13.761082996485165,False,-1.0600940504518142,SOUTHERN_BRITTANY
12,1999-04-04,697.7288713645852,753.8174550246382,-29.02963094401426,-27.05895271603876,81.90288562525281,19.655781013712947,66.58313598980189,13.761082996485165,False,-1.0600940504518142,SOUTHERN_BRITTANY
13,1999-04-12,697.7288713645852,753.1040870884846,-19.43929880525321,-35.935916918646164,81.90288562525281,19.655781013712947,66.58313598980189,13.761082996485165,False,-1.0600940504518142,SOUTHERN_BRITTANY
14,1999-04-20,815.5964664399286,752.4189069179778,127.49952554182909,-64.32196601987827,81.90288562525281,19.655781013712947,66.58313598980189,13.761082996485165,False,-1.0600940504518142,SOUTHERN_BRITTANY
15,1999-04-28,815.5964664399286,751.7818870002258,127.50125517801786,-63.686675738315046,81.90288562525281,19.655781013712947,66.58313598980189,13.761082996485165,False,-1.0600940504518142,SOUTHERN_BRITTANY
16,1999-05-04,641.5614109758933,751.2039165974205,-20.24430583035286,-89.39819979117436,81.90288562525281,19.655781013712947,66.58313598980189,13.761082996485165,False,-1.0600940504518142,SOUTHERN_BRITTANY
17,1999-05-12,641.5614109758933,750.7008884721522,-22.842391894274613,-86.29708560198429,81.90288562525281,19.655781013712947,66.58313598980189,13.761082996485165,False,-1.0600940504518142,SOUTHERN_BRITTANY
18,1999-05-20,860.1932495816875,750.2915558888244,89.00318583371373,20.89850785914936,81.90288562525281,19.655781013712947,66.58313598980189,13.761082996485165,False,-1.0600940504518142,SOUTHERN_BRITTANY
19,1999-05-28,860.1932495816875,749.9915629983592,38.07003705947943,72.13164952384886,81.90288562525281,19.655781013712947,66.58313598980189,13.761082996485165,False,-1.0600940504518142,SOUTHERN_BRITTANY
20,1999-06-04,563.1967579281243,749.8126357118448,-185.68687234509864,-0.9290054386218572,81.90288562525281,19.655781013712947,66.58313598980189,13.761082996485165,False,-1.0600940504518142,SOUTHERN_BRITTANY
21,1999-06-12,433.75792462110905,749.7537894081293,-288.8834376961743,-27.11242709084587,81.90288562525281,19.655781013712947,66.58313598980189,13.761082996485165,False,-1.0600940504518142,SOUTHERN_BRITTANY
22,1999-06-20,292.71564339107425,749.799077463179,-395.6998752560477,-61.38355881605696,81.90288562525281,19.655781013712947,66.58313598980189,13.761082996485165,False,-1.0600940504518142,SOUTHERN_BRITTANY
23,1999-06-28,236.61812569574403,749.9217891263016,-482.1514945346475,-31.152168895910165,81.90288562525281,19.655781013712947,66.58313598980189,13.761082996485165,False,-1.0600940504518142,SOUTHERN_BRITTANY
24,1999-07-04,236.12471779698424,750.0905928390438,-489.321113083581,-24.64476195847857,81.90288562525281,19.655781013712947,66.58313598980189,13.761082996485165,False,-1.0600940504518142,SOUTHERN_BRITTANY
25,1999-07-12,233.4844930517833,750.2736573471657,-494.6872263245732,-22.10193797080916,81.90288562525281,19.655781013712947,66.58313598980189,13.761082996485165,False,-1.0600940504518142,SOUTHERN_BRITTANY
26,1999-07-20,207.2434396216572,750.4401978445908,-517.2012946518917,-25.99546357104191,81.90288562525281,19.655781013712947,66.58313598980189,13.761082996485165,False,-1.0600940504518142,SOUTHERN_BRITTANY
27,1999-07-28,179.3249114137518,750.5609989140784,-539.1724042930681,-32.063683207258464,81.90288562525281,19.655781013712947,66.58313598980189,13.761082996485165,False,-1.0600940504518142,SOUTHERN_BRITTANY
28,1999-08-04,179.3249114137518,750.6077897632591,-555.1064597606108,-16.176418588896468,81.90288562525281,19.655781013712947,66.58313598980189,13.761082996485165,False,-1.0600940504518142,SOUTHERN_BRITTANY
29,1999-08-12,181.1978552474492,750.5548749178092,-564.8422997482172,-4.514719922142831,81.90288562525281,19.655781013712947,66.58313598980189,13.761082996485165,False,-1.0600940504518142,SOUTHERN_BRITTANY
30,1999-08-20,181.1978552474492,750.381056509393,-560.874844225434,-8.308357036509847,81.90288562525281,19.655781013712947,66.58313598980189,13.761082996485165,False,-1.0600940504518142,SOUTHERN_BRITTANY
31,1999-08-28,164.25422699653987,750.0694090746688,-566.6134387570048,-19.201743321124127,81.90288562525281,19.655781013712947,66.58313598980189,13.761082996485165,False,-1.0600940504518142,SOUTHERN_BRITTANY
32,1999-09-04,164.25422699653987,749.6067725987531,-559.369381596001,-25.98316400621229,81.90288562525281,19.655781013712947,66.58313598980189,13.761082996485165,False,-1.0600940504518142,SOUTHERN_BRITTANY
33,1999-09-12,169.42229811450963,748.9838314939948,-548.9771763696951,-30.584357009789983,81.90288562525281,19.655781013712947,66.58313598980189,13.761082996485165,False,-1.0600940504518142,SOUTHERN_BRITTANY
34,1999-09-20,300.2060868736484,748.1953751077223,-453.9572377594115,5.9679495253376444,81.90288562525281,19.655781013712947,66.58313598980189,13.761082996485165,False,-1.0600940504518142,SOUTHERN_BRITTANY
35,1999-09-28,367.8917690749522,747.2417346606537,-404.2791684464643,24.92920286076281,81.90288562525281,19.655781013712947,66.58313598980189,13.761082996485165,False,-1.0600940504518142,SOUTHERN_BRITTANY
36,1999-10-04,367.8917690749522,746.128436210721,-393.32181958650335,15.08515245073454,81.90288562525281,19.655781013712947,66.58313598980189,13.761082996485165,False,-1.0600940504518142,SOUTHERN_BRITTANY
37,1999-10-12,338.63215737844394,744.8626093789195,-397.9985712076463,-8.231880792829259,81.90288562525281,19.655781013712947,66.58313598980189,13.761082996485165,False,-1.0600940504518142,SOUTHERN_BRITTANY
38,1999-10-20,338.63215737844394,743.4499384262832,-378.4404361621312,-26.37734488570805,81.90288562525281,19.655781013712947,66.58313598980189,13.761082996485165,False,-1.0600940504518142,SOUTHERN_BRITTANY
39,1999-10-28,646.0979506499274,741.8932337580802,-118.950226094923,23.15494298677018,81.90288562525281,19.655781013712947,66.58313598980189,13.761082996485165,False,-1.0600940504518142,SOUTHERN_BRITTANY
40,1999-11-04,646.0979506499274,740.1939108072488,-109.09772943505054,15.00176927772911,81.90288562525281,19.655781013712947,66.58313598980189,13.761082996485165,False,-1.0600940504518142,SOUTHERN_BRITTANY
41,1999-11-12,652.1976060138236,738.3513750203872,-1.7604792886286529,-84.39328971793495,81.90288562525281,19.655781013712947,66.58313598980189,13.761082996485165,False,-1.0600940504518142,SOUTHERN_BRITTANY
42,1999-11-20,652.1976060138236,736.35276697742,6.138638048028726,-90.29379901162508,81.90288562525281,19.655781013712947,66.58313598980189,13.761082996485165,False,-1.0600940504518142,SOUTHERN_BRITTANY
43,1999-11-28,652.1976060138236,734.1748308291282,132.9251506033654,-214.90237541867,81.90288562525281,19.655781013712947,66.58313598980189,13.761082996485165,False,-1.0600940504518142,SOUTHERN_BRITTANY
44,1999-12-04,675.2812623628256,731.7826331476195,149.8242124963847,-206.32558328117864,81.90288562525281,19.655781013712947,66.58313598980189,13.761082996485165,False,-1.0600940504518142,SOUTHERN_BRITTANY
45,1999-12-12,926.075052466397,729.1379772909402,210.94858012274915,-14.011504947292336,81.90288562525281,19.655781013712947,66.58313598980189,13.761082996485165,False,-1.0600940504518142,SOUTHERN_BRITTANY
46,1999-12-20,1527.9694116448186,726.2220187378299,588.2008214434409,213.54657146354785,81.90288562525281,19.655781013712947,66.58313598980189,13.761082996485165,False,-1.0600940504518142,SOUTHERN_BRITTANY
47,1999-12-28,2581.198501220217,723.0478872105234,1376.203469843232,481.9471441664618,81.90288562525281,19.655781013712947,66.58313598980189,13.761082996485165,False,-1.0600940504518142,SOUTHERN_BRITTANY
48,2000-01-04,2581.198501220217,719.660460210552,993.954560207725,867.5834808019403,81.90288562525281,19.655781013712947,66.58313598980189,13.761082996485165,False,-1.0600940504518142,SOUTHERN_BRITTANY
49,2000-01-12,1292.9597322753525,716.1148395969034,354.4023780791805,222.44251459926855,81.90288562525281,19.655781013712947,66.58313598980189,13.761082996485165,False,-1.0600940504518142,SOUTHERN_BRITTANY
50,2000-01-20,917.4232035645528,712.4460370829889,225.50842511186323,-20.53125863029942,81.90288562525281,19.655781013712947,66.58313598980189,13.761082996485165,False,-1.0600940504518142,SOUTHERN_BRITTANY
51,2000-01-28,743.0058429030496,708.7041428868758,142.07423883462928,-107.77253881845552,81.90288562525281,19.655781013712947,66.58313598980189,13.761082996485165,False,-1.0600940504518142,SOUTHERN_BRITTANY
52,2000-02-04,743.0058429030496,704.9452188031432,139.69542352668216,-101.6347994267758,81.90288562525281,19.655781013712947,66.58313598980189,13.761082996485165,False,-1.0600940504518142,SOUTHERN_BRITTANY
53,2000-02-12,1089.2478741521725,701.2283969882292,468.9512527037502,-80.93177553980689,81.90288562525281,19.655781013712947,66.58313598980189,13.761082996485165,False,-1.0600940504518142,SOUTHERN_BRITTANY
54,2000-02-20,1174.5347815314824,697.6193863256725,420.306936106504,56.608459099305946,81.90288562525281,19.655781013712947,66.58313598980189,13.761082996485165,False,-1.0600940504518142,SOUTHERN_BRITTANY
55,2000-02-28,1454.0661398559166,694.2007341159202,595.0895655532719,164.7758401867245,81.90288562525281,19.655781013712947,66.58313598980189,13.761082996485165,False,-1.0600940504518142,SOUTHERN_BRITTANY
56,2000-03-04,1174.5347815314824,691.0686283509664,490.5266308538069,-7.0604776732909045,81.90288562525281,19.655781013712947,66.58313598980189,13.761082996485165,False,-1.0600940504518142,SOUTHERN_BRITTANY
57,2000-03-12,1034.7650082376877,688.3213661867292,694.1334267212969,-347.68978467033844,81.90288562525281,19.655781013712947,66.58313598980189,13.761082996485165,False,-1.0600940504518142,SOUTHERN_BRITTANY
58,2000-03-20,683.9817936322725,686.0324092987463,315.0614377656934,-317.1120534321673,81.90288562525281,19.655781013712947,66.58313598980189,13.761082996485165,False,-1.0600940504518142,SOUTHERN_BRITTANY
59,2000-03-28,683.9817936322725,684.2478556597342,267.8927822122992,-268.158844239761,81.90288562525281,19.655781013712947,66.58313598980189,13.761082996485165,False,-1.0600940504518142,SOUTHERN_BRITTANY
60,2000-04-04,725.6094912668889,682.9880310911475,103.6951837230134,-61.07372354727202,81.90288562525281,19.655781013712947,66.58313598980189,13.761082996485165,False,-1.0600940504518142,SOUTHERN_BRITTANY
61,2000-04-12,763.0410734418907,682.2668128655974,84.45698700019862,-3.682726423905351,81.90288562525281,19.655781013712947,66.58313598980189,13.761082996485165,False,-1.0600940504518142,SOUTHERN_BRITTANY
62,2000-04-20,996.7007692508791,682.0966077075684,230.72730765662573,83.87685388668498,81.90288562525281,19.655781013712947,66.58313598980189,13.761082996485165,False,-1.0600940504518142,SOUTHERN_BRITTANY
63,2000-04-28,996.7007692508791,682.4911242498704,250.6016081504622,63.60803685054657,81.90288562525281,19.655781013712947,66.58313598980189,13.761082996485165,False,-1.0600940504518142,SOUTHERN_BRITTANY
64,2000-05-04,928.3275413860908,683.4633723295734,511.219187521879,-266.3550184653617,81.90288562525281,19.655781013712947,66.58313598980189,13.761082996485165,False,-1.0600940504518142,SOUTHERN_BRITTANY
65,2000-05-12,918.9710425587044,685.0033295923827,507.692103207498,-273.72439024117625,81.90288562525281,19.655781013712947,66.58313598980189,13.761082996485165,False,-1.0600940504518142,SOUTHERN_BRITTANY
66,2000-05-20,712.0460840028782,687.0868201700463,143.88808457189424,-118.92882073906236,81.90288562525281,19.655781013712947,66.58313598980189,13.761082996485165,False,-1.0600940504518142,SOUTHERN_BRITTANY
67,2000-05-28,510.4851852968214,689.7045713999213,-107.96065485978691,-71.258731243313,81.90288562525281,19.655781013712947,66.58313598980189,13.761082996485165,False,-1.0600940504518142,SOUTHERN_BRITTANY
68,2000-06-04,509.2492354380073,692.8699808046823,-268.2086105825576,84.58786521588252,81.90288562525281,19.655781013712947,66.58313598980189,13.761082996485165,False,-1.0600940504518142,SOUTHERN_BRITTANY
69,2000-06-12,488.2464949728648,696.6169835856006,-347.46990533527674,139.09941672254098,81.90288562525281,19.655781013712947,66.58313598980189,13.761082996485165,False,-1.0600940504518142,SOUTHERN_BRITTANY
70,2000-06-20,488.2464949728648,700.9926583966051,-379.2428745985401,166.49671117479983,81.90288562525281,19.655781013712947,66.58313598980189,13.761082996485165,False,-1.0600940504518142,SOUTHERN_BRITTANY
71,2000-06-28,315.52972574791687,706.0511305351836,-489.48242247911065,98.96101769184396,81.90288562525281,19.655781013712947,66.58313598980189,13.761082996485165,False,-1.0600940504518142,SOUTHERN_BRITTANY
72,2000-07-04,315.52972574791687,711.8489104573874,-473.3521592609545,77.03297455148396,81.90288562525281,19.655781013712947,66.58313598980189,13.761082996485165,False,-1.0600940504518142,SOUTHERN_BRITTANY
73,2000-07-12,337.4553218150233,718.4422296992554,-421.3755228469783,40.3886149627462,81.90288562525281,19.655781013712947,66.58313598980189,13.761082996485165,False,-1.0600940504518142,SOUTHERN_BRITTANY
74,2000-07-20,338.92636629063736,725.8802024014954,-423.75835299608855,36.80451688523056,81.90288562525281,19.655781013712947,66.58313598980189,13.761082996485165,False,-1.0600940504518142,SOUTHERN_BRITTANY
75,2000-07-28,337.4553218150233,734.2022687891979,-462.3378734239733,65.59092644979876,81.90288562525281,19.655781013712947,66.58313598980189,13.761082996485165,False,-1.0600940504518142,SOUTHERN_BRITTANY
76,2000-08-04,275.3227721661187,743.4382507889328,-513.0503790096043,44.93490038679016,81.90288562525281,19.655781013712947,66.58313598980189,13.761082996485165,False,-1.0600940504518142,SOUTHERN_BRITTANY
77,2000-08-12,222.86309434815712,753.6072638266772,-540.580106110731,9.83593663221086,81.90288562525281,19.655781013712947,66.58313598980189,13.761082996485165,False,-1.0600940504518142,SOUTHERN_BRITTANY
78,2000-08-20,215.91734826344128,764.7160275757924,-543.4575124951169,-5.341166817234239,81.90288562525281,19.655781013712947,66.58313598980189,13.761082996485165,False,-1.0600940504518142,SOUTHERN_BRITTANY
79,2000-08-28,215.91734826344128,776.7574606409695,-542.373584002321,-18.466528375207304,81.90288562525281,19.655781013712947,66.58313598980189,13.761082996485165,False,-1.0600940504518142,SOUTHERN_BRITTANY
80,2000-09-04,215.91734826344128,789.7101269513546,-537.6486344688218,-36.14414421909157,81.90288562525281,19.655781013712947,66.58313598980189,13.761082996485165,False,-1.0600940504518142,SOUTHERN_BRITTANY
81,2000-09-12,223.80202085279748,803.5379146942836,-527.0434427960251,-52.69245104546098,81.90288562525281,19.655781013712947,66.58313598980189,13.761082996485165,False,-1.0600940504518142,SOUTHERN_BRITTANY
82,2000-09-20,219.90488760234,818.1901604869091,-490.4317481133934,-107.85352477117578,81.90288562525281,19.655781013712947,66.58313598980189,13.761082996485165,False,-1.0600940504518142,SOUTHERN_BRITTANY
83,2000-09-28,242.6229714681976,833.6017319791778,-463.8832132217487,-127.09554728923143,81.90288562525281,19.655781013712947,66.58313598980189,13.761082996485165,False,-1.0600940504518142,SOUTHERN_BRITTANY
84,2000-10-04,313.9005309594053,849.6938830270478,-427.7248145236144,-108.06853754402816,81.90288562525281,19.655781013712947,66.58313598980189,13.761082996485165,False,-1.0600940504518142,SOUTHERN_BRITTANY
85,2000-10-12,405.5201261875145,866.3741746903488,-378.2425072242843,-82.61154127855008,81.90288562525281,19.655781013712947,66.58313598980189,13.761082996485165,False,-1.0600940504518142,SOUTHERN_BRITTANY
86,2000-10-20,505.1967198166728,883.536736150644,-318.9831457738782,-59.35687056009294,81.90288562525281,19.655781013712947,66.58313598980189,13.761082996485165,False,-1.0600940504518142,SOUTHERN_BRITTANY
87,2000-10-28,643.0260960961992,901.0644098428444,-170.591790748293,-87.44652299835204,81.90288562525281,19.655781013712947,66.58313598980189,13.761082996485165,False,-1.0600940504518142,SOUTHERN_BRITTANY
88,2000-11-04,722.3735609173981,918.8340064536262,-135.60854951469975,-60.851896021528376,81.90288562525281,19.655781013712947,66.58313598980189,13.761082996485165,False,-1.0600940504518142,SOUTHERN_BRITTANY
89,2000-11-12,1190.0535316667288,936.7190053939936,82.41568992343593,170.9188363492991,81.90288562525281,19.655781013712947,66.58313598980189,13.761082996485165,False,-1.0600940504518142,SOUTHERN_BRITTANY
90,2000-11-20,1258.0908651411296,954.5984923008712,109.76966273347936,193.72271010677903,81.90288562525281,19.655781013712947,66.58313598980189,13.761082996485165,False,-1.0600940504518142,SOUTHERN_BRITTANY
91,2000-11-28,1773.090306924377,972.3555397057642,365.1013948628127,435.6333723558002,81.90288562525281,19.655781013712947,66.58313598980189,13.761082996485165,False,-1.0600940504518142,SOUTHERN_BRITTANY
92,2000-12-04,1773.090306924377,989.8877367286832,398.84867626780414,384.3538939278898,81.90288562525281,19.655781013712947,66.58313598980189,13.761082996485165,False,-1.0600940504518142,SOUTHERN_BRITTANY
93,2000-12-12,1269.789011819333,1007.1023952313008,207.53688755585756,55.14972903217452,81.90288562525281,19.655781013712947,66.58313598980189,13.761082996485165,False,-1.0600940504518142,SOUTHERN_BRITTANY
94,2000-12-20,980.590297781224,1023.9170194829612,198.73271086619715,-242.05943256793464,81.90288562525281,19.655781013712947,66.58313598980189,13.761082996485165,False,-1.0600940504518142,SOUTHERN_BRITTANY
95,2000-12-28,980.590297781224,1040.2613793474534,459.4961803722111,-519.1672619384406,81.90288562525281,19.655781013712947,66.58313598980189,13.761082996485165,False,-1.0600940504518142,SOUTHERN_BRITTANY
96,2001-01-04,1310.0337393995028,1056.07559937772,638.5019398466433,-384.54379982486046,81.90288562525281,19.655781013712947,66.58313598980189,13.761082996485165,False,-1.0600940504518142,SOUTHERN_BRITTANY
97,2001-01-12,1310.0337393995028,1071.3036745788609,316.41704165874944,-77.68697683810751,81.90288562525281,19.655781013712947,66.58313598980189,13.761082996485165,False,-1.0600940504518142,SOUTHERN_BRITTANY
98,2001-01-20,1310.0337393995028,1085.878649687108,218.56753311315728,5.587556599237502,81.90288562525281,19.655781013712947,66.58313598980189,13.761082996485165,False,-1.0600940504518142,SOUTHERN_BRITTANY
99,2001-01-28,1337.7562830280576,1099.6960268684418,197.3404141743998,40.71984198521605,81.90288562525281,19.655781013712947,66.58313598980189,13.761082996485165,False,-1.0600940504518142,SOUTHERN_BRITTANY
100,2001-02-04,1337.7562830280576,1112.6338690240111,200.92705955265944,24.19535445138706,81.90288562525281,19.655781013712947,66.58313598980189,13.761082996485165,False,-1.0600940504518142,SOUTHERN_BRITTANY
101,2001-02-12,1324.2102385406224,1124.5709151276526,292.9340643693195,-93.2947409563497,81.90288562525281,19.655781013712947,66.58313598980189,13.761082996485165,False,-1.0600940504518142,SOUTHERN_BRITTANY
102,2001-02-20,882.5085060685774,1135.388238319665,157.13878734580356,-410.0185195968913,81.90288562525281,19.655781013712947,66.58313598980189,13.761082996485165,False,-1.0600940504518142,SOUTHERN_BRITTANY
103,2001-02-28,882.5085060685774,1144.951843691208,290.1763976538559,-552.6197352764866,81.90288562525281,19.655781013712947,66.58313598980189,13.761082996485165,False,-1.0600940504518142,SOUTHERN_BRITTANY
104,2001-03-04,1026.5132028488556,1153.1131916976365,287.6982017539582,-414.2981906027391,81.90288562525281,19.655781013712947,66.58313598980189,13.761082996485165,False,-1.0600940504518142,SOUTHERN_BRITTANY
105,2001-03-12,2183.2640466060184,1159.7120511888088,736.802526279022,286.7494691381876,81.90288562525281,19.655781013712947,66.58313598980189,13.761082996485165,False,-1.0600940504518142,SOUTHERN_BRITTANY
106,2001-03-20,2217.1900126811274,1164.592194300915,646.1162980851811,406.48152029503126,81.90288562525281,19.655781013712947,66.58313598980189,13.761082996485165,False,-1.0600940504518142,SOUTHERN_BRITTANY
107,2001-03-28,2217.1900126811274,1167.604593785073,592.5905810675004,456.9948378285544,81.90288562525281,19.655781013712947,66.58313598980189,13.761082996485165,False,-1.0600940504518142,SOUTHERN_BRITTANY
108,2001-04-04,1582.439243923012,1168.624973834608,247.714305270058,166.09996481834588,81.90288562525281,19.655781013712947,66.58313598980189,13.761082996485165,False,-1.0600940504518142,SOUTHERN_BRITTANY
109,2001-04-12,1427.9105625958068,1167.5519558991489,162.79755376421747,97.5610529324407,81.90288562525281,19.655781013712947,66.58313598980189,13.761082996485165,False,-1.0600940504518142,SOUTHERN_BRITTANY
110,2001-04-20,1427.9105625958068,1164.30876214796,202.72704591846733,60.87475452937937,81.90288562525281,19.655781013712947,66.58313598980189,13.761082996485165,False,-1.0600940504518142,SOUTHERN_BRITTANY
111,2001-04-28,1503.320298191937,1158.8384511738657,225.90919312775367,118.57265389031755,81.90288562525281,19.655781013712947,66.58313598980189,13.761082996485165,False,-1.0600940504518142,SOUTHERN_BRITTANY
112,2001-05-04,2847.6183983766023,1151.104080529901,881.1771881196659,815.3371297270354,81.90288562525281,19.655781013712947,66.58313598980189,13.761082996485165,False,-1.0600940504518142,SOUTHERN_BRITTANY
113,2001-05-12,2847.6183983766023,1141.0974054908622,885.5822902263295,820.9387026594105,81.90288562525281,19.655781013712947,66.58313598980189,13.761082996485165,False,-1.0600940504518142,SOUTHERN_BRITTANY
114,2001-05-20,1587.1905452867634,1128.832725235254,219.35908328521109,238.99873676629832,81.90288562525281,19.655781013712947,66.58313598980189,13.761082996485165,False,-1.0600940504518142,SOUTHERN_BRITTANY
115,2001-05-28,987.6338888158684,1114.3434919901254,-129.3234515181624,2.613848343905346,81.90288562525281,19.655781013712947,66.58313598980189,13.761082996485165,False,-1.0600940504518142,SOUTHERN_BRITTANY
116,2001-06-04,656.0986400354448,1097.6818640411725,-262.9417462501032,-178.6414777556243,81.90288562525281,19.655781013712947,66.58313598980189,13.761082996485165,False,-1.0600940504518142,SOUTHERN_BRITTANY
117,2001-06-12,510.0125381533229,1078.9130659315622,-339.66433077096127,-229.236197007278,81.90288562525281,19.655781013712947,66.58313598980189,13.761082996485165,False,-1.0600940504518142,SOUTHERN_BRITTANY
118,2001-06-20,496.3004933117105,1058.1175019238003,-394.7961574397735,-167.02085117231655,81.90288562525281,19.655781013712947,66.58313598980189,13.761082996485165,False,-1.0600940504518142,SOUTHERN_BRITTANY
119,2001-06-28,390.6996970248512,1035.3913467288112,-504.0999559390277,-140.5916937649322,81.90288562525281,19.655781013712947,66.58313598980189,13.761082996485165,False,-1.0600940504518142,SOUTHERN_BRITTANY
120,2001-07-04,390.6996970248512,1010.845553734608,-496.41939473010143,-123.72646197965535,81.90288562525281,19.655781013712947,66.58313598980189,13.761082996485165,False,-1.0600940504518142,SOUTHERN_BRITTANY
121,2001-07-12,528.9548531533126,984.6041000536568,-415.5101028539265,-40.1391440464177,81.90288562525281,19.655781013712947,66.58313598980189,13.761082996485165,False,-1.0600940504518142,SOUTHERN_BRITTANY
122,2001-07-20,528.9548531533126,956.806613092928,-411.0224288860211,-16.829331053594274,81.90288562525281,19.655781013712947,66.58313598980189,13.761082996485165,False,-1.0600940504518142,SOUTHERN_BRITTANY
123,2001-07-28,395.9512030729044,927.6074893729864,-481.27862117115006,-50.37766512893171,81.90288562525281,19.655781013712947,66.58313598980189,13.761082996485165,False,-1.0600940504518142,SOUTHERN_BRITTANY
124,2001-08-04,311.1901869566797,897.1749465587696,-537.5933787103685,-48.3913808917215,81.90288562525281,19.655781013712947,66.58313598980189,13.761082996485165,False,-1.0600940504518142,SOUTHERN_BRITTANY
125,2001-08-12,289.05080275550256,865.6886930200627,-561.3812303318582,-15.25665993270195,81.90288562525281,19.655781013712947,66.58313598980189,13.761082996485165,False,-1.0600940504518142,SOUTHERN_BRITTANY
126,2001-08-20,263.8008996573512,833.3366450939942,-570.8740745909842,1.3383291543410678,81.90288562525281,19.655781013712947,66.58313598980189,13.761082996485165,False,-1.0600940504518142,SOUTHERN_BRITTANY
127,2001-08-28,253.19711480058743,800.3133715796552,-551.1900188458816,4.073762066813856,81.90288562525281,19.655781013712947,66.58313598980189,13.761082996485165,False,-1.0600940504518142,SOUTHERN_BRITTANY
128,2001-09-04,243.98436274984385,766.8182626425829,-544.8391516376232,22.005251744884163,81.90288562525281,19.655781013712947,66.58313598980189,13.761082996485165,False,-1.0600940504518142,SOUTHERN_BRITTANY
129,2001-09-12,253.19711480058743,733.0543886210849,-528.951787265597,49.09451344509955,81.90288562525281,19.655781013712947,66.58313598980189,13.761082996485165,False,-1.0600940504518142,SOUTHERN_BRITTANY
130,2001-09-20,288.07072387359904,699.2277818919085,-500.7574769803513,89.60041896204183,81.90288562525281,19.655781013712947,66.58313598980189,13.761082996485165,False,-1.0600940504518142,SOUTHERN_BRITTANY
131,2001-09-28,305.823920984992,665.5470260215716,-484.5687963577277,124.84569132114808,81.90288562525281,19.655781013712947,66.58313598980189,13.761082996485165,False,-1.0600940504518142,SOUTHERN_BRITTANY
132,2001-10-04,326.32235364065,632.223257182239,-450.7646733279616,144.8637697863726,81.90288562525281,19.655781013712947,66.58313598980189,13.761082996485165,False,-1.0600940504518142,SOUTHERN_BRITTANY
133,2001-10-12,379.9060995725215,599.4714366131352,-389.1061998037397,169.54086276312597,81.90288562525281,19.655781013712947,66.58313598980189,13.761082996485165,False,-1.0600940504518142,SOUTHERN_BRITTANY
134,2001-10-20,421.44283410701433,567.5103024107142,-323.08297376276823,177.01550545906838,81.90288562525281,19.655781013712947,66.58313598980189,13.761082996485165,False,-1.0600940504518142,SOUTHERN_BRITTANY
135,2001-10-28,432.7656627801703,536.5599906142143,-219.338503844465,115.544176010421,81.90288562525281,19.655781013712947,66.58313598980189,13.761082996485165,False,-1.0600940504518142,SOUTHERN_BRITTANY
136,2001-11-04,432.7656627801703,506.83646797087135,-179.91081782342553,105.84001263272444,81.90288562525281,19.655781013712947,66.58313598980189,13.761082996485165,False,-1.0600940504518142,SOUTHERN_BRITTANY
137,2001-11-12,400.15168664491296,478.55091104011257,95.89448614895944,-174.29371054415907,81.90288562525281,19.655781013712947,66.58313598980189,13.761082996485165,False,-1.0600940504518142,SOUTHERN_BRITTANY
138,2001-11-20,399.0355936153252,451.8994090968207,133.69640485812693,-186.56022033962245,81.90288562525281,19.655781013712947,66.58313598980189,13.761082996485165,False,-1.0600940504518142,SOUTHERN_BRITTANY
139,2001-11-28,400.15168664491296,427.06506418304633,380.488433075863,-407.4018106139964,81.90288562525281,19.655781013712947,66.58313598980189,13.761082996485165,False,-1.0600940504518142,SOUTHERN_BRITTANY
140,2001-12-04,519.5960325629602,404.202863995729,446.68471412154327,-331.29154555431205,81.90288562525281,19.655781013712947,66.58313598980189,13.761082996485165,False,-1.0600940504518142,SOUTHERN_BRITTANY
141,2001-12-12,519.5960325629602,383.449128998796,313.08450259797183,-176.93759903380766,81.90288562525281,19.655781013712947,66.58313598980189,13.761082996485165,False,-1.0600940504518142,SOUTHERN_BRITTANY
142,2001-12-20,470.4778448693639,364.90720921283264,220.7642332235852,-115.19359756705391,81.90288562525281,19.655781013712947,66.58313598980189,13.761082996485165,False,-1.0600940504518142,SOUTHERN_BRITTANY
143,2001-12-28,470.4778448693639,348.63891725783515,274.91770800954674,-153.078780398018,81.90288562525281,19.655781013712947,66.58313598980189,13.761082996485165,False,-1.0600940504518142,SOUTHERN_BRITTANY
144,2002-01-04,539.1018392755441,334.66835835002547,394.9673662866072,-190.53388536108852,81.90288562525281,19.655781013712947,66.58313598980189,13.761082996485165,False,-1.0600940504518142,SOUTHERN_BRITTANY
145,2002-01-12,552.5341425359892,322.99683485457115,383.3145862119705,-153.77727853055245,81.90288562525281,19.655781013712947,66.58313598980189,13.761082996485165,False,-1.0600940504518142,SOUTHERN_BRITTANY
146,2002-01-20,552.5341425359892,313.6264382976581,297.8719706111965,-58.96426637286544,81.90288562525281,19.655781013712947,66.58313598980189,13.761082996485165,False,-1.0600940504518142,SOUTHERN_BRITTANY
147,2002-01-28,602.1273899497282,306.5769598965531,332.5484707434149,-36.99804069023975,81.90288562525281,19.655781013712947,66.58313598980189,13.761082996485165,False,-1.0600940504518142,SOUTHERN_BRITTANY
148,2002-02-04,631.1093508597302,301.86784362386027,598.8461590848657,-269.6046518489958,81.90288562525281,19.655781013712947,66.58313598980189,13.761082996485165,False,-1.0600940504518142,SOUTHERN_BRITTANY
149,2002-02-12,695.3265652288153,299.478236460775,628.5916236488447,-232.7432948808044,81.90288562525281,19.655781013712947,66.58313598980189,13.761082996485165,False,-1.0600940504518142,SOUTHERN_BRITTANY
150,2002-02-20,966.309163792977,299.3433794480568,380.4413185316317,286.5244658132885,81.90288562525281,19.655781013712947,66.58313598980189,13.761082996485165,False,-1.0600940504518142,SOUTHERN_BRITTANY
151,2002-02-28,1236.1238473402943,301.3818974665701,479.162228604624,455.5797212691002,81.90288562525281,19.655781013712947,66.58313598980189,13.761082996485165,False,-1.0600940504518142,SOUTHERN_BRITTANY
152,2002-03-04,1236.1238473402943,305.502338526964,509.3783959700873,421.2431128432431,81.90288562525281,19.655781013712947,66.58313598980189,13.761082996485165,False,-1.0600940504518142,SOUTHERN_BRITTANY
153,2002-03-12,877.2499100026942,311.61847697384235,617.7323283060607,-52.100895277208906,81.90288562525281,19.655781013712947,66.58313598980189,13.761082996485165,False,-1.0600940504518142,SOUTHERN_BRITTANY
154,2002-03-20,814.5562465596344,319.6577427286341,516.7595510776468,-21.861047246646592,81.90288562525281,19.655781013712947,66.58313598980189,13.761082996485165,False,-1.0600940504518142,SOUTHERN_BRITTANY
155,2002-03-28,614.775896447111,329.56905361174506,377.06998518786753,-91.8631423525016,81.90288562525281,19.655781013712947,66.58313598980189,13.761082996485165,False,-1.0600940504518142,SOUTHERN_BRITTANY
156,2002-04-04,474.5827330804032,341.2962569678475,125.74832428127736,7.538151831278341,81.90288562525281,19.655781013712947,66.58313598980189,13.761082996485165,False,-1.0600940504518142,SOUTHERN_BRITTANY
157,2002-04-12,416.0324501847179,354.77036273489813,42.874143401285245,18.38794404853453,81.90288562525281,19.655781013712947,66.58313598980189,13.761082996485165,False,-1.0600940504518142,SOUTHERN_BRITTANY
158,2002-04-20,349.99339629118015,369.9042173002488,-6.959277304725156,-12.951543704343472,81.90288562525281,19.655781013712947,66.58313598980189,13.761082996485165,False,-1.0600940504518142,SOUTHERN_BRITTANY
159,2002-04-28,295.7038478464401,386.6029124055974,-15.887353099136192,-75.0117114600211,81.90288562525281,19.655781013712947,66.58313598980189,13.761082996485165,False,-1.0600940504518142,SOUTHERN_BRITTANY
160,2002-05-04,295.7038478464401,404.76697333799234,368.54371170943386,-477.6068372009861,81.90288562525281,19.655781013712947,66.58313598980189,13.761082996485165,False,-1.0600940504518142,SOUTHERN_BRITTANY
161,2002-05-12,320.7466352851362,424.294015429648,379.1058127032339,-482.6531928477456,81.90288562525281,19.655781013712947,66.58313598980189,13.761082996485165,False,-1.0600940504518142,SOUTHERN_BRITTANY
162,2002-05-20,380.7700755297822,445.0797278100025,42.904216005588296,-107.2138682858086,81.90288562525281,19.655781013712947,66.58313598980189,13.761082996485165,False,-1.0600940504518142,SOUTHERN_BRITTANY
163,2002-05-28,380.7700755297822,466.9873774961566,-117.82263854950556,31.60533658313116,81.90288562525281,19.655781013712947,66.58313598980189,13.761082996485165,False,-1.0600940504518142,SOUTHERN_BRITTANY
164,2002-06-04,503.0148228116005,489.8383222679511,-145.10833085956455,158.28483140321393,81.90288562525281,19.655781013712947,66.58313598980189,13.761082996485165,False,-1.0600940504518142,SOUTHERN_BRITTANY
165,2002-06-12,503.0148228116005,513.4308332737883,-200.72980640159275,190.31379593940497,81.90288562525281,19.655781013712947,66.58313598980189,13.761082996485165,False,-1.0600940504518142,SOUTHERN_BRITTANY
166,2002-06-20,300.13872436951846,537.5489335824024,-331.7703957543736,94.36018654148968,81.90288562525281,19.655781013712947,66.58313598980189,13.761082996485165,False,-1.0600940504518142,SOUTHERN_BRITTANY
167,2002-06-28,222.57813241309017,561.9708761627356,-407.4586214724942,68.06587772284877,81.90288562525281,19.655781013712947,66.58313598980189,13.761082996485165,False,-1.0600940504518142,SOUTHERN_BRITTANY
168,2002-07-04,215.625982523479,586.4747837701769,-422.97082133544086,52.12202008874294,81.90288562525281,19.655781013712947,66.58313598980189,13.761082996485165,False,-1.0600940504518142,SOUTHERN_BRITTANY
169,2002-07-12,211.3309157304172,610.840779444168,-407.4354970497336,7.925633335982752,81.90288562525281,19.655781013712947,66.58313598980189,13.761082996485165,False,-1.0600940504518142,SOUTHERN_BRITTANY
170,2002-07-20,209.4814465284897,634.854656700301,-425.3671986145993,-0.0060115572119912,81.90288562525281,19.655781013712947,66.58313598980189,13.761082996485165,False,-1.0600940504518142,SOUTHERN_BRITTANY
171,2002-07-28,178.26183060191323,658.3112498086316,-491.7140686070628,11.664649400344388,81.90288562525281,19.655781013712947,66.58313598980189,13.761082996485165,False,-1.0600940504518142,SOUTHERN_BRITTANY
172,2002-08-04,178.26183060191323,681.0137406941116,-532.0712582748774,29.319348182679107,81.90288562525281,19.655781013712947,66.58313598980189,13.761082996485165,False,-1.0600940504518142,SOUTHERN_BRITTANY
173,2002-08-12,180.01281223641658,702.775731826782,-552.2751497314373,29.51223014107188,81.90288562525281,19.655781013712947,66.58313598980189,13.761082996485165,False,-1.0600940504518142,SOUTHERN_BRITTANY
174,2002-08-20,190.7663552222465,723.42647467177,-560.5648989152463,27.904779465722758,81.90288562525281,19.655781013712947,66.58313598980189,13.761082996485165,False,-1.0600940504518142,SOUTHERN_BRITTANY
175,2002-08-28,274.450775121159,742.814231500904,-522.7210726159645,54.357616236219485,81.90288562525281,19.655781013712947,66.58313598980189,13.761082996485165,False,-1.0600940504518142,SOUTHERN_BRITTANY
176,2002-09-04,300.7116083196309,760.8074926752117,-510.7914281827645,50.69554382718371,81.90288562525281,19.655781013712947,66.58313598980189,13.761082996485165,False,-1.0600940504518142,SOUTHERN_BRITTANY
177,2002-09-12,306.4969993925884,777.2952664129597,-501.6286203919437,30.83035337157241,81.90288562525281,19.655781013712947,66.58313598980189,13.761082996485165,False,-1.0600940504518142,SOUTHERN_BRITTANY
178,2002-09-20,306.4969993925884,792.1874643613764,-488.1241873040042,2.433722335216146,81.90288562525281,19.655781013712947,66.58313598980189,13.761082996485165,False,-1.0600940504518142,SOUTHERN_BRITTANY
179,2002-09-28,261.4577504574684,805.4152731055661,-500.04885558382347,-43.90866706427431,81.90288562525281,19.655781013712947,66.58313598980189,13.761082996485165,False,-1.0600940504518142,SOUTHERN_BRITTANY
180,2002-10-04,232.74482160444597,816.9298971038778,-503.6764599090263,-80.50861559040555,81.90288562525281,19.655781013712947,66.58313598980189,13.761082996485165,False,-1.0600940504518142,SOUTHERN_BRITTANY
181,2002-10-12,232.74482160444597,826.7005920918089,-482.5132708687519,-111.442499618611,81.90288562525281,19.655781013712947,66.58313598980189,13.761082996485165,False,-1.0600940504518142,SOUTHERN_BRITTANY
182,2002-10-20,262.6223402408657,834.7123305158392,-452.40792443510776,-119.68206583986564,81.90288562525281,19.655781013712947,66.58313598980189,13.761082996485165,False,-1.0600940504518142,SOUTHERN_BRITTANY
183,2002-10-28,460.88232079351394,840.9636161435449,-338.11690978680565,-41.96438556322528,81.90288562525281,19.655781013712947,66.58313598980189,13.761082996485165,False,-1.0600940504518142,SOUTHERN_BRITTANY
184,2002-11-04,471.0129273766853,845.4637208125482,-299.47245339076164,-74.97834004510133,81.90288562525281,19.655781013712947,66.58313598980189,13.761082996485165,False,-1.0600940504518142,SOUTHERN_BRITTANY
185,2002-11-12,1093.4809958021558,848.2304038765661,13.850747407897735,231.39984451769195,81.90288562525281,19.655781013712947,66.58313598980189,13.761082996485165,False,-1.0600940504518142,SOUTHERN_BRITTANY
186,2002-11-20,1115.8320693989472,849.2926305130741,33.76813169212458,232.77130719374853,81.90288562525281,19.655781013712947,66.58313598980189,13.761082996485165,False,-1.0600940504518142,SOUTHERN_BRITTANY
187,2002-11-28,1545.7989628954708,848.6820883563748,270.032816339759,427.084058199337,81.90288562525281,19.655781013712947,66.58313598980189,13.761082996485165,False,-1.0600940504518142,SOUTHERN_BRITTANY
188,2002-12-04,1545.7989628954708,846.4429557732199,541.7976805617103,157.55832656054065,81.90288562525281,19.655781013712947,66.58313598980189,13.761082996485165,False,-1.0600940504518142,SOUTHERN_BRITTANY
189,2002-12-12,1496.306930392038,842.6125591018929,522.226662143981,131.467709146164,81.90288562525281,19.655781013712947,66.58313598980189,13.761082996485165,False,-1.0600940504518142,SOUTHERN_BRITTANY
190,2002-12-20,1496.306930392038,837.2359577193737,445.02831342123983,214.0426592514244,81.90288562525281,19.655781013712947,66.58313598980189,13.761082996485165,False,-1.0600940504518142,SOUTHERN_BRITTANY
191,2002-12-28,1695.8418922684248,830.3743559475148,511.3714581033364,354.0960782175736,81.90288562525281,19.655781013712947,66.58313598980189,13.761082996485165,False,-1.0600940504518142,SOUTHERN_BRITTANY
192,2003-01-04,1695.8418922684248,822.1078619803467,571.0726057639384,302.66142452413965,81.90288562525281,19.655781013712947,66.58313598980189,13.761082996485165,False,-1.0600940504518142,SOUTHERN_BRITTANY
193,2003-01-12,1608.3756915620668,812.5286149367553,719.1513064212659,76.69577020404563,81.90288562525281,19.655781013712947,66.58313598980189,13.761082996485165,False,-1.0600940504518142,SOUTHERN_BRITTANY
194,2003-01-20,1252.188629055928,801.7272897063157,929.2730549193049,-478.8117155696924,81.90288562525281,19.655781013712947,66.58313598980189,13.761082996485165,False,-1.0600940504518142,SOUTHERN_BRITTANY
195,2003-01-28,1252.188629055928,789.7704419927134,947.1876806781464,-484.7694936149318,81.90288562525281,19.655781013712947,66.58313598980189,13.761082996485165,False,-1.0600940504518142,SOUTHERN_BRITTANY
196,2003-02-04,2251.7178540262657,776.7162514847608,1098.4433775879563,376.5582249535482,81.90288562525281,19.655781013712947,66.58313598980189,13.761082996485165,False,-1.0600940504518142,SOUTHERN_BRITTANY
197,2003-02-12,2251.7178540262657,762.6555495434625,928.638276310435,560.4240281723683,81.90288562525281,19.655781013712947,66.58313598980189,13.761082996485165,False,-1.0600940504518142,SOUTHERN_BRITTANY
198,2003-02-20,1157.309136746754,747.7209056825316,452.575066667917,-42.98683560369472,81.90288562525281,19.655781013712947,66.58313598980189,13.761082996485165,False,-1.0600940504518142,SOUTHERN_BRITTANY
199,2003-02-28,1013.851522129958,732.0805666570616,412.6289413649866,-130.8579858920903,81.90288562525281,19.655781013712947,66.58313598980189,13.761082996485165,False,-1.0600940504518142,SOUTHERN_BRITTANY
200,2003-03-04,994.7349318480042,715.9384000499438,431.5023745715615,-152.70584277350105,81.90288562525281,19.655781013712947,66.58313598980189,13.761082996485165,False,-1.0600940504518142,SOUTHERN_BRITTANY
201,2003-03-12,994.7349318480042,699.5048534187781,346.83196827291926,-51.60188984369319,81.90288562525281,19.655781013712947,66.58313598980189,13.761082996485165,False,-1.0600940504518142,SOUTHERN_BRITTANY
202,2003-03-20,688.6049011704013,682.9823249667063,183.3461670792296,-177.72359087553463,81.90288562525281,19.655781013712947,66.58313598980189,13.761082996485165,False,-1.0600940504518142,SOUTHERN_BRITTANY
203,2003-03-28,535.5151869910384,666.5547132141401,27.7837075369036,-158.82323376000528,81.90288562525281,19.655781013712947,66.58313598980189,13.761082996485165,False,-1.0600940504518142,SOUTHERN_BRITTANY
204,2003-04-04,450.3517951859478,650.4038884949576,-62.02855522638852,-138.02353808262131,81.90288562525281,19.655781013712947,66.58313598980189,13.761082996485165,False,-1.0600940504518142,SOUTHERN_BRITTANY
205,2003-04-12,393.8797954818273,634.7054299292538,-106.33203559298626,-134.49359885444022,81.90288562525281,19.655781013712947,66.58313598980189,13.761082996485165,False,-1.0600940504518142,SOUTHERN_BRITTANY
206,2003-04-20,328.516459716115,619.6282716890341,-157.58743886231628,-133.52437311060288,81.90288562525281,19.655781013712947,66.58313598980189,13.761082996485165,False,-1.0600940504518142,SOUTHERN_BRITTANY
207,2003-04-28,328.516459716115,605.3317977494303,-166.58577319363798,-110.22956483967732,81.90288562525281,19.655781013712947,66.58313598980189,13.761082996485165,False,-1.0600940504518142,SOUTHERN_BRITTANY
208,2003-05-04,526.5953849206089,591.9601656875354,-23.717962401575583,-41.64681836535093,81.90288562525281,19.655781013712947,66.58313598980189,13.761082996485165,False,-1.0600940504518142,SOUTHERN_BRITTANY
209,2003-05-12,526.5953849206089,579.6336477973746,-14.666163157813855,-38.3720997189518,81.90288562525281,19.655781013712947,66.58313598980189,13.761082996485165,False,-1.0600940504518142,SOUTHERN_BRITTANY
210,2003-05-20,332.3184203744205,568.4463943386995,-188.31996541923297,-47.80800854504605,81.90288562525281,19.655781013712947,66.58313598980189,13.761082996485165,False,-1.0600940504518142,SOUTHERN_BRITTANY
211,2003-05-28,299.1016877158065,558.4899824222692,-232.480978349235,-26.907316357227728,81.90288562525281,19.655781013712947,66.58313598980189,13.761082996485165,False,-1.0600940504518142,SOUTHERN_BRITTANY
212,2003-06-04,296.0682513120049,549.8607223873238,-212.77461475365496,-41.01785632166391,81.90288562525281,19.655781013712947,66.58313598980189,13.761082996485165,False,-1.0600940504518142,SOUTHERN_BRITTANY
213,2003-06-12,252.51697167544103,542.6473923931737,-254.05292163800777,-36.07749907972493,81.90288562525281,19.655781013712947,66.58313598980189,13.761082996485165,False,-1.0600940504518142,SOUTHERN_BRITTANY
214,2003-06-20,186.2570295893837,536.926591534002,-347.8098671266324,-2.8596948179858828,81.90288562525281,19.655781013712947,66.58313598980189,13.761082996485165,False,-1.0600940504518142,SOUTHERN_BRITTANY
215,2003-06-28,183.8188675587336,532.7562513304372,-370.52365000393615,21.58626623223256,81.90288562525281,19.655781013712947,66.58313598980189,13.761082996485165,False,-1.0600940504518142,SOUTHERN_BRITTANY
216,2003-07-04,173.0470289884505,530.1718202722296,-383.53576665613866,26.41097537235953,81.90288562525281,19.655781013712947,66.58313598980189,13.761082996485165,False,-1.0600940504518142,SOUTHERN_BRITTANY
217,2003-07-12,146.55791612069143,529.1885606044492,-399.5949468829368,16.96430239917902,81.90288562525281,19.655781013712947,66.58313598980189,13.761082996485165,False,-1.0600940504518142,SOUTHERN_BRITTANY
218,2003-07-20,137.80905992336557,529.80124967356,-409.94694619582737,17.95475644563288,81.90288562525281,19.655781013712947,66.58313598980189,13.761082996485165,False,-1.0600940504518142,SOUTHERN_BRITTANY
219,2003-07-28,137.80739660435233,531.9839339567969,-432.4774908414965,38.30095348905189,81.90288562525281,19.655781013712947,66.58313598980189,13.761082996485165,False,-1.0600940504518142,SOUTHERN_BRITTANY
220,2003-08-04,124.42088039998782,535.6922413965467,-444.9292641233372,33.65790312677831,81.90288562525281,19.655781013712947,66.58313598980189,13.761082996485165,False,-1.0600940504518142,SOUTHERN_BRITTANY
221,2003-08-12,111.03408925105234,540.8643016099501,-431.2411669846591,1.4109546257614056,81.90288562525281,19.655781013712947,66.58313598980189,13.761082996485165,False,-1.0600940504518142,SOUTHERN_BRITTANY
222,2003-08-20,111.03408925105234,547.4196723524589,-409.1747085510358,-27.210874550370704,81.90288562525281,19.655781013712947,66.58313598980189,13.761082996485165,False,-1.0600940504518142,SOUTHERN_BRITTANY
223,2003-08-28,118.05582162942711,555.2587175515405,-387.6009700733327,-49.601925848780695,81.90288562525281,19.655781013712947,66.58313598980189,13.761082996485165,False,-1.0600940504518142,SOUTHERN_BRITTANY
224,2003-09-04,126.71838435121003,564.264471776725,-392.6614649920707,-44.88462243344429,81.90288562525281,19.655781013712947,66.58313598980189,13.761082996485165,False,-1.0600940504518142,SOUTHERN_BRITTANY
225,2003-09-12,136.259176453281,574.3057244018692,-407.86566074531794,-30.18088720327023,81.90288562525281,19.655781013712947,66.58313598980189,13.761082996485165,False,-1.0600940504518142,SOUTHERN_BRITTANY
226,2003-09-20,136.259176453281,585.2389147112182,-413.97494779686406,-35.00479046107313,81.90288562525281,19.655781013712947,66.58313598980189,13.761082996485165,False,-1.0600940504518142,SOUTHERN_BRITTANY
227,2003-09-28,136.259176453281,596.9091880277676,-441.0595134519089,-19.590498122577745,81.90288562525281,19.655781013712947,66.58313598980189,13.761082996485165,False,-1.0600940504518142,SOUTHERN_BRITTANY
228,2003-10-04,137.91651379266617,609.152882654769,-456.0729323429267,-15.163436519176116,81.90288562525281,19.655781013712947,66.58313598980189,13.761082996485165,False,-1.0600940504518142,SOUTHERN_BRITTANY
229,2003-10-12,154.42544725303088,621.8000416289036,-448.6436642236752,-18.73093015219752,81.90288562525281,19.655781013712947,66.58313598980189,13.761082996485165,False,-1.0600940504518142,SOUTHERN_BRITTANY
230,2003-10-20,158.4964137697648,634.6780905834274,-441.0769508851211,-35.10472592854154,81.90288562525281,19.655781013712947,66.58313598980189,13.761082996485165,False,-1.0600940504518142,SOUTHERN_BRITTANY
231,2003-10-28,190.71849688743075,647.6160639206222,-385.3339010143013,-71.5636660188901,81.90288562525281,19.655781013712947,66.58313598980189,13.761082996485165,False,-1.0600940504518142,SOUTHERN_BRITTANY
232,2003-11-04,295.98285719044577,660.4504148548097,-225.67855020126956,-138.78900746309435,81.90288562525281,19.655781013712947,66.58313598980189,13.761082996485165,False,-1.0600940504518142,SOUTHERN_BRITTANY
233,2003-11-12,295.98285719044577,673.0234805793989,-78.82472229337893,-298.21590109557417,81.90288562525281,19.655781013712947,66.58313598980189,13.761082996485165,False,-1.0600940504518142,SOUTHERN_BRITTANY
234,2003-11-20,295.98285719044577,685.1885267589113,-140.68976364582508,-248.51590592264043,81.90288562525281,19.655781013712947,66.58313598980189,13.761082996485165,False,-1.0600940504518142,SOUTHERN_BRITTANY
235,2003-11-28,353.65584076761274,696.8222658207535,-15.227733465549724,-327.93869158759105,81.90288562525281,19.655781013712947,66.58313598980189,13.761082996485165,False,-1.0600940504518142,SOUTHERN_BRITTANY
236,2003-12-04,1299.8749249092846,707.8164577751478,436.1403692293541,155.91809790478266,81.90288562525281,19.655781013712947,66.58313598980189,13.761082996485165,False,-1.0600940504518142,SOUTHERN_BRITTANY
237,2003-12-12,1299.8749249092846,718.0883096631715,440.3845856202958,141.4020296258173,81.90288562525281,19.655781013712947,66.58313598980189,13.761082996485165,False,-1.0600940504518142,SOUTHERN_BRITTANY
238,2003-12-20,1019.7857142857144,727.566153738855,318.597532181012,-26.377971634152573,81.90288562525281,19.655781013712947,66.58313598980189,13.761082996485165,False,-1.0600940504518142,SOUTHERN_BRITTANY
239,2003-12-28,867.575,736.1923683878144,363.31640088135583,-231.93376926917023,81.90288562525281,19.655781013712947,66.58313598980189,13.761082996485165,False,-1.0600940504518142,SOUTHERN_BRITTANY
240,2004-01-04,1019.7857142857144,743.9172868487601,438.0112215592351,-162.14279412228086,81.90288562525281,19.655781013712947,66.58313598980189,13.761082996485165,False,-1.0600940504518142,SOUTHERN_BRITTANY
241,2004-01-12,1752.825,750.6994402644629,751.9039764908528,250.22158324468444,81.90288562525281,19.655781013712947,66.58313598980189,13.761082996485165,False,-1.0600940504518142,SOUTHERN_BRITTANY
242,2004-01-20,3282.552931521907,756.5054616544185,1427.1788303584792,1098.8686395090092,81.90288562525281,19.655781013712947,66.58313598980189,13.761082996485165,False,-1.0600940504518142,SOUTHERN_BRITTANY
243,2004-01-28,3282.552931521907,761.3181103956864,1486.8001128754854,1034.4347082507352,81.90288562525281,19.655781013712947,66.58313598980189,13.761082996485165,False,-1.0600940504518142,SOUTHERN_BRITTANY
244,2004-02-04,1839.3877538978163,765.1310457945991,1015.2698686636204,58.98683943959702,81.90288562525281,19.655781013712947,66.58313598980189,13.761082996485165,False,-1.0600940504518142,SOUTHERN_BRITTANY
245,2004-02-12,1077.0260970687764,767.9568050041589,634.4304496861029,-325.3611576214854,81.90288562525281,19.655781013712947,66.58313598980189,13.761082996485165,False,-1.0600940504518142,SOUTHERN_BRITTANY
246,2004-02-20,1073.16,769.8278817715377,354.3720231306184,-51.03990490215602,81.90288562525281,19.655781013712947,66.58313598980189,13.761082996485165,False,-1.0600940504518142,SOUTHERN_BRITTANY
247,2004-02-28,913.04875,770.771823550404,239.22881567312103,-96.95188922352494,81.90288562525281,19.655781013712947,66.58313598980189,13.761082996485165,False,-1.0600940504518142,SOUTHERN_BRITTANY
248,2004-03-04,1007.9125,770.7965515653402,228.96162844313855,8.15431999152122,81.90288562525281,19.655781013712947,66.58313598980189,13.761082996485165,False,-1.0600940504518142,SOUTHERN_BRITTANY
249,2004-03-12,1007.9125,769.9176262770885,231.2261577687863,6.768715954125241,81.90288562525281,19.655781013712947,66.58313598980189,13.761082996485165,False,-1.0600940504518142,SOUTHERN_BRITTANY
250,2004-03-20,1007.9125,768.1591734534751,162.33719149308786,77.41613505343707,81.90288562525281,19.655781013712947,66.58313598980189,13.761082996485165,False,-1.0600940504518142,SOUTHERN_BRITTANY
251,2004-03-28,870.7914285714286,765.5520604143496,101.41673709474324,3.8226310623357302,81.90288562525281,19.655781013712947,66.58313598980189,13.761082996485165,False,-1.0600940504518142,SOUTHERN_BRITTANY
252,2004-04-04,802.16,762.1241637647927,48.92203976576971,-8.886203530562426,81.90288562525281,19.655781013712947,66.58313598980189,13.761082996485165,False,-1.0600940504518142,SOUTHERN_BRITTANY
253,2004-04-12,777.73125,757.9053772800016,25.80624733258251,-5.980374612584097,81.90288562525281,19.655781013712947,66.58313598980189,13.761082996485165,False,-1.0600940504518142,SOUTHERN_BRITTANY
254,2004-04-20,751.73625,752.9280387246896,127.67118117711946,-128.86296990180904,81.90288562525281,19.655781013712947,66.58313598980189,13.761082996485165,False,-1.0600940504518142,SOUTHERN_BRITTANY
255,2004-04-28,751.73625,747.2150076355462,131.71852660421865,-127.19728423976476,81.90288562525281,19.655781013712947,66.58313598980189,13.761082996485165,False,-1.0600940504518142,SOUTHERN_BRITTANY
256,2004-05-04,914.4725,740.7819832088763,147.04198972006404,26.64852707105959,81.90288562525281,19.655781013712947,66.58313598980189,13.761082996485165,False,-1.0600940504518142,SOUTHERN_BRITTANY
257,2004-05-12,914.4725,733.6518256952213,64.43417469805709,116.38649960672156,81.90288562525281,19.655781013712947,66.58313598980189,13.761082996485165,False,-1.0600940504518142,SOUTHERN_BRITTANY
258,2004-05-20,530.1372261177683,725.8621213501318,-199.2312758303656,3.506380598002039,81.90288562525281,19.655781013712947,66.58313598980189,13.761082996485165,False,-1.0600940504518142,SOUTHERN_BRITTANY
259,2004-05-28,396.6553509911776,717.4605209278466,-275.1612882222466,-45.64388171442238,81.90288562525281,19.655781013712947,66.58313598980189,13.761082996485165,False,-1.0600940504518142,SOUTHERN_BRITTANY
260,2004-06-04,341.66375,708.5028730679277,-323.7287135662517,-43.11040950167597,81.90288562525281,19.655781013712947,66.58313598980189,13.761082996485165,False,-1.0600940504518142,SOUTHERN_BRITTANY
261,2004-06-12,257.10175,699.0539241094272,-378.57032859377335,-63.38184551565382,81.90288562525281,19.655781013712947,66.58313598980189,13.761082996485165,False,-1.0600940504518142,SOUTHERN_BRITTANY
262,2004-06-20,212.59875,689.1856759067022,-408.4577928036419,-68.12913310306027,81.90288562525281,19.655781013712947,66.58313598980189,13.761082996485165,False,-1.0600940504518142,SOUTHERN_BRITTANY
263,2004-06-28,199.064,678.9772031479072,-411.4885580278569,-68.42464512005029,81.90288562525281,19.655781013712947,66.58313598980189,13.761082996485165,False,-1.0600940504518142,SOUTHERN_BRITTANY
264,2004-07-04,172.563125,668.5143905493794,-417.0439324032416,-78.90733314613783,81.90288562525281,19.655781013712947,66.58313598980189,13.761082996485165,False,-1.0600940504518142,SOUTHERN_BRITTANY
265,2004-07-12,172.563125,657.8875362086484,-413.2494727947243,-72.07493841392409,81.90288562525281,19.655781013712947,66.58313598980189,13.761082996485165,False,-1.0600940504518142,SOUTHERN_BRITTANY
266,2004-07-20,186.0765,647.1892242510661,-398.9729268509611,-62.13979740010501,81.90288562525281,19.655781013712947,66.58313598980189,13.761082996485165,False,-1.0600940504518142,SOUTHERN_BRITTANY
267,2004-07-28,186.0765,636.5130514560959,-379.9830549825408,-70.4534964735551,81.90288562525281,19.655781013712947,66.58313598980189,13.761082996485165,False,-1.0600940504518142,SOUTHERN_BRITTANY
268,2004-08-04,199.76614285714285,625.952515779666,-359.47342436767013,-66.71294855485297,81.90288562525281,19.655781013712947,66.58313598980189,13.761082996485165,False,-1.0600940504518142,SOUTHERN_BRITTANY
269,2004-08-12,283.3825,615.5994083384952,-312.20517075734887,-20.01173758114635,81.90288562525281,19.655781013712947,66.58313598980189,13.761082996485165,False,-1.0600940504518142,SOUTHERN_BRITTANY
270,2004-08-20,365.79625,605.5417711484803,-263.5468391322303,23.801317983749986,81.90288562525281,19.655781013712947,66.58313598980189,13.761082996485165,False,-1.0600940504518142,SOUTHERN_BRITTANY
271,2004-08-28,365.79625,595.8619129695304,-261.3480813654306,31.28241839590015,81.90288562525281,19.655781013712947,66.58313598980189,13.761082996485165,False,-1.0600940504518142,SOUTHERN_BRITTANY
272,2004-09-04,310.345625,586.6349482346325,-285.02407176332736,8.734748528694865,81.90288562525281,19.655781013712947,66.58313598980189,13.761082996485165,False,-1.0600940504518142,SOUTHERN_BRITTANY
273,2004-09-12,236.5225,577.9268556590866,-314.9548768998945,-26.44947875919212,81.90288562525281,19.655781013712947,66.58313598980189,13.761082996485165,False,-1.0600940504518142,SOUTHERN_BRITTANY
274,2004-09-20,232.362875,569.7927454787899,-318.6948073336061,-18.735063145183744,81.90288562525281,19.655781013712947,66.58313598980189,13.761082996485165,False,-1.0600940504518142,SOUTHERN_BRITTANY
275,2004-09-28,197.848,562.276641908212,-340.37301259467034,-24.055629313541715,81.90288562525281,19.655781013712947,66.58313598980189,13.761082996485165,False,-1.0600940504518142,SOUTHERN_BRITTANY
276,2004-10-04,197.848,555.4099456746876,-347.60287574791465,-9.959069926772996,81.90288562525281,19.655781013712947,66.58313598980189,13.761082996485165,False,-1.0600940504518142,SOUTHERN_BRITTANY
277,2004-10-12,231.75,549.2123969707322,-333.4559450040737,15.993548033341485,81.90288562525281,19.655781013712947,66.58313598980189,13.761082996485165,False,-1.0600940504518142,SOUTHERN_BRITTANY
278,2004-10-20,268.30285714285714,543.690725326345,-321.61083368613663,46.22296550264872,81.90288562525281,19.655781013712947,66.58313598980189,13.761082996485165,False,-1.0600940504518142,SOUTHERN_BRITTANY
279,2004-10-28,279.36,538.8376319898216,-314.4335079923695,54.95587600254794,81.90288562525281,19.655781013712947,66.58313598980189,13.761082996485165,False,-1.0600940504518142,SOUTHERN_BRITTANY
280,2004-11-04,742.58875,534.6306976152467,-60.04132625685055,267.9993786416038,81.90288562525281,19.655781013712947,66.58313598980189,13.761082996485165,False,-1.0600940504518142,SOUTHERN_BRITTANY
281,2004-11-12,742.58875,531.0365295290536,-44.13622045925859,255.688440930205,81.90288562525281,19.655781013712947,66.58313598980189,13.761082996485165,False,-1.0600940504518142,SOUTHERN_BRITTANY
282,2004-11-20,498.895,528.0102299982292,-167.85379461183575,138.73856461360654,81.90288562525281,19.655781013712947,66.58313598980189,13.761082996485165,False,-1.0600940504518142,SOUTHERN_BRITTANY
283,2004-11-28,474.86,525.4973186730275,-167.8146338807411,117.1773152077136,81.90288562525281,19.655781013712947,66.58313598980189,13.761082996485165,False,-1.0600940504518142,SOUTHERN_BRITTANY
284,2004-12-04,401.13125,523.4468654040942,46.42703090327745,-168.7426463073716,81.90288562525281,19.655781013712947,66.58313598980189,13.761082996485165,False,-1.0600940504518142,SOUTHERN_BRITTANY
285,2004-12-12,474.86,521.8119692395229,80.67395710971958,-127.62592634924248,81.90288562525281,19.655781013712947,66.58313598980189,13.761082996485165,False,-1.0600940504518142,SOUTHERN_BRITTANY
286,2004-12-20,554.4225,520.5590698905493,43.59850819485745,-9.735078085406704,81.90288562525281,19.655781013712947,66.58313598980189,13.761082996485165,False,-1.0600940504518142,SOUTHERN_BRITTANY
287,2004-12-28,845.4223388631664,519.6497955568285,148.0500582503952,177.72248505594266,81.90288562525281,19.655781013712947,66.58313598980189,13.761082996485165,False,-1.0600940504518142,SOUTHERN_BRITTANY
288,2005-01-04,845.4223388631664,519.0446644812698,229.16549384784852,97.212180534048,81.90288562525281,19.655781013712947,66.58313598980189,13.761082996485165,False,-1.0600940504518142,SOUTHERN_BRITTANY
289,2005-01-12,726.2608909575687,518.7086236900852,349.7226436530293,-142.17037638554586,81.90288562525281,19.655781013712947,66.58313598980189,13.761082996485165,False,-1.0600940504518142,SOUTHERN_BRITTANY
290,2005-01-20,726.2608909575687,518.6249834391408,726.9136871627865,-519.2777796443586,81.90288562525281,19.655781013712947,66.58313598980189,13.761082996485165,False,-1.0600940504518142,SOUTHERN_BRITTANY
291,2005-01-28,965.30375,518.7998749438148,839.235526668456,-392.7316516122708,81.90288562525281,19.655781013712947,66.58313598980189,13.761082996485165,False,-1.0600940504518142,SOUTHERN_BRITTANY
292,2005-02-04,965.30375,519.2515265689583,473.0338820098453,-26.981658578803547,81.90288562525281,19.655781013712947,66.58313598980189,13.761082996485165,False,-1.0600940504518142,SOUTHERN_BRITTANY
293,2005-02-12,965.30375,519.9707409757345,280.21464046666307,165.11836855760242,81.90288562525281,19.655781013712947,66.58313598980189,13.761082996485165,False,-1.0600940504518142,SOUTHERN_BRITTANY
294,2005-02-20,945.7825,520.9125862185446,445.97308141621335,-21.10316763475788,81.90288562525281,19.655781013712947,66.58313598980189,13.761082996485165,False,-1.0600940504518142,SOUTHERN_BRITTANY
295,2005-02-28,945.7825,522.0143397067122,432.437335977739,-8.669175684451204,81.90288562525281,19.655781013712947,66.58313598980189,13.761082996485165,False,-1.0600940504518142,SOUTHERN_BRITTANY
296,2005-03-04,727.82625,523.2136950423728,418.4109944706564,-213.7984395130292,81.90288562525281,19.655781013712947,66.58313598980189,13.761082996485165,False,-1.0600940504518142,SOUTHERN_BRITTANY
297,2005-03-12,727.82625,524.4398095366848,416.8141925922515,-213.4277521289364,81.90288562525281,19.655781013712947,66.58313598980189,13.761082996485165,False,-1.0600940504518142,SOUTHERN_BRITTANY
298,2005-03-20,747.49375,525.6203634338698,401.87298506575394,-179.99959849962374,81.90288562525281,19.655781013712947,66.58313598980189,13.761082996485165,False,-1.0600940504518142,SOUTHERN_BRITTANY
299,2005-03-28,919.29375,526.6764448858485,451.5944465103263,-58.97714139617472,81.90288562525281,19.655781013712947,66.58313598980189,13.761082996485165,False,-1.0600940504518142,SOUTHERN_BRITTANY
300,2005-04-04,919.29375,527.527554399719,432.3632763529239,-40.5970807526428,81.90288562525281,19.655781013712947,66.58313598980189,13.761082996485165,False,-1.0600940504518142,SOUTHERN_BRITTANY
301,2005-04-12,919.29375,528.0919410659825,423.1282712479101,-31.9264623138925,81.90288562525281,19.655781013712947,66.58313598980189,13.761082996485165,False,-1.0600940504518142,SOUTHERN_BRITTANY
302,2005-04-20,1430.74625,528.2897838120203,572.4712566918536,329.985209496126,81.90288562525281,19.655781013712947,66.58313598980189,13.761082996485165,False,-1.0600940504518142,SOUTHERN_BRITTANY
303,2005-04-28,1430.74625,528.0567735980466,478.3020912257677,424.3873851761857,81.90288562525281,19.655781013712947,66.58313598980189,13.761082996485165,False,-1.0600940504518142,SOUTHERN_BRITTANY
304,2005-05-04,953.14375,527.34844476714,237.54473183412856,188.25057339873135,81.90288562525281,19.655781013712947,66.58313598980189,13.761082996485165,False,-1.0600940504518142,SOUTHERN_BRITTANY
305,2005-05-12,604.735,526.1419470040628,66.89239003474103,11.7006629611962,81.90288562525281,19.655781013712947,66.58313598980189,13.761082996485165,False,-1.0600940504518142,SOUTHERN_BRITTANY
306,2005-05-20,486.0575,524.43241278666,-85.6191252999351,47.24421251327506,81.90288562525281,19.655781013712947,66.58313598980189,13.761082996485165,False,-1.0600940504518142,SOUTHERN_BRITTANY
307,2005-05-28,447.1631428571428,522.2257867781536,-153.9265383003674,78.8638943793566,81.90288562525281,19.655781013712947,66.58313598980189,13.761082996485165,False,-1.0600940504518142,SOUTHERN_BRITTANY
308,2005-06-04,315.190875,519.5342273878413,-267.10955183157023,62.766199443728965,81.90288562525281,19.655781013712947,66.58313598980189,13.761082996485165,False,-1.0600940504518142,SOUTHERN_BRITTANY
309,2005-06-12,249.150625,516.379217777268,-335.5198089700788,68.2912161928108,81.90288562525281,19.655781013712947,66.58313598980189,13.761082996485165,False,-1.0600940504518142,SOUTHERN_BRITTANY
310,2005-06-20,230.53475,512.7928190070661,-355.2391372469122,72.98106823984614,81.90288562525281,19.655781013712947,66.58313598980189,13.761082996485165,False,-1.0600940504518142,SOUTHERN_BRITTANY
311,2005-06-28,200.045625,508.815189309404,-369.20645154005547,60.43688723065145,81.90288562525281,19.655781013712947,66.58313598980189,13.761082996485165,False,-1.0600940504518142,SOUTHERN_BRITTANY
312,2005-07-04,197.12583333333336,504.4928722988787,-370.6166868937661,63.24964792822078,81.90288562525281,19.655781013712947,66.58313598980189,13.761082996485165,False,-1.0600940504518142,SOUTHERN_BRITTANY
313,2005-07-12,187.405125,499.877314735886,-369.4627366475332,56.99054691164719,81.90288562525281,19.655781013712947,66.58313598980189,13.761082996485165,False,-1.0600940504518142,SOUTHERN_BRITTANY
314,2005-07-20,155.45225,495.02257714063416,-378.6756521208733,39.105324980239175,81.90288562525281,19.655781013712947,66.58313598980189,13.761082996485165,False,-1.0600940504518142,SOUTHERN_BRITTANY
315,2005-07-28,151.67374999999998,489.98561486695854,-364.7054811995995,26.39361633264093,81.90288562525281,19.655781013712947,66.58313598980189,13.761082996485165,False,-1.0600940504518142,SOUTHERN_BRITTANY
316,2005-08-04,148.004,484.8252643201006,-349.33100288275995,12.50973856265938,81.90288562525281,19.655781013712947,66.58313598980189,13.761082996485165,False,-1.0600940504518142,SOUTHERN_BRITTANY
317,2005-08-12,125.326625,479.6001312657404,-333.2736215852236,-20.9998846805168,81.90288562525281,19.655781013712947,66.58313598980189,13.761082996485165,False,-1.0600940504518142,SOUTHERN_BRITTANY
318,2005-08-20,125.326625,474.3691148410066,-307.8000862250213,-41.242403615985324,81.90288562525281,19.655781013712947,66.58313598980189,13.761082996485165,False,-1.0600940504518142,SOUTHERN_BRITTANY
319,2005-08-28,121.8820331577556,469.1921667869621,-306.31655985765696,-40.99357377154956,81.90288562525281,19.655781013712947,66.58313598980189,13.761082996485165,False,-1.0600940504518142,SOUTHERN_BRITTANY
320,2005-09-04,130.17275737969908,464.1293282530031,-320.20859810646806,-13.747972766835971,81.90288562525281,19.655781013712947,66.58313598980189,13.761082996485165,False,-1.0600940504518142,SOUTHERN_BRITTANY
321,2005-09-12,151.01001365673574,459.2388354409254,-334.6745922726754,26.44577048848572,81.90288562525281,19.655781013712947,66.58313598980189,13.761082996485165,False,-1.0600940504518142,SOUTHERN_BRITTANY
322,2005-09-20,151.01001365673574,454.5750420502612,-317.52176787539673,13.956739481871296,81.90288562525281,19.655781013712947,66.58313598980189,13.761082996485165,False,-1.0600940504518142,SOUTHERN_BRITTANY
323,2005-09-28,148.94992152280022,450.1876524345345,-324.16542038977474,22.927689478040463,81.90288562525281,19.655781013712947,66.58313598980189,13.761082996485165,False,-1.0600940504518142,SOUTHERN_BRITTANY
324,2005-10-04,142.09542287513403,446.1238851038262,-291.7692375520217,-12.259224676670442,81.90288562525281,19.655781013712947,66.58313598980189,13.761082996485165,False,-1.0600940504518142,SOUTHERN_BRITTANY
325,2005-10-12,142.09542287513403,442.427702130074,-284.5299064224236,-15.802372832516312,81.90288562525281,19.655781013712947,66.58313598980189,13.761082996485165,False,-1.0600940504518142,SOUTHERN_BRITTANY
326,2005-10-20,144.49229781375848,439.1419641803949,-278.332026188883,-16.317640177753447,81.90288562525281,19.655781013712947,66.58313598980189,13.761082996485165,False,-1.0600940504518142,SOUTHERN_BRITTANY
327,2005-10-28,150.69994175722732,436.3094121384361,-284.8880382332466,-0.7214321479621617,81.90288562525281,19.655781013712947,66.58313598980189,13.761082996485165,False,-1.0600940504518142,SOUTHERN_BRITTANY
328,2005-11-04,155.12,433.9740220865047,-171.63878463491503,-107.21523745158969,81.90288562525281,19.655781013712947,66.58313598980189,13.761082996485165,False,-1.0600940504518142,SOUTHERN_BRITTANY
329,2005-11-12,224.16625,432.18080203124777,-132.45130723395056,-75.56324479729722,81.90288562525281,19.655781013712947,66.58313598980189,13.761082996485165,False,-1.0600940504518142,SOUTHERN_BRITTANY
330,2005-11-20,224.16625,430.97582763957513,-174.87499257646422,-31.93458506311092,81.90288562525281,19.655781013712947,66.58313598980189,13.761082996485165,False,-1.0600940504518142,SOUTHERN_BRITTANY
331,2005-11-28,228.3375,430.3945084347013,-78.01762769627157,-124.03938073842974,81.90288562525281,19.655781013712947,66.58313598980189,13.761082996485165,False,-1.0600940504518142,SOUTHERN_BRITTANY
332,2005-12-04,299.055,430.45255712557565,-44.09162981535879,-87.30592731021684,81.90288562525281,19.655781013712947,66.58313598980189,13.761082996485165,False,-1.0600940504518142,SOUTHERN_BRITTANY
333,2005-12-12,299.055,431.1498461759151,-27.740848426564472,-104.35399774935058,81.90288562525281,19.655781013712947,66.58313598980189,13.761082996485165,False,-1.0600940504518142,SOUTHERN_BRITTANY
334,2005-12-20,283.04125,432.471695169429,-86.34718342671249,-63.0832617427165,81.90288562525281,19.655781013712947,66.58313598980189,13.761082996485165,False,-1.0600940504518142,SOUTHERN_BRITTANY
335,2005-12-28,283.04125,434.4047347111402,-16.899287863840645,-134.4641968472996,81.90288562525281,19.655781013712947,66.58313598980189,13.761082996485165,False,-1.0600940504518142,SOUTHERN_BRITTANY
336,2006-01-04,467.4175,436.9342670234619,91.9646672193506,-61.48143424281256,81.90288562525281,19.655781013712947,66.58313598980189,13.761082996485165,False,-1.0600940504518142,SOUTHERN_BRITTANY
337,2006-01-12,467.4175,440.0389451024255,96.39561691282223,-69.01706201524777,81.90288562525281,19.655781013712947,66.58313598980189,13.761082996485165,False,-1.0600940504518142,SOUTHERN_BRITTANY
338,2006-01-20,458.09,443.6834918220954,99.7444843890648,-85.33797621116022,81.90288562525281,19.655781013712947,66.58313598980189,13.761082996485165,False,-1.0600940504518142,SOUTHERN_BRITTANY
339,2006-01-28,439.8357142857143,447.81611234755405,152.32983196244493,-160.3102300242847,81.90288562525281,19.655781013712947,66.58313598980189,13.761082996485165,False,-1.0600940504518142,SOUTHERN_BRITTANY
340,2006-02-04,428.375,452.37193225479206,195.33541154645465,-219.33234380124668,81.90288562525281,19.655781013712947,66.58313598980189,13.761082996485165,False,-1.0600940504518142,SOUTHERN_BRITTANY
341,2006-02-12,428.375,457.2876744077596,293.4955278394445,-322.4082022472041,81.90288562525281,19.655781013712947,66.58313598980189,13.761082996485165,False,-1.0600940504518142,SOUTHERN_BRITTANY
342,2006-02-20,1141.2,462.4968405918306,642.8003340934902,35.90282531467926,81.90288562525281,19.655781013712947,66.58313598980189,13.761082996485165,False,-1.0600940504518142,SOUTHERN_BRITTANY
343,2006-02-28,1252.925,467.9266186584061,696.2677374489499,88.73064389264391,81.90288562525281,19.655781013712947,66.58313598980189,13.761082996485165,False,-1.0600940504518142,SOUTHERN_BRITTANY
344,2006-03-04,1543.625,473.4920357903733,884.4483960725087,185.68456813711796,81.90288562525281,19.655781013712947,66.58313598980189,13.761082996485165,False,-1.0600940504518142,SOUTHERN_BRITTANY
345,2006-03-12,1543.625,479.1003138010782,882.0473921857424,182.4772940131793,81.90288562525281,19.655781013712947,66.58313598980189,13.761082996485165,False,-1.0600940504518142,SOUTHERN_BRITTANY
346,2006-03-20,1451.7714285714285,484.6556839340321,641.1744159078506,325.9413287295457,81.90288562525281,19.655781013712947,66.58313598980189,13.761082996485165,False,-1.0600940504518142,SOUTHERN_BRITTANY
347,2006-03-28,1451.7714285714285,490.0885577214544,644.0989803014066,317.5838905485674,81.90288562525281,19.655781013712947,66.58313598980189,13.761082996485165,False,-1.0600940504518142,SOUTHERN_BRITTANY
348,2006-04-04,1451.7714285714285,495.3573901267959,639.2860093234198,317.1280291212128,81.90288562525281,19.655781013712947,66.58313598980189,13.761082996485165,False,-1.0600940504518142,SOUTHERN_BRITTANY
349,2006-04-12,1447.0875,500.4475838855618,563.9675205399323,382.6723955745059,81.90288562525281,19.655781013712947,66.58313598980189,13.761082996485165,False,-1.0600940504518142,SOUTHERN_BRITTANY
350,2006-04-20,1052.715,505.37005853316987,453.7317519524662,93.61318951436384,81.90288562525281,19.655781013712947,66.58313598980189,13.761082996485165,False,-1.0600940504518142,SOUTHERN_BRITTANY
351,2006-04-28,677.8933333333333,510.159130480134,236.2911790902982,-68.55697623709887,81.90288562525281,19.655781013712947,66.58313598980189,13.761082996485165,False,-1.0600940504518142,SOUTHERN_BRITTANY
352,2006-05-04,500.2025,514.8682801543347,27.533522756257824,-42.19930291059252,81.90288562525281,19.655781013712947,66.58313598980189,13.761082996485165,False,-1.0600940504518142,SOUTHERN_BRITTANY
353,2006-05-12,500.2025,519.5468933954811,-56.52746399370651,37.18307059822539,81.90288562525281,19.655781013712947,66.58313598980189,13.761082996485165,False,-1.0600940504518142,SOUTHERN_BRITTANY
354,2006-05-20,500.2025,524.2271704803561,-66.01729230756042,41.9926218272043,81.90288562525281,19.655781013712947,66.58313598980189,13.761082996485165,False,-1.0600940504518142,SOUTHERN_BRITTANY
355,2006-05-28,432.4428571428571,528.9294690452673,-93.7524346568162,-2.7341772455939832,81.90288562525281,19.655781013712947,66.58313598980189,13.761082996485165,False,-1.0600940504518142,SOUTHERN_BRITTANY
356,2006-06-04,287.973,533.6712809441752,-198.4434807679032,-47.254800176272,81.90288562525281,19.655781013712947,66.58313598980189,13.761082996485165,False,-1.0600940504518142,SOUTHERN_BRITTANY
357,2006-06-12,210.877,538.4667824499837,-230.1927452517424,-97.39703719824132,81.90288562525281,19.655781013712947,66.58313598980189,13.761082996485165,False,-1.0600940504518142,SOUTHERN_BRITTANY
358,2006-06-20,191.0515,543.3230319810001,-247.63389805507472,-104.63763392592534,81.90288562525281,19.655781013712947,66.58313598980189,13.761082996485165,False,-1.0600940504518142,SOUTHERN_BRITTANY
359,2006-06-28,183.893875,548.2381341514958,-266.40813517352177,-97.93612397797408,81.90288562525281,19.655781013712947,66.58313598980189,13.761082996485165,False,-1.0600940504518142,SOUTHERN_BRITTANY
360,2006-07-04,183.893875,553.2001597913828,-269.29506659020524,-100.0112182011776,81.90288562525281,19.655781013712947,66.58313598980189,13.761082996485165,False,-1.0600940504518142,SOUTHERN_BRITTANY
361,2006-07-12,177.125125,558.189489046096,-306.188166307594,-74.87619773850201,81.90288562525281,19.655781013712947,66.58313598980189,13.761082996485165,False,-1.0600940504518142,SOUTHERN_BRITTANY
362,2006-07-20,139.122375,563.1825408127544,-332.12254051210743,-91.93762530064691,81.90288562525281,19.655781013712947,66.58313598980189,13.761082996485165,False,-1.0600940504518142,SOUTHERN_BRITTANY
363,2006-07-28,132.80725,568.1510050535489,-345.92417397953926,-89.41958107400967,81.90288562525281,19.655781013712947,66.58313598980189,13.761082996485165,False,-1.0600940504518142,SOUTHERN_BRITTANY
364,2006-08-04,132.75757142857142,573.0631862395253,-387.8275205687845,-52.47809424216945,81.90288562525281,19.655781013712947,66.58313598980189,13.761082996485165,False,-1.0600940504518142,SOUTHERN_BRITTANY
365,2006-08-12,132.80725,577.8888188047988,-396.0786370702274,-49.002931734571405,81.90288562525281,19.655781013712947,66.58313598980189,13.761082996485165,False,-1.0600940504518142,SOUTHERN_BRITTANY
366,2006-08-20,146.379625,582.5998384764707,-378.27954107302986,-57.94067240344083,81.90288562525281,19.655781013712947,66.58313598980189,13.761082996485165,False,-1.0600940504518142,SOUTHERN_BRITTANY
367,2006-08-28,164.132,587.1705360432995,-347.28536438608177,-75.75317165721776,81.90288562525281,19.655781013712947,66.58313598980189,13.761082996485165,False,-1.0600940504518142,SOUTHERN_BRITTANY
368,2006-09-04,164.132,591.5783121018438,-343.7079985448068,-83.73831355703703,81.90288562525281,19.655781013712947,66.58313598980189,13.761082996485165,False,-1.0600940504518142,SOUTHERN_BRITTANY
369,2006-09-12,164.170875,595.8058237106533,-378.2084405767695,-53.42650813388377,81.90288562525281,19.655781013712947,66.58313598980189,13.761082996485165,False,-1.0600940504518142,SOUTHERN_BRITTANY
370,2006-09-20,253.9825817603424,599.8449826094662,-337.11260000086827,-8.749800848255632,81.90288562525281,19.655781013712947,66.58313598980189,13.761082996485165,False,-1.0600940504518142,SOUTHERN_BRITTANY
371,2006-09-28,272.5351924723202,603.6963501984194,-326.82259069466727,-4.338567031431921,81.90288562525281,19.655781013712947,66.58313598980189,13.761082996485165,False,-1.0600940504518142,SOUTHERN_BRITTANY
372,2006-10-04,421.8937515381816,607.365529949778,-227.5410793756969,42.06930096410059,81.90288562525281,19.655781013712947,66.58313598980189,13.761082996485165,False,-1.0600940504518142,SOUTHERN_BRITTANY
373,2006-10-12,421.8937515381816,610.8614394595501,-225.1842054639712,36.21651754260273,81.90288562525281,19.655781013712947,66.58313598980189,13.761082996485165,False,-1.0600940504518142,SOUTHERN_BRITTANY
374,2006-10-20,397.82857142857137,614.1942256559615,-252.4110661567411,36.04541192935093,81.90288562525281,19.655781013712947,66.58313598980189,13.761082996485165,False,-1.0600940504518142,SOUTHERN_BRITTANY
375,2006-10-28,325.835,617.3760604185122,-292.7742319411118,1.233171522599548,81.90288562525281,19.655781013712947,66.58313598980189,13.761082996485165,False,-1.0600940504518142,SOUTHERN_BRITTANY
376,2006-11-04,281.885,620.4203935784059,-318.5846414850245,-19.950752093381368,81.90288562525281,19.655781013712947,66.58313598980189,13.761082996485165,False,-1.0600940504518142,SOUTHERN_BRITTANY
377,2006-11-12,281.885,623.3435334311728,-301.5162753515194,-39.94225807965336,81.90288562525281,19.655781013712947,66.58313598980189,13.761082996485165,False,-1.0600940504518142,SOUTHERN_BRITTANY
378,2006-11-20,348.10625,626.1600832799697,-258.1400072020904,-19.913826077879374,81.90288562525281,19.655781013712947,66.58313598980189,13.761082996485165,False,-1.0600940504518142,SOUTHERN_BRITTANY
379,2006-11-28,752.4499999999999,628.883759630809,-20.996549840082327,144.5627902092733,81.90288562525281,19.655781013712947,66.58313598980189,13.761082996485165,False,-1.0600940504518142,SOUTHERN_BRITTANY
380,2006-12-04,825.2,631.5254661446725,63.49252444588552,130.18200940944206,81.90288562525281,19.655781013712947,66.58313598980189,13.761082996485165,False,-1.0600940504518142,SOUTHERN_BRITTANY
381,2006-12-12,825.2,634.0893528011227,111.5776448433147,79.53300235556266,81.90288562525281,19.655781013712947,66.58313598980189,13.761082996485165,False,-1.0600940504518142,SOUTHERN_BRITTANY
382,2006-12-20,554.9375,636.5720772175556,-35.36821597047109,-46.26636124708451,81.90288562525281,19.655781013712947,66.58313598980189,13.761082996485165,False,-1.0600940504518142,SOUTHERN_BRITTANY
383,2006-12-28,554.9375,638.9596020573924,-64.25631069298267,-19.765791364409765,81.90288562525281,19.655781013712947,66.58313598980189,13.761082996485165,False,-1.0600940504518142,SOUTHERN_BRITTANY
384,2007-01-04,636.0125,641.2305412855549,17.044609411535347,-22.26265069709017,81.90288562525281,19.655781013712947,66.58313598980189,13.761082996485165,False,-1.0600940504518142,SOUTHERN_BRITTANY
385,2007-01-12,787.025,643.3544430635949,259.0845120298118,-115.41395509340668,81.90288562525281,19.655781013712947,66.58313598980189,13.761082996485165,False,-1.0600940504518142,SOUTHERN_BRITTANY
386,2007-01-20,832.65,645.2862251969945,275.28282702701574,-87.91905222401022,81.90288562525281,19.655781013712947,66.58313598980189,13.761082996485165,False,-1.0600940504518142,SOUTHERN_BRITTANY
387,2007-01-28,854.2125,646.9695601044599,176.80805767567765,30.43488221986243,81.90288562525281,19.655781013712947,66.58313598980189,13.761082996485165,False,-1.0600940504518142,SOUTHERN_BRITTANY
388,2007-02-04,1061.1714285714286,648.3524003270143,243.40577638422025,169.4132518601941,81.90288562525281,19.655781013712947,66.58313598980189,13.761082996485165,False,-1.0600940504518142,SOUTHERN_BRITTANY
389,2007-02-12,1463.6,649.3932855776602,418.2666449484186,395.9400694739211,81.90288562525281,19.655781013712947,66.58313598980189,13.761082996485165,False,-1.0600940504518142,SOUTHERN_BRITTANY
390,2007-02-20,1463.6,650.0690536009986,536.282618489086,277.24832790991536,81.90288562525281,19.655781013712947,66.58313598980189,13.761082996485165,False,-1.0600940504518142,SOUTHERN_BRITTANY
391,2007-02-28,1463.6,650.3798446629316,541.0361925191978,272.18396281787045,81.90288562525281,19.655781013712947,66.58313598980189,13.761082996485165,False,-1.0600940504518142,SOUTHERN_BRITTANY
392,2007-03-04,1863.6625,650.3554938080874,810.5685295000206,402.73847669189183,81.90288562525281,19.655781013712947,66.58313598980189,13.761082996485165,False,-1.0600940504518142,SOUTHERN_BRITTANY
393,2007-03-12,1863.6625,650.044471329719,860.636584205595,352.98144446468586,81.90288562525281,19.655781013712947,66.58313598980189,13.761082996485165,False,-1.0600940504518142,SOUTHERN_BRITTANY
394,2007-03-20,1072.7875,649.5053794688986,558.3336957177772,-135.0515751866759,81.90288562525281,19.655781013712947,66.58313598980189,13.761082996485165,False,-1.0600940504518142,SOUTHERN_BRITTANY
395,2007-03-28,921.7825,648.7861452679975,481.42096187349614,-208.42460714149365,81.90288562525281,19.655781013712947,66.58313598980189,13.761082996485165,False,-1.0600940504518142,SOUTHERN_BRITTANY
396,2007-04-04,913.8857142857142,647.9267441087406,504.5207937436842,-238.5618235667106,81.90288562525281,19.655781013712947,66.58313598980189,13.761082996485165,False,-1.0600940504518142,SOUTHERN_BRITTANY
397,2007-04-12,634.62125,646.9540837896424,362.76985524374936,-375.1026890333917,81.90288562525281,19.655781013712947,66.58313598980189,13.761082996485165,False,-1.0600940504518142,SOUTHERN_BRITTANY
398,2007-04-20,480.8175,645.8816383621308,254.10424304870773,-419.1683814108386,81.90288562525281,19.655781013712947,66.58313598980189,13.761082996485165,False,-1.0600940504518142,SOUTHERN_BRITTANY
399,2007-04-28,366.87875,644.7048317065563,102.22058280942602,-380.0466645159824,81.90288562525281,19.655781013712947,66.58313598980189,13.761082996485165,False,-1.0600940504518142,SOUTHERN_BRITTANY
400,2007-05-04,363.3066666666667,643.4003131033377,-33.560560648195604,-246.5330857884754,81.90288562525281,19.655781013712947,66.58313598980189,13.761082996485165,False,-1.0600940504518142,SOUTHERN_BRITTANY
401,2007-05-12,366.87875,641.9448201752588,-147.2658563905047,-127.80021378475404,81.90288562525281,19.655781013712947,66.58313598980189,13.761082996485165,False,-1.0600940504518142,SOUTHERN_BRITTANY
402,2007-05-20,441.265,640.3301266567354,-113.54188397378614,-85.52324268294926,81.90288562525281,19.655781013712947,66.58313598980189,13.761082996485165,False,-1.0600940504518142,SOUTHERN_BRITTANY
403,2007-05-28,507.42,638.5609426943323,-4.5426290134593295,-126.59831368087296,81.90288562525281,19.655781013712947,66.58313598980189,13.761082996485165,False,-1.0600940504518142,SOUTHERN_BRITTANY
404,2007-06-04,519.96,636.6419589348981,17.74431882691311,-134.42627776181115,81.90288562525281,19.655781013712947,66.58313598980189,13.761082996485165,False,-1.0600940504518142,SOUTHERN_BRITTANY
405,2007-06-12,626.99125,634.5736977759669,48.57318850213198,-56.15563627809888,81.90288562525281,19.655781013712947,66.58313598980189,13.761082996485165,False,-1.0600940504518142,SOUTHERN_BRITTANY
406,2007-06-20,626.99125,632.3558367215334,-51.16961391674828,45.80502719521496,81.90288562525281,19.655781013712947,66.58313598980189,13.761082996485165,False,-1.0600940504518142,SOUTHERN_BRITTANY
407,2007-06-28,600.4216666666667,629.9960014505241,-162.20339516775317,132.62906038389582,81.90288562525281,19.655781013712947,66.58313598980189,13.761082996485165,False,-1.0600940504518142,SOUTHERN_BRITTANY
408,2007-07-04,590.2,627.5158463874021,-175.3469081818318,138.03106179442972,81.90288562525281,19.655781013712947,66.58313598980189,13.761082996485165,False,-1.0600940504518142,SOUTHERN_BRITTANY
409,2007-07-12,472.95875,624.948310345862,-262.74693549512136,110.75737514925942,81.90288562525281,19.655781013712947,66.58313598980189,13.761082996485165,False,-1.0600940504518142,SOUTHERN_BRITTANY
410,2007-07-20,494.6171428571429,622.3356454871805,-299.6520262379553,171.93352360791766,81.90288562525281,19.655781013712947,66.58313598980189,13.761082996485165,False,-1.0600940504518142,SOUTHERN_BRITTANY
411,2007-07-28,467.4375,619.729965032334,-343.4838790119963,191.1914139796623,81.90288562525281,19.655781013712947,66.58313598980189,13.761082996485165,False,-1.0600940504518142,SOUTHERN_BRITTANY
412,2007-08-04,309.852,617.1906127078252,-426.20608977053104,118.86747706270586,81.90288562525281,19.655781013712947,66.58313598980189,13.761082996485165,False,-1.0600940504518142,SOUTHERN_BRITTANY
413,2007-08-12,309.852,614.7798819996616,-427.2196629272465,122.29178092758492,81.90288562525281,19.655781013712947,66.58313598980189,13.761082996485165,False,-1.0600940504518142,SOUTHERN_BRITTANY
414,2007-08-20,357.94,612.5610053854557,-395.90264256456106,141.28163717910536,81.90288562525281,19.655781013712947,66.58313598980189,13.761082996485165,False,-1.0600940504518142,SOUTHERN_BRITTANY
415,2007-08-28,442.334,610.595148074242,-341.99272723482653,173.7315791605845,81.90288562525281,19.655781013712947,66.58313598980189,13.761082996485165,False,-1.0600940504518142,SOUTHERN_BRITTANY
416,2007-09-04,442.334,608.9402897703524,-331.2909090433557,164.68461927300336,81.90288562525281,19.655781013712947,66.58313598980189,13.761082996485165,False,-1.0600940504518142,SOUTHERN_BRITTANY
417,2007-09-12,283.14725,607.6502148264689,-395.08413609391033,70.58117126744145,81.90288562525281,19.655781013712947,66.58313598980189,13.761082996485165,False,-1.0600940504518142,SOUTHERN_BRITTANY
418,2007-09-20,267.4625,606.772820974784,-371.5646884499589,32.254367475174774,81.90288562525281,19.655781013712947,66.58313598980189,13.761082996485165,False,-1.0600940504518142,SOUTHERN_BRITTANY
419,2007-09-28,267.4625,606.3507264786896,-374.90725921879294,36.01903274010334,81.90288562525281,19.655781013712947,66.58313598980189,13.761082996485165,False,-1.0600940504518142,SOUTHERN_BRITTANY
420,2007-10-04,364.66875,606.4215354474858,-284.1546015134487,42.40181606596292,81.90288562525281,19.655781013712947,66.58313598980189,13.761082996485165,False,-1.0600940504518142,SOUTHERN_BRITTANY
421,2007-10-12,364.66875,607.0166837350982,-277.0019339160473,34.654000180949026,81.90288562525281,19.655781013712947,66.58313598980189,13.761082996485165,False,-1.0600940504518142,SOUTHERN_BRITTANY
422,2007-10-20,289.67375,608.1606966742492,-315.2283320109777,-3.258614663271487,81.90288562525281,19.655781013712947,66.58313598980189,13.761082996485165,False,-1.0600940504518142,SOUTHERN_BRITTANY
423,2007-10-28,257.43,609.8680490139143,-312.4089463127932,-40.02910270112108,81.90288562525281,19.655781013712947,66.58313598980189,13.761082996485165,False,-1.0600940504518142,SOUTHERN_BRITTANY
424,2007-11-04,235.59125,612.1403429040349,-218.66140446814373,-157.8876884358912,81.90288562525281,19.655781013712947,66.58313598980189,13.761082996485165,False,-1.0600940504518142,SOUTHERN_BRITTANY
425,2007-11-12,235.59125,614.9594707648815,-221.7027667596365,-157.665454005245,81.90288562525281,19.655781013712947,66.58313598980189,13.761082996485165,False,-1.0600940504518142,SOUTHERN_BRITTANY
426,2007-11-20,279.15,618.2933201286161,-201.22791800828165,-137.91540212033445,81.90288562525281,19.655781013712947,66.58313598980189,13.761082996485165,False,-1.0600940504518142,SOUTHERN_BRITTANY
427,2007-11-28,425.8616666666667,622.1022502859558,-28.69286499029112,-167.54771862899804,81.90288562525281,19.655781013712947,66.58313598980189,13.761082996485165,False,-1.0600940504518142,SOUTHERN_BRITTANY
428,2007-12-04,570.36375,626.3452384061328,111.67034734321412,-167.65183574934696,81.90288562525281,19.655781013712947,66.58313598980189,13.761082996485165,False,-1.0600940504518142,SOUTHERN_BRITTANY
429,2007-12-12,794.04625,630.9803595341435,239.83923197291173,-76.77334150705528,81.90288562525281,19.655781013712947,66.58313598980189,13.761082996485165,False,-1.0600940504518142,SOUTHERN_BRITTANY
430,2007-12-20,794.04625,635.9606305793276,169.10282137739097,-11.017201956718566,81.90288562525281,19.655781013712947,66.58313598980189,13.761082996485165,False,-1.0600940504518142,SOUTHERN_BRITTANY
431,2007-12-28,703.28625,641.2350653645534,105.63038755359383,-43.57920291814726,81.90288562525281,19.655781013712947,66.58313598980189,13.761082996485165,False,-1.0600940504518142,SOUTHERN_BRITTANY
432,2008-01-04,703.28625,646.7540345562101,67.71571050096392,-11.183495057173984,81.90288562525281,19.655781013712947,66.58313598980189,13.761082996485165,False,-1.0600940504518142,SOUTHERN_BRITTANY
433,2008-01-12,1388.8,652.4787576404074,445.1028607886194,291.2183815709732,81.90288562525281,19.655781013712947,66.58313598980189,13.761082996485165,False,-1.0600940504518142,SOUTHERN_BRITTANY
434,2008-01-20,1388.8,658.3874836497444,456.2775146471843,274.1350017030713,81.90288562525281,19.655781013712947,66.58313598980189,13.761082996485165,False,-1.0600940504518142,SOUTHERN_BRITTANY
435,2008-01-28,985.60175,664.4712710440914,352.13340953978366,-31.002930583875013,81.90288562525281,19.655781013712947,66.58313598980189,13.761082996485165,False,-1.0600940504518142,SOUTHERN_BRITTANY
436,2008-02-04,862.2285714285715,670.7266238189522,363.1975381772188,-171.69559056759954,81.90288562525281,19.655781013712947,66.58313598980189,13.761082996485165,False,-1.0600940504518142,SOUTHERN_BRITTANY
437,2008-02-12,767.950125,677.1552252851936,395.0242226916208,-304.22932297681444,81.90288562525281,19.655781013712947,66.58313598980189,13.761082996485165,False,-1.0600940504518142,SOUTHERN_BRITTANY
438,2008-02-20,538.690625,683.7636156111339,229.78766577047236,-374.8606563816063,81.90288562525281,19.655781013712947,66.58313598980189,13.761082996485165,False,-1.0600940504518142,SOUTHERN_BRITTANY
439,2008-02-28,458.2992,690.5610387495998,158.77020310640546,-391.0320418560052,81.90288562525281,19.655781013712947,66.58313598980189,13.761082996485165,False,-1.0600940504518142,SOUTHERN_BRITTANY
440,2008-03-04,458.2992,697.5510365500855,233.956016414524,-473.2078529646095,81.90288562525281,19.655781013712947,66.58313598980189,13.761082996485165,False,-1.0600940504518142,SOUTHERN_BRITTANY
441,2008-03-12,669.225,704.7325850567448,318.4939886681553,-354.0015737249001,81.90288562525281,19.655781013712947,66.58313598980189,13.761082996485165,False,-1.0600940504518142,SOUTHERN_BRITTANY
442,2008-03-20,1141.25,712.0938775368994,328.1516994602244,101.0044230028762,81.90288562525281,19.655781013712947,66.58313598980189,13.761082996485165,False,-1.0600940504518142,SOUTHERN_BRITTANY
443,2008-03-28,1141.25,719.6051350042252,279.56184987591763,142.08301511985718,81.90288562525281,19.655781013712947,66.58313598980189,13.761082996485165,False,-1.0600940504518142,SOUTHERN_BRITTANY
444,2008-04-04,1253.725,727.211650730887,328.3008027756794,198.21254649343356,81.90288562525281,19.655781013712947,66.58313598980189,13.761082996485165,False,-1.0600940504518142,SOUTHERN_BRITTANY
445,2008-04-12,1253.725,734.8506328384223,259.28306120244696,259.5913059591307,81.90288562525281,19.655781013712947,66.58313598980189,13.761082996485165,False,-1.0600940504518142,SOUTHERN_BRITTANY
446,2008-04-20,1524.4333333333334,742.4510253779049,358.6286149704583,423.3536929849702,81.90288562525281,19.655781013712947,66.58313598980189,13.761082996485165,False,-1.0600940504518142,SOUTHERN_BRITTANY
447,2008-04-28,1524.4333333333334,749.9323055577368,373.9728482049569,400.5281795706398,81.90288562525281,19.655781013712947,66.58313598980189,13.761082996485165,False,-1.0600940504518142,SOUTHERN_BRITTANY
448,2008-05-04,1177.925,757.2063736351465,196.9474971966816,223.77112916817185,81.90288562525281,19.655781013712947,66.58313598980189,13.761082996485165,False,-1.0600940504518142,SOUTHERN_BRITTANY
449,2008-05-12,731.87375,764.1809053861111,-38.76164440289359,6.454489016782425,81.90288562525281,19.655781013712947,66.58313598980189,13.761082996485165,False,-1.0600940504518142,SOUTHERN_BRITTANY
450,2008-05-20,731.87375,770.7635043758767,-35.844570924136015,-3.0451834517406766,81.90288562525281,19.655781013712947,66.58313598980189,13.761082996485165,False,-1.0600940504518142,SOUTHERN_BRITTANY
451,2008-05-28,1113.1042857142857,776.8631272634043,121.84152823410363,214.39963021677767,81.90288562525281,19.655781013712947,66.58313598980189,13.761082996485165,False,-1.0600940504518142,SOUTHERN_BRITTANY
452,2008-06-04,1330.4314073668213,782.3937628086234,225.28005403080695,322.75759052739096,81.90288562525281,19.655781013712947,66.58313598980189,13.761082996485165,False,-1.0600940504518142,SOUTHERN_BRITTANY
453,2008-06-12,1330.4314073668213,787.2772233389054,238.24886529476765,304.90531873314825,81.90288562525281,19.655781013712947,66.58313598980189,13.761082996485165,False,-1.0600940504518142,SOUTHERN_BRITTANY
454,2008-06-20,970.4975,791.449635518849,57.25162727731252,121.7962372038385,81.90288562525281,19.655781013712947,66.58313598980189,13.761082996485165,False,-1.0600940504518142,SOUTHERN_BRITTANY
455,2008-06-28,606.5721666666667,794.860577198274,-153.7110397324733,-34.57737079913397,81.90288562525281,19.655781013712947,66.58313598980189,13.761082996485165,False,-1.0600940504518142,SOUTHERN_BRITTANY
456,2008-07-04,586.886,797.4707862585318,-181.5306263454978,-29.054159913034027,81.90288562525281,19.655781013712947,66.58313598980189,13.761082996485165,False,-1.0600940504518142,SOUTHERN_BRITTANY
457,2008-07-12,490.615,799.2483474727077,-258.8566845126708,-49.776662960036845,81.90288562525281,19.655781013712947,66.58313598980189,13.761082996485165,False,-1.0600940504518142,SOUTHERN_BRITTANY
458,2008-07-20,354.215125,800.165537504863,-314.8463319394634,-131.10408056539956,81.90288562525281,19.655781013712947,66.58313598980189,13.761082996485165,False,-1.0600940504518142,SOUTHERN_BRITTANY
459,2008-07-28,254.73857142857145,800.1989626494891,-370.2603393319526,-175.2000518889651,81.90288562525281,19.655781013712947,66.58313598980189,13.761082996485165,False,-1.0600940504518142,SOUTHERN_BRITTANY
460,2008-08-04,250.87625,799.3316777227948,-425.0286880397381,-123.42673968305668,81.90288562525281,19.655781013712947,66.58313598980189,13.761082996485165,False,-1.0600940504518142,SOUTHERN_BRITTANY
461,2008-08-12,249.614375,797.5533506019844,-425.62026872079286,-122.3187068811916,81.90288562525281,19.655781013712947,66.58313598980189,13.761082996485165,False,-1.0600940504518142,SOUTHERN_BRITTANY
462,2008-08-20,249.614375,794.8599238577244,-417.5078268620206,-127.73772199570384,81.90288562525281,19.655781013712947,66.58313598980189,13.761082996485165,False,-1.0600940504518142,SOUTHERN_BRITTANY
463,2008-08-28,247.675125,791.2570931401206,-397.026502878263,-146.5554652618576,81.90288562525281,19.655781013712947,66.58313598980189,13.761082996485165,False,-1.0600940504518142,SOUTHERN_BRITTANY
464,2008-09-04,247.675125,786.7604121047922,-391.05044284379255,-148.03484426099965,81.90288562525281,19.655781013712947,66.58313598980189,13.761082996485165,False,-1.0600940504518142,SOUTHERN_BRITTANY
465,2008-09-12,260.976,781.3938130982318,-418.7732624453056,-101.64455065292624,81.90288562525281,19.655781013712947,66.58313598980189,13.761082996485165,False,-1.0600940504518142,SOUTHERN_BRITTANY
466,2008-09-20,260.976,775.1878533047735,-415.52026727401386,-98.69158603075964,81.90288562525281,19.655781013712947,66.58313598980189,13.761082996485165,False,-1.0600940504518142,SOUTHERN_BRITTANY
467,2008-09-28,207.53666666666663,768.1780165315698,-436.1222212371621,-124.51912862774104,81.90288562525281,19.655781013712947,66.58313598980189,13.761082996485165,False,-1.0600940504518142,SOUTHERN_BRITTANY
468,2008-10-04,207.53666666666663,760.4062330710163,-410.8006046002717,-142.068961804078,81.90288562525281,19.655781013712947,66.58313598980189,13.761082996485165,False,-1.0600940504518142,SOUTHERN_BRITTANY
469,2008-10-12,221.095,751.9216298852355,-399.20225233607744,-131.624377549158,81.90288562525281,19.655781013712947,66.58313598980189,13.761082996485165,False,-1.0600940504518142,SOUTHERN_BRITTANY
470,2008-10-20,239.07375,742.7790714790257,-402.72392615524734,-100.98139532377832,81.90288562525281,19.655781013712947,66.58313598980189,13.761082996485165,False,-1.0600940504518142,SOUTHERN_BRITTANY
471,2008-10-28,399.6114285714285,733.0370360638675,-323.66664129697216,-9.758966195466826,81.90288562525281,19.655781013712947,66.58313598980189,13.761082996485165,False,-1.0600940504518142,SOUTHERN_BRITTANY
472,2008-11-04,880.68625,722.7571625455934,-69.28925921255994,227.21834666696657,81.90288562525281,19.655781013712947,66.58313598980189,13.761082996485165,False,-1.0600940504518142,SOUTHERN_BRITTANY
473,2008-11-12,880.68625,712.0074203519783,-61.93102170091776,230.6098513489394,81.90288562525281,19.655781013712947,66.58313598980189,13.761082996485165,False,-1.0600940504518142,SOUTHERN_BRITTANY
474,2008-11-20,815.5966666666667,700.8612757244961,-79.71388756026384,194.44927850243448,81.90288562525281,19.655781013712947,66.58313598980189,13.761082996485165,False,-1.0600940504518142,SOUTHERN_BRITTANY
475,2008-11-28,815.5966666666667,689.4004292121468,-24.97319015313285,151.16942760765272,81.90288562525281,19.655781013712947,66.58313598980189,13.761082996485165,False,-1.0600940504518142,SOUTHERN_BRITTANY
476,2008-12-04,1028.80625,677.7113142658629,148.732772222136,202.3621635120012,81.90288562525281,19.655781013712947,66.58313598980189,13.761082996485165,False,-1.0600940504518142,SOUTHERN_BRITTANY
477,2008-12-12,1110.65,665.8827611963453,255.06821384792875,189.69902495572603,81.90288562525281,19.655781013712947,66.58313598980189,13.761082996485165,False,-1.0600940504518142,SOUTHERN_BRITTANY
478,2008-12-20,1110.65,654.0099625328517,266.91884382493754,189.7211936422109,81.90288562525281,19.655781013712947,66.58313598980189,13.761082996485165,False,-1.0600940504518142,SOUTHERN_BRITTANY
479,2008-12-28,1043.6971428571428,642.1969116864848,293.92133668770794,107.57889448295008,81.90288562525281,19.655781013712947,66.58313598980189,13.761082996485165,False,-1.0600940504518142,SOUTHERN_BRITTANY
480,2009-01-04,812.00375,630.5382458667553,188.8268060919268,-7.361301958682191,81.90288562525281,19.655781013712947,66.58313598980189,13.761082996485165,False,-1.0600940504518142,SOUTHERN_BRITTANY
481,2009-01-12,800.71625,619.1137294469524,409.9438104058153,-228.34128985276783,81.90288562525281,19.655781013712947,66.58313598980189,13.761082996485165,False,-1.0600940504518142,SOUTHERN_BRITTANY
482,2009-01-20,800.71625,607.9866522728746,381.46352657417975,-188.7339288470544,81.90288562525281,19.655781013712947,66.58313598980189,13.761082996485165,False,-1.0600940504518142,SOUTHERN_BRITTANY
483,2009-01-28,1168.6375,597.2055026316585,466.4611163079084,104.9708810604331,81.90288562525281,19.655781013712947,66.58313598980189,13.761082996485165,False,-1.0600940504518142,SOUTHERN_BRITTANY
484,2009-02-04,1253.2,586.7916695317593,479.08836853501936,187.31996193322132,81.90288562525281,19.655781013712947,66.58313598980189,13.761082996485165,False,-1.0600940504518142,SOUTHERN_BRITTANY
485,2009-02-12,1168.6375,576.7358330282316,427.11709103766975,164.7845759340987,81.90288562525281,19.655781013712947,66.58313598980189,13.761082996485165,False,-1.0600940504518142,SOUTHERN_BRITTANY
486,2009-02-20,967.75375,567.0062132708554,298.61357807397235,102.13395865517224,81.90288562525281,19.655781013712947,66.58313598980189,13.761082996485165,False,-1.0600940504518142,SOUTHERN_BRITTANY
487,2009-02-28,844.485,557.5522952748129,283.73261882825864,3.200085896928499,81.90288562525281,19.655781013712947,66.58313598980189,13.761082996485165,False,-1.0600940504518142,SOUTHERN_BRITTANY
488,2009-03-04,744.7012500000001,548.3100098771208,235.0602152710564,-38.66897514817717,81.90288562525281,19.655781013712947,66.58313598980189,13.761082996485165,False,-1.0600940504518142,SOUTHERN_BRITTANY
489,2009-03-12,662.96625,539.2120565124177,131.29474634473084,-7.540552857148583,81.90288562525281,19.655781013712947,66.58313598980189,13.761082996485165,False,-1.0600940504518142,SOUTHERN_BRITTANY
490,2009-03-20,551.875,530.2055259238277,161.8182028341176,-140.14872875794535,81.90288562525281,19.655781013712947,66.58313598980189,13.761082996485165,False,-1.0600940504518142,SOUTHERN_BRITTANY
491,2009-03-28,510.86285714285714,521.2633193550819,140.83810503662212,-151.23856724884686,81.90288562525281,19.655781013712947,66.58313598980189,13.761082996485165,False,-1.0600940504518142,SOUTHERN_BRITTANY
492,2009-04-04,487.92875,512.386986445782,209.5004130058312,-233.9586494516132,81.90288562525281,19.655781013712947,66.58313598980189,13.761082996485165,False,-1.0600940504518142,SOUTHERN_BRITTANY
493,2009-04-12,487.92875,503.5888485510238,209.50930031741677,-225.1693988684405,81.90288562525281,19.655781013712947,66.58313598980189,13.761082996485165,False,-1.0600940504518142,SOUTHERN_BRITTANY
494,2009-04-20,496.08,494.89197833218446,195.82798188281072,-194.6399602149952,81.90288562525281,19.655781013712947,66.58313598980189,13.761082996485165,False,-1.0600940504518142,SOUTHERN_BRITTANY
495,2009-04-28,673.8883333333333,486.3351320630292,247.0725808557385,-59.51937958543439,81.90288562525281,19.655781013712947,66.58313598980189,13.761082996485165,False,-1.0600940504518142,SOUTHERN_BRITTANY
496,2009-05-04,673.8883333333333,477.9727563893168,161.68723160890306,34.22834533511343,81.90288562525281,19.655781013712947,66.58313598980189,13.761082996485165,False,-1.0600940504518142,SOUTHERN_BRITTANY
497,2009-05-12,637.40875,469.8636379478424,105.52854711982052,62.01656493233719,81.90288562525281,19.655781013712947,66.58313598980189,13.761082996485165,False,-1.0600940504518142,SOUTHERN_BRITTANY
498,2009-05-20,590.71875,462.0604475142452,82.22107049532136,46.437231990433446,81.90288562525281,19.655781013712947,66.58313598980189,13.761082996485165,False,-1.0600940504518142,SOUTHERN_BRITTANY
499,2009-05-28,401.6171428571429,454.6134565968746,12.235118000178208,-65.23143173990997,81.90288562525281,19.655781013712947,66.58313598980189,13.761082996485165,False,-1.0600940504518142,SOUTHERN_BRITTANY
500,2009-06-04,372.26125,447.5819864324176,52.47424236776127,-127.79497880017888,81.90288562525281,19.655781013712947,66.58313598980189,13.761082996485165,False,-1.0600940504518142,SOUTHERN_BRITTANY
501,2009-06-12,320.18725,441.034389003864,90.25628076167108,-211.10341976553505,81.90288562525281,19.655781013712947,66.58313598980189,13.761082996485165,False,-1.0600940504518142,SOUTHERN_BRITTANY
502,2009-06-20,320.18725,435.0326928384368,10.940530521873225,-125.78597336031008,81.90288562525281,19.655781013712947,66.58313598980189,13.761082996485165,False,-1.0600940504518142,SOUTHERN_BRITTANY
503,2009-06-28,240.8093333333333,429.6245706937548,-121.67765469909774,-67.13758266132369,81.90288562525281,19.655781013712947,66.58313598980189,13.761082996485165,False,-1.0600940504518142,SOUTHERN_BRITTANY
504,2009-07-04,189.04575,424.8393321809969,-236.7566283866738,0.9630462056769034,81.90288562525281,19.655781013712947,66.58313598980189,13.761082996485165,False,-1.0600940504518142,SOUTHERN_BRITTANY
505,2009-07-12,189.04575,420.6974452867959,-285.6694281460999,54.01773285930403,81.90288562525281,19.655781013712947,66.58313598980189,13.761082996485165,False,-1.0600940504518142,SOUTHERN_BRITTANY
506,2009-07-20,206.51057142857144,417.2155939066801,-311.547142324501,100.84211984639234,81.90288562525281,19.655781013712947,66.58313598980189,13.761082996485165,False,-1.0600940504518142,SOUTHERN_BRITTANY
507,2009-07-28,206.51057142857144,414.40476628003137,-346.5068070341904,138.6126121827304,81.90288562525281,19.655781013712947,66.58313598980189,13.761082996485165,False,-1.0600940504518142,SOUTHERN_BRITTANY
508,2009-08-04,155.30925000000002,412.2695702959084,-376.6086753157948,119.64835501988642,81.90288562525281,19.655781013712947,66.58313598980189,13.761082996485165,False,-1.0600940504518142,SOUTHERN_BRITTANY
509,2009-08-12,153.740875,410.8097367273,-380.7342648926642,123.66540316536418,81.90288562525281,19.655781013712947,66.58313598980189,13.761082996485165,False,-1.0600940504518142,SOUTHERN_BRITTANY
510,2009-08-20,133.592625,410.0218108637768,-397.4225921814578,120.99340631768104,81.90288562525281,19.655781013712947,66.58313598980189,13.761082996485165,False,-1.0600940504518142,SOUTHERN_BRITTANY
511,2009-08-28,133.592625,409.8970992661913,-399.7252764743158,123.42080220812448,81.90288562525281,19.655781013712947,66.58313598980189,13.761082996485165,False,-1.0600940504518142,SOUTHERN_BRITTANY
512,2009-09-04,152.56537500000002,410.4212167750982,-392.4546711658998,134.59882939080163,81.90288562525281,19.655781013712947,66.58313598980189,13.761082996485165,False,-1.0600940504518142,SOUTHERN_BRITTANY
513,2009-09-12,155.70000000000002,411.5744586642713,-370.6831026929373,114.80864402866608,81.90288562525281,19.655781013712947,66.58313598980189,13.761082996485165,False,-1.0600940504518142,SOUTHERN_BRITTANY
514,2009-09-20,158.33083333333337,413.3317751875315,-367.8015024864957,112.80056063229752,81.90288562525281,19.655781013712947,66.58313598980189,13.761082996485165,False,-1.0600940504518142,SOUTHERN_BRITTANY
515,2009-09-28,158.33083333333337,415.6640295369192,-380.6622609555348,123.32906475194903,81.90288562525281,19.655781013712947,66.58313598980189,13.761082996485165,False,-1.0600940504518142,SOUTHERN_BRITTANY
516,2009-10-04,139.61675,418.5374607389791,-387.28904437984966,108.36833364087056,81.90288562525281,19.655781013712947,66.58313598980189,13.761082996485165,False,-1.0600940504518142,SOUTHERN_BRITTANY
517,2009-10-12,139.61675,421.9147591873285,-381.0425887529033,98.74457956557484,81.90288562525281,19.655781013712947,66.58313598980189,13.761082996485165,False,-1.0600940504518142,SOUTHERN_BRITTANY
518,2009-10-20,143.348,425.7582388940047,-373.0811750817591,90.67093618775442,81.90288562525281,19.655781013712947,66.58313598980189,13.761082996485165,False,-1.0600940504518142,SOUTHERN_BRITTANY
519,2009-10-28,146.21914285714286,430.033773789162,-323.498827785938,39.68419685391888,81.90288562525281,19.655781013712947,66.58313598980189,13.761082996485165,False,-1.0600940504518142,SOUTHERN_BRITTANY
520,2009-11-04,204.0025,434.71346175844656,-134.00437998478694,-96.70658177365962,81.90288562525281,19.655781013712947,66.58313598980189,13.761082996485165,False,-1.0600940504518142,SOUTHERN_BRITTANY
521,2009-11-12,224.98875,439.7761243725431,-60.61618037997511,-154.171193992568,81.90288562525281,19.655781013712947,66.58313598980189,13.761082996485165,False,-1.0600940504518142,SOUTHERN_BRITTANY
522,2009-11-20,238.1725,445.2038955217374,-8.095510067666849,-198.93588545407056,81.90288562525281,19.655781013712947,66.58313598980189,13.761082996485165,False,-1.0600940504518142,SOUTHERN_BRITTANY
523,2009-11-28,297.54,450.97087769096447,26.3351005170092,-179.76597820797366,81.90288562525281,19.655781013712947,66.58313598980189,13.761082996485165,False,-1.0600940504518142,SOUTHERN_BRITTANY
524,2009-12-04,396.625,457.04474416211593,135.6996986921927,-196.11944285430863,81.90288562525281,19.655781013712947,66.58313598980189,13.761082996485165,False,-1.0600940504518142,SOUTHERN_BRITTANY
525,2009-12-12,408.45,463.39012332588527,267.96012673114,-322.9002500570253,81.90288562525281,19.655781013712947,66.58313598980189,13.761082996485165,False,-1.0600940504518142,SOUTHERN_BRITTANY
526,2009-12-20,435.3875,469.9662006130699,426.1536060379996,-460.7323066510695,81.90288562525281,19.655781013712947,66.58313598980189,13.761082996485165,False,-1.0600940504518142,SOUTHERN_BRITTANY
527,2009-12-28,755.657142857143,476.72395462352864,431.3595974495163,-152.42640921590197,81.90288562525281,19.655781013712947,66.58313598980189,13.761082996485165,False,-1.0600940504518142,SOUTHERN_BRITTANY
528,2010-01-04,786.5375,483.6235814152571,379.2992847584477,-76.38536617370471,81.90288562525281,19.655781013712947,66.58313598980189,13.761082996485165,False,-1.0600940504518142,SOUTHERN_BRITTANY
529,2010-01-12,994.3,490.6315056924077,474.2958882290317,29.372606078560523,81.90288562525281,19.655781013712947,66.58313598980189,13.761082996485165,False,-1.0600940504518142,SOUTHERN_BRITTANY
530,2010-01-20,870.0142857142856,497.7211630358056,370.9410971109255,1.352025567554506,81.90288562525281,19.655781013712947,66.58313598980189,13.761082996485165,False,-1.0600940504518142,SOUTHERN_BRITTANY
531,2010-01-28,870.0142857142856,504.8691326772773,397.4365490122159,-32.29139597520759,81.90288562525281,19.655781013712947,66.58313598980189,13.761082996485165,False,-1.0600940504518142,SOUTHERN_BRITTANY
532,2010-02-04,870.0142857142856,512.0684819517385,384.55150515642,-26.605701393872835,81.90288562525281,19.655781013712947,66.58313598980189,13.761082996485165,False,-1.0600940504518142,SOUTHERN_BRITTANY
533,2010-02-12,922.28625,519.3287131784817,372.7692023004842,30.18833452103405,81.90288562525281,19.655781013712947,66.58313598980189,13.761082996485165,False,-1.0600940504518142,SOUTHERN_BRITTANY
534,2010-02-20,1035.602017095188,526.6619360122014,379.9054258784081,129.03465520457837,81.90288562525281,19.655781013712947,66.58313598980189,13.761082996485165,False,-1.0600940504518142,SOUTHERN_BRITTANY
535,2010-02-28,1298.15,534.076109129199,493.65270833158536,270.4211825392157,81.90288562525281,19.655781013712947,66.58313598980189,13.761082996485165,False,-1.0600940504518142,SOUTHERN_BRITTANY
536,2010-03-04,1298.15,541.571889760544,469.1070077106879,287.47110252876826,81.90288562525281,19.655781013712947,66.58313598980189,13.761082996485165,False,-1.0600940504518142,SOUTHERN_BRITTANY
537,2010-03-12,833.7875,549.1404057679742,227.1889483597201,57.45814587230572,81.90288562525281,19.655781013712947,66.58313598980189,13.761082996485165,False,-1.0600940504518142,SOUTHERN_BRITTANY
538,2010-03-20,707.0571428571428,556.7588515113114,114.33862657666988,35.95966476916158,81.90288562525281,19.655781013712947,66.58313598980189,13.761082996485165,False,-1.0600940504518142,SOUTHERN_BRITTANY
539,2010-03-28,707.0571428571428,564.3915666551364,105.94507437179904,36.72050183020734,81.90288562525281,19.655781013712947,66.58313598980189,13.761082996485165,False,-1.0600940504518142,SOUTHERN_BRITTANY
540,2010-04-04,916.37375,571.988005568166,201.88693347698,142.49881095485395,81.90288562525281,19.655781013712947,66.58313598980189,13.761082996485165,False,-1.0600940504518142,SOUTHERN_BRITTANY
541,2010-04-12,916.37375,579.4898694085554,171.27486715225018,165.60901343919443,81.90288562525281,19.655781013712947,66.58313598980189,13.761082996485165,False,-1.0600940504518142,SOUTHERN_BRITTANY
542,2010-04-20,574.9,586.8346327164879,-19.45837133554943,7.523738619061476,81.90288562525281,19.655781013712947,66.58313598980189,13.761082996485165,False,-1.0600940504518142,SOUTHERN_BRITTANY
543,2010-04-28,423.5916666666667,593.9598533755322,-63.88747559000915,-106.4807111188564,81.90288562525281,19.655781013712947,66.58313598980189,13.761082996485165,False,-1.0600940504518142,SOUTHERN_BRITTANY
544,2010-05-04,423.5916666666667,600.8109161663297,-68.17374360287633,-109.04550589678664,81.90288562525281,19.655781013712947,66.58313598980189,13.761082996485165,False,-1.0600940504518142,SOUTHERN_BRITTANY
545,2010-05-12,712.59875,607.340784027546,60.52563126738017,44.73233470507386,81.90288562525281,19.655781013712947,66.58313598980189,13.761082996485165,False,-1.0600940504518142,SOUTHERN_BRITTANY
546,2010-05-20,712.59875,613.5054265101185,43.82633452177656,55.26698896810497,81.90288562525281,19.655781013712947,66.58313598980189,13.761082996485165,False,-1.0600940504518142,SOUTHERN_BRITTANY
547,2010-05-28,431.14142857142855,619.2590988819269,-150.5706094088433,-37.54706090165504,81.90288562525281,19.655781013712947,66.58313598980189,13.761082996485165,False,-1.0600940504518142,SOUTHERN_BRITTANY
548,2010-06-04,431.14142857142855,624.5480447801989,-158.0999012587958,-35.30671494997455,81.90288562525281,19.655781013712947,66.58313598980189,13.761082996485165,False,-1.0600940504518142,SOUTHERN_BRITTANY
549,2010-06-12,682.2262499999999,629.3107445996784,-47.65214573193606,100.5676511322576,81.90288562525281,19.655781013712947,66.58313598980189,13.761082996485165,False,-1.0600940504518142,SOUTHERN_BRITTANY
550,2010-06-20,727.6821666666666,633.4846525426691,-32.694408386975056,126.89192251097256,81.90288562525281,19.655781013712947,66.58313598980189,13.761082996485165,False,-1.0600940504518142,SOUTHERN_BRITTANY
551,2010-06-28,727.6821666666666,637.0099860305231,-63.43389445577354,154.10607509191703,81.90288562525281,19.655781013712947,66.58313598980189,13.761082996485165,False,-1.0600940504518142,SOUTHERN_BRITTANY
552,2010-07-04,399.490375,639.8343598918392,-253.0373558034645,12.693370911625236,81.90288562525281,19.655781013712947,66.58313598980189,13.761082996485165,False,-1.0600940504518142,SOUTHERN_BRITTANY
553,2010-07-12,305.772,641.910704268615,-307.1003510950744,-29.0383531735406,81.90288562525281,19.655781013712947,66.58313598980189,13.761082996485165,False,-1.0600940504518142,SOUTHERN_BRITTANY
554,2010-07-20,300.76714285714286,643.1977110896487,-294.74838814301347,-47.68218008949236,81.90288562525281,19.655781013712947,66.58313598980189,13.761082996485165,False,-1.0600940504518142,SOUTHERN_BRITTANY
555,2010-07-28,251.59,643.6597656682368,-320.0060400589952,-72.06372560924154,81.90288562525281,19.655781013712947,66.58313598980189,13.761082996485165,False,-1.0600940504518142,SOUTHERN_BRITTANY
556,2010-08-04,224.79275,643.2670403267077,-347.9013565253477,-70.57293380136002,81.90288562525281,19.655781013712947,66.58313598980189,13.761082996485165,False,-1.0600940504518142,SOUTHERN_BRITTANY
557,2010-08-12,200.254625,641.9963418849593,-358.78490516266794,-82.95681172229132,81.90288562525281,19.655781013712947,66.58313598980189,13.761082996485165,False,-1.0600940504518142,SOUTHERN_BRITTANY
558,2010-08-20,168.27314285714286,639.8312963154124,-375.9760752359932,-95.58207822227638,81.90288562525281,19.655781013712947,66.58313598980189,13.761082996485165,False,-1.0600940504518142,SOUTHERN_BRITTANY
559,2010-08-28,166.081625,636.764164619481,-372.2733648750707,-98.40917474441028,81.90288562525281,19.655781013712947,66.58313598980189,13.761082996485165,False,-1.0600940504518142,SOUTHERN_BRITTANY
560,2010-09-04,168.27314285714286,632.7970482695364,-358.35449480025807,-106.1694106121355,81.90288562525281,19.655781013712947,66.58313598980189,13.761082996485165,False,-1.0600940504518142,SOUTHERN_BRITTANY
561,2010-09-12,241.689875,627.9427151299514,-314.1545016928269,-72.09833843712443,81.90288562525281,19.655781013712947,66.58313598980189,13.761082996485165,False,-1.0600940504518142,SOUTHERN_BRITTANY
562,2010-09-20,241.689875,622.2252242561418,-314.29535714533745,-66.23999211080434,81.90288562525281,19.655781013712947,66.58313598980189,13.761082996485165,False,-1.0600940504518142,SOUTHERN_BRITTANY
563,2010-09-28,231.525,615.6792896794514,-322.9997373866866,-61.15455229276478,81.90288562525281,19.655781013712947,66.58313598980189,13.761082996485165,False,-1.0600940504518142,SOUTHERN_BRITTANY
564,2010-10-04,231.525,608.3500109588805,-327.34892962393667,-49.47608133494384,81.90288562525281,19.655781013712947,66.58313598980189,13.761082996485165,False,-1.0600940504518142,SOUTHERN_BRITTANY
565,2010-10-12,231.525,600.2912841453098,-323.05143260185173,-45.71485154345805,81.90288562525281,19.655781013712947,66.58313598980189,13.761082996485165,False,-1.0600940504518142,SOUTHERN_BRITTANY
566,2010-10-20,217.5282857142857,591.5636392756679,-321.006057198288,-53.02929636309421,81.90288562525281,19.655781013712947,66.58313598980189,13.761082996485165,False,-1.0600940504518142,SOUTHERN_BRITTANY
567,2010-10-28,217.5282857142857,582.2313667952362,-318.72302939692133,-45.98005168402915,81.90288562525281,19.655781013712947,66.58313598980189,13.761082996485165,False,-1.0600940504518142,SOUTHERN_BRITTANY
568,2010-11-04,345.9675,572.3613831022391,-232.80388276771347,6.409999665474373,81.90288562525281,19.655781013712947,66.58313598980189,13.761082996485165,False,-1.0600940504518142,SOUTHERN_BRITTANY
569,2010-11-12,575.5575,562.0193934262029,-90.3297565290543,103.8678631028514,81.90288562525281,19.655781013712947,66.58313598980189,13.761082996485165,False,-1.0600940504518142,SOUTHERN_BRITTANY
570,2010-11-20,810.27,551.2676136109011,33.60491946275207,225.3974669263468,81.90288562525281,19.655781013712947,66.58313598980189,13.761082996485165,False,-1.0600940504518142,SOUTHERN_BRITTANY
571,2010-11-28,810.27,540.1675435891423,40.36622337043038,229.7362330404273,81.90288562525281,19.655781013712947,66.58313598980189,13.761082996485165,False,-1.0600940504518142,SOUTHERN_BRITTANY
572,2010-12-04,810.27,528.7803696653863,67.04772707395067,214.44190326066305,81.90288562525281,19.655781013712947,66.58313598980189,13.761082996485165,False,-1.0600940504518142,SOUTHERN_BRITTANY
573,2010-12-12,1208.96375,517.1681169954502,326.93762976054416,364.8580032440056,81.90288562525281,19.655781013712947,66.58313598980189,13.761082996485165,False,-1.0600940504518142,SOUTHERN_BRITTANY
574,2010-12-20,1770.3857142857144,505.3943869201675,819.2386230688641,445.75270429668274,81.90288562525281,19.655781013712947,66.58313598980189,13.761082996485165,False,-1.0600940504518142,SOUTHERN_BRITTANY
575,2010-12-28,1208.96375,493.5219918500842,705.9980603710725,9.443697778843216,81.90288562525281,19.655781013712947,66.58313598980189,13.761082996485165,False,-1.0600940504518142,SOUTHERN_BRITTANY
576,2011-01-04,1163.8375,481.6076908823761,716.5878495619048,-34.358040444280846,81.90288562525281,19.655781013712947,66.58313598980189,13.761082996485165,False,-1.0600940504518142,SOUTHERN_BRITTANY
577,2011-01-12,1130.2,469.7083688540075,754.8232264811769,-94.33159533518436,81.90288562525281,19.655781013712947,66.58313598980189,13.761082996485165,False,-1.0600940504518142,SOUTHERN_BRITTANY
578,2011-01-20,958.1561649622066,457.8761083179933,461.5050929418036,38.77496370240971,81.90288562525281,19.655781013712947,66.58313598980189,13.761082996485165,False,-1.0600940504518142,SOUTHERN_BRITTANY
579,2011-01-28,691.7602341777273,446.1724204508407,319.6737655715324,-74.08595184464576,81.90288562525281,19.655781013712947,66.58313598980189,13.761082996485165,False,-1.0600940504518142,SOUTHERN_BRITTANY
580,2011-02-04,552.325,434.6631539729124,218.28698989755995,-100.62514387047229,81.90288562525281,19.655781013712947,66.58313598980189,13.761082996485165,False,-1.0600940504518142,SOUTHERN_BRITTANY
581,2011-02-12,482.25,423.4268166234559,152.49709550930316,-93.67391213275909,81.90288562525281,19.655781013712947,66.58313598980189,13.761082996485165,False,-1.0600940504518142,SOUTHERN_BRITTANY
582,2011-02-20,482.25,412.5555939883289,180.1490104217255,-110.4546044100544,81.90288562525281,19.655781013712947,66.58313598980189,13.761082996485165,False,-1.0600940504518142,SOUTHERN_BRITTANY
583,2011-02-28,533.15,402.14410840828464,259.9974736692811,-128.99158207756574,81.90288562525281,19.655781013712947,66.58313598980189,13.761082996485165,False,-1.0600940504518142,SOUTHERN_BRITTANY
584,2011-03-04,533.15,392.2853181792924,260.3555974376076,-119.49091561690004,81.90288562525281,19.655781013712947,66.58313598980189,13.761082996485165,False,-1.0600940504518142,SOUTHERN_BRITTANY
585,2011-03-12,575.725,383.0661710985398,160.12254391350183,32.53628498795837,81.90288562525281,19.655781013712947,66.58313598980189,13.761082996485165,False,-1.0600940504518142,SOUTHERN_BRITTANY
586,2011-03-20,489.9318192135618,374.56133764092255,72.48319482361079,42.88728674902849,81.90288562525281,19.655781013712947,66.58313598980189,13.761082996485165,False,-1.0600940504518142,SOUTHERN_BRITTANY
587,2011-03-28,499.1538094944098,366.8296515318444,74.38863896941251,57.935518993152925,81.90288562525281,19.655781013712947,66.58313598980189,13.761082996485165,False,-1.0600940504518142,SOUTHERN_BRITTANY
588,2011-04-04,489.9318192135618,359.9217340708295,104.53711057238836,25.47297457034398,81.90288562525281,19.655781013712947,66.58313598980189,13.761082996485165,False,-1.0600940504518142,SOUTHERN_BRITTANY
589,2011-04-12,370.72,353.8816604189664,45.532623148978566,-28.69428356794496,81.90288562525281,19.655781013712947,66.58313598980189,13.761082996485165,False,-1.0600940504518142,SOUTHERN_BRITTANY
590,2011-04-20,286.01875,348.7466420839692,-49.25611901641937,-13.471773067549783,81.90288562525281,19.655781013712947,66.58313598980189,13.761082996485165,False,-1.0600940504518142,SOUTHERN_BRITTANY
591,2011-04-28,235.14,344.53818317176564,63.77227069353301,-173.17045386529867,81.90288562525281,19.655781013712947,66.58313598980189,13.761082996485165,False,-1.0600940504518142,SOUTHERN_BRITTANY
592,2011-05-04,214.79,341.24703360310605,51.57713447784548,-178.03416808095153,81.90288562525281,19.655781013712947,66.58313598980189,13.761082996485165,False,-1.0600940504518142,SOUTHERN_BRITTANY
593,2011-05-12,184.3025,338.8455652393152,43.442827652173655,-197.98589289148885,81.90288562525281,19.655781013712947,66.58313598980189,13.761082996485165,False,-1.0600940504518142,SOUTHERN_BRITTANY
594,2011-05-20,166.815625,337.3014703374339,34.23395298827353,-204.71979832570744,81.90288562525281,19.655781013712947,66.58313598980189,13.761082996485165,False,-1.0600940504518142,SOUTHERN_BRITTANY
595,2011-05-28,146.08485714285715,336.5808413467377,-84.81184609546095,-105.68413810841962,81.90288562525281,19.655781013712947,66.58313598980189,13.761082996485165,False,-1.0600940504518142,SOUTHERN_BRITTANY
596,2011-06-04,146.08485714285715,336.6464557129912,-84.42248516875986,-106.1391134013742,81.90288562525281,19.655781013712947,66.58313598980189,13.761082996485165,False,-1.0600940504518142,SOUTHERN_BRITTANY
597,2011-06-12,140.919375,337.45601666711684,-43.684763119240685,-152.85187854787614,81.90288562525281,19.655781013712947,66.58313598980189,13.761082996485165,False,-1.0600940504518142,SOUTHERN_BRITTANY
598,2011-06-20,132.46975,338.96368702154086,-59.07888501504654,-147.4150520064943,81.90288562525281,19.655781013712947,66.58313598980189,13.761082996485165,False,-1.0600940504518142,SOUTHERN_BRITTANY
599,2011-06-28,120.4215,341.1232031718006,-124.29078340302706,-96.41091976877354,81.90288562525281,19.655781013712947,66.58313598980189,13.761082996485165,False,-1.0600940504518142,SOUTHERN_BRITTANY
600,2011-07-04,99.059125,343.88426863835764,-226.38004506129312,-18.445098577064527,81.90288562525281,19.655781013712947,66.58313598980189,13.761082996485165,False,-1.0600940504518142,SOUTHERN_BRITTANY
601,2011-07-12,99.059125,347.18958997249115,-274.48977026605115,26.35930529356,81.90288562525281,19.655781013712947,66.58313598980189,13.761082996485165,False,-1.0600940504518142,SOUTHERN_BRITTANY
602,2011-07-20,159.15800000000002,350.97308687600366,-258.6841816203125,66.86909474430882,81.90288562525281,19.655781013712947,66.58313598980189,13.761082996485165,False,-1.0600940504518142,SOUTHERN_BRITTANY
603,2011-07-28,159.15800000000002,355.165020187547,-302.3363265885486,106.32930640100165,81.90288562525281,19.655781013712947,66.58313598980189,13.761082996485165,False,-1.0600940504518142,SOUTHERN_BRITTANY
604,2011-08-04,143.663625,359.6950022167494,-331.73255319906,115.70117598231062,81.90288562525281,19.655781013712947,66.58313598980189,13.761082996485165,False,-1.0600940504518142,SOUTHERN_BRITTANY
605,2011-08-12,135.34025,364.4926133333892,-356.2388956835619,127.08653235017267,81.90288562525281,19.655781013712947,66.58313598980189,13.761082996485165,False,-1.0600940504518142,SOUTHERN_BRITTANY
606,2011-08-20,132.99085714285715,369.4878463421595,-379.5884693390059,143.09148013970352,81.90288562525281,19.655781013712947,66.58313598980189,13.761082996485165,False,-1.0600940504518142,SOUTHERN_BRITTANY
607,2011-08-28,132.99085714285715,374.6107812245074,-383.3844510093988,141.76452692774856,81.90288562525281,19.655781013712947,66.58313598980189,13.761082996485165,False,-1.0600940504518142,SOUTHERN_BRITTANY
608,2011-09-04,144.73125,379.79189409664,-376.7127787936206,141.65213469698057,81.90288562525281,19.655781013712947,66.58313598980189,13.761082996485165,False,-1.0600940504518142,SOUTHERN_BRITTANY
609,2011-09-12,156.841375,384.9636946520831,-352.5734190251308,124.45109937304775,81.90288562525281,19.655781013712947,66.58313598980189,13.761082996485165,False,-1.0600940504518142,SOUTHERN_BRITTANY
610,2011-09-20,144.73125,390.06255046849407,-352.8030382821511,107.471737813657,81.90288562525281,19.655781013712947,66.58313598980189,13.761082996485165,False,-1.0600940504518142,SOUTHERN_BRITTANY
611,2011-09-28,121.629,395.0301782937136,-369.7370237741853,96.3358454804718,81.90288562525281,19.655781013712947,66.58313598980189,13.761082996485165,False,-1.0600940504518142,SOUTHERN_BRITTANY
612,2011-10-04,110.83725,399.8140064542423,-376.9283692666301,87.95161281238785,81.90288562525281,19.655781013712947,66.58313598980189,13.761082996485165,False,-1.0600940504518142,SOUTHERN_BRITTANY
613,2011-10-12,110.83725,404.3687166862477,-355.74603204941525,62.21456536316754,81.90288562525281,19.655781013712947,66.58313598980189,13.761082996485165,False,-1.0600940504518142,SOUTHERN_BRITTANY
614,2011-10-20,127.81657142857144,408.656799564846,-345.89085937959203,65.05063124331747,81.90288562525281,19.655781013712947,66.58313598980189,13.761082996485165,False,-1.0600940504518142,SOUTHERN_BRITTANY
615,2011-10-28,128.21075,412.6508229204839,-288.87342483204463,4.433351911560749,81.90288562525281,19.655781013712947,66.58313598980189,13.761082996485165,False,-1.0600940504518142,SOUTHERN_BRITTANY
616,2011-11-04,156.824625,416.3317913769685,-249.36468157048984,-10.14248480647862,81.90288562525281,19.655781013712947,66.58313598980189,13.761082996485165,False,-1.0600940504518142,SOUTHERN_BRITTANY
617,2011-11-12,239.491,419.69603737133446,-159.88619310257775,-20.31884426875672,81.90288562525281,19.655781013712947,66.58313598980189,13.761082996485165,False,-1.0600940504518142,SOUTHERN_BRITTANY
618,2011-11-20,239.491,422.7608236975389,-138.69348623038704,-44.57633746715189,81.90288562525281,19.655781013712947,66.58313598980189,13.761082996485165,False,-1.0600940504518142,SOUTHERN_BRITTANY
619,2011-11-28,196.7325,425.5666812501175,-168.11909724986546,-60.715084000252034,81.90288562525281,19.655781013712947,66.58313598980189,13.761082996485165,False,-1.0600940504518142,SOUTHERN_BRITTANY
620,2011-12-04,196.7325,428.1706661316186,-141.16461625199992,-90.27354987961868,81.90288562525281,19.655781013712947,66.58313598980189,13.761082996485165,False,-1.0600940504518142,SOUTHERN_BRITTANY
621,2011-12-12,416.34875,430.6353567269464,163.48074708645845,-177.76735381340484,81.90288562525281,19.655781013712947,66.58313598980189,13.761082996485165,False,-1.0600940504518142,SOUTHERN_BRITTANY
622,2011-12-20,1220.4142857142856,433.0202972474349,937.9337153318884,-150.53972686503755,81.90288562525281,19.655781013712947,66.58313598980189,13.761082996485165,False,-1.0600940504518142,SOUTHERN_BRITTANY
623,2011-12-28,1551.6375,435.3742496571891,962.8439007728656,153.4193495699452,81.90288562525281,19.655781013712947,66.58313598980189,13.761082996485165,False,-1.0600940504518142,SOUTHERN_BRITTANY
624,2012-01-04,1637.075,437.739492807098,870.8749296021151,328.4605775907869,81.90288562525281,19.655781013712947,66.58313598980189,13.761082996485165,False,-1.0600940504518142,SOUTHERN_BRITTANY
625,2012-01-12,1637.075,440.1535831292722,862.5143391285968,334.40707774213104,81.90288562525281,19.655781013712947,66.58313598980189,13.761082996485165,False,-1.0600940504518142,SOUTHERN_BRITTANY
626,2012-01-20,920.1375,442.6609196999694,495.9464875967026,-18.46990729667192,81.90288562525281,19.655781013712947,66.58313598980189,13.761082996485165,False,-1.0600940504518142,SOUTHERN_BRITTANY
627,2012-01-28,873.2957142857142,445.3031301204591,445.6832483202496,-17.690664154994465,81.90288562525281,19.655781013712947,66.58313598980189,13.761082996485165,False,-1.0600940504518142,SOUTHERN_BRITTANY
628,2012-02-04,734.375,448.1250472866032,540.0274709847899,-253.77751827139315,81.90288562525281,19.655781013712947,66.58313598980189,13.761082996485165,False,-1.0600940504518142,SOUTHERN_BRITTANY
629,2012-02-12,547.6475,451.1569349796919,430.1835807101009,-333.6930156897928,81.90288562525281,19.655781013712947,66.58313598980189,13.761082996485165,False,-1.0600940504518142,SOUTHERN_BRITTANY
630,2012-02-20,534.295,454.41834256240367,183.90684411507397,-104.03018667747764,81.90288562525281,19.655781013712947,66.58313598980189,13.761082996485165,False,-1.0600940504518142,SOUTHERN_BRITTANY
631,2012-02-28,479.64,457.9399356383955,69.26914605852366,-47.5690816969192,81.90288562525281,19.655781013712947,66.58313598980189,13.761082996485165,False,-1.0600940504518142,SOUTHERN_BRITTANY
632,2012-03-04,472.19625,461.7665033572795,47.75455985755139,-37.32481321483085,81.90288562525281,19.655781013712947,66.58313598980189,13.761082996485165,False,-1.0600940504518142,SOUTHERN_BRITTANY
633,2012-03-12,441.97625,465.95125464151215,45.12543609858239,-69.10044074009454,81.90288562525281,19.655781013712947,66.58313598980189,13.761082996485165,False,-1.0600940504518142,SOUTHERN_BRITTANY
634,2012-03-20,382.03,470.55107766607614,-4.530412006400665,-83.9906656596755,81.90288562525281,19.655781013712947,66.58313598980189,13.761082996485165,False,-1.0600940504518142,SOUTHERN_BRITTANY
635,2012-03-28,364.9057142857143,475.622372050878,-13.268594989980055,-97.44806277518369,81.90288562525281,19.655781013712947,66.58313598980189,13.761082996485165,False,-1.0600940504518142,SOUTHERN_BRITTANY
636,2012-04-04,289.69875,481.2146127115315,-51.98387842009088,-139.5319842914406,81.90288562525281,19.655781013712947,66.58313598980189,13.761082996485165,False,-1.0600940504518142,SOUTHERN_BRITTANY
637,2012-04-12,289.69875,487.3661627914281,-40.50257464576071,-157.16483814566735,81.90288562525281,19.655781013712947,66.58313598980189,13.761082996485165,False,-1.0600940504518142,SOUTHERN_BRITTANY
638,2012-04-20,422.12375,494.0984390491615,4.386016969392443,-76.360706018554,81.90288562525281,19.655781013712947,66.58313598980189,13.761082996485165,False,-1.0600940504518142,SOUTHERN_BRITTANY
639,2012-04-28,1132.8,501.41725838499457,345.51490631517004,285.8678352998354,81.90288562525281,19.655781013712947,66.58313598980189,13.761082996485165,False,-1.0600940504518142,SOUTHERN_BRITTANY
640,2012-05-04,1132.8,509.3210763798629,403.3645811852946,220.11434243484248,81.90288562525281,19.655781013712947,66.58313598980189,13.761082996485165,False,-1.0600940504518142,SOUTHERN_BRITTANY
641,2012-05-12,878.40875,517.7935320859688,283.0959886971426,77.51922921688868,81.90288562525281,19.655781013712947,66.58313598980189,13.761082996485165,False,-1.0600940504518142,SOUTHERN_BRITTANY
642,2012-05-20,878.40875,526.8072012100163,275.49876436415593,76.10278442582785,81.90288562525281,19.655781013712947,66.58313598980189,13.761082996485165,False,-1.0600940504518142,SOUTHERN_BRITTANY
643,2012-05-28,723.25125,536.326255833844,190.13243426890364,-3.2074401027476256,81.90288562525281,19.655781013712947,66.58313598980189,13.761082996485165,False,-1.0600940504518142,SOUTHERN_BRITTANY
644,2012-06-04,723.25125,546.3086404619959,152.89568514096644,24.046924397037717,81.90288562525281,19.655781013712947,66.58313598980189,13.761082996485165,False,-1.0600940504518142,SOUTHERN_BRITTANY
645,2012-06-12,647.3199999999999,556.7118622607734,-14.962413744257006,105.57055148348356,81.90288562525281,19.655781013712947,66.58313598980189,13.761082996485165,False,-1.0600940504518142,SOUTHERN_BRITTANY
646,2012-06-20,573.92125,567.498447545538,-70.13708776947404,76.55989022393597,81.90288562525281,19.655781013712947,66.58313598980189,13.761082996485165,False,-1.0600940504518142,SOUTHERN_BRITTANY
647,2012-06-28,372.39166666666665,578.6355346892043,-246.3567875358365,40.11291951329886,81.90288562525281,19.655781013712947,66.58313598980189,13.761082996485165,False,-1.0600940504518142,SOUTHERN_BRITTANY
648,2012-07-04,372.39166666666665,590.1005358214214,-279.5371461624592,61.8282770077044,81.90288562525281,19.655781013712947,66.58313598980189,13.761082996485165,False,-1.0600940504518142,SOUTHERN_BRITTANY
649,2012-07-12,305.422875,601.8829886997278,-332.4761975083554,36.01608380862763,81.90288562525281,19.655781013712947,66.58313598980189,13.761082996485165,False,-1.0600940504518142,SOUTHERN_BRITTANY
650,2012-07-20,280.552375,613.9843051915946,-348.30813848687,14.876208295275433,81.90288562525281,19.655781013712947,66.58313598980189,13.761082996485165,False,-1.0600940504518142,SOUTHERN_BRITTANY
651,2012-07-28,183.15285714285716,626.414242991374,-405.60881786486857,-37.65256798364828,81.90288562525281,19.655781013712947,66.58313598980189,13.761082996485165,False,-1.0600940504518142,SOUTHERN_BRITTANY
652,2012-08-04,163.39,639.1869202672214,-421.7046332958552,-54.09228697136621,81.90288562525281,19.655781013712947,66.58313598980189,13.761082996485165,False,-1.0600940504518142,SOUTHERN_BRITTANY
653,2012-08-12,152.8305,652.3166227272596,-448.5705096519429,-50.915613075316685,81.90288562525281,19.655781013712947,66.58313598980189,13.761082996485165,False,-1.0600940504518142,SOUTHERN_BRITTANY
654,2012-08-20,128.952,665.81533704576,-492.9469538646729,-43.91638318108704,81.90288562525281,19.655781013712947,66.58313598980189,13.761082996485165,False,-1.0600940504518142,SOUTHERN_BRITTANY
655,2012-08-28,128.952,679.6917546576132,-523.3587355018016,-27.3810191558116,81.90288562525281,19.655781013712947,66.58313598980189,13.761082996485165,False,-1.0600940504518142,SOUTHERN_BRITTANY
656,2012-09-04,133.474,693.9487710136677,-529.2173934147561,-31.25737759891172,81.90288562525281,19.655781013712947,66.58313598980189,13.761082996485165,False,-1.0600940504518142,SOUTHERN_BRITTANY
657,2012-09-12,138.463625,708.5808478683338,-526.3361408931805,-43.781081975153256,81.90288562525281,19.655781013712947,66.58313598980189,13.761082996485165,False,-1.0600940504518142,SOUTHERN_BRITTANY
658,2012-09-20,172.78333333333333,723.5726727235027,-515.3056347720278,-35.48370461814159,81.90288562525281,19.655781013712947,66.58313598980189,13.761082996485165,False,-1.0600940504518142,SOUTHERN_BRITTANY
659,2012-09-28,172.78333333333333,738.8985638480141,-527.6332418239684,-38.48198869071234,81.90288562525281,19.655781013712947,66.58313598980189,13.761082996485165,False,-1.0600940504518142,SOUTHERN_BRITTANY
660,2012-10-04,172.78333333333333,754.5226983358575,-537.401023421966,-44.33834158055822,81.90288562525281,19.655781013712947,66.58313598980189,13.761082996485165,False,-1.0600940504518142,SOUTHERN_BRITTANY
661,2012-10-12,263.815,770.4000171462712,-488.2953363115616,-18.289680834709657,81.90288562525281,19.655781013712947,66.58313598980189,13.761082996485165,False,-1.0600940504518142,SOUTHERN_BRITTANY
662,2012-10-20,297.3285714285715,786.4778509147811,-451.939376478956,-37.20990300725367,81.90288562525281,19.655781013712947,66.58313598980189,13.761082996485165,False,-1.0600940504518142,SOUTHERN_BRITTANY
663,2012-10-28,552.95,802.6943891319261,-311.6567926282049,61.9124034962789,81.90288562525281,19.655781013712947,66.58313598980189,13.761082996485165,False,-1.0600940504518142,SOUTHERN_BRITTANY
664,2012-11-04,565.0500000000001,818.980270668911,-222.76636064377303,-31.16391002513785,81.90288562525281,19.655781013712947,66.58313598980189,13.761082996485165,False,-1.0600940504518142,SOUTHERN_BRITTANY
665,2012-11-12,565.0500000000001,835.2531060769766,-134.32767213962535,-135.87543393735115,81.90288562525281,19.655781013712947,66.58313598980189,13.761082996485165,False,-1.0600940504518142,SOUTHERN_BRITTANY
666,2012-11-20,446.625,851.4205588437358,-161.3964067138875,-243.39915212984823,81.90288562525281,19.655781013712947,66.58313598980189,13.761082996485165,False,-1.0600940504518142,SOUTHERN_BRITTANY
667,2012-11-28,446.625,867.3808293806479,-219.00793635666253,-201.7478930239854,81.90288562525281,19.655781013712947,66.58313598980189,13.761082996485165,False,-1.0600940504518142,SOUTHERN_BRITTANY
668,2012-12-04,585.73,883.0296110504802,-209.60915145187664,-87.69045959860352,81.90288562525281,19.655781013712947,66.58313598980189,13.761082996485165,False,-1.0600940504518142,SOUTHERN_BRITTANY
669,2012-12-12,986.6625,898.2674454954679,-19.766379869159927,108.16143437369206,81.90288562525281,19.655781013712947,66.58313598980189,13.761082996485165,False,-1.0600940504518142,SOUTHERN_BRITTANY
670,2012-12-20,1923.8625,913.0091452764208,646.2537353271659,364.5996193964132,81.90288562525281,19.655781013712947,66.58313598980189,13.761082996485165,False,-1.0600940504518142,SOUTHERN_BRITTANY
671,2012-12-28,1923.8625,927.1950445179264,884.9480202518477,111.71943523022584,81.90288562525281,19.655781013712947,66.58313598980189,13.761082996485165,False,-1.0600940504518142,SOUTHERN_BRITTANY
672,2013-01-04,1428.5625,940.7796520412968,656.099209126694,-168.31636116799086,81.90288562525281,19.655781013712947,66.58313598980189,13.761082996485165,False,-1.0600940504518142,SOUTHERN_BRITTANY
673,2013-01-12,1428.5625,953.7266470501884,647.340814134665,-172.5049611848534,81.90288562525281,19.655781013712947,66.58313598980189,13.761082996485165,False,-1.0600940504518142,SOUTHERN_BRITTANY
674,2013-01-20,1565.575,965.9983130017464,534.0300659694875,65.54662102876625,81.90288562525281,19.655781013712947,66.58313598980189,13.761082996485165,False,-1.0600940504518142,SOUTHERN_BRITTANY
675,2013-01-28,1719.642857142857,977.5473852782876,759.7763441280584,-17.680872263488936,81.90288562525281,19.655781013712947,66.58313598980189,13.761082996485165,False,-1.0600940504518142,SOUTHERN_BRITTANY
676,2013-02-04,2509.35,988.3031094136325,1214.7601154700994,306.28677511626825,81.90288562525281,19.655781013712947,66.58313598980189,13.761082996485165,False,-1.0600940504518142,SOUTHERN_BRITTANY
677,2013-02-12,2509.35,998.1846581815472,1108.0801470280164,403.0851947904364,81.90288562525281,19.655781013712947,66.58313598980189,13.761082996485165,False,-1.0600940504518142,SOUTHERN_BRITTANY
678,2013-02-20,1546.3375,1007.1079624386956,619.9858653569144,-80.75632779560988,81.90288562525281,19.655781013712947,66.58313598980189,13.761082996485165,False,-1.0600940504518142,SOUTHERN_BRITTANY
679,2013-02-28,1140.275,1014.9888600305542,371.6422368139815,-246.3560968445356,81.90288562525281,19.655781013712947,66.58313598980189,13.761082996485165,False,-1.0600940504518142,SOUTHERN_BRITTANY
680,2013-03-04,1062.3625,1021.7536224859977,219.19320625259533,-178.58432873859303,81.90288562525281,19.655781013712947,66.58313598980189,13.761082996485165,False,-1.0600940504518142,SOUTHERN_BRITTANY
681,2013-03-12,1062.3625,1027.3422780226051,121.40037379876014,-86.38015182136553,81.90288562525281,19.655781013712947,66.58313598980189,13.761082996485165,False,-1.0600940504518142,SOUTHERN_BRITTANY
682,2013-03-20,1062.3625,1031.711741407115,25.00867768331052,5.642080909574524,81.90288562525281,19.655781013712947,66.58313598980189,13.761082996485165,False,-1.0600940504518142,SOUTHERN_BRITTANY
683,2013-03-28,1046.7375,1034.8373498916192,11.558086189097082,0.3420639192837029,81.90288562525281,19.655781013712947,66.58313598980189,13.761082996485165,False,-1.0600940504518142,SOUTHERN_BRITTANY
684,2013-04-04,1046.7375,1036.712177576405,-50.33682798604411,60.36215040963873,81.90288562525281,19.655781013712947,66.58313598980189,13.761082996485165,False,-1.0600940504518142,SOUTHERN_BRITTANY
685,2013-04-12,1209.1625,1037.349158341997,-1.3654252344844853,173.17876689248737,81.90288562525281,19.655781013712947,66.58313598980189,13.761082996485165,False,-1.0600940504518142,SOUTHERN_BRITTANY
686,2013-04-20,1209.1625,1036.7826138995365,3.620848597517467,168.75903750294594,81.90288562525281,19.655781013712947,66.58313598980189,13.761082996485165,False,-1.0600940504518142,SOUTHERN_BRITTANY
687,2013-04-28,1209.1625,1035.0688087920114,181.19914459919207,-7.105453391203611,81.90288562525281,19.655781013712947,66.58313598980189,13.761082996485165,False,-1.0600940504518142,SOUTHERN_BRITTANY
688,2013-05-04,1472.83625,1032.286337290767,315.9481796376808,124.60173307155225,81.90288562525281,19.655781013712947,66.58313598980189,13.761082996485165,False,-1.0600940504518142,SOUTHERN_BRITTANY
689,2013-05-12,1545.3775,1028.538048140614,298.0360926296352,218.8033592297507,81.90288562525281,19.655781013712947,66.58313598980189,13.761082996485165,False,-1.0600940504518142,SOUTHERN_BRITTANY
690,2013-05-20,1545.3775,1023.931480424832,293.21291413186475,228.2331054433032,81.90288562525281,19.655781013712947,66.58313598980189,13.761082996485165,False,-1.0600940504518142,SOUTHERN_BRITTANY
691,2013-05-28,1545.3775,1018.57173814418,248.96314078135225,277.8426210744678,81.90288562525281,19.655781013712947,66.58313598980189,13.761082996485165,False,-1.0600940504518142,SOUTHERN_BRITTANY
692,2013-06-04,1405.62625,1012.5629815818306,161.16761409297132,231.89565432519808,81.90288562525281,19.655781013712947,66.58313598980189,13.761082996485165,False,-1.0600940504518142,SOUTHERN_BRITTANY
693,2013-06-12,895.57375,1006.0056716692336,-144.78307995426266,34.35115828502907,81.90288562525281,19.655781013712947,66.58313598980189,13.761082996485165,False,-1.0600940504518142,SOUTHERN_BRITTANY
694,2013-06-20,825.88125,998.9966234881412,-209.93047127236417,36.81509778422293,81.90288562525281,19.655781013712947,66.58313598980189,13.761082996485165,False,-1.0600940504518142,SOUTHERN_BRITTANY
695,2013-06-28,537.0433333333333,991.6286353903984,-397.0431997797319,-57.54210227733319,81.90288562525281,19.655781013712947,66.58313598980189,13.761082996485165,False,-1.0600940504518142,SOUTHERN_BRITTANY
696,2013-07-04,430.6575,983.983906173288,-440.3656541498117,-112.9607520234764,81.90288562525281,19.655781013712947,66.58313598980189,13.761082996485165,False,-1.0600940504518142,SOUTHERN_BRITTANY
697,2013-07-12,352.918125,976.1334094005048,-451.47475705785126,-171.74052734265348,81.90288562525281,19.655781013712947,66.58313598980189,13.761082996485165,False,-1.0600940504518142,SOUTHERN_BRITTANY
698,2013-07-20,290.6869718605204,968.1352132762992,-484.02548398113606,-193.4227574346429,81.90288562525281,19.655781013712947,66.58313598980189,13.761082996485165,False,-1.0600940504518142,SOUTHERN_BRITTANY
699,2013-07-28,290.6869718605204,960.0343603884472,-494.7096814966315,-174.63770703129552,81.90288562525281,19.655781013712947,66.58313598980189,13.761082996485165,False,-1.0600940504518142,SOUTHERN_BRITTANY
700,2013-08-04,343.2055,951.8642048855226,-470.93134980358855,-137.7273550819341,81.90288562525281,19.655781013712947,66.58313598980189,13.761082996485165,False,-1.0600940504518142,SOUTHERN_BRITTANY
701,2013-08-12,343.2055,943.6490797529004,-460.6085354971971,-139.83504425570328,81.90288562525281,19.655781013712947,66.58313598980189,13.761082996485165,False,-1.0600940504518142,SOUTHERN_BRITTANY
702,2013-08-20,284.868875,935.407020514988,-498.9858802001258,-151.55226531486227,81.90288562525281,19.655781013712947,66.58313598980189,13.761082996485165,False,-1.0600940504518142,SOUTHERN_BRITTANY
703,2013-08-28,217.592,927.1515795638624,-585.0392065213607,-124.52037304250166,81.90288562525281,19.655781013712947,66.58313598980189,13.761082996485165,False,-1.0600940504518142,SOUTHERN_BRITTANY
704,2013-09-04,217.592,918.8957246746174,-610.8157295581076,-90.48799511650986,81.90288562525281,19.655781013712947,66.58313598980189,13.761082996485165,False,-1.0600940504518142,SOUTHERN_BRITTANY
705,2013-09-12,242.6225,910.6531604315649,-604.7315978240126,-63.29906260755229,81.90288562525281,19.655781013712947,66.58313598980189,13.761082996485165,False,-1.0600940504518142,SOUTHERN_BRITTANY
706,2013-09-20,260.6255,902.4374470332216,-590.3027039416668,-51.50924309155471,81.90288562525281,19.655781013712947,66.58313598980189,13.761082996485165,False,-1.0600940504518142,SOUTHERN_BRITTANY
707,2013-09-28,263.32125,894.2623329304566,-590.8656554624816,-40.07542746797492,81.90288562525281,19.655781013712947,66.58313598980189,13.761082996485165,False,-1.0600940504518142,SOUTHERN_BRITTANY
708,2013-10-04,263.32125,886.1415052157608,-579.9608547422463,-42.8594004735146,81.90288562525281,19.655781013712947,66.58313598980189,13.761082996485165,False,-1.0600940504518142,SOUTHERN_BRITTANY
709,2013-10-12,306.9925,878.0865191851796,-496.4214014218064,-74.67261776337318,81.90288562525281,19.655781013712947,66.58313598980189,13.761082996485165,False,-1.0600940504518142,SOUTHERN_BRITTANY
710,2013-10-20,397.92875,870.10410157879,-440.91556370198,-31.25978787680998,81.90288562525281,19.655781013712947,66.58313598980189,13.761082996485165,False,-1.0600940504518142,SOUTHERN_BRITTANY
711,2013-10-28,468.5585714285714,862.1979818420544,-354.39285965675253,-39.24655075673053,81.90288562525281,19.655781013712947,66.58313598980189,13.761082996485165,False,-1.0600940504518142,SOUTHERN_BRITTANY
712,2013-11-04,788.66875,854.3699163264812,-185.16761056155013,119.466444235069,81.90288562525281,19.655781013712947,66.58313598980189,13.761082996485165,False,-1.0600940504518142,SOUTHERN_BRITTANY
713,2013-11-12,1084.3125,846.6228326765126,69.013930540629,168.67573678285834,81.90288562525281,19.655781013712947,66.58313598980189,13.761082996485165,False,-1.0600940504518142,SOUTHERN_BRITTANY
714,2013-11-20,1241.611666666667,838.9505270722976,143.35699695669365,259.3041426376754,81.90288562525281,19.655781013712947,66.58313598980189,13.761082996485165,False,-1.0600940504518142,SOUTHERN_BRITTANY
715,2013-11-28,1084.3125,831.3415554248513,71.55803344581552,181.4129111293332,81.90288562525281,19.655781013712947,66.58313598980189,13.761082996485165,False,-1.0600940504518142,SOUTHERN_BRITTANY
716,2013-12-04,873.4187499999999,823.783798734319,-22.49539066830637,72.13034193398728,81.90288562525281,19.655781013712947,66.58313598980189,13.761082996485165,False,-1.0600940504518142,SOUTHERN_BRITTANY
717,2013-12-12,632.665,816.2722176791392,-36.92756404357966,-146.6796536355596,81.90288562525281,19.655781013712947,66.58313598980189,13.761082996485165,False,-1.0600940504518142,SOUTHERN_BRITTANY
718,2013-12-20,632.665,808.8084477284094,295.8715396648327,-472.01498739324217,81.90288562525281,19.655781013712947,66.58313598980189,13.761082996485165,False,-1.0600940504518142,SOUTHERN_BRITTANY
719,2013-12-28,1268.6,801.3932880102374,617.2023290828512,-149.9956170930884,81.90288562525281,19.655781013712947,66.58313598980189,13.761082996485165,False,-1.0600940504518142,SOUTHERN_BRITTANY
720,2014-01-04,1268.6,794.0283221367201,462.2964066847954,12.27527117848456,81.90288562525281,19.655781013712947,66.58313598980189,13.761082996485165,False,-1.0600940504518142,SOUTHERN_BRITTANY
721,2014-01-12,1243.9625,786.7074467271428,451.46353749981415,5.791515773043102,81.90288562525281,19.655781013712947,66.58313598980189,13.761082996485165,False,-1.0600940504518142,SOUTHERN_BRITTANY
722,2014-01-20,1243.9625,779.4280648905942,494.7857239001873,-30.251288790781416,81.90288562525281,19.655781013712947,66.58313598980189,13.761082996485165,False,-1.0600940504518142,SOUTHERN_BRITTANY
723,2014-01-28,1895.975,772.2006167303971,893.4092324959487,230.3651507736541,81.90288562525281,19.655781013712947,66.58313598980189,13.761082996485165,False,-1.0600940504518142,SOUTHERN_BRITTANY
724,2014-02-04,2287.714285714286,765.0534003328254,1253.1288377905455,269.5320475909148,81.90288562525281,19.655781013712947,66.58313598980189,13.761082996485165,False,-1.0600940504518142,SOUTHERN_BRITTANY
725,2014-02-12,2061.1,758.0290088744996,1162.055700702015,141.01529042348534,81.90288562525281,19.655781013712947,66.58313598980189,13.761082996485165,False,-1.0600940504518142,SOUTHERN_BRITTANY
726,2014-02-20,2061.1,751.1878050274673,921.3133471153606,388.5988478571721,81.90288562525281,19.655781013712947,66.58313598980189,13.761082996485165,False,-1.0600940504518142,SOUTHERN_BRITTANY
727,2014-02-28,1943.7375,744.587935312628,808.4924261478031,390.6571385395687,81.90288562525281,19.655781013712947,66.58313598980189,13.761082996485165,False,-1.0600940504518142,SOUTHERN_BRITTANY
728,2014-03-04,1502.0,738.2644811942515,569.020665566893,194.71485323885557,81.90288562525281,19.655781013712947,66.58313598980189,13.761082996485165,False,-1.0600940504518142,SOUTHERN_BRITTANY
729,2014-03-12,1143.95,732.2419471667013,341.5811333177869,70.12691951551187,81.90288562525281,19.655781013712947,66.58313598980189,13.761082996485165,False,-1.0600940504518142,SOUTHERN_BRITTANY
730,2014-03-20,820.2571428571429,726.5435381932517,109.26319727296868,-15.549592609077536,81.90288562525281,19.655781013712947,66.58313598980189,13.761082996485165,False,-1.0600940504518142,SOUTHERN_BRITTANY
731,2014-03-28,816.075,721.1900594737758,104.76909194223416,-9.884151416009928,81.90288562525281,19.655781013712947,66.58313598980189,13.761082996485165,False,-1.0600940504518142,SOUTHERN_BRITTANY
732,2014-04-04,645.0,716.2003420502621,14.055902132714664,-85.25624418297673,81.90288562525281,19.655781013712947,66.58313598980189,13.761082996485165,False,-1.0600940504518142,SOUTHERN_BRITTANY
733,2014-04-12,518.33375,711.5897334045964,-37.14906960362072,-156.10691380097563,81.90288562525281,19.655781013712947,66.58313598980189,13.761082996485165,False,-1.0600940504518142,SOUTHERN_BRITTANY
734,2014-04-20,409.025,707.3757100599402,-135.63802463520938,-162.71268542473075,81.90288562525281,19.655781013712947,66.58313598980189,13.761082996485165,False,-1.0600940504518142,SOUTHERN_BRITTANY
735,2014-04-28,409.025,703.579294103294,-132.2811302738844,-162.2731638294096,81.90288562525281,19.655781013712947,66.58313598980189,13.761082996485165,False,-1.0600940504518142,SOUTHERN_BRITTANY
736,2014-05-04,420.8675,700.2192354935777,35.878239521168666,-315.22997501474634,81.90288562525281,19.655781013712947,66.58313598980189,13.761082996485165,False,-1.0600940504518142,SOUTHERN_BRITTANY
737,2014-05-12,467.8025,697.3025342112089,83.30102851535314,-312.80106272656207,81.90288562525281,19.655781013712947,66.58313598980189,13.761082996485165,False,-1.0600940504518142,SOUTHERN_BRITTANY
738,2014-05-20,467.8025,694.83543411901,-14.278598797410831,-212.75433532159911,81.90288562525281,19.655781013712947,66.58313598980189,13.761082996485165,False,-1.0600940504518142,SOUTHERN_BRITTANY
739,2014-05-28,467.8025,692.8296246293113,-37.5642882760749,-187.4628363532364,81.90288562525281,19.655781013712947,66.58313598980189,13.761082996485165,False,-1.0600940504518142,SOUTHERN_BRITTANY
740,2014-06-04,412.0725,691.2993310867531,-113.72839933953377,-165.49843174721934,81.90288562525281,19.655781013712947,66.58313598980189,13.761082996485165,False,-1.0600940504518142,SOUTHERN_BRITTANY
741,2014-06-12,286.72625,690.2617668783345,-299.60770184698663,-103.92781503134783,81.90288562525281,19.655781013712947,66.58313598980189,13.761082996485165,False,-1.0600940504518142,SOUTHERN_BRITTANY
742,2014-06-20,218.62375,689.7268923825717,-350.49858177680943,-120.60456060576227,81.90288562525281,19.655781013712947,66.58313598980189,13.761082996485165,False,-1.0600940504518142,SOUTHERN_BRITTANY
743,2014-06-28,218.62375,689.6889123022396,-419.8890603600431,-51.17610194219657,81.90288562525281,19.655781013712947,66.58313598980189,13.761082996485165,False,-1.0600940504518142,SOUTHERN_BRITTANY
744,2014-07-04,234.09,690.1271850273399,-443.890050412653,-12.147134614686877,81.90288562525281,19.655781013712947,66.58313598980189,13.761082996485165,False,-1.0600940504518142,SOUTHERN_BRITTANY
745,2014-07-12,391.46,691.0042343994629,-386.0536348453031,86.50940044584024,81.90288562525281,19.655781013712947,66.58313598980189,13.761082996485165,False,-1.0600940504518142,SOUTHERN_BRITTANY
746,2014-07-20,396.8702857142857,692.2691427207201,-395.7399733959213,100.34111638948696,81.90288562525281,19.655781013712947,66.58313598980189,13.761082996485165,False,-1.0600940504518142,SOUTHERN_BRITTANY
747,2014-07-28,452.0925,693.8594446605329,-362.64599252722513,120.87904786669225,81.90288562525281,19.655781013712947,66.58313598980189,13.761082996485165,False,-1.0600940504518142,SOUTHERN_BRITTANY
748,2014-08-04,466.2755,695.7050304022443,-330.81325697908727,101.38372657684296,81.90288562525281,19.655781013712947,66.58313598980189,13.761082996485165,False,-1.0600940504518142,SOUTHERN_BRITTANY
749,2014-08-12,519.655,697.7309213729166,-292.5417085763776,114.465787203461,81.90288562525281,19.655781013712947,66.58313598980189,13.761082996485165,False,-1.0600940504518142,SOUTHERN_BRITTANY
750,2014-08-20,519.655,699.8588368180068,-302.6313986524663,122.42756183445948,81.90288562525281,19.655781013712947,66.58313598980189,13.761082996485165,False,-1.0600940504518142,SOUTHERN_BRITTANY
751,2014-08-28,339.37857142857143,702.0071929857907,-408.6813040381512,46.052682480931935,81.90288562525281,19.655781013712947,66.58313598980189,13.761082996485165,False,-1.0600940504518142,SOUTHERN_BRITTANY
752,2014-09-04,263.6275,704.0914164094773,-445.586198683532,5.122282274054612,81.90288562525281,19.655781013712947,66.58313598980189,13.761082996485165,False,-1.0600940504518142,SOUTHERN_BRITTANY
753,2014-09-12,256.20375,706.0262527237587,-446.12510362695946,-3.697399096799245,81.90288562525281,19.655781013712947,66.58313598980189,13.761082996485165,False,-1.0600940504518142,SOUTHERN_BRITTANY
754,2014-09-20,256.20375,707.7275101082208,-423.4017445607233,-28.12201554749754,81.90288562525281,19.655781013712947,66.58313598980189,13.761082996485165,False,-1.0600940504518142,SOUTHERN_BRITTANY
755,2014-09-28,256.20375,709.1117666993373,-424.0259628499453,-28.88205384939204,81.90288562525281,19.655781013712947,66.58313598980189,13.761082996485165,False,-1.0600940504518142,SOUTHERN_BRITTANY
756,2014-10-04,306.88666666666666,710.097895646487,-405.7213111963986,2.510082216578269,81.90288562525281,19.655781013712947,66.58313598980189,13.761082996485165,False,-1.0600940504518142,SOUTHERN_BRITTANY
757,2014-10-12,464.50625,710.6096950943441,-325.2597775279794,79.15633243363521,81.90288562525281,19.655781013712947,66.58313598980189,13.761082996485165,False,-1.0600940504518142,SOUTHERN_BRITTANY
758,2014-10-20,464.50625,710.579159698267,-304.82793741599755,58.75502771773057,81.90288562525281,19.655781013712947,66.58313598980189,13.761082996485165,False,-1.0600940504518142,SOUTHERN_BRITTANY
759,2014-10-28,395.36125,709.9480335259989,-324.5597505752317,9.972967049232809,81.90288562525281,19.655781013712947,66.58313598980189,13.761082996485165,False,-1.0600940504518142,SOUTHERN_BRITTANY
760,2014-11-04,395.36125,708.6701093806387,-246.57313255879265,-66.73572682184604,81.90288562525281,19.655781013712947,66.58313598980189,13.761082996485165,False,-1.0600940504518142,SOUTHERN_BRITTANY
761,2014-11-12,799.675,706.7113578699054,30.288573266279165,62.67506886381535,81.90288562525281,19.655781013712947,66.58313598980189,13.761082996485165,False,-1.0600940504518142,SOUTHERN_BRITTANY
762,2014-11-20,877.6333333333333,704.0561302386135,116.40067270844894,57.1765303862709,81.90288562525281,19.655781013712947,66.58313598980189,13.761082996485165,False,-1.0600940504518142,SOUTHERN_BRITTANY
763,2014-11-28,877.6333333333333,700.7007280526191,93.25510019027894,83.67750509043532,81.90288562525281,19.655781013712947,66.58313598980189,13.761082996485165,False,-1.0600940504518142,SOUTHERN_BRITTANY
764,2014-12-04,756.86125,696.6507062516854,-20.175870535369757,80.3864142836844,81.90288562525281,19.655781013712947,66.58313598980189,13.761082996485165,False,-1.0600940504518142,SOUTHERN_BRITTANY
765,2014-12-12,756.86125,691.9114627139159,-93.71167615818932,158.66146344427352,81.90288562525281,19.655781013712947,66.58313598980189,13.761082996485165,False,-1.0600940504518142,SOUTHERN_BRITTANY
766,2014-12-20,1132.7142857142858,686.4847046954303,83.3840973959785,362.84548362287694,81.90288562525281,19.655781013712947,66.58313598980189,13.761082996485165,False,-1.0600940504518142,SOUTHERN_BRITTANY
767,2014-12-28,1132.7142857142858,680.3737976164151,239.4028017784725,212.93768631939813,81.90288562525281,19.655781013712947,66.58313598980189,13.761082996485165,False,-1.0600940504518142,SOUTHERN_BRITTANY
768,2015-01-04,999.7125,673.5910601052313,211.5883992733152,114.5330406214534,81.90288562525281,19.655781013712947,66.58313598980189,13.761082996485165,False,-1.0600940504518142,SOUTHERN_BRITTANY
769,2015-01-12,999.7125,666.1706194478303,337.15966699500206,-3.6177864428323687,81.90288562525281,19.655781013712947,66.58313598980189,13.761082996485165,False,-1.0600940504518142,SOUTHERN_BRITTANY
770,2015-01-20,1032.9857142857145,658.1518521898913,354.50031124304985,20.3335508527731,81.90288562525281,19.655781013712947,66.58313598980189,13.761082996485165,False,-1.0600940504518142,SOUTHERN_BRITTANY
771,2015-01-28,1168.0375,649.579249577465,586.279665225606,-67.8214148030711,81.90288562525281,19.655781013712947,66.58313598980189,13.761082996485165,False,-1.0600940504518142,SOUTHERN_BRITTANY
772,2015-02-04,1032.9857142857145,640.5086537451278,661.0925656687625,-268.6155051281761,81.90288562525281,19.655781013712947,66.58313598980189,13.761082996485165,False,-1.0600940504518142,SOUTHERN_BRITTANY
773,2015-02-12,1120.9875,631.0096478676397,872.4996140905643,-382.521761958204,81.90288562525281,19.655781013712947,66.58313598980189,13.761082996485165,False,-1.0600940504518142,SOUTHERN_BRITTANY
774,2015-02-20,1120.9875,621.1435856939984,875.2431730013516,-375.39925869535,81.90288562525281,19.655781013712947,66.58313598980189,13.761082996485165,False,-1.0600940504518142,SOUTHERN_BRITTANY
775,2015-02-28,1309.5,610.966614754984,845.8807563170949,-147.3473710720789,81.90288562525281,19.655781013712947,66.58313598980189,13.761082996485165,False,-1.0600940504518142,SOUTHERN_BRITTANY
776,2015-03-04,1309.5,600.5468381757261,736.9306388797183,-27.97747705544441,81.90288562525281,19.655781013712947,66.58313598980189,13.761082996485165,False,-1.0600940504518142,SOUTHERN_BRITTANY
777,2015-03-12,1110.65,589.9553247831747,531.8131975395793,-11.118522322753847,81.90288562525281,19.655781013712947,66.58313598980189,13.761082996485165,False,-1.0600940504518142,SOUTHERN_BRITTANY
778,2015-03-20,822.96,579.259633040186,176.80519325020822,66.89517370960579,81.90288562525281,19.655781013712947,66.58313598980189,13.761082996485165,False,-1.0600940504518142,SOUTHERN_BRITTANY
779,2015-03-28,822.96,568.5311843613042,177.1983565807491,77.23045905794669,81.90288562525281,19.655781013712947,66.58313598980189,13.761082996485165,False,-1.0600940504518142,SOUTHERN_BRITTANY
780,2015-04-04,796.1,557.8444885447961,126.32371097980185,111.93180047540204,81.90288562525281,19.655781013712947,66.58313598980189,13.761082996485165,False,-1.0600940504518142,SOUTHERN_BRITTANY
781,2015-04-12,675.94625,547.275064871257,79.72502426547486,48.94616086326813,81.90288562525281,19.655781013712947,66.58313598980189,13.761082996485165,False,-1.0600940504518142,SOUTHERN_BRITTANY
782,2015-04-20,492.77,536.8895059971073,-35.55436852957426,-8.565137467533091,81.90288562525281,19.655781013712947,66.58313598980189,13.761082996485165,False,-1.0600940504518142,SOUTHERN_BRITTANY
783,2015-04-28,492.77,526.7441921683019,-54.55064957943213,20.576457411130235,81.90288562525281,19.655781013712947,66.58313598980189,13.761082996485165,False,-1.0600940504518142,SOUTHERN_BRITTANY
784,2015-05-04,856.96,516.8900849618719,61.85696695175933,278.2129480863688,81.90288562525281,19.655781013712947,66.58313598980189,13.761082996485165,False,-1.0600940504518142,SOUTHERN_BRITTANY
785,2015-05-12,856.96,507.3815125479251,81.01744856864897,268.5610388834259,81.90288562525281,19.655781013712947,66.58313598980189,13.761082996485165,False,-1.0600940504518142,SOUTHERN_BRITTANY
786,2015-05-20,445.515,498.2731727285154,-72.61305235768776,19.85487962917233,81.90288562525281,19.655781013712947,66.58313598980189,13.761082996485165,False,-1.0600940504518142,SOUTHERN_BRITTANY
787,2015-05-28,334.63571428571424,489.618320329722,-81.56871516062063,-73.41389088338713,81.90288562525281,19.655781013712947,66.58313598980189,13.761082996485165,False,-1.0600940504518142,SOUTHERN_BRITTANY
788,2015-06-04,265.79625,481.4673589645552,11.7402510214326,-227.41135998598784,81.90288562525281,19.655781013712947,66.58313598980189,13.761082996485165,False,-1.0600940504518142,SOUTHERN_BRITTANY
789,2015-06-12,265.79625,473.8565988809816,-13.959566819254729,-194.10078206172685,81.90288562525281,19.655781013712947,66.58313598980189,13.761082996485165,False,-1.0600940504518142,SOUTHERN_BRITTANY
790,2015-06-20,243.59125,466.8135344443608,-134.40934525843338,-88.81293918592738,81.90288562525281,19.655781013712947,66.58313598980189,13.761082996485165,False,-1.0600940504518142,SOUTHERN_BRITTANY
791,2015-06-28,218.5663333333333,460.3678160876664,-250.4633089639552,8.661826209622092,81.90288562525281,19.655781013712947,66.58313598980189,13.761082996485165,False,-1.0600940504518142,SOUTHERN_BRITTANY
792,2015-07-04,161.60325,454.55902453648633,-315.7356505610843,22.779876024597968,81.90288562525281,19.655781013712947,66.58313598980189,13.761082996485165,False,-1.0600940504518142,SOUTHERN_BRITTANY
793,2015-07-12,131.853125,449.4398688678512,-331.8164339893458,14.229690121494627,81.90288562525281,19.655781013712947,66.58313598980189,13.761082996485165,False,-1.0600940504518142,SOUTHERN_BRITTANY
794,2015-07-20,126.21671428571427,445.0751692413231,-346.4133642593368,27.55490930372798,81.90288562525281,19.655781013712947,66.58313598980189,13.761082996485165,False,-1.0600940504518142,SOUTHERN_BRITTANY
795,2015-07-28,122.884375,441.5387548154751,-335.1552651411331,16.500885325658032,81.90288562525281,19.655781013712947,66.58313598980189,13.761082996485165,False,-1.0600940504518142,SOUTHERN_BRITTANY
796,2015-08-04,126.21671428571427,438.90667251278455,-323.6472169086261,10.957258681555857,81.90288562525281,19.655781013712947,66.58313598980189,13.761082996485165,False,-1.0600940504518142,SOUTHERN_BRITTANY
797,2015-08-12,131.03775,437.2530518605627,-304.01502828498985,-2.200273575572851,81.90288562525281,19.655781013712947,66.58313598980189,13.761082996485165,False,-1.0600940504518142,SOUTHERN_BRITTANY
798,2015-08-20,131.03775,436.64596146917313,-305.0392876413269,-0.5689238278462767,81.90288562525281,19.655781013712947,66.58313598980189,13.761082996485165,False,-1.0600940504518142,SOUTHERN_BRITTANY
799,2015-08-28,131.03775,437.14535367419984,-345.0069065488288,38.89930287462897,81.90288562525281,19.655781013712947,66.58313598980189,13.761082996485165,False,-1.0600940504518142,SOUTHERN_BRITTANY
800,2015-09-04,140.93875,438.799564982828,-353.8584325938524,55.99761761102445,81.90288562525281,19.655781013712947,66.58313598980189,13.761082996485165,False,-1.0600940504518142,SOUTHERN_BRITTANY
801,2015-09-12,141.702875,441.6421808944235,-351.77288351481485,51.83357762039134,81.90288562525281,19.655781013712947,66.58313598980189,13.761082996485165,False,-1.0600940504518142,SOUTHERN_BRITTANY
802,2015-09-20,224.155,445.692782699967,-310.0862109236924,88.54842822372544,81.90288562525281,19.655781013712947,66.58313598980189,13.761082996485165,False,-1.0600940504518142,SOUTHERN_BRITTANY
803,2015-09-28,224.155,450.95817050231295,-311.1565312149634,84.35336071265047,81.90288562525281,19.655781013712947,66.58313598980189,13.761082996485165,False,-1.0600940504518142,SOUTHERN_BRITTANY
804,2015-10-04,203.47375,457.43216690959946,-311.1559678089686,57.19755089936916,81.90288562525281,19.655781013712947,66.58313598980189,13.761082996485165,False,-1.0600940504518142,SOUTHERN_BRITTANY
805,2015-10-12,175.9625,465.0966104417466,-286.7320076607113,-2.4021027810352398,81.90288562525281,19.655781013712947,66.58313598980189,13.761082996485165,False,-1.0600940504518142,SOUTHERN_BRITTANY
806,2015-10-20,175.8525,473.9219028699596,-281.6635035982949,-16.405899271664737,81.90288562525281,19.655781013712947,66.58313598980189,13.761082996485165,False,-1.0600940504518142,SOUTHERN_BRITTANY
807,2015-10-28,172.0125,483.8662330403616,-302.3753561177601,-9.47837692260157,81.90288562525281,19.655781013712947,66.58313598980189,13.761082996485165,False,-1.0600940504518142,SOUTHERN_BRITTANY
808,2015-11-04,168.1185714285714,494.8732634404805,-304.677147459376,-22.07754455253314,81.90288562525281,19.655781013712947,66.58313598980189,13.761082996485165,False,-1.0600940504518142,SOUTHERN_BRITTANY
809,2015-11-12,172.0125,506.8736495827202,-179.44729983563673,-155.41384974708347,81.90288562525281,19.655781013712947,66.58313598980189,13.761082996485165,False,-1.0600940504518142,SOUTHERN_BRITTANY
810,2015-11-20,199.95375,519.7871316663953,-124.3182907777879,-195.51509088860743,81.90288562525281,19.655781013712947,66.58313598980189,13.761082996485165,False,-1.0600940504518142,SOUTHERN_BRITTANY
811,2015-11-28,258.96875,533.5275391880361,-9.02031191797673,-265.5384772700594,81.90288562525281,19.655781013712947,66.58313598980189,13.761082996485165,False,-1.0600940504518142,SOUTHERN_BRITTANY
812,2015-12-04,258.96875,547.9949019241017,-45.58268144860818,-243.44347047549348,81.90288562525281,19.655781013712947,66.58313598980189,13.761082996485165,False,-1.0600940504518142,SOUTHERN_BRITTANY
813,2015-12-12,219.95375,563.0803861161215,-157.23902633116506,-185.88760978495645,81.90288562525281,19.655781013712947,66.58313598980189,13.761082996485165,False,-1.0600940504518142,SOUTHERN_BRITTANY
814,2015-12-20,194.095,578.6755629450022,-94.17937693439806,-290.4011860106041,81.90288562525281,19.655781013712947,66.58313598980189,13.761082996485165,False,-1.0600940504518142,SOUTHERN_BRITTANY
815,2015-12-28,194.095,594.6762603690456,-112.7028134690188,-287.8784469000268,81.90288562525281,19.655781013712947,66.58313598980189,13.761082996485165,False,-1.0600940504518142,SOUTHERN_BRITTANY
816,2016-01-04,356.1625,610.9793891916315,-69.52153971482247,-185.29534947680904,81.90288562525281,19.655781013712947,66.58313598980189,13.761082996485165,False,-1.0600940504518142,SOUTHERN_BRITTANY
817,2016-01-12,884.6125,627.4782986511747,191.29934908854335,65.8348522602819,81.90288562525281,19.655781013712947,66.58313598980189,13.761082996485165,False,-1.0600940504518142,SOUTHERN_BRITTANY
818,2016-01-20,884.6125,644.0696385624624,204.33250091571549,36.21036052182208,81.90288562525281,19.655781013712947,66.58313598980189,13.761082996485165,False,-1.0600940504518142,SOUTHERN_BRITTANY
819,2016-01-28,884.6125,660.6521709612748,251.0070036841202,-27.046674645395058,81.90288562525281,19.655781013712947,66.58313598980189,13.761082996485165,False,-1.0600940504518142,SOUTHERN_BRITTANY
820,2016-02-04,1054.5375,677.1191180429814,340.9374428684874,36.4809390885311,81.90288562525281,19.655781013712947,66.58313598980189,13.761082996485165,False,-1.0600940504518142,SOUTHERN_BRITTANY
821,2016-02-12,1940.8125,693.3506843998997,823.1408194635019,424.3209961365983,81.90288562525281,19.655781013712947,66.58313598980189,13.761082996485165,False,-1.0600940504518142,SOUTHERN_BRITTANY
822,2016-02-20,1940.8125,709.2217728379617,822.059521495231,409.5312056668073,81.90288562525281,19.655781013712947,66.58313598980189,13.761082996485165,False,-1.0600940504518142,SOUTHERN_BRITTANY
823,2016-02-28,1554.96,724.6053366808168,674.8120788879478,155.54258443123547,81.90288562525281,19.655781013712947,66.58313598980189,13.761082996485165,False,-1.0600940504518142,SOUTHERN_BRITTANY
824,2016-03-04,1554.96,739.3759939405886,758.7253236295112,56.85868242990023,81.90288562525281,19.655781013712947,66.58313598980189,13.761082996485165,False,-1.0600940504518142,SOUTHERN_BRITTANY
825,2016-03-12,1484.5,753.4084349218992,671.5609877651265,59.53057731297429,81.90288562525281,19.655781013712947,66.58313598980189,13.761082996485165,False,-1.0600940504518142,SOUTHERN_BRITTANY
826,2016-03-20,957.7875,766.5753266551601,281.90440779215425,-90.69223444731432,81.90288562525281,19.655781013712947,66.58313598980189,13.761082996485165,False,-1.0600940504518142,SOUTHERN_BRITTANY
827,2016-03-28,957.7875,778.7473180480566,276.99352561270445,-97.95334366076104,81.90288562525281,19.655781013712947,66.58313598980189,13.761082996485165,False,-1.0600940504518142,SOUTHERN_BRITTANY
828,2016-04-04,971.8375,789.797768048716,260.342431940946,-78.30269998966196,81.90288562525281,19.655781013712947,66.58313598980189,13.761082996485165,False,-1.0600940504518142,SOUTHERN_BRITTANY
829,2016-04-12,1141.4125,799.6038443371417,259.119767085999,82.6888885768592,81.90288562525281,19.655781013712947,66.58313598980189,13.761082996485165,False,-1.0600940504518142,SOUTHERN_BRITTANY
830,2016-04-20,1141.4125,808.0541184628291,173.1137446237491,160.24463691342166,81.90288562525281,19.655781013712947,66.58313598980189,13.761082996485165,False,-1.0600940504518142,SOUTHERN_BRITTANY
831,2016-04-28,1049.7333333333331,815.0471842697821,127.13387622627182,107.55227283727946,81.90288562525281,19.655781013712947,66.58313598980189,13.761082996485165,False,-1.0600940504518142,SOUTHERN_BRITTANY
832,2016-05-04,755.6,820.4929656365464,81.46390892418019,-146.35687456072657,81.90288562525281,19.655781013712947,66.58313598980189,13.761082996485165,False,-1.0600940504518142,SOUTHERN_BRITTANY
833,2016-05-12,755.6,824.3127464784217,87.39720453158299,-156.10995101000464,81.90288562525281,19.655781013712947,66.58313598980189,13.761082996485165,False,-1.0600940504518142,SOUTHERN_BRITTANY
834,2016-05-20,926.27,826.4420216581096,71.80542532786612,28.022553014024226,81.90288562525281,19.655781013712947,66.58313598980189,13.761082996485165,False,-1.0600940504518142,SOUTHERN_BRITTANY
835,2016-05-28,1078.88,826.8212802132128,117.17683993086013,134.8818798559269,81.90288562525281,19.655781013712947,66.58313598980189,13.761082996485165,False,-1.0600940504518142,SOUTHERN_BRITTANY
836,2016-06-04,1621.26,825.3966160398935,353.72893985983137,442.1344441002751,81.90288562525281,19.655781013712947,66.58313598980189,13.761082996485165,False,-1.0600940504518142,SOUTHERN_BRITTANY
837,2016-06-12,1621.26,822.1335704091384,349.98744467970124,449.1389849111603,81.90288562525281,19.655781013712947,66.58313598980189,13.761082996485165,False,-1.0600940504518142,SOUTHERN_BRITTANY
838,2016-06-20,1223.1175,817.0188430750992,129.32885401759492,276.7698029073059,81.90288562525281,19.655781013712947,66.58313598980189,13.761082996485165,False,-1.0600940504518142,SOUTHERN_BRITTANY
839,2016-06-28,768.07,810.0636983791456,-103.376412016242,61.3827136370964,81.90288562525281,19.655781013712947,66.58313598980189,13.761082996485165,False,-1.0600940504518142,SOUTHERN_BRITTANY
840,2016-07-04,560.27,801.297385044341,-227.5611089809893,-13.466276063351728,81.90288562525281,19.655781013712947,66.58313598980189,13.761082996485165,False,-1.0600940504518142,SOUTHERN_BRITTANY
841,2016-07-12,361.60525,790.7639965676693,-335.49789631263474,-93.66085025503456,81.90288562525281,19.655781013712947,66.58313598980189,13.761082996485165,False,-1.0600940504518142,SOUTHERN_BRITTANY
842,2016-07-20,278.28425,778.5187870346864,-386.9305883728564,-113.30394866183002,81.90288562525281,19.655781013712947,66.58313598980189,13.761082996485165,False,-1.0600940504518142,SOUTHERN_BRITTANY
843,2016-07-28,236.4152857142857,764.6285004656862,-411.1968971755326,-117.0163175758679,81.90288562525281,19.655781013712947,66.58313598980189,13.761082996485165,False,-1.0600940504518142,SOUTHERN_BRITTANY
844,2016-08-04,216.6605,749.1727299263654,-423.2160454865735,-109.29618443979184,81.90288562525281,19.655781013712947,66.58313598980189,13.761082996485165,False,-1.0600940504518142,SOUTHERN_BRITTANY
845,2016-08-12,199.782625,732.2442754270679,-427.765598136257,-104.69605229081094,81.90288562525281,19.655781013712947,66.58313598980189,13.761082996485165,False,-1.0600940504518142,SOUTHERN_BRITTANY
846,2016-08-20,175.202875,713.9500914570846,-434.16043690439017,-104.58677955269434,81.90288562525281,19.655781013712947,66.58313598980189,13.761082996485165,False,-1.0600940504518142,SOUTHERN_BRITTANY
847,2016-08-28,170.9474285714286,694.4118013260148,-429.209798710456,-94.25457404413028,81.90288562525281,19.655781013712947,66.58313598980189,13.761082996485165,False,-1.0600940504518142,SOUTHERN_BRITTANY
848,2016-09-04,170.9474285714286,673.7663149243816,-418.26783725866807,-84.55104909428496,81.90288562525281,19.655781013712947,66.58313598980189,13.761082996485165,False,-1.0600940504518142,SOUTHERN_BRITTANY
849,2016-09-12,178.689875,652.1652989103842,-407.7943578161895,-65.6810660941947,81.90288562525281,19.655781013712947,66.58313598980189,13.761082996485165,False,-1.0600940504518142,SOUTHERN_BRITTANY
850,2016-09-20,178.689875,629.7726282505722,-384.4397643381467,-66.6429889124255,81.90288562525281,19.655781013712947,66.58313598980189,13.761082996485165,False,-1.0600940504518142,SOUTHERN_BRITTANY
851,2016-09-28,172.13666666666666,606.7618677153613,-386.2062717837148,-48.41892926497985,81.90288562525281,19.655781013712947,66.58313598980189,13.761082996485165,False,-1.0600940504518142,SOUTHERN_BRITTANY
852,2016-10-04,163.04225,583.3138267330313,-394.9277175505085,-25.34385918252281,81.90288562525281,19.655781013712947,66.58313598980189,13.761082996485165,False,-1.0600940504518142,SOUTHERN_BRITTANY
853,2016-10-12,163.04225,559.6118471523374,-399.6585288501017,3.0889316977642807,81.90288562525281,19.655781013712947,66.58313598980189,13.761082996485165,False,-1.0600940504518142,SOUTHERN_BRITTANY
854,2016-10-20,192.978375,535.838181994661,-384.11762229232886,41.25781529766789,81.90288562525281,19.655781013712947,66.58313598980189,13.761082996485165,False,-1.0600940504518142,SOUTHERN_BRITTANY
855,2016-10-28,197.97875,512.1715781990775,-377.7311227101965,63.53829451111892,81.90288562525281,19.655781013712947,66.58313598980189,13.761082996485165,False,-1.0600940504518142,SOUTHERN_BRITTANY
856,2016-11-04,201.24957142857144,488.78583920294193,-371.6572204495128,84.12095267514235,81.90288562525281,19.655781013712947,66.58313598980189,13.761082996485165,False,-1.0600940504518142,SOUTHERN_BRITTANY
857,2016-11-12,289.09,465.8470294640755,-316.9294520640403,140.17242259996476,81.90288562525281,19.655781013712947,66.58313598980189,13.761082996485165,False,-1.0600940504518142,SOUTHERN_BRITTANY
858,2016-11-20,381.70875,443.51039422734704,-251.44235165834,189.640707430993,81.90288562525281,19.655781013712947,66.58313598980189,13.761082996485165,False,-1.0600940504518142,SOUTHERN_BRITTANY
859,2016-11-28,740.537875,421.91693723008257,-53.03342943519018,371.6543672051076,81.90288562525281,19.655781013712947,66.58313598980189,13.761082996485165,False,-1.0600940504518142,SOUTHERN_BRITTANY
860,2016-12-04,740.537875,401.1988210186063,-34.52845000648292,373.8675039878766,81.90288562525281,19.655781013712947,66.58313598980189,13.761082996485165,False,-1.0600940504518142,SOUTHERN_BRITTANY
861,2016-12-12,405.72475,381.4780488545068,-165.34679430134824,189.5934954468414,81.90288562525281,19.655781013712947,66.58313598980189,13.761082996485165,False,-1.0600940504518142,SOUTHERN_BRITTANY
862,2016-12-20,365.6885714285714,362.8623031179011,-106.31486746242652,109.14113577309688,81.90288562525281,19.655781013712947,66.58313598980189,13.761082996485165,False,-1.0600940504518142,SOUTHERN_BRITTANY
863,2016-12-28,315.80625,345.4408161189184,-111.9223884661285,82.28782234721007,81.90288562525281,19.655781013712947,66.58313598980189,13.761082996485165,False,-1.0600940504518142,SOUTHERN_BRITTANY
864,2017-01-04,315.80625,329.28374170579,116.81517822181289,-130.29266992760293,81.90288562525281,19.655781013712947,66.58313598980189,13.761082996485165,False,-1.0600940504518142,SOUTHERN_BRITTANY
865,2017-01-12,315.80625,314.43664987659,358.1313666214675,-356.7617664980575,81.90288562525281,19.655781013712947,66.58313598980189,13.761082996485165,False,-1.0600940504518142,SOUTHERN_BRITTANY
866,2017-01-20,344.23999999999995,300.92324650134543,485.43564685110425,-442.1188933524497,81.90288562525281,19.655781013712947,66.58313598980189,13.761082996485165,False,-1.0600940504518142,SOUTHERN_BRITTANY
867,2017-01-28,403.6825,288.74596086958417,401.35010402198606,-286.4135648915702,81.90288562525281,19.655781013712947,66.58313598980189,13.761082996485165,False,-1.0600940504518142,SOUTHERN_BRITTANY
868,2017-02-04,565.125,277.8968682461596,495.3066122708027,-208.07848051696232,81.90288562525281,19.655781013712947,66.58313598980189,13.761082996485165,False,-1.0600940504518142,SOUTHERN_BRITTANY
869,2017-02-12,638.74625,268.37032042883817,752.9288666365833,-382.5529370654214,81.90288562525281,19.655781013712947,66.58313598980189,13.761082996485165,False,-1.0600940504518142,SOUTHERN_BRITTANY
870,2017-02-20,638.74625,260.16936644115714,664.0016772649001,-285.4247937060572,81.90288562525281,19.655781013712947,66.58313598980189,13.761082996485165,False,-1.0600940504518142,SOUTHERN_BRITTANY
871,2017-02-28,638.74625,253.3105609207575,554.0535294927174,-168.61784041347488,81.90288562525281,19.655781013712947,66.58313598980189,13.761082996485165,False,-1.0600940504518142,SOUTHERN_BRITTANY
872,2017-03-04,982.6125,247.8051237363804,684.4054282543817,50.4019480092378,81.90288562525281,19.655781013712947,66.58313598980189,13.761082996485165,False,-1.0600940504518142,SOUTHERN_BRITTANY
873,2017-03-12,982.6125,243.659661310394,665.5835500334553,73.36928865615073,81.90288562525281,19.655781013712947,66.58313598980189,13.761082996485165,False,-1.0600940504518142,SOUTHERN_BRITTANY
874,2017-03-20,772.9042857142857,240.8805555616849,428.0160969771785,104.00763317542236,81.90288562525281,19.655781013712947,66.58313598980189,13.761082996485165,False,-1.0600940504518142,SOUTHERN_BRITTANY
875,2017-03-28,759.6,239.4722266937605,422.8524394286071,97.27533387763242,81.90288562525281,19.655781013712947,66.58313598980189,13.761082996485165,False,-1.0600940504518142,SOUTHERN_BRITTANY
876,2017-04-04,696.94625,239.4336752166683,366.5774077049123,90.9351670784194,81.90288562525281,19.655781013712947,66.58313598980189,13.761082996485165,False,-1.0600940504518142,SOUTHERN_BRITTANY
877,2017-04-12,475.67375,240.76441839864103,290.9275802812176,-56.01824867985863,81.90288562525281,19.655781013712947,66.58313598980189,13.761082996485165,False,-1.0600940504518142,SOUTHERN_BRITTANY
878,2017-04-20,315.36375,243.46341099897225,118.83744812561214,-46.93710912458441,81.90288562525281,19.655781013712947,66.58313598980189,13.761082996485165,False,-1.0600940504518142,SOUTHERN_BRITTANY
879,2017-04-28,315.36375,247.5346149796436,64.45574957981623,3.373385440540176,81.90288562525281,19.655781013712947,66.58313598980189,13.761082996485165,False,-1.0600940504518142,SOUTHERN_BRITTANY
880,2017-05-04,357.1925,252.98148689535887,-17.677157311464416,121.88817041610554,81.90288562525281,19.655781013712947,66.58313598980189,13.761082996485165,False,-1.0600940504518142,SOUTHERN_BRITTANY
881,2017-05-12,377.23125,259.8037276080643,20.261094637241214,97.16642775469444,81.90288562525281,19.655781013712947,66.58313598980189,13.761082996485165,False,-1.0600940504518142,SOUTHERN_BRITTANY
882,2017-05-20,377.23125,267.99352260467697,43.86524170201008,65.37248569331294,81.90288562525281,19.655781013712947,66.58313598980189,13.761082996485165,False,-1.0600940504518142,SOUTHERN_BRITTANY
883,2017-05-28,358.86614285714285,277.54600009768603,100.94434142248748,-19.62419866303067,81.90288562525281,19.655781013712947,66.58313598980189,13.761082996485165,False,-1.0600940504518142,SOUTHERN_BRITTANY
884,2017-06-04,287.49375,288.4588635261823,202.26800044468132,-203.23311397086368,81.90288562525281,19.655781013712947,66.58313598980189,13.761082996485165,False,-1.0600940504518142,SOUTHERN_BRITTANY
885,2017-06-12,270.159875,300.7264009911351,193.27116018080895,-223.83768617194409,81.90288562525281,19.655781013712947,66.58313598980189,13.761082996485165,False,-1.0600940504518142,SOUTHERN_BRITTANY
886,2017-06-20,200.411125,314.3355518398267,53.68440520893753,-167.6088320487642,81.90288562525281,19.655781013712947,66.58313598980189,13.761082996485165,False,-1.0600940504518142,SOUTHERN_BRITTANY
887,2017-06-28,197.439,329.25053186743304,-148.337022383586,16.525490516152956,81.90288562525281,19.655781013712947,66.58313598980189,13.761082996485165,False,-1.0600940504518142,SOUTHERN_BRITTANY
888,2017-07-04,172.510625,345.413083512155,-237.73805681762903,64.83559830547404,81.90288562525281,19.655781013712947,66.58313598980189,13.761082996485165,False,-1.0600940504518142,SOUTHERN_BRITTANY
889,2017-07-12,172.510625,362.74403708125857,-301.5805235369129,111.34711145565431,81.90288562525281,19.655781013712947,66.58313598980189,13.761082996485165,False,-1.0600940504518142,SOUTHERN_BRITTANY
890,2017-07-20,146.405375,381.1490000508745,-359.9707710817368,125.22714603086224,81.90288562525281,19.655781013712947,66.58313598980189,13.761082996485165,False,-1.0600940504518142,SOUTHERN_BRITTANY
891,2017-07-28,141.9702857142857,400.5209319525009,-385.9221667944544,127.3715205562392,81.90288562525281,19.655781013712947,66.58313598980189,13.761082996485165,False,-1.0600940504518142,SOUTHERN_BRITTANY
892,2017-08-04,129.376125,420.7433866238224,-410.84828331555735,119.481021691735,81.90288562525281,19.655781013712947,66.58313598980189,13.761082996485165,False,-1.0600940504518142,SOUTHERN_BRITTANY
893,2017-08-12,129.376125,441.6921316747546,-420.35432605498914,108.03831938023455,81.90288562525281,19.655781013712947,66.58313598980189,13.761082996485165,False,-1.0600940504518142,SOUTHERN_BRITTANY
894,2017-08-20,128.47975,463.23627106201513,-425.9177696614975,91.16124859948228,81.90288562525281,19.655781013712947,66.58313598980189,13.761082996485165,False,-1.0600940504518142,SOUTHERN_BRITTANY
895,2017-08-28,129.60399999999998,485.2391399092125,-424.950892354108,69.31575244489551,81.90288562525281,19.655781013712947,66.58313598980189,13.761082996485165,False,-1.0600940504518142,SOUTHERN_BRITTANY
896,2017-09-04,139.24949999999998,507.5597710705014,-419.2254585982108,50.91518752770929,81.90288562525281,19.655781013712947,66.58313598980189,13.761082996485165,False,-1.0600940504518142,SOUTHERN_BRITTANY
897,2017-09-12,145.0325,530.0550669571529,-410.4141155319979,25.39154857484499,81.90288562525281,19.655781013712947,66.58313598980189,13.761082996485165,False,-1.0600940504518142,SOUTHERN_BRITTANY
898,2017-09-20,145.0325,552.5815426963466,-406.69737756374286,-0.8516651326036708,81.90288562525281,19.655781013712947,66.58313598980189,13.761082996485165,False,-1.0600940504518142,SOUTHERN_BRITTANY
899,2017-09-28,146.301,574.9971854082044,-407.5028371597915,-21.19334824841286,81.90288562525281,19.655781013712947,66.58313598980189,13.761082996485165,False,-1.0600940504518142,SOUTHERN_BRITTANY
900,2017-10-04,143.89383333333333,597.1634950290414,-410.146045237984,-43.12361645772416,81.90288562525281,19.655781013712947,66.58313598980189,13.761082996485165,False,-1.0600940504518142,SOUTHERN_BRITTANY
901,2017-10-12,141.578375,618.9482626864532,-409.96620234915054,-67.40368533730265,81.90288562525281,19.655781013712947,66.58313598980189,13.761082996485165,False,-1.0600940504518142,SOUTHERN_BRITTANY
902,2017-10-20,126.82625,640.2276819895641,-407.75289615406285,-105.64853583550126,81.90288562525281,19.655781013712947,66.58313598980189,13.761082996485165,False,-1.0600940504518142,SOUTHERN_BRITTANY
903,2017-10-28,125.71228571428573,660.8884452709419,-404.2394567254747,-130.9367028311815,81.90288562525281,19.655781013712947,66.58313598980189,13.761082996485165,False,-1.0600940504518142,SOUTHERN_BRITTANY
904,2017-11-04,125.71228571428573,680.8297017681501,-392.6487415485351,-162.46867450532932,81.90288562525281,19.655781013712947,66.58313598980189,13.761082996485165,False,-1.0600940504518142,SOUTHERN_BRITTANY
905,2017-11-12,144.107125,699.9648719576057,-339.998320128898,-215.8594268287077,81.90288562525281,19.655781013712947,66.58313598980189,13.761082996485165,False,-1.0600940504518142,SOUTHERN_BRITTANY
906,2017-11-20,175.981,718.2208038948419,-294.3312200728911,-247.9085838219508,81.90288562525281,19.655781013712947,66.58313598980189,13.761082996485165,False,-1.0600940504518142,SOUTHERN_BRITTANY
907,2017-11-28,179.2975,735.537709215753,-193.60690484356,-362.633304372193,81.90288562525281,19.655781013712947,66.58313598980189,13.761082996485165,False,-1.0600940504518142,SOUTHERN_BRITTANY
908,2017-12-04,235.58975,751.8680613646367,-134.7976905999508,-381.4806207646859,81.90288562525281,19.655781013712947,66.58313598980189,13.761082996485165,False,-1.0600940504518142,SOUTHERN_BRITTANY
909,2017-12-12,398.52125,767.1739905319147,-130.06980472353635,-238.58293580837832,81.90288562525281,19.655781013712947,66.58313598980189,13.761082996485165,False,-1.0600940504518142,SOUTHERN_BRITTANY
910,2017-12-20,722.72,781.4184225530676,56.346357693980856,-115.04478024704838,81.90288562525281,19.655781013712947,66.58313598980189,13.761082996485165,False,-1.0600940504518142,SOUTHERN_BRITTANY
911,2017-12-28,788.51875,794.5654276830065,79.67192155793532,-85.7185992409419,81.90288562525281,19.655781013712947,66.58313598980189,13.761082996485165,False,-1.0600940504518142,SOUTHERN_BRITTANY
912,2018-01-04,1534.325,806.5793916886332,413.67257859425297,314.07302971711385,81.90288562525281,19.655781013712947,66.58313598980189,13.761082996485165,False,-1.0600940504518142,SOUTHERN_BRITTANY
913,2018-01-12,1968.9875,817.4233094908033,623.1116847267949,528.4525057824021,81.90288562525281,19.655781013712947,66.58313598980189,13.761082996485165,False,-1.0600940504518142,SOUTHERN_BRITTANY
914,2018-01-20,2422.25,827.0542735032548,857.8548718221701,737.3408546745751,81.90288562525281,19.655781013712947,66.58313598980189,13.761082996485165,False,-1.0600940504518142,SOUTHERN_BRITTANY
915,2018-01-28,1968.9875,835.4288228546638,681.3730377923699,452.1856393529664,81.90288562525281,19.655781013712947,66.58313598980189,13.761082996485165,False,-1.0600940504518142,SOUTHERN_BRITTANY
916,2018-02-04,1854.65,842.5029039529708,742.0690266094037,270.0780694376256,81.90288562525281,19.655781013712947,66.58313598980189,13.761082996485165,False,-1.0600940504518142,SOUTHERN_BRITTANY
917,2018-02-12,1854.65,848.2338699931596,760.9089164353015,245.50721357153893,81.90288562525281,19.655781013712947,66.58313598980189,13.761082996485165,False,-1.0600940504518142,SOUTHERN_BRITTANY
918,2018-02-20,1502.75,852.5784505696578,545.8069485734333,104.36460085690896,81.90288562525281,19.655781013712947,66.58313598980189,13.761082996485165,False,-1.0600940504518142,SOUTHERN_BRITTANY
919,2018-02-28,1453.3,855.4909396616589,486.2825585539317,111.52650178440932,81.90288562525281,19.655781013712947,66.58313598980189,13.761082996485165,False,-1.0600940504518142,SOUTHERN_BRITTANY
920,2018-03-04,1291.7125,856.937331658025,491.3692167285237,-56.59404838654859,81.90288562525281,19.655781013712947,66.58313598980189,13.761082996485165,False,-1.0600940504518142,SOUTHERN_BRITTANY
921,2018-03-12,1291.7125,856.9009790715853,501.111456119308,-66.29993519089317,81.90288562525281,19.655781013712947,66.58313598980189,13.761082996485165,False,-1.0600940504518142,SOUTHERN_BRITTANY
922,2018-03-20,1291.7125,855.3799360397069,448.4311588476519,-12.098594887358672,81.90288562525281,19.655781013712947,66.58313598980189,13.761082996485165,False,-1.0600940504518142,SOUTHERN_BRITTANY
923,2018-03-28,1301.15,852.374136092009,430.4001579407622,18.37570596722884,81.90288562525281,19.655781013712947,66.58313598980189,13.761082996485165,False,-1.0600940504518142,SOUTHERN_BRITTANY
924,2018-04-04,1191.1142857142856,847.8842557522001,335.38730737482064,7.842722587264859,81.90288562525281,19.655781013712947,66.58313598980189,13.761082996485165,False,-1.0600940504518142,SOUTHERN_BRITTANY
925,2018-04-12,1165.7125,841.9109559411532,253.51625414695604,70.2852899118908,81.90288562525281,19.655781013712947,66.58313598980189,13.761082996485165,False,-1.0600940504518142,SOUTHERN_BRITTANY
926,2018-04-20,801.8,834.4558618186759,25.999050807813227,-58.65491262648916,81.90288562525281,19.655781013712947,66.58313598980189,13.761082996485165,False,-1.0600940504518142,SOUTHERN_BRITTANY
927,2018-04-28,679.04375,825.5192317879369,-36.672536852495845,-109.80294493544096,81.90288562525281,19.655781013712947,66.58313598980189,13.761082996485165,False,-1.0600940504518142,SOUTHERN_BRITTANY
928,2018-05-04,564.125,815.1072609131022,-64.78590306336972,-186.1963578497325,81.90288562525281,19.655781013712947,66.58313598980189,13.761082996485165,False,-1.0600940504518142,SOUTHERN_BRITTANY
929,2018-05-12,679.04375,803.2343512793273,-5.577150374895498,-118.61345090443172,81.90288562525281,19.655781013712947,66.58313598980189,13.761082996485165,False,-1.0600940504518142,SOUTHERN_BRITTANY
930,2018-05-20,605.0200000000001,789.9246640866338,-62.12604159273676,-122.77862249389696,81.90288562525281,19.655781013712947,66.58313598980189,13.761082996485165,False,-1.0600940504518142,SOUTHERN_BRITTANY
931,2018-05-28,714.5350000000001,775.2072696276165,-27.70049011972845,-32.97177950788796,81.90288562525281,19.655781013712947,66.58313598980189,13.761082996485165,False,-1.0600940504518142,SOUTHERN_BRITTANY
932,2018-06-04,714.5350000000001,759.1173796198199,-48.51085126871868,3.928471648898885,81.90288562525281,19.655781013712947,66.58313598980189,13.761082996485165,False,-1.0600940504518142,SOUTHERN_BRITTANY
933,2018-06-12,714.5350000000001,741.6965626963946,-59.9365616229049,32.77499892651038,81.90288562525281,19.655781013712947,66.58313598980189,13.761082996485165,False,-1.0600940504518142,SOUTHERN_BRITTANY
934,2018-06-20,705.78625,722.9959017592993,-89.57109441293798,72.3614426536387,81.90288562525281,19.655781013712947,66.58313598980189,13.761082996485165,False,-1.0600940504518142,SOUTHERN_BRITTANY
935,2018-06-28,376.8683333333333,703.0852428900884,-270.2385667034531,-55.97834285330191,81.90288562525281,19.655781013712947,66.58313598980189,13.761082996485165,False,-1.0600940504518142,SOUTHERN_BRITTANY
936,2018-07-04,300.375,682.0540449754217,-333.8644717263252,-47.8145732490965,81.90288562525281,19.655781013712947,66.58313598980189,13.761082996485165,False,-1.0600940504518142,SOUTHERN_BRITTANY
937,2018-07-12,269.819625,660.0120819100208,-351.2580790730529,-38.93437783696794,81.90288562525281,19.655781013712947,66.58313598980189,13.761082996485165,False,-1.0600940504518142,SOUTHERN_BRITTANY
938,2018-07-20,200.68175,637.0832483071823,-387.1059389983155,-49.29555930886687,81.90288562525281,19.655781013712947,66.58313598980189,13.761082996485165,False,-1.0600940504518142,SOUTHERN_BRITTANY
939,2018-07-28,176.69785714285717,613.4032775700457,-392.8116854974727,-43.89373492971583,81.90288562525281,19.655781013712947,66.58313598980189,13.761082996485165,False,-1.0600940504518142,SOUTHERN_BRITTANY
940,2018-08-04,145.326125,589.1170415602616,-407.4625805710779,-36.32833598918364,81.90288562525281,19.655781013712947,66.58313598980189,13.761082996485165,False,-1.0600940504518142,SOUTHERN_BRITTANY
941,2018-08-12,135.75875,564.376296114839,-409.1136315574937,-19.503914557345297,81.90288562525281,19.655781013712947,66.58313598980189,13.761082996485165,False,-1.0600940504518142,SOUTHERN_BRITTANY
942,2018-08-20,135.75875,539.3375201696592,-405.4218520650842,1.843081895424916,81.90288562525281,19.655781013712947,66.58313598980189,13.761082996485165,False,-1.0600940504518142,SOUTHERN_BRITTANY
943,2018-08-28,133.855125,514.1598727013335,-401.1649543777268,20.86020667639326,81.90288562525281,19.655781013712947,66.58313598980189,13.761082996485165,False,-1.0600940504518142,SOUTHERN_BRITTANY
944,2018-09-04,126.06175,489.0029533633644,-397.9617877869064,35.020584423542005,81.90288562525281,19.655781013712947,66.58313598980189,13.761082996485165,False,-1.0600940504518142,SOUTHERN_BRITTANY
945,2018-09-12,126.06175,464.0244358461209,-393.9918076191598,56.02912177303887,81.90288562525281,19.655781013712947,66.58313598980189,13.761082996485165,False,-1.0600940504518142,SOUTHERN_BRITTANY
946,2018-09-20,133.40416666666667,439.3778742755056,-386.7968053673746,80.82309775853565,81.90288562525281,19.655781013712947,66.58313598980189,13.761082996485165,False,-1.0600940504518142,SOUTHERN_BRITTANY
947,2018-09-28,133.40416666666667,415.2105084282849,-375.9548869274868,94.1485451658686,81.90288562525281,19.655781013712947,66.58313598980189,13.761082996485165,False,-1.0600940504518142,SOUTHERN_BRITTANY
948,2018-10-04,133.40416666666667,391.6611739715859,-369.4358544763404,111.17884717142108,81.90288562525281,19.655781013712947,66.58313598980189,13.761082996485165,False,-1.0600940504518142,SOUTHERN_BRITTANY
949,2018-10-12,133.195125,368.85955660005095,-362.7626610869181,127.09822948686715,81.90288562525281,19.655781013712947,66.58313598980189,13.761082996485165,False,-1.0600940504518142,SOUTHERN_BRITTANY
950,2018-10-20,133.195125,346.92450804812955,-347.3275155527885,133.598132504659,81.90288562525281,19.655781013712947,66.58313598980189,13.761082996485165,False,-1.0600940504518142,SOUTHERN_BRITTANY
951,2018-10-28,133.195125,325.96154539836067,-319.3354777478157,126.569057349455,81.90288562525281,19.655781013712947,66.58313598980189,13.761082996485165,False,-1.0600940504518142,SOUTHERN_BRITTANY
952,2018-11-04,166.83475,306.0599046083898,-230.6672521356272,91.4420975272374,81.90288562525281,19.655781013712947,66.58313598980189,13.761082996485165,False,-1.0600940504518142,SOUTHERN_BRITTANY
953,2018-11-12,246.5625,287.2886007352463,-162.58706443152153,121.86096369627523,81.90288562525281,19.655781013712947,66.58313598980189,13.761082996485165,False,-1.0600940504518142,SOUTHERN_BRITTANY
954,2018-11-20,264.3516666666667,269.6973791330556,-133.93601403621295,128.59030156982402,81.90288562525281,19.655781013712947,66.58313598980189,13.761082996485165,False,-1.0600940504518142,SOUTHERN_BRITTANY
955,2018-11-28,289.27875,253.31929909291048,-65.00779040676635,100.96724131385588,81.90288562525281,19.655781013712947,66.58313598980189,13.761082996485165,False,-1.0600940504518142,SOUTHERN_BRITTANY
956,2018-12-04,393.825,238.1724488548064,74.70457114316423,80.94798000202934,81.90288562525281,19.655781013712947,66.58313598980189,13.761082996485165,False,-1.0600940504518142,SOUTHERN_BRITTANY
957,2018-12-12,398.9375,224.26271793015724,161.81228836997673,12.862493699866036,81.90288562525281,19.655781013712947,66.58313598980189,13.761082996485165,False,-1.0600940504518142,SOUTHERN_BRITTANY
958,2018-12-20,518.5625,211.59562357900367,500.89368990309487,-193.92681348209857,81.90288562525281,19.655781013712947,66.58313598980189,13.761082996485165,False,-1.0600940504518142,SOUTHERN_BRITTANY
959,2018-12-28,518.5625,200.17574763397783,520.0936202316018,-201.7068678655796,81.90288562525281,19.655781013712947,66.58313598980189,13.761082996485165,False,-1.0600940504518142,SOUTHERN_BRITTANY
960,2019-01-04,353.735,190.0160099830326,424.9289109373335,-261.209920920366,81.90288562525281,19.655781013712947,66.58313598980189,13.761082996485165,False,-1.0600940504518142,SOUTHERN_BRITTANY
961,2019-01-12,315.8475,181.153986945987,438.66160205809433,-303.9680890040813,81.90288562525281,19.655781013712947,66.58313598980189,13.761082996485165,False,-1.0600940504518142,SOUTHERN_BRITTANY
962,2019-01-20,315.8475,173.65913898117196,514.7463004119659,-372.5579393931379,81.90288562525281,19.655781013712947,66.58313598980189,13.761082996485165,False,-1.0600940504518142,SOUTHERN_BRITTANY
963,2019-01-28,454.0242857142857,167.62032967804203,472.37032437708257,-185.96636834083887,81.90288562525281,19.655781013712947,66.58313598980189,13.761082996485165,False,-1.0600940504518142,SOUTHERN_BRITTANY
964,2019-02-04,761.7625,163.1361850733964,664.2427516854863,-65.61643675888263,81.90288562525281,19.655781013712947,66.58313598980189,13.761082996485165,False,-1.0600940504518142,SOUTHERN_BRITTANY
965,2019-02-12,761.7625,160.29764155746864,665.427355462281,-63.96249701974955,81.90288562525281,19.655781013712947,66.58313598980189,13.761082996485165,False,-1.0600940504518142,SOUTHERN_BRITTANY
966,2019-02-20,604.25,159.18648436214866,456.4734266219066,-11.409910984055273,81.90288562525281,19.655781013712947,66.58313598980189,13.761082996485165,False,-1.0600940504518142,SOUTHERN_BRITTANY
967,2019-02-28,464.9725,159.8643062246011,375.1504958406557,-70.04230206525688,81.90288562525281,19.655781013712947,66.58313598980189,13.761082996485165,False,-1.0600940504518142,SOUTHERN_BRITTANY
968,2019-03-04,464.9725,162.3644324080504,500.9484207021331,-198.34035311018351,81.90288562525281,19.655781013712947,66.58313598980189,13.761082996485165,False,-1.0600940504518142,SOUTHERN_BRITTANY
969,2019-03-12,504.525,166.68241803292128,520.8845662174589,-183.0419842503802,81.90288562525281,19.655781013712947,66.58313598980189,13.761082996485165,False,-1.0600940504518142,SOUTHERN_BRITTANY
970,2019-03-20,504.525,172.77858912107354,375.1849136143597,-43.4385027354333,81.90288562525281,19.655781013712947,66.58313598980189,13.761082996485165,False,-1.0600940504518142,SOUTHERN_BRITTANY
971,2019-03-28,428.6257142857143,180.5992012680105,252.6568787262898,-4.63036570858597,81.90288562525281,19.655781013712947,66.58313598980189,13.761082996485165,False,-1.0600940504518142,SOUTHERN_BRITTANY
972,2019-04-04,333.86125,190.0828844857304,134.80266974822655,8.975695766043032,81.90288562525281,19.655781013712947,66.58313598980189,13.761082996485165,False,-1.0600940504518142,SOUTHERN_BRITTANY
973,2019-04-12,281.48125,201.15862713746563,75.12089129144482,5.201731571089539,81.90288562525281,19.655781013712947,66.58313598980189,13.761082996485165,False,-1.0600940504518142,SOUTHERN_BRITTANY
974,2019-04-20,263.2333333333333,213.74441685515131,-36.52928361535344,86.01820009353544,81.90288562525281,19.655781013712947,66.58313598980189,13.761082996485165,False,-1.0600940504518142,SOUTHERN_BRITTANY
975,2019-04-28,263.2333333333333,227.74614575814832,-70.19980899040493,105.68699656558996,81.90288562525281,19.655781013712947,66.58313598980189,13.761082996485165,False,-1.0600940504518142,SOUTHERN_BRITTANY
976,2019-05-04,348.12875,243.0530553630542,-6.677724542224306,111.75341917917014,81.90288562525281,19.655781013712947,66.58313598980189,13.761082996485165,False,-1.0600940504518142,SOUTHERN_BRITTANY
977,2019-05-12,348.12875,259.53915956044216,17.367783741763727,71.22180669779414,81.90288562525281,19.655781013712947,66.58313598980189,13.761082996485165,False,-1.0600940504518142,SOUTHERN_BRITTANY
978,2019-05-20,282.67625,277.06800032278136,-69.06418715719606,74.67243683441468,81.90288562525281,19.655781013712947,66.58313598980189,13.761082996485165,False,-1.0600940504518142,SOUTHERN_BRITTANY
979,2019-05-28,229.9857142857143,295.5013095998104,-107.13694014986386,41.62134483576777,81.90288562525281,19.655781013712947,66.58313598980189,13.761082996485165,False,-1.0600940504518142,SOUTHERN_BRITTANY
980,2019-06-04,229.9857142857143,314.70004997504503,-117.9439094049348,33.22957371560405,81.90288562525281,19.655781013712947,66.58313598980189,13.761082996485165,False,-1.0600940504518142,SOUTHERN_BRITTANY
981,2019-06-12,219.845,334.5246991715308,-130.12353751708267,15.443838345551852,81.90288562525281,19.655781013712947,66.58313598980189,13.761082996485165,False,-1.0600940504518142,SOUTHERN_BRITTANY
982,2019-06-20,216.075,354.83234018353244,-124.52376551462736,-14.233574668905092,81.90288562525281,19.655781013712947,66.58313598980189,13.761082996485165,False,-1.0600940504518142,SOUTHERN_BRITTANY
983,2019-06-28,187.31000000000003,375.4750607438604,-232.6147412337045,44.44968048984421,81.90288562525281,19.655781013712947,66.58313598980189,13.761082996485165,False,-1.0600940504518142,SOUTHERN_BRITTANY
984,2019-07-04,125.088375,396.3006674386661,-313.0641347531972,41.8518423145311,81.90288562525281,19.655781013712947,66.58313598980189,13.761082996485165,False,-1.0600940504518142,SOUTHERN_BRITTANY
985,2019-07-12,104.206375,417.15454348521655,-355.21842822985576,42.27025974463919,81.90288562525281,19.655781013712947,66.58313598980189,13.761082996485165,False,-1.0600940504518142,SOUTHERN_BRITTANY
986,2019-07-20,97.18157142857142,437.88671663566953,-383.3490768588272,42.64393165172913,81.90288562525281,19.655781013712947,66.58313598980189,13.761082996485165,False,-1.0600940504518142,SOUTHERN_BRITTANY
987,2019-07-28,96.870375,458.3517678252001,-393.9812602847136,32.499867459513496,81.90288562525281,19.655781013712947,66.58313598980189,13.761082996485165,False,-1.0600940504518142,SOUTHERN_BRITTANY
988,2019-08-04,93.929875,478.407623786652,-408.86088892225536,24.383140135603355,81.90288562525281,19.655781013712947,66.58313598980189,13.761082996485165,False,-1.0600940504518142,SOUTHERN_BRITTANY
989,2019-08-12,90.711375,497.916975825176,-419.8353975745797,12.629796749403738,81.90288562525281,19.655781013712947,66.58313598980189,13.761082996485165,False,-1.0600940504518142,SOUTHERN_BRITTANY
990,2019-08-20,89.378625,516.7488742912537,-424.9987467747444,-2.371502516509395,81.90288562525281,19.655781013712947,66.58313598980189,13.761082996485165,False,-1.0600940504518142,SOUTHERN_BRITTANY
991,2019-08-28,90.711375,534.7806925339158,-427.0968568420394,-16.97246069187645,81.90288562525281,19.655781013712947,66.58313598980189,13.761082996485165,False,-1.0600940504518142,SOUTHERN_BRITTANY
992,2019-09-04,94.5296743551359,551.9001802908518,-429.5414828078272,-27.82902312788872,81.90288562525281,19.655781013712947,66.58313598980189,13.761082996485165,False,-1.0600940504518142,SOUTHERN_BRITTANY
993,2019-09-12,94.5296743551359,568.0073776662015,-434.1209484015652,-39.35675490950035,81.90288562525281,19.655781013712947,66.58313598980189,13.761082996485165,False,-1.0600940504518142,SOUTHERN_BRITTANY
994,2019-09-20,94.5296743551359,583.0164823454954,-433.4100852023715,-55.07672278798805,81.90288562525281,19.655781013712947,66.58313598980189,13.761082996485165,False,-1.0600940504518142,SOUTHERN_BRITTANY
995,2019-09-28,113.83084742355284,596.858624199305,-418.3743973137426,-64.65337946200958,81.90288562525281,19.655781013712947,66.58313598980189,13.761082996485165,False,-1.0600940504518142,SOUTHERN_BRITTANY
996,2019-10-04,113.83084742355284,609.4819883404998,-389.8158706255234,-105.83527029142356,81.90288562525281,19.655781013712947,66.58313598980189,13.761082996485165,False,-1.0600940504518142,SOUTHERN_BRITTANY
997,2019-10-12,114.48196124493587,620.8495295540941,-375.59325123615446,-130.77431707300383,81.90288562525281,19.655781013712947,66.58313598980189,13.761082996485165,False,-1.0600940504518142,SOUTHERN_BRITTANY
998,2019-10-20,167.80622623500594,630.9383698120565,-337.4551923190677,-125.6769512579828,81.90288562525281,19.655781013712947,66.58313598980189,13.761082996485165,False,-1.0600940504518142,SOUTHERN_BRITTANY
999,2019-10-28,263.72105217467123,639.7388317158322,-289.68215026316886,-86.33562927799215,81.90288562525281,19.655781013712947,66.58313598980189,13.761082996485165,False,-1.0600940504518142,SOUTHERN_BRITTANY
1000,2019-11-04,539.0261466513522,647.2547383164194,-142.0673327883311,33.838741123263844,81.90288562525281,19.655781013712947,66.58313598980189,13.761082996485165,False,-1.0600940504518142,SOUTHERN_BRITTANY
1001,2019-11-12,623.8644822078747,653.5047498491898,-90.4907977720677,60.85053013075263,81.90288562525281,19.655781013712947,66.58313598980189,13.761082996485165,False,-1.0600940504518142,SOUTHERN_BRITTANY
1002,2019-11-20,658.8172961265341,658.5216458130977,-73.18287504087208,73.47852535430842,81.90288562525281,19.655781013712947,66.58313598980189,13.761082996485165,False,-1.0600940504518142,SOUTHERN_BRITTANY
1003,2019-11-28,865.1278209628548,662.3511807200834,37.11205995704165,165.6645802857297,81.90288562525281,19.655781013712947,66.58313598980189,13.761082996485165,False,-1.0600940504518142,SOUTHERN_BRITTANY
1004,2019-12-04,1140.096288089723,665.0487814398631,213.0157203413718,262.0317863084881,81.90288562525281,19.655781013712947,66.58313598980189,13.761082996485165,False,-1.0600940504518142,SOUTHERN_BRITTANY
1005,2019-12-12,1297.6318601001665,666.6768068126581,361.7141916692341,269.240861618274,81.90288562525281,19.655781013712947,66.58313598980189,13.761082996485165,False,-1.0600940504518142,SOUTHERN_BRITTANY
1006,2019-12-20,2074.58265123912,667.2990469585641,842.9783501830846,564.3052540974713,81.90288562525281,19.655781013712947,66.58313598980189,13.761082996485165,False,-1.0600940504518142,SOUTHERN_BRITTANY
1007,2019-12-28,2074.58265123912,666.9796128467664,931.6982380338034,475.9048003585501,81.90288562525281,19.655781013712947,66.58313598980189,13.761082996485165,False,-1.0600940504518142,SOUTHERN_BRITTANY
1008,2020-01-04,1269.6712341109303,665.7731445428327,487.6233623238962,116.27472724420136,81.90288562525281,19.655781013712947,66.58313598980189,13.761082996485165,False,-1.0600940504518142,SOUTHERN_BRITTANY
1009,2020-01-12,956.6554146351629,663.7277015536048,320.41034403104834,-27.48263094949027,81.90288562525281,19.655781013712947,66.58313598980189,13.761082996485165,False,-1.0600940504518142,SOUTHERN_BRITTANY
1010,2020-01-20,798.9539427766534,660.8828218499277,305.966234992281,-167.89511406555528,81.90288562525281,19.655781013712947,66.58313598980189,13.761082996485165,False,-1.0600940504518142,SOUTHERN_BRITTANY
1011,2020-01-28,798.9539427766534,657.2645279132382,483.7905756380628,-342.1011607746476,81.90288562525281,19.655781013712947,66.58313598980189,13.761082996485165,False,-1.0600940504518142,SOUTHERN_BRITTANY
1012,2020-02-04,1059.221654799666,652.8813169552237,844.6891542056123,-438.34881636117,81.90288562525281,19.655781013712947,66.58313598980189,13.761082996485165,False,-1.0600940504518142,SOUTHERN_BRITTANY
1013,2020-02-12,1059.221654799666,647.7288080036525,845.0254922317047,-433.5326454356911,81.90288562525281,19.655781013712947,66.58313598980189,13.761082996485165,False,-1.0600940504518142,SOUTHERN_BRITTANY
1014,2020-02-20,886.6084861932401,641.7947763645377,416.0154724723588,-171.20176264365642,81.90288562525281,19.655781013712947,66.58313598980189,13.761082996485165,False,-1.0600940504518142,SOUTHERN_BRITTANY
1015,2020-02-28,886.6084861932401,635.0841984797446,288.36046540792483,-36.83617769442935,81.90288562525281,19.655781013712947,66.58313598980189,13.761082996485165,False,-1.0600940504518142,SOUTHERN_BRITTANY
1016,2020-03-04,1549.7554438463449,627.625117686106,564.3812593046058,357.74906685563303,81.90288562525281,19.655781013712947,66.58313598980189,13.761082996485165,False,-1.0600940504518142,SOUTHERN_BRITTANY
1017,2020-03-12,1549.7554438463449,619.471512513,543.0852514533625,387.1986798799824,81.90288562525281,19.655781013712947,66.58313598980189,13.761082996485165,False,-1.0600940504518142,SOUTHERN_BRITTANY
1018,2020-03-20,967.1975,610.7012837222516,252.17049463476923,104.3257216429792,81.90288562525281,19.655781013712947,66.58313598980189,13.761082996485165,False,-1.0600940504518142,SOUTHERN_BRITTANY
1019,2020-03-28,621.0077142857143,601.4117381858254,43.41153730746422,-23.815561207575264,81.90288562525281,19.655781013712947,66.58313598980189,13.761082996485165,False,-1.0600940504518142,SOUTHERN_BRITTANY
1020,2020-04-04,453.186125,591.7149329451053,-100.68011208510224,-37.84869586000302,81.90288562525281,19.655781013712947,66.58313598980189,13.761082996485165,False,-1.0600940504518142,SOUTHERN_BRITTANY
1021,2020-04-12,351.209375,581.732544638903,-170.0670564510827,-60.456113187820335,81.90288562525281,19.655781013712947,66.58313598980189,13.761082996485165,False,-1.0600940504518142,SOUTHERN_BRITTANY
1022,2020-04-20,314.0855,571.5919446329124,-206.81286959605907,-50.69357503685333,81.90288562525281,19.655781013712947,66.58313598980189,13.761082996485165,False,-1.0600940504518142,SOUTHERN_BRITTANY
1023,2020-04-28,314.0855,561.4247125447818,-215.31139543029187,-32.02781711448992,81.90288562525281,19.655781013712947,66.58313598980189,13.761082996485165,False,-1.0600940504518142,SOUTHERN_BRITTANY
1024,2020-05-04,529.456875,551.3656711109921,-85.15360290821937,63.2448067972272,81.90288562525281,19.655781013712947,66.58313598980189,13.761082996485165,False,-1.0600940504518142,SOUTHERN_BRITTANY
1025,2020-05-12,529.456875,541.5489460466532,-56.079082698638665,43.98701165198542,81.90288562525281,19.655781013712947,66.58313598980189,13.761082996485165,False,-1.0600940504518142,SOUTHERN_BRITTANY
1026,2020-05-20,406.960375,532.1019482440618,-89.39198695113416,-35.7495862929276,81.90288562525281,19.655781013712947,66.58313598980189,13.761082996485165,False,-1.0600940504518142,SOUTHERN_BRITTANY
1027,2020-05-28,270.76185714285714,523.1387697636777,-167.04435656069836,-85.33255606012222,81.90288562525281,19.655781013712947,66.58313598980189,13.761082996485165,False,-1.0600940504518142,SOUTHERN_BRITTANY
1028,2020-06-04,251.543625,514.7600601864223,-216.31692448437525,-46.899510702047,81.90288562525281,19.655781013712947,66.58313598980189,13.761082996485165,False,-1.0600940504518142,SOUTHERN_BRITTANY
1029,2020-06-12,251.543625,507.0558986992117,-235.57442059392324,-19.937853105288383,81.90288562525281,19.655781013712947,66.58313598980189,13.761082996485165,False,-1.0600940504518142,SOUTHERN_BRITTANY
1030,2020-06-20,327.3156666666667,500.1076339886372,-194.51869382284224,21.72672650087173,81.90288562525281,19.655781013712947,66.58313598980189,13.761082996485165,False,-1.0600940504518142,SOUTHERN_BRITTANY
1031,2020-06-28,327.3156666666667,493.98809800366416,-175.24402981732442,8.57159848032694,81.90288562525281,19.655781013712947,66.58313598980189,13.761082996485165,False,-1.0600940504518142,SOUTHERN_BRITTANY
1032,2020-07-04,240.669,488.7598205999865,-175.55065539773588,-72.54016520225059,81.90288562525281,19.655781013712947,66.58313598980189,13.761082996485165,False,-1.0600940504518142,SOUTHERN_BRITTANY
1033,2020-07-12,156.42325,484.471254991853,-210.6044165495057,-117.44358844234732,81.90288562525281,19.655781013712947,66.58313598980189,13.761082996485165,False,-1.0600940504518142,SOUTHERN_BRITTANY
1034,2020-07-20,127.6805,481.15343396403983,-250.39113744842007,-103.08179651561976,81.90288562525281,19.655781013712947,66.58313598980189,13.761082996485165,False,-1.0600940504518142,SOUTHERN_BRITTANY
1035,2020-07-28,115.46914285714286,478.8221081176071,-316.7997834092313,-46.55318185123292,81.90288562525281,19.655781013712947,66.58313598980189,13.761082996485165,False,-1.0600940504518142,SOUTHERN_BRITTANY
1036,2020-08-04,114.68175,477.48228637420016,-347.4773210783268,-15.32321529587341,81.90288562525281,19.655781013712947,66.58313598980189,13.761082996485165,False,-1.0600940504518142,SOUTHERN_BRITTANY
1037,2020-08-12,114.68175,477.12941097792407,-370.8301265448997,8.382465566975611,81.90288562525281,19.655781013712947,66.58313598980189,13.761082996485165,False,-1.0600940504518142,SOUTHERN_BRITTANY
1038,2020-08-20,114.68175,477.7501159555414,-389.9338667822304,26.86550082668901,81.90288562525281,19.655781013712947,66.58313598980189,13.761082996485165,False,-1.0600940504518142,SOUTHERN_BRITTANY
1039,2020-08-28,111.624,479.3223400570501,-401.4544408462632,33.75610078921318,81.90288562525281,19.655781013712947,66.58313598980189,13.761082996485165,False,-1.0600940504518142,SOUTHERN_BRITTANY
1040,2020-09-04,111.565125,481.8149060875212,-402.7414709777474,32.49168989022621,81.90288562525281,19.655781013712947,66.58313598980189,13.761082996485165,False,-1.0600940504518142,SOUTHERN_BRITTANY
1041,2020-09-12,106.44,485.1871460349308,-402.4428203209041,23.695674285973325,81.90288562525281,19.655781013712947,66.58313598980189,13.761082996485165,False,-1.0600940504518142,SOUTHERN_BRITTANY
1042,2020-09-20,106.44,489.38873478607866,-363.3870775512582,-19.561657234820476,81.90288562525281,19.655781013712947,66.58313598980189,13.761082996485165,False,-1.0600940504518142,SOUTHERN_BRITTANY
1043,2020-09-28,121.92416666666668,494.35720102345056,-351.1501922149341,-21.28284214184976,81.90288562525281,19.655781013712947,66.58313598980189,13.761082996485165,False,-1.0600940504518142,SOUTHERN_BRITTANY
1044,2020-10-04,224.509625,500.01951479672346,-304.0590856830185,28.54919588629508,81.90288562525281,19.655781013712947,66.58313598980189,13.761082996485165,False,-1.0600940504518142,SOUTHERN_BRITTANY
1045,2020-10-12,266.256,506.2952498764101,-287.5185734235493,47.47932354713913,81.90288562525281,19.655781013712947,66.58313598980189,13.761082996485165,False,-1.0600940504518142,SOUTHERN_BRITTANY
1046,2020-10-20,299.916125,513.0988505669192,-276.1381036217648,62.9553780548456,81.90288562525281,19.655781013712947,66.58313598980189,13.761082996485165,False,-1.0600940504518142,SOUTHERN_BRITTANY
1047,2020-10-28,290.162875,520.3446083755531,-259.21233524079133,29.030601865238225,81.90288562525281,19.655781013712947,66.58313598980189,13.761082996485165,False,-1.0600940504518142,SOUTHERN_BRITTANY
1048,2020-11-04,290.162875,527.9498219050389,-182.3642512964708,-55.42269560856815,81.90288562525281,19.655781013712947,66.58313598980189,13.761082996485165,False,-1.0600940504518142,SOUTHERN_BRITTANY
1049,2020-11-12,242.72575,535.8370033517083,-185.0215750260471,-108.0896783256612,81.90288562525281,19.655781013712947,66.58313598980189,13.761082996485165,False,-1.0600940504518142,SOUTHERN_BRITTANY
1050,2020-11-20,221.2035,543.9354383677634,-188.2756078963528,-134.45633047141064,81.90288562525281,19.655781013712947,66.58313598980189,13.761082996485165,False,-1.0600940504518142,SOUTHERN_BRITTANY
1051,2020-11-28,221.2035,552.1793751656394,-139.17662616950096,-191.7992489961385,81.90288562525281,19.655781013712947,66.58313598980189,13.761082996485165,False,-1.0600940504518142,SOUTHERN_BRITTANY
1052,2020-12-04,262.26225,560.509408757553,-25.456528996965623,-272.7906297605874,81.90288562525281,19.655781013712947,66.58313598980189,13.761082996485165,False,-1.0600940504518142,SOUTHERN_BRITTANY
1053,2020-12-12,525.6869851773026,568.8723218579584,220.07872808281095,-263.2640647634667,81.90288562525281,19.655781013712947,66.58313598980189,13.761082996485165,False,-1.0600940504518142,SOUTHERN_BRITTANY
1054,2020-12-20,765.9565340178726,577.2160112581421,567.9399886223747,-379.19946586264416,81.90288562525281,19.655781013712947,66.58313598980189,13.761082996485165,False,-1.0600940504518142,SOUTHERN_BRITTANY
1055,2020-12-28,1114.967678886282,585.4864641427914,740.7957065895687,-211.314491846078,81.90288562525281,19.655781013712947,66.58313598980189,13.761082996485165,False,-1.0600940504518142,SOUTHERN_BRITTANY
1056,2021-01-04,1114.967678886282,593.6321993234988,642.7834125021798,-121.44793293939642,81.90288562525281,19.655781013712947,66.58313598980189,13.761082996485165,False,-1.0600940504518142,SOUTHERN_BRITTANY
1057,2021-01-12,1114.967678886282,601.5800298591469,560.2737512432542,-46.88610221611896,81.90288562525281,19.655781013712947,66.58313598980189,13.761082996485165,False,-1.0600940504518142,SOUTHERN_BRITTANY
1058,2021-01-20,1377.5978112416144,609.2354557609926,544.964125587935,223.3982298926868,81.90288562525281,19.655781013712947,66.58313598980189,13.761082996485165,False,-1.0600940504518142,SOUTHERN_BRITTANY
1059,2021-01-28,1953.319624278344,616.5034815575669,769.8210358172287,566.9951069035478,81.90288562525281,19.655781013712947,66.58313598980189,13.761082996485165,False,-1.0600940504518142,SOUTHERN_BRITTANY
1060,2021-02-04,2568.48625,623.2996667378716,1115.0964136147018,830.0901696474266,81.90288562525281,19.655781013712947,66.58313598980189,13.761082996485165,False,-1.0600940504518142,SOUTHERN_BRITTANY
1061,2021-02-12,2568.48625,629.5561536541337,1113.1000296167008,825.8300667291655,81.90288562525281,19.655781013712947,66.58313598980189,13.761082996485165,False,-1.0600940504518142,SOUTHERN_BRITTANY
1062,2021-02-20,1352.643875,635.2245445099738,500.3144037304643,217.10492675956183,81.90288562525281,19.655781013712947,66.58313598980189,13.761082996485165,False,-1.0600940504518142,SOUTHERN_BRITTANY
1063,2021-02-28,977.7175,640.2663710346058,311.6669490772477,25.78417988814647,81.90288562525281,19.655781013712947,66.58313598980189,13.761082996485165,False,-1.0600940504518142,SOUTHERN_BRITTANY
1064,2021-03-04,751.369125,644.6563009671324,329.3028906322185,-222.5900665993509,81.90288562525281,19.655781013712947,66.58313598980189,13.761082996485165,False,-1.0600940504518142,SOUTHERN_BRITTANY
1065,2021-03-12,622.225625,648.3792944475315,250.8916949047941,-277.0453643523256,81.90288562525281,19.655781013712947,66.58313598980189,13.761082996485165,False,-1.0600940504518142,SOUTHERN_BRITTANY
1066,2021-03-20,620.56875,651.4325810608385,101.95232575564825,-132.81615681648674,81.90288562525281,19.655781013712947,66.58313598980189,13.761082996485165,False,-1.0600940504518142,SOUTHERN_BRITTANY
1067,2021-03-28,552.0732857142857,653.8088585766179,-51.541010049395794,-50.194562812936425,81.90288562525281,19.655781013712947,66.58313598980189,13.761082996485165,False,-1.0600940504518142,SOUTHERN_BRITTANY
1068,2021-04-04,405.3065,655.4920949156777,-167.4289615588727,-82.75663335680503,81.90288562525281,19.655781013712947,66.58313598980189,13.761082996485165,False,-1.0600940504518142,SOUTHERN_BRITTANY
1069,2021-04-12,384.671,656.4640010319641,-205.46348527787376,-66.32951575409038,81.90288562525281,19.655781013712947,66.58313598980189,13.761082996485165,False,-1.0600940504518142,SOUTHERN_BRITTANY
1070,2021-04-20,330.406875,656.7077594969284,-241.372042625124,-84.92884187180434,81.90288562525281,19.655781013712947,66.58313598980189,13.761082996485165,False,-1.0600940504518142,SOUTHERN_BRITTANY
1071,2021-04-28,294.95375,656.2086119936283,-263.36312078096705,-97.89174121266126,81.90288562525281,19.655781013712947,66.58313598980189,13.761082996485165,False,-1.0600940504518142,SOUTHERN_BRITTANY
1072,2021-05-04,294.95375,654.9558154149513,-222.31446541851508,-137.6875999964362,81.90288562525281,19.655781013712947,66.58313598980189,13.761082996485165,False,-1.0600940504518142,SOUTHERN_BRITTANY
1073,2021-05-12,401.713375,652.9443246091769,-177.73249114389844,-73.49845846527845,81.90288562525281,19.655781013712947,66.58313598980189,13.761082996485165,False,-1.0600940504518142,SOUTHERN_BRITTANY
1074,2021-05-20,566.9697142857143,650.1766753029689,-129.8826051586725,46.67564414141793,81.90288562525281,19.655781013712947,66.58313598980189,13.761082996485165,False,-1.0600940504518142,SOUTHERN_BRITTANY
1075,2021-05-28,566.9697142857143,646.6603368450654,-164.79358772561238,85.10296516626124,81.90288562525281,19.655781013712947,66.58313598980189,13.761082996485165,False,-1.0600940504518142,SOUTHERN_BRITTANY
1076,2021-06-04,389.71425,642.4067847692553,-253.0666730586969,0.3741382894415608,81.90288562525281,19.655781013712947,66.58313598980189,13.761082996485165,False,-1.0600940504518142,SOUTHERN_BRITTANY
1077,2021-06-12,306.77275,637.4310648869783,-289.64413744621885,-41.01417744075951,81.90288562525281,19.655781013712947,66.58313598980189,13.761082996485165,False,-1.0600940504518142,SOUTHERN_BRITTANY
1078,2021-06-20,306.77275,631.7534564083979,-254.1209997268001,-70.85970668159786,81.90288562525281,19.655781013712947,66.58313598980189,13.761082996485165,False,-1.0600940504518142,SOUTHERN_BRITTANY
1079,2021-06-28,395.2201666666666,625.398128721174,-196.6083561509573,-33.569605903549984,81.90288562525281,19.655781013712947,66.58313598980189,13.761082996485165,False,-1.0600940504518142,SOUTHERN_BRITTANY
1080,2021-07-04,631.038625,618.3932158559337,-91.73747334578498,104.3828824898513,81.90288562525281,19.655781013712947,66.58313598980189,13.761082996485165,False,-1.0600940504518142,SOUTHERN_BRITTANY
1081,2021-07-12,700.68525,610.7705084750711,-81.26192433861945,171.17666586354835,81.90288562525281,19.655781013712947,66.58313598980189,13.761082996485165,False,-1.0600940504518142,SOUTHERN_BRITTANY
1082,2021-07-20,631.038625,602.5656974759631,-130.1932700633718,158.6661975874087,81.90288562525281,19.655781013712947,66.58313598980189,13.761082996485165,False,-1.0600940504518142,SOUTHERN_BRITTANY
1083,2021-07-28,418.0152857142857,593.8206013400544,-235.1763987796708,59.37108315390213,81.90288562525281,19.655781013712947,66.58313598980189,13.761082996485165,False,-1.0600940504518142,SOUTHERN_BRITTANY
1084,2021-08-04,329.90775,584.583359943726,-268.89609571467867,14.220485770952678,81.90288562525281,19.655781013712947,66.58313598980189,13.761082996485165,False,-1.0600940504518142,SOUTHERN_BRITTANY
1085,2021-08-12,269.892625,574.9083587801205,-282.66021741109887,-22.355516369021583,81.90288562525281,19.655781013712947,66.58313598980189,13.761082996485165,False,-1.0600940504518142,SOUTHERN_BRITTANY
1086,2021-08-20,218.01275,564.8542641442755,-295.9261092179161,-50.91540492635937,81.90288562525281,19.655781013712947,66.58313598980189,13.761082996485165,False,-1.0600940504518142,SOUTHERN_BRITTANY
1087,2021-08-28,190.4422857142857,554.4825720480377,-301.710516668706,-62.32976966504594,81.90288562525281,19.655781013712947,66.58313598980189,13.761082996485165,False,-1.0600940504518142,SOUTHERN_BRITTANY
1088,2021-09-04,182.68525,543.8561298825149,-296.8264782477908,-64.34440163472408,81.90288562525281,19.655781013712947,66.58313598980189,13.761082996485165,False,-1.0600940504518142,SOUTHERN_BRITTANY
1089,2021-09-12,182.68525,533.0376543886438,-289.41667901523783,-60.93572537340594,81.90288562525281,19.655781013712947,66.58313598980189,13.761082996485165,False,-1.0600940504518142,SOUTHERN_BRITTANY
1090,2021-09-20,331.543875,522.088495763613,-209.66014808791837,19.11552732430539,81.90288562525281,19.655781013712947,66.58313598980189,13.761082996485165,False,-1.0600940504518142,SOUTHERN_BRITTANY
1091,2021-09-28,331.543875,511.0690438178288,-201.80623175156708,22.281062933738355,81.90288562525281,19.655781013712947,66.58313598980189,13.761082996485165,False,-1.0600940504518142,SOUTHERN_BRITTANY
1092,2021-10-04,319.8945,500.0373906076841,-175.4575506110049,-4.685339996679176,81.90288562525281,19.655781013712947,66.58313598980189,13.761082996485165,False,-1.0600940504518142,SOUTHERN_BRITTANY
1093,2021-10-12,309.76575,489.0492639969769,-166.7417609454763,-12.541753051500564,81.90288562525281,19.655781013712947,66.58313598980189,13.761082996485165,False,-1.0600940504518142,SOUTHERN_BRITTANY
1094,2021-10-20,243.9135,478.1571359194887,-188.4669784719112,-45.77665744757746,81.90288562525281,19.655781013712947,66.58313598980189,13.761082996485165,False,-1.0600940504518142,SOUTHERN_BRITTANY
1095,2021-10-28,243.9135,467.4066999689104,-190.29004235161904,-33.20315761729137,81.90288562525281,19.655781013712947,66.58313598980189,13.761082996485165,False,-1.0600940504518142,SOUTHERN_BRITTANY
1096,2021-11-04,280.306375,456.8369251175851,-170.62642270992953,-5.904127407655579,81.90288562525281,19.655781013712947,66.58313598980189,13.761082996485165,False,-1.0600940504518142,SOUTHERN_BRITTANY
1097,2021-11-12,280.782875,446.4825343261672,-179.22591110842876,13.526251782261568,81.90288562525281,19.655781013712947,66.58313598980189,13.761082996485165,False,-1.0600940504518142,SOUTHERN_BRITTANY
1098,2021-11-20,280.782875,436.372957421464,-173.3333088639164,17.74322644245234,81.90288562525281,19.655781013712947,66.58313598980189,13.761082996485165,False,-1.0600940504518142,SOUTHERN_BRITTANY
1099,2021-11-28,280.782875,426.5312470440628,-160.8576463470732,15.10927430301038,81.90288562525281,19.655781013712947,66.58313598980189,13.761082996485165,False,-1.0600940504518142,SOUTHERN_BRITTANY
1100,2021-12-04,388.4625,416.96978013561306,-94.39913710229132,65.89185696667823,81.90288562525281,19.655781013712947,66.58313598980189,13.761082996485165,False,-1.0600940504518142,SOUTHERN_BRITTANY
1101,2021-12-12,693.49425,407.6926596188354,126.71144645124164,159.09014392992293,81.90288562525281,19.655781013712947,66.58313598980189,13.761082996485165,False,-1.0600940504518142,SOUTHERN_BRITTANY
1102,2021-12-20,833.3347142857143,398.70993977484994,262.4073208271614,172.21745368370296,81.90288562525281,19.655781013712947,66.58313598980189,13.761082996485165,False,-1.0600940504518142,SOUTHERN_BRITTANY
1103,2021-12-28,833.3347142857143,390.0406581404409,405.2688846418435,38.02517150342993,81.90288562525281,19.655781013712947,66.58313598980189,13.761082996485165,False,-1.0600940504518142,SOUTHERN_BRITTANY
1104,2022-01-04,1257.92925,381.704086344908,621.557665763185,254.6674978919069,81.90288562525281,19.655781013712947,66.58313598980189,13.761082996485165,False,-1.0600940504518142,SOUTHERN_BRITTANY
1105,2022-01-12,1257.92925,373.7334363867191,666.6875646266238,217.5082489866569,81.90288562525281,19.655781013712947,66.58313598980189,13.761082996485165,False,-1.0600940504518142,SOUTHERN_BRITTANY
1106,2022-01-20,846.5185,366.17032161764297,530.9446040249063,-50.596425642549264,81.90288562525281,19.655781013712947,66.58313598980189,13.761082996485165,False,-1.0600940504518142,SOUTHERN_BRITTANY
1107,2022-01-28,608.4125714285714,359.06308247678714,558.0356245278683,-308.6861355760841,81.90288562525281,19.655781013712947,66.58313598980189,13.761082996485165,False,-1.0600940504518142,SOUTHERN_BRITTANY
1108,2022-02-04,509.0855,352.46801312187864,612.620359476321,-456.0028725981997,81.90288562525281,19.655781013712947,66.58313598980189,13.761082996485165,False,-1.0600940504518142,SOUTHERN_BRITTANY
1109,2022-02-12,509.0855,346.4448888459284,596.4976779391994,-433.8570667851279,81.90288562525281,19.655781013712947,66.58313598980189,13.761082996485165,False,-1.0600940504518142,SOUTHERN_BRITTANY
1110,2022-02-20,668.4425,341.0432340411929,366.6517467964701,-39.25248083766292,81.90288562525281,19.655781013712947,66.58313598980189,13.761082996485165,False,-1.0600940504518142,SOUTHERN_BRITTANY
1111,2022-02-28,668.4425,336.2878574006561,262.4261306478104,69.7285119515335,81.90288562525281,19.655781013712947,66.58313598980189,13.761082996485165,False,-1.0600940504518142,SOUTHERN_BRITTANY
1112,2022-03-04,532.200875,332.1744220429669,148.26341246637148,51.76304049066161,81.90288562525281,19.655781013712947,66.58313598980189,13.761082996485165,False,-1.0600940504518142,SOUTHERN_BRITTANY
1113,2022-03-12,479.723875,328.6821610416823,186.91416848136976,-35.872454523052056,81.90288562525281,19.655781013712947,66.58313598980189,13.761082996485165,False,-1.0600940504518142,SOUTHERN_BRITTANY
1114,2022-03-20,473.5915,325.76911419753424,183.28665805968728,-35.464272257221495,81.90288562525281,19.655781013712947,66.58313598980189,13.761082996485165,False,-1.0600940504518142,SOUTHERN_BRITTANY
1115,2022-03-28,347.03842857142854,323.38267918139456,93.30369964492354,-69.64795025488957,81.90288562525281,19.655781013712947,66.58313598980189,13.761082996485165,False,-1.0600940504518142,SOUTHERN_BRITTANY
1116,2022-04-04,347.03842857142854,321.4660584331916,47.15687281175774,-21.584502673520817,81.90288562525281,19.655781013712947,66.58313598980189,13.761082996485165,False,-1.0600940504518142,SOUTHERN_BRITTANY
1117,2022-04-12,338.18875,319.95700543916684,4.091628154123332,14.14011640670986,81.90288562525281,19.655781013712947,66.58313598980189,13.761082996485165,False,-1.0600940504518142,SOUTHERN_BRITTANY
1118,2022-04-20,337.579875,318.7891271531076,-23.97798763057017,42.7687354774626,81.90288562525281,19.655781013712947,66.58313598980189,13.761082996485165,False,-1.0600940504518142,SOUTHERN_BRITTANY
1119,2022-04-28,314.783,317.8901384516835,-59.27778694285042,56.17064849116691,81.90288562525281,19.655781013712947,66.58313598980189,13.761082996485165,False,-1.0600940504518142,SOUTHERN_BRITTANY
1120,2022-05-04,253.788875,317.18473036594867,-105.823309978918,42.42745461296931,81.90288562525281,19.655781013712947,66.58313598980189,13.761082996485165,False,-1.0600940504518142,SOUTHERN_BRITTANY
1121,2022-05-12,205.265125,316.6044967489897,-108.45273186074868,-2.8866398882410067,81.90288562525281,19.655781013712947,66.58313598980189,13.761082996485165,False,-1.0600940504518142,SOUTHERN_BRITTANY
1122,2022-05-20,174.539,316.0881263687959,-88.43669261622685,-53.112433752569046,81.90288562525281,19.655781013712947,66.58313598980189,13.761082996485165,False,-1.0600940504518142,SOUTHERN_BRITTANY
1123,2022-05-28,154.87728571428573,315.5825837736181,-104.668233475517,-56.03706458381538,81.90288562525281,19.655781013712947,66.58313598980189,13.761082996485165,False,-1.0600940504518142,SOUTHERN_BRITTANY
1124,2022-06-04,154.87728571428573,315.0408257482488,-175.64523220734114,15.481692173378091,81.90288562525281,19.655781013712947,66.58313598980189,13.761082996485165,False,-1.0600940504518142,SOUTHERN_BRITTANY
1125,2022-06-12,150.02675,314.4160146215614,-207.31042938096692,42.92116475940557,81.90288562525281,19.655781013712947,66.58313598980189,13.761082996485165,False,-1.0600940504518142,SOUTHERN_BRITTANY
1126,2022-06-20,181.384125,313.66088883041243,-195.8833813371139,63.60661750670144,81.90288562525281,19.655781013712947,66.58313598980189,13.761082996485165,False,-1.0600940504518142,SOUTHERN_BRITTANY
1127,2022-06-28,188.862,312.73405720809427,-171.4092288742624,47.53717166616812,81.90288562525281,19.655781013712947,66.58313598980189,13.761082996485165,False,-1.0600940504518142,SOUTHERN_BRITTANY
1128,2022-07-04,188.862,311.6024922851411,-121.95052320754908,-0.7899690775920618,81.90288562525281,19.655781013712947,66.58313598980189,13.761082996485165,False,-1.0600940504518142,SOUTHERN_BRITTANY
1129,2022-07-12,158.882875,310.2422972041384,-122.284734126506,-29.074688077632345,81.90288562525281,19.655781013712947,66.58313598980189,13.761082996485165,False,-1.0600940504518142,SOUTHERN_BRITTANY
1130,2022-07-20,113.888375,308.63746617955564,-167.94093274458274,-26.80815843497291,81.90288562525281,19.655781013712947,66.58313598980189,13.761082996485165,False,-1.0600940504518142,SOUTHERN_BRITTANY
1131,2022-07-28,101.00357142857142,306.7754680537945,-226.78593868611503,21.014042060891995,81.90288562525281,19.655781013712947,66.58313598980189,13.761082996485165,False,-1.0600940504518142,SOUTHERN_BRITTANY
1132,2022-08-04,91.119625,304.6441410324353,-248.30293679403607,34.77842076160076,81.90288562525281,19.655781013712947,66.58313598980189,13.761082996485165,False,-1.0600940504518142,SOUTHERN_BRITTANY
1133,2022-08-12,91.119625,302.2294662957263,-257.0892359833552,45.97939468762888,81.90288562525281,19.655781013712947,66.58313598980189,13.761082996485165,False,-1.0600940504518142,SOUTHERN_BRITTANY
1134,2022-08-20,92.085,299.5187294053952,-265.6926262765121,58.25889687111692,81.90288562525281,19.655781013712947,66.58313598980189,13.761082996485165,False,-1.0600940504518142,SOUTHERN_BRITTANY
1135,2022-08-28,96.893625,296.50266438414786,-270.5403749448334,70.93133556068551,81.90288562525281,19.655781013712947,66.58313598980189,13.761082996485165,False,-1.0600940504518142,SOUTHERN_BRITTANY
1136,2022-09-04,99.8952857142857,293.17725193740654,-274.7957182933206,81.51375207019976,81.90288562525281,19.655781013712947,66.58313598980189,13.761082996485165,False,-1.0600940504518142,SOUTHERN_BRITTANY
1137,2022-09-12,102.152625,289.54549742842977,-279.0183775296442,91.62550510121446,81.90288562525281,19.655781013712947,66.58313598980189,13.761082996485165,False,-1.0600940504518142,SOUTHERN_BRITTANY
1138,2022-09-20,102.152625,285.61982986174115,-243.23792169262543,59.77071683088428,81.90288562525281,19.655781013712947,66.58313598980189,13.761082996485165,False,-1.0600940504518142,SOUTHERN_BRITTANY
1139,2022-09-28,105.7555,281.42303924755475,-247.2411936255136,71.5736543779588,81.90288562525281,19.655781013712947,66.58313598980189,13.761082996485165,False,-1.0600940504518142,SOUTHERN_BRITTANY
1140,2022-10-04,125.404,276.9886008020817,-250.4756093898132,98.89100858773143,81.90288562525281,19.655781013712947,66.58313598980189,13.761082996485165,False,-1.0600940504518142,SOUTHERN_BRITTANY
1141,2022-10-12,135.393125,272.3592518309509,-254.1172521855703,117.15112535461938,81.90288562525281,19.655781013712947,66.58313598980189,13.761082996485165,False,-1.0600940504518142,SOUTHERN_BRITTANY
1142,2022-10-20,143.72342857142857,267.58940882770867,-267.03173564785254,143.16575539157245,81.90288562525281,19.655781013712947,66.58313598980189,13.761082996485165,False,-1.0600940504518142,SOUTHERN_BRITTANY
1143,2022-10-28,143.72342857142857,262.74589674195744,-210.19564977931336,91.17318160878447,81.90288562525281,19.655781013712947,66.58313598980189,13.761082996485165,False,-1.0600940504518142,SOUTHERN_BRITTANY
1144,2022-11-04,143.72342857142857,257.9012400540291,-52.75387662861119,-61.42393485398932,81.90288562525281,19.655781013712947,66.58313598980189,13.761082996485165,False,-1.0600940504518142,SOUTHERN_BRITTANY
1145,2022-11-12,145.386,253.11926851147743,1.259526228252204,-108.99279473972965,81.90288562525281,19.655781013712947,66.58313598980189,13.761082996485165,False,-1.0600940504518142,SOUTHERN_BRITTANY
1146,2022-11-20,178.15175,248.45372635000768,12.466747779941176,-82.76872412994886,81.90288562525281,19.655781013712947,66.58313598980189,13.761082996485165,False,-1.0600940504518142,SOUTHERN_BRITTANY
1147,2022-11-28,216.5728333333333,243.95304240252472,-75.11321043476968,47.73300136557828,81.90288562525281,19.655781013712947,66.58313598980189,13.761082996485165,False,-1.0600940504518142,SOUTHERN_BRITTANY
1148,2022-12-04,217.172,239.6737078095453,-50.56096415085796,28.059256341312647,81.90288562525281,19.655781013712947,66.58313598980189,13.761082996485165,False,-1.0600940504518142,SOUTHERN_BRITTANY
1149,2022-12-12,221.414625,235.68051495461935,264.7858253959039,-279.0517153505233,81.90288562525281,19.655781013712947,66.58313598980189,13.761082996485165,False,-1.0600940504518142,SOUTHERN_BRITTANY
1150,2022-12-20,238.059625,232.03041588291737,305.5800347860215,-299.55082566893884,81.90288562525281,19.655781013712947,66.58313598980189,13.761082996485165,False,-1.0600940504518142,SOUTHERN_BRITTANY
1151,2022-12-28,453.3352857142857,228.77729869696384,267.6197523070925,-43.06176528977062,81.90288562525281,19.655781013712947,66.58313598980189,13.761082996485165,False,-1.0600940504518142,SOUTHERN_BRITTANY
1152,2023-01-04,459.6085369823076,225.98070991743108,369.6927216991194,-136.06489463424296,81.90288562525281,19.655781013712947,66.58313598980189,13.761082996485165,False,-1.0600940504518142,SOUTHERN_BRITTANY
1153,2023-01-12,628.3625,223.70212058336008,430.6772219662348,-26.016842549594912,81.90288562525281,19.655781013712947,66.58313598980189,13.761082996485165,False,-1.0600940504518142,SOUTHERN_BRITTANY
1154,2023-01-20,634.0,222.0090964318238,332.96898271203867,79.02192085613757,81.90288562525281,19.655781013712947,66.58313598980189,13.761082996485165,False,-1.0600940504518142,SOUTHERN_BRITTANY
1155,2023-01-28,634.0,220.96104225987452,275.16568838847985,137.8732693516456,81.90288562525281,19.655781013712947,66.58313598980189,13.761082996485165,False,-1.0600940504518142,SOUTHERN_BRITTANY
1156,2023-02-04,430.32625,220.60360841488105,127.86650574168172,81.85613584343726,81.90288562525281,19.655781013712947,66.58313598980189,13.761082996485165,False,-1.0600940504518142,SOUTHERN_BRITTANY
1157,2023-02-12,362.165,220.97341618205368,95.35919496654586,45.83238885140048,81.90288562525281,19.655781013712947,66.58313598980189,13.761082996485165,False,-1.0600940504518142,SOUTHERN_BRITTANY
1158,2023-02-20,337.82,222.10698077058765,158.32715812617832,-42.61413889676598,81.90288562525281,19.655781013712947,66.58313598980189,13.761082996485165,False,-1.0600940504518142,SOUTHERN_BRITTANY
1159,2023-02-28,295.2,224.04792454955265,305.33828567257353,-234.1862102221262,81.90288562525281,19.655781013712947,66.58313598980189,13.761082996485165,False,-1.0600940504518142,SOUTHERN_BRITTANY
1160,2023-03-04,337.82,226.84470300737075,293.8224728347111,-182.84717584208184,81.90288562525281,19.655781013712947,66.58313598980189,13.761082996485165,False,-1.0600940504518142,SOUTHERN_BRITTANY
1161,2023-03-12,727.775,230.53940957974197,444.4828210965348,52.75276932372327,81.90288562525281,19.655781013712947,66.58313598980189,13.761082996485165,False,-1.0600940504518142,SOUTHERN_BRITTANY
1162,2023-03-20,727.775,235.16857446047695,401.0259017262149,91.58052381330816,81.90288562525281,19.655781013712947,66.58313598980189,13.761082996485165,False,-1.0600940504518142,SOUTHERN_BRITTANY
1163,2023-03-28,689.1142857142858,240.7635858285494,350.5896854912492,97.76101439448723,81.90288562525281,19.655781013712947,66.58313598980189,13.761082996485165,False,-1.0600940504518142,SOUTHERN_BRITTANY
1164,2023-04-04,650.4375,247.3523776372448,323.65472234537793,79.43040001737728,81.90288562525281,19.655781013712947,66.58313598980189,13.761082996485165,False,-1.0600940504518142,SOUTHERN_BRITTANY
1165,2023-04-12,514.95,254.9586494902744,251.91392026745007,8.077430242275568,81.90288562525281,19.655781013712947,66.58313598980189,13.761082996485165,False,-1.0600940504518142,SOUTHERN_BRITTANY
1166,2023-04-20,457.275,263.60181190706686,68.13621476450551,125.5369733284276,81.90288562525281,19.655781013712947,66.58313598980189,13.761082996485165,False,-1.0600940504518142,SOUTHERN_BRITTANY
1167,2023-04-28,399.6333333333334,273.2999103037536,27.80179506438596,98.53162796519386,81.90288562525281,19.655781013712947,66.58313598980189,13.761082996485165,False,-1.0600940504518142,SOUTHERN_BRITTANY
1168,2023-05-04,346.65625,284.0658161479032,166.46540606009935,-103.87497220800256,81.90288562525281,19.655781013712947,66.58313598980189,13.761082996485165,False,-1.0600940504518142,SOUTHERN_BRITTANY
1169,2023-05-12,346.65625,295.8976153731869,146.9307669213822,-96.17213229456912,81.90288562525281,19.655781013712947,66.58313598980189,13.761082996485165,False,-1.0600940504518142,SOUTHERN_BRITTANY
1170,2023-05-20,346.65625,308.779136385964,96.49083770839314,-58.61372409435717,81.90288562525281,19.655781013712947,66.58313598980189,13.761082996485165,False,-1.0600940504518142,SOUTHERN_BRITTANY
1171,2023-05-28,341.3742857142857,322.68262417985096,41.98176287514092,-23.290101340706197,81.90288562525281,19.655781013712947,66.58313598980189,13.761082996485165,False,-1.0600940504518142,SOUTHERN_BRITTANY
1172,2023-06-04,249.447625,337.5725384002834,-116.96867365735804,28.84376025707465,81.90288562525281,19.655781013712947,66.58313598980189,13.761082996485165,False,-1.0600940504518142,SOUTHERN_BRITTANY
1173,2023-06-12,232.45075,353.41122632201893,-135.3641879587336,14.40371163671466,81.90288562525281,19.655781013712947,66.58313598980189,13.761082996485165,False,-1.0600940504518142,SOUTHERN_BRITTANY
1174,2023-06-20,232.45075,370.1592828096546,-82.94915677495484,-54.75937603469976,81.90288562525281,19.655781013712947,66.58313598980189,13.761082996485165,False,-1.0600940504518142,SOUTHERN_BRITTANY
1175,2023-06-28,232.45075,387.77103488772593,-89.91362672089386,-65.40665816683207,81.90288562525281,19.655781013712947,66.58313598980189,13.761082996485165,False,-1.0600940504518142,SOUTHERN_BRITTANY
1176,2023-07-04,187.584,406.1938968606856,-195.13627229945527,-23.47362456123031,81.90288562525281,19.655781013712947,66.58313598980189,13.761082996485165,False,-1.0600940504518142,SOUTHERN_BRITTANY
1177,2023-07-12,165.314125,425.3699750249024,-276.87367076042227,16.81782073551983,81.90288562525281,19.655781013712947,66.58313598980189,13.761082996485165,False,-1.0600940504518142,SOUTHERN_BRITTANY
1178,2023-07-20,132.9265,445.237945225704,-321.18497457462814,8.873529348924137,81.90288562525281,19.655781013712947,66.58313598980189,13.761082996485165,False,-1.0600940504518142,SOUTHERN_BRITTANY
1179,2023-07-28,124.53475,465.73453753638574,-336.7811009529439,-4.418686583441854,81.90288562525281,19.655781013712947,66.58313598980189,13.761082996485165,False,-1.0600940504518142,SOUTHERN_BRITTANY
1180,2023-08-04,122.09542857142856,486.795858304549,-389.0007148783527,24.30028514523224,81.90288562525281,19.655781013712947,66.58313598980189,13.761082996485165,False,-1.0600940504518142,SOUTHERN_BRITTANY
1181,2023-08-12,113.067,508.3594134802052,-418.5584867596423,23.26607327943708,81.90288562525281,19.655781013712947,66.58313598980189,13.761082996485165,False,-1.0600940504518142,SOUTHERN_BRITTANY
1182,2023-08-20,105.61025,530.3628503551982,-433.101381235484,8.348780880285801,81.90288562525281,19.655781013712947,66.58313598980189,13.761082996485165,False,-1.0600940504518142,SOUTHERN_BRITTANY
1183,2023-08-28,103.20614285714284,552.7433133208559,-449.38903807399095,-0.14813238972215,81.90288562525281,19.655781013712947,66.58313598980189,13.761082996485165,False,-1.0600940504518142,SOUTHERN_BRITTANY
1184,2023-09-04,101.0555,575.4370807121633,-465.3670953937422,-9.014485318421066,81.90288562525281,19.655781013712947,66.58313598980189,13.761082996485165,False,-1.0600940504518142,SOUTHERN_BRITTANY
1185,2023-09-12,101.0555,598.379013986197,-446.48925737727615,-50.834256608920896,81.90288562525281,19.655781013712947,66.58313598980189,13.761082996485165,False,-1.0600940504518142,SOUTHERN_BRITTANY
1186,2023-09-20,119.11633333333332,621.5008803905406,-430.7956803443395,-71.5888667128678,81.90288562525281,19.655781013712947,66.58313598980189,13.761082996485165,False,-1.0600940504518142,SOUTHERN_BRITTANY
1187,2023-09-28,119.11633333333332,644.7307385548053,-441.607896348005,-84.006508873467,81.90288562525281,19.655781013712947,66.58313598980189,13.761082996485165,False,-1.0600940504518142,SOUTHERN_BRITTANY
1188,2023-10-04,103.697,667.9928391099384,-410.078405752939,-154.21743335699938,81.90288562525281,19.655781013712947,66.58313598980189,13.761082996485165,False,-1.0600940504518142,SOUTHERN_BRITTANY
1189,2023-10-12,103.697,691.2075867529779,-303.54621302544416,-283.96437372753377,81.90288562525281,19.655781013712947,66.58313598980189,13.761082996485165,False,-1.0600940504518142,SOUTHERN_BRITTANY
1190,2023-10-20,117.8225,714.2880942119505,-231.4742239105792,-364.9913703013713,81.90288562525281,19.655781013712947,66.58313598980189,13.761082996485165,False,-1.0600940504518142,SOUTHERN_BRITTANY
1191,2023-10-28,355.0928571428572,737.1386454136431,-119.89845531275976,-262.14733295802614,81.90288562525281,19.655781013712947,66.58313598980189,13.761082996485165,False,-1.0600940504518142,SOUTHERN_BRITTANY
1192,2023-11-04,965.9625,759.6579641216238,50.39974292734069,155.90479295103552,81.90288562525281,19.655781013712947,66.58313598980189,13.761082996485165,False,-1.0600940504518142,SOUTHERN_BRITTANY
1193,2023-11-12,1202.6875,781.7478930224944,115.28845048407896,305.65115649342664,81.90288562525281,19.655781013712947,66.58313598980189,13.761082996485165,False,-1.0600940504518142,SOUTHERN_BRITTANY
1194,2023-11-20,1202.6875,803.3152942069089,108.45459829397574,290.9176074991154,81.90288562525281,19.655781013712947,66.58313598980189,13.761082996485165,False,-1.0600940504518142,SOUTHERN_BRITTANY
1195,2023-11-28,791.55,824.2750081465367,-32.144321510040584,-0.580686636496182,81.90288562525281,19.655781013712947,66.58313598980189,13.761082996485165,False,-1.0600940504518142,SOUTHERN_BRITTANY
1196,2023-12-04,791.55,844.5443853566251,-31.95491466816127,-21.039470688463847,81.90288562525281,19.655781013712947,66.58313598980189,13.761082996485165,False,-1.0600940504518142,SOUTHERN_BRITTANY
1197,2023-12-12,1746.975,864.0430366735458,451.2076523684611,431.72431095799305,81.90288562525281,19.655781013712947,66.58313598980189,13.761082996485165,False,-1.0600940504518142,SOUTHERN_BRITTANY
1198,2023-12-20,1746.975,882.695480255855,501.87156198165286,362.407957762492,81.90288562525281,19.655781013712947,66.58313598980189,13.761082996485165,False,-1.0600940504518142,SOUTHERN_BRITTANY
1199,2023-12-28,1175.2,900.4265212615281,231.3412012423482,43.4322774961237,81.90288562525281,19.655781013712947,66.58313598980189,13.761082996485165,False,-1.0600940504518142,SOUTHERN_BRITTANY
1200,2024-01-04,1149.5285714285717,917.1697881100775,214.84073606921336,17.518047249280443,81.90288562525281,19.655781013712947,66.58313598980189,13.761082996485165,False,-1.0600940504518142,SOUTHERN_BRITTANY
1201,2024-01-12,1049.625,932.872842957713,172.84085083795597,-56.088693795669,81.90288562525281,19.655781013712947,66.58313598980189,13.761082996485165,False,-1.0600940504518142,SOUTHERN_BRITTANY
1202,2024-01-20,1049.625,947.4917335005435,166.67602948120054,-64.5427629817442,81.90288562525281,19.655781013712947,66.58313598980189,13.761082996485165,False,-1.0600940504518142,SOUTHERN_BRITTANY
1203,2024-01-28,1049.625,960.995972248872,159.68198978851407,-71.05296203738598,81.90288562525281,19.655781013712947,66.58313598980189,13.761082996485165,False,-1.0600940504518142,SOUTHERN_BRITTANY
1204,2024-02-04,961.65,973.3652869999275,37.13366844452651,-48.84895544445408,81.90288562525281,19.655781013712947,66.58313598980189,13.761082996485165,False,-1.0600940504518142,SOUTHERN_BRITTANY
1205,2024-02-12,961.65,984.5842284843076,16.133667120437288,-39.06789560474477,81.90288562525281,19.655781013712947,66.58313598980189,13.761082996485165,False,-1.0600940504518142,SOUTHERN_BRITTANY
1206,2024-02-20,1096.875,994.6382201048744,108.39958565043736,-6.162805755311695,81.90288562525281,19.655781013712947,66.58313598980189,13.761082996485165,False,-1.0600940504518142,SOUTHERN_BRITTANY
1207,2024-02-28,1764.8125,1003.513453142478,596.2687670868611,165.03027977066083,81.90288562525281,19.655781013712947,66.58313598980189,13.761082996485165,False,-1.0600940504518142,SOUTHERN_BRITTANY
1208,2024-03-04,1764.8125,1011.1920583779864,605.0791162681238,148.54132535388987,81.90288562525281,19.655781013712947,66.58313598980189,13.761082996485165,False,-1.0600940504518142,SOUTHERN_BRITTANY
1209,2024-03-12,1636.85,1017.6587002103176,604.5568185623189,14.63448122736338,81.90288562525281,19.655781013712947,66.58313598980189,13.761082996485165,False,-1.0600940504518142,SOUTHERN_BRITTANY
1210,2024-03-20,1467.175,1022.9169433193862,474.7084721951501,-30.45041551453636,81.90288562525281,19.655781013712947,66.58313598980189,13.761082996485165,False,-1.0600940504518142,SOUTHERN_BRITTANY
1211,2024-03-28,1467.175,1026.9919290009066,462.55827288674254,-22.375201887649155,81.90288562525281,19.655781013712947,66.58313598980189,13.761082996485165,False,-1.0600940504518142,SOUTHERN_BRITTANY
1212,2024-04-04,1436.825,1029.921255335887,427.1030219853814,-20.199277321268426,81.90288562525281,19.655781013712947,66.58313598980189,13.761082996485165,False,-1.0600940504518142,SOUTHERN_BRITTANY
1213,2024-04-12,1436.825,1031.7522760423285,387.22148863661226,17.851235321059505,81.90288562525281,19.655781013712947,66.58313598980189,13.761082996485165,False,-1.0600940504518142,SOUTHERN_BRITTANY
1214,2024-04-20,834.04125,1032.5389966716382,-88.82097745205127,-109.67676921958692,81.90288562525281,19.655781013712947,66.58313598980189,13.761082996485165,False,-1.0600940504518142,SOUTHERN_BRITTANY
1215,2024-04-28,834.04125,1032.3459780574422,-113.31896213909808,-84.98576591834407,81.90288562525281,19.655781013712947,66.58313598980189,13.761082996485165,False,-1.0600940504518142,SOUTHERN_BRITTANY
1216,2024-05-04,1582.8825,1031.2479572780014,430.006087605758,121.6284551162405,81.90288562525281,19.655781013712947,66.58313598980189,13.761082996485165,False,-1.0600940504518142,SOUTHERN_BRITTANY
1217,2024-05-12,1582.8825,1029.315382812312,430.7299681472547,122.83714904043325,81.90288562525281,19.655781013712947,66.58313598980189,13.761082996485165,False,-1.0600940504518142,SOUTHERN_BRITTANY
1218,2024-05-20,1442.6625,1026.614661337669,327.9594026895546,88.08843597277621,81.90288562525281,19.655781013712947,66.58313598980189,13.761082996485165,False,-1.0600940504518142,SOUTHERN_BRITTANY
1219,2024-05-28,1284.185714285714,1023.2179755210724,207.99158421071616,52.97615455392543,81.90288562525281,19.655781013712947,66.58313598980189,13.761082996485165,False,-1.0600940504518142,SOUTHERN_BRITTANY
1220,2024-06-04,859.735,1019.2051755181116,-135.6431148116344,-23.82706070647725,81.90288562525281,19.655781013712947,66.58313598980189,13.761082996485165,False,-1.0600940504518142,SOUTHERN_BRITTANY
1221,2024-06-12,859.735,1014.665041003171,-140.13869013509506,-14.791350868075966,81.90288562525281,19.655781013712947,66.58313598980189,13.761082996485165,False,-1.0600940504518142,SOUTHERN_BRITTANY
1222,2024-06-20,1081.39875,1009.6921681822574,26.98403140229039,44.72255041545224,81.90288562525281,19.655781013712947,66.58313598980189,13.761082996485165,False,-1.0600940504518142,SOUTHERN_BRITTANY
1223,2024-06-28,1081.39875,1004.380948300834,26.36488693700113,50.652914762164926,81.90288562525281,19.655781013712947,66.58313598980189,13.761082996485165,False,-1.0600940504518142,SOUTHERN_BRITTANY
1224,2024-07-04,772.22,998.8245425197885,-217.86487731846643,-8.739665201321884,81.90288562525281,19.655781013712947,66.58313598980189,13.761082996485165,False,-1.0600940504518142,SOUTHERN_BRITTANY
1225,2024-07-12,533.78375,993.1188978704585,-403.56819356718745,-55.76695430327084,81.90288562525281,19.655781013712947,66.58313598980189,13.761082996485165,False,-1.0600940504518142,SOUTHERN_BRITTANY
1226,2024-07-20,481.0198571428572,987.363746736609,-452.6440833783453,-53.69980621540645,81.90288562525281,19.655781013712947,66.58313598980189,13.761082996485165,False,-1.0600940504518142,SOUTHERN_BRITTANY
1227,2024-07-28,470.0675,981.6590921234634,-464.5066379596439,-47.08495416381959,81.90288562525281,19.655781013712947,66.58313598980189,13.761082996485165,False,-1.0600940504518142,SOUTHERN_BRITTANY
1228,2024-08-04,301.87525,976.1012221765156,-592.9993901983595,-81.2265819781561,81.90288562525281,19.655781013712947,66.58313598980189,13.761082996485165,False,-1.0600940504518142,SOUTHERN_BRITTANY
1229,2024-08-12,230.020875,970.7820777954752,-651.1159973553287,-89.64520544014647,81.90288562525281,19.655781013712947,66.58313598980189,13.761082996485165,False,-1.0600940504518142,SOUTHERN_BRITTANY
1230,2024-08-20,216.6025,965.7877865700324,-665.2805893235123,-83.90469724652019,81.90288562525281,19.655781013712947,66.58313598980189,13.761082996485165,False,-1.0600940504518142,SOUTHERN_BRITTANY
1231,2024-08-28,198.385125,961.1949391796676,-682.080735343988,-80.7290788356795,81.90288562525281,19.655781013712947,66.58313598980189,13.761082996485165,False,-1.0600940504518142,SOUTHERN_BRITTANY
1232,2024-09-04,198.385125,957.068205661287,-685.4775471215747,-73.20553353971229,81.90288562525281,19.655781013712947,66.58313598980189,13.761082996485165,False,-1.0600940504518142,SOUTHERN_BRITTANY
1233,2024-09-12,329.3675,953.4586561175408,-590.4374919189903,-33.65366419855047,81.90288562525281,19.655781013712947,66.58313598980189,13.761082996485165,False,-1.0600940504518142,SOUTHERN_BRITTANY
1234,2024-09-20,404.3833333333334,950.4011128698994,-533.1979587005281,-12.81982083603782,81.90288562525281,19.655781013712947,66.58313598980189,13.761082996485165,False,-1.0600940504518142,SOUTHERN_BRITTANY
1235,2024-09-28,404.3833333333334,947.9129130284032,-537.0673725417012,-6.462207153368581,81.90288562525281,19.655781013712947,66.58313598980189,13.761082996485165,False,-1.0600940504518142,SOUTHERN_BRITTANY
1236,2024-10-04,590.2125,945.9952416246329,-405.7315208680548,49.94877924342205,81.90288562525281,19.655781013712947,66.58313598980189,13.761082996485165,False,-1.0600940504518142,SOUTHERN_BRITTANY
1237,2024-10-12,1056.25,944.6325297184922,-60.66480158056029,172.28227186206814,81.90288562525281,19.655781013712947,66.58313598980189,13.761082996485165,False,-1.0600940504518142,SOUTHERN_BRITTANY
1238,2024-10-20,1347.4142857142856,943.7903509429824,156.54356671092458,247.08036806037876,81.90288562525281,19.655781013712947,66.58313598980189,13.761082996485165,False,-1.0600940504518142,SOUTHERN_BRITTANY
1239,2024-10-28,1347.4142857142856,943.4195771782956,210.98658102310884,193.00812751288112,81.90288562525281,19.655781013712947,66.58313598980189,13.761082996485165,False,-1.0600940504518142,SOUTHERN_BRITTANY
1240,2024-11-04,852.505,943.4698794599616,-12.47433763299758,-78.49054182696402,81.90288562525281,19.655781013712947,66.58313598980189,13.761082996485165,False,-1.0600940504518142,SOUTHERN_BRITTANY
1241,2024-11-12,699.55,943.9098285810855,-73.0880451321633,-171.2717834489224,81.90288562525281,19.655781013712947,66.58313598980189,13.761082996485165,False,-1.0600940504518142,SOUTHERN_BRITTANY
1242,2024-11-20,699.55,944.7303733164,-78.22985651647889,-166.95051679992105,81.90288562525281,19.655781013712947,66.58313598980189,13.761082996485165,False,-1.0600940504518142,SOUTHERN_BRITTANY
1243,2024-11-28,975.0,945.928044507691,20.379350261029835,8.692605231279195,81.90288562525281,19.655781013712947,66.58313598980189,13.761082996485165,False,-1.0600940504518142,SOUTHERN_BRITTANY
1244,2024-12-04,1017.7,947.4897371577316,47.174143027321975,23.036119814946236,81.90288562525281,19.655781013712947,66.58313598980189,13.761082996485165,False,-1.0600940504518142,SOUTHERN_BRITTANY
1245,2024-12-12,1069.5625,949.3910078726298,319.6830567240278,-199.51156459665756,81.90288562525281,19.655781013712947,66.58313598980189,13.761082996485165,False,-1.0600940504518142,SOUTHERN_BRITTANY
1246,2024-12-20,1293.7714285714285,951.615964505392,482.5950432220277,-140.43957915599128,81.90288562525281,19.655781013712947,66.58313598980189,13.761082996485165,False,-1.0600940504518142,SOUTHERN_BRITTANY
1247,2024-12-28,1181.666964285714,954.1558017786712,250.3350693784258,-22.82390687138283,81.90288562525281,19.655781013712947,66.58313598980189,13.761082996485165,False,-1.0600940504518142,SOUTHERN_BRITTANY
0,1999-01-04,1608.9375,1985.8719071759144,-73.15594029132902,-303.77846688458544,51.69523687564392,24.39452190696035,54.964293227864346,20.641184865175312,False,-0.334587054816685,GULF_OF_LION
1,1999-01-12,1724.625,1996.4221018586495,-241.6647362909431,-30.132365567706643,51.69523687564392,24.39452190696035,54.964293227864346,20.641184865175312,False,-0.334587054816685,GULF_OF_LION
2,1999-01-20,2117.428571428572,2008.23380979778,-74.30984706066775,183.50460869145937,51.69523687564392,24.39452190696035,54.964293227864346,20.641184865175312,False,-0.334587054816685,GULF_OF_LION
3,1999-01-28,2117.428571428572,2021.1421679951288,-78.51145467170947,174.79785810515244,51.69523687564392,24.39452190696035,54.964293227864346,20.641184865175312,False,-0.334587054816685,GULF_OF_LION
4,1999-02-04,2117.428571428572,2034.976106382808,161.22189764008746,-78.76943259432389,51.69523687564392,24.39452190696035,54.964293227864346,20.641184865175312,False,-0.334587054816685,GULF_OF_LION
5,1999-02-12,2464.0,2049.5317246704267,494.09788582409607,-79.62961049452275,51.69523687564392,24.39452190696035,54.964293227864346,20.641184865175312,False,-0.334587054816685,GULF_OF_LION
6,1999-02-20,3229.5,2064.5736588972927,1061.6876002606796,103.23874084202772,51.69523687564392,24.39452190696035,54.964293227864346,20.641184865175312,False,-0.334587054816685,GULF_OF_LION
7,1999-02-28,3990.75,2079.8550903643595,1765.690289650924,145.2046199847166,51.69523687564392,24.39452190696035,54.964293227864346,20.641184865175312,False,-0.334587054816685,GULF_OF_LION
8,1999-03-04,3990.75,2095.124410125786,1585.3349929691271,310.29059690508666,51.69523687564392,24.39452190696035,54.964293227864346,20.641184865175312,False,-0.334587054816685,GULF_OF_LION
9,1999-03-12,3479.25,2110.1529532230998,1102.5211918516154,266.5758549252853,51.69523687564392,24.39452190696035,54.964293227864346,20.641184865175312,False,-0.334587054816685,GULF_OF_LION
10,1999-03-20,2518.1428571428573,2124.754769750272,225.26839614176225,168.11969125082322,51.69523687564392,24.39452190696035,54.964293227864346,20.641184865175312,False,-0.334587054816685,GULF_OF_LION
11,1999-03-28,2180.0,2138.7702734374293,-36.65162118574578,77.88134774831649,51.69523687564392,24.39452190696035,54.964293227864346,20.641184865175312,False,-0.334587054816685,GULF_OF_LION
12,1999-04-04,2402.0,2152.047584354465,146.61486736163562,103.33754828389893,51.69523687564392,24.39452190696035,54.964293227864346,20.641184865175312,False,-0.334587054816685,GULF_OF_LION
13,1999-04-12,2402.0,2164.429467144631,156.28357297941744,81.2869598759516,51.69523687564392,24.39452190696035,54.964293227864346,20.641184865175312,False,-0.334587054816685,GULF_OF_LION
14,1999-04-20,2402.0,2175.754204587619,329.9021982249603,-103.6564028125792,51.69523687564392,24.39452190696035,54.964293227864346,20.641184865175312,False,-0.334587054816685,GULF_OF_LION
15,1999-04-28,2495.375,2185.8412897081434,391.9700984712293,-82.43638817937273,51.69523687564392,24.39452190696035,54.964293227864346,20.641184865175312,False,-0.334587054816685,GULF_OF_LION
16,1999-05-04,2495.375,2194.5014696107114,325.43162473406784,-24.55809434477925,51.69523687564392,24.39452190696035,54.964293227864346,20.641184865175312,False,-0.334587054816685,GULF_OF_LION
17,1999-05-12,3166.875,2201.554651501058,812.5336608562453,152.78668764269685,51.69523687564392,24.39452190696035,54.964293227864346,20.641184865175312,False,-0.334587054816685,GULF_OF_LION
18,1999-05-20,3166.875,2206.845978326239,725.6286797120239,234.4003419617369,51.69523687564392,24.39452190696035,54.964293227864346,20.641184865175312,False,-0.334587054816685,GULF_OF_LION
19,1999-05-28,2714.285714285714,2210.250828942072,304.1903009185331,199.84458442510905,51.69523687564392,24.39452190696035,54.964293227864346,20.641184865175312,False,-0.334587054816685,GULF_OF_LION
20,1999-06-04,2326.25,2211.6667456245946,8.192199320718384,106.39105505468704,51.69523687564392,24.39452190696035,54.964293227864346,20.641184865175312,False,-0.334587054816685,GULF_OF_LION
21,1999-06-12,2294.125,2211.005577993398,-27.44206162892276,110.56148363552454,51.69523687564392,24.39452190696035,54.964293227864346,20.641184865175312,False,-0.334587054816685,GULF_OF_LION
22,1999-06-20,1614.5,2208.1954992596884,-616.7507455224,23.05524626271165,51.69523687564392,24.39452190696035,54.964293227864346,20.641184865175312,False,-0.334587054816685,GULF_OF_LION
23,1999-06-28,1379.625,2203.1849334171293,-849.0760202424902,25.51608682536096,51.69523687564392,24.39452190696035,54.964293227864346,20.641184865175312,False,-0.334587054816685,GULF_OF_LION
24,1999-07-04,1355.8333333333333,2195.940410273063,-873.7571178381959,33.65004089846593,51.69523687564392,24.39452190696035,54.964293227864346,20.641184865175312,False,-0.334587054816685,GULF_OF_LION
25,1999-07-12,1337.5,2186.450763657899,-816.1795006931765,-32.77126296472272,51.69523687564392,24.39452190696035,54.964293227864346,20.641184865175312,False,-0.334587054816685,GULF_OF_LION
26,1999-07-20,1206.375,2174.722653278513,-915.7777326352826,-52.569920643230375,51.69523687564392,24.39452190696035,54.964293227864346,20.641184865175312,False,-0.334587054816685,GULF_OF_LION
27,1999-07-28,956.5285714285714,2160.7803644171595,-1134.2763263192105,-69.97546666937751,51.69523687564392,24.39452190696035,54.964293227864346,20.641184865175312,False,-0.334587054816685,GULF_OF_LION
28,1999-08-04,956.5285714285714,2144.6690766598026,-1149.2861086328812,-38.85439659834992,51.69523687564392,24.39452190696035,54.964293227864346,20.641184865175312,False,-0.334587054816685,GULF_OF_LION
29,1999-08-12,1114.875,2126.4588552603736,-1071.11184567471,59.5279904143365,51.69523687564392,24.39452190696035,54.964293227864346,20.641184865175312,False,-0.334587054816685,GULF_OF_LION
30,1999-08-20,1114.875,2106.252404105349,-1061.3615088169154,69.98410471156649,51.69523687564392,24.39452190696035,54.964293227864346,20.641184865175312,False,-0.334587054816685,GULF_OF_LION
31,1999-08-28,1025.1285714285714,2084.183911866729,-1103.5654700250086,44.51012958685101,51.69523687564392,24.39452190696035,54.964293227864346,20.641184865175312,False,-0.334587054816685,GULF_OF_LION
32,1999-09-04,868.8875,2060.412929554044,-1200.758384894932,9.232955340887884,51.69523687564392,24.39452190696035,54.964293227864346,20.641184865175312,False,-0.334587054816685,GULF_OF_LION
33,1999-09-12,868.8875,2035.1210109220203,-1164.856689901956,-1.3768210200641988,51.69523687564392,24.39452190696035,54.964293227864346,20.641184865175312,False,-0.334587054816685,GULF_OF_LION
34,1999-09-20,985.4875,2008.5079381840808,-1029.403738282533,6.383300098451855,51.69523687564392,24.39452190696035,54.964293227864346,20.641184865175312,False,-0.334587054816685,GULF_OF_LION
35,1999-09-28,1859.0,1980.7910130173416,-358.94010030052937,237.14908728318775,51.69523687564392,24.39452190696035,54.964293227864346,20.641184865175312,False,-0.334587054816685,GULF_OF_LION
36,1999-10-04,1859.0,1952.210015840509,-342.2737483038419,249.0637324633329,51.69523687564392,24.39452190696035,54.964293227864346,20.641184865175312,False,-0.334587054816685,GULF_OF_LION
37,1999-10-12,2260.625,1923.0221540480024,306.64897453259346,30.95387141940432,51.69523687564392,24.39452190696035,54.964293227864346,20.641184865175312,False,-0.334587054816685,GULF_OF_LION
38,1999-10-20,2506.6,1893.4655336580136,499.62414481712426,113.51032152486208,51.69523687564392,24.39452190696035,54.964293227864346,20.641184865175312,False,-0.334587054816685,GULF_OF_LION
39,1999-10-28,2506.6,1863.758492715064,507.8218718765538,135.01963540838187,51.69523687564392,24.39452190696035,54.964293227864346,20.641184865175312,False,-0.334587054816685,GULF_OF_LION
40,1999-11-04,2411.625,1834.1005183684515,519.9001867035005,57.624294928048016,51.69523687564392,24.39452190696035,54.964293227864346,20.641184865175312,False,-0.334587054816685,GULF_OF_LION
41,1999-11-12,1909.375,1804.6625534618915,345.62321849126045,-240.910771953152,51.69523687564392,24.39452190696035,54.964293227864346,20.641184865175312,False,-0.334587054816685,GULF_OF_LION
42,1999-11-20,1775.5,1775.565694087864,412.8848284972772,-412.9505225851413,51.69523687564392,24.39452190696035,54.964293227864346,20.641184865175312,False,-0.334587054816685,GULF_OF_LION
43,1999-11-28,1464.5,1746.87964221516,199.10634349045105,-481.48598570561103,51.69523687564392,24.39452190696035,54.964293227864346,20.641184865175312,False,-0.334587054816685,GULF_OF_LION
44,1999-12-04,1464.5,1718.6441303927504,91.9711141134274,-346.1152445061778,51.69523687564392,24.39452190696035,54.964293227864346,20.641184865175312,False,-0.334587054816685,GULF_OF_LION
45,1999-12-12,2200.375,1690.90093163541,558.1892369122536,-48.71516854766355,51.69523687564392,24.39452190696035,54.964293227864346,20.641184865175312,False,-0.334587054816685,GULF_OF_LION
46,1999-12-20,2612.875,1663.7216473409808,724.0316085412848,225.1217441177345,51.69523687564392,24.39452190696035,54.964293227864346,20.641184865175312,False,-0.334587054816685,GULF_OF_LION
47,1999-12-28,2619.0,1637.221817113012,738.8353953901747,242.94278749681325,51.69523687564392,24.39452190696035,54.964293227864346,20.641184865175312,False,-0.334587054816685,GULF_OF_LION
48,2000-01-04,2619.0,1611.5487771318572,486.2885880348298,521.1626348333131,51.69523687564392,24.39452190696035,54.964293227864346,20.641184865175312,False,-0.334587054816685,GULF_OF_LION
49,2000-01-12,1606.75,1586.8620145303612,10.259101947858989,9.628883521779818,51.69523687564392,24.39452190696035,54.964293227864346,20.641184865175312,False,-0.334587054816685,GULF_OF_LION
50,2000-01-20,1110.742857142857,1563.3226907988585,-80.80486802736927,-371.774965628632,51.69523687564392,24.39452190696035,54.964293227864346,20.641184865175312,False,-0.334587054816685,GULF_OF_LION
51,2000-01-28,1110.742857142857,1541.0965018391391,-257.1859511550378,-173.16769354124432,51.69523687564392,24.39452190696035,54.964293227864346,20.641184865175312,False,-0.334587054816685,GULF_OF_LION
52,2000-02-04,2090.0,1520.3650666320116,207.6286252535982,362.0063081143902,51.69523687564392,24.39452190696035,54.964293227864346,20.641184865175312,False,-0.334587054816685,GULF_OF_LION
53,2000-02-12,2405.25,1501.3225067432438,394.3982501611824,509.5292430955738,51.69523687564392,24.39452190696035,54.964293227864346,20.641184865175312,False,-0.334587054816685,GULF_OF_LION
54,2000-02-20,2405.25,1484.1730276260482,424.9108520130407,496.1661203609111,51.69523687564392,24.39452190696035,54.964293227864346,20.641184865175312,False,-0.334587054816685,GULF_OF_LION
55,2000-02-28,2965.875,1469.145344874515,897.3829175434396,599.3467375820453,51.69523687564392,24.39452190696035,54.964293227864346,20.641184865175312,False,-0.334587054816685,GULF_OF_LION
56,2000-03-04,2274.6,1456.492530727499,960.6007368125452,-142.49326754004414,51.69523687564392,24.39452190696035,54.964293227864346,20.641184865175312,False,-0.334587054816685,GULF_OF_LION
57,2000-03-12,1909.375,1446.436982855842,1282.2041782431895,-819.2661610990317,51.69523687564392,24.39452190696035,54.964293227864346,20.641184865175312,False,-0.334587054816685,GULF_OF_LION
58,2000-03-20,1316.25,1439.1179710413817,743.254034680031,-866.1220057214127,51.69523687564392,24.39452190696035,54.964293227864346,20.641184865175312,False,-0.334587054816685,GULF_OF_LION
59,2000-03-28,1316.25,1434.595615269231,479.4642985820081,-597.8099138512391,51.69523687564392,24.39452190696035,54.964293227864346,20.641184865175312,False,-0.334587054816685,GULF_OF_LION
60,2000-04-04,1416.875,1432.8750822097031,247.79635504106736,-263.7964372507705,51.69523687564392,24.39452190696035,54.964293227864346,20.641184865175312,False,-0.334587054816685,GULF_OF_LION
61,2000-04-12,1489.0,1433.9408828963103,218.66610697190063,-163.60698986821097,51.69523687564392,24.39452190696035,54.964293227864346,20.641184865175312,False,-0.334587054816685,GULF_OF_LION
62,2000-04-20,2216.375,1437.7678334944237,486.1196336788869,292.4875328266894,51.69523687564392,24.39452190696035,54.964293227864346,20.641184865175312,False,-0.334587054816685,GULF_OF_LION
63,2000-04-28,2216.375,1444.3319163073231,514.7833308292494,257.2597528634275,51.69523687564392,24.39452190696035,54.964293227864346,20.641184865175312,False,-0.334587054816685,GULF_OF_LION
64,2000-05-04,1980.5,1453.6067725005942,334.5586724143931,192.3345550850128,51.69523687564392,24.39452190696035,54.964293227864346,20.641184865175312,False,-0.334587054816685,GULF_OF_LION
65,2000-05-12,1942.625,1465.5798498289887,548.7861112542773,-71.74096108326603,51.69523687564392,24.39452190696035,54.964293227864346,20.641184865175312,False,-0.334587054816685,GULF_OF_LION
66,2000-05-20,1620.75,1480.2422322375794,320.1620045204298,-179.65423675800918,51.69523687564392,24.39452190696035,54.964293227864346,20.641184865175312,False,-0.334587054816685,GULF_OF_LION
67,2000-05-28,1315.7142857142858,1497.5836749898465,-43.1580343606165,-138.71135491494397,51.69523687564392,24.39452190696035,54.964293227864346,20.641184865175312,False,-0.334587054816685,GULF_OF_LION
68,2000-06-04,1315.7142857142858,1517.58475741109,-168.93774032167607,-32.932731375128014,51.69523687564392,24.39452190696035,54.964293227864346,20.641184865175312,False,-0.334587054816685,GULF_OF_LION
69,2000-06-12,1286.125,1540.2104623409202,-193.74592543064,-60.33953691028023,51.69523687564392,24.39452190696035,54.964293227864346,20.641184865175312,False,-0.334587054816685,GULF_OF_LION
70,2000-06-20,980.8,1565.4052810595606,-508.9258418613073,-75.6794391982533,51.69523687564392,24.39452190696035,54.964293227864346,20.641184865175312,False,-0.334587054816685,GULF_OF_LION
71,2000-06-28,765.425,1593.0889043551142,-793.8866647904837,-33.77723956463058,51.69523687564392,24.39452190696035,54.964293227864346,20.641184865175312,False,-0.334587054816685,GULF_OF_LION
72,2000-07-04,765.425,1623.162260272736,-810.1818423646155,-47.55541790812072,51.69523687564392,24.39452190696035,54.964293227864346,20.641184865175312,False,-0.334587054816685,GULF_OF_LION
73,2000-07-12,1083.2625,1655.5067166403464,-654.8891323989203,82.64491575857392,51.69523687564392,24.39452190696035,54.964293227864346,20.641184865175312,False,-0.334587054816685,GULF_OF_LION
74,2000-07-20,1083.2625,1689.9860581569562,-721.2305356406347,114.5069774836785,51.69523687564392,24.39452190696035,54.964293227864346,20.641184865175312,False,-0.334587054816685,GULF_OF_LION
75,2000-07-28,941.9714285714286,1726.4468090591909,-924.5487632405452,140.0733827527829,51.69523687564392,24.39452190696035,54.964293227864346,20.641184865175312,False,-0.334587054816685,GULF_OF_LION
76,2000-08-04,863.375,1764.7233685048118,-1000.9066437744896,99.55827526967768,51.69523687564392,24.39452190696035,54.964293227864346,20.641184865175312,False,-0.334587054816685,GULF_OF_LION
77,2000-08-12,681.775,1804.6398510430124,-1048.6030435180262,-74.26180752498635,51.69523687564392,24.39452190696035,54.964293227864346,20.641184865175312,False,-0.334587054816685,GULF_OF_LION
78,2000-08-20,669.025,1846.0091258601528,-1054.664910347954,-122.31921551219877,51.69523687564392,24.39452190696035,54.964293227864346,20.641184865175312,False,-0.334587054816685,GULF_OF_LION
79,2000-08-28,681.775,1888.633800387548,-1055.2360460628263,-151.62275432472163,51.69523687564392,24.39452190696035,54.964293227864346,20.641184865175312,False,-0.334587054816685,GULF_OF_LION
80,2000-09-04,670.9625,1932.3029691260272,-1070.2917500038952,-191.04871912213184,51.69523687564392,24.39452190696035,54.964293227864346,20.641184865175312,False,-0.334587054816685,GULF_OF_LION
81,2000-09-12,764.2625,1976.792684960372,-1024.729421047034,-187.800763913338,51.69523687564392,24.39452190696035,54.964293227864346,20.641184865175312,False,-0.334587054816685,GULF_OF_LION
82,2000-09-20,950.775,2021.8689080732129,-825.4355641565718,-245.658343916641,51.69523687564392,24.39452190696035,54.964293227864346,20.641184865175312,False,-0.334587054816685,GULF_OF_LION
83,2000-09-28,1018.0625,2067.2859075252127,-545.1599843387288,-504.0634231864839,51.69523687564392,24.39452190696035,54.964293227864346,20.641184865175312,False,-0.334587054816685,GULF_OF_LION
84,2000-10-04,1070.9166666666667,2112.7872995058083,-465.97220961440087,-575.8984232247407,51.69523687564392,24.39452190696035,54.964293227864346,20.641184865175312,False,-0.334587054816685,GULF_OF_LION
85,2000-10-12,2427.0,2158.107367808855,323.5297766127129,-54.637144421568,51.69523687564392,24.39452190696035,54.964293227864346,20.641184865175312,False,-0.334587054816685,GULF_OF_LION
86,2000-10-20,2427.0,2202.97802506046,386.45504874682166,-162.43307380728157,51.69523687564392,24.39452190696035,54.964293227864346,20.641184865175312,False,-0.334587054816685,GULF_OF_LION
87,2000-10-28,2427.0,2247.136034151421,232.1837140831457,-52.319748234566674,51.69523687564392,24.39452190696035,54.964293227864346,20.641184865175312,False,-0.334587054816685,GULF_OF_LION
88,2000-11-04,2720.125,2290.339045048361,357.2200118844857,72.56594306715311,51.69523687564392,24.39452190696035,54.964293227864346,20.641184865175312,False,-0.334587054816685,GULF_OF_LION
89,2000-11-12,3472.75,2332.359281985245,516.5177416902982,623.8729763244567,51.69523687564392,24.39452190696035,54.964293227864346,20.641184865175312,False,-0.334587054816685,GULF_OF_LION
90,2000-11-20,4068.875,2373.0022764682262,780.304692403378,915.5680311283958,51.69523687564392,24.39452190696035,54.964293227864346,20.641184865175312,False,-0.334587054816685,GULF_OF_LION
91,2000-11-28,4068.875,2412.1239994757702,703.2629204807926,953.4880800434372,51.69523687564392,24.39452190696035,54.964293227864346,20.641184865175312,False,-0.334587054816685,GULF_OF_LION
92,2000-12-04,3572.25,2449.6198619420097,506.6617110164341,615.9684270415562,51.69523687564392,24.39452190696035,54.964293227864346,20.641184865175312,False,-0.334587054816685,GULF_OF_LION
93,2000-12-12,3169.0,2485.3795267939254,486.2949885044397,197.3254847016349,51.69523687564392,24.39452190696035,54.964293227864346,20.641184865175312,False,-0.334587054816685,GULF_OF_LION
94,2000-12-20,2545.714285714286,2519.280119549157,235.2375653220145,-208.8033991568857,51.69523687564392,24.39452190696035,54.964293227864346,20.641184865175312,False,-0.334587054816685,GULF_OF_LION
95,2000-12-28,2545.714285714286,2551.188426203689,229.7604942441085,-235.23463473351148,51.69523687564392,24.39452190696035,54.964293227864346,20.641184865175312,False,-0.334587054816685,GULF_OF_LION
96,2001-01-04,2891.125,2580.9612333413997,396.4121207871136,-86.24835412851291,51.69523687564392,24.39452190696035,54.964293227864346,20.641184865175312,False,-0.334587054816685,GULF_OF_LION
97,2001-01-12,2891.125,2608.441840345793,140.42375991749805,142.25939973670893,51.69523687564392,24.39452190696035,54.964293227864346,20.641184865175312,False,-0.334587054816685,GULF_OF_LION
98,2001-01-20,3127.285714285714,2633.455336425397,130.52988452705,363.30049333326673,51.69523687564392,24.39452190696035,54.964293227864346,20.641184865175312,False,-0.334587054816685,GULF_OF_LION
99,2001-01-28,2426.0,2655.7996483981947,-73.56860186629426,-156.2310465319004,51.69523687564392,24.39452190696035,54.964293227864346,20.641184865175312,False,-0.334587054816685,GULF_OF_LION
100,2001-02-04,2330.125,2675.251740365532,118.4661651655987,-463.59290553113067,51.69523687564392,24.39452190696035,54.964293227864346,20.641184865175312,False,-0.334587054816685,GULF_OF_LION
101,2001-02-12,2096.375,2691.595959027554,75.55074942939464,-670.7717084569484,51.69523687564392,24.39452190696035,54.964293227864346,20.641184865175312,False,-0.334587054816685,GULF_OF_LION
102,2001-02-20,1443.75,2704.6260192742475,-198.99185244044065,-1061.8841668338068,51.69523687564392,24.39452190696035,54.964293227864346,20.641184865175312,False,-0.334587054816685,GULF_OF_LION
103,2001-02-28,1443.75,2714.1171436218165,97.4388340486974,-1367.8059776705138,51.69523687564392,24.39452190696035,54.964293227864346,20.641184865175312,False,-0.334587054816685,GULF_OF_LION
104,2001-03-04,3078.0,2719.817317227302,735.0510745521831,-376.8683917794849,51.69523687564392,24.39452190696035,54.964293227864346,20.641184865175312,False,-0.334587054816685,GULF_OF_LION
105,2001-03-12,5610.375,2721.470636140189,1800.5531626445345,1088.351201215277,51.69523687564392,24.39452190696035,54.964293227864346,20.641184865175312,False,-0.334587054816685,GULF_OF_LION
106,2001-03-20,5610.375,2718.840344683484,1636.3849734715352,1255.1496818449812,51.69523687564392,24.39452190696035,54.964293227864346,20.641184865175312,False,-0.334587054816685,GULF_OF_LION
107,2001-03-28,4889.285714285715,2711.7257879234694,1138.4109999339526,1039.1489264282927,51.69523687564392,24.39452190696035,54.964293227864346,20.641184865175312,False,-0.334587054816685,GULF_OF_LION
108,2001-04-04,3522.25,2699.994435819163,357.6274359566037,464.6281282242335,51.69523687564392,24.39452190696035,54.964293227864346,20.641184865175312,False,-0.334587054816685,GULF_OF_LION
109,2001-04-12,3253.0,2683.5866990541736,238.0262495101709,331.3870514356555,51.69523687564392,24.39452190696035,54.964293227864346,20.641184865175312,False,-0.334587054816685,GULF_OF_LION
110,2001-04-20,2859.75,2662.5109631609107,189.54727689754904,7.691759941540255,51.69523687564392,24.39452190696035,54.964293227864346,20.641184865175312,False,-0.334587054816685,GULF_OF_LION
111,2001-04-28,2859.75,2636.833832918242,192.86336154413448,30.0528055376235,51.69523687564392,24.39452190696035,54.964293227864346,20.641184865175312,False,-0.334587054816685,GULF_OF_LION
112,2001-05-04,2586.375,2606.677652784295,242.8769545173376,-263.1796073016325,51.69523687564392,24.39452190696035,54.964293227864346,20.641184865175312,False,-0.334587054816685,GULF_OF_LION
113,2001-05-12,2841.375,2572.1802795104177,363.738711809359,-94.5439913197767,51.69523687564392,24.39452190696035,54.964293227864346,20.641184865175312,False,-0.334587054816685,GULF_OF_LION
114,2001-05-20,2586.375,2533.498441772867,98.29802071301069,-45.42146248587764,51.69523687564392,24.39452190696035,54.964293227864346,20.641184865175312,False,-0.334587054816685,GULF_OF_LION
115,2001-05-28,2225.428571428572,2490.809984251001,-195.42012650064376,-69.96128632178565,51.69523687564392,24.39452190696035,54.964293227864346,20.641184865175312,False,-0.334587054816685,GULF_OF_LION
116,2001-06-04,2142.125,2444.3217944340613,-223.1023927300589,-79.0944017040024,51.69523687564392,24.39452190696035,54.964293227864346,20.641184865175312,False,-0.334587054816685,GULF_OF_LION
117,2001-06-12,2142.125,2394.2736175819946,-245.52474500206347,-6.623872579931117,51.69523687564392,24.39452190696035,54.964293227864346,20.641184865175312,False,-0.334587054816685,GULF_OF_LION
118,2001-06-20,2142.125,2340.93957303693,-370.7573244702964,171.94275143336623,51.69523687564392,24.39452190696035,54.964293227864346,20.641184865175312,False,-0.334587054816685,GULF_OF_LION
119,2001-06-28,1620.3333333333333,2284.627868150295,-678.816030796309,14.521495979347264,51.69523687564392,24.39452190696035,54.964293227864346,20.641184865175312,False,-0.334587054816685,GULF_OF_LION
120,2001-07-04,1548.25,2225.6735855095158,-794.3767379761854,116.95315246667008,51.69523687564392,24.39452190696035,54.964293227864346,20.641184865175312,False,-0.334587054816685,GULF_OF_LION
121,2001-07-12,1548.25,2164.442273068425,-704.2852903151207,88.09301724669524,51.69523687564392,24.39452190696035,54.964293227864346,20.641184865175312,False,-0.334587054816685,GULF_OF_LION
122,2001-07-20,1422.875,2101.325059941347,-764.2283712992105,85.77831135786369,51.69523687564392,24.39452190696035,54.964293227864346,20.641184865175312,False,-0.334587054816685,GULF_OF_LION
123,2001-07-28,1153.2857142857142,2036.7351026033084,-927.6964022929714,44.24701397537717,51.69523687564392,24.39452190696035,54.964293227864346,20.641184865175312,False,-0.334587054816685,GULF_OF_LION
124,2001-08-04,1004.075,1971.095177464308,-1015.8776823075536,48.857504843245465,51.69523687564392,24.39452190696035,54.964293227864346,20.641184865175312,False,-0.334587054816685,GULF_OF_LION
125,2001-08-12,996.75,1904.8296212224875,-1056.998498274675,148.91887705218778,51.69523687564392,24.39452190696035,54.964293227864346,20.641184865175312,False,-0.334587054816685,GULF_OF_LION
126,2001-08-20,955.1125,1838.3586130453416,-1058.843248772242,175.5971357269002,51.69523687564392,24.39452190696035,54.964293227864346,20.641184865175312,False,-0.334587054816685,GULF_OF_LION
127,2001-08-28,955.1125,1772.091762780664,-1045.4792242791311,228.49996149846697,51.69523687564392,24.39452190696035,54.964293227864346,20.641184865175312,False,-0.334587054816685,GULF_OF_LION
128,2001-09-04,1028.475,1706.4298179661337,-948.608316393306,270.65349842717217,51.69523687564392,24.39452190696035,54.964293227864346,20.641184865175312,False,-0.334587054816685,GULF_OF_LION
129,2001-09-12,1035.9375,1641.758710264949,-899.8810010623056,294.0597907973565,51.69523687564392,24.39452190696035,54.964293227864346,20.641184865175312,False,-0.334587054816685,GULF_OF_LION
130,2001-09-20,1403.1,1578.4491806145445,-649.0299250673062,473.6807444527616,51.69523687564392,24.39452190696035,54.964293227864346,20.641184865175312,False,-0.334587054816685,GULF_OF_LION
131,2001-09-28,1582.8333333333333,1516.8610692266009,-547.5425403571496,613.514804463882,51.69523687564392,24.39452190696035,54.964293227864346,20.641184865175312,False,-0.334587054816685,GULF_OF_LION
132,2001-10-04,1829.375,1457.3452603570745,-386.105908962381,758.1356486053068,51.69523687564392,24.39452190696035,54.964293227864346,20.641184865175312,False,-0.334587054816685,GULF_OF_LION
133,2001-10-12,1883.75,1400.2481120785917,33.518654925587924,449.9832329958206,51.69523687564392,24.39452190696035,54.964293227864346,20.641184865175312,False,-0.334587054816685,GULF_OF_LION
134,2001-10-20,1883.75,1345.919065014755,341.68136350186256,196.14957148338243,51.69523687564392,24.39452190696035,54.964293227864346,20.641184865175312,False,-0.334587054816685,GULF_OF_LION
135,2001-10-28,1247.9,1294.696595280817,61.54892378917056,-108.34551906998776,51.69523687564392,24.39452190696035,54.964293227864346,20.641184865175312,False,-0.334587054816685,GULF_OF_LION
136,2001-11-04,1247.9,1246.8894791277437,205.98882407631837,-204.97830320406197,51.69523687564392,24.39452190696035,54.964293227864346,20.641184865175312,False,-0.334587054816685,GULF_OF_LION
137,2001-11-12,880.2125,1202.7849493738795,675.1748698163261,-997.7473191902056,51.69523687564392,24.39452190696035,54.964293227864346,20.641184865175312,False,-0.334587054816685,GULF_OF_LION
138,2001-11-20,871.0833333333334,1162.6223024005828,1589.0037139559167,-1880.5426830231663,51.69523687564392,24.39452190696035,54.964293227864346,20.641184865175312,False,-0.334587054816685,GULF_OF_LION
139,2001-11-28,871.0833333333334,1126.553376816954,1600.5946453602985,-1856.0646888439187,51.69523687564392,24.39452190696035,54.964293227864346,20.641184865175312,False,-0.334587054816685,GULF_OF_LION
140,2001-12-04,1083.6125,1094.6525155094823,753.8519089459286,-764.891924455411,51.69523687564392,24.39452190696035,54.964293227864346,20.641184865175312,False,-0.334587054816685,GULF_OF_LION
141,2001-12-12,1083.6125,1066.980349787778,370.0299995541944,-353.3978493419725,51.69523687564392,24.39452190696035,54.964293227864346,20.641184865175312,False,-0.334587054816685,GULF_OF_LION
142,2001-12-20,933.2285714285716,1043.584239316179,146.6636245877944,-257.0192924754019,51.69523687564392,24.39452190696035,54.964293227864346,20.641184865175312,False,-0.334587054816685,GULF_OF_LION
143,2001-12-28,933.2285714285716,1024.491391044645,239.52494957741385,-330.7877691934874,51.69523687564392,24.39452190696035,54.964293227864346,20.641184865175312,False,-0.334587054816685,GULF_OF_LION
144,2002-01-04,933.2285714285716,1009.7068865553746,330.34283513112103,-406.8211502579241,51.69523687564392,24.39452190696035,54.964293227864346,20.641184865175312,False,-0.334587054816685,GULF_OF_LION
145,2002-01-12,939.6125,999.2253700235304,177.23936797930853,-236.8522380028389,51.69523687564392,24.39452190696035,54.964293227864346,20.641184865175312,False,-0.334587054816685,GULF_OF_LION
146,2002-01-20,939.6125,993.0512560685928,217.12571762267945,-270.56447369127216,51.69523687564392,24.39452190696035,54.964293227864346,20.641184865175312,False,-0.334587054816685,GULF_OF_LION
147,2002-01-28,1543.75,991.1888664318344,347.74468225014385,204.81645131802185,51.69523687564392,24.39452190696035,54.964293227864346,20.641184865175312,False,-0.334587054816685,GULF_OF_LION
148,2002-02-04,1543.75,993.6257217555292,325.38778494499815,224.73649329947267,51.69523687564392,24.39452190696035,54.964293227864346,20.641184865175312,False,-0.334587054816685,GULF_OF_LION
149,2002-02-12,1543.75,1000.3010576962026,201.37755801902475,342.07138428477265,51.69523687564392,24.39452190696035,54.964293227864346,20.641184865175312,False,-0.334587054816685,GULF_OF_LION
150,2002-02-20,1771.0,1011.118078394853,-25.81066022201,785.692581827157,51.69523687564392,24.39452190696035,54.964293227864346,20.641184865175312,False,-0.334587054816685,GULF_OF_LION
151,2002-02-28,2417.5,1025.9667151341614,294.63056253205446,1096.902722333784,51.69523687564392,24.39452190696035,54.964293227864346,20.641184865175312,False,-0.334587054816685,GULF_OF_LION
152,2002-03-04,2417.5,1044.7347204595071,714.6762167063746,658.0890628341183,51.69523687564392,24.39452190696035,54.964293227864346,20.641184865175312,False,-0.334587054816685,GULF_OF_LION
153,2002-03-12,2010.125,1067.3259022924783,1140.6886041129142,-197.88950640539247,51.69523687564392,24.39452190696035,54.964293227864346,20.641184865175312,False,-0.334587054816685,GULF_OF_LION
154,2002-03-20,1975.5,1093.6819390501391,1001.799860912446,-119.98179996258524,51.69523687564392,24.39452190696035,54.964293227864346,20.641184865175312,False,-0.334587054816685,GULF_OF_LION
155,2002-03-28,1444.7571428571428,1123.7638900065458,554.3354082278408,-233.3421553772439,51.69523687564392,24.39452190696035,54.964293227864346,20.641184865175312,False,-0.334587054816685,GULF_OF_LION
156,2002-04-04,965.45,1157.4812743644688,-25.36615600282965,-166.66511836163914,51.69523687564392,24.39452190696035,54.964293227864346,20.641184865175312,False,-0.334587054816685,GULF_OF_LION
157,2002-04-12,947.7875,1194.6686770896154,-81.52298201095039,-165.35819507866495,51.69523687564392,24.39452190696035,54.964293227864346,20.641184865175312,False,-0.334587054816685,GULF_OF_LION
158,2002-04-20,798.4375,1235.0811491127004,-243.557160336188,-193.0864887765124,51.69523687564392,24.39452190696035,54.964293227864346,20.641184865175312,False,-0.334587054816685,GULF_OF_LION
159,2002-04-28,798.4375,1278.409179908498,-246.99460493924124,-232.97707496925665,51.69523687564392,24.39452190696035,54.964293227864346,20.641184865175312,False,-0.334587054816685,GULF_OF_LION
160,2002-05-04,1759.75,1324.2851831541004,159.5845725200303,275.8802443258693,51.69523687564392,24.39452190696035,54.964293227864346,20.641184865175312,False,-0.334587054816685,GULF_OF_LION
161,2002-05-12,1759.75,1372.3119475058136,195.28309360492835,192.15495888925807,51.69523687564392,24.39452190696035,54.964293227864346,20.641184865175312,False,-0.334587054816685,GULF_OF_LION
162,2002-05-20,1554.857142857143,1422.0651806493756,7.19995102721856,125.5920111805487,51.69523687564392,24.39452190696035,54.964293227864346,20.641184865175312,False,-0.334587054816685,GULF_OF_LION
163,2002-05-28,1459.0375,1473.1054647055778,-160.35189650241136,146.28393179683349,51.69523687564392,24.39452190696035,54.964293227864346,20.641184865175312,False,-0.334587054816685,GULF_OF_LION
164,2002-06-04,1540.0,1524.9794447422205,-155.32043669629064,170.34099195407038,51.69523687564392,24.39452190696035,54.964293227864346,20.641184865175312,False,-0.334587054816685,GULF_OF_LION
165,2002-06-12,1459.0375,1577.2271304979638,-217.1143635753805,98.92473307741662,51.69523687564392,24.39452190696035,54.964293227864346,20.641184865175312,False,-0.334587054816685,GULF_OF_LION
166,2002-06-20,1224.75,1629.3897149201205,-343.33941220133977,-61.3003027187807,51.69523687564392,24.39452190696035,54.964293227864346,20.641184865175312,False,-0.334587054816685,GULF_OF_LION
167,2002-06-28,1214.1666666666667,1681.0132427699152,-525.7925016319223,58.9459255286738,51.69523687564392,24.39452190696035,54.964293227864346,20.641184865175312,False,-0.334587054816685,GULF_OF_LION
168,2002-07-04,855.9875,1731.656236261445,-781.6026408856281,-94.06609537581689,51.69523687564392,24.39452190696035,54.964293227864346,20.641184865175312,False,-0.334587054816685,GULF_OF_LION
169,2002-07-12,855.9875,1780.8882497076313,-792.6566222161364,-132.24412749149496,51.69523687564392,24.39452190696035,54.964293227864346,20.641184865175312,False,-0.334587054816685,GULF_OF_LION
170,2002-07-20,827.4285714285714,1828.3013661477703,-844.1875188897216,-156.68527582947752,51.69523687564392,24.39452190696035,54.964293227864346,20.641184865175312,False,-0.334587054816685,GULF_OF_LION
171,2002-07-28,827.4285714285714,1873.5112436676736,-922.7405070143597,-123.34216522474289,51.69523687564392,24.39452190696035,54.964293227864346,20.641184865175312,False,-0.334587054816685,GULF_OF_LION
172,2002-08-04,827.4285714285714,1916.163874859216,-969.937949197396,-118.79735423324836,51.69523687564392,24.39452190696035,54.964293227864346,20.641184865175312,False,-0.334587054816685,GULF_OF_LION
173,2002-08-12,820.3,1955.9412188782685,-946.4896269635392,-189.15159191472924,51.69523687564392,24.39452190696035,54.964293227864346,20.641184865175312,False,-0.334587054816685,GULF_OF_LION
174,2002-08-20,866.7714285714286,1992.5669677967296,-937.4463793994324,-188.34915982586855,51.69523687564392,24.39452190696035,54.964293227864346,20.641184865175312,False,-0.334587054816685,GULF_OF_LION
175,2002-08-28,866.7714285714286,2025.8174364754063,-940.3724446886424,-218.6735632153357,51.69523687564392,24.39452190696035,54.964293227864346,20.641184865175312,False,-0.334587054816685,GULF_OF_LION
176,2002-09-04,1068.35,2055.519935888892,-852.9646237560733,-134.20531213281856,51.69523687564392,24.39452190696035,54.964293227864346,20.641184865175312,False,-0.334587054816685,GULF_OF_LION
177,2002-09-12,1068.35,2081.552398965944,-838.8795155473294,-174.32288341861477,51.69523687564392,24.39452190696035,54.964293227864346,20.641184865175312,False,-0.334587054816685,GULF_OF_LION
178,2002-09-20,1037.9,2103.840566564085,-739.7898537514425,-326.15071281264227,51.69523687564392,24.39452190696035,54.964293227864346,20.641184865175312,False,-0.334587054816685,GULF_OF_LION
179,2002-09-28,906.8,2122.3534342615853,-724.8137312667378,-490.7397029948473,51.69523687564392,24.39452190696035,54.964293227864346,20.641184865175312,False,-0.334587054816685,GULF_OF_LION
180,2002-10-04,906.8,2137.0968828108307,-555.829073557874,-674.4678092529565,51.69523687564392,24.39452190696035,54.964293227864346,20.641184865175312,False,-0.334587054816685,GULF_OF_LION
181,2002-10-12,1032.1625,2148.095007397999,-447.6244010027749,-668.3081063952241,51.69523687564392,24.39452190696035,54.964293227864346,20.641184865175312,False,-0.334587054816685,GULF_OF_LION
182,2002-10-20,2175.428571428572,2155.377834097897,141.5494171320186,-121.49867980134404,51.69523687564392,24.39452190696035,54.964293227864346,20.641184865175312,False,-0.334587054816685,GULF_OF_LION
183,2002-10-28,2233.875,2158.9784054467373,56.60614813481728,18.290446418445452,51.69523687564392,24.39452190696035,54.964293227864346,20.641184865175312,False,-0.334587054816685,GULF_OF_LION
184,2002-11-04,2442.75,2158.9384460288634,172.68090118310673,111.13065278802988,51.69523687564392,24.39452190696035,54.964293227864346,20.641184865175312,False,-0.334587054816685,GULF_OF_LION
185,2002-11-12,4240.75,2155.30048135344,1098.2111507472894,987.2383678992708,51.69523687564392,24.39452190696035,54.964293227864346,20.641184865175312,False,-0.334587054816685,GULF_OF_LION
186,2002-11-20,7259.75,2148.096464517622,2620.491541414256,2491.1619940681226,51.69523687564392,24.39452190696035,54.964293227864346,20.641184865175312,False,-0.334587054816685,GULF_OF_LION
187,2002-11-28,7259.75,2137.363526753516,2735.313583854119,2387.0728893923656,51.69523687564392,24.39452190696035,54.964293227864346,20.641184865175312,False,-0.334587054816685,GULF_OF_LION
188,2002-12-04,3908.25,2123.155727145508,1125.6223563933345,659.4719164611577,51.69523687564392,24.39452190696035,54.964293227864346,20.641184865175312,False,-0.334587054816685,GULF_OF_LION
189,2002-12-12,2743.5,2105.555231284246,409.9341742265087,228.0105944892453,51.69523687564392,24.39452190696035,54.964293227864346,20.641184865175312,False,-0.334587054816685,GULF_OF_LION
190,2002-12-20,2743.5,2084.6974952755822,354.8057638283037,303.99674089611403,51.69523687564392,24.39452190696035,54.964293227864346,20.641184865175312,False,-0.334587054816685,GULF_OF_LION
191,2002-12-28,3093.5714285714284,2060.7454120648435,537.3403747014603,495.4856418051246,51.69523687564392,24.39452190696035,54.964293227864346,20.641184865175312,False,-0.334587054816685,GULF_OF_LION
192,2003-01-04,3093.5714285714284,2033.882398662956,548.9082344980523,510.7807954104203,51.69523687564392,24.39452190696035,54.964293227864346,20.641184865175312,False,-0.334587054816685,GULF_OF_LION
193,2003-01-12,2444.625,2004.3095710193,513.3477765970715,-73.03234761637123,51.69523687564392,24.39452190696035,54.964293227864346,20.641184865175312,False,-0.334587054816685,GULF_OF_LION
194,2003-01-20,2344.5714285714284,1972.227332941076,586.4990152953479,-214.15491966499545,51.69523687564392,24.39452190696035,54.964293227864346,20.641184865175312,False,-0.334587054816685,GULF_OF_LION
195,2003-01-28,2344.5714285714284,1937.8457247209533,748.4069642280476,-341.68126037757247,51.69523687564392,24.39452190696035,54.964293227864346,20.641184865175312,False,-0.334587054816685,GULF_OF_LION
196,2003-02-04,2344.5714285714284,1901.392137999327,581.994479958447,-138.8151893863452,51.69523687564392,24.39452190696035,54.964293227864346,20.641184865175312,False,-0.334587054816685,GULF_OF_LION
197,2003-02-12,2083.875,1863.1399741619832,377.0326565749839,-156.2976307369671,51.69523687564392,24.39452190696035,54.964293227864346,20.641184865175312,False,-0.334587054816685,GULF_OF_LION
198,2003-02-20,1381.5,1823.396412400104,89.2401225498095,-531.1365349499135,51.69523687564392,24.39452190696035,54.964293227864346,20.641184865175312,False,-0.334587054816685,GULF_OF_LION
199,2003-02-28,1381.5,1782.4940412817014,255.8748082600596,-656.8688495417609,51.69523687564392,24.39452190696035,54.964293227864346,20.641184865175312,False,-0.334587054816685,GULF_OF_LION
200,2003-03-04,1440.375,1740.7805964164909,295.4967905899234,-595.9023870064143,51.69523687564392,24.39452190696035,54.964293227864346,20.641184865175312,False,-0.334587054816685,GULF_OF_LION
201,2003-03-12,1440.375,1698.595275934342,192.6663094695402,-450.88658540388224,51.69523687564392,24.39452190696035,54.964293227864346,20.641184865175312,False,-0.334587054816685,GULF_OF_LION
202,2003-03-20,962.2428571428572,1656.2453380756567,-44.09176235781132,-649.9107185749883,51.69523687564392,24.39452190696035,54.964293227864346,20.641184865175312,False,-0.334587054816685,GULF_OF_LION
203,2003-03-28,955.5625,1614.0113945418796,-252.9215047828874,-405.5273897589922,51.69523687564392,24.39452190696035,54.964293227864346,20.641184865175312,False,-0.334587054816685,GULF_OF_LION
204,2003-04-04,962.2428571428572,1572.182396260783,-376.3960691681124,-233.5434699498134,51.69523687564392,24.39452190696035,54.964293227864346,20.641184865175312,False,-0.334587054816685,GULF_OF_LION
205,2003-04-12,1032.0625,1531.0513658352477,-383.7040714593248,-115.2847943759229,51.69523687564392,24.39452190696035,54.964293227864346,20.641184865175312,False,-0.334587054816685,GULF_OF_LION
206,2003-04-20,1067.1666666666667,1490.9251492758924,-451.9931817966668,28.23469918744115,51.69523687564392,24.39452190696035,54.964293227864346,20.641184865175312,False,-0.334587054816685,GULF_OF_LION
207,2003-04-28,1067.1666666666667,1452.1309444905185,-446.3634858313573,61.39920800750559,51.69523687564392,24.39452190696035,54.964293227864346,20.641184865175312,False,-0.334587054816685,GULF_OF_LION
208,2003-05-04,1067.1666666666667,1415.0062287137057,-117.26950565848912,-230.5700563885496,51.69523687564392,24.39452190696035,54.964293227864346,20.641184865175312,False,-0.334587054816685,GULF_OF_LION
209,2003-05-12,997.2375,1379.8736138194076,-145.75810578775386,-236.87800803165385,51.69523687564392,24.39452190696035,54.964293227864346,20.641184865175312,False,-0.334587054816685,GULF_OF_LION
210,2003-05-20,997.2375,1347.038791020654,-275.7384812133055,-74.06280980734846,51.69523687564392,24.39452190696035,54.964293227864346,20.641184865175312,False,-0.334587054816685,GULF_OF_LION
211,2003-05-28,997.2375,1316.775835348934,-271.6280957749212,-47.91023957401279,51.69523687564392,24.39452190696035,54.964293227864346,20.641184865175312,False,-0.334587054816685,GULF_OF_LION
212,2003-06-04,1028.825,1289.3254946772383,-174.67761814442483,-85.82287653281347,51.69523687564392,24.39452190696035,54.964293227864346,20.641184865175312,False,-0.334587054816685,GULF_OF_LION
213,2003-06-12,987.575,1264.8881791936042,-209.2147315469924,-68.09844764661176,51.69523687564392,24.39452190696035,54.964293227864346,20.641184865175312,False,-0.334587054816685,GULF_OF_LION
214,2003-06-20,987.575,1243.6190819282951,-324.5878079982893,68.54372606999425,51.69523687564392,24.39452190696035,54.964293227864346,20.641184865175312,False,-0.334587054816685,GULF_OF_LION
215,2003-06-28,846.5,1225.6282667268797,-409.61387267521536,30.485605948335888,51.69523687564392,24.39452190696035,54.964293227864346,20.641184865175312,False,-0.334587054816685,GULF_OF_LION
216,2003-07-04,656.2375,1210.9790079312238,-607.795166520802,53.05365858957816,51.69523687564392,24.39452190696035,54.964293227864346,20.641184865175312,False,-0.334587054816685,GULF_OF_LION
217,2003-07-12,656.2375,1199.6902096530796,-634.7300805662073,91.2773709131277,51.69523687564392,24.39452190696035,54.964293227864346,20.641184865175312,False,-0.334587054816685,GULF_OF_LION
218,2003-07-20,680.9625,1191.730831305377,-644.8034515675777,134.03512026220062,51.69523687564392,24.39452190696035,54.964293227864346,20.641184865175312,False,-0.334587054816685,GULF_OF_LION
219,2003-07-28,684.9375,1187.0254328359188,-652.8573882002778,150.76945536435903,51.69523687564392,24.39452190696035,54.964293227864346,20.641184865175312,False,-0.334587054816685,GULF_OF_LION
220,2003-08-04,686.4857142857143,1185.455857921954,-660.0223376372187,161.05219400097894,51.69523687564392,24.39452190696035,54.964293227864346,20.641184865175312,False,-0.334587054816685,GULF_OF_LION
221,2003-08-12,830.55,1186.8620751308167,-563.4562890636716,207.14421393285488,51.69523687564392,24.39452190696035,54.964293227864346,20.641184865175312,False,-0.334587054816685,GULF_OF_LION
222,2003-08-20,834.9625,1191.04153299576,-410.5898893023815,54.51085630662146,51.69523687564392,24.39452190696035,54.964293227864346,20.641184865175312,False,-0.334587054816685,GULF_OF_LION
223,2003-08-28,830.55,1197.7438013883734,-420.05999052153766,52.8661891331642,51.69523687564392,24.39452190696035,54.964293227864346,20.641184865175312,False,-0.334587054816685,GULF_OF_LION
224,2003-09-04,685.2,1206.6805838932958,-579.178585145002,57.69800125170627,51.69523687564392,24.39452190696035,54.964293227864346,20.641184865175312,False,-0.334587054816685,GULF_OF_LION
225,2003-09-12,673.9625,1217.5403674800525,-608.8653148435477,65.2874473634954,51.69523687564392,24.39452190696035,54.964293227864346,20.641184865175312,False,-0.334587054816685,GULF_OF_LION
226,2003-09-20,673.9625,1229.994764105095,-648.7946778819647,92.7624137768696,51.69523687564392,24.39452190696035,54.964293227864346,20.641184865175312,False,-0.334587054816685,GULF_OF_LION
227,2003-09-28,728.3333333333334,1243.699928232926,-675.8620090536114,160.49541415401882,51.69523687564392,24.39452190696035,54.964293227864346,20.641184865175312,False,-0.334587054816685,GULF_OF_LION
228,2003-10-04,1095.075,1258.303907245786,-505.6812794504714,342.45237220468533,51.69523687564392,24.39452190696035,54.964293227864346,20.641184865175312,False,-0.334587054816685,GULF_OF_LION
229,2003-10-12,1177.85,1273.462543338271,-427.7280890954647,332.1155457571937,51.69523687564392,24.39452190696035,54.964293227864346,20.641184865175312,False,-0.334587054816685,GULF_OF_LION
230,2003-10-20,1205.8875,1288.8563264742927,10.670791541288777,-93.63961801558143,51.69523687564392,24.39452190696035,54.964293227864346,20.641184865175312,False,-0.334587054816685,GULF_OF_LION
231,2003-10-28,1344.1714285714286,1304.2001275952389,465.55188955926513,-425.5805885830752,51.69523687564392,24.39452190696035,54.964293227864346,20.641184865175312,False,-0.334587054816685,GULF_OF_LION
232,2003-11-04,1344.1714285714286,1319.2394332657975,503.2516113764573,-478.3196160708264,51.69523687564392,24.39452190696035,54.964293227864346,20.641184865175312,False,-0.334587054816685,GULF_OF_LION
233,2003-11-12,1762.5,1333.756681337936,716.9047109844903,-288.1613923224263,51.69523687564392,24.39452190696035,54.964293227864346,20.641184865175312,False,-0.334587054816685,GULF_OF_LION
234,2003-11-20,1762.5,1347.6223659569164,1399.055647007867,-984.1780129647834,51.69523687564392,24.39452190696035,54.964293227864346,20.641184865175312,False,-0.334587054816685,GULF_OF_LION
235,2003-11-28,2165.0,1360.8031689878824,1596.6193562212827,-792.4225252091651,51.69523687564392,24.39452190696035,54.964293227864346,20.641184865175312,False,-0.334587054816685,GULF_OF_LION
236,2003-12-04,2165.0,1373.3307818466687,769.3965538476134,22.272664305717853,51.69523687564392,24.39452190696035,54.964293227864346,20.641184865175312,False,-0.334587054816685,GULF_OF_LION
237,2003-12-12,1580.875,1385.2221946617467,264.7829844505352,-69.1301791122819,51.69523687564392,24.39452190696035,54.964293227864346,20.641184865175312,False,-0.334587054816685,GULF_OF_LION
238,2003-12-20,1458.625,1396.442309099929,205.3680384294925,-143.18534752942145,51.69523687564392,24.39452190696035,54.964293227864346,20.641184865175312,False,-0.334587054816685,GULF_OF_LION
239,2003-12-28,1438.428571428571,1406.953071985158,282.8084746903674,-251.33297524695405,51.69523687564392,24.39452190696035,54.964293227864346,20.641184865175312,False,-0.334587054816685,GULF_OF_LION
240,2004-01-04,1438.428571428571,1416.7274300986303,247.9027061039359,-226.2015647739951,51.69523687564392,24.39452190696035,54.964293227864346,20.641184865175312,False,-0.334587054816685,GULF_OF_LION
241,2004-01-12,2541.0,1425.748207565329,636.8575547352351,478.3942376994359,51.69523687564392,24.39452190696035,54.964293227864346,20.641184865175312,False,-0.334587054816685,GULF_OF_LION
242,2004-01-20,2986.5714285714284,1434.0050269609849,897.503271327605,655.0631302828388,51.69523687564392,24.39452190696035,54.964293227864346,20.641184865175312,False,-0.334587054816685,GULF_OF_LION
243,2004-01-28,2986.5714285714284,1441.478735367829,899.4410801169506,645.6516130866489,51.69523687564392,24.39452190696035,54.964293227864346,20.641184865175312,False,-0.334587054816685,GULF_OF_LION
244,2004-02-04,2281.25,1448.1542655235444,613.5611452666946,219.53458920976107,51.69523687564392,24.39452190696035,54.964293227864346,20.641184865175312,False,-0.334587054816685,GULF_OF_LION
245,2004-02-12,1947.375,1454.008666881815,385.41040667617415,107.95592644201076,51.69523687564392,24.39452190696035,54.964293227864346,20.641184865175312,False,-0.334587054816685,GULF_OF_LION
246,2004-02-20,1947.375,1459.0135686379467,212.1906016176066,276.1708297444467,51.69523687564392,24.39452190696035,54.964293227864346,20.641184865175312,False,-0.334587054816685,GULF_OF_LION
247,2004-02-28,1947.375,1463.1320651125118,80.40812080162355,403.8348140858647,51.69523687564392,24.39452190696035,54.964293227864346,20.641184865175312,False,-0.334587054816685,GULF_OF_LION
248,2004-03-04,1958.625,1466.3264652854928,61.41612657324898,430.8824081412583,51.69523687564392,24.39452190696035,54.964293227864346,20.641184865175312,False,-0.334587054816685,GULF_OF_LION
249,2004-03-12,1915.125,1468.5719108872115,43.88894122269786,402.6641478900904,51.69523687564392,24.39452190696035,54.964293227864346,20.641184865175312,False,-0.334587054816685,GULF_OF_LION
250,2004-03-20,1915.125,1469.8652988469055,64.14595157732722,381.1137495757673,51.69523687564392,24.39452190696035,54.964293227864346,20.641184865175312,False,-0.334587054816685,GULF_OF_LION
251,2004-03-28,1576.75,1470.216659013569,-100.44274669918072,206.97608768561184,51.69523687564392,24.39452190696035,54.964293227864346,20.641184865175312,False,-0.334587054816685,GULF_OF_LION
252,2004-04-04,1504.428571428571,1469.6416389472374,-108.9283296717196,143.71526215305352,51.69523687564392,24.39452190696035,54.964293227864346,20.641184865175312,False,-0.334587054816685,GULF_OF_LION
253,2004-04-12,1312.125,1468.1754613933665,-52.545688553428704,-103.50477283993756,51.69523687564392,24.39452190696035,54.964293227864346,20.641184865175312,False,-0.334587054816685,GULF_OF_LION
254,2004-04-20,1074.2166666666667,1465.8554033679588,141.7458536388391,-533.3845903401312,51.69523687564392,24.39452190696035,54.964293227864346,20.641184865175312,False,-0.334587054816685,GULF_OF_LION
255,2004-04-28,1074.2166666666667,1462.6853738060054,150.5951080270624,-539.0638151664011,51.69523687564392,24.39452190696035,54.964293227864346,20.641184865175312,False,-0.334587054816685,GULF_OF_LION
256,2004-05-04,1431.25,1458.639075342653,-12.676269532633796,-14.71280581001929,51.69523687564392,24.39452190696035,54.964293227864346,20.641184865175312,False,-0.334587054816685,GULF_OF_LION
257,2004-05-12,1431.25,1453.6950965080675,-131.48529492591786,109.04019841785032,51.69523687564392,24.39452190696035,54.964293227864346,20.641184865175312,False,-0.334587054816685,GULF_OF_LION
258,2004-05-20,1030.6,1447.8491983391127,-327.70045042944656,-89.54874790966625,51.69523687564392,24.39452190696035,54.964293227864346,20.641184865175312,False,-0.334587054816685,GULF_OF_LION
259,2004-05-28,1030.6,1441.122083254038,-290.57150689796714,-119.95057635607094,51.69523687564392,24.39452190696035,54.964293227864346,20.641184865175312,False,-0.334587054816685,GULF_OF_LION
260,2004-06-04,1202.8625,1433.5556128488715,-237.4797019433277,6.786589094456133,51.69523687564392,24.39452190696035,54.964293227864346,20.641184865175312,False,-0.334587054816685,GULF_OF_LION
261,2004-06-12,1202.8625,1425.211652757544,-251.33699817603008,28.987845418486017,51.69523687564392,24.39452190696035,54.964293227864346,20.641184865175312,False,-0.334587054816685,GULF_OF_LION
262,2004-06-20,963.575,1416.1702522759465,-352.6029442815312,-99.99230799441506,51.69523687564392,24.39452190696035,54.964293227864346,20.641184865175312,False,-0.334587054816685,GULF_OF_LION
263,2004-06-28,904.0833333333334,1406.527639653041,-398.2268733578185,-104.21743296188912,51.69523687564392,24.39452190696035,54.964293227864346,20.641184865175312,False,-0.334587054816685,GULF_OF_LION
264,2004-07-04,836.0,1396.3949039739657,-492.7781779616089,-67.61672601235682,51.69523687564392,24.39452190696035,54.964293227864346,20.641184865175312,False,-0.334587054816685,GULF_OF_LION
265,2004-07-12,734.1625,1385.8926002038747,-550.0665813928063,-101.66351881106846,51.69523687564392,24.39452190696035,54.964293227864346,20.641184865175312,False,-0.334587054816685,GULF_OF_LION
266,2004-07-20,708.3571428571429,1375.1499389903104,-537.4915233359108,-129.30127279725673,51.69523687564392,24.39452190696035,54.964293227864346,20.641184865175312,False,-0.334587054816685,GULF_OF_LION
267,2004-07-28,708.3571428571429,1364.302607785374,-517.6231057929054,-138.32235913532566,51.69523687564392,24.39452190696035,54.964293227864346,20.641184865175312,False,-0.334587054816685,GULF_OF_LION
268,2004-08-04,708.3571428571429,1353.4900258587531,-534.5166377918392,-110.61624520977102,51.69523687564392,24.39452190696035,54.964293227864346,20.641184865175312,False,-0.334587054816685,GULF_OF_LION
269,2004-08-12,842.2125,1342.8539375460448,-420.13495607556086,-80.50648147048395,51.69523687564392,24.39452190696035,54.964293227864346,20.641184865175312,False,-0.334587054816685,GULF_OF_LION
270,2004-08-20,1433.125,1332.5357011196102,-40.84490733592402,141.43420621631384,51.69523687564392,24.39452190696035,54.964293227864346,20.641184865175312,False,-0.334587054816685,GULF_OF_LION
271,2004-08-28,1433.125,1322.6724220380313,-5.333111733997356,115.78568969596606,51.69523687564392,24.39452190696035,54.964293227864346,20.641184865175312,False,-0.334587054816685,GULF_OF_LION
272,2004-09-04,901.575,1313.3876716562122,-294.9379994695491,-116.87467218666308,51.69523687564392,24.39452190696035,54.964293227864346,20.641184865175312,False,-0.334587054816685,GULF_OF_LION
273,2004-09-12,823.475,1304.7887521014386,-345.147390521566,-136.16636157987256,51.69523687564392,24.39452190696035,54.964293227864346,20.641184865175312,False,-0.334587054816685,GULF_OF_LION
274,2004-09-20,727.4875,1296.9662448369577,-427.704745037535,-141.77399979942248,51.69523687564392,24.39452190696035,54.964293227864346,20.641184865175312,False,-0.334587054816685,GULF_OF_LION
275,2004-09-28,687.8166666666666,1289.9950311242492,-445.5348156809727,-156.64354877660986,51.69523687564392,24.39452190696035,54.964293227864346,20.641184865175312,False,-0.334587054816685,GULF_OF_LION
276,2004-10-04,687.8166666666666,1283.9334979407545,-372.56638459639913,-223.5504466776885,51.69523687564392,24.39452190696035,54.964293227864346,20.641184865175312,False,-0.334587054816685,GULF_OF_LION
277,2004-10-12,768.2,1278.820835484979,-287.5509224282238,-223.06991305675507,51.69523687564392,24.39452190696035,54.964293227864346,20.641184865175312,False,-0.334587054816685,GULF_OF_LION
278,2004-10-20,1394.25,1274.6710488073447,-13.189931064173315,132.7688822568286,51.69523687564392,24.39452190696035,54.964293227864346,20.641184865175312,False,-0.334587054816685,GULF_OF_LION
279,2004-10-28,2959.75,1271.465044875943,807.0320282256849,881.252926898372,51.69523687564392,24.39452190696035,54.964293227864346,20.641184865175312,False,-0.334587054816685,GULF_OF_LION
280,2004-11-04,2959.75,1269.153822021011,805.6567539537313,884.9394240252581,51.69523687564392,24.39452190696035,54.964293227864346,20.641184865175312,False,-0.334587054816685,GULF_OF_LION
281,2004-11-12,1210.325,1267.6600274435452,24.67912358396548,-82.01415102751066,51.69523687564392,24.39452190696035,54.964293227864346,20.641184865175312,False,-0.334587054816685,GULF_OF_LION
282,2004-11-20,940.25,1266.873752419113,-164.27444607371234,-162.34930634540075,51.69523687564392,24.39452190696035,54.964293227864346,20.641184865175312,False,-0.334587054816685,GULF_OF_LION
283,2004-11-28,940.25,1266.667717591049,-75.37126150460684,-251.04645608644225,51.69523687564392,24.39452190696035,54.964293227864346,20.641184865175312,False,-0.334587054816685,GULF_OF_LION
284,2004-12-04,992.75,1266.894537424601,-32.65287825099389,-241.49165917360705,51.69523687564392,24.39452190696035,54.964293227864346,20.641184865175312,False,-0.334587054816685,GULF_OF_LION
285,2004-12-12,1311.875,1267.421848719451,-24.91315792172042,69.36630920226946,51.69523687564392,24.39452190696035,54.964293227864346,20.641184865175312,False,-0.334587054816685,GULF_OF_LION
286,2004-12-20,1320.571428571429,1268.1409591005056,-134.75406167068593,187.184531141609,51.69523687564392,24.39452190696035,54.964293227864346,20.641184865175312,False,-0.334587054816685,GULF_OF_LION
287,2004-12-28,1320.571428571429,1268.9415023032304,-146.84574252014275,198.47566878834095,51.69523687564392,24.39452190696035,54.964293227864346,20.641184865175312,False,-0.334587054816685,GULF_OF_LION
288,2005-01-04,1182.625,1269.7180363852256,-164.68550613794469,77.59246975271913,51.69523687564392,24.39452190696035,54.964293227864346,20.641184865175312,False,-0.334587054816685,GULF_OF_LION
289,2005-01-12,1182.625,1270.374236135506,178.2737628354509,-266.02299897095685,51.69523687564392,24.39452190696035,54.964293227864346,20.641184865175312,False,-0.334587054816685,GULF_OF_LION
290,2005-01-20,1429.3625,1270.8326565392051,406.817969907096,-248.28812644630136,51.69523687564392,24.39452190696035,54.964293227864346,20.641184865175312,False,-0.334587054816685,GULF_OF_LION
291,2005-01-28,1429.3625,1271.0466897509746,400.9142748586463,-242.5984646096209,51.69523687564392,24.39452190696035,54.964293227864346,20.641184865175312,False,-0.334587054816685,GULF_OF_LION
292,2005-02-04,1684.6375,1270.9758956900246,314.7659822870472,98.89562202292824,51.69523687564392,24.39452190696035,54.964293227864346,20.641184865175312,False,-0.334587054816685,GULF_OF_LION
293,2005-02-12,1684.6375,1270.5822400513698,227.53847918477777,186.51678076385247,51.69523687564392,24.39452190696035,54.964293227864346,20.641184865175312,False,-0.334587054816685,GULF_OF_LION
294,2005-02-20,1684.6375,1269.8287432059074,369.2992609699437,45.509495824148985,51.69523687564392,24.39452190696035,54.964293227864346,20.641184865175312,False,-0.334587054816685,GULF_OF_LION
295,2005-02-28,1155.975,1268.6835151630962,144.0689822099764,-256.7774973730727,51.69523687564392,24.39452190696035,54.964293227864346,20.641184865175312,False,-0.334587054816685,GULF_OF_LION
296,2005-03-04,990.625,1267.1206706435398,61.05094790749162,-337.54661855103143,51.69523687564392,24.39452190696035,54.964293227864346,20.641184865175312,False,-0.334587054816685,GULF_OF_LION
297,2005-03-12,990.625,1265.1206457122096,205.6040577201641,-480.0997034323737,51.69523687564392,24.39452190696035,54.964293227864346,20.641184865175312,False,-0.334587054816685,GULF_OF_LION
298,2005-03-20,1528.0,1262.655118534058,600.2938532660678,-334.94897180012595,51.69523687564392,24.39452190696035,54.964293227864346,20.641184865175312,False,-0.334587054816685,GULF_OF_LION
299,2005-03-28,1528.0,1259.678148246437,536.2733331030131,-267.95148134945043,51.69523687564392,24.39452190696035,54.964293227864346,20.641184865175312,False,-0.334587054816685,GULF_OF_LION
300,2005-04-04,1601.7142857142858,1256.1281397589428,689.0672946411315,-343.4811486857885,51.69523687564392,24.39452190696035,54.964293227864346,20.641184865175312,False,-0.334587054816685,GULF_OF_LION
301,2005-04-12,2106.75,1251.9222122206609,891.3588788800836,-36.53109110074445,51.69523687564392,24.39452190696035,54.964293227864346,20.641184865175312,False,-0.334587054816685,GULF_OF_LION
302,2005-04-20,3281.833333333333,1246.9704380353498,1103.169790075399,931.6931052225846,51.69523687564392,24.39452190696035,54.964293227864346,20.641184865175312,False,-0.334587054816685,GULF_OF_LION
303,2005-04-28,3281.833333333333,1241.2136236125502,906.8317200136028,1133.7879897071805,51.69523687564392,24.39452190696035,54.964293227864346,20.641184865175312,False,-0.334587054816685,GULF_OF_LION
304,2005-05-04,1891.875,1234.6402830437737,314.94284395742056,342.291872998806,51.69523687564392,24.39452190696035,54.964293227864346,20.641184865175312,False,-0.334587054816685,GULF_OF_LION
305,2005-05-12,1420.0,1227.2864375805627,233.24571392684652,-40.53215150740928,51.69523687564392,24.39452190696035,54.964293227864346,20.641184865175312,False,-0.334587054816685,GULF_OF_LION
306,2005-05-20,1292.0,1219.223125437521,76.3552847810886,-3.578410218609648,51.69523687564392,24.39452190696035,54.964293227864346,20.641184865175312,False,-0.334587054816685,GULF_OF_LION
307,2005-05-28,1255.625,1210.539601468672,-73.4201138854241,118.5055124167522,51.69523687564392,24.39452190696035,54.964293227864346,20.641184865175312,False,-0.334587054816685,GULF_OF_LION
308,2005-06-04,939.3625,1201.3470184465978,-252.36055868165437,-9.623959764943464,51.69523687564392,24.39452190696035,54.964293227864346,20.641184865175312,False,-0.334587054816685,GULF_OF_LION
309,2005-06-12,831.15,1191.7826601403408,-325.9717729463589,-34.66088719398192,51.69523687564392,24.39452190696035,54.964293227864346,20.641184865175312,False,-0.334587054816685,GULF_OF_LION
310,2005-06-20,831.15,1182.0066082377955,-377.3869170855991,26.53030884780361,51.69523687564392,24.39452190696035,54.964293227864346,20.641184865175312,False,-0.334587054816685,GULF_OF_LION
311,2005-06-28,831.15,1172.189593160482,-381.7619777949327,40.72238463445064,51.69523687564392,24.39452190696035,54.964293227864346,20.641184865175312,False,-0.334587054816685,GULF_OF_LION
312,2005-07-04,701.0375,1162.5045075007768,-474.2474333002414,12.780425799464696,51.69523687564392,24.39452190696035,54.964293227864346,20.641184865175312,False,-0.334587054816685,GULF_OF_LION
313,2005-07-12,598.6375,1153.1259449232307,-588.0040884382719,33.51564351504123,51.69523687564392,24.39452190696035,54.964293227864346,20.641184865175312,False,-0.334587054816685,GULF_OF_LION
314,2005-07-20,598.6375,1144.2281353963103,-582.1014157640557,36.51078036774538,51.69523687564392,24.39452190696035,54.964293227864346,20.641184865175312,False,-0.334587054816685,GULF_OF_LION
315,2005-07-28,598.6375,1135.9735182411034,-565.4036132347834,28.067594993680014,51.69523687564392,24.39452190696035,54.964293227864346,20.641184865175312,False,-0.334587054816685,GULF_OF_LION
316,2005-08-04,465.675,1128.5100190098929,-618.2651645536663,-44.56985445622661,51.69523687564392,24.39452190696035,54.964293227864346,20.641184865175312,False,-0.334587054816685,GULF_OF_LION
317,2005-08-12,465.675,1121.9706210384927,-567.5719183523842,-88.7237026861086,51.69523687564392,24.39452190696035,54.964293227864346,20.641184865175312,False,-0.334587054816685,GULF_OF_LION
318,2005-08-20,773.775,1116.4754283825182,-229.5331790618089,-113.16724932070932,51.69523687564392,24.39452190696035,54.964293227864346,20.641184865175312,False,-0.334587054816685,GULF_OF_LION
319,2005-08-28,910.4625,1112.131851544103,-157.93373971086436,-43.73561183323869,51.69523687564392,24.39452190696035,54.964293227864346,20.641184865175312,False,-0.334587054816685,GULF_OF_LION
320,2005-09-04,948.0571428571428,1109.031970675346,-280.78172995742204,119.80690213921888,51.69523687564392,24.39452190696035,54.964293227864346,20.641184865175312,False,-0.334587054816685,GULF_OF_LION
321,2005-09-12,910.4625,1107.2438325885294,-323.3628626051858,126.58153001665642,51.69523687564392,24.39452190696035,54.964293227864346,20.641184865175312,False,-0.334587054816685,GULF_OF_LION
322,2005-09-20,794.6125,1106.8090633276215,-388.9996976768605,76.80313434923875,51.69523687564392,24.39452190696035,54.964293227864346,20.641184865175312,False,-0.334587054816685,GULF_OF_LION
323,2005-09-28,794.6125,1107.750412375592,-360.9478955323984,47.809983156806254,51.69523687564392,24.39452190696035,54.964293227864346,20.641184865175312,False,-0.334587054816685,GULF_OF_LION
324,2005-10-04,780.9833333333332,1110.0731058428908,-355.7857889670769,26.696016457519363,51.69523687564392,24.39452190696035,54.964293227864346,20.641184865175312,False,-0.334587054816685,GULF_OF_LION
325,2005-10-12,955.3,1113.768600136012,-177.25138867029014,18.78278853427824,51.69523687564392,24.39452190696035,54.964293227864346,20.641184865175312,False,-0.334587054816685,GULF_OF_LION
326,2005-10-20,860.6857142857143,1118.8160129927974,-122.28391828859095,-135.8463804184921,51.69523687564392,24.39452190696035,54.964293227864346,20.641184865175312,False,-0.334587054816685,GULF_OF_LION
327,2005-10-28,955.3,1125.194491487738,323.534323616047,-493.4288151037852,51.69523687564392,24.39452190696035,54.964293227864346,20.641184865175312,False,-0.334587054816685,GULF_OF_LION
328,2005-11-04,1008.05,1132.8919128051134,229.04524078135373,-353.8871535864672,51.69523687564392,24.39452190696035,54.964293227864346,20.641184865175312,False,-0.334587054816685,GULF_OF_LION
329,2005-11-12,1008.05,1141.9050487275902,-209.3580406904906,75.50299196290041,51.69523687564392,24.39452190696035,54.964293227864346,20.641184865175312,False,-0.334587054816685,GULF_OF_LION
330,2005-11-20,841.6125,1152.2028659932175,-188.7156431925289,-121.87472280068867,51.69523687564392,24.39452190696035,54.964293227864346,20.641184865175312,False,-0.334587054816685,GULF_OF_LION
331,2005-11-28,841.6125,1163.7059627680164,-151.9363523691079,-170.15711039890857,51.69523687564392,24.39452190696035,54.964293227864346,20.641184865175312,False,-0.334587054816685,GULF_OF_LION
332,2005-12-04,940.5,1176.3193265919176,-98.61555260015191,-137.2037739917657,51.69523687564392,24.39452190696035,54.964293227864346,20.641184865175312,False,-0.334587054816685,GULF_OF_LION
333,2005-12-12,940.5,1189.9418013282311,-28.839487011248067,-220.60231431698304,51.69523687564392,24.39452190696035,54.964293227864346,20.641184865175312,False,-0.334587054816685,GULF_OF_LION
334,2005-12-20,629.875,1204.4685744321637,-327.24949095378,-247.34408347838345,51.69523687564392,24.39452190696035,54.964293227864346,20.641184865175312,False,-0.334587054816685,GULF_OF_LION
335,2005-12-28,629.875,1219.7997758574652,-339.5419912396409,-250.3827846178243,51.69523687564392,24.39452190696035,54.964293227864346,20.641184865175312,False,-0.334587054816685,GULF_OF_LION
336,2006-01-04,864.6,1235.8287033678498,-222.69318232438147,-148.53552104346832,51.69523687564392,24.39452190696035,54.964293227864346,20.641184865175312,False,-0.334587054816685,GULF_OF_LION
337,2006-01-12,1161.775,1252.4362688213844,-24.72620912558793,-65.93505969579635,51.69523687564392,24.39452190696035,54.964293227864346,20.641184865175312,False,-0.334587054816685,GULF_OF_LION
338,2006-01-20,1161.775,1269.4905567025412,24.949860095607168,-132.66541679814827,51.69523687564392,24.39452190696035,54.964293227864346,20.641184865175312,False,-0.334587054816685,GULF_OF_LION
339,2006-01-28,1161.775,1286.8476602726423,-16.68208137392835,-108.3905788987141,51.69523687564392,24.39452190696035,54.964293227864346,20.641184865175312,False,-0.334587054816685,GULF_OF_LION
340,2006-02-04,1032.7125,1304.3610863530632,-27.063794456550287,-244.58479189651283,51.69523687564392,24.39452190696035,54.964293227864346,20.641184865175312,False,-0.334587054816685,GULF_OF_LION
341,2006-02-12,1032.7125,1321.882592786175,52.26213684315786,-341.4322296293329,51.69523687564392,24.39452190696035,54.964293227864346,20.641184865175312,False,-0.334587054816685,GULF_OF_LION
342,2006-02-20,1608.5,1339.2592673504157,332.3758382115663,-63.135105561982016,51.69523687564392,24.39452190696035,54.964293227864346,20.641184865175312,False,-0.334587054816685,GULF_OF_LION
343,2006-02-28,1771.25,1356.3281091070394,277.4898168097345,137.4320740832261,51.69523687564392,24.39452190696035,54.964293227864346,20.641184865175312,False,-0.334587054816685,GULF_OF_LION
344,2006-03-04,1771.25,1372.914512421979,330.69024568712666,67.64524189089434,51.69523687564392,24.39452190696035,54.964293227864346,20.641184865175312,False,-0.334587054816685,GULF_OF_LION
345,2006-03-12,2410.75,1388.8324677769283,646.1953064333618,375.7222257897097,51.69523687564392,24.39452190696035,54.964293227864346,20.641184865175312,False,-0.334587054816685,GULF_OF_LION
346,2006-03-20,2931.125,1403.909535942798,861.5855650250362,665.6298990321657,51.69523687564392,24.39452190696035,54.964293227864346,20.641184865175312,False,-0.334587054816685,GULF_OF_LION
347,2006-03-28,3029.285714285714,1418.0143111484626,856.6760323021072,754.5953708351444,51.69523687564392,24.39452190696035,54.964293227864346,20.641184865175312,False,-0.334587054816685,GULF_OF_LION
348,2006-04-04,3576.75,1431.066048024102,1118.961982805238,1026.7219691706598,51.69523687564392,24.39452190696035,54.964293227864346,20.641184865175312,False,-0.334587054816685,GULF_OF_LION
349,2006-04-12,3576.75,1443.0356732529658,1163.729215969979,969.9851107770556,51.69523687564392,24.39452190696035,54.964293227864346,20.641184865175312,False,-0.334587054816685,GULF_OF_LION
350,2006-04-20,2310.625,1453.9545510666237,807.6116058140605,49.05884311931584,51.69523687564392,24.39452190696035,54.964293227864346,20.641184865175312,False,-0.334587054816685,GULF_OF_LION
351,2006-04-28,1494.3333333333333,1463.903404207442,404.94438042935616,-374.5144513034649,51.69523687564392,24.39452190696035,54.964293227864346,20.641184865175312,False,-0.334587054816685,GULF_OF_LION
352,2006-05-04,1494.3333333333333,1472.9873247452845,106.74727729674863,-85.40126870869985,51.69523687564392,24.39452190696035,54.964293227864346,20.641184865175312,False,-0.334587054816685,GULF_OF_LION
353,2006-05-12,2062.375,1481.2851025935215,285.07280181899165,296.01709558748684,51.69523687564392,24.39452190696035,54.964293227864346,20.641184865175312,False,-0.334587054816685,GULF_OF_LION
354,2006-05-20,2062.375,1488.835509281221,343.3934643186852,230.14602640009383,51.69523687564392,24.39452190696035,54.964293227864346,20.641184865175312,False,-0.334587054816685,GULF_OF_LION
355,2006-05-28,1510.857142857143,1495.6548011585137,132.4773339016579,-117.27499220302867,51.69523687564392,24.39452190696035,54.964293227864346,20.641184865175312,False,-0.334587054816685,GULF_OF_LION
356,2006-06-04,1226.375,1501.7566370209518,-59.9834446974326,-215.39819232351917,51.69523687564392,24.39452190696035,54.964293227864346,20.641184865175312,False,-0.334587054816685,GULF_OF_LION
357,2006-06-12,1120.925,1507.1477044446874,-118.13663864168971,-268.0860658029977,51.69523687564392,24.39452190696035,54.964293227864346,20.641184865175312,False,-0.334587054816685,GULF_OF_LION
358,2006-06-20,1120.925,1511.8207739470445,-120.92895676023127,-269.9668171868132,51.69523687564392,24.39452190696035,54.964293227864346,20.641184865175312,False,-0.334587054816685,GULF_OF_LION
359,2006-06-28,1120.925,1515.7570790357668,-128.98640056200517,-265.8456784737616,51.69523687564392,24.39452190696035,54.964293227864346,20.641184865175312,False,-0.334587054816685,GULF_OF_LION
360,2006-07-04,1042.7875,1518.9302781169624,-202.7273690726773,-273.4154090442852,51.69523687564392,24.39452190696035,54.964293227864346,20.641184865175312,False,-0.334587054816685,GULF_OF_LION
361,2006-07-12,857.775,1521.309283023189,-325.2465684748767,-338.2877145483123,51.69523687564392,24.39452190696035,54.964293227864346,20.641184865175312,False,-0.334587054816685,GULF_OF_LION
362,2006-07-20,857.775,1522.860921290942,-476.5271398063825,-188.5587814845594,51.69523687564392,24.39452190696035,54.964293227864346,20.641184865175312,False,-0.334587054816685,GULF_OF_LION
363,2006-07-28,867.1714285714286,1523.5632197264358,-525.5630532663458,-130.8287378886614,51.69523687564392,24.39452190696035,54.964293227864346,20.641184865175312,False,-0.334587054816685,GULF_OF_LION
364,2006-08-04,867.1714285714286,1523.4081552343666,-557.768319216171,-98.46840744676706,51.69523687564392,24.39452190696035,54.964293227864346,20.641184865175312,False,-0.334587054816685,GULF_OF_LION
365,2006-08-12,893.3625,1522.401575773894,-501.4976854011756,-127.54139037271835,51.69523687564392,24.39452190696035,54.964293227864346,20.641184865175312,False,-0.334587054816685,GULF_OF_LION
366,2006-08-20,1010.3857142857142,1520.561666018179,-362.9542641033877,-147.2216876290771,51.69523687564392,24.39452190696035,54.964293227864346,20.641184865175312,False,-0.334587054816685,GULF_OF_LION
367,2006-08-28,1010.3857142857142,1517.9231234827755,-414.5514937070352,-92.98591549002634,51.69523687564392,24.39452190696035,54.964293227864346,20.641184865175312,False,-0.334587054816685,GULF_OF_LION
368,2006-09-04,977.2875,1514.5455065726294,-423.2427231117491,-114.01528346088026,51.69523687564392,24.39452190696035,54.964293227864346,20.641184865175312,False,-0.334587054816685,GULF_OF_LION
369,2006-09-12,977.2875,1510.52085003506,-461.7284443364695,-71.50490569859045,51.69523687564392,24.39452190696035,54.964293227864346,20.641184865175312,False,-0.334587054816685,GULF_OF_LION
370,2006-09-20,1061.6125,1505.967852496448,-443.8383221388422,-0.5170303576059609,51.69523687564392,24.39452190696035,54.964293227864346,20.641184865175312,False,-0.334587054816685,GULF_OF_LION
371,2006-09-28,1230.3833333333334,1501.0162888897903,-350.56857632353626,79.93562076707917,51.69523687564392,24.39452190696035,54.964293227864346,20.641184865175312,False,-0.334587054816685,GULF_OF_LION
372,2006-10-04,1305.125,1495.793741886983,-306.47721049854454,115.80846861156148,51.69523687564392,24.39452190696035,54.964293227864346,20.641184865175312,False,-0.334587054816685,GULF_OF_LION
373,2006-10-12,1618.125,1490.422640095261,-124.40990771925026,252.1122676239893,51.69523687564392,24.39452190696035,54.964293227864346,20.641184865175312,False,-0.334587054816685,GULF_OF_LION
374,2006-10-20,1401.8714285714286,1485.021093818564,-287.67331019725043,204.5236449501151,51.69523687564392,24.39452190696035,54.964293227864346,20.641184865175312,False,-0.334587054816685,GULF_OF_LION
375,2006-10-28,1401.8714285714286,1479.703478382114,-260.5076009592294,182.67555114854397,51.69523687564392,24.39452190696035,54.964293227864346,20.641184865175312,False,-0.334587054816685,GULF_OF_LION
376,2006-11-04,896.5125,1474.5746499932657,-484.8308814245844,-93.23126856868124,51.69523687564392,24.39452190696035,54.964293227864346,20.641184865175312,False,-0.334587054816685,GULF_OF_LION
377,2006-11-12,896.5125,1469.7233942852758,-462.1181774251783,-111.09271686009754,51.69523687564392,24.39452190696035,54.964293227864346,20.641184865175312,False,-0.334587054816685,GULF_OF_LION
378,2006-11-20,1609.1666666666667,1465.23444961453,47.79653387882802,96.13568317330856,51.69523687564392,24.39452190696035,54.964293227864346,20.641184865175312,False,-0.334587054816685,GULF_OF_LION
379,2006-11-28,1793.125,1461.175733866122,178.2821902101815,153.66707592369642,51.69523687564392,24.39452190696035,54.964293227864346,20.641184865175312,False,-0.334587054816685,GULF_OF_LION
380,2006-12-04,1793.125,1457.5808981028324,283.02567409917293,52.51842779799466,51.69523687564392,24.39452190696035,54.964293227864346,20.641184865175312,False,-0.334587054816685,GULF_OF_LION
381,2006-12-12,1793.125,1454.452211286533,174.5914010338856,164.08138767958147,51.69523687564392,24.39452190696035,54.964293227864346,20.641184865175312,False,-0.334587054816685,GULF_OF_LION
382,2006-12-20,1257.2125,1451.7749755470682,-243.84291768384404,49.28044213677597,51.69523687564392,24.39452190696035,54.964293227864346,20.641184865175312,False,-0.334587054816685,GULF_OF_LION
383,2006-12-28,1257.2125,1449.516542417968,-255.12991230805105,62.825869890083226,51.69523687564392,24.39452190696035,54.964293227864346,20.641184865175312,False,-0.334587054816685,GULF_OF_LION
384,2007-01-04,1444.7,1447.6317914565443,-43.82379399730187,40.89200254075738,51.69523687564392,24.39452190696035,54.964293227864346,20.641184865175312,False,-0.334587054816685,GULF_OF_LION
385,2007-01-12,1695.75,1446.0606581923137,297.74178229003,-48.05244048234368,51.69523687564392,24.39452190696035,54.964293227864346,20.641184865175312,False,-0.334587054816685,GULF_OF_LION
386,2007-01-20,1695.75,1444.7265416930218,287.62872534829955,-36.605267041321326,51.69523687564392,24.39452190696035,54.964293227864346,20.641184865175312,False,-0.334587054816685,GULF_OF_LION
387,2007-01-28,1569.142857142857,1443.5410875364616,31.87777466604012,93.72399494035534,51.69523687564392,24.39452190696035,54.964293227864346,20.641184865175312,False,-0.334587054816685,GULF_OF_LION
388,2007-02-04,1569.142857142857,1442.4252763009756,-42.18873542925196,168.90631627113345,51.69523687564392,24.39452190696035,54.964293227864346,20.641184865175312,False,-0.334587054816685,GULF_OF_LION
389,2007-02-12,1926.25,1441.3254143485583,84.40480178671987,400.5197838647218,51.69523687564392,24.39452190696035,54.964293227864346,20.641184865175312,False,-0.334587054816685,GULF_OF_LION
390,2007-02-20,1926.25,1440.2156531810265,169.01851636797755,317.0158304509962,51.69523687564392,24.39452190696035,54.964293227864346,20.641184865175312,False,-0.334587054816685,GULF_OF_LION
391,2007-02-28,1926.25,1439.092583092539,204.7622263534872,282.39519055397386,51.69523687564392,24.39452190696035,54.964293227864346,20.641184865175312,False,-0.334587054816685,GULF_OF_LION
392,2007-03-04,2318.625,1437.9822111860503,433.85293092039393,446.7898578935557,51.69523687564392,24.39452190696035,54.964293227864346,20.641184865175312,False,-0.334587054816685,GULF_OF_LION
393,2007-03-12,2318.625,1436.933865527843,659.4920774412033,222.19905703095375,51.69523687564392,24.39452190696035,54.964293227864346,20.641184865175312,False,-0.334587054816685,GULF_OF_LION
394,2007-03-20,1620.0,1436.0088637320584,530.7203608771543,-346.7292246092128,51.69523687564392,24.39452190696035,54.964293227864346,20.641184865175312,False,-0.334587054816685,GULF_OF_LION
395,2007-03-28,1425.0,1435.2737198670245,453.06360525901215,-463.3373251260367,51.69523687564392,24.39452190696035,54.964293227864346,20.641184865175312,False,-0.334587054816685,GULF_OF_LION
396,2007-04-04,1327.225,1434.7931452972734,553.3487396585617,-660.9168849558353,51.69523687564392,24.39452190696035,54.964293227864346,20.641184865175312,False,-0.334587054816685,GULF_OF_LION
397,2007-04-12,1020.9375,1434.6199568529764,634.0579620814475,-1047.7404189344238,51.69523687564392,24.39452190696035,54.964293227864346,20.641184865175312,False,-0.334587054816685,GULF_OF_LION
398,2007-04-20,960.9,1434.7714796724192,286.89935755590653,-760.7708372283257,51.69523687564392,24.39452190696035,54.964293227864346,20.641184865175312,False,-0.334587054816685,GULF_OF_LION
399,2007-04-28,960.9,1435.218377346299,-82.22268293471572,-392.0956944115829,51.69523687564392,24.39452190696035,54.964293227864346,20.641184865175312,False,-0.334587054816685,GULF_OF_LION
400,2007-05-04,1111.2875,1435.8936589773834,-161.98455886227933,-162.6216001151042,51.69523687564392,24.39452190696035,54.964293227864346,20.641184865175312,False,-0.334587054816685,GULF_OF_LION
401,2007-05-12,1125.5,1436.7339326676667,-31.296406217085632,-279.9375264505811,51.69523687564392,24.39452190696035,54.964293227864346,20.641184865175312,False,-0.334587054816685,GULF_OF_LION
402,2007-05-20,1489.428571428571,1437.697597205258,144.32401156330369,-92.5930373399904,51.69523687564392,24.39452190696035,54.964293227864346,20.641184865175312,False,-0.334587054816685,GULF_OF_LION
403,2007-05-28,1810.25,1438.7589470559874,548.1154499824855,-176.62439703847292,51.69523687564392,24.39452190696035,54.964293227864346,20.641184865175312,False,-0.334587054816685,GULF_OF_LION
404,2007-06-04,1955.625,1439.86323261195,542.5923923157941,-26.83062492774411,51.69523687564392,24.39452190696035,54.964293227864346,20.641184865175312,False,-0.334587054816685,GULF_OF_LION
405,2007-06-12,2066.25,1440.9325918307086,513.9138908181858,111.40351735110562,51.69523687564392,24.39452190696035,54.964293227864346,20.641184865175312,False,-0.334587054816685,GULF_OF_LION
406,2007-06-20,2066.25,1441.8861735386226,312.8431578374236,311.5206686239538,51.69523687564392,24.39452190696035,54.964293227864346,20.641184865175312,False,-0.334587054816685,GULF_OF_LION
407,2007-06-28,2039.5,1442.6593480935464,172.1097325793068,424.7309193271468,51.69523687564392,24.39452190696035,54.964293227864346,20.641184865175312,False,-0.334587054816685,GULF_OF_LION
408,2007-07-04,2039.5,1443.2096202291705,124.50513127153528,471.7852484992943,51.69523687564392,24.39452190696035,54.964293227864346,20.641184865175312,False,-0.334587054816685,GULF_OF_LION
409,2007-07-12,2039.5,1443.5142675418438,50.19143989606205,545.7942925620941,51.69523687564392,24.39452190696035,54.964293227864346,20.641184865175312,False,-0.334587054816685,GULF_OF_LION
410,2007-07-20,1454.75,1443.5687559207386,-343.44384835522743,354.62509243448886,51.69523687564392,24.39452190696035,54.964293227864346,20.641184865175312,False,-0.334587054816685,GULF_OF_LION
411,2007-07-28,1248.0,1443.384827151615,-502.3681412868273,306.98331413521265,51.69523687564392,24.39452190696035,54.964293227864346,20.641184865175312,False,-0.334587054816685,GULF_OF_LION
412,2007-08-04,1248.0,1442.9932541029857,-510.84968598833456,315.8564318853491,51.69523687564392,24.39452190696035,54.964293227864346,20.641184865175312,False,-0.334587054816685,GULF_OF_LION
413,2007-08-12,1415.25,1442.435321501843,-390.9804315805752,363.7951100787322,51.69523687564392,24.39452190696035,54.964293227864346,20.641184865175312,False,-0.334587054816685,GULF_OF_LION
414,2007-08-20,1415.25,1441.756934246779,-363.8681657136588,337.36123146687964,51.69523687564392,24.39452190696035,54.964293227864346,20.641184865175312,False,-0.334587054816685,GULF_OF_LION
415,2007-08-28,1055.6285714285714,1441.0058244298273,-538.9388016145614,153.5615486133055,51.69523687564392,24.39452190696035,54.964293227864346,20.641184865175312,False,-0.334587054816685,GULF_OF_LION
416,2007-09-04,1044.15,1440.2288349886103,-301.5374576119558,-94.54137737665462,51.69523687564392,24.39452190696035,54.964293227864346,20.641184865175312,False,-0.334587054816685,GULF_OF_LION
417,2007-09-12,926.5,1439.45713389733,-351.9315417478986,-161.02559214943125,51.69523687564392,24.39452190696035,54.964293227864346,20.641184865175312,False,-0.334587054816685,GULF_OF_LION
418,2007-09-20,926.5,1438.7108023789124,-395.6653814097807,-116.54542096913168,51.69523687564392,24.39452190696035,54.964293227864346,20.641184865175312,False,-0.334587054816685,GULF_OF_LION
419,2007-09-28,926.5,1438.0120510411473,-547.3148200547437,35.80276901359639,51.69523687564392,24.39452190696035,54.964293227864346,20.641184865175312,False,-0.334587054816685,GULF_OF_LION
420,2007-10-04,922.175,1437.4013520846038,-536.4469080337726,21.220555949168784,51.69523687564392,24.39452190696035,54.964293227864346,20.641184865175312,False,-0.334587054816685,GULF_OF_LION
421,2007-10-12,800.5125,1436.934373127409,-513.1051601086972,-123.31671301871164,51.69523687564392,24.39452190696035,54.964293227864346,20.641184865175312,False,-0.334587054816685,GULF_OF_LION
422,2007-10-20,627.5714285714286,1436.676419426217,-494.408877148073,-314.6961137067155,51.69523687564392,24.39452190696035,54.964293227864346,20.641184865175312,False,-0.334587054816685,GULF_OF_LION
423,2007-10-28,597.8375,1436.687580563202,-444.7527670162197,-394.0973135469823,51.69523687564392,24.39452190696035,54.964293227864346,20.641184865175312,False,-0.334587054816685,GULF_OF_LION
424,2007-11-04,627.5714285714286,1437.0148010229902,-555.9414564970415,-253.5019159545202,51.69523687564392,24.39452190696035,54.964293227864346,20.641184865175312,False,-0.334587054816685,GULF_OF_LION
425,2007-11-12,697.3375,1437.6961974122432,-517.2254097432466,-223.13328766899667,51.69523687564392,24.39452190696035,54.964293227864346,20.641184865175312,False,-0.334587054816685,GULF_OF_LION
426,2007-11-20,1462.3375,1438.762890351962,-0.6382803088869426,24.21288995692512,51.69523687564392,24.39452190696035,54.964293227864346,20.641184865175312,False,-0.334587054816685,GULF_OF_LION
427,2007-11-28,1632.9,1440.2620530819568,133.55479223508743,59.08315468295589,51.69523687564392,24.39452190696035,54.964293227864346,20.641184865175312,False,-0.334587054816685,GULF_OF_LION
428,2007-12-04,2004.5,1442.263190520781,345.82633475120923,216.4104747280097,51.69523687564392,24.39452190696035,54.964293227864346,20.641184865175312,False,-0.334587054816685,GULF_OF_LION
429,2007-12-12,1632.9,1444.8508579272825,220.05711532190577,-32.00797324918818,51.69523687564392,24.39452190696035,54.964293227864346,20.641184865175312,False,-0.334587054816685,GULF_OF_LION
430,2007-12-20,1398.525,1448.1091563903922,-30.3499137007206,-19.234242689671483,51.69523687564392,24.39452190696035,54.964293227864346,20.641184865175312,False,-0.334587054816685,GULF_OF_LION
431,2007-12-28,1398.525,1452.1215062901604,-25.962042224056265,-27.634464066104016,51.69523687564392,24.39452190696035,54.964293227864346,20.641184865175312,False,-0.334587054816685,GULF_OF_LION
432,2008-01-04,1676.7,1456.9755247159355,57.41542539083276,162.30904989323176,51.69523687564392,24.39452190696035,54.964293227864346,20.641184865175312,False,-0.334587054816685,GULF_OF_LION
433,2008-01-12,2291.0,1462.7718054677132,437.0360052080849,391.1921893242019,51.69523687564392,24.39452190696035,54.964293227864346,20.641184865175312,False,-0.334587054816685,GULF_OF_LION
434,2008-01-20,2291.0,1469.613089175784,441.7335300283629,379.65338079585297,51.69523687564392,24.39452190696035,54.964293227864346,20.641184865175312,False,-0.334587054816685,GULF_OF_LION
435,2008-01-28,1548.125,1477.5967145264233,201.29536245852253,-130.76707698494582,51.69523687564392,24.39452190696035,54.964293227864346,20.641184865175312,False,-0.334587054816685,GULF_OF_LION
436,2008-02-04,1405.571428571429,1486.7973054422182,424.8559116136428,-506.0817884844323,51.69523687564392,24.39452190696035,54.964293227864346,20.641184865175312,False,-0.334587054816685,GULF_OF_LION
437,2008-02-12,1227.5,1497.2488906115884,429.07334902023615,-698.8222396318246,51.69523687564392,24.39452190696035,54.964293227864346,20.641184865175312,False,-0.334587054816685,GULF_OF_LION
438,2008-02-20,1019.12,1508.950584925078,-22.01630855736088,-467.8142763677169,51.69523687564392,24.39452190696035,54.964293227864346,20.641184865175312,False,-0.334587054816685,GULF_OF_LION
439,2008-02-28,1019.12,1521.8987164955156,-52.44422931949576,-450.3344871760197,51.69523687564392,24.39452190696035,54.964293227864346,20.641184865175312,False,-0.334587054816685,GULF_OF_LION
440,2008-03-04,1175.75,1536.0728230131308,122.65553777734942,-482.9783607904802,51.69523687564392,24.39452190696035,54.964293227864346,20.641184865175312,False,-0.334587054816685,GULF_OF_LION
441,2008-03-12,1473.375,1551.431202039587,266.678076113464,-344.7342781530513,51.69523687564392,24.39452190696035,54.964293227864346,20.641184865175312,False,-0.334587054816685,GULF_OF_LION
442,2008-03-20,1866.5,1567.8941686769344,264.5032052624457,34.102626060619855,51.69523687564392,24.39452190696035,54.964293227864346,20.641184865175312,False,-0.334587054816685,GULF_OF_LION
443,2008-03-28,1866.5,1585.33480402157,214.58679361446892,66.57840236396095,51.69523687564392,24.39452190696035,54.964293227864346,20.641184865175312,False,-0.334587054816685,GULF_OF_LION
444,2008-04-04,1923.4285714285716,1603.5869276382014,244.5341420890493,75.30750170132066,51.69523687564392,24.39452190696035,54.964293227864346,20.641184865175312,False,-0.334587054816685,GULF_OF_LION
445,2008-04-12,2859.25,1622.4599581831535,637.8939394710611,598.8961023457852,51.69523687564392,24.39452190696035,54.964293227864346,20.641184865175312,False,-0.334587054816685,GULF_OF_LION
446,2008-04-20,2859.25,1641.7467652111502,618.5171075516334,598.9861272372164,51.69523687564392,24.39452190696035,54.964293227864346,20.641184865175312,False,-0.334587054816685,GULF_OF_LION
447,2008-04-28,2211.333333333333,1661.2274963486434,286.31066945969206,263.795167524998,51.69523687564392,24.39452190696035,54.964293227864346,20.641184865175312,False,-0.334587054816685,GULF_OF_LION
448,2008-05-04,1610.5,1680.6890251339803,-89.41682927524579,19.22780414126549,51.69523687564392,24.39452190696035,54.964293227864346,20.641184865175312,False,-0.334587054816685,GULF_OF_LION
449,2008-05-12,1561.5,1699.930149112478,-148.6233564849553,10.193207372477389,51.69523687564392,24.39452190696035,54.964293227864346,20.641184865175312,False,-0.334587054816685,GULF_OF_LION
450,2008-05-20,1561.5,1718.7573836764911,-37.46679377915304,-119.79058989733812,51.69523687564392,24.39452190696035,54.964293227864346,20.641184865175312,False,-0.334587054816685,GULF_OF_LION
451,2008-05-28,3111.5714285714284,1736.9792535578906,788.9364770541694,585.6556979593685,51.69523687564392,24.39452190696035,54.964293227864346,20.641184865175312,False,-0.334587054816685,GULF_OF_LION
452,2008-06-04,3111.5714285714284,1754.4332434825938,835.7318060409838,521.4063790478509,51.69523687564392,24.39452190696035,54.964293227864346,20.641184865175312,False,-0.334587054816685,GULF_OF_LION
453,2008-06-12,2911.375,1770.9819026096811,747.926590274687,392.4665071156319,51.69523687564392,24.39452190696035,54.964293227864346,20.641184865175312,False,-0.334587054816685,GULF_OF_LION
454,2008-06-20,2141.5,1786.5184546114767,348.2007075603454,6.78083782817788,51.69523687564392,24.39452190696035,54.964293227864346,20.641184865175312,False,-0.334587054816685,GULF_OF_LION
455,2008-06-28,1671.6666666666667,1800.957058088754,37.479642531105085,-166.77003395319224,51.69523687564392,24.39452190696035,54.964293227864346,20.641184865175312,False,-0.334587054816685,GULF_OF_LION
456,2008-07-04,1591.625,1814.226763607302,-24.229029305628245,-198.37273430167377,51.69523687564392,24.39452190696035,54.964293227864346,20.641184865175312,False,-0.334587054816685,GULF_OF_LION
457,2008-07-12,1505.0,1826.2660391230984,-73.57352509410974,-247.69251402898863,51.69523687564392,24.39452190696035,54.964293227864346,20.641184865175312,False,-0.334587054816685,GULF_OF_LION
458,2008-07-20,1124.875,1837.0176615041,-447.1591765783871,-264.98348492571296,51.69523687564392,24.39452190696035,54.964293227864346,20.641184865175312,False,-0.334587054816685,GULF_OF_LION
459,2008-07-28,916.7375,1846.4238775537165,-618.4175290971424,-311.2688484565741,51.69523687564392,24.39452190696035,54.964293227864346,20.641184865175312,False,-0.334587054816685,GULF_OF_LION
460,2008-08-04,916.7375,1854.422346054146,-647.6665029917444,-290.0183430624017,51.69523687564392,24.39452190696035,54.964293227864346,20.641184865175312,False,-0.334587054816685,GULF_OF_LION
461,2008-08-12,1074.15,1860.955378950537,-544.1567260996857,-242.64865285085116,51.69523687564392,24.39452190696035,54.964293227864346,20.641184865175312,False,-0.334587054816685,GULF_OF_LION
462,2008-08-20,1074.15,1865.9747700266205,-556.8689423855244,-234.95582764109577,51.69523687564392,24.39452190696035,54.964293227864346,20.641184865175312,False,-0.334587054816685,GULF_OF_LION
463,2008-08-28,1074.15,1869.440393463674,-658.3813043217069,-136.9090891419669,51.69523687564392,24.39452190696035,54.964293227864346,20.641184865175312,False,-0.334587054816685,GULF_OF_LION
464,2008-09-04,2053.6875,1871.3171690199536,-180.2339929161965,362.6043238962428,51.69523687564392,24.39452190696035,54.964293227864346,20.641184865175312,False,-0.334587054816685,GULF_OF_LION
465,2008-09-12,2053.6875,1871.5792572045127,-212.3490512394318,394.4572940349186,51.69523687564392,24.39452190696035,54.964293227864346,20.641184865175312,False,-0.334587054816685,GULF_OF_LION
466,2008-09-20,1760.75,1870.211011394624,-364.0538165428896,254.59280514826537,51.69523687564392,24.39452190696035,54.964293227864346,20.641184865175312,False,-0.334587054816685,GULF_OF_LION
467,2008-09-28,956.4,1867.211036538524,-795.8268607566174,-114.98417578190616,51.69523687564392,24.39452190696035,54.964293227864346,20.641184865175312,False,-0.334587054816685,GULF_OF_LION
468,2008-10-04,901.4,1862.588257157149,-838.2425100495783,-122.9457471075707,51.69523687564392,24.39452190696035,54.964293227864346,20.641184865175312,False,-0.334587054816685,GULF_OF_LION
469,2008-10-12,901.4,1856.3615700690536,-862.0868220578775,-92.87474801117617,51.69523687564392,24.39452190696035,54.964293227864346,20.641184865175312,False,-0.334587054816685,GULF_OF_LION
470,2008-10-20,1540.2375,1848.552539668035,-562.2002646736124,253.88522500557733,51.69523687564392,24.39452190696035,54.964293227864346,20.641184865175312,False,-0.334587054816685,GULF_OF_LION
471,2008-10-28,1814.7142857142856,1839.1893371989663,-392.4216410970503,367.9465896123697,51.69523687564392,24.39452190696035,54.964293227864346,20.641184865175312,False,-0.334587054816685,GULF_OF_LION
472,2008-11-04,1821.0,1828.315155921797,-351.6688008791802,344.3536449573832,51.69523687564392,24.39452190696035,54.964293227864346,20.641184865175312,False,-0.334587054816685,GULF_OF_LION
473,2008-11-12,1821.0,1815.996101867397,-333.5127131726588,338.51661130526145,51.69523687564392,24.39452190696035,54.964293227864346,20.641184865175312,False,-0.334587054816685,GULF_OF_LION
474,2008-11-20,1618.5,1802.3273420051707,-241.53482434819972,57.707482343029,51.69523687564392,24.39452190696035,54.964293227864346,20.641184865175312,False,-0.334587054816685,GULF_OF_LION
475,2008-11-28,1618.5,1787.425834181822,-75.32559101993633,-93.60024316188566,51.69523687564392,24.39452190696035,54.964293227864346,20.641184865175312,False,-0.334587054816685,GULF_OF_LION
476,2008-12-04,1732.125,1771.425238848568,165.09677751266025,-204.39701636122817,51.69523687564392,24.39452190696035,54.964293227864346,20.641184865175312,False,-0.334587054816685,GULF_OF_LION
477,2008-12-12,1979.625,1754.4619990078288,207.7798571364275,17.383143855743697,51.69523687564392,24.39452190696035,54.964293227864346,20.641184865175312,False,-0.334587054816685,GULF_OF_LION
478,2008-12-20,1979.625,1736.6839408108872,158.88088568024642,84.0601735088664,51.69523687564392,24.39452190696035,54.964293227864346,20.641184865175312,False,-0.334587054816685,GULF_OF_LION
479,2008-12-28,1979.625,1718.2385137479764,492.6841902552598,-231.29770400323625,51.69523687564392,24.39452190696035,54.964293227864346,20.641184865175312,False,-0.334587054816685,GULF_OF_LION
480,2009-01-04,1545.428571428571,1699.2547842924664,353.81031165750665,-507.6365245214017,51.69523687564392,24.39452190696035,54.964293227864346,20.641184865175312,False,-0.334587054816685,GULF_OF_LION
481,2009-01-12,1562.325,1679.843026981894,314.91886871209687,-432.4368956939907,51.69523687564392,24.39452190696035,54.964293227864346,20.641184865175312,False,-0.334587054816685,GULF_OF_LION
482,2009-01-20,1562.325,1660.1061622349307,255.91139237037345,-353.6925546053041,51.69523687564392,24.39452190696035,54.964293227864346,20.641184865175312,False,-0.334587054816685,GULF_OF_LION
483,2009-01-28,2195.8571428571427,1640.1371965797996,393.3075997517453,162.41234652559774,51.69523687564392,24.39452190696035,54.964293227864346,20.641184865175312,False,-0.334587054816685,GULF_OF_LION
484,2009-02-04,3358.625,1620.0050050455775,943.9141193287392,794.7058756256831,51.69523687564392,24.39452190696035,54.964293227864346,20.641184865175312,False,-0.334587054816685,GULF_OF_LION
485,2009-02-12,3358.625,1599.7541860356152,972.6635912591424,786.2072227052424,51.69523687564392,24.39452190696035,54.964293227864346,20.641184865175312,False,-0.334587054816685,GULF_OF_LION
486,2009-02-20,1955.375,1579.4134060645551,395.3407283930615,-19.379134457616654,51.69523687564392,24.39452190696035,54.964293227864346,20.641184865175312,False,-0.334587054816685,GULF_OF_LION
487,2009-02-28,1822.5,1558.987278838559,339.9421490479275,-76.42942788648645,51.69523687564392,24.39452190696035,54.964293227864346,20.641184865175312,False,-0.334587054816685,GULF_OF_LION
488,2009-03-04,1822.5,1538.4768051925228,384.83401001654863,-100.8108152090714,51.69523687564392,24.39452190696035,54.964293227864346,20.641184865175312,False,-0.334587054816685,GULF_OF_LION
489,2009-03-12,1822.5,1517.88381181993,129.8024632364529,174.81372494361727,51.69523687564392,24.39452190696035,54.964293227864346,20.641184865175312,False,-0.334587054816685,GULF_OF_LION
490,2009-03-20,1744.375,1497.2460238738406,195.98375430224505,51.14522182391437,51.69523687564392,24.39452190696035,54.964293227864346,20.641184865175312,False,-0.334587054816685,GULF_OF_LION
491,2009-03-28,1744.375,1476.6404565769112,442.9315977205232,-175.19705429743436,51.69523687564392,24.39452190696035,54.964293227864346,20.641184865175312,False,-0.334587054816685,GULF_OF_LION
492,2009-04-04,1841.625,1456.1631462532032,508.98400521769423,-123.52215147089744,51.69523687564392,24.39452190696035,54.964293227864346,20.641184865175312,False,-0.334587054816685,GULF_OF_LION
493,2009-04-12,1841.625,1435.9217435922296,634.5121754627638,-228.80891905499345,51.69523687564392,24.39452190696035,54.964293227864346,20.641184865175312,False,-0.334587054816685,GULF_OF_LION
494,2009-04-20,1827.5,1416.0435188775675,473.3729082423578,-61.91642711992557,51.69523687564392,24.39452190696035,54.964293227864346,20.641184865175312,False,-0.334587054816685,GULF_OF_LION
495,2009-04-28,1815.375,1396.6849212531542,308.7002795191601,109.98979922768564,51.69523687564392,24.39452190696035,54.964293227864346,20.641184865175312,False,-0.334587054816685,GULF_OF_LION
496,2009-05-04,1396.5,1378.0034132507851,-11.919439023688618,30.416025772903502,51.69523687564392,24.39452190696035,54.964293227864346,20.641184865175312,False,-0.334587054816685,GULF_OF_LION
497,2009-05-12,1282.375,1360.141428830627,-82.01002947951594,4.243600648888844,51.69523687564392,24.39452190696035,54.964293227864346,20.641184865175312,False,-0.334587054816685,GULF_OF_LION
498,2009-05-20,1384.142857142857,1343.233099675881,-43.67213255325344,84.58189002022952,51.69523687564392,24.39452190696035,54.964293227864346,20.641184865175312,False,-0.334587054816685,GULF_OF_LION
499,2009-05-28,1273.625,1327.4138934660164,288.16678715104814,-341.9556806170645,51.69523687564392,24.39452190696035,54.964293227864346,20.641184865175312,False,-0.334587054816685,GULF_OF_LION
500,2009-06-04,1321.875,1312.8195488582778,395.3564041645346,-386.3009530228125,51.69523687564392,24.39452190696035,54.964293227864346,20.641184865175312,False,-0.334587054816685,GULF_OF_LION
501,2009-06-12,1273.625,1299.5896667598172,356.00959239584137,-381.97425915565856,51.69523687564392,24.39452190696035,54.964293227864346,20.641184865175312,False,-0.334587054816685,GULF_OF_LION
502,2009-06-20,1241.75,1287.83355081205,139.6198705115149,-185.7034213235648,51.69523687564392,24.39452190696035,54.964293227864346,20.641184865175312,False,-0.334587054816685,GULF_OF_LION
503,2009-06-28,1013.6166666666668,1277.625565362131,-221.62615865161703,-42.38274004384735,51.69523687564392,24.39452190696035,54.964293227864346,20.641184865175312,False,-0.334587054816685,GULF_OF_LION
504,2009-07-04,978.725,1269.009968544491,-290.2305029977672,-0.0544655467234633,51.69523687564392,24.39452190696035,54.964293227864346,20.641184865175312,False,-0.334587054816685,GULF_OF_LION
505,2009-07-12,978.725,1262.011438125801,-357.70108227700206,74.414644151201,51.69523687564392,24.39452190696035,54.964293227864346,20.641184865175312,False,-0.334587054816685,GULF_OF_LION
506,2009-07-20,832.275,1256.642344277168,-615.3925083582066,191.0251640810384,51.69523687564392,24.39452190696035,54.964293227864346,20.641184865175312,False,-0.334587054816685,GULF_OF_LION
507,2009-07-28,785.1,1252.9085034037832,-704.52562712695,236.7171237231668,51.69523687564392,24.39452190696035,54.964293227864346,20.641184865175312,False,-0.334587054816685,GULF_OF_LION
508,2009-08-04,711.1625,1250.8094383520454,-751.8680467166253,212.2211083645799,51.69523687564392,24.39452190696035,54.964293227864346,20.641184865175312,False,-0.334587054816685,GULF_OF_LION
509,2009-08-12,699.5875,1250.3374116145571,-697.2227970642908,146.47288544973367,51.69523687564392,24.39452190696035,54.964293227864346,20.641184865175312,False,-0.334587054816685,GULF_OF_LION
510,2009-08-20,699.5875,1251.4795619616543,-696.728585541887,144.8365235802327,51.69523687564392,24.39452190696035,54.964293227864346,20.641184865175312,False,-0.334587054816685,GULF_OF_LION
511,2009-08-28,696.2875,1254.2201917023497,-658.1660028998093,100.23331119745968,51.69523687564392,24.39452190696035,54.964293227864346,20.641184865175312,False,-0.334587054816685,GULF_OF_LION
512,2009-09-04,696.2875,1258.5389892695607,-442.504781944666,-119.74670732489471,51.69523687564392,24.39452190696035,54.964293227864346,20.641184865175312,False,-0.334587054816685,GULF_OF_LION
513,2009-09-12,696.2875,1264.417361167953,-445.5551567269399,-122.57470444101308,51.69523687564392,24.39452190696035,54.964293227864346,20.641184865175312,False,-0.334587054816685,GULF_OF_LION
514,2009-09-20,670.025,1271.8388762157929,-542.3077373414458,-59.50613887434713,51.69523687564392,24.39452190696035,54.964293227864346,20.641184865175312,False,-0.334587054816685,GULF_OF_LION
515,2009-09-28,559.4625,1280.7691220528916,-829.3607893802096,108.05416732731794,51.69523687564392,24.39452190696035,54.964293227864346,20.641184865175312,False,-0.334587054816685,GULF_OF_LION
516,2009-10-04,524.1833333333334,1291.1514542557334,-873.2632067092871,106.29508578688716,51.69523687564392,24.39452190696035,54.964293227864346,20.641184865175312,False,-0.334587054816685,GULF_OF_LION
517,2009-10-12,559.4625,1302.9103061920705,-871.0043958041575,127.556589612087,51.69523687564392,24.39452190696035,54.964293227864346,20.641184865175312,False,-0.334587054816685,GULF_OF_LION
518,2009-10-20,644.7142857142857,1315.9695071135616,-658.218706893832,-13.03651450544396,51.69523687564392,24.39452190696035,54.964293227864346,20.641184865175312,False,-0.334587054816685,GULF_OF_LION
519,2009-10-28,794.3625,1330.2555916519766,-376.1142299062736,-159.778861745703,51.69523687564392,24.39452190696035,54.964293227864346,20.641184865175312,False,-0.334587054816685,GULF_OF_LION
520,2009-11-04,912.2,1345.6915447640006,-217.36267608106385,-216.1288686829367,51.69523687564392,24.39452190696035,54.964293227864346,20.641184865175312,False,-0.334587054816685,GULF_OF_LION
521,2009-11-12,912.2,1362.186636049971,-150.8504369126922,-299.1361991372787,51.69523687564392,24.39452190696035,54.964293227864346,20.641184865175312,False,-0.334587054816685,GULF_OF_LION
522,2009-11-20,912.2,1379.6262954753845,-197.66749488579975,-269.75880058958467,51.69523687564392,24.39452190696035,54.964293227864346,20.641184865175312,False,-0.334587054816685,GULF_OF_LION
523,2009-11-28,1373.8333333333333,1397.8679695003525,144.26874512337432,-168.30338129039333,51.69523687564392,24.39452190696035,54.964293227864346,20.641184865175312,False,-0.334587054816685,GULF_OF_LION
524,2009-12-04,1685.25,1416.738196750791,338.7235468587036,-70.2117436094947,51.69523687564392,24.39452190696035,54.964293227864346,20.641184865175312,False,-0.334587054816685,GULF_OF_LION
525,2009-12-12,1685.25,1436.050859349929,639.5066870758008,-390.3075464257297,51.69523687564392,24.39452190696035,54.964293227864346,20.641184865175312,False,-0.334587054816685,GULF_OF_LION
526,2009-12-20,1686.125,1455.6072148211963,657.1356752537267,-426.61789007492325,51.69523687564392,24.39452190696035,54.964293227864346,20.641184865175312,False,-0.334587054816685,GULF_OF_LION
527,2009-12-28,2988.875,1475.2074117265215,1297.8662654290624,215.80132284441584,51.69523687564392,24.39452190696035,54.964293227864346,20.641184865175312,False,-0.334587054816685,GULF_OF_LION
528,2010-01-04,2988.875,1494.6650140434836,1167.934867441313,326.2751185152036,51.69523687564392,24.39452190696035,54.964293227864346,20.641184865175312,False,-0.334587054816685,GULF_OF_LION
529,2010-01-12,2149.875,1513.8041986031694,499.7259775303705,136.34482386646005,51.69523687564392,24.39452190696035,54.964293227864346,20.641184865175312,False,-0.334587054816685,GULF_OF_LION
530,2010-01-20,1883.125,1532.480953670567,367.14002133055567,-16.4959750011227,51.69523687564392,24.39452190696035,54.964293227864346,20.641184865175312,False,-0.334587054816685,GULF_OF_LION
531,2010-01-28,1886.5,1550.5867725587034,379.5698899063588,-43.65666246506214,51.69523687564392,24.39452190696035,54.964293227864346,20.641184865175312,False,-0.334587054816685,GULF_OF_LION
532,2010-02-04,1886.5,1568.0580529389197,593.0513327703462,-274.6093857092659,51.69523687564392,24.39452190696035,54.964293227864346,20.641184865175312,False,-0.334587054816685,GULF_OF_LION
533,2010-02-12,2156.625,1584.8765021437075,725.8799929082629,-154.13149505197066,51.69523687564392,24.39452190696035,54.964293227864346,20.641184865175312,False,-0.334587054816685,GULF_OF_LION
534,2010-02-20,2837.25,1601.0467564189885,715.8797139462941,520.3235296347176,51.69523687564392,24.39452190696035,54.964293227864346,20.641184865175312,False,-0.334587054816685,GULF_OF_LION
535,2010-02-28,2863.0,1616.5663573072482,713.751041618187,532.6826010745649,51.69523687564392,24.39452190696035,54.964293227864346,20.641184865175312,False,-0.334587054816685,GULF_OF_LION
536,2010-03-04,2863.0,1631.4108064966388,730.0752632335889,501.5139302697724,51.69523687564392,24.39452190696035,54.964293227864346,20.641184865175312,False,-0.334587054816685,GULF_OF_LION
537,2010-03-12,1513.25,1645.5562565719654,93.14673464402306,-225.45299121598845,51.69523687564392,24.39452190696035,54.964293227864346,20.641184865175312,False,-0.334587054816685,GULF_OF_LION
538,2010-03-20,1513.25,1658.9671279408126,78.01143907852118,-223.72856701933372,51.69523687564392,24.39452190696035,54.964293227864346,20.641184865175312,False,-0.334587054816685,GULF_OF_LION
539,2010-03-28,2482.0,1671.6002872391095,522.5080592553638,287.8916535055266,51.69523687564392,24.39452190696035,54.964293227864346,20.641184865175312,False,-0.334587054816685,GULF_OF_LION
540,2010-04-04,2482.0,1683.4089546406058,544.7941638971292,253.796881462265,51.69523687564392,24.39452190696035,54.964293227864346,20.641184865175312,False,-0.334587054816685,GULF_OF_LION
541,2010-04-12,2036.625,1694.3439253416211,256.8545270100784,85.4265476483003,51.69523687564392,24.39452190696035,54.964293227864346,20.641184865175312,False,-0.334587054816685,GULF_OF_LION
542,2010-04-20,1406.0,1704.36530513887,-124.374725890772,-173.99057924809807,51.69523687564392,24.39452190696035,54.964293227864346,20.641184865175312,False,-0.334587054816685,GULF_OF_LION
543,2010-04-28,1406.0,1713.439669942109,-148.29395954862434,-159.1457103934847,51.69523687564392,24.39452190696035,54.964293227864346,20.641184865175312,False,-0.334587054816685,GULF_OF_LION
544,2010-05-04,1558.125,1721.5487798099505,-180.516274534754,17.092494724803515,51.69523687564392,24.39452190696035,54.964293227864346,20.641184865175312,False,-0.334587054816685,GULF_OF_LION
545,2010-05-12,1558.125,1728.6818616808357,-220.25719634218808,49.70033466135237,51.69523687564392,24.39452190696035,54.964293227864346,20.641184865175312,False,-0.334587054816685,GULF_OF_LION
546,2010-05-20,1507.625,1734.824139326176,-236.07375262401683,8.874613297840824,51.69523687564392,24.39452190696035,54.964293227864346,20.641184865175312,False,-0.334587054816685,GULF_OF_LION
547,2010-05-28,1507.625,1739.955750996346,-266.3386842345333,34.007933238187206,51.69523687564392,24.39452190696035,54.964293227864346,20.641184865175312,False,-0.334587054816685,GULF_OF_LION
548,2010-06-04,1847.625,1744.0491819806564,-9.073349392950552,112.64916741229416,51.69523687564392,24.39452190696035,54.964293227864346,20.641184865175312,False,-0.334587054816685,GULF_OF_LION
549,2010-06-12,2004.375,1747.0610249558893,58.59762586833904,198.7163491757717,51.69523687564392,24.39452190696035,54.964293227864346,20.641184865175312,False,-0.334587054816685,GULF_OF_LION
550,2010-06-20,2004.375,1748.9467300735294,37.27010002731703,218.1581698991536,51.69523687564392,24.39452190696035,54.964293227864346,20.641184865175312,False,-0.334587054816685,GULF_OF_LION
551,2010-06-28,1534.0,1749.664516083325,-263.5282036490205,47.86368756569556,51.69523687564392,24.39452190696035,54.964293227864346,20.641184865175312,False,-0.334587054816685,GULF_OF_LION
552,2010-07-04,1472.125,1749.1784684073712,-311.2678988371056,34.21443042973442,51.69523687564392,24.39452190696035,54.964293227864346,20.641184865175312,False,-0.334587054816685,GULF_OF_LION
553,2010-07-12,1326.75,1747.4576120338832,-389.3153537578024,-31.392258276080724,51.69523687564392,24.39452190696035,54.964293227864346,20.641184865175312,False,-0.334587054816685,GULF_OF_LION
554,2010-07-20,978.5,1744.471874779226,-571.2891957887267,-194.6826789904993,51.69523687564392,24.39452190696035,54.964293227864346,20.641184865175312,False,-0.334587054816685,GULF_OF_LION
555,2010-07-28,926.4,1740.188200762062,-612.0742452219105,-201.7139555401516,51.69523687564392,24.39452190696035,54.964293227864346,20.641184865175312,False,-0.334587054816685,GULF_OF_LION
556,2010-08-04,868.1428571428571,1734.574313539001,-695.2714704720462,-171.15998592409767,51.69523687564392,24.39452190696035,54.964293227864346,20.641184865175312,False,-0.334587054816685,GULF_OF_LION
557,2010-08-12,926.4,1727.6017331847108,-660.4842404434443,-140.7174927412666,51.69523687564392,24.39452190696035,54.964293227864346,20.641184865175312,False,-0.334587054816685,GULF_OF_LION
558,2010-08-20,930.6142857142858,1719.2459094833432,-640.8902851200504,-147.74133864900705,51.69523687564392,24.39452190696035,54.964293227864346,20.641184865175312,False,-0.334587054816685,GULF_OF_LION
559,2010-08-28,1119.7625,1709.488283385043,-534.7643811507861,-54.96140223425675,51.69523687564392,24.39452190696035,54.964293227864346,20.641184865175312,False,-0.334587054816685,GULF_OF_LION
560,2010-09-04,1032.2375,1698.3220187364627,-566.2771974541666,-99.80732128229612,51.69523687564392,24.39452190696035,54.964293227864346,20.641184865175312,False,-0.334587054816685,GULF_OF_LION
561,2010-09-12,1032.2375,1685.750828656109,-556.0830091628205,-97.4303194932885,51.69523687564392,24.39452190696035,54.964293227864346,20.641184865175312,False,-0.334587054816685,GULF_OF_LION
562,2010-09-20,983.4833333333332,1671.7894476178285,-603.3630145233906,-84.94309976110469,51.69523687564392,24.39452190696035,54.964293227864346,20.641184865175312,False,-0.334587054816685,GULF_OF_LION
563,2010-09-28,858.2625,1656.4735906579497,-711.8846376971696,-86.32645296077999,51.69523687564392,24.39452190696035,54.964293227864346,20.641184865175312,False,-0.334587054816685,GULF_OF_LION
564,2010-10-04,812.0375,1639.8652621484678,-733.524787275441,-94.30297487302676,51.69523687564392,24.39452190696035,54.964293227864346,20.641184865175312,False,-0.334587054816685,GULF_OF_LION
565,2010-10-12,735.2125,1622.0529413144502,-719.5876958317414,-167.25274548270886,51.69523687564392,24.39452190696035,54.964293227864346,20.641184865175312,False,-0.334587054816685,GULF_OF_LION
566,2010-10-20,735.2125,1603.1345378773472,-692.0971560626629,-175.82488181468432,51.69523687564392,24.39452190696035,54.964293227864346,20.641184865175312,False,-0.334587054816685,GULF_OF_LION
567,2010-10-28,1244.571428571429,1583.2128406292122,-396.05789693227086,57.41648487448731,51.69523687564392,24.39452190696035,54.964293227864346,20.641184865175312,False,-0.334587054816685,GULF_OF_LION
568,2010-11-04,1610.0375,1562.3936928955231,4.881508302056812,42.76229880241995,51.69523687564392,24.39452190696035,54.964293227864346,20.641184865175312,False,-0.334587054816685,GULF_OF_LION
569,2010-11-12,1861.75,1540.7801123308834,132.90995190398394,188.05993576513265,51.69523687564392,24.39452190696035,54.964293227864346,20.641184865175312,False,-0.334587054816685,GULF_OF_LION
570,2010-11-20,1861.75,1518.478023237798,10.756238843249283,332.5157379189528,51.69523687564392,24.39452190696035,54.964293227864346,20.641184865175312,False,-0.334587054816685,GULF_OF_LION
571,2010-11-28,2273.75,1495.6146186458243,334.9049414600437,443.230439894132,51.69523687564392,24.39452190696035,54.964293227864346,20.641184865175312,False,-0.334587054816685,GULF_OF_LION
572,2010-12-04,2273.75,1472.339027198782,473.9363068461091,327.474665955109,51.69523687564392,24.39452190696035,54.964293227864346,20.641184865175312,False,-0.334587054816685,GULF_OF_LION
573,2010-12-12,3198.625,1448.8115814013274,1148.1234996826788,601.6899189159938,51.69523687564392,24.39452190696035,54.964293227864346,20.641184865175312,False,-0.334587054816685,GULF_OF_LION
574,2010-12-20,3249.1428571428573,1425.1913541424842,1191.681236841545,632.2702661588282,51.69523687564392,24.39452190696035,54.964293227864346,20.641184865175312,False,-0.334587054816685,GULF_OF_LION
575,2010-12-28,3198.625,1401.6353619387244,1654.6623777683824,142.32726029289324,51.69523687564392,24.39452190696035,54.964293227864346,20.641184865175312,False,-0.334587054816685,GULF_OF_LION
576,2011-01-04,3107.75,1378.2997230638864,1652.897424113252,76.55285282286172,51.69523687564392,24.39452190696035,54.964293227864346,20.641184865175312,False,-0.334587054816685,GULF_OF_LION
577,2011-01-12,2090.375,1355.335586146609,938.4365929015872,-203.39717904819636,51.69523687564392,24.39452190696035,54.964293227864346,20.641184865175312,False,-0.334587054816685,GULF_OF_LION
578,2011-01-20,2090.375,1332.8596640301157,740.1810858577073,17.334250112177187,51.69523687564392,24.39452190696035,54.964293227864346,20.641184865175312,False,-0.334587054816685,GULF_OF_LION
579,2011-01-28,1501.7142857142858,1310.9634334378798,371.9542050516234,-181.2033527752174,51.69523687564392,24.39452190696035,54.964293227864346,20.641184865175312,False,-0.334587054816685,GULF_OF_LION
580,2011-02-04,1194.9125,1289.7247388452604,95.88376545159664,-190.69600429685715,51.69523687564392,24.39452190696035,54.964293227864346,20.641184865175312,False,-0.334587054816685,GULF_OF_LION
581,2011-02-12,1185.0375,1269.2291369097254,67.15439688985245,-151.34603379957795,51.69523687564392,24.39452190696035,54.964293227864346,20.641184865175312,False,-0.334587054816685,GULF_OF_LION
582,2011-02-20,1185.0375,1249.576805226268,180.08583818142313,-244.62514340769133,51.69523687564392,24.39452190696035,54.964293227864346,20.641184865175312,False,-0.334587054816685,GULF_OF_LION
583,2011-02-28,1258.075,1230.8877971413388,226.499855759405,-199.3126529007437,51.69523687564392,24.39452190696035,54.964293227864346,20.641184865175312,False,-0.334587054816685,GULF_OF_LION
584,2011-03-04,1314.5,1213.295994740439,234.4340352923444,-133.2300300327834,51.69523687564392,24.39452190696035,54.964293227864346,20.641184865175312,False,-0.334587054816685,GULF_OF_LION
585,2011-03-12,1446.5,1196.9224769272246,-9.379953922100702,258.9574769948761,51.69523687564392,24.39452190696035,54.964293227864346,20.641184865175312,False,-0.334587054816685,GULF_OF_LION
586,2011-03-20,1446.5,1181.8715294173055,-31.126686301003296,295.7551568836976,51.69523687564392,24.39452190696035,54.964293227864346,20.641184865175312,False,-0.334587054816685,GULF_OF_LION
587,2011-03-28,1278.75,1168.227352710919,183.3651905071655,-72.84254321808439,51.69523687564392,24.39452190696035,54.964293227864346,20.641184865175312,False,-0.334587054816685,GULF_OF_LION
588,2011-04-04,1270.3428571428572,1156.072761693339,188.3970115806984,-74.12691613118054,51.69523687564392,24.39452190696035,54.964293227864346,20.641184865175312,False,-0.334587054816685,GULF_OF_LION
589,2011-04-12,1010.15,1145.4905978030883,50.92535248680114,-186.2659502898895,51.69523687564392,24.39452190696035,54.964293227864346,20.641184865175312,False,-0.334587054816685,GULF_OF_LION
590,2011-04-20,754.6125,1136.5318877778425,-179.12506052060695,-202.79432725723532,51.69523687564392,24.39452190696035,54.964293227864346,20.641184865175312,False,-0.334587054816685,GULF_OF_LION
591,2011-04-28,658.95,1129.210187154577,-125.35204015638244,-344.90814699819447,51.69523687564392,24.39452190696035,54.964293227864346,20.641184865175312,False,-0.334587054816685,GULF_OF_LION
592,2011-05-04,644.3375,1123.505540756571,-99.2880733373932,-379.8799674191778,51.69523687564392,24.39452190696035,54.964293227864346,20.641184865175312,False,-0.334587054816685,GULF_OF_LION
593,2011-05-12,612.7,1119.3849164768096,-131.1729422502341,-375.5119742265755,51.69523687564392,24.39452190696035,54.964293227864346,20.641184865175312,False,-0.334587054816685,GULF_OF_LION
594,2011-05-20,562.1,1116.8166693247133,-176.6783312503134,-378.0383380743999,51.69523687564392,24.39452190696035,54.964293227864346,20.641184865175312,False,-0.334587054816685,GULF_OF_LION
595,2011-05-28,562.1,1115.7557740084635,-183.7197962637212,-369.93597774474233,51.69523687564392,24.39452190696035,54.964293227864346,20.641184865175312,False,-0.334587054816685,GULF_OF_LION
596,2011-06-04,871.65,1116.14550845119,78.8807261399464,-323.3762345911364,51.69523687564392,24.39452190696035,54.964293227864346,20.641184865175312,False,-0.334587054816685,GULF_OF_LION
597,2011-06-12,900.2,1117.917523311756,22.488394215561843,-240.20591752731775,51.69523687564392,24.39452190696035,54.964293227864346,20.641184865175312,False,-0.334587054816685,GULF_OF_LION
598,2011-06-20,887.1666666666666,1120.9996786898057,-83.45329771844261,-150.37971430469622,51.69523687564392,24.39452190696035,54.964293227864346,20.641184865175312,False,-0.334587054816685,GULF_OF_LION
599,2011-06-28,887.1666666666666,1125.3204102545296,-207.6550319582824,-30.49871162958061,51.69523687564392,24.39452190696035,54.964293227864346,20.641184865175312,False,-0.334587054816685,GULF_OF_LION
600,2011-07-04,887.1666666666666,1130.7955858462844,-239.9894269806082,-3.639492199009624,51.69523687564392,24.39452190696035,54.964293227864346,20.641184865175312,False,-0.334587054816685,GULF_OF_LION
601,2011-07-12,901.4125,1137.327060817735,-355.7867989605936,119.87223814285852,51.69523687564392,24.39452190696035,54.964293227864346,20.641184865175312,False,-0.334587054816685,GULF_OF_LION
602,2011-07-20,1047.257142857143,1144.8126872849768,-457.8950858635793,360.3395414357455,51.69523687564392,24.39452190696035,54.964293227864346,20.641184865175312,False,-0.334587054816685,GULF_OF_LION
603,2011-07-28,1047.257142857143,1153.1514023876084,-492.3498655291656,386.4556059987002,51.69523687564392,24.39452190696035,54.964293227864346,20.641184865175312,False,-0.334587054816685,GULF_OF_LION
604,2011-08-04,879.8125,1162.2431295115891,-603.7638761874897,321.33324667590057,51.69523687564392,24.39452190696035,54.964293227864346,20.641184865175312,False,-0.334587054816685,GULF_OF_LION
605,2011-08-12,861.0125,1171.9912246521703,-640.8863647820459,329.90764012987563,51.69523687564392,24.39452190696035,54.964293227864346,20.641184865175312,False,-0.334587054816685,GULF_OF_LION
606,2011-08-20,875.4142857142857,1182.3018593787597,-635.8037541807596,328.91618051628564,51.69523687564392,24.39452190696035,54.964293227864346,20.641184865175312,False,-0.334587054816685,GULF_OF_LION
607,2011-08-28,875.4142857142857,1193.0798171824254,-571.8897706035476,254.224239135408,51.69523687564392,24.39452190696035,54.964293227864346,20.641184865175312,False,-0.334587054816685,GULF_OF_LION
608,2011-09-04,875.4142857142857,1204.2276676630122,-588.2875761679198,259.4741942191933,51.69523687564392,24.39452190696035,54.964293227864346,20.641184865175312,False,-0.334587054816685,GULF_OF_LION
609,2011-09-12,882.1875,1215.648202604018,-588.2616221957413,254.8009195917233,51.69523687564392,24.39452190696035,54.964293227864346,20.641184865175312,False,-0.334587054816685,GULF_OF_LION
610,2011-09-20,797.95,1227.2454306915877,-646.542477917234,217.2470472256464,51.69523687564392,24.39452190696035,54.964293227864346,20.641184865175312,False,-0.334587054816685,GULF_OF_LION
611,2011-09-28,695.0500000000001,1238.926513656194,-621.6604375177885,77.78392386159464,51.69523687564392,24.39452190696035,54.964293227864346,20.641184865175312,False,-0.334587054816685,GULF_OF_LION
612,2011-10-04,695.0500000000001,1250.5958455526752,-497.1716735328992,-58.374172019775926,51.69523687564392,24.39452190696035,54.964293227864346,20.641184865175312,False,-0.334587054816685,GULF_OF_LION
613,2011-10-12,832.6375,1262.1498614841464,-513.8041483131615,84.29178682901511,51.69523687564392,24.39452190696035,54.964293227864346,20.641184865175312,False,-0.334587054816685,GULF_OF_LION
614,2011-10-20,832.6375,1273.492629300535,-524.1829077475381,83.32777844700286,51.69523687564392,24.39452190696035,54.964293227864346,20.641184865175312,False,-0.334587054816685,GULF_OF_LION
615,2011-10-28,832.6375,1284.5489023064993,-412.28964117177617,-39.621761134723045,51.69523687564392,24.39452190696035,54.964293227864346,20.641184865175312,False,-0.334587054816685,GULF_OF_LION
616,2011-11-04,1576.875,1295.2705860852614,162.4361348168888,119.16827909784983,51.69523687564392,24.39452190696035,54.964293227864346,20.641184865175312,False,-0.334587054816685,GULF_OF_LION
617,2011-11-12,1576.875,1305.6414489348897,204.12519673604132,67.10835432906896,51.69523687564392,24.39452190696035,54.964293227864346,20.641184865175312,False,-0.334587054816685,GULF_OF_LION
618,2011-11-20,1078.0375,1315.6701649007407,196.43471251678437,-434.0673774175251,51.69523687564392,24.39452190696035,54.964293227864346,20.641184865175312,False,-0.334587054816685,GULF_OF_LION
619,2011-11-28,1078.0375,1325.365448830701,280.8970608057924,-528.2250096364938,51.69523687564392,24.39452190696035,54.964293227864346,20.641184865175312,False,-0.334587054816685,GULF_OF_LION
620,2011-12-04,1312.55,1334.73805796423,382.97820033031616,-405.1662582945461,51.69523687564392,24.39452190696035,54.964293227864346,20.641184865175312,False,-0.334587054816685,GULF_OF_LION
621,2011-12-12,2143.875,1343.7983817700792,1055.341548902491,-255.26493067257024,51.69523687564392,24.39452190696035,54.964293227864346,20.641184865175312,False,-0.334587054816685,GULF_OF_LION
622,2011-12-20,2191.1428571428573,1352.5623504823911,1233.9132224785626,-395.3327158180964,51.69523687564392,24.39452190696035,54.964293227864346,20.641184865175312,False,-0.334587054816685,GULF_OF_LION
623,2011-12-28,2819.5,1361.0517452865045,1531.9145597252325,-73.46630501173695,51.69523687564392,24.39452190696035,54.964293227864346,20.641184865175312,False,-0.334587054816685,GULF_OF_LION
624,2012-01-04,2979.75,1369.305495965652,1319.1511715649413,291.2933324694068,51.69523687564392,24.39452190696035,54.964293227864346,20.641184865175312,False,-0.334587054816685,GULF_OF_LION
625,2012-01-12,2979.75,1377.3866561736663,994.0729734424348,608.290370383899,51.69523687564392,24.39452190696035,54.964293227864346,20.641184865175312,False,-0.334587054816685,GULF_OF_LION
626,2012-01-20,2439.1428571428573,1385.392590302211,679.8396271207196,373.9106397199269,51.69523687564392,24.39452190696035,54.964293227864346,20.641184865175312,False,-0.334587054816685,GULF_OF_LION
627,2012-01-28,2129.75,1393.4327404897456,421.9696535481804,314.347605962074,51.69523687564392,24.39452190696035,54.964293227864346,20.641184865175312,False,-0.334587054816685,GULF_OF_LION
628,2012-02-04,1628.875,1401.6266904417448,274.2721092128058,-47.0237996545506,51.69523687564392,24.39452190696035,54.964293227864346,20.641184865175312,False,-0.334587054816685,GULF_OF_LION
629,2012-02-12,1251.3125,1410.073574466818,82.99894756455161,-241.76002203136957,51.69523687564392,24.39452190696035,54.964293227864346,20.641184865175312,False,-0.334587054816685,GULF_OF_LION
630,2012-02-20,1008.9,1418.8630348149347,-266.0355898382569,-143.9274449766778,51.69523687564392,24.39452190696035,54.964293227864346,20.641184865175312,False,-0.334587054816685,GULF_OF_LION
631,2012-02-28,1008.9,1428.0913887628806,-374.57685619797775,-44.614532564902845,51.69523687564392,24.39452190696035,54.964293227864346,20.641184865175312,False,-0.334587054816685,GULF_OF_LION
632,2012-03-04,914.725,1437.8605964327835,-404.2829134964885,-118.8526829362952,51.69523687564392,24.39452190696035,54.964293227864346,20.641184865175312,False,-0.334587054816685,GULF_OF_LION
633,2012-03-12,1014.45,1448.2770683196875,-193.2860006779561,-240.5410676417313,51.69523687564392,24.39452190696035,54.964293227864346,20.641184865175312,False,-0.334587054816685,GULF_OF_LION
634,2012-03-20,918.1857142857142,1459.4325965548023,-151.8496629127279,-389.3972193563602,51.69523687564392,24.39452190696035,54.964293227864346,20.641184865175312,False,-0.334587054816685,GULF_OF_LION
635,2012-03-28,1141.375,1471.3976608385851,-83.69559175934849,-246.32706907923665,51.69523687564392,24.39452190696035,54.964293227864346,20.641184865175312,False,-0.334587054816685,GULF_OF_LION
636,2012-04-04,1191.325,1484.209378587968,-50.088199356231385,-242.7961792317367,51.69523687564392,24.39452190696035,54.964293227864346,20.641184865175312,False,-0.334587054816685,GULF_OF_LION
637,2012-04-12,1628.125,1497.8648358538662,96.4499902718353,33.81017387429847,51.69523687564392,24.39452190696035,54.964293227864346,20.641184865175312,False,-0.334587054816685,GULF_OF_LION
638,2012-04-20,1871.0,1512.3378470701873,153.9832492708558,204.6789036589569,51.69523687564392,24.39452190696035,54.964293227864346,20.641184865175312,False,-0.334587054816685,GULF_OF_LION
639,2012-04-28,2293.0,1527.5782575204723,423.2482968701238,342.17344560940387,51.69523687564392,24.39452190696035,54.964293227864346,20.641184865175312,False,-0.334587054816685,GULF_OF_LION
640,2012-05-04,2293.0,1543.514198058051,518.7711730695086,230.7146288724404,51.69523687564392,24.39452190696035,54.964293227864346,20.641184865175312,False,-0.334587054816685,GULF_OF_LION
641,2012-05-12,2254.5,1560.0467323227676,730.4101987227444,-35.95693104551208,51.69523687564392,24.39452190696035,54.964293227864346,20.641184865175312,False,-0.334587054816685,GULF_OF_LION
642,2012-05-20,2254.5,1577.0448656050037,461.690416943478,215.76471745151852,51.69523687564392,24.39452190696035,54.964293227864346,20.641184865175312,False,-0.334587054816685,GULF_OF_LION
643,2012-05-28,2254.5,1594.3766676540306,446.1019587434331,214.0213736025363,51.69523687564392,24.39452190696035,54.964293227864346,20.641184865175312,False,-0.334587054816685,GULF_OF_LION
644,2012-06-04,2365.0,1611.9155199161771,416.0736875826774,337.0107925011455,51.69523687564392,24.39452190696035,54.964293227864346,20.641184865175312,False,-0.334587054816685,GULF_OF_LION
645,2012-06-12,1945.125,1629.5556260245698,122.27062648267837,193.2987474927518,51.69523687564392,24.39452190696035,54.964293227864346,20.641184865175312,False,-0.334587054816685,GULF_OF_LION
646,2012-06-20,1574.0,1647.2175186066129,-69.95187965117039,-3.2656389554424976,51.69523687564392,24.39452190696035,54.964293227864346,20.641184865175312,False,-0.334587054816685,GULF_OF_LION
647,2012-06-28,1574.0,1664.8468579919415,-273.56954200059295,182.7226840086514,51.69523687564392,24.39452190696035,54.964293227864346,20.641184865175312,False,-0.334587054816685,GULF_OF_LION
648,2012-07-04,1518.0,1682.42881660442,-310.59125728620376,146.16244068178372,51.69523687564392,24.39452190696035,54.964293227864346,20.641184865175312,False,-0.334587054816685,GULF_OF_LION
649,2012-07-12,1190.9875,1699.9848523608707,-512.7457088035599,3.7483564426891007,51.69523687564392,24.39452190696035,54.964293227864346,20.641184865175312,False,-0.334587054816685,GULF_OF_LION
650,2012-07-20,869.9857142857143,1717.5707124857925,-641.2954179853322,-206.289580214746,51.69523687564392,24.39452190696035,54.964293227864346,20.641184865175312,False,-0.334587054816685,GULF_OF_LION
651,2012-07-28,814.8875,1735.270196247094,-658.6026024694257,-261.7800937776682,51.69523687564392,24.39452190696035,54.964293227864346,20.641184865175312,False,-0.334587054816685,GULF_OF_LION
652,2012-08-04,802.85,1753.1844872234392,-719.1885418567618,-231.14594536667727,51.69523687564392,24.39452190696035,54.964293227864346,20.641184865175312,False,-0.334587054816685,GULF_OF_LION
653,2012-08-12,672.6375,1771.417605207507,-871.0472802708681,-227.73282493663885,51.69523687564392,24.39452190696035,54.964293227864346,20.641184865175312,False,-0.334587054816685,GULF_OF_LION
654,2012-08-20,672.6375,1790.0681528150717,-972.4444271454444,-144.9862256696273,51.69523687564392,24.39452190696035,54.964293227864346,20.641184865175312,False,-0.334587054816685,GULF_OF_LION
655,2012-08-28,725.7375,1809.230145781925,-961.7739951451435,-121.7186506367816,51.69523687564392,24.39452190696035,54.964293227864346,20.641184865175312,False,-0.334587054816685,GULF_OF_LION
656,2012-09-04,725.7375,1828.9859043431848,-973.5068524213692,-129.7415519218156,51.69523687564392,24.39452190696035,54.964293227864346,20.641184865175312,False,-0.334587054816685,GULF_OF_LION
657,2012-09-12,707.1875,1849.3990907018044,-918.9624886711052,-223.2491020306992,51.69523687564392,24.39452190696035,54.964293227864346,20.641184865175312,False,-0.334587054816685,GULF_OF_LION
658,2012-09-20,707.1875,1870.509235432785,-950.7394743454396,-212.58226108734573,51.69523687564392,24.39452190696035,54.964293227864346,20.641184865175312,False,-0.334587054816685,GULF_OF_LION
659,2012-09-28,1149.5625,1892.3316455706247,-740.7730484615823,-1.9960971090423527,51.69523687564392,24.39452190696035,54.964293227864346,20.641184865175312,False,-0.334587054816685,GULF_OF_LION
660,2012-10-04,1700.0,1914.8580214149847,-477.0885328667683,262.2305114517836,51.69523687564392,24.39452190696035,54.964293227864346,20.641184865175312,False,-0.334587054816685,GULF_OF_LION
661,2012-10-12,1453.625,1938.0603294929824,-518.8086879104276,34.37335841744493,51.69523687564392,24.39452190696035,54.964293227864346,20.641184865175312,False,-0.334587054816685,GULF_OF_LION
662,2012-10-20,1453.625,1961.8902934529744,-306.56582165071853,-201.6994718022557,51.69523687564392,24.39452190696035,54.964293227864346,20.641184865175312,False,-0.334587054816685,GULF_OF_LION
663,2012-10-28,1453.625,1986.2698960676075,-301.6195186078277,-231.02537745977963,51.69523687564392,24.39452190696035,54.964293227864346,20.641184865175312,False,-0.334587054816685,GULF_OF_LION
664,2012-11-04,1971.5,2011.090151517732,218.0789486694067,-257.66910018713827,51.69523687564392,24.39452190696035,54.964293227864346,20.641184865175312,False,-0.334587054816685,GULF_OF_LION
665,2012-11-12,1971.5,2036.226733819356,203.6199908768703,-268.3467246962263,51.69523687564392,24.39452190696035,54.964293227864346,20.641184865175312,False,-0.334587054816685,GULF_OF_LION
666,2012-11-20,3023.15,2061.548072603048,458.5891035813352,503.0128238156176,51.69523687564392,24.39452190696035,54.964293227864346,20.641184865175312,False,-0.334587054816685,GULF_OF_LION
667,2012-11-28,3023.15,2086.92488295498,375.0039169020486,561.2212001429718,51.69523687564392,24.39452190696035,54.964293227864346,20.641184865175312,False,-0.334587054816685,GULF_OF_LION
668,2012-12-04,3023.15,2112.225087504086,241.72259774679463,669.2023147491195,51.69523687564392,24.39452190696035,54.964293227864346,20.641184865175312,False,-0.334587054816685,GULF_OF_LION
669,2012-12-12,3162.5,2137.3344994351123,513.6677753856517,511.497725179236,51.69523687564392,24.39452190696035,54.964293227864346,20.641184865175312,False,-0.334587054816685,GULF_OF_LION
670,2012-12-20,3754.142857142857,2162.1602624365414,919.4885675888016,672.4940271175144,51.69523687564392,24.39452190696035,54.964293227864346,20.641184865175312,False,-0.334587054816685,GULF_OF_LION
671,2012-12-28,3754.142857142857,2186.6191291695804,1544.6604270304251,22.863300942851765,51.69523687564392,24.39452190696035,54.964293227864346,20.641184865175312,False,-0.334587054816685,GULF_OF_LION
672,2013-01-04,2683.375,2210.6024949373013,1045.2086844059777,-572.4361793432788,51.69523687564392,24.39452190696035,54.964293227864346,20.641184865175312,False,-0.334587054816685,GULF_OF_LION
673,2013-01-12,2406.0,2233.987516994552,958.5348938706804,-786.522410865232,51.69523687564392,24.39452190696035,54.964293227864346,20.641184865175312,False,-0.334587054816685,GULF_OF_LION
674,2013-01-20,2230.5714285714284,2256.634922447226,483.9421468370856,-510.0056407128831,51.69523687564392,24.39452190696035,54.964293227864346,20.641184865175312,False,-0.334587054816685,GULF_OF_LION
675,2013-01-28,2406.0,2278.402630976077,486.9836050047785,-359.3862359808556,51.69523687564392,24.39452190696035,54.964293227864346,20.641184865175312,False,-0.334587054816685,GULF_OF_LION
676,2013-02-04,3126.0,2299.136616434637,709.8724637760125,116.99091978935064,51.69523687564392,24.39452190696035,54.964293227864346,20.641184865175312,False,-0.334587054816685,GULF_OF_LION
677,2013-02-12,3126.0,2318.678569702668,740.0908680399176,67.23056225741436,51.69523687564392,24.39452190696035,54.964293227864346,20.641184865175312,False,-0.334587054816685,GULF_OF_LION
678,2013-02-20,2206.75,2336.8545962229946,212.8297607425166,-342.9343569655112,51.69523687564392,24.39452190696035,54.964293227864346,20.641184865175312,False,-0.334587054816685,GULF_OF_LION
679,2013-02-28,1686.625,2353.483173649577,-200.3574462576737,-466.5007273919034,51.69523687564392,24.39452190696035,54.964293227864346,20.641184865175312,False,-0.334587054816685,GULF_OF_LION
680,2013-03-04,1686.625,2368.397354810025,-243.32900468609216,-438.4433501239327,51.69523687564392,24.39452190696035,54.964293227864346,20.641184865175312,False,-0.334587054816685,GULF_OF_LION
681,2013-03-12,2190.25,2381.446527091164,-183.6376018720296,-7.5589252191341245,51.69523687564392,24.39452190696035,54.964293227864346,20.641184865175312,False,-0.334587054816685,GULF_OF_LION
682,2013-03-20,2544.375,2392.5101683988837,-43.27965729671326,195.14448889783,51.69523687564392,24.39452190696035,54.964293227864346,20.641184865175312,False,-0.334587054816685,GULF_OF_LION
683,2013-03-28,2544.375,2401.499196911321,9.226442166486985,133.64936092219185,51.69523687564392,24.39452190696035,54.964293227864346,20.641184865175312,False,-0.334587054816685,GULF_OF_LION
684,2013-04-04,2608.375,2408.358944003357,4.21756737077102,195.79848862587156,51.69523687564392,24.39452190696035,54.964293227864346,20.641184865175312,False,-0.334587054816685,GULF_OF_LION
685,2013-04-12,2608.375,2413.080152488664,74.59805954839985,120.69678796293591,51.69523687564392,24.39452190696035,54.964293227864346,20.641184865175312,False,-0.334587054816685,GULF_OF_LION
686,2013-04-20,2644.75,2415.6957967268618,88.48786647577067,140.56633679736757,51.69523687564392,24.39452190696035,54.964293227864346,20.641184865175312,False,-0.334587054816685,GULF_OF_LION
687,2013-04-28,3015.1666666666665,2416.285685356529,372.4795495130408,226.40143179709628,51.69523687564392,24.39452190696035,54.964293227864346,20.641184865175312,False,-0.334587054816685,GULF_OF_LION
688,2013-05-04,3446.875,2414.968601637667,562.9165289321717,468.9898694301616,51.69523687564392,24.39452190696035,54.964293227864346,20.641184865175312,False,-0.334587054816685,GULF_OF_LION
689,2013-05-12,4432.375,2411.8983103048568,1056.454876064112,964.0218136310314,51.69523687564392,24.39452190696035,54.964293227864346,20.641184865175312,False,-0.334587054816685,GULF_OF_LION
690,2013-05-20,3446.875,2407.2534341184214,555.1802860920519,484.4412797895267,51.69523687564392,24.39452190696035,54.964293227864346,20.641184865175312,False,-0.334587054816685,GULF_OF_LION
691,2013-05-28,3427.0,2401.2137950825468,541.1492501377113,484.6369547797419,51.69523687564392,24.39452190696035,54.964293227864346,20.641184865175312,False,-0.334587054816685,GULF_OF_LION
692,2013-06-04,2801.625,2393.961883929912,181.68342605074747,225.97969001934064,51.69523687564392,24.39452190696035,54.964293227864346,20.641184865175312,False,-0.334587054816685,GULF_OF_LION
693,2013-06-12,2436.0,2385.6711997868915,-107.74983490832444,158.0786351214329,51.69523687564392,24.39452190696035,54.964293227864346,20.641184865175312,False,-0.334587054816685,GULF_OF_LION
694,2013-06-20,2413.375,2376.503670204931,-190.30410829960343,227.1754380946724,51.69523687564392,24.39452190696035,54.964293227864346,20.641184865175312,False,-0.334587054816685,GULF_OF_LION
695,2013-06-28,1613.0,2366.599855133674,-578.8899019311775,-174.7099532024963,51.69523687564392,24.39452190696035,54.964293227864346,20.641184865175312,False,-0.334587054816685,GULF_OF_LION
696,2013-07-04,1592.75,2356.0712699561773,-532.317653288083,-231.0036166680943,51.69523687564392,24.39452190696035,54.964293227864346,20.641184865175312,False,-0.334587054816685,GULF_OF_LION
697,2013-07-12,1438.0,2345.005371758107,-524.023309328266,-382.9820624298408,51.69523687564392,24.39452190696035,54.964293227864346,20.641184865175312,False,-0.334587054816685,GULF_OF_LION
698,2013-07-20,1438.0,2333.4458531135715,-546.6685171874549,-348.7773359261166,51.69523687564392,24.39452190696035,54.964293227864346,20.641184865175312,False,-0.334587054816685,GULF_OF_LION
699,2013-07-28,1502.25,2321.395049067828,-538.4745549094464,-280.6704941583812,51.69523687564392,24.39452190696035,54.964293227864346,20.641184865175312,False,-0.334587054816685,GULF_OF_LION
700,2013-08-04,1502.25,2308.826820255649,-543.7183466656572,-262.85847358999195,51.69523687564392,24.39452190696035,54.964293227864346,20.641184865175312,False,-0.334587054816685,GULF_OF_LION
701,2013-08-12,1250.85,2295.7016729584493,-835.28218806464,-209.56948489380943,51.69523687564392,24.39452190696035,54.964293227864346,20.641184865175312,False,-0.334587054816685,GULF_OF_LION
702,2013-08-20,910.8142857142856,2281.983589654405,-1091.128258514743,-280.04104542537675,51.69523687564392,24.39452190696035,54.964293227864346,20.641184865175312,False,-0.334587054816685,GULF_OF_LION
703,2013-08-28,908.475,2267.645535016811,-1137.5947281030783,-221.575806913733,51.69523687564392,24.39452190696035,54.964293227864346,20.641184865175312,False,-0.334587054816685,GULF_OF_LION
704,2013-09-04,910.8142857142856,2252.6749180482047,-1206.7774894233994,-135.08314291051963,51.69523687564392,24.39452190696035,54.964293227864346,20.641184865175312,False,-0.334587054816685,GULF_OF_LION
705,2013-09-12,1203.05,2237.0755636278577,-1072.9688802273636,38.943316599505806,51.69523687564392,24.39452190696035,54.964293227864346,20.641184865175312,False,-0.334587054816685,GULF_OF_LION
706,2013-09-20,1203.05,2220.872380163798,-1046.895674204624,29.073294040826116,51.69523687564392,24.39452190696035,54.964293227864346,20.641184865175312,False,-0.334587054816685,GULF_OF_LION
707,2013-09-28,1308.625,2204.1064021803227,-883.0781814663364,-12.40322071398623,51.69523687564392,24.39452190696035,54.964293227864346,20.641184865175312,False,-0.334587054816685,GULF_OF_LION
708,2013-10-04,1308.625,2186.838263555572,-743.6612226752607,-134.55204088031155,51.69523687564392,24.39452190696035,54.964293227864346,20.641184865175312,False,-0.334587054816685,GULF_OF_LION
709,2013-10-12,1538.75,2169.1470522426703,-600.6192584558682,-29.77779378680202,51.69523687564392,24.39452190696035,54.964293227864346,20.641184865175312,False,-0.334587054816685,GULF_OF_LION
710,2013-10-20,2425.0,2151.117047082612,-150.05024332685753,423.93319624424566,51.69523687564392,24.39452190696035,54.964293227864346,20.641184865175312,False,-0.334587054816685,GULF_OF_LION
711,2013-10-28,2481.285714285714,2132.8320513396143,-111.76114239317424,460.2148053392742,51.69523687564392,24.39452190696035,54.964293227864346,20.641184865175312,False,-0.334587054816685,GULF_OF_LION
712,2013-11-04,2821.625,2114.3785832926105,577.7919112845891,129.45450542280037,51.69523687564392,24.39452190696035,54.964293227864346,20.641184865175312,False,-0.334587054816685,GULF_OF_LION
713,2013-11-12,2821.625,2095.8308583143616,688.3446084764009,37.449533209237416,51.69523687564392,24.39452190696035,54.964293227864346,20.641184865175312,False,-0.334587054816685,GULF_OF_LION
714,2013-11-20,2297.375,2077.254270835772,704.4796838694929,-484.3589547052648,51.69523687564392,24.39452190696035,54.964293227864346,20.641184865175312,False,-0.334587054816685,GULF_OF_LION
715,2013-11-28,2013.6666666666667,2058.714219637255,502.87475639634647,-547.9223093669349,51.69523687564392,24.39452190696035,54.964293227864346,20.641184865175312,False,-0.334587054816685,GULF_OF_LION
716,2013-12-04,1282.5,2040.292964853746,-51.488391473750966,-706.3045733799951,51.69523687564392,24.39452190696035,54.964293227864346,20.641184865175312,False,-0.334587054816685,GULF_OF_LION
717,2013-12-12,1282.5,2022.0714433092028,-2.1956155251113074,-737.3758277840915,51.69523687564392,24.39452190696035,54.964293227864346,20.641184865175312,False,-0.334587054816685,GULF_OF_LION
718,2013-12-20,1701.375,2004.121136830115,239.75777776475556,-542.5039145948704,51.69523687564392,24.39452190696035,54.964293227864346,20.641184865175312,False,-0.334587054816685,GULF_OF_LION
719,2013-12-28,3595.5714285714284,1986.5046969434627,1243.4810169806378,365.5857146473279,51.69523687564392,24.39452190696035,54.964293227864346,20.641184865175312,False,-0.334587054816685,GULF_OF_LION
720,2014-01-04,3595.5714285714284,1969.283292645128,982.3567240201944,643.9314119061065,51.69523687564392,24.39452190696035,54.964293227864346,20.641184865175312,False,-0.334587054816685,GULF_OF_LION
721,2014-01-12,3831.625,1952.497241661462,1071.5266975472075,807.6010607913302,51.69523687564392,24.39452190696035,54.964293227864346,20.641184865175312,False,-0.334587054816685,GULF_OF_LION
722,2014-01-20,2865.25,1936.1801033602344,588.9138311133968,340.1560655263688,51.69523687564392,24.39452190696035,54.964293227864346,20.641184865175312,False,-0.334587054816685,GULF_OF_LION
723,2014-01-28,2881.25,1920.3636698506448,742.0917024422332,218.79462770712223,51.69523687564392,24.39452190696035,54.964293227864346,20.641184865175312,False,-0.334587054816685,GULF_OF_LION
724,2014-02-04,2881.25,1905.083528231544,817.6519898294475,158.51448193900865,51.69523687564392,24.39452190696035,54.964293227864346,20.641184865175312,False,-0.334587054816685,GULF_OF_LION
725,2014-02-12,3422.0,1890.3888542458867,1090.999343321274,440.61180243283934,51.69523687564392,24.39452190696035,54.964293227864346,20.641184865175312,False,-0.334587054816685,GULF_OF_LION
726,2014-02-20,3422.0,1876.3421755368108,860.3245250446842,685.333299418505,51.69523687564392,24.39452190696035,54.964293227864346,20.641184865175312,False,-0.334587054816685,GULF_OF_LION
727,2014-02-28,2827.25,1862.9952589909108,470.1242618130817,494.1304791960075,51.69523687564392,24.39452190696035,54.964293227864346,20.641184865175312,False,-0.334587054816685,GULF_OF_LION
728,2014-03-04,2761.25,1850.3755887002544,438.1850049555986,472.6894063441472,51.69523687564392,24.39452190696035,54.964293227864346,20.641184865175312,False,-0.334587054816685,GULF_OF_LION
729,2014-03-12,1904.25,1838.5033196462955,27.206396151014864,38.54028420268964,51.69523687564392,24.39452190696035,54.964293227864346,20.641184865175312,False,-0.334587054816685,GULF_OF_LION
730,2014-03-20,1868.7142857142856,1827.401673503376,43.74472169404413,-2.4321094831339565,51.69523687564392,24.39452190696035,54.964293227864346,20.641184865175312,False,-0.334587054816685,GULF_OF_LION
731,2014-03-28,1868.7142857142856,1817.0995509261625,45.31942997525914,6.295304812864401,51.69523687564392,24.39452190696035,54.964293227864346,20.641184865175312,False,-0.334587054816685,GULF_OF_LION
732,2014-04-04,1674.25,1807.62215058506,-31.10876774843696,-102.26338283662317,51.69523687564392,24.39452190696035,54.964293227864346,20.641184865175312,False,-0.334587054816685,GULF_OF_LION
733,2014-04-12,1522.375,1798.9886795096766,-120.64668123920592,-155.96699827047064,51.69523687564392,24.39452190696035,54.964293227864346,20.641184865175312,False,-0.334587054816685,GULF_OF_LION
734,2014-04-20,1280.625,1791.2194196325145,-225.4164730824837,-285.1779465500308,51.69523687564392,24.39452190696035,54.964293227864346,20.641184865175312,False,-0.334587054816685,GULF_OF_LION
735,2014-04-28,1280.625,1784.3365121414956,-51.583498136514834,-452.1280140049808,51.69523687564392,24.39452190696035,54.964293227864346,20.641184865175312,False,-0.334587054816685,GULF_OF_LION
736,2014-05-04,1211.5,1778.364012387195,165.29043961498536,-732.1544520021805,51.69523687564392,24.39452190696035,54.964293227864346,20.641184865175312,False,-0.334587054816685,GULF_OF_LION
737,2014-05-12,1295.05,1773.319426775759,459.3052568955895,-937.5746836713486,51.69523687564392,24.39452190696035,54.964293227864346,20.641184865175312,False,-0.334587054816685,GULF_OF_LION
738,2014-05-20,1295.05,1769.2185752150224,30.861739832094376,-505.0303150471168,51.69523687564392,24.39452190696035,54.964293227864346,20.641184865175312,False,-0.334587054816685,GULF_OF_LION
739,2014-05-28,1295.05,1766.082424355469,-124.95451049454884,-346.0779138609201,51.69523687564392,24.39452190696035,54.964293227864346,20.641184865175312,False,-0.334587054816685,GULF_OF_LION
740,2014-06-04,988.8875,1763.9199533751234,-426.7326859813821,-348.2997673937413,51.69523687564392,24.39452190696035,54.964293227864346,20.641184865175312,False,-0.334587054816685,GULF_OF_LION
741,2014-06-12,945.0625,1762.7352643245144,-454.3246480906225,-363.348116233892,51.69523687564392,24.39452190696035,54.964293227864346,20.641184865175312,False,-0.334587054816685,GULF_OF_LION
742,2014-06-20,976.6666666666666,1762.513361569096,-431.0609424010942,-354.78575250133525,51.69523687564392,24.39452190696035,54.964293227864346,20.641184865175312,False,-0.334587054816685,GULF_OF_LION
743,2014-06-28,976.6666666666666,1763.2207557843633,-694.2364885282191,-92.3176005894776,51.69523687564392,24.39452190696035,54.964293227864346,20.641184865175312,False,-0.334587054816685,GULF_OF_LION
744,2014-07-04,1238.375,1764.8059575976151,-548.816782420513,22.38582482289792,51.69523687564392,24.39452190696035,54.964293227864346,20.641184865175312,False,-0.334587054816685,GULF_OF_LION
745,2014-07-12,1904.125,1767.185812550523,-286.22385643924883,423.1630438887258,51.69523687564392,24.39452190696035,54.964293227864346,20.641184865175312,False,-0.334587054816685,GULF_OF_LION
746,2014-07-20,2137.5714285714284,1770.2652899454524,-165.42809976996247,532.7342383959385,51.69523687564392,24.39452190696035,54.964293227864346,20.641184865175312,False,-0.334587054816685,GULF_OF_LION
747,2014-07-28,2105.875,1773.9386915362795,-160.9218380507504,492.8581465144709,51.69523687564392,24.39452190696035,54.964293227864346,20.641184865175312,False,-0.334587054816685,GULF_OF_LION
748,2014-08-04,2105.875,1778.095021116009,-156.65848261757515,484.4384615015658,51.69523687564392,24.39452190696035,54.964293227864346,20.641184865175312,False,-0.334587054816685,GULF_OF_LION
749,2014-08-12,1585.375,1782.617656365749,-463.5661017922714,266.3234454265221,51.69523687564392,24.39452190696035,54.964293227864346,20.641184865175312,False,-0.334587054816685,GULF_OF_LION
750,2014-08-20,1277.1875,1787.376192962602,-692.8991118703627,182.71041890776087,51.69523687564392,24.39452190696035,54.964293227864346,20.641184865175312,False,-0.334587054816685,GULF_OF_LION
751,2014-08-28,1091.357142857143,1792.22777979401,-793.3161343879236,92.44549745105644,51.69523687564392,24.39452190696035,54.964293227864346,20.641184865175312,False,-0.334587054816685,GULF_OF_LION
752,2014-09-04,859.8375,1797.0197579823152,-897.8063888823744,-39.375869099940815,51.69523687564392,24.39452190696035,54.964293227864346,20.641184865175312,False,-0.334587054816685,GULF_OF_LION
753,2014-09-12,859.8375,1801.5964220438252,-699.8442915924232,-241.91463045140225,51.69523687564392,24.39452190696035,54.964293227864346,20.641184865175312,False,-0.334587054816685,GULF_OF_LION
754,2014-09-20,969.9166666666666,1805.7949333699787,-644.8603188402839,-191.0179478630282,51.69523687564392,24.39452190696035,54.964293227864346,20.641184865175312,False,-0.334587054816685,GULF_OF_LION
755,2014-09-28,969.9166666666666,1809.4521064450723,-620.6031860333192,-218.9322537450865,51.69523687564392,24.39452190696035,54.964293227864346,20.641184865175312,False,-0.334587054816685,GULF_OF_LION
756,2014-10-04,969.9166666666666,1812.403919201837,-637.4332214694645,-205.05403106570589,51.69523687564392,24.39452190696035,54.964293227864346,20.641184865175312,False,-0.334587054816685,GULF_OF_LION
757,2014-10-12,1310.8375,1814.4919750095464,-409.20418646698187,-94.45028854256468,51.69523687564392,24.39452190696035,54.964293227864346,20.641184865175312,False,-0.334587054816685,GULF_OF_LION
758,2014-10-20,1310.8375,1815.5743600785183,-189.61665655235143,-315.120203526167,51.69523687564392,24.39452190696035,54.964293227864346,20.641184865175312,False,-0.334587054816685,GULF_OF_LION
759,2014-10-28,1310.8375,1815.5331882604837,-209.29873314530747,-295.39695511517573,51.69523687564392,24.39452190696035,54.964293227864346,20.641184865175312,False,-0.334587054816685,GULF_OF_LION
760,2014-11-04,2824.875,1814.2755693293132,630.2205316575189,380.3788990131677,51.69523687564392,24.39452190696035,54.964293227864346,20.641184865175312,False,-0.334587054816685,GULF_OF_LION
761,2014-11-12,3212.625,1811.7263373795483,808.9788104421564,591.9198521782953,51.69523687564392,24.39452190696035,54.964293227864346,20.641184865175312,False,-0.334587054816685,GULF_OF_LION
762,2014-11-20,3212.625,1807.8229864177235,680.948399820683,723.8536137615935,51.69523687564392,24.39452190696035,54.964293227864346,20.641184865175312,False,-0.334587054816685,GULF_OF_LION
763,2014-11-28,2907.833333333333,1802.5298814837524,461.8194913553851,643.483960494196,51.69523687564392,24.39452190696035,54.964293227864346,20.641184865175312,False,-0.334587054816685,GULF_OF_LION
764,2014-12-04,2082.25,1795.8248380539123,-146.3194298383988,432.7445917844865,51.69523687564392,24.39452190696035,54.964293227864346,20.641184865175312,False,-0.334587054816685,GULF_OF_LION
765,2014-12-12,2082.25,1787.692553473999,-192.70529967279995,487.262746198801,51.69523687564392,24.39452190696035,54.964293227864346,20.641184865175312,False,-0.334587054816685,GULF_OF_LION
766,2014-12-20,1577.75,1778.13278944832,-364.0053239186102,163.62253447029025,51.69523687564392,24.39452190696035,54.964293227864346,20.641184865175312,False,-0.334587054816685,GULF_OF_LION
767,2014-12-28,1770.125,1767.1724769127345,201.8681513596041,-198.9156282723384,51.69523687564392,24.39452190696035,54.964293227864346,20.641184865175312,False,-0.334587054816685,GULF_OF_LION
768,2015-01-04,1770.125,1754.8800896323255,349.3596011982496,-334.11469083057534,51.69523687564392,24.39452190696035,54.964293227864346,20.641184865175312,False,-0.334587054816685,GULF_OF_LION
769,2015-01-12,1918.875,1741.3621528100132,612.6650438759351,-435.1521966859483,51.69523687564392,24.39452190696035,54.964293227864346,20.641184865175312,False,-0.334587054816685,GULF_OF_LION
770,2015-01-20,2098.5714285714284,1726.7319103540467,469.7526455773309,-97.9131273599491,51.69523687564392,24.39452190696035,54.964293227864346,20.641184865175312,False,-0.334587054816685,GULF_OF_LION
771,2015-01-28,2510.5,1711.1051687732802,690.2788655695804,109.11596565713944,51.69523687564392,24.39452190696035,54.964293227864346,20.641184865175312,False,-0.334587054816685,GULF_OF_LION
772,2015-02-04,2098.5714285714284,1694.5958629226748,687.8290242783104,-283.8534586295567,51.69523687564392,24.39452190696035,54.964293227864346,20.641184865175312,False,-0.334587054816685,GULF_OF_LION
773,2015-02-12,2114.875,1677.3223372312004,870.8602339259885,-433.3075711571889,51.69523687564392,24.39452190696035,54.964293227864346,20.641184865175312,False,-0.334587054816685,GULF_OF_LION
774,2015-02-20,2114.875,1659.4137923480855,878.3676975313967,-422.9064898794823,51.69523687564392,24.39452190696035,54.964293227864346,20.641184865175312,False,-0.334587054816685,GULF_OF_LION
775,2015-02-28,2264.5,1641.009057316526,771.4866919206182,-147.9957492371442,51.69523687564392,24.39452190696035,54.964293227864346,20.641184865175312,False,-0.334587054816685,GULF_OF_LION
776,2015-03-04,2264.5,1622.252242171626,749.8962456447547,-107.64848781638068,51.69523687564392,24.39452190696035,54.964293227864346,20.641184865175312,False,-0.334587054816685,GULF_OF_LION
777,2015-03-12,1826.875,1603.289059718512,290.4643094525476,-66.87836917105972,51.69523687564392,24.39452190696035,54.964293227864346,20.641184865175312,False,-0.334587054816685,GULF_OF_LION
778,2015-03-20,1609.0,1584.2622904319496,-64.74763031818766,89.48533988623804,51.69523687564392,24.39452190696035,54.964293227864346,20.641184865175312,False,-0.334587054816685,GULF_OF_LION
779,2015-03-28,1609.0,1565.3144742869813,-61.184461588527085,104.8699873015458,51.69523687564392,24.39452190696035,54.964293227864346,20.641184865175312,False,-0.334587054816685,GULF_OF_LION
780,2015-04-04,1609.0,1546.5910350869003,-4.934147586716669,67.34311249981613,51.69523687564392,24.39452190696035,54.964293227864346,20.641184865175312,False,-0.334587054816685,GULF_OF_LION
781,2015-04-12,1532.25,1528.2220795068492,-21.43341251128971,25.46133300444047,51.69523687564392,24.39452190696035,54.964293227864346,20.641184865175312,False,-0.334587054816685,GULF_OF_LION
782,2015-04-20,1532.25,1510.3103571802703,23.13683029520476,-1.19718747547509,51.69523687564392,24.39452190696035,54.964293227864346,20.641184865175312,False,-0.334587054816685,GULF_OF_LION
783,2015-04-28,1818.0,1492.926579416967,176.84738675099604,148.2260338320373,51.69523687564392,24.39452190696035,54.964293227864346,20.641184865175312,False,-0.334587054816685,GULF_OF_LION
784,2015-05-04,2358.0,1476.114369002555,384.9665459614053,496.9190850360401,51.69523687564392,24.39452190696035,54.964293227864346,20.641184865175312,False,-0.334587054816685,GULF_OF_LION
785,2015-05-12,2358.0,1459.9075762347595,424.1522398438836,473.9401839213567,51.69523687564392,24.39452190696035,54.964293227864346,20.641184865175312,False,-0.334587054816685,GULF_OF_LION
786,2015-05-20,1604.75,1444.3349593183664,63.668597990365534,96.7464426912681,51.69523687564392,24.39452190696035,54.964293227864346,20.641184865175312,False,-0.334587054816685,GULF_OF_LION
787,2015-05-28,971.5142857142856,1429.4251695916794,-236.7322768574153,-221.1786070199784,51.69523687564392,24.39452190696035,54.964293227864346,20.641184865175312,False,-0.334587054816685,GULF_OF_LION
788,2015-06-04,971.5142857142856,1415.2160092417405,-205.69809552378928,-238.00362800366528,51.69523687564392,24.39452190696035,54.964293227864346,20.641184865175312,False,-0.334587054816685,GULF_OF_LION
789,2015-06-12,1280.2875,1401.7380143703465,12.470782339319824,-133.9212967096664,51.69523687564392,24.39452190696035,54.964293227864346,20.641184865175312,False,-0.334587054816685,GULF_OF_LION
790,2015-06-20,1280.2875,1389.0136755576525,-36.30913250631568,-72.41704305133692,51.69523687564392,24.39452190696035,54.964293227864346,20.641184865175312,False,-0.334587054816685,GULF_OF_LION
791,2015-06-28,942.8,1377.0697643473038,-277.04375428670465,-157.2260100605991,51.69523687564392,24.39452190696035,54.964293227864346,20.641184865175312,False,-0.334587054816685,GULF_OF_LION
792,2015-07-04,937.4625,1365.9482741757345,-391.1903408580146,-37.29543331771987,51.69523687564392,24.39452190696035,54.964293227864346,20.641184865175312,False,-0.334587054816685,GULF_OF_LION
793,2015-07-12,753.5,1355.7256166288869,-382.1321651601534,-220.09345146873343,51.69523687564392,24.39452190696035,54.964293227864346,20.641184865175312,False,-0.334587054816685,GULF_OF_LION
794,2015-07-20,734.8857142857142,1346.5061169139944,-365.1551197204546,-246.4652829078256,51.69523687564392,24.39452190696035,54.964293227864346,20.641184865175312,False,-0.334587054816685,GULF_OF_LION
795,2015-07-28,734.8857142857142,1338.4191778759382,-377.16896198426537,-226.3645016059586,51.69523687564392,24.39452190696035,54.964293227864346,20.641184865175312,False,-0.334587054816685,GULF_OF_LION
796,2015-08-04,734.8857142857142,1331.599415945538,-391.0398125830628,-205.6738890767608,51.69523687564392,24.39452190696035,54.964293227864346,20.641184865175312,False,-0.334587054816685,GULF_OF_LION
797,2015-08-12,776.075,1326.1749198111122,-562.815073019587,12.715153208474815,51.69523687564392,24.39452190696035,54.964293227864346,20.641184865175312,False,-0.334587054816685,GULF_OF_LION
798,2015-08-20,798.275,1322.2636180103743,-620.2506118302415,96.26199381986714,51.69523687564392,24.39452190696035,54.964293227864346,20.641184865175312,False,-0.334587054816685,GULF_OF_LION
799,2015-08-28,776.075,1319.961424816532,-665.1658439745995,121.27941915806764,51.69523687564392,24.39452190696035,54.964293227864346,20.641184865175312,False,-0.334587054816685,GULF_OF_LION
800,2015-09-04,837.157142857143,1319.3409611914271,-671.2489790268173,189.06516069253317,51.69523687564392,24.39452190696035,54.964293227864346,20.641184865175312,False,-0.334587054816685,GULF_OF_LION
801,2015-09-12,1354.1125,1320.4476538707147,-414.1145533213508,447.7793994506361,51.69523687564392,24.39452190696035,54.964293227864346,20.641184865175312,False,-0.334587054816685,GULF_OF_LION
802,2015-09-20,1354.1125,1323.302589873308,-387.9207084641032,418.730618590795,51.69523687564392,24.39452190696035,54.964293227864346,20.641184865175312,False,-0.334587054816685,GULF_OF_LION
803,2015-09-28,1330.525,1327.9032964789424,-410.23968437288096,412.8613878939387,51.69523687564392,24.39452190696035,54.964293227864346,20.641184865175312,False,-0.334587054816685,GULF_OF_LION
804,2015-10-04,1253.8,1334.2315790063944,-446.8545935455285,366.4230145391341,51.69523687564392,24.39452190696035,54.964293227864346,20.641184865175312,False,-0.334587054816685,GULF_OF_LION
805,2015-10-12,1253.8,1342.2514786900451,-291.1364624813515,202.6849837913063,51.69523687564392,24.39452190696035,54.964293227864346,20.641184865175312,False,-0.334587054816685,GULF_OF_LION
806,2015-10-20,1253.8,1351.9085417455185,-291.17602366013523,193.0674819146169,51.69523687564392,24.39452190696035,54.964293227864346,20.641184865175312,False,-0.334587054816685,GULF_OF_LION
807,2015-10-28,1131.4,1363.1351920261995,-335.4098522652353,103.67466023903586,51.69523687564392,24.39452190696035,54.964293227864346,20.641184865175312,False,-0.334587054816685,GULF_OF_LION
808,2015-11-04,1131.4,1375.849990805254,72.93613529431333,-317.38612609956726,51.69523687564392,24.39452190696035,54.964293227864346,20.641184865175312,False,-0.334587054816685,GULF_OF_LION
809,2015-11-12,1068.525,1389.9735519957446,253.96320119673095,-575.4117531924755,51.69523687564392,24.39452190696035,54.964293227864346,20.641184865175312,False,-0.334587054816685,GULF_OF_LION
810,2015-11-20,1068.525,1405.4328023427788,650.4990914621935,-987.4068938049722,51.69523687564392,24.39452190696035,54.964293227864346,20.641184865175312,False,-0.334587054816685,GULF_OF_LION
811,2015-11-28,1068.525,1422.114975511499,566.9559038933468,-920.545879404846,51.69523687564392,24.39452190696035,54.964293227864346,20.641184865175312,False,-0.334587054816685,GULF_OF_LION
812,2015-12-04,1008.2,1439.870292063887,-97.8153789091473,-333.85491315473973,51.69523687564392,24.39452190696035,54.964293227864346,20.641184865175312,False,-0.334587054816685,GULF_OF_LION
813,2015-12-12,835.3875,1458.5420848029837,-298.0031154700457,-325.15146933293795,51.69523687564392,24.39452190696035,54.964293227864346,20.641184865175312,False,-0.334587054816685,GULF_OF_LION
814,2015-12-20,758.9875,1477.976025893279,-495.9159142475612,-223.07261164571787,51.69523687564392,24.39452190696035,54.964293227864346,20.641184865175312,False,-0.334587054816685,GULF_OF_LION
815,2015-12-28,758.9875,1498.0178968683642,-528.9260219818698,-210.1043748864945,51.69523687564392,24.39452190696035,54.964293227864346,20.641184865175312,False,-0.334587054816685,GULF_OF_LION
816,2016-01-04,1353.25,1518.504883630504,-238.31815750514596,73.06327387464208,51.69523687564392,24.39452190696035,54.964293227864346,20.641184865175312,False,-0.334587054816685,GULF_OF_LION
817,2016-01-12,1854.25,1539.283205867839,96.09556655084356,218.87122758131775,51.69523687564392,24.39452190696035,54.964293227864346,20.641184865175312,False,-0.334587054816685,GULF_OF_LION
818,2016-01-20,1854.25,1560.2119751091589,179.54639548596654,114.4916294048746,51.69523687564392,24.39452190696035,54.964293227864346,20.641184865175312,False,-0.334587054816685,GULF_OF_LION
819,2016-01-28,1854.25,1581.159137182677,299.3574585775438,-26.26659576022047,51.69523687564392,24.39452190696035,54.964293227864346,20.641184865175312,False,-0.334587054816685,GULF_OF_LION
820,2016-02-04,2622.875,1602.003298663386,784.2346164489534,236.63708488766065,51.69523687564392,24.39452190696035,54.964293227864346,20.641184865175312,False,-0.334587054816685,GULF_OF_LION
821,2016-02-12,2739.875,1622.6103122594704,850.2488570848028,267.01583065572675,51.69523687564392,24.39452190696035,54.964293227864346,20.641184865175312,False,-0.334587054816685,GULF_OF_LION
822,2016-02-20,2739.875,1642.8163489703063,635.4798068191651,461.5788442105284,51.69523687564392,24.39452190696035,54.964293227864346,20.641184865175312,False,-0.334587054816685,GULF_OF_LION
823,2016-02-28,2585.875,1662.4556551255268,597.5913970667693,325.8279478077038,51.69523687564392,24.39452190696035,54.964293227864346,20.641184865175312,False,-0.334587054816685,GULF_OF_LION
824,2016-03-04,2548.4,1681.3726301890172,867.4472751161961,-0.4199053052132058,51.69523687564392,24.39452190696035,54.964293227864346,20.641184865175312,False,-0.334587054816685,GULF_OF_LION
825,2016-03-12,2431.25,1699.4051417533665,701.1942975718214,30.65056067481237,51.69523687564392,24.39452190696035,54.964293227864346,20.641184865175312,False,-0.334587054816685,GULF_OF_LION
826,2016-03-20,1470.75,1716.3890471795391,90.80145268624032,-336.44049986577943,51.69523687564392,24.39452190696035,54.964293227864346,20.641184865175312,False,-0.334587054816685,GULF_OF_LION
827,2016-03-28,1470.75,1732.1603335137463,33.822795694509175,-295.2331292082555,51.69523687564392,24.39452190696035,54.964293227864346,20.641184865175312,False,-0.334587054816685,GULF_OF_LION
828,2016-04-04,1873.125,1746.5615084877836,119.09393879556276,7.469552716653638,51.69523687564392,24.39452190696035,54.964293227864346,20.641184865175312,False,-0.334587054816685,GULF_OF_LION
829,2016-04-12,2091.5,1759.4514951130534,143.9818009843389,188.0667039026077,51.69523687564392,24.39452190696035,54.964293227864346,20.641184865175312,False,-0.334587054816685,GULF_OF_LION
830,2016-04-20,2478.333333333333,1770.71133166635,342.2763210768795,365.34568059010405,51.69523687564392,24.39452190696035,54.964293227864346,20.641184865175312,False,-0.334587054816685,GULF_OF_LION
831,2016-04-28,2478.333333333333,1780.240798478538,423.82971430709335,274.2628205477022,51.69523687564392,24.39452190696035,54.964293227864346,20.641184865175312,False,-0.334587054816685,GULF_OF_LION
832,2016-05-04,2237.625,1787.958296480826,552.8673422542654,-103.2006387350914,51.69523687564392,24.39452190696035,54.964293227864346,20.641184865175312,False,-0.334587054816685,GULF_OF_LION
833,2016-05-12,2230.75,1793.793169454992,586.5479933053449,-149.59116276033694,51.69523687564392,24.39452190696035,54.964293227864346,20.641184865175312,False,-0.334587054816685,GULF_OF_LION
834,2016-05-20,2237.625,1797.682726755496,406.413237217665,33.52903602683887,51.69523687564392,24.39452190696035,54.964293227864346,20.641184865175312,False,-0.334587054816685,GULF_OF_LION
835,2016-05-28,2273.1428571428573,1799.557154948835,257.24396048491,216.3417417091124,51.69523687564392,24.39452190696035,54.964293227864346,20.641184865175312,False,-0.334587054816685,GULF_OF_LION
836,2016-06-04,2678.5,1799.3378219081642,433.0190241713217,446.1431539205141,51.69523687564392,24.39452190696035,54.964293227864346,20.641184865175312,False,-0.334587054816685,GULF_OF_LION
837,2016-06-12,2944.75,1796.9569740758452,614.79992949524,532.9930964289148,51.69523687564392,24.39452190696035,54.964293227864346,20.641184865175312,False,-0.334587054816685,GULF_OF_LION
838,2016-06-20,2678.5,1792.3726560550915,450.99755176231866,435.1297921825898,51.69523687564392,24.39452190696035,54.964293227864346,20.641184865175312,False,-0.334587054816685,GULF_OF_LION
839,2016-06-28,2325.5,1785.5614590686705,175.86437373471009,364.07416719661967,51.69523687564392,24.39452190696035,54.964293227864346,20.641184865175312,False,-0.334587054816685,GULF_OF_LION
840,2016-07-04,1534.375,1776.5088945677237,-256.3916165270146,14.257721959291132,51.69523687564392,24.39452190696035,54.964293227864346,20.641184865175312,False,-0.334587054816685,GULF_OF_LION
841,2016-07-12,1198.75,1765.2034384271467,-510.3889079202805,-56.06453050686622,51.69523687564392,24.39452190696035,54.964293227864346,20.641184865175312,False,-0.334587054816685,GULF_OF_LION
842,2016-07-20,1009.4625,1751.6424648412972,-611.1791335193789,-131.00083132191833,51.69523687564392,24.39452190696035,54.964293227864346,20.641184865175312,False,-0.334587054816685,GULF_OF_LION
843,2016-07-28,938.2,1735.830513330094,-630.6810758841328,-166.94943744596117,51.69523687564392,24.39452190696035,54.964293227864346,20.641184865175312,False,-0.334587054816685,GULF_OF_LION
844,2016-08-04,844.9625,1717.7897276040426,-668.9043854861073,-203.9228421179353,51.69523687564392,24.39452190696035,54.964293227864346,20.641184865175312,False,-0.334587054816685,GULF_OF_LION
845,2016-08-12,574.85,1697.566749370014,-793.2412016526274,-329.4755477173866,51.69523687564392,24.39452190696035,54.964293227864346,20.641184865175312,False,-0.334587054816685,GULF_OF_LION
846,2016-08-20,574.85,1675.2368523410996,-806.3133578238204,-294.0734945172793,51.69523687564392,24.39452190696035,54.964293227864346,20.641184865175312,False,-0.334587054816685,GULF_OF_LION
847,2016-08-28,586.2,1650.9119346825328,-810.6186056991658,-254.09332898336697,51.69523687564392,24.39452190696035,54.964293227864346,20.641184865175312,False,-0.334587054816685,GULF_OF_LION
848,2016-09-04,648.2714285714285,1624.7362337675308,-759.4553180083003,-217.00948718780205,51.69523687564392,24.39452190696035,54.964293227864346,20.641184865175312,False,-0.334587054816685,GULF_OF_LION
849,2016-09-12,645.525,1596.8857934802704,-639.5197537426674,-311.84103973760307,51.69523687564392,24.39452190696035,54.964293227864346,20.641184865175312,False,-0.334587054816685,GULF_OF_LION
850,2016-09-20,645.525,1567.568400945408,-646.481704813039,-275.5616961323691,51.69523687564392,24.39452190696035,54.964293227864346,20.641184865175312,False,-0.334587054816685,GULF_OF_LION
851,2016-09-28,596.6333333333333,1537.0193143473143,-684.3746297110175,-256.0113513029637,51.69523687564392,24.39452190696035,54.964293227864346,20.641184865175312,False,-0.334587054816685,GULF_OF_LION
852,2016-10-04,596.6333333333333,1505.4852390249896,-721.7667930568268,-187.08511263482944,51.69523687564392,24.39452190696035,54.964293227864346,20.641184865175312,False,-0.334587054816685,GULF_OF_LION
853,2016-10-12,875.6875,1473.2189793158393,-582.1529161418114,-15.378563174027931,51.69523687564392,24.39452190696035,54.964293227864346,20.641184865175312,False,-0.334587054816685,GULF_OF_LION
854,2016-10-20,882.0375,1440.4728310403484,-575.1097206072479,16.67438956689955,51.69523687564392,24.39452190696035,54.964293227864346,20.641184865175312,False,-0.334587054816685,GULF_OF_LION
855,2016-10-28,961.2875,1407.492215631736,-555.4676770334277,109.26296140169154,51.69523687564392,24.39452190696035,54.964293227864346,20.641184865175312,False,-0.334587054816685,GULF_OF_LION
856,2016-11-04,1087.3428571428572,1374.5120541777808,-468.3619733576252,181.19277632270155,51.69523687564392,24.39452190696035,54.964293227864346,20.641184865175312,False,-0.334587054816685,GULF_OF_LION
857,2016-11-12,1554.375,1341.7527426622848,-173.04862266992848,385.6708800076436,51.69523687564392,24.39452190696035,54.964293227864346,20.641184865175312,False,-0.334587054816685,GULF_OF_LION
858,2016-11-20,3154.5,1309.4095324440823,645.112307669768,1199.9781598861496,51.69523687564392,24.39452190696035,54.964293227864346,20.641184865175312,False,-0.334587054816685,GULF_OF_LION
859,2016-11-28,3154.5,1277.674244780666,646.7953611566301,1230.030394062704,51.69523687564392,24.39452190696035,54.964293227864346,20.641184865175312,False,-0.334587054816685,GULF_OF_LION
860,2016-12-04,1484.625,1246.7371843333074,-166.136811099357,404.02462676604966,51.69523687564392,24.39452190696035,54.964293227864346,20.641184865175312,False,-0.334587054816685,GULF_OF_LION
861,2016-12-12,1078.1,1216.7851059617033,-172.8945894260178,34.209483464314445,51.69523687564392,24.39452190696035,54.964293227864346,20.641184865175312,False,-0.334587054816685,GULF_OF_LION
862,2016-12-20,987.2875,1187.988313293529,-233.8684530202676,33.16763972673857,51.69523687564392,24.39452190696035,54.964293227864346,20.641184865175312,False,-0.334587054816685,GULF_OF_LION
863,2016-12-28,701.75,1160.489227414345,-372.23911491013655,-86.50011250420835,51.69523687564392,24.39452190696035,54.964293227864346,20.641184865175312,False,-0.334587054816685,GULF_OF_LION
864,2017-01-04,701.75,1134.4092873256443,92.502655263722,-525.1619425893663,51.69523687564392,24.39452190696035,54.964293227864346,20.641184865175312,False,-0.334587054816685,GULF_OF_LION
865,2017-01-12,892.45,1109.825195472171,313.7275400331846,-531.1027355053554,51.69523687564392,24.39452190696035,54.964293227864346,20.641184865175312,False,-0.334587054816685,GULF_OF_LION
866,2017-01-20,1036.0285714285717,1086.7890803428795,385.0949647327473,-435.85547364705536,51.69523687564392,24.39452190696035,54.964293227864346,20.641184865175312,False,-0.334587054816685,GULF_OF_LION
867,2017-01-28,1088.7625,1065.3336613596211,441.7842253719738,-418.3553867315949,51.69523687564392,24.39452190696035,54.964293227864346,20.641184865175312,False,-0.334587054816685,GULF_OF_LION
868,2017-02-04,1887.875,1045.4759184385252,1031.6641413658397,-189.2650598043649,51.69523687564392,24.39452190696035,54.964293227864346,20.641184865175312,False,-0.334587054816685,GULF_OF_LION
869,2017-02-12,1887.875,1027.2367511850232,855.6485345501725,4.98971426480432,51.69523687564392,24.39452190696035,54.964293227864346,20.641184865175312,False,-0.334587054816685,GULF_OF_LION
870,2017-02-20,1018.775,1010.6643385382836,273.9283295136871,-265.8176680519708,51.69523687564392,24.39452190696035,54.964293227864346,20.641184865175312,False,-0.334587054816685,GULF_OF_LION
871,2017-02-28,1018.775,995.8200003679202,369.8379004792969,-346.8829008472172,51.69523687564392,24.39452190696035,54.964293227864346,20.641184865175312,False,-0.334587054816685,GULF_OF_LION
872,2017-03-04,2170.0,982.762677237194,935.5103696984206,251.7269530643855,51.69523687564392,24.39452190696035,54.964293227864346,20.641184865175312,False,-0.334587054816685,GULF_OF_LION
873,2017-03-12,2170.0,971.5474145106764,1087.2669537841796,111.18563170514405,51.69523687564392,24.39452190696035,54.964293227864346,20.641184865175312,False,-0.334587054816685,GULF_OF_LION
874,2017-03-20,1853.0,962.2131259051848,691.2989336167668,199.48794047804824,51.69523687564392,24.39452190696035,54.964293227864346,20.641184865175312,False,-0.334587054816685,GULF_OF_LION
875,2017-03-28,1608.75,954.791232093742,476.8119015728928,177.14686633336532,51.69523687564392,24.39452190696035,54.964293227864346,20.641184865175312,False,-0.334587054816685,GULF_OF_LION
876,2017-04-04,1128.0,949.3071348394088,321.9393575928539,-143.24649243226264,51.69523687564392,24.39452190696035,54.964293227864346,20.641184865175312,False,-0.334587054816685,GULF_OF_LION
877,2017-04-12,849.3125,945.7921144655606,240.51875530816693,-336.9983697737276,51.69523687564392,24.39452190696035,54.964293227864346,20.641184865175312,False,-0.334587054816685,GULF_OF_LION
878,2017-04-20,849.3125,944.2862681170864,172.06641287394433,-267.0401809910307,51.69523687564392,24.39452190696035,54.964293227864346,20.641184865175312,False,-0.334587054816685,GULF_OF_LION
879,2017-04-28,871.8833333333333,944.8433333688998,159.7123849469654,-232.6723849825319,51.69523687564392,24.39452190696035,54.964293227864346,20.641184865175312,False,-0.334587054816685,GULF_OF_LION
880,2017-05-04,1299.35,947.5234353286128,313.9784453372545,37.84811933413272,51.69523687564392,24.39452190696035,54.964293227864346,20.641184865175312,False,-0.334587054816685,GULF_OF_LION
881,2017-05-12,1407.75,952.3873041965156,418.3256883628896,37.037007440594834,51.69523687564392,24.39452190696035,54.964293227864346,20.641184865175312,False,-0.334587054816685,GULF_OF_LION
882,2017-05-20,1407.75,959.4878251261256,423.4426860055944,24.81948886828002,51.69523687564392,24.39452190696035,54.964293227864346,20.641184865175312,False,-0.334587054816685,GULF_OF_LION
883,2017-05-28,1374.25,968.88225197569,446.3319234277912,-40.96417540348108,51.69523687564392,24.39452190696035,54.964293227864346,20.641184865175312,False,-0.334587054816685,GULF_OF_LION
884,2017-06-04,1263.7142857142858,980.629837455176,565.3650204712749,-282.2805722121652,51.69523687564392,24.39452190696035,54.964293227864346,20.641184865175312,False,-0.334587054816685,GULF_OF_LION
885,2017-06-12,1147.0,994.780444562579,566.6778453203314,-414.4582898829103,51.69523687564392,24.39452190696035,54.964293227864346,20.641184865175312,False,-0.334587054816685,GULF_OF_LION
886,2017-06-20,1033.7375,1011.3714727144928,250.0579348640586,-227.69190757855148,51.69523687564392,24.39452190696035,54.964293227864346,20.641184865175312,False,-0.334587054816685,GULF_OF_LION
887,2017-06-28,985.65,1030.4273855174683,0.2092516858922,-44.98663720336056,51.69523687564392,24.39452190696035,54.964293227864346,20.641184865175312,False,-0.334587054816685,GULF_OF_LION
888,2017-07-04,854.4625,1051.952266104355,-317.94796310260284,120.45819699824784,51.69523687564392,24.39452190696035,54.964293227864346,20.641184865175312,False,-0.334587054816685,GULF_OF_LION
889,2017-07-12,705.425,1075.9233696324338,-544.9899436424774,174.49157401004356,51.69523687564392,24.39452190696035,54.964293227864346,20.641184865175312,False,-0.334587054816685,GULF_OF_LION
890,2017-07-20,705.425,1102.2827815754213,-603.0632255251019,206.20544394968056,51.69523687564392,24.39452190696035,54.964293227864346,20.641184865175312,False,-0.334587054816685,GULF_OF_LION
891,2017-07-28,772.5,1130.944915757609,-614.6984457506009,256.2535299929922,51.69523687564392,24.39452190696035,54.964293227864346,20.641184865175312,False,-0.334587054816685,GULF_OF_LION
892,2017-08-04,810.2125,1161.7970888429656,-626.4787358391249,274.8941469961592,51.69523687564392,24.39452190696035,54.964293227864346,20.641184865175312,False,-0.334587054816685,GULF_OF_LION
893,2017-08-12,810.2125,1194.6999753247646,-704.9332099268428,320.4457346020781,51.69523687564392,24.39452190696035,54.964293227864346,20.641184865175312,False,-0.334587054816685,GULF_OF_LION
894,2017-08-20,708.5571428571428,1229.4882681408794,-777.6378551386932,256.7067298549566,51.69523687564392,24.39452190696035,54.964293227864346,20.641184865175312,False,-0.334587054816685,GULF_OF_LION
895,2017-08-28,653.775,1265.9725976300826,-845.291594461181,233.0939968310984,51.69523687564392,24.39452190696035,54.964293227864346,20.641184865175312,False,-0.334587054816685,GULF_OF_LION
896,2017-09-04,653.775,1303.9483912220098,-829.6613496465444,179.48795842453455,51.69523687564392,24.39452190696035,54.964293227864346,20.641184865175312,False,-0.334587054816685,GULF_OF_LION
897,2017-09-12,627.9125,1343.1947206610323,-841.1499387495925,125.8677180885602,51.69523687564392,24.39452190696035,54.964293227864346,20.641184865175312,False,-0.334587054816685,GULF_OF_LION
898,2017-09-20,627.9125,1383.4759334718867,-846.6882910996907,91.12485762780398,51.69523687564392,24.39452190696035,54.964293227864346,20.641184865175312,False,-0.334587054816685,GULF_OF_LION
899,2017-09-28,627.9125,1424.544903711964,-869.0242682318465,72.39186451988246,51.69523687564392,24.39452190696035,54.964293227864346,20.641184865175312,False,-0.334587054816685,GULF_OF_LION
900,2017-10-04,568.8625,1466.152720280137,-904.6912095174464,7.400989237309545,51.69523687564392,24.39452190696035,54.964293227864346,20.641184865175312,False,-0.334587054816685,GULF_OF_LION
901,2017-10-12,568.8625,1508.0537274721828,-845.6638062645671,-93.5274212076157,51.69523687564392,24.39452190696035,54.964293227864346,20.641184865175312,False,-0.334587054816685,GULF_OF_LION
902,2017-10-20,568.8625,1550.014794384804,-776.8902708646004,-204.2620235202036,51.69523687564392,24.39452190696035,54.964293227864346,20.641184865175312,False,-0.334587054816685,GULF_OF_LION
903,2017-10-28,581.4125,1591.8220033499706,-741.0995364188644,-269.30996693110615,51.69523687564392,24.39452190696035,54.964293227864346,20.641184865175312,False,-0.334587054816685,GULF_OF_LION
904,2017-11-04,645.8875,1633.28184287103,-484.5272439568543,-502.8670989141757,51.69523687564392,24.39452190696035,54.964293227864346,20.641184865175312,False,-0.334587054816685,GULF_OF_LION
905,2017-11-12,929.55,1674.2108094767773,-228.33960459830337,-516.321204878474,51.69523687564392,24.39452190696035,54.964293227864346,20.641184865175312,False,-0.334587054816685,GULF_OF_LION
906,2017-11-20,987.525,1714.4446378904563,228.9696364246044,-955.8892743150608,51.69523687564392,24.39452190696035,54.964293227864346,20.641184865175312,False,-0.334587054816685,GULF_OF_LION
907,2017-11-28,995.3875,1753.842243238169,239.21350315217367,-997.6682463903426,51.69523687564392,24.39452190696035,54.964293227864346,20.641184865175312,False,-0.334587054816685,GULF_OF_LION
908,2017-12-04,1150.3,1792.282998206491,-102.15494393174984,-539.8280542747409,51.69523687564392,24.39452190696035,54.964293227864346,20.641184865175312,False,-0.334587054816685,GULF_OF_LION
909,2017-12-12,2107.125,1829.6277440887848,285.5395262837328,-8.042270372517578,51.69523687564392,24.39452190696035,54.964293227864346,20.641184865175312,False,-0.334587054816685,GULF_OF_LION
910,2017-12-20,2107.125,1865.7117693784164,260.7613920261463,-19.348161404562745,51.69523687564392,24.39452190696035,54.964293227864346,20.641184865175312,False,-0.334587054816685,GULF_OF_LION
911,2017-12-28,2107.125,1900.3669882262668,189.12563982152477,17.632371952208445,51.69523687564392,24.39452190696035,54.964293227864346,20.641184865175312,False,-0.334587054816685,GULF_OF_LION
912,2018-01-04,3361.875,1933.4280445778925,593.876489122651,834.5704662994567,51.69523687564392,24.39452190696035,54.964293227864346,20.641184865175312,False,-0.334587054816685,GULF_OF_LION
913,2018-01-12,3361.875,1964.737530404108,639.0919404732765,758.0455291226158,51.69523687564392,24.39452190696035,54.964293227864346,20.641184865175312,False,-0.334587054816685,GULF_OF_LION
914,2018-01-20,3361.875,1994.1353108593296,701.8870550515077,665.8526340891625,51.69523687564392,24.39452190696035,54.964293227864346,20.641184865175312,False,-0.334587054816685,GULF_OF_LION
915,2018-01-28,3488.125,2021.472658996956,849.3944548640676,617.2578861389767,51.69523687564392,24.39452190696035,54.964293227864346,20.641184865175312,False,-0.334587054816685,GULF_OF_LION
916,2018-02-04,3488.125,2046.6129864613763,1104.709958800048,336.80205473857563,51.69523687564392,24.39452190696035,54.964293227864346,20.641184865175312,False,-0.334587054816685,GULF_OF_LION
917,2018-02-12,2677.875,2069.433345383763,696.2005520158025,-87.75889739956551,51.69523687564392,24.39452190696035,54.964293227864346,20.641184865175312,False,-0.334587054816685,GULF_OF_LION
918,2018-02-20,2099.75,2089.821536422202,102.12735683477366,-92.19889325697558,51.69523687564392,24.39452190696035,54.964293227864346,20.641184865175312,False,-0.334587054816685,GULF_OF_LION
919,2018-02-28,2643.375,2107.6714819432127,370.0391660076962,165.66435204909106,51.69523687564392,24.39452190696035,54.964293227864346,20.641184865175312,False,-0.334587054816685,GULF_OF_LION
920,2018-03-04,2643.375,2122.883723738959,655.8809560927241,-135.389679831683,51.69523687564392,24.39452190696035,54.964293227864346,20.641184865175312,False,-0.334587054816685,GULF_OF_LION
921,2018-03-12,3362.75,2135.3902308086,1100.4693440465858,126.89042514481434,51.69523687564392,24.39452190696035,54.964293227864346,20.641184865175312,False,-0.334587054816685,GULF_OF_LION
922,2018-03-20,3362.75,2145.15916747504,1018.788085062942,198.8027474620178,51.69523687564392,24.39452190696035,54.964293227864346,20.641184865175312,False,-0.334587054816685,GULF_OF_LION
923,2018-03-28,2983.0,2152.158141984143,695.9924551791055,134.84940283675132,51.69523687564392,24.39452190696035,54.964293227864346,20.641184865175312,False,-0.334587054816685,GULF_OF_LION
924,2018-04-04,2912.75,2156.355021456228,464.5996920960063,291.7952864477658,51.69523687564392,24.39452190696035,54.964293227864346,20.641184865175312,False,-0.334587054816685,GULF_OF_LION
925,2018-04-12,2912.75,2157.716720753925,392.1284303539067,362.90484889216776,51.69523687564392,24.39452190696035,54.964293227864346,20.641184865175312,False,-0.334587054816685,GULF_OF_LION
926,2018-04-20,2238.0,2156.2077557920825,49.36734786457943,32.42489634333809,51.69523687564392,24.39452190696035,54.964293227864346,20.641184865175312,False,-0.334587054816685,GULF_OF_LION
927,2018-04-28,2132.6666666666665,2151.7970765083724,4.2143731768676425,-23.344783018573484,51.69523687564392,24.39452190696035,54.964293227864346,20.641184865175312,False,-0.334587054816685,GULF_OF_LION
928,2018-05-04,2132.6666666666665,2144.470143010265,197.43239380128531,-209.2358701448843,51.69523687564392,24.39452190696035,54.964293227864346,20.641184865175312,False,-0.334587054816685,GULF_OF_LION
929,2018-05-12,2343.0,2134.2283796964966,293.0821638134093,-84.31054350990593,51.69523687564392,24.39452190696035,54.964293227864346,20.641184865175312,False,-0.334587054816685,GULF_OF_LION
930,2018-05-20,2343.0,2121.098086691693,286.38629142520205,-64.48437811689502,51.69523687564392,24.39452190696035,54.964293227864346,20.641184865175312,False,-0.334587054816685,GULF_OF_LION
931,2018-05-28,2437.75,2105.121771569293,236.70250265831703,95.92572577239012,51.69523687564392,24.39452190696035,54.964293227864346,20.641184865175312,False,-0.334587054816685,GULF_OF_LION
932,2018-06-04,2721.125,2086.36380957687,341.26233123920866,293.4988591839212,51.69523687564392,24.39452190696035,54.964293227864346,20.641184865175312,False,-0.334587054816685,GULF_OF_LION
933,2018-06-12,2721.125,2064.910935439366,408.2345005934544,247.97956396717973,51.69523687564392,24.39452190696035,54.964293227864346,20.641184865175312,False,-0.334587054816685,GULF_OF_LION
934,2018-06-20,1993.25,2040.8645910969508,2.9272096240643464,-50.541800721015136,51.69523687564392,24.39452190696035,54.964293227864346,20.641184865175312,False,-0.334587054816685,GULF_OF_LION
935,2018-06-28,1493.6666666666667,2014.3466493473304,-343.5001338430378,-177.17984883762583,51.69523687564392,24.39452190696035,54.964293227864346,20.641184865175312,False,-0.334587054816685,GULF_OF_LION
936,2018-07-04,1326.0,1985.5098310338208,-484.9944227059781,-174.51540832784264,51.69523687564392,24.39452190696035,54.964293227864346,20.641184865175312,False,-0.334587054816685,GULF_OF_LION
937,2018-07-12,1093.725,1954.53693186236,-735.2052320084297,-125.6066998539302,51.69523687564392,24.39452190696035,54.964293227864346,20.641184865175312,False,-0.334587054816685,GULF_OF_LION
938,2018-07-20,1085.775,1921.642961626227,-729.1756749551532,-106.6922866710736,51.69523687564392,24.39452190696035,54.964293227864346,20.641184865175312,False,-0.334587054816685,GULF_OF_LION
939,2018-07-28,1015.342857142857,1887.068617058212,-746.3117301317853,-125.41402978356928,51.69523687564392,24.39452190696035,54.964293227864346,20.641184865175312,False,-0.334587054816685,GULF_OF_LION
940,2018-08-04,1015.342857142857,1851.0773214804417,-731.4040915636532,-104.33037277393146,51.69523687564392,24.39452190696035,54.964293227864346,20.641184865175312,False,-0.334587054816685,GULF_OF_LION
941,2018-08-12,977.75,1813.9511341298248,-742.8520742573202,-93.34905987250444,51.69523687564392,24.39452190696035,54.964293227864346,20.641184865175312,False,-0.334587054816685,GULF_OF_LION
942,2018-08-20,886.6,1775.98444188365,-804.0623199468631,-85.32212193678697,51.69523687564392,24.39452190696035,54.964293227864346,20.641184865175312,False,-0.334587054816685,GULF_OF_LION
943,2018-08-28,717.7142857142857,1737.4778216037469,-899.7291836175933,-120.03435227186787,51.69523687564392,24.39452190696035,54.964293227864346,20.641184865175312,False,-0.334587054816685,GULF_OF_LION
944,2018-09-04,717.7142857142857,1698.7298986475946,-952.1301635004514,-28.885449432857516,51.69523687564392,24.39452190696035,54.964293227864346,20.641184865175312,False,-0.334587054816685,GULF_OF_LION
945,2018-09-12,726.8875,1660.0383090547216,-949.8949197969368,16.744110742215184,51.69523687564392,24.39452190696035,54.964293227864346,20.641184865175312,False,-0.334587054816685,GULF_OF_LION
946,2018-09-20,731.3666666666667,1621.6941116009057,-926.8521562601726,36.5247113259336,51.69523687564392,24.39452190696035,54.964293227864346,20.641184865175312,False,-0.334587054816685,GULF_OF_LION
947,2018-09-28,726.8875,1583.9765078466846,-918.638218027408,61.54921018072344,51.69523687564392,24.39452190696035,54.964293227864346,20.641184865175312,False,-0.334587054816685,GULF_OF_LION
948,2018-10-04,731.3666666666667,1547.149476878461,-920.1071570359734,104.32434682417907,51.69523687564392,24.39452190696035,54.964293227864346,20.641184865175312,False,-0.334587054816685,GULF_OF_LION
949,2018-10-12,715.475,1511.456771243612,-862.5010200938336,66.51924885022174,51.69523687564392,24.39452190696035,54.964293227864346,20.641184865175312,False,-0.334587054816685,GULF_OF_LION
950,2018-10-20,1001.2,1477.111258279866,-504.72272770781655,28.81146942795061,51.69523687564392,24.39452190696035,54.964293227864346,20.641184865175312,False,-0.334587054816685,GULF_OF_LION
951,2018-10-28,1045.428571428571,1444.2798955864798,-378.2263605019377,-20.624963655970816,51.69523687564392,24.39452190696035,54.964293227864346,20.641184865175312,False,-0.334587054816685,GULF_OF_LION
952,2018-11-04,1823.75,1413.0823474278088,26.895579000795657,383.77207357139554,51.69523687564392,24.39452190696035,54.964293227864346,20.641184865175312,False,-0.334587054816685,GULF_OF_LION
953,2018-11-12,1823.75,1383.603884547929,167.23288970892358,272.91322574314734,51.69523687564392,24.39452190696035,54.964293227864346,20.641184865175312,False,-0.334587054816685,GULF_OF_LION
954,2018-11-20,1946.875,1355.8905980331306,342.63482945789235,248.34957250897708,51.69523687564392,24.39452190696035,54.964293227864346,20.641184865175312,False,-0.334587054816685,GULF_OF_LION
955,2018-11-28,1979.8333333333333,1329.9573767536226,474.7049236547374,175.17103292497325,51.69523687564392,24.39452190696035,54.964293227864346,20.641184865175312,False,-0.334587054816685,GULF_OF_LION
956,2018-12-04,1979.8333333333333,1305.789670288144,520.9592270195269,153.0844360256624,51.69523687564392,24.39452190696035,54.964293227864346,20.641184865175312,False,-0.334587054816685,GULF_OF_LION
957,2018-12-12,2032.125,1283.3768122630554,859.189831926228,-110.44164418928337,51.69523687564392,24.39452190696035,54.964293227864346,20.641184865175312,False,-0.334587054816685,GULF_OF_LION
958,2018-12-20,2032.125,1262.7340623078214,970.0725273993712,-200.6815897071928,51.69523687564392,24.39452190696035,54.964293227864346,20.641184865175312,False,-0.334587054816685,GULF_OF_LION
959,2018-12-28,2032.125,1243.8976107808917,970.7976370292356,-182.5702478101272,51.69523687564392,24.39452190696035,54.964293227864346,20.641184865175312,False,-0.334587054816685,GULF_OF_LION
960,2019-01-04,1145.9625,1226.913550135718,418.21602922503234,-499.1670793607502,51.69523687564392,24.39452190696035,54.964293227864346,20.641184865175312,False,-0.334587054816685,GULF_OF_LION
961,2019-01-12,1145.9625,1211.8631462060223,234.81923828544453,-300.7198844914667,51.69523687564392,24.39452190696035,54.964293227864346,20.641184865175312,False,-0.334587054816685,GULF_OF_LION
962,2019-01-20,1263.7142857142858,1198.8745412888588,294.8874150072843,-230.04767058185732,51.69523687564392,24.39452190696035,54.964293227864346,20.641184865175312,False,-0.334587054816685,GULF_OF_LION
963,2019-01-28,1559.625,1188.0902743177935,511.9955250921261,-140.46079940991962,51.69523687564392,24.39452190696035,54.964293227864346,20.641184865175312,False,-0.334587054816685,GULF_OF_LION
964,2019-02-04,1792.375,1179.6562269429885,763.0070426541158,-150.28826959710432,51.69523687564392,24.39452190696035,54.964293227864346,20.641184865175312,False,-0.334587054816685,GULF_OF_LION
965,2019-02-12,1792.375,1173.7026649848456,562.5492214854687,56.123113529685725,51.69523687564392,24.39452190696035,54.964293227864346,20.641184865175312,False,-0.334587054816685,GULF_OF_LION
966,2019-02-20,1457.875,1170.3320485122306,185.7075163592829,101.83543512848652,51.69523687564392,24.39452190696035,54.964293227864346,20.641184865175312,False,-0.334587054816685,GULF_OF_LION
967,2019-02-28,1457.875,1169.6088185954927,321.6616021928382,-33.39542078833091,51.69523687564392,24.39452190696035,54.964293227864346,20.641184865175312,False,-0.334587054816685,GULF_OF_LION
968,2019-03-04,1461.375,1171.5702382841027,651.215755828572,-361.4109941126748,51.69523687564392,24.39452190696035,54.964293227864346,20.641184865175312,False,-0.334587054816685,GULF_OF_LION
969,2019-03-12,1809.75,1176.2061159138957,1005.3733526920264,-371.8294686059221,51.69523687564392,24.39452190696035,54.964293227864346,20.641184865175312,False,-0.334587054816685,GULF_OF_LION
970,2019-03-20,1809.75,1183.4617613428934,702.292881889804,-76.00464323269739,51.69523687564392,24.39452190696035,54.964293227864346,20.641184865175312,False,-0.334587054816685,GULF_OF_LION
971,2019-03-28,1533.0,1193.278730572442,312.5048208190656,27.21644860849233,51.69523687564392,24.39452190696035,54.964293227864346,20.641184865175312,False,-0.334587054816685,GULF_OF_LION
972,2019-04-04,1240.2875,1205.5919676304122,89.20713850279532,-54.51160613320764,51.69523687564392,24.39452190696035,54.964293227864346,20.641184865175312,False,-0.334587054816685,GULF_OF_LION
973,2019-04-12,1240.2875,1220.3247510306376,85.50937013318453,-65.5466211638222,51.69523687564392,24.39452190696035,54.964293227864346,20.641184865175312,False,-0.334587054816685,GULF_OF_LION
974,2019-04-20,1240.2875,1237.387745933303,-85.595037378419,88.49479144511591,51.69523687564392,24.39452190696035,54.964293227864346,20.641184865175312,False,-0.334587054816685,GULF_OF_LION
975,2019-04-28,1283.8,1256.669521858105,-70.44853184280431,97.57900998469916,51.69523687564392,24.39452190696035,54.964293227864346,20.641184865175312,False,-0.334587054816685,GULF_OF_LION
976,2019-05-04,1674.0,1278.028192375236,208.96582280230697,187.0059848224569,51.69523687564392,24.39452190696035,54.964293227864346,20.641184865175312,False,-0.334587054816685,GULF_OF_LION
977,2019-05-12,1572.375,1301.305851885122,214.95352497236877,56.11562314250912,51.69523687564392,24.39452190696035,54.964293227864346,20.641184865175312,False,-0.334587054816685,GULF_OF_LION
978,2019-05-20,1572.375,1326.3413187596925,209.383908279024,36.64977296128348,51.69523687564392,24.39452190696035,54.964293227864346,20.641184865175312,False,-0.334587054816685,GULF_OF_LION
979,2019-05-28,1236.1285714285714,1352.975873321627,28.75183062790101,-145.5991325209566,51.69523687564392,24.39452190696035,54.964293227864346,20.641184865175312,False,-0.334587054816685,GULF_OF_LION
980,2019-06-04,1236.1285714285714,1381.037785264279,91.33775932360967,-236.2469731593172,51.69523687564392,24.39452190696035,54.964293227864346,20.641184865175312,False,-0.334587054816685,GULF_OF_LION
981,2019-06-12,1671.0,1410.3429074314129,301.5260573810256,-40.86896481243849,51.69523687564392,24.39452190696035,54.964293227864346,20.641184865175312,False,-0.334587054816685,GULF_OF_LION
982,2019-06-20,1671.0,1440.6944403482566,109.09839180474026,121.20716784700308,51.69523687564392,24.39452190696035,54.964293227864346,20.641184865175312,False,-0.334587054816685,GULF_OF_LION
983,2019-06-28,1392.1,1471.8732974170591,-244.3605457136308,164.5872482965716,51.69523687564392,24.39452190696035,54.964293227864346,20.641184865175312,False,-0.334587054816685,GULF_OF_LION
984,2019-07-04,1314.15,1503.6385302828146,-356.8270651715915,167.33853488877702,51.69523687564392,24.39452190696035,54.964293227864346,20.641184865175312,False,-0.334587054816685,GULF_OF_LION
985,2019-07-12,897.7625,1535.7391007155882,-657.1924155658903,19.215814850302195,51.69523687564392,24.39452190696035,54.964293227864346,20.641184865175312,False,-0.334587054816685,GULF_OF_LION
986,2019-07-20,897.7625,1567.9250072528205,-683.6979714278618,13.535464175041623,51.69523687564392,24.39452190696035,54.964293227864346,20.641184865175312,False,-0.334587054816685,GULF_OF_LION
987,2019-07-28,864.575,1599.9498674023596,-720.5879422445394,-14.786925157820178,51.69523687564392,24.39452190696035,54.964293227864346,20.641184865175312,False,-0.334587054816685,GULF_OF_LION
988,2019-08-04,849.6625,1631.5643591097253,-761.342586418928,-20.55927269079723,51.69523687564392,24.39452190696035,54.964293227864346,20.641184865175312,False,-0.334587054816685,GULF_OF_LION
989,2019-08-12,849.6625,1662.5184575791795,-799.4597534918146,-13.396204087364936,51.69523687564392,24.39452190696035,54.964293227864346,20.641184865175312,False,-0.334587054816685,GULF_OF_LION
990,2019-08-20,876.1285714285714,1692.566528935516,-817.511263257623,1.073305750678287,51.69523687564392,24.39452190696035,54.964293227864346,20.641184865175312,False,-0.334587054816685,GULF_OF_LION
991,2019-08-28,876.1285714285714,1721.4653184755714,-861.7031104389067,16.366363391906702,51.69523687564392,24.39452190696035,54.964293227864346,20.641184865175312,False,-0.334587054816685,GULF_OF_LION
992,2019-09-04,652.4,1748.978603863418,-983.5937027445218,-112.98490111889646,51.69523687564392,24.39452190696035,54.964293227864346,20.641184865175312,False,-0.334587054816685,GULF_OF_LION
993,2019-09-12,652.4,1774.8812686803956,-974.1857549708694,-148.2955137095263,51.69523687564392,24.39452190696035,54.964293227864346,20.641184865175312,False,-0.334587054816685,GULF_OF_LION
994,2019-09-20,705.9166666666666,1798.9674075994158,-927.9468281648244,-165.10391276792495,51.69523687564392,24.39452190696035,54.964293227864346,20.641184865175312,False,-0.334587054816685,GULF_OF_LION
995,2019-09-28,705.9166666666666,1821.0517752521323,-885.4669452951533,-229.6681632903125,51.69523687564392,24.39452190696035,54.964293227864346,20.641184865175312,False,-0.334587054816685,GULF_OF_LION
996,2019-10-04,705.9166666666666,1840.9699627624952,-855.3648227394607,-279.6884733563678,51.69523687564392,24.39452190696035,54.964293227864346,20.641184865175312,False,-0.334587054816685,GULF_OF_LION
997,2019-10-12,927.3375,1858.5797743103824,-738.5002057954373,-192.742068514945,51.69523687564392,24.39452190696035,54.964293227864346,20.641184865175312,False,-0.334587054816685,GULF_OF_LION
998,2019-10-20,1756.571428571429,1873.7657209273195,-243.6664436850568,126.47215132916614,51.69523687564392,24.39452190696035,54.964293227864346,20.641184865175312,False,-0.334587054816685,GULF_OF_LION
999,2019-10-28,2141.125,1886.44661894854,14.223549153383855,240.454831898076,51.69523687564392,24.39452190696035,54.964293227864346,20.641184865175312,False,-0.334587054816685,GULF_OF_LION
1000,2019-11-04,2126.375,1896.579750635501,205.87408136278395,23.921168001715387,51.69523687564392,24.39452190696035,54.964293227864346,20.641184865175312,False,-0.334587054816685,GULF_OF_LION
1001,2019-11-12,2389.75,1904.160335640348,270.5019000334357,215.08776432621613,51.69523687564392,24.39452190696035,54.964293227864346,20.641184865175312,False,-0.334587054816685,GULF_OF_LION
1002,2019-11-20,2769.125,1909.228100299621,482.0747189195803,377.8221807807987,51.69523687564392,24.39452190696035,54.964293227864346,20.641184865175312,False,-0.334587054816685,GULF_OF_LION
1003,2019-11-28,3200.5,1911.8471550014249,709.3257806273423,579.3270643712331,51.69523687564392,24.39452190696035,54.964293227864346,20.641184865175312,False,-0.334587054816685,GULF_OF_LION
1004,2019-12-04,3200.5,1912.1043848341455,732.25956824452,556.1360469213342,51.69523687564392,24.39452190696035,54.964293227864346,20.641184865175312,False,-0.334587054816685,GULF_OF_LION
1005,2019-12-12,3466.0,1910.105260457852,1050.7621581488386,505.1325813933095,51.69523687564392,24.39452190696035,54.964293227864346,20.641184865175312,False,-0.334587054816685,GULF_OF_LION
1006,2019-12-20,3898.142857142857,1905.9565537708147,1415.4537129353728,576.7325904366699,51.69523687564392,24.39452190696035,54.964293227864346,20.641184865175312,False,-0.334587054816685,GULF_OF_LION
1007,2019-12-28,3898.142857142857,1899.759746806997,1416.8574544011117,581.5256559347483,51.69523687564392,24.39452190696035,54.964293227864346,20.641184865175312,False,-0.334587054816685,GULF_OF_LION
1008,2020-01-04,2203.5,1891.618225244997,234.7164668740124,77.16530788099095,51.69523687564392,24.39452190696035,54.964293227864346,20.641184865175312,False,-0.334587054816685,GULF_OF_LION
1009,2020-01-12,1467.625,1881.6312440283548,-136.4919822732114,-277.51426175514337,51.69523687564392,24.39452190696035,54.964293227864346,20.641184865175312,False,-0.334587054816685,GULF_OF_LION
1010,2020-01-20,1467.625,1869.8837094593268,165.33830691062923,-567.597016369956,51.69523687564392,24.39452190696035,54.964293227864346,20.641184865175312,False,-0.334587054816685,GULF_OF_LION
1011,2020-01-28,1612.428571428571,1856.437203232585,418.79021246844536,-662.7988442724591,51.69523687564392,24.39452190696035,54.964293227864346,20.641184865175312,False,-0.334587054816685,GULF_OF_LION
1012,2020-02-04,2144.0,1841.3300800783325,801.0808335425287,-498.4109136208612,51.69523687564392,24.39452190696035,54.964293227864346,20.641184865175312,False,-0.334587054816685,GULF_OF_LION
1013,2020-02-12,2144.0,1824.5908171330695,800.080125406136,-480.6709425392057,51.69523687564392,24.39452190696035,54.964293227864346,20.641184865175312,False,-0.334587054816685,GULF_OF_LION
1014,2020-02-20,1878.0,1806.251425696214,235.03239000717528,-163.2838157033893,51.69523687564392,24.39452190696035,54.964293227864346,20.641184865175312,False,-0.334587054816685,GULF_OF_LION
1015,2020-02-28,1878.0,1786.3781086203871,101.34106353999024,-9.719172160377385,51.69523687564392,24.39452190696035,54.964293227864346,20.641184865175312,False,-0.334587054816685,GULF_OF_LION
1016,2020-03-04,3189.75,1765.069641694894,721.2409260839273,703.4394322211787,51.69523687564392,24.39452190696035,54.964293227864346,20.641184865175312,False,-0.334587054816685,GULF_OF_LION
1017,2020-03-12,3189.75,1742.4598058245765,809.0864314834843,638.2037626919392,51.69523687564392,24.39452190696035,54.964293227864346,20.641184865175312,False,-0.334587054816685,GULF_OF_LION
1018,2020-03-20,1979.625,1718.7108962237148,167.50394262479017,93.410161151495,51.69523687564392,24.39452190696035,54.964293227864346,20.641184865175312,False,-0.334587054816685,GULF_OF_LION
1019,2020-03-28,1359.571428571429,1694.0103340593278,-264.63454252885435,-69.80436295904474,51.69523687564392,24.39452190696035,54.964293227864346,20.641184865175312,False,-0.334587054816685,GULF_OF_LION
1020,2020-04-04,1131.875,1668.5695795548272,-468.11402216953786,-68.58055738528935,51.69523687564392,24.39452190696035,54.964293227864346,20.641184865175312,False,-0.334587054816685,GULF_OF_LION
1021,2020-04-12,1131.875,1642.610974857778,-488.9115717209429,-21.8244031368352,51.69523687564392,24.39452190696035,54.964293227864346,20.641184865175312,False,-0.334587054816685,GULF_OF_LION
1022,2020-04-20,1146.25,1616.363443807802,-477.3891158911296,7.275672083327606,51.69523687564392,24.39452190696035,54.964293227864346,20.641184865175312,False,-0.334587054816685,GULF_OF_LION
1023,2020-04-28,1261.3333333333333,1590.0641557729643,-389.04046060135136,60.30963816172027,51.69523687564392,24.39452190696035,54.964293227864346,20.641184865175312,False,-0.334587054816685,GULF_OF_LION
1024,2020-05-04,1632.25,1563.954572516185,77.46064814317972,-9.165220659364678,51.69523687564392,24.39452190696035,54.964293227864346,20.641184865175312,False,-0.334587054816685,GULF_OF_LION
1025,2020-05-12,1671.75,1538.261048310524,441.6000241507281,-308.1110724612522,51.69523687564392,24.39452190696035,54.964293227864346,20.641184865175312,False,-0.334587054816685,GULF_OF_LION
1026,2020-05-20,1671.75,1513.1697415274225,456.65193197325607,-298.07167350067834,51.69523687564392,24.39452190696035,54.964293227864346,20.641184865175312,False,-0.334587054816685,GULF_OF_LION
1027,2020-05-28,1556.0,1488.8294296730555,66.06739258089388,1.1031777460505907,51.69523687564392,24.39452190696035,54.964293227864346,20.641184865175312,False,-0.334587054816685,GULF_OF_LION
1028,2020-06-04,1556.0,1465.3799740805307,30.240552225330283,60.379473694139016,51.69523687564392,24.39452190696035,54.964293227864346,20.641184865175312,False,-0.334587054816685,GULF_OF_LION
1029,2020-06-12,1558.875,1442.9553927058264,154.10140992679763,-38.18180263262403,51.69523687564392,24.39452190696035,54.964293227864346,20.641184865175312,False,-0.334587054816685,GULF_OF_LION
1030,2020-06-20,1558.875,1421.690899906247,164.74396442271765,-27.55986432896472,51.69523687564392,24.39452190696035,54.964293227864346,20.641184865175312,False,-0.334587054816685,GULF_OF_LION
1031,2020-06-28,1254.8333333333333,1401.727674661101,-86.38055470356217,-60.513786624205565,51.69523687564392,24.39452190696035,54.964293227864346,20.641184865175312,False,-0.334587054816685,GULF_OF_LION
1032,2020-07-04,1154.625,1383.2054335309354,-153.9086794085863,-74.67175412234906,51.69523687564392,24.39452190696035,54.964293227864346,20.641184865175312,False,-0.334587054816685,GULF_OF_LION
1033,2020-07-12,1010.175,1366.251709886301,-163.82341540811797,-192.25329447818297,51.69523687564392,24.39452190696035,54.964293227864346,20.641184865175312,False,-0.334587054816685,GULF_OF_LION
1034,2020-07-20,906.4,1350.9636621033535,-221.2588424667843,-223.3048196365692,51.69523687564392,24.39452190696035,54.964293227864346,20.641184865175312,False,-0.334587054816685,GULF_OF_LION
1035,2020-07-28,901.5857142857144,1337.4085461137042,-386.3974908815479,-49.42534094644208,51.69523687564392,24.39452190696035,54.964293227864346,20.641184865175312,False,-0.334587054816685,GULF_OF_LION
1036,2020-08-04,781.125,1325.6423638312845,-513.0813130151357,-31.436050816148736,51.69523687564392,24.39452190696035,54.964293227864346,20.641184865175312,False,-0.334587054816685,GULF_OF_LION
1037,2020-08-12,692.3625,1315.7122433002107,-582.7987614035226,-40.5509818966882,51.69523687564392,24.39452190696035,54.964293227864346,20.641184865175312,False,-0.334587054816685,GULF_OF_LION
1038,2020-08-20,684.3375,1307.6564626383326,-732.3973869077862,109.07842426945354,51.69523687564392,24.39452190696035,54.964293227864346,20.641184865175312,False,-0.334587054816685,GULF_OF_LION
1039,2020-08-28,682.45,1301.5127863105229,-746.78426022063,127.7214739101072,51.69523687564392,24.39452190696035,54.964293227864346,20.641184865175312,False,-0.334587054816685,GULF_OF_LION
1040,2020-09-04,648.1714285714286,1297.3135186116208,-813.5140012250527,164.37191118486044,51.69523687564392,24.39452190696035,54.964293227864346,20.641184865175312,False,-0.334587054816685,GULF_OF_LION
1041,2020-09-12,682.45,1295.0800782273602,-760.9866817887087,148.3566035613485,51.69523687564392,24.39452190696035,54.964293227864346,20.641184865175312,False,-0.334587054816685,GULF_OF_LION
1042,2020-09-20,735.5,1294.8162382996743,-710.6711324897769,151.35489419010264,51.69523687564392,24.39452190696035,54.964293227864346,20.641184865175312,False,-0.334587054816685,GULF_OF_LION
1043,2020-09-28,872.5666666666666,1296.511087622188,-634.1936078573773,210.24918690185572,51.69523687564392,24.39452190696035,54.964293227864346,20.641184865175312,False,-0.334587054816685,GULF_OF_LION
1044,2020-10-04,949.1,1300.1414962880694,-612.6764336152996,261.6349373272302,51.69523687564392,24.39452190696035,54.964293227864346,20.641184865175312,False,-0.334587054816685,GULF_OF_LION
1045,2020-10-12,949.1,1305.6745880967314,-566.271688669612,209.69710057288057,51.69523687564392,24.39452190696035,54.964293227864346,20.641184865175312,False,-0.334587054816685,GULF_OF_LION
1046,2020-10-20,949.1,1313.0732055028334,-358.1269478011444,-5.846257701688955,51.69523687564392,24.39452190696035,54.964293227864346,20.641184865175312,False,-0.334587054816685,GULF_OF_LION
1047,2020-10-28,1140.875,1322.3005905214775,-60.43757794783646,-120.98801257364126,51.69523687564392,24.39452190696035,54.964293227864346,20.641184865175312,False,-0.334587054816685,GULF_OF_LION
1048,2020-11-04,1140.875,1333.3156421128956,-62.141100840156014,-130.2995412727396,51.69523687564392,24.39452190696035,54.964293227864346,20.641184865175312,False,-0.334587054816685,GULF_OF_LION
1049,2020-11-12,875.4,1346.0658927461968,-156.9180326128402,-313.74786013335665,51.69523687564392,24.39452190696035,54.964293227864346,20.641184865175312,False,-0.334587054816685,GULF_OF_LION
1050,2020-11-20,856.125,1360.4863319993672,-100.35785870175286,-404.0034732976143,51.69523687564392,24.39452190696035,54.964293227864346,20.641184865175312,False,-0.334587054816685,GULF_OF_LION
1051,2020-11-28,875.4,1376.5121749562495,12.930851689344776,-514.0430266455943,51.69523687564392,24.39452190696035,54.964293227864346,20.641184865175312,False,-0.334587054816685,GULF_OF_LION
1052,2020-12-04,957.75,1394.0727768624918,231.4866472732722,-667.809424135764,51.69523687564392,24.39452190696035,54.964293227864346,20.641184865175312,False,-0.334587054816685,GULF_OF_LION
1053,2020-12-12,1629.125,1413.0736032729951,632.5878040522734,-416.5364073252688,51.69523687564392,24.39452190696035,54.964293227864346,20.641184865175312,False,-0.334587054816685,GULF_OF_LION
1054,2020-12-20,2207.1428571428573,1433.4008142740524,1191.9974138095415,-418.2553709407366,51.69523687564392,24.39452190696035,54.964293227864346,20.641184865175312,False,-0.334587054816685,GULF_OF_LION
1055,2020-12-28,2207.1428571428573,1454.9119746297993,1228.4348794745297,-476.2039969614714,51.69523687564392,24.39452190696035,54.964293227864346,20.641184865175312,False,-0.334587054816685,GULF_OF_LION
1056,2021-01-04,1753.25,1477.4323665889412,574.2582096071412,-298.4405761960825,51.69523687564392,24.39452190696035,54.964293227864346,20.641184865175312,False,-0.334587054816685,GULF_OF_LION
1057,2021-01-12,1753.25,1500.742627648277,288.2597950451413,-35.75242269341828,51.69523687564392,24.39452190696035,54.964293227864346,20.641184865175312,False,-0.334587054816685,GULF_OF_LION
1058,2021-01-20,2867.25,1524.5817521655142,587.6731118441164,754.9951359903694,51.69523687564392,24.39452190696035,54.964293227864346,20.641184865175312,False,-0.334587054816685,GULF_OF_LION
1059,2021-01-28,3313.714285714286,1548.6906344285903,788.0738597729535,976.949791512742,51.69523687564392,24.39452190696035,54.964293227864346,20.641184865175312,False,-0.334587054816685,GULF_OF_LION
1060,2021-02-04,3556.25,1572.8208518608285,1033.9214013936223,949.507746745549,51.69523687564392,24.39452190696035,54.964293227864346,20.641184865175312,False,-0.334587054816685,GULF_OF_LION
1061,2021-02-12,3556.25,1596.7430323023616,1158.153028748048,801.3539389495904,51.69523687564392,24.39452190696035,54.964293227864346,20.641184865175312,False,-0.334587054816685,GULF_OF_LION
1062,2021-02-20,2159.125,1620.2435730165191,386.4088335977664,152.47259338571428,51.69523687564392,24.39452190696035,54.964293227864346,20.641184865175312,False,-0.334587054816685,GULF_OF_LION
1063,2021-02-28,1616.0,1643.1124252735865,101.91548193812062,-129.0279072117069,51.69523687564392,24.39452190696035,54.964293227864346,20.641184865175312,False,-0.334587054816685,GULF_OF_LION
1064,2021-03-04,1462.875,1665.151108912432,294.16511323503147,-496.4412221474634,51.69523687564392,24.39452190696035,54.964293227864346,20.641184865175312,False,-0.334587054816685,GULF_OF_LION
1065,2021-03-12,1462.875,1686.174857371501,272.326190052248,-495.626047423749,51.69523687564392,24.39452190696035,54.964293227864346,20.641184865175312,False,-0.334587054816685,GULF_OF_LION
1066,2021-03-20,1314.5,1706.0223867116067,-166.27393182243796,-225.2484548891688,51.69523687564392,24.39452190696035,54.964293227864346,20.641184865175312,False,-0.334587054816685,GULF_OF_LION
1067,2021-03-28,1101.571428571429,1724.5277915975666,-433.498860052992,-189.457502973146,51.69523687564392,24.39452190696035,54.964293227864346,20.641184865175312,False,-0.334587054816685,GULF_OF_LION
1068,2021-04-04,1035.65,1741.512026569155,-521.1969130443048,-184.6651135248502,51.69523687564392,24.39452190696035,54.964293227864346,20.641184865175312,False,-0.334587054816685,GULF_OF_LION
1069,2021-04-12,949.45,1756.8003972464746,-537.0318989802211,-270.3184982662535,51.69523687564392,24.39452190696035,54.964293227864346,20.641184865175312,False,-0.334587054816685,GULF_OF_LION
1070,2021-04-20,949.45,1770.227218128354,-488.3043793316046,-332.4728387967494,51.69523687564392,24.39452190696035,54.964293227864346,20.641184865175312,False,-0.334587054816685,GULF_OF_LION
1071,2021-04-28,1002.0833333333334,1781.6357362745846,-477.37457179302857,-302.17783114822265,51.69523687564392,24.39452190696035,54.964293227864346,20.641184865175312,False,-0.334587054816685,GULF_OF_LION
1072,2021-05-04,1703.0,1790.8838566327022,-67.34686859905794,-20.53698803364425,51.69523687564392,24.39452190696035,54.964293227864346,20.641184865175312,False,-0.334587054816685,GULF_OF_LION
1073,2021-05-12,3134.75,1797.85288675743,660.3950946768367,676.5020185657332,51.69523687564392,24.39452190696035,54.964293227864346,20.641184865175312,False,-0.334587054816685,GULF_OF_LION
1074,2021-05-20,3134.75,1802.454202976892,646.5358949828669,685.7599020402413,51.69523687564392,24.39452190696035,54.964293227864346,20.641184865175312,False,-0.334587054816685,GULF_OF_LION
1075,2021-05-28,2069.1428571428573,1804.6261714801813,88.09596595521103,176.42071970746483,51.69523687564392,24.39452190696035,54.964293227864346,20.641184865175312,False,-0.334587054816685,GULF_OF_LION
1076,2021-06-04,1858.75,1804.3337407179467,-23.91095824573985,78.32721752779311,51.69523687564392,24.39452190696035,54.964293227864346,20.641184865175312,False,-0.334587054816685,GULF_OF_LION
1077,2021-06-12,1858.75,1801.5709391806013,-2.6439899359418924,59.82305075534062,51.69523687564392,24.39452190696035,54.964293227864346,20.641184865175312,False,-0.334587054816685,GULF_OF_LION
1078,2021-06-20,1858.75,1796.3491033013572,6.503392601434589,55.89750409720819,51.69523687564392,24.39452190696035,54.964293227864346,20.641184865175312,False,-0.334587054816685,GULF_OF_LION
1079,2021-06-28,1708.875,1788.6931740712596,-134.63553363228013,54.81735956102054,51.69523687564392,24.39452190696035,54.964293227864346,20.641184865175312,False,-0.334587054816685,GULF_OF_LION
1080,2021-07-04,1708.875,1778.6424785779568,-191.46613844810005,121.69865987014322,51.69523687564392,24.39452190696035,54.964293227864346,20.641184865175312,False,-0.334587054816685,GULF_OF_LION
1081,2021-07-12,2392.5,1766.2517351269728,99.36671767614136,526.8815471968859,51.69523687564392,24.39452190696035,54.964293227864346,20.641184865175312,False,-0.334587054816685,GULF_OF_LION
1082,2021-07-20,2392.5,1751.5986500639412,76.63407257463328,564.2672773614255,51.69523687564392,24.39452190696035,54.964293227864346,20.641184865175312,False,-0.334587054816685,GULF_OF_LION
1083,2021-07-28,1795.428571428571,1734.7827006984364,-207.07050321739771,267.71637394753265,51.69523687564392,24.39452190696035,54.964293227864346,20.641184865175312,False,-0.334587054816685,GULF_OF_LION
1084,2021-08-04,1558.125,1715.923331166765,-332.82312906279844,175.02479789603376,51.69523687564392,24.39452190696035,54.964293227864346,20.641184865175312,False,-0.334587054816685,GULF_OF_LION
1085,2021-08-12,1470.8125,1695.1613489366134,-372.8332750990761,148.48442616246268,51.69523687564392,24.39452190696035,54.964293227864346,20.641184865175312,False,-0.334587054816685,GULF_OF_LION
1086,2021-08-20,873.6125,1672.6541869947134,-654.4037478061965,-144.63793918851695,51.69523687564392,24.39452190696035,54.964293227864346,20.641184865175312,False,-0.334587054816685,GULF_OF_LION
1087,2021-08-28,817.55,1648.5721522970828,-665.4452000412758,-165.576952255807,51.69523687564392,24.39452190696035,54.964293227864346,20.641184865175312,False,-0.334587054816685,GULF_OF_LION
1088,2021-09-04,817.55,1623.101102940749,-635.1081654349051,-170.4429375058436,51.69523687564392,24.39452190696035,54.964293227864346,20.641184865175312,False,-0.334587054816685,GULF_OF_LION
1089,2021-09-12,912.4375,1596.4361414010436,-560.8067999646104,-123.19184143643326,51.69523687564392,24.39452190696035,54.964293227864346,20.641184865175312,False,-0.334587054816685,GULF_OF_LION
1090,2021-09-20,912.4375,1568.7815591262656,-533.9951838148435,-122.34887531142216,51.69523687564392,24.39452190696035,54.964293227864346,20.641184865175312,False,-0.334587054816685,GULF_OF_LION
1091,2021-09-28,919.025,1540.3474039575583,-460.4911382571146,-160.83126570044374,51.69523687564392,24.39452190696035,54.964293227864346,20.641184865175312,False,-0.334587054816685,GULF_OF_LION
1092,2021-10-04,839.6333333333333,1511.3456464819694,-474.5707215783944,-197.14159157024176,51.69523687564392,24.39452190696035,54.964293227864346,20.641184865175312,False,-0.334587054816685,GULF_OF_LION
1093,2021-10-12,797.5625,1481.9860191904766,-456.7520778177147,-227.67144137276188,51.69523687564392,24.39452190696035,54.964293227864346,20.641184865175312,False,-0.334587054816685,GULF_OF_LION
1094,2021-10-20,797.5625,1452.4674601141196,-452.1871066375009,-202.7178534766187,51.69523687564392,24.39452190696035,54.964293227864346,20.641184865175312,False,-0.334587054816685,GULF_OF_LION
1095,2021-10-28,1216.457142857143,1422.9799630766045,-180.80824535089516,-25.714574868566302,51.69523687564392,24.39452190696035,54.964293227864346,20.641184865175312,False,-0.334587054816685,GULF_OF_LION
1096,2021-11-04,1216.457142857143,1393.7098228135558,-129.3011931338504,-47.951486822562345,51.69523687564392,24.39452190696035,54.964293227864346,20.641184865175312,False,-0.334587054816685,GULF_OF_LION
1097,2021-11-12,1111.525,1364.8395252045923,-169.9127418592095,-83.40178334538271,51.69523687564392,24.39452190696035,54.964293227864346,20.641184865175312,False,-0.334587054816685,GULF_OF_LION
1098,2021-11-20,1019.6,1336.5393408336545,-201.0691390153225,-115.870201818332,51.69523687564392,24.39452190696035,54.964293227864346,20.641184865175312,False,-0.334587054816685,GULF_OF_LION
1099,2021-11-28,1019.6,1308.9594479266698,-204.3165581633102,-85.04288976335957,51.69523687564392,24.39452190696035,54.964293227864346,20.641184865175312,False,-0.334587054816685,GULF_OF_LION
1100,2021-12-04,1738.1,1282.2392644248334,187.77524935061385,268.0854862245526,51.69523687564392,24.39452190696035,54.964293227864346,20.641184865175312,False,-0.334587054816685,GULF_OF_LION
1101,2021-12-12,1738.1,1256.5202108602005,523.5530616321357,-41.97327249233626,51.69523687564392,24.39452190696035,54.964293227864346,20.641184865175312,False,-0.334587054816685,GULF_OF_LION
1102,2021-12-20,2389.125,1231.9347464339487,1027.1385424100847,130.0517111559666,51.69523687564392,24.39452190696035,54.964293227864346,20.641184865175312,False,-0.334587054816685,GULF_OF_LION
1103,2021-12-28,2542.671428571429,1208.6165999326977,1112.5906404776722,221.4641881610592,51.69523687564392,24.39452190696035,54.964293227864346,20.641184865175312,False,-0.334587054816685,GULF_OF_LION
1104,2022-01-04,2542.671428571429,1186.683371365357,948.8931113535708,407.094945852501,51.69523687564392,24.39452190696035,54.964293227864346,20.641184865175312,False,-0.334587054816685,GULF_OF_LION
1105,2022-01-12,2163.0,1166.2473696648206,769.0515674610676,227.7010628741118,51.69523687564392,24.39452190696035,54.964293227864346,20.641184865175312,False,-0.334587054816685,GULF_OF_LION
1106,2022-01-20,1175.7125,1147.423799606158,564.9571258577768,-536.6684254639346,51.69523687564392,24.39452190696035,54.964293227864346,20.641184865175312,False,-0.334587054816685,GULF_OF_LION
1107,2022-01-28,978.875,1130.3273417006285,437.55828109228304,-589.0106227929116,51.69523687564392,24.39452190696035,54.964293227864346,20.641184865175312,False,-0.334587054816685,GULF_OF_LION
1108,2022-02-04,978.875,1115.0808162837536,414.1401268235566,-550.3459431073102,51.69523687564392,24.39452190696035,54.964293227864346,20.641184865175312,False,-0.334587054816685,GULF_OF_LION
1109,2022-02-12,1508.625,1101.788189555648,660.8233991367308,-253.98658869237877,51.69523687564392,24.39452190696035,54.964293227864346,20.641184865175312,False,-0.334587054816685,GULF_OF_LION
1110,2022-02-20,1508.625,1090.5167707586586,274.17502920976864,143.93320003157277,51.69523687564392,24.39452190696035,54.964293227864346,20.641184865175312,False,-0.334587054816685,GULF_OF_LION
1111,2022-02-28,1476.75,1081.2920493726774,121.66003348452564,273.79791714279696,51.69523687564392,24.39452190696035,54.964293227864346,20.641184865175312,False,-0.334587054816685,GULF_OF_LION
1112,2022-03-04,1263.0,1074.0878596618977,-16.633710546322497,205.5458508844248,51.69523687564392,24.39452190696035,54.964293227864346,20.641184865175312,False,-0.334587054816685,GULF_OF_LION
1113,2022-03-12,1202.125,1068.8405430725602,149.05465968359198,-15.770202756152171,51.69523687564392,24.39452190696035,54.964293227864346,20.641184865175312,False,-0.334587054816685,GULF_OF_LION
1114,2022-03-20,979.875,1065.4400916086645,-1.823879477376892,-83.74121213128737,51.69523687564392,24.39452190696035,54.964293227864346,20.641184865175312,False,-0.334587054816685,GULF_OF_LION
1115,2022-03-28,979.875,1063.7521501355625,-100.47726205290542,16.600111917343156,51.69523687564392,24.39452190696035,54.964293227864346,20.641184865175312,False,-0.334587054816685,GULF_OF_LION
1116,2022-04-04,1008.575,1063.6303702132498,-117.96266501100304,62.90729479775334,51.69523687564392,24.39452190696035,54.964293227864346,20.641184865175312,False,-0.334587054816685,GULF_OF_LION
1117,2022-04-12,1133.2,1064.913475457606,-101.2800411506727,169.5665656930668,51.69523687564392,24.39452190696035,54.964293227864346,20.641184865175312,False,-0.334587054816685,GULF_OF_LION
1118,2022-04-20,1317.6666666666667,1067.426841413165,-28.85941754503819,279.09924279853993,51.69523687564392,24.39452190696035,54.964293227864346,20.641184865175312,False,-0.334587054816685,GULF_OF_LION
1119,2022-04-28,1133.2,1070.9899381903106,-118.88128281950092,181.0913446291904,51.69523687564392,24.39452190696035,54.964293227864346,20.641184865175312,False,-0.334587054816685,GULF_OF_LION
1120,2022-05-04,991.3375,1075.424485510528,-28.826508093403717,-55.260477417124335,51.69523687564392,24.39452190696035,54.964293227864346,20.641184865175312,False,-0.334587054816685,GULF_OF_LION
1121,2022-05-12,991.3375,1080.5656443567923,289.06309221490966,-378.2912365717022,51.69523687564392,24.39452190696035,54.964293227864346,20.641184865175312,False,-0.334587054816685,GULF_OF_LION
1122,2022-05-20,922.425,1086.2748287293148,225.4470837785673,-389.2969125078821,51.69523687564392,24.39452190696035,54.964293227864346,20.641184865175312,False,-0.334587054816685,GULF_OF_LION
1123,2022-05-28,909.3,1092.43291580957,-68.58487717435935,-114.54803863521067,51.69523687564392,24.39452190696035,54.964293227864346,20.641184865175312,False,-0.334587054816685,GULF_OF_LION
1124,2022-06-04,854.1428571428571,1098.9133581012632,-136.48711433958067,-108.28338661882538,51.69523687564392,24.39452190696035,54.964293227864346,20.641184865175312,False,-0.334587054816685,GULF_OF_LION
1125,2022-06-12,909.3,1105.5723304458154,-112.42673823378776,-83.8455922120277,51.69523687564392,24.39452190696035,54.964293227864346,20.641184865175312,False,-0.334587054816685,GULF_OF_LION
1126,2022-06-20,910.3375,1112.270412768308,-128.62436159633833,-73.3085511719697,51.69523687564392,24.39452190696035,54.964293227864346,20.641184865175312,False,-0.334587054816685,GULF_OF_LION
1127,2022-06-28,910.3375,1118.8786497783815,-208.6819209261156,0.1407711477338296,51.69523687564392,24.39452190696035,54.964293227864346,20.641184865175312,False,-0.334587054816685,GULF_OF_LION
1128,2022-07-04,763.075,1125.285662414913,-337.5284149689647,-24.68224744594835,51.69523687564392,24.39452190696035,54.964293227864346,20.641184865175312,False,-0.334587054816685,GULF_OF_LION
1129,2022-07-12,704.75,1131.4024113141718,-225.17092070683907,-201.48149060733272,51.69523687564392,24.39452190696035,54.964293227864346,20.641184865175312,False,-0.334587054816685,GULF_OF_LION
1130,2022-07-20,698.3142857142857,1137.1650406341105,-235.25036477250623,-203.6003901473185,51.69523687564392,24.39452190696035,54.964293227864346,20.641184865175312,False,-0.334587054816685,GULF_OF_LION
1131,2022-07-28,704.75,1142.5284631644463,-406.15475994219184,-31.62370322225468,51.69523687564392,24.39452190696035,54.964293227864346,20.641184865175312,False,-0.334587054816685,GULF_OF_LION
1132,2022-08-04,710.9125,1147.4478311708954,-484.4984083749763,47.96307720408095,51.69523687564392,24.39452190696035,54.964293227864346,20.641184865175312,False,-0.334587054816685,GULF_OF_LION
1133,2022-08-12,719.375,1151.8727059087048,-495.3546365756192,62.856930666914366,51.69523687564392,24.39452190696035,54.964293227864346,20.641184865175312,False,-0.334587054816685,GULF_OF_LION
1134,2022-08-20,719.375,1155.7534132144815,-631.2880199287232,194.9096067142417,51.69523687564392,24.39452190696035,54.964293227864346,20.641184865175312,False,-0.334587054816685,GULF_OF_LION
1135,2022-08-28,732.8,1159.0410867475446,-635.6772785042948,209.4361917567502,51.69523687564392,24.39452190696035,54.964293227864346,20.641184865175312,False,-0.334587054816685,GULF_OF_LION
1136,2022-09-04,822.35,1161.6859126716834,-594.0963960229711,254.7604833512878,51.69523687564392,24.39452190696035,54.964293227864346,20.641184865175312,False,-0.334587054816685,GULF_OF_LION
1137,2022-09-12,822.35,1163.6501545165368,-576.3968366315876,235.09668211505084,51.69523687564392,24.39452190696035,54.964293227864346,20.641184865175312,False,-0.334587054816685,GULF_OF_LION
1138,2022-09-20,822.35,1164.9090565157578,-590.2565972283904,247.69754071263264,51.69523687564392,24.39452190696035,54.964293227864346,20.641184865175312,False,-0.334587054816685,GULF_OF_LION
1139,2022-09-28,930.4166666666666,1165.4516275130286,-545.0363497427163,310.00138889635434,51.69523687564392,24.39452190696035,54.964293227864346,20.641184865175312,False,-0.334587054816685,GULF_OF_LION
1140,2022-10-04,930.4166666666666,1165.282930058543,-593.9172711436986,359.05100775182234,51.69523687564392,24.39452190696035,54.964293227864346,20.641184865175312,False,-0.334587054816685,GULF_OF_LION
1141,2022-10-12,1064.4,1164.4279061722575,-545.3491879452199,445.3212817729623,51.69523687564392,24.39452190696035,54.964293227864346,20.641184865175312,False,-0.334587054816685,GULF_OF_LION
1142,2022-10-20,1064.4,1162.9432661212209,-311.9779133582746,213.4346472370538,51.69523687564392,24.39452190696035,54.964293227864346,20.641184865175312,False,-0.334587054816685,GULF_OF_LION
1143,2022-10-28,1100.5142857142855,1160.8951635269989,54.37279109512096,-114.75366890783413,51.69523687564392,24.39452190696035,54.964293227864346,20.641184865175312,False,-0.334587054816685,GULF_OF_LION
1144,2022-11-04,1271.4875,1158.3350294888864,287.6276864757354,-174.4752159646219,51.69523687564392,24.39452190696035,54.964293227864346,20.641184865175312,False,-0.334587054816685,GULF_OF_LION
1145,2022-11-12,1521.75,1155.2899311990611,425.30494847860814,-58.84487967766927,51.69523687564392,24.39452190696035,54.964293227864346,20.641184865175312,False,-0.334587054816685,GULF_OF_LION
1146,2022-11-20,1521.75,1151.7677678649975,370.9641940195312,-0.9819618845289142,51.69523687564392,24.39452190696035,54.964293227864346,20.641184865175312,False,-0.334587054816685,GULF_OF_LION
1147,2022-11-28,1423.625,1147.7723633217,435.1725440714878,-159.31990739318792,51.69523687564392,24.39452190696035,54.964293227864346,20.641184865175312,False,-0.334587054816685,GULF_OF_LION
1148,2022-12-04,1423.625,1143.3103843503773,788.1455823250592,-507.83096667543646,51.69523687564392,24.39452190696035,54.964293227864346,20.641184865175312,False,-0.334587054816685,GULF_OF_LION
1149,2022-12-12,2052.375,1138.3919116801471,1102.6881946015196,-188.7051062816668,51.69523687564392,24.39452190696035,54.964293227864346,20.641184865175312,False,-0.334587054816685,GULF_OF_LION
1150,2022-12-20,2146.75,1133.0445530944194,1212.5552875365902,-198.8498406310096,51.69523687564392,24.39452190696035,54.964293227864346,20.641184865175312,False,-0.334587054816685,GULF_OF_LION
1151,2022-12-28,2146.75,1127.31550828013,881.8569549019265,137.5775368179435,51.69523687564392,24.39452190696035,54.964293227864346,20.641184865175312,False,-0.334587054816685,GULF_OF_LION
1152,2023-01-04,1913.75,1121.3073478605986,720.0030159033814,72.43963623601996,51.69523687564392,24.39452190696035,54.964293227864346,20.641184865175312,False,-0.334587054816685,GULF_OF_LION
1153,2023-01-12,1913.75,1115.1619594590657,629.4045814715469,169.18345906938748,51.69523687564392,24.39452190696035,54.964293227864346,20.641184865175312,False,-0.334587054816685,GULF_OF_LION
1154,2023-01-20,1913.75,1109.044978287303,438.6852233293045,366.01979838339287,51.69523687564392,24.39452190696035,54.964293227864346,20.641184865175312,False,-0.334587054816685,GULF_OF_LION
1155,2023-01-28,1315.7142857142858,1103.122850551966,99.62108860279452,112.97034655952532,51.69523687564392,24.39452190696035,54.964293227864346,20.641184865175312,False,-0.334587054816685,GULF_OF_LION
1156,2023-02-04,954.375,1097.5518492501774,-91.74686382317633,-51.42998542700107,51.69523687564392,24.39452190696035,54.964293227864346,20.641184865175312,False,-0.334587054816685,GULF_OF_LION
1157,2023-02-12,863.625,1092.5025049298138,-129.58708231992793,-99.29042260988584,51.69523687564392,24.39452190696035,54.964293227864346,20.641184865175312,False,-0.334587054816685,GULF_OF_LION
1158,2023-02-20,707.25,1088.1685207943126,-67.28552884055838,-313.6329919537542,51.69523687564392,24.39452190696035,54.964293227864346,20.641184865175312,False,-0.334587054816685,GULF_OF_LION
1159,2023-02-28,707.25,1084.7621059949586,-46.86241245952431,-330.64969353543427,51.69523687564392,24.39452190696035,54.964293227864346,20.641184865175312,False,-0.334587054816685,GULF_OF_LION
1160,2023-03-04,742.625,1082.504908147041,-31.159012594150116,-308.72089555289097,51.69523687564392,24.39452190696035,54.964293227864346,20.641184865175312,False,-0.334587054816685,GULF_OF_LION
1161,2023-03-12,1537.5,1081.6100812115676,308.97268930149147,146.91722948694093,51.69523687564392,24.39452190696035,54.964293227864346,20.641184865175312,False,-0.334587054816685,GULF_OF_LION
1162,2023-03-20,1537.5,1082.281667585013,325.2150319718288,130.00330044315783,51.69523687564392,24.39452190696035,54.964293227864346,20.641184865175312,False,-0.334587054816685,GULF_OF_LION
1163,2023-03-28,1367.5,1084.7074013697447,243.77839090256785,39.01420772768742,51.69523687564392,24.39452190696035,54.964293227864346,20.641184865175312,False,-0.334587054816685,GULF_OF_LION
1164,2023-04-04,1318.571428571429,1089.061563610777,227.45692620066563,2.0529387599859774,51.69523687564392,24.39452190696035,54.964293227864346,20.641184865175312,False,-0.334587054816685,GULF_OF_LION
1165,2023-04-12,1237.5,1095.5052764032494,86.34343548160848,55.651288115142165,51.69523687564392,24.39452190696035,54.964293227864346,20.641184865175312,False,-0.334587054816685,GULF_OF_LION
1166,2023-04-20,1186.6666666666667,1104.183951306,79.33610955908775,3.1466058015790708,51.69523687564392,24.39452190696035,54.964293227864346,20.641184865175312,False,-0.334587054816685,GULF_OF_LION
1167,2023-04-28,1186.6666666666667,1115.2212970313074,20.41693343950809,51.02843619585129,51.69523687564392,24.39452190696035,54.964293227864346,20.641184865175312,False,-0.334587054816685,GULF_OF_LION
1168,2023-05-04,1186.6666666666667,1128.7104348979617,4.446677547467679,53.50955422123759,51.69523687564392,24.39452190696035,54.964293227864346,20.641184865175312,False,-0.334587054816685,GULF_OF_LION
1169,2023-05-12,1100.0,1144.7029872670275,24.121796221612264,-68.82478348863981,51.69523687564392,24.39452190696035,54.964293227864346,20.641184865175312,False,-0.334587054816685,GULF_OF_LION
1170,2023-05-20,1064.7142857142858,1163.2048404871136,-90.9067362024472,-7.583818570380657,51.69523687564392,24.39452190696035,54.964293227864346,20.641184865175312,False,-0.334587054816685,GULF_OF_LION
1171,2023-05-28,1064.7142857142858,1184.1862305609836,-90.39332244528586,-29.07862240141199,51.69523687564392,24.39452190696035,54.964293227864346,20.641184865175312,False,-0.334587054816685,GULF_OF_LION
1172,2023-06-04,1200.0,1207.5958220684167,-107.32705795128084,99.7312358828641,51.69523687564392,24.39452190696035,54.964293227864346,20.641184865175312,False,-0.334587054816685,GULF_OF_LION
1173,2023-06-12,1270.0,1233.368796846334,-17.968128992229865,54.59933214589573,51.69523687564392,24.39452190696035,54.964293227864346,20.641184865175312,False,-0.334587054816685,GULF_OF_LION
1174,2023-06-20,1270.0,1261.4167747212068,-55.411399772272695,63.994625051065874,51.69523687564392,24.39452190696035,54.964293227864346,20.641184865175312,False,-0.334587054816685,GULF_OF_LION
1175,2023-06-28,1132.5,1291.630097560702,-129.30270712904814,-29.827390431653956,51.69523687564392,24.39452190696035,54.964293227864346,20.641184865175312,False,-0.334587054816685,GULF_OF_LION
1176,2023-07-04,926.625,1323.8769980063205,-291.63636797854326,-105.615630027777,51.69523687564392,24.39452190696035,54.964293227864346,20.641184865175312,False,-0.334587054816685,GULF_OF_LION
1177,2023-07-12,827.0,1358.004059596224,-377.2971568051509,-153.70690279107322,51.69523687564392,24.39452190696035,54.964293227864346,20.641184865175312,False,-0.334587054816685,GULF_OF_LION
1178,2023-07-20,820.625,1393.8351277255097,-532.1517753951322,-41.05835233037749,51.69523687564392,24.39452190696035,54.964293227864346,20.641184865175312,False,-0.334587054816685,GULF_OF_LION
1179,2023-07-28,732.5714285714286,1431.1795030562837,-657.4310497308738,-41.1770247539813,51.69523687564392,24.39452190696035,54.964293227864346,20.641184865175312,False,-0.334587054816685,GULF_OF_LION
1180,2023-08-04,638.0,1469.843372251072,-742.2701258104045,-89.5732464406675,51.69523687564392,24.39452190696035,54.964293227864346,20.641184865175312,False,-0.334587054816685,GULF_OF_LION
1181,2023-08-12,638.0,1509.634079392898,-782.1624565780843,-89.47162281481371,51.69523687564392,24.39452190696035,54.964293227864346,20.641184865175312,False,-0.334587054816685,GULF_OF_LION
1182,2023-08-20,669.25,1550.35813971126,-790.2133606647096,-90.8947790465504,51.69523687564392,24.39452190696035,54.964293227864346,20.641184865175312,False,-0.334587054816685,GULF_OF_LION
1183,2023-08-28,682.375,1591.8213763222404,-797.9775007850534,-111.46887553718705,51.69523687564392,24.39452190696035,54.964293227864346,20.641184865175312,False,-0.334587054816685,GULF_OF_LION
1184,2023-09-04,682.375,1633.830962033943,-755.6245494438376,-195.8314125901054,51.69523687564392,24.39452190696035,54.964293227864346,20.641184865175312,False,-0.334587054816685,GULF_OF_LION
1185,2023-09-12,682.375,1676.19056576364,-774.5870607295673,-219.2285050340728,51.69523687564392,24.39452190696035,54.964293227864346,20.641184865175312,False,-0.334587054816685,GULF_OF_LION
1186,2023-09-20,662.875,1718.7014267143634,-802.6934082351629,-253.13301847920047,51.69523687564392,24.39452190696035,54.964293227864346,20.641184865175312,False,-0.334587054816685,GULF_OF_LION
1187,2023-09-28,662.3333333333334,1761.161579018926,-693.9005966763643,-404.9276490092284,51.69523687564392,24.39452190696035,54.964293227864346,20.641184865175312,False,-0.334587054816685,GULF_OF_LION
1188,2023-10-04,586.125,1803.3641181412895,-616.0072113645615,-601.2319067767282,51.69523687564392,24.39452190696035,54.964293227864346,20.641184865175312,False,-0.334587054816685,GULF_OF_LION
1189,2023-10-12,586.125,1845.0933930142735,-228.50804469436565,-1030.460348319908,51.69523687564392,24.39452190696035,54.964293227864346,20.641184865175312,False,-0.334587054816685,GULF_OF_LION
1190,2023-10-20,1540.0,1886.112553596314,232.72329535520225,-578.8358489515163,51.69523687564392,24.39452190696035,54.964293227864346,20.641184865175312,False,-0.334587054816685,GULF_OF_LION
1191,2023-10-28,2531.428571428572,1926.1754874123912,460.0530147481373,145.20006926804302,51.69523687564392,24.39452190696035,54.964293227864346,20.641184865175312,False,-0.334587054816685,GULF_OF_LION
1192,2023-11-04,3135.0,1965.0407899964164,505.3750925638621,664.5841174397216,51.69523687564392,24.39452190696035,54.964293227864346,20.641184865175312,False,-0.334587054816685,GULF_OF_LION
1193,2023-11-12,3283.75,2002.48950006588,585.5572890425343,695.7032108915861,51.69523687564392,24.39452190696035,54.964293227864346,20.641184865175312,False,-0.334587054816685,GULF_OF_LION
1194,2023-11-20,3135.0,2038.3329518270164,491.5871931510408,605.0798550219429,51.69523687564392,24.39452190696035,54.964293227864346,20.641184865175312,False,-0.334587054816685,GULF_OF_LION
1195,2023-11-28,3572.5,2072.408665783423,802.8892894972647,697.2020447193121,51.69523687564392,24.39452190696035,54.964293227864346,20.641184865175312,False,-0.334587054816685,GULF_OF_LION
1196,2023-12-04,4262.5,2104.5707284516,1179.8600796527037,978.0691918956963,51.69523687564392,24.39452190696035,54.964293227864346,20.641184865175312,False,-0.334587054816685,GULF_OF_LION
1197,2023-12-12,4262.5,2134.687713561984,1275.9073379662432,851.904948471773,51.69523687564392,24.39452190696035,54.964293227864346,20.641184865175312,False,-0.334587054816685,GULF_OF_LION
1198,2023-12-20,3861.25,2162.646708140808,1187.5956050111715,511.0076868480203,51.69523687564392,24.39452190696035,54.964293227864346,20.641184865175312,False,-0.334587054816685,GULF_OF_LION
1199,2023-12-28,2381.428571428572,2188.360787212343,391.9131921056445,-198.84540788941592,51.69523687564392,24.39452190696035,54.964293227864346,20.641184865175312,False,-0.334587054816685,GULF_OF_LION
1200,2024-01-04,2193.75,2211.7489855357817,211.79952936519948,-229.7985149009812,51.69523687564392,24.39452190696035,54.964293227864346,20.641184865175312,False,-0.334587054816685,GULF_OF_LION
1201,2024-01-12,2193.75,2232.7398596404787,193.4612069986354,-232.4510666391141,51.69523687564392,24.39452190696035,54.964293227864346,20.641184865175312,False,-0.334587054816685,GULF_OF_LION
1202,2024-01-20,2385.714285714286,2251.263679401828,323.18591549592963,-188.73530918347197,51.69523687564392,24.39452190696035,54.964293227864346,20.641184865175312,False,-0.334587054816685,GULF_OF_LION
1203,2024-01-28,2385.714285714286,2267.2570626695488,164.76746538980194,-46.31024234506492,51.69523687564392,24.39452190696035,54.964293227864346,20.641184865175312,False,-0.334587054816685,GULF_OF_LION
1204,2024-02-04,2308.75,2280.657175869674,10.447527503596518,17.645296626729362,51.69523687564392,24.39452190696035,54.964293227864346,20.641184865175312,False,-0.334587054816685,GULF_OF_LION
1205,2024-02-12,1775.0,2291.393169749763,-416.7678375749522,-99.62533217481064,51.69523687564392,24.39452190696035,54.964293227864346,20.641184865175312,False,-0.334587054816685,GULF_OF_LION
1206,2024-02-20,2308.75,2299.4020603557246,-57.64608736840509,66.99402701268045,51.69523687564392,24.39452190696035,54.964293227864346,20.641184865175312,False,-0.334587054816685,GULF_OF_LION
1207,2024-02-28,2401.25,2304.6313787475565,11.218912134827724,85.3997091176158,51.69523687564392,24.39452190696035,54.964293227864346,20.641184865175312,False,-0.334587054816685,GULF_OF_LION
1208,2024-03-04,2588.0,2307.044922808407,160.30946405728665,120.64561313430622,51.69523687564392,24.39452190696035,54.964293227864346,20.641184865175312,False,-0.334587054816685,GULF_OF_LION
1209,2024-03-12,2401.25,2306.636056432215,219.76260979686984,-125.14866622908474,51.69523687564392,24.39452190696035,54.964293227864346,20.641184865175312,False,-0.334587054816685,GULF_OF_LION
1210,2024-03-20,2670.0,2303.444174308116,423.2457231348922,-56.68989744300785,51.69523687564392,24.39452190696035,54.964293227864346,20.641184865175312,False,-0.334587054816685,GULF_OF_LION
1211,2024-03-28,2670.0,2297.5553576327798,381.8582230600981,-9.413580692877416,51.69523687564392,24.39452190696035,54.964293227864346,20.641184865175312,False,-0.334587054816685,GULF_OF_LION
1212,2024-04-04,2670.0,2289.083356320983,366.8366455341646,14.079998144852368,51.69523687564392,24.39452190696035,54.964293227864346,20.641184865175312,False,-0.334587054816685,GULF_OF_LION
1213,2024-04-12,2161.25,2278.1676458575384,-47.331457065803455,-69.586188791735,51.69523687564392,24.39452190696035,54.964293227864346,20.641184865175312,False,-0.334587054816685,GULF_OF_LION
1214,2024-04-20,2095.0,2264.978431212887,-126.16655085528322,-43.81188035760357,51.69523687564392,24.39452190696035,54.964293227864346,20.641184865175312,False,-0.334587054816685,GULF_OF_LION
1215,2024-04-28,2095.0,2249.7148188703413,-131.266878646175,-23.44794022416633,51.69523687564392,24.39452190696035,54.964293227864346,20.641184865175312,False,-0.334587054816685,GULF_OF_LION
1216,2024-05-04,2213.75,2232.5991858886005,-30.67405177204277,11.82486588344231,51.69523687564392,24.39452190696035,54.964293227864346,20.641184865175312,False,-0.334587054816685,GULF_OF_LION
1217,2024-05-12,2500.0,2213.875143575544,184.06422865633945,102.06062776811666,51.69523687564392,24.39452190696035,54.964293227864346,20.641184865175312,False,-0.334587054816685,GULF_OF_LION
1218,2024-05-20,2213.75,2193.799460310898,-15.95589522143055,35.90643491053234,51.69523687564392,24.39452190696035,54.964293227864346,20.641184865175312,False,-0.334587054816685,GULF_OF_LION
1219,2024-05-28,2276.25,2172.6414450829493,52.289677896312334,51.31887702073836,51.69523687564392,24.39452190696035,54.964293227864346,20.641184865175312,False,-0.334587054816685,GULF_OF_LION
1220,2024-06-04,2055.714285714286,2150.6840677135424,-59.01650634378889,-35.95327565546772,51.69523687564392,24.39452190696035,54.964293227864346,20.641184865175312,False,-0.334587054816685,GULF_OF_LION
1221,2024-06-12,2276.25,2128.221368124718,147.42680724167803,0.6018246336038828,51.69523687564392,24.39452190696035,54.964293227864346,20.641184865175312,False,-0.334587054816685,GULF_OF_LION
1222,2024-06-20,2170.0,2105.553354654137,90.63809676723264,-26.19145142136955,51.69523687564392,24.39452190696035,54.964293227864346,20.641184865175312,False,-0.334587054816685,GULF_OF_LION
1223,2024-06-28,2170.0,2082.976449510355,72.78057823046915,14.242972259175858,51.69523687564392,24.39452190696035,54.964293227864346,20.641184865175312,False,-0.334587054816685,GULF_OF_LION
1224,2024-07-04,2083.75,2060.777556685342,-33.297273759980555,56.26971707463855,51.69523687564392,24.39452190696035,54.964293227864346,20.641184865175312,False,-0.334587054816685,GULF_OF_LION
1225,2024-07-12,2008.75,2039.2263644094871,-107.94520697450562,77.46884256501849,51.69523687564392,24.39452190696035,54.964293227864346,20.641184865175312,False,-0.334587054816685,GULF_OF_LION
1226,2024-07-20,1438.75,2018.573517551388,-531.3442159596693,-48.47930159171847,51.69523687564392,24.39452190696035,54.964293227864346,20.641184865175312,False,-0.334587054816685,GULF_OF_LION
1227,2024-07-28,1162.0,1999.0544833700783,-756.1633582379361,-80.89112513214218,51.69523687564392,24.39452190696035,54.964293227864346,20.641184865175312,False,-0.334587054816685,GULF_OF_LION
1228,2024-08-04,1072.625,1980.8884680887509,-843.1335227006261,-65.12994538812472,51.69523687564392,24.39452190696035,54.964293227864346,20.641184865175312,False,-0.334587054816685,GULF_OF_LION
1229,2024-08-12,959.875,1964.268621313906,-925.14359307476,-79.25002823914599,51.69523687564392,24.39452190696035,54.964293227864346,20.641184865175312,False,-0.334587054816685,GULF_OF_LION
1230,2024-08-20,919.25,1949.357706192148,-946.4775478034168,-83.63015838873139,51.69523687564392,24.39452190696035,54.964293227864346,20.641184865175312,False,-0.334587054816685,GULF_OF_LION
1231,2024-08-28,919.25,1936.2859671456783,-943.1609057987208,-73.87506134695764,51.69523687564392,24.39452190696035,54.964293227864346,20.641184865175312,False,-0.334587054816685,GULF_OF_LION
1232,2024-09-04,1079.375,1925.147292929437,-824.3511897265057,-21.421103202931363,51.69523687564392,24.39452190696035,54.964293227864346,20.641184865175312,False,-0.334587054816685,GULF_OF_LION
1233,2024-09-12,1079.375,1915.994643829037,-826.9583724952047,-9.661271333832246,51.69523687564392,24.39452190696035,54.964293227864346,20.641184865175312,False,-0.334587054816685,GULF_OF_LION
1234,2024-09-20,1079.375,1908.8390279174364,-835.7382042080989,6.274176290662467,51.69523687564392,24.39452190696035,54.964293227864346,20.641184865175312,False,-0.334587054816685,GULF_OF_LION
1235,2024-09-28,1491.6666666666667,1903.6524004357975,-531.8046539303099,119.81892016117888,51.69523687564392,24.39452190696035,54.964293227864346,20.641184865175312,False,-0.334587054816685,GULF_OF_LION
1236,2024-10-04,2042.5,1900.3663438227843,-144.04511542534016,286.1787716025556,51.69523687564392,24.39452190696035,54.964293227864346,20.641184865175312,False,-0.334587054816685,GULF_OF_LION
1237,2024-10-12,3535.0,1898.8719461144349,967.96408306564,668.1639708199251,51.69523687564392,24.39452190696035,54.964293227864346,20.641184865175312,False,-0.334587054816685,GULF_OF_LION
1238,2024-10-20,3535.0,1899.021210238245,1198.1578952311688,437.8208945305862,51.69523687564392,24.39452190696035,54.964293227864346,20.641184865175312,False,-0.334587054816685,GULF_OF_LION
1239,2024-10-28,2487.1428571428573,1900.6593660232948,651.0866235413325,-64.60313242176994,51.69523687564392,24.39452190696035,54.964293227864346,20.641184865175312,False,-0.334587054816685,GULF_OF_LION
1240,2024-11-04,1357.5,1903.6785251331116,-54.93848203966833,-491.2400430934431,51.69523687564392,24.39452190696035,54.964293227864346,20.641184865175312,False,-0.334587054816685,GULF_OF_LION
1241,2024-11-12,1207.75,1908.0279949314115,-140.3392470290164,-559.9387479023951,51.69523687564392,24.39452190696035,54.964293227864346,20.641184865175312,False,-0.334587054816685,GULF_OF_LION
1242,2024-11-20,1207.75,1913.6897176395676,-188.3653696536368,-517.5743479859306,51.69523687564392,24.39452190696035,54.964293227864346,20.641184865175312,False,-0.334587054816685,GULF_OF_LION
1243,2024-11-28,1750.0,1920.6503666345047,316.3118840914442,-486.9622507259494,51.69523687564392,24.39452190696035,54.964293227864346,20.641184865175312,False,-0.334587054816685,GULF_OF_LION
1244,2024-12-04,1946.6666666666667,1928.8913068330255,624.3958105026582,-606.6204506690171,51.69523687564392,24.39452190696035,54.964293227864346,20.641184865175312,False,-0.334587054816685,GULF_OF_LION
1245,2024-12-12,1767.5,1938.3897950058736,477.5893700463163,-648.4791650521901,51.69523687564392,24.39452190696035,54.964293227864346,20.641184865175312,False,-0.334587054816685,GULF_OF_LION
1246,2024-12-20,2187.5,1949.1085440630604,679.3525269359002,-440.9610709989606,51.69523687564392,24.39452190696035,54.964293227864346,20.641184865175312,False,-0.334587054816685,GULF_OF_LION
1247,2024-12-28,2027.321428571429,1960.9656089335977,175.89677432663746,-109.54095468880644,51.69523687564392,24.39452190696035,54.964293227864346,20.641184865175312,False,-0.334587054816685,GULF_OF_LION
0,1999-01-04,1126.0390625,1003.9499568271444,70.86567716888098,51.2234285039747,74.87668444707577,15.826685972650928,71.3364580169234,12.83685601042568,False,-0.4456698788411095,BAY_OF_BISCAY
1,1999-01-12,1171.08825,1008.2879194100587,102.42504601233914,60.37528457760202,74.87668444707577,15.826685972650928,71.3364580169234,12.83685601042568,False,-0.4456698788411095,BAY_OF_BISCAY
2,1999-01-20,1309.1955714285716,1012.6217544593756,203.66926084754135,92.90455612165457,74.87668444707577,15.826685972650928,71.3364580169234,12.83685601042568,False,-0.4456698788411095,BAY_OF_BISCAY
3,1999-01-28,1342.215625,1016.9031422819754,226.00914076745156,99.3033419505731,74.87668444707577,15.826685972650928,71.3364580169234,12.83685601042568,False,-0.4456698788411095,BAY_OF_BISCAY
4,1999-02-04,1342.215625,1021.0941799983566,223.5082272184398,97.61321778320364,74.87668444707577,15.826685972650928,71.3364580169234,12.83685601042568,False,-0.4456698788411095,BAY_OF_BISCAY
5,1999-02-12,1662.888,1025.1638746128526,461.44452406773456,176.27960131941273,74.87668444707577,15.826685972650928,71.3364580169234,12.83685601042568,False,-0.4456698788411095,BAY_OF_BISCAY
6,1999-02-20,1770.45625,1029.0842773613094,539.4900830488481,201.88188958984244,74.87668444707577,15.826685972650928,71.3364580169234,12.83685601042568,False,-0.4456698788411095,BAY_OF_BISCAY
7,1999-02-28,1916.816375,1032.8268155886603,646.5676618313687,237.42189757997107,74.87668444707577,15.826685972650928,71.3364580169234,12.83685601042568,False,-0.4456698788411095,BAY_OF_BISCAY
8,1999-03-04,1916.816375,1036.3597538719216,832.6979447042172,47.75867642386129,74.87668444707577,15.826685972650928,71.3364580169234,12.83685601042568,False,-0.4456698788411095,BAY_OF_BISCAY
9,1999-03-12,1547.287875,1039.6347567942953,454.5841029739429,53.0690152317618,74.87668444707577,15.826685972650928,71.3364580169234,12.83685601042568,False,-0.4456698788411095,BAY_OF_BISCAY
10,1999-03-20,1179.5505714285714,1042.5987050293368,175.9577842230306,-39.005917823795954,74.87668444707577,15.826685972650928,71.3364580169234,12.83685601042568,False,-0.4456698788411095,BAY_OF_BISCAY
11,1999-03-28,1129.192375,1045.195791767613,140.38368415238324,-56.3871009199961,74.87668444707577,15.826685972650928,71.3364580169234,12.83685601042568,False,-0.4456698788411095,BAY_OF_BISCAY
12,1999-04-04,799.5045,1047.365408639149,-98.25401831980408,-149.60689031934504,74.87668444707577,15.826685972650928,71.3364580169234,12.83685601042568,False,-0.4456698788411095,BAY_OF_BISCAY
13,1999-04-12,799.5045,1049.0416948550862,-70.53741833664071,-178.99977651844551,74.87668444707577,15.826685972650928,71.3364580169234,12.83685601042568,False,-0.4456698788411095,BAY_OF_BISCAY
14,1999-04-20,1288.12675,1050.1530032210794,391.1417469558979,-153.1680001769774,74.87668444707577,15.826685972650928,71.3364580169234,12.83685601042568,False,-0.4456698788411095,BAY_OF_BISCAY
15,1999-04-28,1453.6645,1050.622010197418,513.0165365633915,-109.97404676080976,74.87668444707577,15.826685972650928,71.3364580169234,12.83685601042568,False,-0.4456698788411095,BAY_OF_BISCAY
16,1999-05-04,1591.275875,1050.3763585636282,505.3254856297265,35.5740308066454,74.87668444707577,15.826685972650928,71.3364580169234,12.83685601042568,False,-0.4456698788411095,BAY_OF_BISCAY
17,1999-05-12,1889.6185,1049.3650920297555,706.8127112881358,133.44069668210875,74.87668444707577,15.826685972650928,71.3364580169234,12.83685601042568,False,-0.4456698788411095,BAY_OF_BISCAY
18,1999-05-20,1591.275875,1047.5630114320572,396.4459218094392,147.26694175850366,74.87668444707577,15.826685972650928,71.3364580169234,12.83685601042568,False,-0.4456698788411095,BAY_OF_BISCAY
19,1999-05-28,1538.4935714285714,1044.965356658061,351.6507843123571,141.87743045815336,74.87668444707577,15.826685972650928,71.3364580169234,12.83685601042568,False,-0.4456698788411095,BAY_OF_BISCAY
20,1999-06-04,1001.32175,1041.576375676946,-51.97250173863291,11.71787606168676,74.87668444707577,15.826685972650928,71.3364580169234,12.83685601042568,False,-0.4456698788411095,BAY_OF_BISCAY
21,1999-06-12,818.6615,1037.3993696400755,-189.245404799048,-29.4924648410275,74.87668444707577,15.826685972650928,71.3364580169234,12.83685601042568,False,-0.4456698788411095,BAY_OF_BISCAY
22,1999-06-20,488.4685,1032.4351034974388,-437.0133919187774,-106.95321157866148,74.87668444707577,15.826685972650928,71.3364580169234,12.83685601042568,False,-0.4456698788411095,BAY_OF_BISCAY
23,1999-06-28,397.44716666666665,1026.685040886549,-596.4550217392615,-32.78285248062059,74.87668444707577,15.826685972650928,71.3364580169234,12.83685601042568,False,-0.4456698788411095,BAY_OF_BISCAY
24,1999-07-04,319.680125,1020.1619629554544,-671.0507032042711,-29.43113475118332,74.87668444707577,15.826685972650928,71.3364580169234,12.83685601042568,False,-0.4456698788411095,BAY_OF_BISCAY
25,1999-07-12,319.680125,1012.8965195786566,-674.1665891094142,-19.04980546924241,74.87668444707577,15.826685972650928,71.3364580169234,12.83685601042568,False,-0.4456698788411095,BAY_OF_BISCAY
26,1999-07-20,285.03625714285715,1004.9343234888264,-699.0220250045152,-20.8760413414542,74.87668444707577,15.826685972650928,71.3364580169234,12.83685601042568,False,-0.4456698788411095,BAY_OF_BISCAY
27,1999-07-28,351.2502125,996.3335545728596,-657.2837571168996,12.2004150440398,74.87668444707577,15.826685972650928,71.3364580169234,12.83685601042568,False,-0.4456698788411095,BAY_OF_BISCAY
28,1999-08-04,363.3765875,987.163627373923,-660.0514044819613,36.26436460803825,74.87668444707577,15.826685972650928,71.3364580169234,12.83685601042568,False,-0.4456698788411095,BAY_OF_BISCAY
29,1999-08-12,363.3765875,977.5045970168784,-671.8833540921602,57.75534457528181,74.87668444707577,15.826685972650928,71.3364580169234,12.83685601042568,False,-0.4456698788411095,BAY_OF_BISCAY
30,1999-08-20,239.11254285714287,967.446142096504,-760.5336425423878,32.200043303026746,74.87668444707577,15.826685972650928,71.3364580169234,12.83685601042568,False,-0.4456698788411095,BAY_OF_BISCAY
31,1999-08-28,239.11254285714287,957.0838471182244,-748.846372784226,30.87506852314459,74.87668444707577,15.826685972650928,71.3364580169234,12.83685601042568,False,-0.4456698788411095,BAY_OF_BISCAY
32,1999-09-04,319.28445,946.5166852704706,-650.7821141775272,23.54987890705661,74.87668444707577,15.826685972650928,71.3364580169234,12.83685601042568,False,-0.4456698788411095,BAY_OF_BISCAY
33,1999-09-12,384.5842125,935.8451473088734,-588.7238576425899,37.46292283371656,74.87668444707577,15.826685972650928,71.3364580169234,12.83685601042568,False,-0.4456698788411095,BAY_OF_BISCAY
34,1999-09-20,418.1218,925.1700116838566,-565.6540172950181,58.605805611161486,74.87668444707577,15.826685972650928,71.3364580169234,12.83685601042568,False,-0.4456698788411095,BAY_OF_BISCAY
35,1999-09-28,482.43133333333327,914.5920051666486,-512.3404509722204,80.17977913890508,74.87668444707577,15.826685972650928,71.3364580169234,12.83685601042568,False,-0.4456698788411095,BAY_OF_BISCAY
36,1999-10-04,525.961125,904.20998748196,-430.7577050760161,52.508842594056205,74.87668444707577,15.826685972650928,71.3364580169234,12.83685601042568,False,-0.4456698788411095,BAY_OF_BISCAY
37,1999-10-12,647.017125,894.1148516451793,-316.9501476931795,69.85242104800011,74.87668444707577,15.826685972650928,71.3364580169234,12.83685601042568,False,-0.4456698788411095,BAY_OF_BISCAY
38,1999-10-20,729.3311428571429,884.3867999593834,-259.6966673996482,104.64101029740772,74.87668444707577,15.826685972650928,71.3364580169234,12.83685601042568,False,-0.4456698788411095,BAY_OF_BISCAY
39,1999-10-28,729.3311428571429,875.0980150333472,-229.5408814486252,83.77400927242093,74.87668444707577,15.826685972650928,71.3364580169234,12.83685601042568,False,-0.4456698788411095,BAY_OF_BISCAY
40,1999-11-04,729.3311428571429,866.3090672225014,-176.28638339045716,39.30845902509867,74.87668444707577,15.826685972650928,71.3364580169234,12.83685601042568,False,-0.4456698788411095,BAY_OF_BISCAY
41,1999-11-12,1227.93375,858.0634374753178,439.7516106635771,-69.88129813889492,74.87668444707577,15.826685972650928,71.3364580169234,12.83685601042568,False,-0.4456698788411095,BAY_OF_BISCAY
42,1999-11-20,1227.93375,850.3768258005109,581.9960183626431,-204.4390941631541,74.87668444707577,15.826685972650928,71.3364580169234,12.83685601042568,False,-0.4456698788411095,BAY_OF_BISCAY
43,1999-11-28,853.6693333333333,843.2348567102897,255.0662945192724,-244.63181789622885,74.87668444707577,15.826685972650928,71.3364580169234,12.83685601042568,False,-0.4456698788411095,BAY_OF_BISCAY
44,1999-12-04,853.6693333333333,836.6065416048215,260.83741979582044,-243.77462806730864,74.87668444707577,15.826685972650928,71.3364580169234,12.83685601042568,False,-0.4456698788411095,BAY_OF_BISCAY
45,1999-12-12,1346.693,830.4591086016911,440.4673641566888,75.76652724162005,74.87668444707577,15.826685972650928,71.3364580169234,12.83685601042568,False,-0.4456698788411095,BAY_OF_BISCAY
46,1999-12-20,2209.915875,824.7872526985285,984.215919335955,400.9127029655167,74.87668444707577,15.826685972650928,71.3364580169234,12.83685601042568,False,-0.4456698788411095,BAY_OF_BISCAY
47,1999-12-28,2209.915875,819.6314967726968,983.845477096254,406.43890113104953,74.87668444707577,15.826685972650928,71.3364580169234,12.83685601042568,False,-0.4456698788411095,BAY_OF_BISCAY
48,2000-01-04,,815.0627892336398,63.62779459828176,-71.88677456225105,74.87668444707577,15.826685972650928,71.3364580169234,12.83685601042568,False,-0.4456698788411095,BAY_OF_BISCAY
49,2000-01-12,,811.1436536842488,71.3577393926279,-75.69758380720614,74.87668444707577,15.826685972650928,71.3364580169234,12.83685601042568,False,-0.4456698788411095,BAY_OF_BISCAY
50,2000-01-20,,807.9283340959262,173.84488613933695,-174.9694109655926,74.87668444707577,15.826685972650928,71.3364580169234,12.83685601042568,False,-0.4456698788411095,BAY_OF_BISCAY
51,2000-01-28,,805.4651029014713,235.2305237441116,-233.89181737591235,74.87668444707577,15.826685972650928,71.3364580169234,12.83685601042568,False,-0.4456698788411095,BAY_OF_BISCAY
52,2000-02-04,,803.7947482012974,234.70627474560132,-231.69721367722815,74.87668444707577,15.826685972650928,71.3364580169234,12.83685601042568,False,-0.4456698788411095,BAY_OF_BISCAY
53,2000-02-12,,802.9525209367752,187.5853042798344,-183.73401594693905,74.87668444707577,15.826685972650928,71.3364580169234,12.83685601042568,False,-0.4456698788411095,BAY_OF_BISCAY
54,2000-02-20,,802.9795132629555,110.7371479788327,-106.91285197211766,74.87668444707577,15.826685972650928,71.3364580169234,12.83685601042568,False,-0.4456698788411095,BAY_OF_BISCAY
55,2000-02-28,,803.9318989343924,147.0428010062323,-144.17089067095418,74.87668444707577,15.826685972650928,71.3364580169234,12.83685601042568,False,-0.4456698788411095,BAY_OF_BISCAY
56,2000-03-04,1562.3383333333334,805.8732729422792,598.8865916941375,157.57846869691673,74.87668444707577,15.826685972650928,71.3364580169234,12.83685601042568,False,-0.4456698788411095,BAY_OF_BISCAY
57,2000-03-12,1169.671875,808.8675556486985,559.5692723061454,-198.76495295484392,74.87668444707577,15.826685972650928,71.3364580169234,12.83685601042568,False,-0.4456698788411095,BAY_OF_BISCAY
58,2000-03-20,1169.671875,812.9463520573881,480.938197312546,-124.21267436993412,74.87668444707577,15.826685972650928,71.3364580169234,12.83685601042568,False,-0.4456698788411095,BAY_OF_BISCAY
59,2000-03-28,1189.7005714285715,818.117051435755,467.05959013627006,-95.47607014345355,74.87668444707577,15.826685972650928,71.3364580169234,12.83685601042568,False,-0.4456698788411095,BAY_OF_BISCAY
60,2000-04-04,1235.25075,824.3647951075772,383.2233354834454,27.662619408977378,74.87668444707577,15.826685972650928,71.3364580169234,12.83685601042568,False,-0.4456698788411095,BAY_OF_BISCAY
61,2000-04-12,1356.7406875,831.6611756896457,395.3405700134346,129.73894179691962,74.87668444707577,15.826685972650928,71.3364580169234,12.83685601042568,False,-0.4456698788411095,BAY_OF_BISCAY
62,2000-04-20,1747.5746875,839.9714208746683,549.3927279617891,358.2105386635426,74.87668444707577,15.826685972650928,71.3364580169234,12.83685601042568,False,-0.4456698788411095,BAY_OF_BISCAY
63,2000-04-28,1747.5746875,849.2741310866444,592.6383140899899,305.6622423233657,74.87668444707577,15.826685972650928,71.3364580169234,12.83685601042568,False,-0.4456698788411095,BAY_OF_BISCAY
64,2000-05-04,1312.01425,859.5586738900962,466.2093539832531,-13.75377787334935,74.87668444707577,15.826685972650928,71.3364580169234,12.83685601042568,False,-0.4456698788411095,BAY_OF_BISCAY
65,2000-05-12,1229.754375,870.8150937330703,500.6665354911541,-141.72725422422434,74.87668444707577,15.826685972650928,71.3364580169234,12.83685601042568,False,-0.4456698788411095,BAY_OF_BISCAY
66,2000-05-20,888.8505625,883.0349307616975,196.31838488752652,-190.50275314922405,74.87668444707577,15.826685972650928,71.3364580169234,12.83685601042568,False,-0.4456698788411095,BAY_OF_BISCAY
67,2000-05-28,872.2628571428571,896.2081142788657,43.398651857494734,-67.34390899350328,74.87668444707577,15.826685972650928,71.3364580169234,12.83685601042568,False,-0.4456698788411095,BAY_OF_BISCAY
68,2000-06-04,872.2628571428571,910.325833735744,-173.46291739530253,135.3999408024156,74.87668444707577,15.826685972650928,71.3364580169234,12.83685601042568,False,-0.4456698788411095,BAY_OF_BISCAY
69,2000-06-12,872.8830125,925.384405498704,-232.6007964512263,180.09940345252232,74.87668444707577,15.826685972650928,71.3364580169234,12.83685601042568,False,-0.4456698788411095,BAY_OF_BISCAY
70,2000-06-20,872.8830125,941.3775445356292,-327.54002938650444,259.0454973508752,74.87668444707577,15.826685972650928,71.3364580169234,12.83685601042568,False,-0.4456698788411095,BAY_OF_BISCAY
71,2000-06-28,507.43368333333336,958.2895380424184,-516.4542888430828,65.59843413399796,74.87668444707577,15.826685972650928,71.3364580169234,12.83685601042568,False,-0.4456698788411095,BAY_OF_BISCAY
72,2000-07-04,439.8285875,976.089153785465,-511.2137192643304,-25.04684702113468,74.87668444707577,15.826685972650928,71.3364580169234,12.83685601042568,False,-0.4456698788411095,BAY_OF_BISCAY
73,2000-07-12,422.2350625,994.728551644893,-519.0390494079893,-53.45443973690362,74.87668444707577,15.826685972650928,71.3364580169234,12.83685601042568,False,-0.4456698788411095,BAY_OF_BISCAY
74,2000-07-20,419.7899375,1014.1423905110548,-560.7917519118453,-33.56070109920961,74.87668444707577,15.826685972650928,71.3364580169234,12.83685601042568,False,-0.4456698788411095,BAY_OF_BISCAY
75,2000-07-28,381.98008571428574,1034.2520970423732,-609.0532616828635,-43.218749645223966,74.87668444707577,15.826685972650928,71.3364580169234,12.83685601042568,False,-0.4456698788411095,BAY_OF_BISCAY
76,2000-08-04,329.2791,1054.9689608630704,-665.0971919342924,-60.59266892877804,74.87668444707577,15.826685972650928,71.3364580169234,12.83685601042568,False,-0.4456698788411095,BAY_OF_BISCAY
77,2000-08-12,264.1049,1076.1971837126794,-696.8996824039908,-115.1926013086885,74.87668444707577,15.826685972650928,71.3364580169234,12.83685601042568,False,-0.4456698788411095,BAY_OF_BISCAY
78,2000-08-20,245.4445428571429,1097.832697838567,-745.1972342798915,-107.19092070153248,74.87668444707577,15.826685972650928,71.3364580169234,12.83685601042568,False,-0.4456698788411095,BAY_OF_BISCAY
79,2000-08-28,245.4445428571429,1119.7640098587408,-743.1264086407529,-131.19305836084504,74.87668444707577,15.826685972650928,71.3364580169234,12.83685601042568,False,-0.4456698788411095,BAY_OF_BISCAY
80,2000-09-04,358.2206625,1141.8727211755815,-663.2980029243992,-120.3540557511824,74.87668444707577,15.826685972650928,71.3364580169234,12.83685601042568,False,-0.4456698788411095,BAY_OF_BISCAY
81,2000-09-12,396.55495,1164.0361791422552,-626.911659301874,-140.56956984038118,74.87668444707577,15.826685972650928,71.3364580169234,12.83685601042568,False,-0.4456698788411095,BAY_OF_BISCAY
82,2000-09-20,396.55495,1186.1286509497577,-611.6947311492921,-177.8789698004656,74.87668444707577,15.826685972650928,71.3364580169234,12.83685601042568,False,-0.4456698788411095,BAY_OF_BISCAY
83,2000-09-28,434.4459,1208.021900426296,-569.5653024594718,-204.0106979668243,74.87668444707577,15.826685972650928,71.3364580169234,12.83685601042568,False,-0.4456698788411095,BAY_OF_BISCAY
84,2000-10-04,655.230725,1229.5854385665432,-453.1563185168216,-121.19839504972164,74.87668444707577,15.826685972650928,71.3364580169234,12.83685601042568,False,-0.4456698788411095,BAY_OF_BISCAY
85,2000-10-12,778.3790375,1250.6890493663316,-365.9076176132055,-106.40239425312616,74.87668444707577,15.826685972650928,71.3364580169234,12.83685601042568,False,-0.4456698788411095,BAY_OF_BISCAY
86,2000-10-20,778.3790375,1271.2045731046303,-314.383807643942,-178.44172796068835,74.87668444707577,15.826685972650928,71.3364580169234,12.83685601042568,False,-0.4456698788411095,BAY_OF_BISCAY
87,2000-10-28,901.203625,1291.0052717986823,-248.14725266067651,-141.65439413800578,74.87668444707577,15.826685972650928,71.3364580169234,12.83685601042568,False,-0.4456698788411095,BAY_OF_BISCAY
88,2000-11-04,1108.649625,1309.9656493004045,-140.40562871846507,-60.910395581939184,74.87668444707577,15.826685972650928,71.3364580169234,12.83685601042568,False,-0.4456698788411095,BAY_OF_BISCAY
89,2000-11-12,2060.0125,1327.9617868542507,464.0502217422646,268.0004914034845,74.87668444707577,15.826685972650928,71.3364580169234,12.83685601042568,False,-0.4456698788411095,BAY_OF_BISCAY
90,2000-11-20,2605.8025,1344.8830056025831,747.946131514618,512.9733628827987,74.87668444707577,15.826685972650928,71.3364580169234,12.83685601042568,False,-0.4456698788411095,BAY_OF_BISCAY
91,2000-11-28,2393.974375,1360.6346801942636,549.3018857900462,484.03780901569,74.87668444707577,15.826685972650928,71.3364580169234,12.83685601042568,False,-0.4456698788411095,BAY_OF_BISCAY
92,2000-12-04,2393.974375,1375.1346884276816,550.0859684901377,468.7537180821805,74.87668444707577,15.826685972650928,71.3364580169234,12.83685601042568,False,-0.4456698788411095,BAY_OF_BISCAY
93,2000-12-12,1621.6199375,1388.3163884524297,284.5572608125349,-51.253711764964464,74.87668444707577,15.826685972650928,71.3364580169234,12.83685601042568,False,-0.4456698788411095,BAY_OF_BISCAY
94,2000-12-20,1204.3206249999998,1400.1224531940356,280.53345277654506,-476.33528097058087,74.87668444707577,15.826685972650928,71.3364580169234,12.83685601042568,False,-0.4456698788411095,BAY_OF_BISCAY
95,2000-12-28,1204.3206249999998,1410.502106477735,279.2743332885998,-485.4558147663349,74.87668444707577,15.826685972650928,71.3364580169234,12.83685601042568,False,-0.4456698788411095,BAY_OF_BISCAY
96,2001-01-04,1609.23375,1419.4015628131351,104.1918867649596,85.64030042190517,74.87668444707577,15.826685972650928,71.3364580169234,12.83685601042568,False,-0.4456698788411095,BAY_OF_BISCAY
97,2001-01-12,1609.23375,1426.7579489626146,115.4140853293178,67.0617157080675,74.87668444707577,15.826685972650928,71.3364580169234,12.83685601042568,False,-0.4456698788411095,BAY_OF_BISCAY
98,2001-01-20,1894.0458125,1432.4907954004143,254.2490200222308,207.30599707735493,74.87668444707577,15.826685972650928,71.3364580169234,12.83685601042568,False,-0.4456698788411095,BAY_OF_BISCAY
99,2001-01-28,2114.856875,1436.5202964400794,362.06696910265214,316.2696094572684,74.87668444707577,15.826685972650928,71.3364580169234,12.83685601042568,False,-0.4456698788411095,BAY_OF_BISCAY
100,2001-02-04,2114.856875,1438.768732642847,361.16712630563154,314.9210160515214,74.87668444707577,15.826685972650928,71.3364580169234,12.83685601042568,False,-0.4456698788411095,BAY_OF_BISCAY
101,2001-02-12,1604.55725,1439.164702023019,121.38564985201268,44.00689812496873,74.87668444707577,15.826685972650928,71.3364580169234,12.83685601042568,False,-0.4456698788411095,BAY_OF_BISCAY
102,2001-02-20,1189.2636875,1437.640341194147,21.937871562663325,-270.31452525681,74.87668444707577,15.826685972650928,71.3364580169234,12.83685601042568,False,-0.4456698788411095,BAY_OF_BISCAY
103,2001-02-28,1189.2636875,1434.1188547263191,75.94388330585352,-320.7990505321726,74.87668444707577,15.826685972650928,71.3364580169234,12.83685601042568,False,-0.4456698788411095,BAY_OF_BISCAY
104,2001-03-04,1485.7450625,1428.517915697338,410.5316676237053,-353.30452082104307,74.87668444707577,15.826685972650928,71.3364580169234,12.83685601042568,False,-0.4456698788411095,BAY_OF_BISCAY
105,2001-03-12,2481.624375,1420.758023366012,732.8178425780583,328.0485090559297,74.87668444707577,15.826685972650928,71.3364580169234,12.83685601042568,False,-0.4456698788411095,BAY_OF_BISCAY
106,2001-03-20,2531.457142857143,1410.785328157166,742.0147463385891,378.6570683613878,74.87668444707577,15.826685972650928,71.3364580169234,12.83685601042568,False,-0.4456698788411095,BAY_OF_BISCAY
107,2001-03-28,2481.624375,1398.5580690865313,677.4503673556961,405.6159385577725,74.87668444707577,15.826685972650928,71.3364580169234,12.83685601042568,False,-0.4456698788411095,BAY_OF_BISCAY
108,2001-04-04,2380.548875,1384.062341835068,638.3676262891039,358.1189068758282,74.87668444707577,15.826685972650928,71.3364580169234,12.83685601042568,False,-0.4456698788411095,BAY_OF_BISCAY
109,2001-04-12,2181.134125,1367.310362167245,561.9995079152698,251.8242549174852,74.87668444707577,15.826685972650928,71.3364580169234,12.83685601042568,False,-0.4456698788411095,BAY_OF_BISCAY
110,2001-04-20,1519.6444166666668,1348.3407176565352,326.1753044725905,-154.8716054624589,74.87668444707577,15.826685972650928,71.3364580169234,12.83685601042568,False,-0.4456698788411095,BAY_OF_BISCAY
111,2001-04-28,1519.6444166666668,1327.2099170431668,300.97175689544594,-108.53725727194598,74.87668444707577,15.826685972650928,71.3364580169234,12.83685601042568,False,-0.4456698788411095,BAY_OF_BISCAY
112,2001-05-04,1742.546875,1303.9923930053114,306.4421222448299,132.11235974985868,74.87668444707577,15.826685972650928,71.3364580169234,12.83685601042568,False,-0.4456698788411095,BAY_OF_BISCAY
113,2001-05-12,1742.546875,1278.7712824366815,335.0978886391658,128.6777039241527,74.87668444707577,15.826685972650928,71.3364580169234,12.83685601042568,False,-0.4456698788411095,BAY_OF_BISCAY
114,2001-05-20,1506.1753125,1251.633208311937,172.92851256374033,81.61359162432237,74.87668444707577,15.826685972650928,71.3364580169234,12.83685601042568,False,-0.4456698788411095,BAY_OF_BISCAY
115,2001-05-28,992.2927857142856,1222.675495585003,-80.06137761667532,-150.32133225404203,74.87668444707577,15.826685972650928,71.3364580169234,12.83685601042568,False,-0.4456698788411095,BAY_OF_BISCAY
116,2001-06-04,678.879825,1192.009407767228,-92.63609073289658,-420.4934920343316,74.87668444707577,15.826685972650928,71.3364580169234,12.83685601042568,False,-0.4456698788411095,BAY_OF_BISCAY
117,2001-06-12,621.8504125,1159.754912169414,-115.27849620616796,-422.6260034632461,74.87668444707577,15.826685972650928,71.3364580169234,12.83685601042568,False,-0.4456698788411095,BAY_OF_BISCAY
118,2001-06-20,528.9886750000001,1126.041890713229,-343.6793417762277,-253.37387393700112,74.87668444707577,15.826685972650928,71.3364580169234,12.83685601042568,False,-0.4456698788411095,BAY_OF_BISCAY
119,2001-06-28,528.9886750000001,1091.0182062217095,-470.0345892424971,-91.9949419792124,74.87668444707577,15.826685972650928,71.3364580169234,12.83685601042568,False,-0.4456698788411095,BAY_OF_BISCAY
120,2001-07-04,727.6773000000001,1054.848193652741,-393.4907409430688,66.31984729032786,74.87668444707577,15.826685972650928,71.3364580169234,12.83685601042568,False,-0.4456698788411095,BAY_OF_BISCAY
121,2001-07-12,727.6773000000001,1017.7068471117678,-394.3856621586358,104.356115046868,74.87668444707577,15.826685972650928,71.3364580169234,12.83685601042568,False,-0.4456698788411095,BAY_OF_BISCAY
122,2001-07-20,598.2563375,979.78164110566,-455.3405165064624,73.81521290080246,74.87668444707577,15.826685972650928,71.3364580169234,12.83685601042568,False,-0.4456698788411095,BAY_OF_BISCAY
123,2001-07-28,416.49987142857145,941.2705677200192,-576.5074642079986,51.736767916551,74.87668444707577,15.826685972650928,71.3364580169234,12.83685601042568,False,-0.4456698788411095,BAY_OF_BISCAY
124,2001-08-04,289.88935000000004,902.3800507858772,-646.9562920875077,34.465591301630525,74.87668444707577,15.826685972650928,71.3364580169234,12.83685601042568,False,-0.4456698788411095,BAY_OF_BISCAY
125,2001-08-12,289.88935000000004,863.3196591608273,-658.8604089658996,85.43009980507236,74.87668444707577,15.826685972650928,71.3364580169234,12.83685601042568,False,-0.4456698788411095,BAY_OF_BISCAY
126,2001-08-20,246.9012625,824.299796312759,-671.5949247820843,94.19639096932532,74.87668444707577,15.826685972650928,71.3364580169234,12.83685601042568,False,-0.4456698788411095,BAY_OF_BISCAY
127,2001-08-28,244.3961125,785.5289451359592,-645.5028462569109,104.37001362095168,74.87668444707577,15.826685972650928,71.3364580169234,12.83685601042568,False,-0.4456698788411095,BAY_OF_BISCAY
128,2001-09-04,243.88923125,747.212171225453,-610.9131691563007,107.5902291808477,74.87668444707577,15.826685972650928,71.3364580169234,12.83685601042568,False,-0.4456698788411095,BAY_OF_BISCAY
129,2001-09-12,244.3961125,709.5495575376973,-591.1376466736027,125.98420163590544,74.87668444707577,15.826685972650928,71.3364580169234,12.83685601042568,False,-0.4456698788411095,BAY_OF_BISCAY
130,2001-09-20,288.2276375,672.7366366513196,-556.7877885566407,172.27878940532116,74.87668444707577,15.826685972650928,71.3364580169234,12.83685601042568,False,-0.4456698788411095,BAY_OF_BISCAY
131,2001-09-28,335.55675625000003,636.9636341205077,-513.567769213687,212.1608913431794,74.87668444707577,15.826685972650928,71.3364580169234,12.83685601042568,False,-0.4456698788411095,BAY_OF_BISCAY
132,2001-10-04,335.55675625000003,602.4161148223526,-442.56059722269663,175.70123865034407,74.87668444707577,15.826685972650928,71.3364580169234,12.83685601042568,False,-0.4456698788411095,BAY_OF_BISCAY
133,2001-10-12,335.55675625000003,569.2762793415616,-360.4977659988095,126.77824290724794,74.87668444707577,15.826685972650928,71.3364580169234,12.83685601042568,False,-0.4456698788411095,BAY_OF_BISCAY
134,2001-10-20,458.45357142857137,537.7218840951912,-259.9208211938469,180.6525085272271,74.87668444707577,15.826685972650928,71.3364580169234,12.83685601042568,False,-0.4456698788411095,BAY_OF_BISCAY
135,2001-10-28,458.45357142857137,507.92325288749294,-231.4749249710932,182.0052435121716,74.87668444707577,15.826685972650928,71.3364580169234,12.83685601042568,False,-0.4456698788411095,BAY_OF_BISCAY
136,2001-11-04,458.45357142857137,480.0459809165991,-148.0751219698382,126.48271248181048,74.87668444707577,15.826685972650928,71.3364580169234,12.83685601042568,False,-0.4456698788411095,BAY_OF_BISCAY
137,2001-11-12,464.47173125,454.2533925334011,236.3349339765965,-226.1165952599976,74.87668444707577,15.826685972650928,71.3364580169234,12.83685601042568,False,-0.4456698788411095,BAY_OF_BISCAY
138,2001-11-20,503.6761166666667,430.699228743483,486.99889061901433,-414.0220026958306,74.87668444707577,15.826685972650928,71.3364580169234,12.83685601042568,False,-0.4456698788411095,BAY_OF_BISCAY
139,2001-11-28,503.6761166666667,409.5235411730262,455.3269991521565,-361.174423658516,74.87668444707577,15.826685972650928,71.3364580169234,12.83685601042568,False,-0.4456698788411095,BAY_OF_BISCAY
140,2001-12-04,507.4103125,390.8477816113571,486.14048570759707,-369.5779548189541,74.87668444707577,15.826685972650928,71.3364580169234,12.83685601042568,False,-0.4456698788411095,BAY_OF_BISCAY
141,2001-12-12,507.4103125,374.7614785677732,294.08379593735555,-161.43496200512874,74.87668444707577,15.826685972650928,71.3364580169234,12.83685601042568,False,-0.4456698788411095,BAY_OF_BISCAY
142,2001-12-20,469.4393375,361.3182197513666,93.6454784305649,14.47563931806846,74.87668444707577,15.826685972650928,71.3364580169234,12.83685601042568,False,-0.4456698788411095,BAY_OF_BISCAY
143,2001-12-28,469.055875,350.5329058850599,97.88244708559678,20.64052202934333,74.87668444707577,15.826685972650928,71.3364580169234,12.83685601042568,False,-0.4456698788411095,BAY_OF_BISCAY
144,2002-01-04,373.0508142857143,342.3991097629407,251.3876684980554,-220.73596397528183,74.87668444707577,15.826685972650928,71.3364580169234,12.83685601042568,False,-0.4456698788411095,BAY_OF_BISCAY
145,2002-01-12,432.63275,336.90235167375533,285.7510777166394,-190.02067939039472,74.87668444707577,15.826685972650928,71.3364580169234,12.83685601042568,False,-0.4456698788411095,BAY_OF_BISCAY
146,2002-01-20,432.63275,334.0516287111508,360.8655196934581,-262.2843984046089,74.87668444707577,15.826685972650928,71.3364580169234,12.83685601042568,False,-0.4456698788411095,BAY_OF_BISCAY
147,2002-01-28,432.63275,333.85684406446825,436.8968692363407,-338.12096330080897,74.87668444707577,15.826685972650928,71.3364580169234,12.83685601042568,False,-0.4456698788411095,BAY_OF_BISCAY
148,2002-02-04,435.46407142857146,336.3231736186068,475.2091219988857,-376.068224188921,74.87668444707577,15.826685972650928,71.3364580169234,12.83685601042568,False,-0.4456698788411095,BAY_OF_BISCAY
149,2002-02-12,503.346375,341.4207598242675,382.6838987501352,-220.7582835744027,74.87668444707577,15.826685972650928,71.3364580169234,12.83685601042568,False,-0.4456698788411095,BAY_OF_BISCAY
150,2002-02-20,944.8199375,349.0750643385907,362.45107266355046,233.2938004978588,74.87668444707577,15.826685972650928,71.3364580169234,12.83685601042568,False,-0.4456698788411095,BAY_OF_BISCAY
151,2002-02-28,1172.034625,359.18198646232725,475.3033504013636,337.54928813630914,74.87668444707577,15.826685972650928,71.3364580169234,12.83685601042568,False,-0.4456698788411095,BAY_OF_BISCAY
152,2002-03-04,1172.034625,371.61898777020747,538.6826138733222,261.7330233564703,74.87668444707577,15.826685972650928,71.3364580169234,12.83685601042568,False,-0.4456698788411095,BAY_OF_BISCAY
153,2002-03-12,868.924,386.2610094689802,634.9637536575634,-152.30076312654364,74.87668444707577,15.826685972650928,71.3364580169234,12.83685601042568,False,-0.4456698788411095,BAY_OF_BISCAY
154,2002-03-20,811.417625,402.9865613175917,542.2016513476277,-133.77058766521935,74.87668444707577,15.826685972650928,71.3364580169234,12.83685601042568,False,-0.4456698788411095,BAY_OF_BISCAY
155,2002-03-28,636.8353571428571,421.6908712213045,375.9800884834367,-160.83560256188412,74.87668444707577,15.826685972650928,71.3364580169234,12.83685601042568,False,-0.4456698788411095,BAY_OF_BISCAY
156,2002-04-04,636.8353571428571,442.26247796742985,332.26794399356714,-137.69506481813988,74.87668444707577,15.826685972650928,71.3364580169234,12.83685601042568,False,-0.4456698788411095,BAY_OF_BISCAY
157,2002-04-12,603.7243125,464.5765164997077,258.4734619574507,-119.32566595715838,74.87668444707577,15.826685972650928,71.3364580169234,12.83685601042568,False,-0.4456698788411095,BAY_OF_BISCAY
158,2002-04-20,586.988875,488.49076071853455,78.0337265545663,20.46438772689916,74.87668444707577,15.826685972650928,71.3364580169234,12.83685601042568,False,-0.4456698788411095,BAY_OF_BISCAY
159,2002-04-28,479.0138125,513.844092486425,22.805810756699607,-57.63609074312462,74.87668444707577,15.826685972650928,71.3364580169234,12.83685601042568,False,-0.4456698788411095,BAY_OF_BISCAY
160,2002-05-04,479.0138125,540.455333009804,71.0784667610281,-132.51998727083213,74.87668444707577,15.826685972650928,71.3364580169234,12.83685601042568,False,-0.4456698788411095,BAY_OF_BISCAY
161,2002-05-12,652.1454375,568.140435614755,157.4500583622794,-73.44505647703446,74.87668444707577,15.826685972650928,71.3364580169234,12.83685601042568,False,-0.4456698788411095,BAY_OF_BISCAY
162,2002-05-20,780.9052857142857,596.7120826595749,159.36007513225147,24.83312792245934,74.87668444707577,15.826685972650928,71.3364580169234,12.83685601042568,False,-0.4456698788411095,BAY_OF_BISCAY
163,2002-05-28,780.9052857142857,625.9629670039425,24.5146380423364,130.4276806680068,74.87668444707577,15.826685972650928,71.3364580169234,12.83685601042568,False,-0.4456698788411095,BAY_OF_BISCAY
164,2002-06-04,1331.70775,655.6619383615132,217.3421736140372,458.7036380244497,74.87668444707577,15.826685972650928,71.3364580169234,12.83685601042568,False,-0.4456698788411095,BAY_OF_BISCAY
165,2002-06-12,1331.70775,685.5597732007151,155.6984036339377,490.44957316534726,74.87668444707577,15.826685972650928,71.3364580169234,12.83685601042568,False,-0.4456698788411095,BAY_OF_BISCAY
166,2002-06-20,574.3022000000001,715.4006793772272,-284.903397489266,143.80491811203888,74.87668444707577,15.826685972650928,71.3364580169234,12.83685601042568,False,-0.4456698788411095,BAY_OF_BISCAY
167,2002-06-28,395.23075,744.9312781144702,-402.1283522660036,52.4278241515334,74.87668444707577,15.826685972650928,71.3364580169234,12.83685601042568,False,-0.4456698788411095,BAY_OF_BISCAY
168,2002-07-04,344.7515,773.9089527008899,-394.6794188484739,-34.47803385241605,74.87668444707577,15.826685972650928,71.3364580169234,12.83685601042568,False,-0.4456698788411095,BAY_OF_BISCAY
169,2002-07-12,344.7515,802.103599306493,-414.9842231043284,-42.36787620216472,74.87668444707577,15.826685972650928,71.3364580169234,12.83685601042568,False,-0.4456698788411095,BAY_OF_BISCAY
170,2002-07-20,344.7515,829.297559619925,-471.1304574152137,-13.41560220471132,74.87668444707577,15.826685972650928,71.3364580169234,12.83685601042568,False,-0.4456698788411095,BAY_OF_BISCAY
171,2002-07-28,238.3557875,855.2836480531007,-596.6794355126547,-20.248425040446023,74.87668444707577,15.826685972650928,71.3364580169234,12.83685601042568,False,-0.4456698788411095,BAY_OF_BISCAY
172,2002-08-04,238.3557875,879.865369023739,-649.3541203204858,7.844538796746747,74.87668444707577,15.826685972650928,71.3364580169234,12.83685601042568,False,-0.4456698788411095,BAY_OF_BISCAY
173,2002-08-12,238.3557875,902.861800879994,-657.9848564139821,-6.521156966011972,74.87668444707577,15.826685972650928,71.3364580169234,12.83685601042568,False,-0.4456698788411095,BAY_OF_BISCAY
174,2002-08-20,282.85455625,924.1120462881746,-642.727327073882,1.4698370357073145,74.87668444707577,15.826685972650928,71.3364580169234,12.83685601042568,False,-0.4456698788411095,BAY_OF_BISCAY
175,2002-08-28,387.81232857142857,943.478977343607,-593.2395212779754,37.57287250579702,74.87668444707577,15.826685972650928,71.3364580169234,12.83685601042568,False,-0.4456698788411095,BAY_OF_BISCAY
176,2002-09-04,400.2879625,960.8508128623488,-588.5591569423536,27.996306580004784,74.87668444707577,15.826685972650928,71.3364580169234,12.83685601042568,False,-0.4456698788411095,BAY_OF_BISCAY
177,2002-09-12,404.50498125,976.1424495184398,-574.3442912485322,2.7068229800923973,74.87668444707577,15.826685972650928,71.3364580169234,12.83685601042568,False,-0.4456698788411095,BAY_OF_BISCAY
178,2002-09-20,404.50498125,989.2952229135856,-555.1099314660298,-29.680310197555627,74.87668444707577,15.826685972650928,71.3364580169234,12.83685601042568,False,-0.4456698788411095,BAY_OF_BISCAY
179,2002-09-28,386.2340833333333,1000.2769620840886,-547.6641381178824,-66.3787406328729,74.87668444707577,15.826685972650928,71.3364580169234,12.83685601042568,False,-0.4456698788411095,BAY_OF_BISCAY
180,2002-10-04,386.2340833333333,1009.080913416198,-532.9294574292899,-89.91737265357483,74.87668444707577,15.826685972650928,71.3364580169234,12.83685601042568,False,-0.4456698788411095,BAY_OF_BISCAY
181,2002-10-12,528.01298125,1015.7222015011564,-452.3786844555185,-35.33053579563773,74.87668444707577,15.826685972650928,71.3364580169234,12.83685601042568,False,-0.4456698788411095,BAY_OF_BISCAY
182,2002-10-20,623.8520714285714,1020.2346398428382,-368.9875242356936,-27.39504417857313,74.87668444707577,15.826685972650928,71.3364580169234,12.83685601042568,False,-0.4456698788411095,BAY_OF_BISCAY
183,2002-10-28,555.6421875,1022.6699259499576,-361.7127518585812,-105.31498659137634,74.87668444707577,15.826685972650928,71.3364580169234,12.83685601042568,False,-0.4456698788411095,BAY_OF_BISCAY
184,2002-11-04,623.8520714285714,1023.0925043220308,-326.50329024085016,-72.73714265260918,74.87668444707577,15.826685972650928,71.3364580169234,12.83685601042568,False,-0.4456698788411095,BAY_OF_BISCAY
185,2002-11-12,1145.3474375,1021.5738112963624,-31.407804849009597,155.1814310526472,74.87668444707577,15.826685972650928,71.3364580169234,12.83685601042568,False,-0.4456698788411095,BAY_OF_BISCAY
186,2002-11-20,1481.6650625,1018.1888758285032,148.6420138712911,314.8341728002055,74.87668444707577,15.826685972650928,71.3364580169234,12.83685601042568,False,-0.4456698788411095,BAY_OF_BISCAY
187,2002-11-28,1538.0946666666666,1013.0144341783732,350.4913967146656,174.58883577362792,74.87668444707577,15.826685972650928,71.3364580169234,12.83685601042568,False,-0.4456698788411095,BAY_OF_BISCAY
188,2002-12-04,1640.5930625,1006.1273102876484,447.0753587941472,187.39039341820452,74.87668444707577,15.826685972650928,71.3364580169234,12.83685601042568,False,-0.4456698788411095,BAY_OF_BISCAY
189,2002-12-12,1640.5930625,997.6136297896676,453.3831315965465,189.59630111378613,74.87668444707577,15.826685972650928,71.3364580169234,12.83685601042568,False,-0.4456698788411095,BAY_OF_BISCAY
190,2002-12-20,1320.024,987.5718600663544,215.29479400386077,117.15734592978478,74.87668444707577,15.826685972650928,71.3364580169234,12.83685601042568,False,-0.4456698788411095,BAY_OF_BISCAY
191,2002-12-28,1320.024,976.1213682127096,219.64352766855367,124.25910411873647,74.87668444707577,15.826685972650928,71.3364580169234,12.83685601042568,False,-0.4456698788411095,BAY_OF_BISCAY
192,2003-01-04,1703.7198125,963.3944880490812,402.04054960449776,338.284774846421,74.87668444707577,15.826685972650928,71.3364580169234,12.83685601042568,False,-0.4456698788411095,BAY_OF_BISCAY
193,2003-01-12,1703.7198125,949.529485482822,1035.5101736400316,-281.31984662285345,74.87668444707577,15.826685972650928,71.3364580169234,12.83685601042568,False,-0.4456698788411095,BAY_OF_BISCAY
194,2003-01-20,1703.7198125,934.6234338828716,1113.2190827301592,-344.12270411303086,74.87668444707577,15.826685972650928,71.3364580169234,12.83685601042568,False,-0.4456698788411095,BAY_OF_BISCAY
195,2003-01-28,1774.9812857142858,918.7509025746195,1154.4224883362497,-298.1921051965834,74.87668444707577,15.826685972650928,71.3364580169234,12.83685601042568,False,-0.4456698788411095,BAY_OF_BISCAY
196,2003-02-04,1914.4515,901.9756721708828,721.3105547779089,291.16527305120815,74.87668444707577,15.826685972650928,71.3364580169234,12.83685601042568,False,-0.4456698788411095,BAY_OF_BISCAY
197,2003-02-12,1914.4515,884.3995910430393,539.1634561533015,490.8884528036592,74.87668444707577,15.826685972650928,71.3364580169234,12.83685601042568,False,-0.4456698788411095,BAY_OF_BISCAY
198,2003-02-20,1364.9563125,866.177157393573,372.6056424540076,126.1735126524194,74.87668444707577,15.826685972650928,71.3364580169234,12.83685601042568,False,-0.4456698788411095,BAY_OF_BISCAY
199,2003-02-28,1364.9563125,847.5069239576982,426.5411823695685,90.90820617273334,74.87668444707577,15.826685972650928,71.3364580169234,12.83685601042568,False,-0.4456698788411095,BAY_OF_BISCAY
200,2003-03-04,1326.3288125,828.6220174115323,420.8534759762056,76.853319112262,74.87668444707577,15.826685972650928,71.3364580169234,12.83685601042568,False,-0.4456698788411095,BAY_OF_BISCAY
201,2003-03-12,1326.3288125,809.7632096065918,395.2577855403444,121.30781735306374,74.87668444707577,15.826685972650928,71.3364580169234,12.83685601042568,False,-0.4456698788411095,BAY_OF_BISCAY
202,2003-03-20,1025.9394375,791.1593523308193,236.03692270458163,-1.2568375354009618,74.87668444707577,15.826685972650928,71.3364580169234,12.83685601042568,False,-0.4456698788411095,BAY_OF_BISCAY
203,2003-03-28,765.3007857142857,773.0191881516754,67.41281724786614,-75.13121968525587,74.87668444707577,15.826685972650928,71.3364580169234,12.83685601042568,False,-0.4456698788411095,BAY_OF_BISCAY
204,2003-04-04,694.8986875,755.5423030844566,-3.2920602052424783,-57.35155537921412,74.87668444707577,15.826685972650928,71.3364580169234,12.83685601042568,False,-0.4456698788411095,BAY_OF_BISCAY
205,2003-04-12,668.3149875,738.9202020577554,38.86619620133462,-109.47141075909002,74.87668444707577,15.826685972650928,71.3364580169234,12.83685601042568,False,-0.4456698788411095,BAY_OF_BISCAY
206,2003-04-20,645.8036999999999,723.3350754655212,92.95347531481212,-170.48485078033335,74.87668444707577,15.826685972650928,71.3364580169234,12.83685601042568,False,-0.4456698788411095,BAY_OF_BISCAY
207,2003-04-28,645.8036999999999,708.9557149207337,108.72340554911386,-171.87542046984765,74.87668444707577,15.826685972650928,71.3364580169234,12.83685601042568,False,-0.4456698788411095,BAY_OF_BISCAY
208,2003-05-04,620.3659375,695.9356724840219,165.71927676064632,-241.28901174466824,74.87668444707577,15.826685972650928,71.3364580169234,12.83685601042568,False,-0.4456698788411095,BAY_OF_BISCAY
209,2003-05-12,620.3659375,684.4027673291528,213.0896898709184,-277.1265197000712,74.87668444707577,15.826685972650928,71.3364580169234,12.83685601042568,False,-0.4456698788411095,BAY_OF_BISCAY
210,2003-05-20,602.6976714285714,674.4659795047351,54.60353234436204,-126.37184042052569,74.87668444707577,15.826685972650928,71.3364580169234,12.83685601042568,False,-0.4456698788411095,BAY_OF_BISCAY
211,2003-05-28,580.9979125,666.2349872218708,-40.58580944398669,-44.65126527788415,74.87668444707577,15.826685972650928,71.3364580169234,12.83685601042568,False,-0.4456698788411095,BAY_OF_BISCAY
212,2003-06-04,580.9979125,659.8236166648996,76.511698117848,-155.33740228274766,74.87668444707577,15.826685972650928,71.3364580169234,12.83685601042568,False,-0.4456698788411095,BAY_OF_BISCAY
213,2003-06-12,419.4069375,655.3440949588022,-36.75883882707589,-199.17831863172628,74.87668444707577,15.826685972650928,71.3364580169234,12.83685601042568,False,-0.4456698788411095,BAY_OF_BISCAY
214,2003-06-20,299.13745,652.9006972412104,-330.18754098761804,-23.575706253592383,74.87668444707577,15.826685972650928,71.3364580169234,12.83685601042568,False,-0.4456698788411095,BAY_OF_BISCAY
215,2003-06-28,221.12351666666663,652.5725806315332,-428.06061997792784,-3.3884439869387397,74.87668444707577,15.826685972650928,71.3364580169234,12.83685601042568,False,-0.4456698788411095,BAY_OF_BISCAY
216,2003-07-04,186.8793625,654.4040567693817,-463.7778608447327,-3.746833424648969,74.87668444707577,15.826685972650928,71.3364580169234,12.83685601042568,False,-0.4456698788411095,BAY_OF_BISCAY
217,2003-07-12,165.0159125,658.4120169994725,-495.1228458163437,1.726741316871255,74.87668444707577,15.826685972650928,71.3364580169234,12.83685601042568,False,-0.4456698788411095,BAY_OF_BISCAY
218,2003-07-20,153.5475125,664.5879773519915,-515.9395081941841,4.899043342192613,74.87668444707577,15.826685972650928,71.3364580169234,12.83685601042568,False,-0.4456698788411095,BAY_OF_BISCAY
219,2003-07-28,127.31740714285714,672.8998871990248,-588.6847872829555,43.10230722678796,74.87668444707577,15.826685972650928,71.3364580169234,12.83685601042568,False,-0.4456698788411095,BAY_OF_BISCAY
220,2003-08-04,102.43740625,683.2937813901618,-611.5211773611449,30.66480222098301,74.87668444707577,15.826685972650928,71.3364580169234,12.83685601042568,False,-0.4456698788411095,BAY_OF_BISCAY
221,2003-08-12,102.43740625,695.6925197663554,-609.6243138359936,16.36920031963814,74.87668444707577,15.826685972650928,71.3364580169234,12.83685601042568,False,-0.4456698788411095,BAY_OF_BISCAY
222,2003-08-20,140.6440071428571,709.9961237117222,-580.3115335909507,10.959417022085631,74.87668444707577,15.826685972650928,71.3364580169234,12.83685601042568,False,-0.4456698788411095,BAY_OF_BISCAY
223,2003-08-28,144.114575,726.0814802325532,-551.9442910079632,-30.02261422459003,74.87668444707577,15.826685972650928,71.3364580169234,12.83685601042568,False,-0.4456698788411095,BAY_OF_BISCAY
224,2003-09-04,144.114575,743.8035851133869,-549.4427144545065,-50.24629565888051,74.87668444707577,15.826685972650928,71.3364580169234,12.83685601042568,False,-0.4456698788411095,BAY_OF_BISCAY
225,2003-09-12,187.82986875,762.9970739119481,-528.2458087814671,-46.92139638048093,74.87668444707577,15.826685972650928,71.3364580169234,12.83685601042568,False,-0.4456698788411095,BAY_OF_BISCAY
226,2003-09-20,206.86220000000003,783.4770682494884,-521.8022002266274,-54.812668022860976,74.87668444707577,15.826685972650928,71.3364580169234,12.83685601042568,False,-0.4456698788411095,BAY_OF_BISCAY
227,2003-09-28,206.86220000000003,805.0406944689815,-531.8903810192788,-66.28811344970268,74.87668444707577,15.826685972650928,71.3364580169234,12.83685601042568,False,-0.4456698788411095,BAY_OF_BISCAY
228,2003-10-04,243.55608125,827.4694957458584,-514.0005759216244,-69.91283857423389,74.87668444707577,15.826685972650928,71.3364580169234,12.83685601042568,False,-0.4456698788411095,BAY_OF_BISCAY
229,2003-10-12,261.69280625,850.5326046427471,-477.875168542893,-110.96462984985408,74.87668444707577,15.826685972650928,71.3364580169234,12.83685601042568,False,-0.4456698788411095,BAY_OF_BISCAY
230,2003-10-20,272.8177875,873.9916982383598,-437.268445537961,-163.9054652003988,74.87668444707577,15.826685972650928,71.3364580169234,12.83685601042568,False,-0.4456698788411095,BAY_OF_BISCAY
231,2003-10-28,441.28905714285713,897.6045008378583,-362.5969337841551,-93.71850991084608,74.87668444707577,15.826685972650928,71.3364580169234,12.83685601042568,False,-0.4456698788411095,BAY_OF_BISCAY
232,2003-11-04,450.2025625,921.12831194817,-353.01411720733773,-117.91163224083216,74.87668444707577,15.826685972650928,71.3364580169234,12.83685601042568,False,-0.4456698788411095,BAY_OF_BISCAY
233,2003-11-12,583.1455,944.3243967442328,-173.00336635693156,-188.17553038730125,74.87668444707577,15.826685972650928,71.3364580169234,12.83685601042568,False,-0.4456698788411095,BAY_OF_BISCAY
234,2003-11-20,583.1455,966.9683863824076,-114.99913871388134,-268.8237476685263,74.87668444707577,15.826685972650928,71.3364580169234,12.83685601042568,False,-0.4456698788411095,BAY_OF_BISCAY
235,2003-11-28,1262.6646666666666,988.8553023304512,231.89578749576816,41.913576840447206,74.87668444707577,15.826685972650928,71.3364580169234,12.83685601042568,False,-0.4456698788411095,BAY_OF_BISCAY
236,2003-12-04,1422.0846875,1009.8001516212946,340.4857520522345,71.79878382647087,74.87668444707577,15.826685972650928,71.3364580169234,12.83685601042568,False,-0.4456698788411095,BAY_OF_BISCAY
237,2003-12-12,1422.0846875,1029.6312894085474,358.88607347286984,33.56732461858269,74.87668444707577,15.826685972650928,71.3364580169234,12.83685601042568,False,-0.4456698788411095,BAY_OF_BISCAY
238,2003-12-20,1125.804125,1048.1921105036197,189.183189546787,-111.5711750504068,74.87668444707577,15.826685972650928,71.3364580169234,12.83685601042568,False,-0.4456698788411095,BAY_OF_BISCAY
239,2003-12-28,1125.804125,1065.3320416714955,186.0054642834957,-125.53338095499136,74.87668444707577,15.826685972650928,71.3364580169234,12.83685601042568,False,-0.4456698788411095,BAY_OF_BISCAY
240,2004-01-04,1163.65175,1080.9073949479684,290.1559506464478,-207.41159559441627,74.87668444707577,15.826685972650928,71.3364580169234,12.83685601042568,False,-0.4456698788411095,BAY_OF_BISCAY
241,2004-01-12,3613.77075,1094.786896733949,1512.7037769505023,1006.2800763155484,74.87668444707577,15.826685972650928,71.3364580169234,12.83685601042568,False,-0.4456698788411095,BAY_OF_BISCAY
242,2004-01-20,3899.9625,1106.8728500012912,1706.2588682348917,1086.8307817638174,74.87668444707577,15.826685972650928,71.3364580169234,12.83685601042568,False,-0.4456698788411095,BAY_OF_BISCAY
243,2004-01-28,3899.9625,1117.0819550411834,1722.8875051081488,1059.993039850668,74.87668444707577,15.826685972650928,71.3364580169234,12.83685601042568,False,-0.4456698788411095,BAY_OF_BISCAY
244,2004-02-04,1865.6576875,1125.3669576697978,715.1711679778637,25.11956185233862,74.87668444707577,15.826685972650928,71.3364580169234,12.83685601042568,False,-0.4456698788411095,BAY_OF_BISCAY
245,2004-02-12,1049.5299375,1131.7034736867492,306.5452993168392,-388.7188355035885,74.87668444707577,15.826685972650928,71.3364580169234,12.83685601042568,False,-0.4456698788411095,BAY_OF_BISCAY
246,2004-02-20,1021.0476,1136.0904990457516,156.92790191696648,-271.970800962718,74.87668444707577,15.826685972650928,71.3364580169234,12.83685601042568,False,-0.4456698788411095,BAY_OF_BISCAY
247,2004-02-28,988.728875,1138.5315740097883,141.7719969122746,-291.57469592206314,74.87668444707577,15.826685972650928,71.3364580169234,12.83685601042568,False,-0.4456698788411095,BAY_OF_BISCAY
248,2004-03-04,1021.0476,1139.027137160438,142.9273913273744,-260.9069284878124,74.87668444707577,15.826685972650928,71.3364580169234,12.83685601042568,False,-0.4456698788411095,BAY_OF_BISCAY
249,2004-03-12,1199.905375,1137.5872278393747,178.8744915974604,-116.55634443683503,74.87668444707577,15.826685972650928,71.3364580169234,12.83685601042568,False,-0.4456698788411095,BAY_OF_BISCAY
250,2004-03-20,1199.905375,1134.2370117415087,105.79096275992138,-40.12259950143003,74.87668444707577,15.826685972650928,71.3364580169234,12.83685601042568,False,-0.4456698788411095,BAY_OF_BISCAY
251,2004-03-28,1199.905375,1129.014665182154,59.00902519975698,11.881684618089096,74.87668444707577,15.826685972650928,71.3364580169234,12.83685601042568,False,-0.4456698788411095,BAY_OF_BISCAY
252,2004-04-04,1037.7140714285713,1121.9642901876937,-28.069573620332736,-56.18064513878943,74.87668444707577,15.826685972650928,71.3364580169234,12.83685601042568,False,-0.4456698788411095,BAY_OF_BISCAY
253,2004-04-12,1272.877625,1113.1354764746743,172.31193070819813,-12.56978218287236,74.87668444707577,15.826685972650928,71.3364580169234,12.83685601042568,False,-0.4456698788411095,BAY_OF_BISCAY
254,2004-04-20,1529.982525,1102.5780583517828,339.23612027397803,88.16834637423904,74.87668444707577,15.826685972650928,71.3364580169234,12.83685601042568,False,-0.4456698788411095,BAY_OF_BISCAY
255,2004-04-28,1683.54525,1090.3392099105706,420.6205465546988,172.58549353473074,74.87668444707577,15.826685972650928,71.3364580169234,12.83685601042568,False,-0.4456698788411095,BAY_OF_BISCAY
256,2004-05-04,1949.230375,1076.4659309256156,503.8192356739094,368.9452084004751,74.87668444707577,15.826685972650928,71.3364580169234,12.83685601042568,False,-0.4456698788411095,BAY_OF_BISCAY
257,2004-05-12,1949.230375,1061.0157519217637,509.3480084329648,378.8666146452716,74.87668444707577,15.826685972650928,71.3364580169234,12.83685601042568,False,-0.4456698788411095,BAY_OF_BISCAY
258,2004-05-20,1198.354975,1044.056815595561,107.55613862938988,46.74202077504916,74.87668444707577,15.826685972650928,71.3364580169234,12.83685601042568,False,-0.4456698788411095,BAY_OF_BISCAY
259,2004-05-28,841.0958857142857,1025.6675034094665,-89.74539277826968,-94.82622491691107,74.87668444707577,15.826685972650928,71.3364580169234,12.83685601042568,False,-0.4456698788411095,BAY_OF_BISCAY
260,2004-06-04,747.816375,1005.9385984605376,-175.54587423862017,-82.57634922191733,74.87668444707577,15.826685972650928,71.3364580169234,12.83685601042568,False,-0.4456698788411095,BAY_OF_BISCAY
261,2004-06-12,610.4404625,984.9720630110124,-294.3106584542496,-80.22094205676291,74.87668444707577,15.826685972650928,71.3364580169234,12.83685601042568,False,-0.4456698788411095,BAY_OF_BISCAY
262,2004-06-20,432.97155,962.8787219902832,-419.0750543468972,-110.83211764338591,74.87668444707577,15.826685972650928,71.3364580169234,12.83685601042568,False,-0.4456698788411095,BAY_OF_BISCAY
263,2004-06-28,379.9105333333334,939.78303643196,-463.93042590735297,-95.9420771912736,74.87668444707577,15.826685972650928,71.3364580169234,12.83685601042568,False,-0.4456698788411095,BAY_OF_BISCAY
264,2004-07-04,358.3075833333333,915.8266073701262,-491.9754971640904,-65.5435268727025,74.87668444707577,15.826685972650928,71.3364580169234,12.83685601042568,False,-0.4456698788411095,BAY_OF_BISCAY
265,2004-07-12,302.8066125,891.1623102665261,-507.0290830713705,-81.32661469515557,74.87668444707577,15.826685972650928,71.3364580169234,12.83685601042568,False,-0.4456698788411095,BAY_OF_BISCAY
266,2004-07-20,300.5302708333333,865.951559153934,-508.2507799527119,-57.170508367888885,74.87668444707577,15.826685972650928,71.3364580169234,12.83685601042568,False,-0.4456698788411095,BAY_OF_BISCAY
267,2004-07-28,232.6764125,840.3642748544488,-524.8744401537949,-82.81342220065392,74.87668444707577,15.826685972650928,71.3364580169234,12.83685601042568,False,-0.4456698788411095,BAY_OF_BISCAY
268,2004-08-04,232.6764125,814.5759875860558,-511.6136856108653,-70.28588947519057,74.87668444707577,15.826685972650928,71.3364580169234,12.83685601042568,False,-0.4456698788411095,BAY_OF_BISCAY
269,2004-08-12,250.62834583333333,788.7646590324199,-488.0259089380151,-50.11040426107144,74.87668444707577,15.826685972650928,71.3364580169234,12.83685601042568,False,-0.4456698788411095,BAY_OF_BISCAY
270,2004-08-20,250.62834583333333,763.1059708686009,-471.6947760874628,-40.78284894780478,74.87668444707577,15.826685972650928,71.3364580169234,12.83685601042568,False,-0.4456698788411095,BAY_OF_BISCAY
271,2004-08-28,255.555075,737.7705455148638,-464.76171518469306,-17.453755330170736,74.87668444707577,15.826685972650928,71.3364580169234,12.83685601042568,False,-0.4456698788411095,BAY_OF_BISCAY
272,2004-09-04,255.555075,712.9211691345475,-444.464064277152,-12.902029857395576,74.87668444707577,15.826685972650928,71.3364580169234,12.83685601042568,False,-0.4456698788411095,BAY_OF_BISCAY
273,2004-09-12,255.555075,688.7085600118663,-408.0858868352696,-25.06759817659673,74.87668444707577,15.826685972650928,71.3364580169234,12.83685601042568,False,-0.4456698788411095,BAY_OF_BISCAY
274,2004-09-20,257.6220333333333,665.2695666869255,-398.32607128862327,-9.321462064968898,74.87668444707577,15.826685972650928,71.3364580169234,12.83685601042568,False,-0.4456698788411095,BAY_OF_BISCAY
275,2004-09-28,259.6831208333333,642.7285859147806,-398.3324828661467,15.287017784699344,74.87668444707577,15.826685972650928,71.3364580169234,12.83685601042568,False,-0.4456698788411095,BAY_OF_BISCAY
276,2004-10-04,287.2561833333333,621.1957817509476,-384.387598733469,50.44800031585476,74.87668444707577,15.826685972650928,71.3364580169234,12.83685601042568,False,-0.4456698788411095,BAY_OF_BISCAY
277,2004-10-12,289.5837041666667,600.7675283719192,-380.9423912121298,69.75856700687729,74.87668444707577,15.826685972650928,71.3364580169234,12.83685601042568,False,-0.4456698788411095,BAY_OF_BISCAY
278,2004-10-20,381.3570833333333,581.525255144346,-339.18354764335845,139.01537583234574,74.87668444707577,15.826685972650928,71.3364580169234,12.83685601042568,False,-0.4456698788411095,BAY_OF_BISCAY
279,2004-10-28,466.1279625,563.536273442472,-233.9281818636652,136.51987092119325,74.87668444707577,15.826685972650928,71.3364580169234,12.83685601042568,False,-0.4456698788411095,BAY_OF_BISCAY
280,2004-11-04,476.65598095238096,546.853947518886,-220.04060071468516,149.84263414818008,74.87668444707577,15.826685972650928,71.3364580169234,12.83685601042568,False,-0.4456698788411095,BAY_OF_BISCAY
281,2004-11-12,466.1279625,531.5183972747664,-175.64396279628824,110.2535280215219,74.87668444707577,15.826685972650928,71.3364580169234,12.83685601042568,False,-0.4456698788411095,BAY_OF_BISCAY
282,2004-11-20,405.6448,517.5543865403757,-203.88680950272536,91.97722296234964,74.87668444707577,15.826685972650928,71.3364580169234,12.83685601042568,False,-0.4456698788411095,BAY_OF_BISCAY
283,2004-11-28,405.6448,504.97444130417074,-9.495011194860655,-89.83463010931011,74.87668444707577,15.826685972650928,71.3364580169234,12.83685601042568,False,-0.4456698788411095,BAY_OF_BISCAY
284,2004-12-04,431.7729208333333,493.7860091842962,71.20210845903424,-133.21519680999714,74.87668444707577,15.826685972650928,71.3364580169234,12.83685601042568,False,-0.4456698788411095,BAY_OF_BISCAY
285,2004-12-12,507.3321875,483.998542358816,108.98472472201212,-85.65107958082804,74.87668444707577,15.826685972650928,71.3364580169234,12.83685601042568,False,-0.4456698788411095,BAY_OF_BISCAY
286,2004-12-20,747.7919142857144,475.6136621135199,142.26920768496606,129.90904448722844,74.87668444707577,15.826685972650928,71.3364580169234,12.83685601042568,False,-0.4456698788411095,BAY_OF_BISCAY
287,2004-12-28,747.7919142857144,468.6273256513479,140.09516424283544,139.06942439153107,74.87668444707577,15.826685972650928,71.3364580169234,12.83685601042568,False,-0.4456698788411095,BAY_OF_BISCAY
288,2005-01-04,717.4765833333333,463.03118345802136,154.23103467287794,100.21436520243404,74.87668444707577,15.826685972650928,71.3364580169234,12.83685601042568,False,-0.4456698788411095,BAY_OF_BISCAY
289,2005-01-12,717.4765833333333,458.8206614926077,764.2605597770098,-505.6046379362842,74.87668444707577,15.826685972650928,71.3364580169234,12.83685601042568,False,-0.4456698788411095,BAY_OF_BISCAY
290,2005-01-20,926.2247375,456.0042471573855,937.7014371361364,-467.48094679352187,74.87668444707577,15.826685972650928,71.3364580169234,12.83685601042568,False,-0.4456698788411095,BAY_OF_BISCAY
291,2005-01-28,926.2247375,454.6156244856116,978.7870921062683,-507.1779790918801,74.87668444707577,15.826685972650928,71.3364580169234,12.83685601042568,False,-0.4456698788411095,BAY_OF_BISCAY
292,2005-02-04,828.1544583333333,454.65886950058086,418.4094065698195,-44.91381773706706,74.87668444707577,15.826685972650928,71.3364580169234,12.83685601042568,False,-0.4456698788411095,BAY_OF_BISCAY
293,2005-02-12,828.1544583333333,456.0957359297142,274.01986993508734,98.0388524685318,74.87668444707577,15.826685972650928,71.3364580169234,12.83685601042568,False,-0.4456698788411095,BAY_OF_BISCAY
294,2005-02-20,835.9159,458.8325407038803,299.2951956139415,77.78816368217821,74.87668444707577,15.826685972650928,71.3364580169234,12.83685601042568,False,-0.4456698788411095,BAY_OF_BISCAY
295,2005-02-28,835.9159,462.7571521221251,372.6756485383701,0.4830993395047471,74.87668444707577,15.826685972650928,71.3364580169234,12.83685601042568,False,-0.4456698788411095,BAY_OF_BISCAY
296,2005-03-04,808.2996583333334,467.7508432411788,364.071174932071,-23.52235983991642,74.87668444707577,15.826685972650928,71.3364580169234,12.83685601042568,False,-0.4456698788411095,BAY_OF_BISCAY
297,2005-03-12,587.5474666666667,473.68876590983206,295.1626309443004,-181.30393018746585,74.87668444707577,15.826685972650928,71.3364580169234,12.83685601042568,False,-0.4456698788411095,BAY_OF_BISCAY
298,2005-03-20,587.5474666666667,480.4402265893383,311.67234399214567,-204.5651039148173,74.87668444707577,15.826685972650928,71.3364580169234,12.83685601042568,False,-0.4456698788411095,BAY_OF_BISCAY
299,2005-03-28,651.5909904761904,487.86943837963776,339.4353941318971,-175.71384203534444,74.87668444707577,15.826685972650928,71.3364580169234,12.83685601042568,False,-0.4456698788411095,BAY_OF_BISCAY
300,2005-04-04,686.9923249999999,495.83787074598456,312.5624621453462,-121.40800789133084,74.87668444707577,15.826685972650928,71.3364580169234,12.83685601042568,False,-0.4456698788411095,BAY_OF_BISCAY
301,2005-04-12,1030.397783333333,504.2075096841786,457.58026960335656,68.61000404579818,74.87668444707577,15.826685972650928,71.3364580169234,12.83685601042568,False,-0.4456698788411095,BAY_OF_BISCAY
302,2005-04-20,1188.8017666666667,512.8527918846225,520.6738217669426,155.27515301510152,74.87668444707577,15.826685972650928,71.3364580169234,12.83685601042568,False,-0.4456698788411095,BAY_OF_BISCAY
303,2005-04-28,1188.8017666666667,521.6705893374466,474.95601125400594,192.17516607521415,74.87668444707577,15.826685972650928,71.3364580169234,12.83685601042568,False,-0.4456698788411095,BAY_OF_BISCAY
304,2005-05-04,996.3807416666668,530.5852067715236,444.2102168922912,21.585318002851864,74.87668444707577,15.826685972650928,71.3364580169234,12.83685601042568,False,-0.4456698788411095,BAY_OF_BISCAY
305,2005-05-12,991.368325,539.538268279331,425.10087828970296,26.7291784309661,74.87668444707577,15.826685972650928,71.3364580169234,12.83685601042568,False,-0.4456698788411095,BAY_OF_BISCAY
306,2005-05-20,865.1672249999999,548.4842980081423,174.48383061132063,142.19909638053696,74.87668444707577,15.826685972650928,71.3364580169234,12.83685601042568,False,-0.4456698788411095,BAY_OF_BISCAY
307,2005-05-28,762.2912047619047,557.3764514981076,-5.36857611434456,210.2833293781417,74.87668444707577,15.826685972650928,71.3364580169234,12.83685601042568,False,-0.4456698788411095,BAY_OF_BISCAY
308,2005-06-04,547.3114583333333,566.1651551445837,-172.0674627503578,153.2137659391075,74.87668444707577,15.826685972650928,71.3364580169234,12.83685601042568,False,-0.4456698788411095,BAY_OF_BISCAY
309,2005-06-12,449.4056291666667,574.8055660213055,-258.6593557778946,133.2594189232558,74.87668444707577,15.826685972650928,71.3364580169234,12.83685601042568,False,-0.4456698788411095,BAY_OF_BISCAY
310,2005-06-20,375.44312916666667,583.2576033250082,-336.9695016831429,129.15502752480137,74.87668444707577,15.826685972650928,71.3364580169234,12.83685601042568,False,-0.4456698788411095,BAY_OF_BISCAY
311,2005-06-28,338.52880555555555,591.481927315709,-364.62711115770594,111.67398939755252,74.87668444707577,15.826685972650928,71.3364580169234,12.83685601042568,False,-0.4456698788411095,BAY_OF_BISCAY
312,2005-07-04,258.621375,599.4372299336219,-413.0566734151874,72.2408184815655,74.87668444707577,15.826685972650928,71.3364580169234,12.83685601042568,False,-0.4456698788411095,BAY_OF_BISCAY
313,2005-07-12,257.21666875,607.081819637331,-421.03817371388254,71.17302282655152,74.87668444707577,15.826685972650928,71.3364580169234,12.83685601042568,False,-0.4456698788411095,BAY_OF_BISCAY
314,2005-07-20,168.5799,614.374607267721,-455.6888171195555,9.894109851834514,74.87668444707577,15.826685972650928,71.3364580169234,12.83685601042568,False,-0.4456698788411095,BAY_OF_BISCAY
315,2005-07-28,165.3219625,621.2739087183545,-456.48935216268944,0.5374059443349779,74.87668444707577,15.826685972650928,71.3364580169234,12.83685601042568,False,-0.4456698788411095,BAY_OF_BISCAY
316,2005-08-04,165.3219625,627.7393361843618,-461.60737395498586,-0.8099997293759316,74.87668444707577,15.826685972650928,71.3364580169234,12.83685601042568,False,-0.4456698788411095,BAY_OF_BISCAY
317,2005-08-12,176.824925,633.7325469745999,-450.6230122706176,-6.284609703982369,74.87668444707577,15.826685972650928,71.3364580169234,12.83685601042568,False,-0.4456698788411095,BAY_OF_BISCAY
318,2005-08-20,176.824925,639.2200955823182,-448.8736492762072,-13.52152130611097,74.87668444707577,15.826685972650928,71.3364580169234,12.83685601042568,False,-0.4456698788411095,BAY_OF_BISCAY
319,2005-08-28,176.824925,644.1745094203831,-453.1994531865906,-14.150131233792422,74.87668444707577,15.826685972650928,71.3364580169234,12.83685601042568,False,-0.4456698788411095,BAY_OF_BISCAY
320,2005-09-04,248.80653125,648.5749474228803,-423.0143536766858,23.245937503805465,74.87668444707577,15.826685972650928,71.3364580169234,12.83685601042568,False,-0.4456698788411095,BAY_OF_BISCAY
321,2005-09-12,338.6713,652.4085209786476,-372.7015114345033,58.96429045585563,74.87668444707577,15.826685972650928,71.3364580169234,12.83685601042568,False,-0.4456698788411095,BAY_OF_BISCAY
322,2005-09-20,344.1385416666667,655.6703939336525,-316.58551272121514,5.053660454229373,74.87668444707577,15.826685972650928,71.3364580169234,12.83685601042568,False,-0.4456698788411095,BAY_OF_BISCAY
323,2005-09-28,338.6713,658.3609165745761,-322.719796980968,3.030180406391878,74.87668444707577,15.826685972650928,71.3364580169234,12.83685601042568,False,-0.4456698788411095,BAY_OF_BISCAY
324,2005-10-04,309.17185625,660.4886922752887,-307.9870898347661,-43.32974619052254,74.87668444707577,15.826685972650928,71.3364580169234,12.83685601042568,False,-0.4456698788411095,BAY_OF_BISCAY
325,2005-10-12,309.17185625,662.069773725409,-308.775545823,-44.122371652409015,74.87668444707577,15.826685972650928,71.3364580169234,12.83685601042568,False,-0.4456698788411095,BAY_OF_BISCAY
326,2005-10-20,286.12319285714284,663.1287454608641,-278.8649559403544,-98.14059666336692,74.87668444707577,15.826685972650928,71.3364580169234,12.83685601042568,False,-0.4456698788411095,BAY_OF_BISCAY
327,2005-10-28,366.1951375,663.6975483748805,-211.0100031093621,-86.49240776551841,74.87668444707577,15.826685972650928,71.3364580169234,12.83685601042568,False,-0.4456698788411095,BAY_OF_BISCAY
328,2005-11-04,380.70605,663.8157107439333,-248.01841934735023,-35.09124139658306,74.87668444707577,15.826685972650928,71.3364580169234,12.83685601042568,False,-0.4456698788411095,BAY_OF_BISCAY
329,2005-11-12,431.33986875,663.5301619504316,-216.37360362419165,-15.816689576240009,74.87668444707577,15.826685972650928,71.3364580169234,12.83685601042568,False,-0.4456698788411095,BAY_OF_BISCAY
330,2005-11-20,431.33986875,662.8931783380998,-207.9122876565951,-23.641021931504696,74.87668444707577,15.826685972650928,71.3364580169234,12.83685601042568,False,-0.4456698788411095,BAY_OF_BISCAY
331,2005-11-28,530.2966,661.9580267782152,-69.82115295187167,-61.84027382634351,74.87668444707577,15.826685972650928,71.3364580169234,12.83685601042568,False,-0.4456698788411095,BAY_OF_BISCAY
332,2005-12-04,641.58471875,660.7720112832164,28.12134410898689,-47.30863664220335,74.87668444707577,15.826685972650928,71.3364580169234,12.83685601042568,False,-0.4456698788411095,BAY_OF_BISCAY
333,2005-12-12,641.58471875,659.3743253736855,10.475930471032544,-28.265537094718017,74.87668444707577,15.826685972650928,71.3364580169234,12.83685601042568,False,-0.4456698788411095,BAY_OF_BISCAY
334,2005-12-20,594.92606875,657.8084553972085,10.26304663883091,-73.14543328603939,74.87668444707577,15.826685972650928,71.3364580169234,12.83685601042568,False,-0.4456698788411095,BAY_OF_BISCAY
335,2005-12-28,594.92606875,656.1249433145439,-40.815011771539616,-20.38386279300425,74.87668444707577,15.826685972650928,71.3364580169234,12.83685601042568,False,-0.4456698788411095,BAY_OF_BISCAY
336,2006-01-04,683.8073916666667,654.3812277727064,-4.543800516588289,33.96996441054857,74.87668444707577,15.826685972650928,71.3364580169234,12.83685601042568,False,-0.4456698788411095,BAY_OF_BISCAY
337,2006-01-12,683.8073916666667,652.6301189375391,66.6662067972217,-35.48893406809411,74.87668444707577,15.826685972650928,71.3364580169234,12.83685601042568,False,-0.4456698788411095,BAY_OF_BISCAY
338,2006-01-20,683.8073916666667,650.9120097993454,127.3348855561335,-94.43950368881214,74.87668444707577,15.826685972650928,71.3364580169234,12.83685601042568,False,-0.4456698788411095,BAY_OF_BISCAY
339,2006-01-28,858.3189142857143,649.2491429604266,213.6643477775617,-4.594576452274026,74.87668444707577,15.826685972650928,71.3364580169234,12.83685601042568,False,-0.4456698788411095,BAY_OF_BISCAY
340,2006-02-04,858.3189142857143,647.6674190692185,263.1106916007951,-52.45919638429928,74.87668444707577,15.826685972650928,71.3364580169234,12.83685601042568,False,-0.4456698788411095,BAY_OF_BISCAY
341,2006-02-12,1107.7884416666666,646.1931313714188,512.1389816001832,-50.5436713049354,74.87668444707577,15.826685972650928,71.3364580169234,12.83685601042568,False,-0.4456698788411095,BAY_OF_BISCAY
342,2006-02-20,1232.7579166666667,644.8531274238296,717.0658438079925,-129.16105456515538,74.87668444707577,15.826685972650928,71.3364580169234,12.83685601042568,False,-0.4456698788411095,BAY_OF_BISCAY
343,2006-02-28,1569.415166666667,643.6531327161493,885.0367166566608,40.725317293856506,74.87668444707577,15.826685972650928,71.3364580169234,12.83685601042568,False,-0.4456698788411095,BAY_OF_BISCAY
344,2006-03-04,1569.415166666667,642.5799966361573,878.0085904988663,48.82657953164312,74.87668444707577,15.826685972650928,71.3364580169234,12.83685601042568,False,-0.4456698788411095,BAY_OF_BISCAY
345,2006-03-12,1569.415166666667,641.6062394167378,706.8780598774179,220.930867372511,74.87668444707577,15.826685972650928,71.3364580169234,12.83685601042568,False,-0.4456698788411095,BAY_OF_BISCAY
346,2006-03-20,1651.1095238095238,640.7080536139136,619.9085087827823,390.4929614128279,74.87668444707577,15.826685972650928,71.3364580169234,12.83685601042568,False,-0.4456698788411095,BAY_OF_BISCAY
347,2006-03-28,1651.1095238095238,639.8786636030811,607.6207586171687,403.610101589274,74.87668444707577,15.826685972650928,71.3364580169234,12.83685601042568,False,-0.4456698788411095,BAY_OF_BISCAY
348,2006-04-04,1651.1095238095238,639.135653715975,593.9808384202838,417.993031673265,74.87668444707577,15.826685972650928,71.3364580169234,12.83685601042568,False,-0.4456698788411095,BAY_OF_BISCAY
349,2006-04-12,1324.116625,638.5199069760066,513.6272635162052,171.9694545077881,74.87668444707577,15.826685972650928,71.3364580169234,12.83685601042568,False,-0.4456698788411095,BAY_OF_BISCAY
350,2006-04-20,1015.4180833333334,638.0889686923816,352.9012925368544,24.427822104097345,74.87668444707577,15.826685972650928,71.3364580169234,12.83685601042568,False,-0.4456698788411095,BAY_OF_BISCAY
351,2006-04-28,688.1379999999999,637.917073052195,210.39168725817197,-160.17076031036697,74.87668444707577,15.826685972650928,71.3364580169234,12.83685601042568,False,-0.4456698788411095,BAY_OF_BISCAY
352,2006-05-04,688.1379999999999,638.080134397674,114.49236636701028,-64.43450076468434,74.87668444707577,15.826685972650928,71.3364580169234,12.83685601042568,False,-0.4456698788411095,BAY_OF_BISCAY
353,2006-05-12,621.3475083333333,638.6483713322662,91.67465160847809,-108.97551460741096,74.87668444707577,15.826685972650928,71.3364580169234,12.83685601042568,False,-0.4456698788411095,BAY_OF_BISCAY
354,2006-05-20,621.3475083333333,639.6779266207654,61.238938471740525,-79.56935675917269,74.87668444707577,15.826685972650928,71.3364580169234,12.83685601042568,False,-0.4456698788411095,BAY_OF_BISCAY
355,2006-05-28,462.0871142857144,641.218068807592,67.34480270510146,-246.4757572269791,74.87668444707577,15.826685972650928,71.3364580169234,12.83685601042568,False,-0.4456698788411095,BAY_OF_BISCAY
356,2006-06-04,313.0824333333333,643.3117892416051,-61.936821122826025,-268.2925347854457,74.87668444707577,15.826685972650928,71.3364580169234,12.83685601042568,False,-0.4456698788411095,BAY_OF_BISCAY
357,2006-06-12,292.12378333333334,645.9908300594159,-148.22753623774173,-205.6395104883408,74.87668444707577,15.826685972650928,71.3364580169234,12.83685601042568,False,-0.4456698788411095,BAY_OF_BISCAY
358,2006-06-20,292.12378333333334,649.27110394733,-212.1711085466934,-144.9762120673032,74.87668444707577,15.826685972650928,71.3364580169234,12.83685601042568,False,-0.4456698788411095,BAY_OF_BISCAY
359,2006-06-28,292.12378333333334,653.1548214152134,-280.90331831089264,-80.12771977098743,74.87668444707577,15.826685972650928,71.3364580169234,12.83685601042568,False,-0.4456698788411095,BAY_OF_BISCAY
360,2006-07-04,261.78610416666663,657.633291088035,-332.2659949072712,-63.58119201409716,74.87668444707577,15.826685972650928,71.3364580169234,12.83685601042568,False,-0.4456698788411095,BAY_OF_BISCAY
361,2006-07-12,247.99279583333333,662.6867696334197,-344.9367315795436,-69.75724222054271,74.87668444707577,15.826685972650928,71.3364580169234,12.83685601042568,False,-0.4456698788411095,BAY_OF_BISCAY
362,2006-07-20,221.0695333333333,668.2846019265438,-408.32141586800657,-38.893652725203935,74.87668444707577,15.826685972650928,71.3364580169234,12.83685601042568,False,-0.4456698788411095,BAY_OF_BISCAY
363,2006-07-28,221.0695333333333,674.3875560520775,-421.9345536576688,-31.383469061075346,74.87668444707577,15.826685972650928,71.3364580169234,12.83685601042568,False,-0.4456698788411095,BAY_OF_BISCAY
364,2006-08-04,156.26785833333332,680.9482723627323,-488.6386764550133,-36.04173757438565,74.87668444707577,15.826685972650928,71.3364580169234,12.83685601042568,False,-0.4456698788411095,BAY_OF_BISCAY
365,2006-08-12,156.26785833333332,687.9158162013423,-488.99153874219206,-42.65641912581685,74.87668444707577,15.826685972650928,71.3364580169234,12.83685601042568,False,-0.4456698788411095,BAY_OF_BISCAY
366,2006-08-20,183.74617916666668,695.2365016730622,-470.4892420348911,-41.0010804715044,74.87668444707577,15.826685972650928,71.3364580169234,12.83685601042568,False,-0.4456698788411095,BAY_OF_BISCAY
367,2006-08-28,193.0698625,702.8544049358563,-469.442647904518,-40.34189453133831,74.87668444707577,15.826685972650928,71.3364580169234,12.83685601042568,False,-0.4456698788411095,BAY_OF_BISCAY
368,2006-09-04,205.09558571428573,710.712711289556,-455.11630611726815,-50.50081945800207,74.87668444707577,15.826685972650928,71.3364580169234,12.83685601042568,False,-0.4456698788411095,BAY_OF_BISCAY
369,2006-09-12,257.3636666666667,718.7555491781874,-409.5977482051575,-51.79413430636322,74.87668444707577,15.826685972650928,71.3364580169234,12.83685601042568,False,-0.4456698788411095,BAY_OF_BISCAY
370,2006-09-20,490.7075625,726.9290852966518,-285.5524797679,49.33095697124816,74.87668444707577,15.826685972650928,71.3364580169234,12.83685601042568,False,-0.4456698788411095,BAY_OF_BISCAY
371,2006-09-28,490.7075625,735.1810967029888,-280.1200723101952,35.64653810720631,74.87668444707577,15.826685972650928,71.3364580169234,12.83685601042568,False,-0.4456698788411095,BAY_OF_BISCAY
372,2006-10-04,595.4554333333333,743.4572717201168,-237.86529363196655,89.86345524518313,74.87668444707577,15.826685972650928,71.3364580169234,12.83685601042568,False,-0.4456698788411095,BAY_OF_BISCAY
373,2006-10-12,595.4554333333333,751.7030615691344,-240.90930180794217,84.66167357214104,74.87668444707577,15.826685972650928,71.3364580169234,12.83685601042568,False,-0.4456698788411095,BAY_OF_BISCAY
374,2006-10-20,656.1955238095239,759.8625468784128,-212.60640078124283,108.93937771235396,74.87668444707577,15.826685972650928,71.3364580169234,12.83685601042568,False,-0.4456698788411095,BAY_OF_BISCAY
375,2006-10-28,656.1955238095239,767.8794435603043,-209.9809769743748,98.29705722359444,74.87668444707577,15.826685972650928,71.3364580169234,12.83685601042568,False,-0.4456698788411095,BAY_OF_BISCAY
376,2006-11-04,435.48289166666666,775.697906226158,-344.61486758619765,4.399853026706296,74.87668444707577,15.826685972650928,71.3364580169234,12.83685601042568,False,-0.4456698788411095,BAY_OF_BISCAY
377,2006-11-12,435.48289166666666,783.2677916237121,-335.3482317134081,-12.436668243637314,74.87668444707577,15.826685972650928,71.3364580169234,12.83685601042568,False,-0.4456698788411095,BAY_OF_BISCAY
378,2006-11-20,503.210675,790.54332279206,-286.05297549552284,-1.2796722965371714,74.87668444707577,15.826685972650928,71.3364580169234,12.83685601042568,False,-0.4456698788411095,BAY_OF_BISCAY
379,2006-11-28,848.3219583333333,797.4796104542187,-95.57773978102908,146.4200876601437,74.87668444707577,15.826685972650928,71.3364580169234,12.83685601042568,False,-0.4456698788411095,BAY_OF_BISCAY
380,2006-12-04,991.8397777777778,804.0365779932998,5.451070825427842,182.35212895905016,74.87668444707577,15.826685972650928,71.3364580169234,12.83685601042568,False,-0.4456698788411095,BAY_OF_BISCAY
381,2006-12-12,848.3219583333333,810.1814517431287,8.990962928745793,29.14954366145881,74.87668444707577,15.826685972650928,71.3364580169234,12.83685601042568,False,-0.4456698788411095,BAY_OF_BISCAY
382,2006-12-20,704.2379583333334,815.8801428096092,-83.85786307608575,-27.784321400190063,74.87668444707577,15.826685972650928,71.3364580169234,12.83685601042568,False,-0.4456698788411095,BAY_OF_BISCAY
383,2006-12-28,503.4193333333333,821.0949788210294,-190.60289584133545,-127.07274964636062,74.87668444707577,15.826685972650928,71.3364580169234,12.83685601042568,False,-0.4456698788411095,BAY_OF_BISCAY
384,2007-01-04,503.4193333333333,825.7798438668052,-137.6461922334639,-184.714318300008,74.87668444707577,15.826685972650928,71.3364580169234,12.83685601042568,False,-0.4456698788411095,BAY_OF_BISCAY
385,2007-01-12,791.348,829.8830667863232,133.93802117146134,-172.47308795778457,74.87668444707577,15.826685972650928,71.3364580169234,12.83685601042568,False,-0.4456698788411095,BAY_OF_BISCAY
386,2007-01-20,828.690125,833.3434206556844,149.34668910387566,-153.99998475956014,74.87668444707577,15.826685972650928,71.3364580169234,12.83685601042568,False,-0.4456698788411095,BAY_OF_BISCAY
387,2007-01-28,828.690125,836.1004049073766,104.9414895109858,-112.35176941836244,74.87668444707577,15.826685972650928,71.3364580169234,12.83685601042568,False,-0.4456698788411095,BAY_OF_BISCAY
388,2007-02-04,1126.814285714286,838.1076675967082,242.41435706351243,46.29226105406528,74.87668444707577,15.826685972650928,71.3364580169234,12.83685601042568,False,-0.4456698788411095,BAY_OF_BISCAY
389,2007-02-12,1624.1597916666667,839.3394631799302,497.4064231562749,287.41390533046155,74.87668444707577,15.826685972650928,71.3364580169234,12.83685601042568,False,-0.4456698788411095,BAY_OF_BISCAY
390,2007-02-20,2186.8416666666662,839.7935784831454,765.8288835165981,581.2192046669227,74.87668444707577,15.826685972650928,71.3364580169234,12.83685601042568,False,-0.4456698788411095,BAY_OF_BISCAY
391,2007-02-28,2186.8416666666662,839.4925555014947,815.3822339859638,531.9668771792077,74.87668444707577,15.826685972650928,71.3364580169234,12.83685601042568,False,-0.4456698788411095,BAY_OF_BISCAY
392,2007-03-04,2186.8416666666662,838.4819847901299,815.0738077737834,533.2858741027529,74.87668444707577,15.826685972650928,71.3364580169234,12.83685601042568,False,-0.4456698788411095,BAY_OF_BISCAY
393,2007-03-12,1722.0785625,836.8322509738239,681.9300136461171,203.3162978800591,74.87668444707577,15.826685972650928,71.3364580169234,12.83685601042568,False,-0.4456698788411095,BAY_OF_BISCAY
394,2007-03-20,1211.8791875,834.6195273468204,553.2018712118804,-175.94221105870088,74.87668444707577,15.826685972650928,71.3364580169234,12.83685601042568,False,-0.4456698788411095,BAY_OF_BISCAY
395,2007-03-28,1102.5825,831.9149937223046,587.7242364923932,-317.05673021469784,74.87668444707577,15.826685972650928,71.3364580169234,12.83685601042568,False,-0.4456698788411095,BAY_OF_BISCAY
396,2007-04-04,1017.7219375,828.7760731791476,548.128164519502,-359.1823001986496,74.87668444707577,15.826685972650928,71.3364580169234,12.83685601042568,False,-0.4456698788411095,BAY_OF_BISCAY
397,2007-04-12,1012.7199625,825.2431886169009,466.29038787294365,-278.8136139898445,74.87668444707577,15.826685972650928,71.3364580169234,12.83685601042568,False,-0.4456698788411095,BAY_OF_BISCAY
398,2007-04-20,834.5094375,821.3453923482488,384.6583123731292,-371.4942672213779,74.87668444707577,15.826685972650928,71.3364580169234,12.83685601042568,False,-0.4456698788411095,BAY_OF_BISCAY
399,2007-04-28,922.50625,817.092545421975,349.52849041008955,-244.11478583206457,74.87668444707577,15.826685972650928,71.3364580169234,12.83685601042568,False,-0.4456698788411095,BAY_OF_BISCAY
400,2007-05-04,728.9687875,812.4886321919563,118.51327431483716,-202.0331190067935,74.87668444707577,15.826685972650928,71.3364580169234,12.83685601042568,False,-0.4456698788411095,BAY_OF_BISCAY
401,2007-05-12,770.01215,807.5439597603056,34.68365312353117,-72.21546288383675,74.87668444707577,15.826685972650928,71.3364580169234,12.83685601042568,False,-0.4456698788411095,BAY_OF_BISCAY
402,2007-05-20,770.01215,802.2819854801667,35.06188604737812,-67.33172152754477,74.87668444707577,15.826685972650928,71.3364580169234,12.83685601042568,False,-0.4456698788411095,BAY_OF_BISCAY
403,2007-05-28,1216.342125,796.7296262356274,461.3608212499332,-41.74832248556049,74.87668444707577,15.826685972650928,71.3364580169234,12.83685601042568,False,-0.4456698788411095,BAY_OF_BISCAY
404,2007-06-04,1216.342125,790.9017131075377,424.7243188168392,0.7160930756232347,74.87668444707577,15.826685972650928,71.3364580169234,12.83685601042568,False,-0.4456698788411095,BAY_OF_BISCAY
405,2007-06-12,1017.5980833333332,784.8016639034214,171.3676121199632,61.428807309948695,74.87668444707577,15.826685972650928,71.3364580169234,12.83685601042568,False,-0.4456698788411095,BAY_OF_BISCAY
406,2007-06-20,840.6991583333333,778.4407513619499,-23.651920255847124,85.9103272272306,74.87668444707577,15.826685972650928,71.3364580169234,12.83685601042568,False,-0.4456698788411095,BAY_OF_BISCAY
407,2007-06-28,602.4912777777778,771.8458976896036,-227.60030125912243,58.24568134729663,74.87668444707577,15.826685972650928,71.3364580169234,12.83685601042568,False,-0.4456698788411095,BAY_OF_BISCAY
408,2007-07-04,536.7298499999999,765.0599725717309,-307.66549832331754,79.33537575158658,74.87668444707577,15.826685972650928,71.3364580169234,12.83685601042568,False,-0.4456698788411095,BAY_OF_BISCAY
409,2007-07-12,524.0309416666666,758.140330549901,-342.91234928078984,108.80296039755548,74.87668444707577,15.826685972650928,71.3364580169234,12.83685601042568,False,-0.4456698788411095,BAY_OF_BISCAY
410,2007-07-20,429.20715,751.1552803170141,-433.5827504151311,111.634620098117,74.87668444707577,15.826685972650928,71.3364580169234,12.83685601042568,False,-0.4456698788411095,BAY_OF_BISCAY
411,2007-07-28,387.6066190476191,744.1821710920436,-477.8384946535617,121.26294260913716,74.87668444707577,15.826685972650928,71.3364580169234,12.83685601042568,False,-0.4456698788411095,BAY_OF_BISCAY
412,2007-08-04,258.8255833333333,737.3053713580032,-568.3034448963733,89.82365687170346,74.87668444707577,15.826685972650928,71.3364580169234,12.83685601042568,False,-0.4456698788411095,BAY_OF_BISCAY
413,2007-08-12,258.8255833333333,730.611631177845,-571.6462614462241,99.86021360171247,74.87668444707577,15.826685972650928,71.3364580169234,12.83685601042568,False,-0.4456698788411095,BAY_OF_BISCAY
414,2007-08-20,294.19545833333336,724.1878062062013,-540.2099872602677,110.21763938739969,74.87668444707577,15.826685972650928,71.3364580169234,12.83685601042568,False,-0.4456698788411095,BAY_OF_BISCAY
415,2007-08-28,294.19545833333336,718.1197629514962,-525.396708754637,101.4724041364741,74.87668444707577,15.826685972650928,71.3364580169234,12.83685601042568,False,-0.4456698788411095,BAY_OF_BISCAY
416,2007-09-04,265.63603333333333,712.4911776672354,-522.2400220000392,75.38487766613707,74.87668444707577,15.826685972650928,71.3364580169234,12.83685601042568,False,-0.4456698788411095,BAY_OF_BISCAY
417,2007-09-12,265.63603333333333,707.3821561141813,-493.3396056440572,51.59348286320926,74.87668444707577,15.826685972650928,71.3364580169234,12.83685601042568,False,-0.4456698788411095,BAY_OF_BISCAY
418,2007-09-20,302.01733333333334,702.8683327427791,-409.16354718117606,8.312547771730294,74.87668444707577,15.826685972650928,71.3364580169234,12.83685601042568,False,-0.4456698788411095,BAY_OF_BISCAY
419,2007-09-28,341.82572222222217,699.021505186287,-386.0624560739999,28.866673109935107,74.87668444707577,15.826685972650928,71.3364580169234,12.83685601042568,False,-0.4456698788411095,BAY_OF_BISCAY
420,2007-10-04,344.27930000000003,695.9106365920421,-356.6586482603375,5.027311668295397,74.87668444707577,15.826685972650928,71.3364580169234,12.83685601042568,False,-0.4456698788411095,BAY_OF_BISCAY
421,2007-10-12,344.27930000000003,693.5975769422,-356.88707240934406,7.568795467144071,74.87668444707577,15.826685972650928,71.3364580169234,12.83685601042568,False,-0.4456698788411095,BAY_OF_BISCAY
422,2007-10-20,374.3147166666667,692.136982385499,-330.9038567061604,13.081590987328129,74.87668444707577,15.826685972650928,71.3364580169234,12.83685601042568,False,-0.4456698788411095,BAY_OF_BISCAY
423,2007-10-28,327.60245416666663,691.5732307789754,-348.3776703649644,-15.593106247344338,74.87668444707577,15.826685972650928,71.3364580169234,12.83685601042568,False,-0.4456698788411095,BAY_OF_BISCAY
424,2007-11-04,237.61432083333327,691.9380697417923,-349.06686044948293,-105.2568884589761,74.87668444707577,15.826685972650928,71.3364580169234,12.83685601042568,False,-0.4456698788411095,BAY_OF_BISCAY
425,2007-11-12,237.61432083333327,693.2423963066482,-358.009525355748,-97.61855011756688,74.87668444707577,15.826685972650928,71.3364580169234,12.83685601042568,False,-0.4456698788411095,BAY_OF_BISCAY
426,2007-11-20,311.7860125,695.4778758504958,-310.05883504690684,-73.63302830358896,74.87668444707577,15.826685972650928,71.3364580169234,12.83685601042568,False,-0.4456698788411095,BAY_OF_BISCAY
427,2007-11-28,315.7382388888889,698.6227517318882,-159.561693077371,-223.3228197656284,74.87668444707577,15.826685972650928,71.3364580169234,12.83685601042568,False,-0.4456698788411095,BAY_OF_BISCAY
428,2007-12-04,373.96535,702.6404413928507,20.021393223249238,-348.6964846160999,74.87668444707577,15.826685972650928,71.3364580169234,12.83685601042568,False,-0.4456698788411095,BAY_OF_BISCAY
429,2007-12-12,724.296375,707.4778454114884,153.00281306436,-136.18428347584836,74.87668444707577,15.826685972650928,71.3364580169234,12.83685601042568,False,-0.4456698788411095,BAY_OF_BISCAY
430,2007-12-20,724.296375,713.0668962512402,80.32889577159254,-69.09941702283275,74.87668444707577,15.826685972650928,71.3364580169234,12.83685601042568,False,-0.4456698788411095,BAY_OF_BISCAY
431,2007-12-28,724.296375,719.326033215258,-87.79633178903401,92.76667357377602,74.87668444707577,15.826685972650928,71.3364580169234,12.83685601042568,False,-0.4456698788411095,BAY_OF_BISCAY
432,2008-01-04,865.5326333333333,726.1749983041263,-33.30582686326876,172.66346189247565,74.87668444707577,15.826685972650928,71.3364580169234,12.83685601042568,False,-0.4456698788411095,BAY_OF_BISCAY
433,2008-01-12,1391.738625,733.543267199583,300.1575016808636,358.03785611955334,74.87668444707577,15.826685972650928,71.3364580169234,12.83685601042568,False,-0.4456698788411095,BAY_OF_BISCAY
434,2008-01-20,1391.738625,741.3774620846178,490.03869289735576,160.32247001802637,74.87668444707577,15.826685972650928,71.3364580169234,12.83685601042568,False,-0.4456698788411095,BAY_OF_BISCAY
435,2008-01-28,1049.6485,749.6287812736798,369.26820979618026,-69.24849106986005,74.87668444707577,15.826685972650928,71.3364580169234,12.83685601042568,False,-0.4456698788411095,BAY_OF_BISCAY
436,2008-02-04,1010.429075,758.2488931828412,422.8312431039944,-170.6510612868356,74.87668444707577,15.826685972650928,71.3364580169234,12.83685601042568,False,-0.4456698788411095,BAY_OF_BISCAY
437,2008-02-12,791.3139166666667,767.1952417707834,404.9193356400108,-380.8006607441274,74.87668444707577,15.826685972650928,71.3364580169234,12.83685601042568,False,-0.4456698788411095,BAY_OF_BISCAY
438,2008-02-20,618.7058333333333,776.4357636871624,290.26471508759647,-447.9946454414256,74.87668444707577,15.826685972650928,71.3364580169234,12.83685601042568,False,-0.4456698788411095,BAY_OF_BISCAY
439,2008-02-28,483.4743333333333,785.9559661548541,177.7849899909464,-480.2666228124672,74.87668444707577,15.826685972650928,71.3364580169234,12.83685601042568,False,-0.4456698788411095,BAY_OF_BISCAY
440,2008-03-04,483.4743333333333,795.7491979038905,172.3982713983005,-484.6731359688577,74.87668444707577,15.826685972650928,71.3364580169234,12.83685601042568,False,-0.4456698788411095,BAY_OF_BISCAY
441,2008-03-12,878.572375,805.7984630775484,248.68407361781897,-175.91016169536738,74.87668444707577,15.826685972650928,71.3364580169234,12.83685601042568,False,-0.4456698788411095,BAY_OF_BISCAY
442,2008-03-20,1296.58375,816.071450169058,298.6653130543206,181.84698677662132,74.87668444707577,15.826685972650928,71.3364580169234,12.83685601042568,False,-0.4456698788411095,BAY_OF_BISCAY
443,2008-03-28,1645.387875,826.5159591734507,446.0556070430604,372.8163087834888,74.87668444707577,15.826685972650928,71.3364580169234,12.83685601042568,False,-0.4456698788411095,BAY_OF_BISCAY
444,2008-04-04,1648.143375,837.0658116200113,438.52961113890825,372.5479522410805,74.87668444707577,15.826685972650928,71.3364580169234,12.83685601042568,False,-0.4456698788411095,BAY_OF_BISCAY
445,2008-04-12,1648.143375,847.6495588020737,586.980968925998,213.5128472719284,74.87668444707577,15.826685972650928,71.3364580169234,12.83685601042568,False,-0.4456698788411095,BAY_OF_BISCAY
446,2008-04-20,1976.8396666666667,858.1839062387166,790.3137944265414,328.34196600140865,74.87668444707577,15.826685972650928,71.3364580169234,12.83685601042568,False,-0.4456698788411095,BAY_OF_BISCAY
447,2008-04-28,1976.8396666666667,868.5740051375332,920.1340039613316,188.131657567802,74.87668444707577,15.826685972650928,71.3364580169234,12.83685601042568,False,-0.4456698788411095,BAY_OF_BISCAY
448,2008-05-04,1434.0510625,878.7088863100304,598.4834496232828,-43.141273433313245,74.87668444707577,15.826685972650928,71.3364580169234,12.83685601042568,False,-0.4456698788411095,BAY_OF_BISCAY
449,2008-05-12,1082.6738,888.4731611081493,299.69403232238307,-105.49339343053232,74.87668444707577,15.826685972650928,71.3364580169234,12.83685601042568,False,-0.4456698788411095,BAY_OF_BISCAY
450,2008-05-20,1082.6738,897.7568138887567,208.8078226495205,-23.890836538277146,74.87668444707577,15.826685972650928,71.3364580169234,12.83685601042568,False,-0.4456698788411095,BAY_OF_BISCAY
451,2008-05-28,2051.0066875,906.4623713700946,724.6924745948678,419.8518415350378,74.87668444707577,15.826685972650928,71.3364580169234,12.83685601042568,False,-0.4456698788411095,BAY_OF_BISCAY
452,2008-06-04,2051.0066875,914.5156090349828,669.4726248456022,467.0184536194152,74.87668444707577,15.826685972650928,71.3364580169234,12.83685601042568,False,-0.4456698788411095,BAY_OF_BISCAY
453,2008-06-12,1461.4176874999998,921.8671484491556,306.04922064594405,233.5013184049002,74.87668444707577,15.826685972650928,71.3364580169234,12.83685601042568,False,-0.4456698788411095,BAY_OF_BISCAY
454,2008-06-20,1045.9773125000002,928.4890434634176,16.401915520342268,101.08635351624028,74.87668444707577,15.826685972650928,71.3364580169234,12.83685601042568,False,-0.4456698788411095,BAY_OF_BISCAY
455,2008-06-28,715.0625333333334,934.3697269963012,-252.62774258008747,33.32054891711951,74.87668444707577,15.826685972650928,71.3364580169234,12.83685601042568,False,-0.4456698788411095,BAY_OF_BISCAY
456,2008-07-04,562.1100125,939.5053592688356,-356.8538037796961,-20.541542989139487,74.87668444707577,15.826685972650928,71.3364580169234,12.83685601042568,False,-0.4456698788411095,BAY_OF_BISCAY
457,2008-07-12,467.990075,943.8961344814018,-422.4827404296743,-53.42331905172745,74.87668444707577,15.826685972650928,71.3364580169234,12.83685601042568,False,-0.4456698788411095,BAY_OF_BISCAY
458,2008-07-20,339.082825,947.5468639680493,-515.6700403270434,-92.79399864100584,74.87668444707577,15.826685972650928,71.3364580169234,12.83685601042568,False,-0.4456698788411095,BAY_OF_BISCAY
459,2008-07-28,266.34664285714285,950.4656681512768,-577.9851254148075,-106.13389987932646,74.87668444707577,15.826685972650928,71.3364580169234,12.83685601042568,False,-0.4456698788411095,BAY_OF_BISCAY
460,2008-08-04,241.1978875,952.663915517709,-627.4957467265824,-83.97028129112664,74.87668444707577,15.826685972650928,71.3364580169234,12.83685601042568,False,-0.4456698788411095,BAY_OF_BISCAY
461,2008-08-12,227.4078875,954.156320385002,-637.2856887876292,-89.46274409737293,74.87668444707577,15.826685972650928,71.3364580169234,12.83685601042568,False,-0.4456698788411095,BAY_OF_BISCAY
462,2008-08-20,227.4078875,954.9604428621018,-621.2464220734809,-106.30613328862091,74.87668444707577,15.826685972650928,71.3364580169234,12.83685601042568,False,-0.4456698788411095,BAY_OF_BISCAY
463,2008-08-28,227.4078875,955.0976562020378,-617.5433193105838,-110.14644939145398,74.87668444707577,15.826685972650928,71.3364580169234,12.83685601042568,False,-0.4456698788411095,BAY_OF_BISCAY
464,2008-09-04,228.6476,954.5928707515352,-619.2346830221358,-106.71058772939944,74.87668444707577,15.826685972650928,71.3364580169234,12.83685601042568,False,-0.4456698788411095,BAY_OF_BISCAY
465,2008-09-12,244.556175,953.473667402464,-606.0140465715039,-102.9034458309601,74.87668444707577,15.826685972650928,71.3364580169234,12.83685601042568,False,-0.4456698788411095,BAY_OF_BISCAY
466,2008-09-20,244.556175,951.7702324609132,-591.9064716815088,-115.30758577940436,74.87668444707577,15.826685972650928,71.3364580169234,12.83685601042568,False,-0.4456698788411095,BAY_OF_BISCAY
467,2008-09-28,239.6260166666667,949.5154506063616,-571.0672621522891,-138.82217178740564,74.87668444707577,15.826685972650928,71.3364580169234,12.83685601042568,False,-0.4456698788411095,BAY_OF_BISCAY
468,2008-10-04,236.70230625,946.74431720145,-561.2803312645002,-148.76167968694983,74.87668444707577,15.826685972650928,71.3364580169234,12.83685601042568,False,-0.4456698788411095,BAY_OF_BISCAY
469,2008-10-12,236.70230625,943.4949077003772,-550.9678792352559,-155.82472221512126,74.87668444707577,15.826685972650928,71.3364580169234,12.83685601042568,False,-0.4456698788411095,BAY_OF_BISCAY
470,2008-10-20,243.1369875,939.8072281380964,-536.5752786283018,-160.09496200979447,74.87668444707577,15.826685972650928,71.3364580169234,12.83685601042568,False,-0.4456698788411095,BAY_OF_BISCAY
471,2008-10-28,309.7182714285714,935.7230977494876,-505.2244789704209,-120.78034735049532,74.87668444707577,15.826685972650928,71.3364580169234,12.83685601042568,False,-0.4456698788411095,BAY_OF_BISCAY
472,2008-11-04,754.9120833333334,931.28514809743,-244.06893831534808,67.69587355125134,74.87668444707577,15.826685972650928,71.3364580169234,12.83685601042568,False,-0.4456698788411095,BAY_OF_BISCAY
473,2008-11-12,754.9120833333334,926.5349974620368,-248.3482357019712,76.72532157326779,74.87668444707577,15.826685972650928,71.3364580169234,12.83685601042568,False,-0.4456698788411095,BAY_OF_BISCAY
474,2008-11-20,754.9120833333334,921.5167696368752,-245.47761885702485,78.87293255348314,74.87668444707577,15.826685972650928,71.3364580169234,12.83685601042568,False,-0.4456698788411095,BAY_OF_BISCAY
475,2008-11-28,1029.271888888889,916.2784629719904,-103.0353229024102,216.02874881930865,74.87668444707577,15.826685972650928,71.3364580169234,12.83685601042568,False,-0.4456698788411095,BAY_OF_BISCAY
476,2008-12-04,1517.1367916666668,910.8718428667428,232.1385403302176,374.1264084697063,74.87668444707577,15.826685972650928,71.3364580169234,12.83685601042568,False,-0.4456698788411095,BAY_OF_BISCAY
477,2008-12-12,1517.1367916666668,905.34755361429,326.37371214698334,285.4155259053935,74.87668444707577,15.826685972650928,71.3364580169234,12.83685601042568,False,-0.4456698788411095,BAY_OF_BISCAY
478,2008-12-20,1388.0583333333334,899.7592423494308,252.3172468224799,235.9818441614227,74.87668444707577,15.826685972650928,71.3364580169234,12.83685601042568,False,-0.4456698788411095,BAY_OF_BISCAY
479,2008-12-28,927.8889904761904,894.1693225975571,23.25165298914029,10.468014889492942,74.87668444707577,15.826685972650928,71.3364580169234,12.83685601042568,False,-0.4456698788411095,BAY_OF_BISCAY
480,2009-01-04,871.7219583333333,888.6366085134648,177.8946612998363,-194.8093114799678,74.87668444707577,15.826685972650928,71.3364580169234,12.83685601042568,False,-0.4456698788411095,BAY_OF_BISCAY
481,2009-01-12,871.7219583333333,883.2024707196747,343.32307821021715,-354.80359059655854,74.87668444707577,15.826685972650928,71.3364580169234,12.83685601042568,False,-0.4456698788411095,BAY_OF_BISCAY
482,2009-01-20,1599.1670749999998,877.8849691977217,707.897742608215,13.384363194063098,74.87668444707577,15.826685972650928,71.3364580169234,12.83685601042568,False,-0.4456698788411095,BAY_OF_BISCAY
483,2009-01-28,1804.6824166666668,872.6846527504181,705.2917871840037,226.70597673224492,74.87668444707577,15.826685972650928,71.3364580169234,12.83685601042568,False,-0.4456698788411095,BAY_OF_BISCAY
484,2009-02-04,1804.6824166666668,867.5769529962571,695.100722987685,242.00474068272467,74.87668444707577,15.826685972650928,71.3364580169234,12.83685601042568,False,-0.4456698788411095,BAY_OF_BISCAY
485,2009-02-12,1680.912958333333,862.515777044352,577.6520367396014,240.74514454937992,74.87668444707577,15.826685972650928,71.3364580169234,12.83685601042568,False,-0.4456698788411095,BAY_OF_BISCAY
486,2009-02-20,1011.142625,857.4403396596362,166.177505895798,-12.475220555434191,74.87668444707577,15.826685972650928,71.3364580169234,12.83685601042568,False,-0.4456698788411095,BAY_OF_BISCAY
487,2009-02-28,837.3010833333333,852.2775281379907,44.06669088487694,-59.04313568953432,74.87668444707577,15.826685972650928,71.3364580169234,12.83685601042568,False,-0.4456698788411095,BAY_OF_BISCAY
488,2009-03-04,821.274375,846.9542508351275,35.14252633488608,-60.8224021700136,74.87668444707577,15.826685972650928,71.3364580169234,12.83685601042568,False,-0.4456698788411095,BAY_OF_BISCAY
489,2009-03-12,806.1880833333333,841.4071148248403,75.75524481307609,-110.97427630458304,74.87668444707577,15.826685972650928,71.3364580169234,12.83685601042568,False,-0.4456698788411095,BAY_OF_BISCAY
490,2009-03-20,682.1671619047619,835.5954872461099,116.294578637873,-269.722903979221,74.87668444707577,15.826685972650928,71.3364580169234,12.83685601042568,False,-0.4456698788411095,BAY_OF_BISCAY
491,2009-03-28,682.1671619047619,829.5087344076527,202.59213314177424,-349.93370564466505,74.87668444707577,15.826685972650928,71.3364580169234,12.83685601042568,False,-0.4456698788411095,BAY_OF_BISCAY
492,2009-04-04,728.8782666666667,823.1613618344385,241.848848718006,-336.1319438857778,74.87668444707577,15.826685972650928,71.3364580169234,12.83685601042568,False,-0.4456698788411095,BAY_OF_BISCAY
493,2009-04-12,1324.2500166666666,816.5803237842351,538.1750063596252,-30.50531347719368,74.87668444707577,15.826685972650928,71.3364580169234,12.83685601042568,False,-0.4456698788411095,BAY_OF_BISCAY
494,2009-04-20,1654.1139375,809.8008656133505,711.4440290964526,132.8690427901969,74.87668444707577,15.826685972650928,71.3364580169234,12.83685601042568,False,-0.4456698788411095,BAY_OF_BISCAY
495,2009-04-28,2081.3973,802.8694959603963,923.5798054468976,354.9479985927062,74.87668444707577,15.826685972650928,71.3364580169234,12.83685601042568,False,-0.4456698788411095,BAY_OF_BISCAY
496,2009-05-04,2081.3973,795.8486925406233,887.3957608773742,398.15284658200267,74.87668444707577,15.826685972650928,71.3364580169234,12.83685601042568,False,-0.4456698788411095,BAY_OF_BISCAY
497,2009-05-12,1565.2898375,788.7985915237176,538.7772980844156,237.71394789186672,74.87668444707577,15.826685972650928,71.3364580169234,12.83685601042568,False,-0.4456698788411095,BAY_OF_BISCAY
498,2009-05-20,1216.2721625,781.7745458193701,278.8282869461587,155.6693297344711,74.87668444707577,15.826685972650928,71.3364580169234,12.83685601042568,False,-0.4456698788411095,BAY_OF_BISCAY
499,2009-05-28,907.6491857142856,774.8392294598856,332.031271604876,-199.22131535047595,74.87668444707577,15.826685972650928,71.3364580169234,12.83685601042568,False,-0.4456698788411095,BAY_OF_BISCAY
500,2009-06-04,701.6713375,768.0668247568195,227.83541905057228,-294.23090630739176,74.87668444707577,15.826685972650928,71.3364580169234,12.83685601042568,False,-0.4456698788411095,BAY_OF_BISCAY
501,2009-06-12,643.4710249999999,761.5410133365556,171.961462851472,-290.03145118802763,74.87668444707577,15.826685972650928,71.3364580169234,12.83685601042568,False,-0.4456698788411095,BAY_OF_BISCAY
502,2009-06-20,506.7973125,755.3269747377375,0.9581156504684644,-249.487777888206,74.87668444707577,15.826685972650928,71.3364580169234,12.83685601042568,False,-0.4456698788411095,BAY_OF_BISCAY
503,2009-06-28,340.8929416666667,749.4650301625818,-292.7615348052536,-115.81055369066156,74.87668444707577,15.826685972650928,71.3364580169234,12.83685601042568,False,-0.4456698788411095,BAY_OF_BISCAY
504,2009-07-04,306.2823,743.9854045810922,-395.6661753893724,-42.03692919171982,74.87668444707577,15.826685972650928,71.3364580169234,12.83685601042568,False,-0.4456698788411095,BAY_OF_BISCAY
505,2009-07-12,251.42153125,738.9137999944335,-485.27258174549,-2.21968699894353,74.87668444707577,15.826685972650928,71.3364580169234,12.83685601042568,False,-0.4456698788411095,BAY_OF_BISCAY
506,2009-07-20,237.33135625,734.2736937661147,-543.469797266927,46.52745975081234,74.87668444707577,15.826685972650928,71.3364580169234,12.83685601042568,False,-0.4456698788411095,BAY_OF_BISCAY
507,2009-07-28,192.53374375,730.0877501945056,-587.0428210229693,49.48881457846369,74.87668444707577,15.826685972650928,71.3364580169234,12.83685601042568,False,-0.4456698788411095,BAY_OF_BISCAY
508,2009-08-04,192.53374375,726.3767649828701,-597.2158873017157,63.37286606884561,74.87668444707577,15.826685972650928,71.3364580169234,12.83685601042568,False,-0.4456698788411095,BAY_OF_BISCAY
509,2009-08-12,192.53374375,723.1598447341601,-608.0020733605123,77.37597237635225,74.87668444707577,15.826685972650928,71.3364580169234,12.83685601042568,False,-0.4456698788411095,BAY_OF_BISCAY
510,2009-08-20,215.91329285714284,720.4534809724488,-599.5816525067537,95.04146439144772,74.87668444707577,15.826685972650928,71.3364580169234,12.83685601042568,False,-0.4456698788411095,BAY_OF_BISCAY
511,2009-08-28,212.19508125,718.2696578947872,-603.8160113998882,97.74143475510108,74.87668444707577,15.826685972650928,71.3364580169234,12.83685601042568,False,-0.4456698788411095,BAY_OF_BISCAY
512,2009-09-04,212.19508125,716.6145196558947,-605.1035955476821,100.6841571417874,74.87668444707577,15.826685972650928,71.3364580169234,12.83685601042568,False,-0.4456698788411095,BAY_OF_BISCAY
513,2009-09-12,212.19508125,715.487894442454,-593.4410522036864,90.14823901123236,74.87668444707577,15.826685972650928,71.3364580169234,12.83685601042568,False,-0.4456698788411095,BAY_OF_BISCAY
514,2009-09-20,209.3218833333333,714.8823233105418,-591.3774279093004,85.81698793209193,74.87668444707577,15.826685972650928,71.3364580169234,12.83685601042568,False,-0.4456698788411095,BAY_OF_BISCAY
515,2009-09-28,237.04664375,714.7827319518095,-573.6113784334757,95.87529023166616,74.87668444707577,15.826685972650928,71.3364580169234,12.83685601042568,False,-0.4456698788411095,BAY_OF_BISCAY
516,2009-10-04,253.61931875,715.1667253793481,-553.6861057569615,92.1386991276134,74.87668444707577,15.826685972650928,71.3364580169234,12.83685601042568,False,-0.4456698788411095,BAY_OF_BISCAY
517,2009-10-12,277.45083750000003,716.0054246911066,-507.4220461250147,68.86745893390815,74.87668444707577,15.826685972650928,71.3364580169234,12.83685601042568,False,-0.4456698788411095,BAY_OF_BISCAY
518,2009-10-20,280.1712125,717.264409538845,-490.5547722026553,53.46157516381027,74.87668444707577,15.826685972650928,71.3364580169234,12.83685601042568,False,-0.4456698788411095,BAY_OF_BISCAY
519,2009-10-28,310.0093142857143,718.9068353777848,-434.3947723406765,25.497251248606062,74.87668444707577,15.826685972650928,71.3364580169234,12.83685601042568,False,-0.4456698788411095,BAY_OF_BISCAY
520,2009-11-04,561.04105625,720.897058036673,-161.5680707535448,1.712068966871783,74.87668444707577,15.826685972650928,71.3364580169234,12.83685601042568,False,-0.4456698788411095,BAY_OF_BISCAY
521,2009-11-12,561.04105625,723.208029850628,-19.15273257692092,-143.0142410237071,74.87668444707577,15.826685972650928,71.3364580169234,12.83685601042568,False,-0.4456698788411095,BAY_OF_BISCAY
522,2009-11-20,506.90816666666666,725.8132163428044,-39.74277024040244,-179.16227943573526,74.87668444707577,15.826685972650928,71.3364580169234,12.83685601042568,False,-0.4456698788411095,BAY_OF_BISCAY
523,2009-11-28,506.90816666666666,728.6815079022509,51.08888109870199,-272.86222233428623,74.87668444707577,15.826685972650928,71.3364580169234,12.83685601042568,False,-0.4456698788411095,BAY_OF_BISCAY
524,2009-12-04,775.833,731.779694588437,317.50468206448016,-273.4513766529172,74.87668444707577,15.826685972650928,71.3364580169234,12.83685601042568,False,-0.4456698788411095,BAY_OF_BISCAY
525,2009-12-12,775.833,735.0785060603129,323.7916817830796,-283.0371878433925,74.87668444707577,15.826685972650928,71.3364580169234,12.83685601042568,False,-0.4456698788411095,BAY_OF_BISCAY
526,2009-12-20,729.276357142857,738.5511190351157,281.0099107601476,-290.28467265240624,74.87668444707577,15.826685972650928,71.3364580169234,12.83685601042568,False,-0.4456698788411095,BAY_OF_BISCAY
527,2009-12-28,729.276357142857,742.1671326585285,153.0830719111527,-165.97384742682422,74.87668444707577,15.826685972650928,71.3364580169234,12.83685601042568,False,-0.4456698788411095,BAY_OF_BISCAY
528,2010-01-04,1314.5863125,745.8987603795587,384.4114624834473,184.27608963699413,74.87668444707577,15.826685972650928,71.3364580169234,12.83685601042568,False,-0.4456698788411095,BAY_OF_BISCAY
529,2010-01-12,1445.572125,749.7204945107243,420.6468193886351,275.2048111006408,74.87668444707577,15.826685972650928,71.3364580169234,12.83685601042568,False,-0.4456698788411095,BAY_OF_BISCAY
530,2010-01-20,1445.572125,753.6156903783449,603.4034771059517,88.55295751570361,74.87668444707577,15.826685972650928,71.3364580169234,12.83685601042568,False,-0.4456698788411095,BAY_OF_BISCAY
531,2010-01-28,1365.328625,757.5783153122901,595.123875098903,12.626434588807,74.87668444707577,15.826685972650928,71.3364580169234,12.83685601042568,False,-0.4456698788411095,BAY_OF_BISCAY
532,2010-02-04,1365.328625,761.6208397488836,584.6262292473917,19.081556003724813,74.87668444707577,15.826685972650928,71.3364580169234,12.83685601042568,False,-0.4456698788411095,BAY_OF_BISCAY
533,2010-02-12,1365.328625,765.7604523107024,553.796304851019,45.771867838278695,74.87668444707577,15.826685972650928,71.3364580169234,12.83685601042568,False,-0.4456698788411095,BAY_OF_BISCAY
534,2010-02-20,1234.645,770.0065985180073,340.5400686232207,124.09833285877198,74.87668444707577,15.826685972650928,71.3364580169234,12.83685601042568,False,-0.4456698788411095,BAY_OF_BISCAY
535,2010-02-28,1232.2295625,774.3520455397195,317.22392474342774,140.6535922168527,74.87668444707577,15.826685972650928,71.3364580169234,12.83685601042568,False,-0.4456698788411095,BAY_OF_BISCAY
536,2010-03-04,1232.2295625,778.7672973570103,313.253061579082,140.2092035639077,74.87668444707577,15.826685972650928,71.3364580169234,12.83685601042568,False,-0.4456698788411095,BAY_OF_BISCAY
537,2010-03-12,1034.0284375,783.2095372566248,210.16057171392245,40.65832852945286,74.87668444707577,15.826685972650928,71.3364580169234,12.83685601042568,False,-0.4456698788411095,BAY_OF_BISCAY
538,2010-03-20,1030.3191428571429,787.6236577973725,167.9902243578006,74.70526070196976,74.87668444707577,15.826685972650928,71.3364580169234,12.83685601042568,False,-0.4456698788411095,BAY_OF_BISCAY
539,2010-03-28,1030.3191428571429,791.9444032790184,172.55951578891688,65.81522378920761,74.87668444707577,15.826685972650928,71.3364580169234,12.83685601042568,False,-0.4456698788411095,BAY_OF_BISCAY
540,2010-04-04,1095.0299375,796.0998883753982,199.1257074383199,99.80434168628184,74.87668444707577,15.826685972650928,71.3364580169234,12.83685601042568,False,-0.4456698788411095,BAY_OF_BISCAY
541,2010-04-12,1095.0299375,800.0233232344451,314.100136107284,-19.093521841729117,74.87668444707577,15.826685972650928,71.3364580169234,12.83685601042568,False,-0.4456698788411095,BAY_OF_BISCAY
542,2010-04-20,805.8858749999999,803.6647188539214,217.4998163456328,-215.27866019955425,74.87668444707577,15.826685972650928,71.3364580169234,12.83685601042568,False,-0.4456698788411095,BAY_OF_BISCAY
543,2010-04-28,805.8858749999999,806.9982335832267,319.8592899561567,-320.97164853938347,74.87668444707577,15.826685972650928,71.3364580169234,12.83685601042568,False,-0.4456698788411095,BAY_OF_BISCAY
544,2010-05-04,1209.8613125,810.0235342437823,512.7859987048373,-112.94822044861962,74.87668444707577,15.826685972650928,71.3364580169234,12.83685601042568,False,-0.4456698788411095,BAY_OF_BISCAY
545,2010-05-12,1209.8613125,812.7581537180874,374.370194347622,22.732964434290466,74.87668444707577,15.826685972650928,71.3364580169234,12.83685601042568,False,-0.4456698788411095,BAY_OF_BISCAY
546,2010-05-20,882.7355,815.2143720527217,100.4133110273794,-32.89218308010112,74.87668444707577,15.826685972650928,71.3364580169234,12.83685601042568,False,-0.4456698788411095,BAY_OF_BISCAY
547,2010-05-28,754.9467857142856,817.3871113035965,-42.65739221636627,-19.782933372944605,74.87668444707577,15.826685972650928,71.3364580169234,12.83685601042568,False,-0.4456698788411095,BAY_OF_BISCAY
548,2010-06-04,754.9467857142856,819.2531393030764,-73.68538800687902,9.37903441808824,74.87668444707577,15.826685972650928,71.3364580169234,12.83685601042568,False,-0.4456698788411095,BAY_OF_BISCAY
549,2010-06-12,1235.35415,820.763560374577,153.60312901264143,260.9874606127817,74.87668444707577,15.826685972650928,71.3364580169234,12.83685601042568,False,-0.4456698788411095,BAY_OF_BISCAY
550,2010-06-20,1235.35415,821.8629685262672,88.67682393292195,324.814357540811,74.87668444707577,15.826685972650928,71.3364580169234,12.83685601042568,False,-0.4456698788411095,BAY_OF_BISCAY
551,2010-06-28,723.5998166666667,822.4968348191276,-230.1333724203523,131.2363542678914,74.87668444707577,15.826685972650928,71.3364580169234,12.83685601042568,False,-0.4456698788411095,BAY_OF_BISCAY
552,2010-07-04,541.610925,822.609505010174,-336.1002668334924,55.101686823318346,74.87668444707577,15.826685972650928,71.3364580169234,12.83685601042568,False,-0.4456698788411095,BAY_OF_BISCAY
553,2010-07-12,391.93714375,822.1469014904023,-425.7402310643064,-4.4695266760959385,74.87668444707577,15.826685972650928,71.3364580169234,12.83685601042568,False,-0.4456698788411095,BAY_OF_BISCAY
554,2010-07-20,307.83558125,821.05514371307,-455.7358188960628,-57.48374356700725,74.87668444707577,15.826685972650928,71.3364580169234,12.83685601042568,False,-0.4456698788411095,BAY_OF_BISCAY
555,2010-07-28,279.31476428571426,819.2803604216944,-475.0212684482644,-64.94432768771577,74.87668444707577,15.826685972650928,71.3364580169234,12.83685601042568,False,-0.4456698788411095,BAY_OF_BISCAY
556,2010-08-04,246.60585,816.771683812017,-487.07250444357953,-83.09332936843748,74.87668444707577,15.826685972650928,71.3364580169234,12.83685601042568,False,-0.4456698788411095,BAY_OF_BISCAY
557,2010-08-12,203.29846875,813.4828867296669,-521.7634328837156,-88.42098509595132,74.87668444707577,15.826685972650928,71.3364580169234,12.83685601042568,False,-0.4456698788411095,BAY_OF_BISCAY
558,2010-08-20,187.73504375,809.3762832343805,-518.8205438655457,-102.82069561883486,74.87668444707577,15.826685972650928,71.3364580169234,12.83685601042568,False,-0.4456698788411095,BAY_OF_BISCAY
559,2010-08-28,187.73504375,804.4244235346521,-516.343002532442,-100.34637725221012,74.87668444707577,15.826685972650928,71.3364580169234,12.83685601042568,False,-0.4456698788411095,BAY_OF_BISCAY
560,2010-09-04,194.806325,798.6113697094664,-509.58340352047287,-94.22164118899354,74.87668444707577,15.826685972650928,71.3364580169234,12.83685601042568,False,-0.4456698788411095,BAY_OF_BISCAY
561,2010-09-12,232.892625,791.9334739615083,-486.19075541414327,-72.85009354736508,74.87668444707577,15.826685972650928,71.3364580169234,12.83685601042568,False,-0.4456698788411095,BAY_OF_BISCAY
562,2010-09-20,244.5045,784.3997202205893,-478.6712370406645,-61.22398317992486,74.87668444707577,15.826685972650928,71.3364580169234,12.83685601042568,False,-0.4456698788411095,BAY_OF_BISCAY
563,2010-09-28,255.54914166666663,776.0310601018246,-463.71486695018456,-56.767051484973365,74.87668444707577,15.826685972650928,71.3364580169234,12.83685601042568,False,-0.4456698788411095,BAY_OF_BISCAY
564,2010-10-04,291.3632875,766.8599813090282,-438.47885395095966,-37.0178398580685,74.87668444707577,15.826685972650928,71.3364580169234,12.83685601042568,False,-0.4456698788411095,BAY_OF_BISCAY
565,2010-10-12,406.7937625,756.9296513261853,-366.64676825590334,16.510879429718045,74.87668444707577,15.826685972650928,71.3364580169234,12.83685601042568,False,-0.4456698788411095,BAY_OF_BISCAY
566,2010-10-20,421.43379375,746.2923915778446,-351.2056421536871,26.347044325842543,74.87668444707577,15.826685972650928,71.3364580169234,12.83685601042568,False,-0.4456698788411095,BAY_OF_BISCAY
567,2010-10-28,462.88633571428574,735.0088625315202,-305.4108770732446,33.28835025601012,74.87668444707577,15.826685972650928,71.3364580169234,12.83685601042568,False,-0.4456698788411095,BAY_OF_BISCAY
568,2010-11-04,554.8284375000001,723.144846496486,-109.797032581256,-58.51937641522996,74.87668444707577,15.826685972650928,71.3364580169234,12.83685601042568,False,-0.4456698788411095,BAY_OF_BISCAY
569,2010-11-12,1090.533,710.7630204312541,163.01666411788398,216.75331545086183,74.87668444707577,15.826685972650928,71.3364580169234,12.83685601042568,False,-0.4456698788411095,BAY_OF_BISCAY
570,2010-11-20,1090.533,697.9268100561294,102.9353832132306,289.6708067306399,74.87668444707577,15.826685972650928,71.3364580169234,12.83685601042568,False,-0.4456698788411095,BAY_OF_BISCAY
571,2010-11-28,1144.757325,684.7002024165782,127.83867734709597,332.2184452363258,74.87668444707577,15.826685972650928,71.3364580169234,12.83685601042568,False,-0.4456698788411095,BAY_OF_BISCAY
572,2010-12-04,1144.757325,671.1510900505066,197.2676379168922,276.3385970326012,74.87668444707577,15.826685972650928,71.3364580169234,12.83685601042568,False,-0.4456698788411095,BAY_OF_BISCAY
573,2010-12-12,1144.757325,657.3531064347877,277.4744052497531,209.92981331545923,74.87668444707577,15.826685972650928,71.3364580169234,12.83685601042568,False,-0.4456698788411095,BAY_OF_BISCAY
574,2010-12-20,1187.0663125,643.3843780997015,400.6862113571762,142.99572304312238,74.87668444707577,15.826685972650928,71.3364580169234,12.83685601042568,False,-0.4456698788411095,BAY_OF_BISCAY
575,2010-12-28,1130.654625,629.3256197824677,548.3109658468106,-46.98196062927843,74.87668444707577,15.826685972650928,71.3364580169234,12.83685601042568,False,-0.4456698788411095,BAY_OF_BISCAY
576,2011-01-04,936.0828125,615.2521249625083,474.6672565631195,-153.8365690256278,74.87668444707577,15.826685972650928,71.3364580169234,12.83685601042568,False,-0.4456698788411095,BAY_OF_BISCAY
577,2011-01-12,813.937125,601.2482899361976,450.06607628233616,-237.3772412185337,74.87668444707577,15.826685972650928,71.3364580169234,12.83685601042568,False,-0.4456698788411095,BAY_OF_BISCAY
578,2011-01-20,813.937125,587.407252371546,360.835553024473,-134.3056803960189,74.87668444707577,15.826685972650928,71.3364580169234,12.83685601042568,False,-0.4456698788411095,BAY_OF_BISCAY
579,2011-01-28,734.7566428571429,573.8365119330302,285.00912807471184,-124.0889971505992,74.87668444707577,15.826685972650928,71.3364580169234,12.83685601042568,False,-0.4456698788411095,BAY_OF_BISCAY
580,2011-02-04,693.020125,560.6489407848604,262.64536776619553,-130.27418355105596,74.87668444707577,15.826685972650928,71.3364580169234,12.83685601042568,False,-0.4456698788411095,BAY_OF_BISCAY
581,2011-02-12,693.020125,547.963487999411,247.3880990846649,-102.33146208407588,74.87668444707577,15.826685972650928,71.3364580169234,12.83685601042568,False,-0.4456698788411095,BAY_OF_BISCAY
582,2011-02-20,769.814625,535.9050074170275,214.9298200884543,18.97979749451818,74.87668444707577,15.826685972650928,71.3364580169234,12.83685601042568,False,-0.4456698788411095,BAY_OF_BISCAY
583,2011-02-28,854.2565,524.598424180363,236.7842728321269,92.87380298751,74.87668444707577,15.826685972650928,71.3364580169234,12.83685601042568,False,-0.4456698788411095,BAY_OF_BISCAY
584,2011-03-04,854.2565,514.1634115989723,230.441587282439,109.65150111858868,74.87668444707577,15.826685972650928,71.3364580169234,12.83685601042568,False,-0.4456698788411095,BAY_OF_BISCAY
585,2011-03-12,854.2565,504.7083165581176,182.59480712199257,166.9533763198898,74.87668444707577,15.826685972650928,71.3364580169234,12.83685601042568,False,-0.4456698788411095,BAY_OF_BISCAY
586,2011-03-20,818.945875,496.3263359033078,159.6057552590981,163.01378383759413,74.87668444707577,15.826685972650928,71.3364580169234,12.83685601042568,False,-0.4456698788411095,BAY_OF_BISCAY
587,2011-03-28,839.723,489.0926598791396,171.267761687504,179.36257843335642,74.87668444707577,15.826685972650928,71.3364580169234,12.83685601042568,False,-0.4456698788411095,BAY_OF_BISCAY
588,2011-04-04,772.9365,483.0690873297429,155.12169327528764,134.74571939496948,74.87668444707577,15.826685972650928,71.3364580169234,12.83685601042568,False,-0.4456698788411095,BAY_OF_BISCAY
589,2011-04-12,642.2543625,478.3007082212713,126.8353291319208,37.11832514680786,74.87668444707577,15.826685972650928,71.3364580169234,12.83685601042568,False,-0.4456698788411095,BAY_OF_BISCAY
590,2011-04-20,510.59875,474.8095675969645,86.94359698541393,-51.154414582378536,74.87668444707577,15.826685972650928,71.3364580169234,12.83685601042568,False,-0.4456698788411095,BAY_OF_BISCAY
591,2011-04-28,499.5159625,472.5791097777233,418.59177568047727,-391.6549229582006,74.87668444707577,15.826685972650928,71.3364580169234,12.83685601042568,False,-0.4456698788411095,BAY_OF_BISCAY
592,2011-05-04,467.5862375,471.53862886526935,502.4168497137726,-506.3692410790419,74.87668444707577,15.826685972650928,71.3364580169234,12.83685601042568,False,-0.4456698788411095,BAY_OF_BISCAY
593,2011-05-12,437.4833375,471.5831301742861,310.4496743420456,-344.5494670163317,74.87668444707577,15.826685972650928,71.3364580169234,12.83685601042568,False,-0.4456698788411095,BAY_OF_BISCAY
594,2011-05-20,356.74033125,472.6062948136454,159.76854458710227,-275.63450815074765,74.87668444707577,15.826685972650928,71.3364580169234,12.83685601042568,False,-0.4456698788411095,BAY_OF_BISCAY
595,2011-05-28,356.74033125,474.5055125543317,130.14866201131193,-247.9138433156436,74.87668444707577,15.826685972650928,71.3364580169234,12.83685601042568,False,-0.4456698788411095,BAY_OF_BISCAY
596,2011-06-04,436.5893375,477.183416890076,24.158941084227244,-64.75302047430324,74.87668444707577,15.826685972650928,71.3364580169234,12.83685601042568,False,-0.4456698788411095,BAY_OF_BISCAY
597,2011-06-12,436.5893375,480.5628974386802,129.98517541949172,-173.95873535817196,74.87668444707577,15.826685972650928,71.3364580169234,12.83685601042568,False,-0.4456698788411095,BAY_OF_BISCAY
598,2011-06-20,317.05140625,484.5820864032692,26.42037950001421,-193.95105965328332,74.87668444707577,15.826685972650928,71.3364580169234,12.83685601042568,False,-0.4456698788411095,BAY_OF_BISCAY
599,2011-06-28,252.80049166666663,489.1920291806753,-206.6117221392214,-29.779815374787265,74.87668444707577,15.826685972650928,71.3364580169234,12.83685601042568,False,-0.4456698788411095,BAY_OF_BISCAY
600,2011-07-04,247.50080625,494.3440686406433,-271.0525006927523,24.20923830210901,74.87668444707577,15.826685972650928,71.3364580169234,12.83685601042568,False,-0.4456698788411095,BAY_OF_BISCAY
601,2011-07-12,247.50080625,499.9812842295942,-329.92691424963414,77.44643627003992,74.87668444707577,15.826685972650928,71.3364580169234,12.83685601042568,False,-0.4456698788411095,BAY_OF_BISCAY
602,2011-07-20,299.83613125,506.04212731458455,-350.45494951559425,144.2489534510097,74.87668444707577,15.826685972650928,71.3364580169234,12.83685601042568,False,-0.4456698788411095,BAY_OF_BISCAY
603,2011-07-28,299.83613125,512.4621575625723,-365.71155965008137,153.08553333750905,74.87668444707577,15.826685972650928,71.3364580169234,12.83685601042568,False,-0.4456698788411095,BAY_OF_BISCAY
604,2011-08-04,288.34455625,519.1742077193761,-393.91888249455,163.08923102517383,74.87668444707577,15.826685972650928,71.3364580169234,12.83685601042568,False,-0.4456698788411095,BAY_OF_BISCAY
605,2011-08-12,206.8406375,526.1084381898706,-459.8807501540891,140.6129494642185,74.87668444707577,15.826685972650928,71.3364580169234,12.83685601042568,False,-0.4456698788411095,BAY_OF_BISCAY
606,2011-08-20,204.2923142857143,533.192128192276,-471.4187327050511,142.51891879848938,74.87668444707577,15.826685972650928,71.3364580169234,12.83685601042568,False,-0.4456698788411095,BAY_OF_BISCAY
607,2011-08-28,204.2923142857143,540.3503647980206,-473.44697330253166,137.38892279022537,74.87668444707577,15.826685972650928,71.3364580169234,12.83685601042568,False,-0.4456698788411095,BAY_OF_BISCAY
608,2011-09-04,204.2923142857143,547.5075828975964,-462.5877197801977,119.37245116831554,74.87668444707577,15.826685972650928,71.3364580169234,12.83685601042568,False,-0.4456698788411095,BAY_OF_BISCAY
609,2011-09-12,209.881675,554.589318449784,-451.1565574232044,106.44891397342042,74.87668444707577,15.826685972650928,71.3364580169234,12.83685601042568,False,-0.4456698788411095,BAY_OF_BISCAY
610,2011-09-20,209.72514166666667,561.5252453994252,-454.4319935859942,102.63188985323563,74.87668444707577,15.826685972650928,71.3364580169234,12.83685601042568,False,-0.4456698788411095,BAY_OF_BISCAY
611,2011-09-28,209.72514166666667,568.2515422581517,-453.62914537710407,95.102744785619,74.87668444707577,15.826685972650928,71.3364580169234,12.83685601042568,False,-0.4456698788411095,BAY_OF_BISCAY
612,2011-10-04,209.72514166666667,574.7121885531791,-445.16616869067866,80.17912180416624,74.87668444707577,15.826685972650928,71.3364580169234,12.83685601042568,False,-0.4456698788411095,BAY_OF_BISCAY
613,2011-10-12,220.59370625,580.8611764081171,-409.0792072278492,48.81173706973209,74.87668444707577,15.826685972650928,71.3364580169234,12.83685601042568,False,-0.4456698788411095,BAY_OF_BISCAY
614,2011-10-20,223.709,586.6641990133239,-352.02258827531534,-10.932610738008576,74.87668444707577,15.826685972650928,71.3364580169234,12.83685601042568,False,-0.4456698788411095,BAY_OF_BISCAY
615,2011-10-28,278.2100857142857,592.0960041777936,-310.66922716294664,-3.2166913005611946,74.87668444707577,15.826685972650928,71.3364580169234,12.83685601042568,False,-0.4456698788411095,BAY_OF_BISCAY
616,2011-11-04,613.74000625,597.1412528404226,-128.75465645228903,145.35340986186645,74.87668444707577,15.826685972650928,71.3364580169234,12.83685601042568,False,-0.4456698788411095,BAY_OF_BISCAY
617,2011-11-12,613.74000625,601.8059756094175,-2.530868946574607,14.464899587157085,74.87668444707577,15.826685972650928,71.3364580169234,12.83685601042568,False,-0.4456698788411095,BAY_OF_BISCAY
618,2011-11-20,409.43048125,606.1220647515105,-144.18147088558194,-52.51011261592853,74.87668444707577,15.826685972650928,71.3364580169234,12.83685601042568,False,-0.4456698788411095,BAY_OF_BISCAY
619,2011-11-28,391.1562958333333,610.1491706613959,-150.77706193382346,-68.21581289423915,74.87668444707577,15.826685972650928,71.3364580169234,12.83685601042568,False,-0.4456698788411095,BAY_OF_BISCAY
620,2011-12-04,391.1562958333333,613.9543336254378,-93.0240174808897,-129.77402031121477,74.87668444707577,15.826685972650928,71.3364580169234,12.83685601042568,False,-0.4456698788411095,BAY_OF_BISCAY
621,2011-12-12,694.37825,617.5980111113172,90.91015806840956,-14.129919179726784,74.87668444707577,15.826685972650928,71.3364580169234,12.83685601042568,False,-0.4456698788411095,BAY_OF_BISCAY
622,2011-12-20,1124.5143571428573,621.1293356608578,411.3278901055204,92.0571313764791,74.87668444707577,15.826685972650928,71.3364580169234,12.83685601042568,False,-0.4456698788411095,BAY_OF_BISCAY
623,2011-12-28,1804.8990833333328,624.5831141470799,736.2772374717179,444.0387317145355,74.87668444707577,15.826685972650928,71.3364580169234,12.83685601042568,False,-0.4456698788411095,BAY_OF_BISCAY
624,2012-01-04,1296.322125,627.9895648789515,386.1947252600189,282.1378348610298,74.87668444707577,15.826685972650928,71.3364580169234,12.83685601042568,False,-0.4456698788411095,BAY_OF_BISCAY
625,2012-01-12,1296.322125,631.3737276033512,355.6135144933442,309.3348829033048,74.87668444707577,15.826685972650928,71.3364580169234,12.83685601042568,False,-0.4456698788411095,BAY_OF_BISCAY
626,2012-01-20,926.5161875,634.7617388618949,487.9219601515019,-196.16751151339676,74.87668444707577,15.826685972650928,71.3364580169234,12.83685601042568,False,-0.4456698788411095,BAY_OF_BISCAY
627,2012-01-28,850.5010625,638.1588721533983,467.1535514061005,-254.81136105949884,74.87668444707577,15.826685972650928,71.3364580169234,12.83685601042568,False,-0.4456698788411095,BAY_OF_BISCAY
628,2012-02-04,834.2292857142857,641.5719200448881,449.80200442358256,-257.144638754185,74.87668444707577,15.826685972650928,71.3364580169234,12.83685601042568,False,-0.4456698788411095,BAY_OF_BISCAY
629,2012-02-12,762.7321875,645.0095575868386,415.3218516084745,-297.5992216953131,74.87668444707577,15.826685972650928,71.3364580169234,12.83685601042568,False,-0.4456698788411095,BAY_OF_BISCAY
630,2012-02-20,599.4667875,648.4848696441288,204.24893336952172,-253.26701551365056,74.87668444707577,15.826685972650928,71.3364580169234,12.83685601042568,False,-0.4456698788411095,BAY_OF_BISCAY
631,2012-02-28,510.76278,652.0222586043255,77.54298725153777,-218.8024658558633,74.87668444707577,15.826685972650928,71.3364580169234,12.83685601042568,False,-0.4456698788411095,BAY_OF_BISCAY
632,2012-03-04,477.2694625,655.664766768051,41.11132670730227,-219.50663097535323,74.87668444707577,15.826685972650928,71.3364580169234,12.83685601042568,False,-0.4456698788411095,BAY_OF_BISCAY
633,2012-03-12,477.2694625,659.465116271132,42.04652033419064,-224.24217410532265,74.87668444707577,15.826685972650928,71.3364580169234,12.83685601042568,False,-0.4456698788411095,BAY_OF_BISCAY
634,2012-03-20,453.66364285714286,663.4806938132193,27.63001721984466,-237.44706817592112,74.87668444707577,15.826685972650928,71.3364580169234,12.83685601042568,False,-0.4456698788411095,BAY_OF_BISCAY
635,2012-03-28,453.66364285714286,667.7657768249194,114.86621406789476,-328.9683480356713,74.87668444707577,15.826685972650928,71.3364580169234,12.83685601042568,False,-0.4456698788411095,BAY_OF_BISCAY
636,2012-04-04,453.66364285714286,672.3601357869869,143.42473639309603,-362.12122932294005,74.87668444707577,15.826685972650928,71.3364580169234,12.83685601042568,False,-0.4456698788411095,BAY_OF_BISCAY
637,2012-04-12,597.765375,677.2854341558548,183.16837008141565,-262.6884292372705,74.87668444707577,15.826685972650928,71.3364580169234,12.83685601042568,False,-0.4456698788411095,BAY_OF_BISCAY
638,2012-04-20,989.3629375,682.5426586883403,213.24193157023583,93.57834724142376,74.87668444707577,15.826685972650928,71.3364580169234,12.83685601042568,False,-0.4456698788411095,BAY_OF_BISCAY
639,2012-04-28,2341.0584166666667,688.1247532676676,872.8501468478853,780.0835165511139,74.87668444707577,15.826685972650928,71.3364580169234,12.83685601042568,False,-0.4456698788411095,BAY_OF_BISCAY
640,2012-05-04,2341.0584166666667,694.0274620652968,817.0782354087279,829.9527191926421,74.87668444707577,15.826685972650928,71.3364580169234,12.83685601042568,False,-0.4456698788411095,BAY_OF_BISCAY
641,2012-05-12,1633.9860625,700.2470396614318,498.71535798707214,435.02366485149616,74.87668444707577,15.826685972650928,71.3364580169234,12.83685601042568,False,-0.4456698788411095,BAY_OF_BISCAY
642,2012-05-20,1513.1920000000002,706.776871176786,522.51157292284,283.9035559003743,74.87668444707577,15.826685972650928,71.3364580169234,12.83685601042568,False,-0.4456698788411095,BAY_OF_BISCAY
643,2012-05-28,1513.1920000000002,713.605643909692,615.5662654918042,184.020090598504,74.87668444707577,15.826685972650928,71.3364580169234,12.83685601042568,False,-0.4456698788411095,BAY_OF_BISCAY
644,2012-06-04,920.3140875,720.7096800813897,338.2734849727334,-138.66907755412308,74.87668444707577,15.826685972650928,71.3364580169234,12.83685601042568,False,-0.4456698788411095,BAY_OF_BISCAY
645,2012-06-12,859.3946875,728.0520906695975,200.80986490850896,-69.46726807810646,74.87668444707577,15.826685972650928,71.3364580169234,12.83685601042568,False,-0.4456698788411095,BAY_OF_BISCAY
646,2012-06-20,694.171,735.5956976275877,23.16672022659575,-64.59141785418339,74.87668444707577,15.826685972650928,71.3364580169234,12.83685601042568,False,-0.4456698788411095,BAY_OF_BISCAY
647,2012-06-28,428.82025,743.3029322677789,-238.75790373511825,-75.72477853266074,74.87668444707577,15.826685972650928,71.3364580169234,12.83685601042568,False,-0.4456698788411095,BAY_OF_BISCAY
648,2012-07-04,386.718125,751.1485818149306,-310.58414209392294,-53.84631472100767,74.87668444707577,15.826685972650928,71.3364580169234,12.83685601042568,False,-0.4456698788411095,BAY_OF_BISCAY
649,2012-07-12,312.633125,759.1268679067716,-393.91392383800365,-52.57981906876796,74.87668444707577,15.826685972650928,71.3364580169234,12.83685601042568,False,-0.4456698788411095,BAY_OF_BISCAY
650,2012-07-20,230.8951875,767.2470549382119,-451.4684026202546,-84.8834648179573,74.87668444707577,15.826685972650928,71.3364580169234,12.83685601042568,False,-0.4456698788411095,BAY_OF_BISCAY
651,2012-07-28,230.8951875,775.5306747079409,-469.9381705490142,-74.69731665892664,74.87668444707577,15.826685972650928,71.3364580169234,12.83685601042568,False,-0.4456698788411095,BAY_OF_BISCAY
652,2012-08-04,208.6507,784.0080398678139,-537.9732007197556,-37.38413914805824,74.87668444707577,15.826685972650928,71.3364580169234,12.83685601042568,False,-0.4456698788411095,BAY_OF_BISCAY
653,2012-08-12,185.18279375,792.7157754790301,-592.8767560707097,-14.656225658320407,74.87668444707577,15.826685972650928,71.3364580169234,12.83685601042568,False,-0.4456698788411095,BAY_OF_BISCAY
654,2012-08-20,185.18279375,801.6931380471193,-629.836291252628,13.325946955508698,74.87668444707577,15.826685972650928,71.3364580169234,12.83685601042568,False,-0.4456698788411095,BAY_OF_BISCAY
655,2012-08-28,188.4938,810.9793707850713,-643.2652279701439,20.77965718507255,74.87668444707577,15.826685972650928,71.3364580169234,12.83685601042568,False,-0.4456698788411095,BAY_OF_BISCAY
656,2012-09-04,228.283775,820.6112768414387,-635.8609156382995,43.53341379686083,74.87668444707577,15.826685972650928,71.3364580169234,12.83685601042568,False,-0.4456698788411095,BAY_OF_BISCAY
657,2012-09-12,228.283775,830.6208142904272,-626.2320700585931,23.89503076816584,74.87668444707577,15.826685972650928,71.3364580169234,12.83685601042568,False,-0.4456698788411095,BAY_OF_BISCAY
658,2012-09-20,209.056475,841.0318982775902,-646.3072542784237,14.331831000833404,74.87668444707577,15.826685972650928,71.3364580169234,12.83685601042568,False,-0.4456698788411095,BAY_OF_BISCAY
659,2012-09-28,209.056475,851.8599663099336,-656.2464876007311,13.44299629079751,74.87668444707577,15.826685972650928,71.3364580169234,12.83685601042568,False,-0.4456698788411095,BAY_OF_BISCAY
660,2012-10-04,219.02374375,863.1118269279413,-639.5321236377598,-4.555959540181448,74.87668444707577,15.826685972650928,71.3364580169234,12.83685601042568,False,-0.4456698788411095,BAY_OF_BISCAY
661,2012-10-12,241.873375,874.7839672123301,-629.0547861323756,-3.8558060799545046,74.87668444707577,15.826685972650928,71.3364580169234,12.83685601042568,False,-0.4456698788411095,BAY_OF_BISCAY
662,2012-10-20,469.655375,886.8631367892648,-522.3346675186131,105.12690572934828,74.87668444707577,15.826685972650928,71.3364580169234,12.83685601042568,False,-0.4456698788411095,BAY_OF_BISCAY
663,2012-10-28,520.5863571428571,899.3291519040401,-478.5971908577225,99.85439609653946,74.87668444707577,15.826685972650928,71.3364580169234,12.83685601042568,False,-0.4456698788411095,BAY_OF_BISCAY
664,2012-11-04,528.0305000000001,912.1557265940344,-204.41524595912355,-179.70998063491075,74.87668444707577,15.826685972650928,71.3364580169234,12.83685601042568,False,-0.4456698788411095,BAY_OF_BISCAY
665,2012-11-12,528.0305000000001,925.3007689165596,-36.4950514995826,-360.77521741697694,74.87668444707577,15.826685972650928,71.3364580169234,12.83685601042568,False,-0.4456698788411095,BAY_OF_BISCAY
666,2012-11-20,402.21525,938.7000010275796,-153.48329977077805,-383.00145125680166,74.87668444707577,15.826685972650928,71.3364580169234,12.83685601042568,False,-0.4456698788411095,BAY_OF_BISCAY
667,2012-11-28,402.21525,952.270681148622,-327.717007998103,-222.3384231505189,74.87668444707577,15.826685972650928,71.3364580169234,12.83685601042568,False,-0.4456698788411095,BAY_OF_BISCAY
668,2012-12-04,674.7656666666667,965.9378860191348,-281.1503198182039,-10.021899534264094,74.87668444707577,15.826685972650928,71.3364580169234,12.83685601042568,False,-0.4456698788411095,BAY_OF_BISCAY
669,2012-12-12,827.7824583333334,979.6453087048228,-166.2400057295494,14.377155358059838,74.87668444707577,15.826685972650928,71.3364580169234,12.83685601042568,False,-0.4456698788411095,BAY_OF_BISCAY
670,2012-12-20,1216.6866666666667,993.3551410669957,129.72765185221823,93.60387374745284,74.87668444707577,15.826685972650928,71.3364580169234,12.83685601042568,False,-0.4456698788411095,BAY_OF_BISCAY
671,2012-12-28,1216.6866666666667,1007.0519503509536,364.49167177416814,-154.856955458455,74.87668444707577,15.826685972650928,71.3364580169234,12.83685601042568,False,-0.4456698788411095,BAY_OF_BISCAY
672,2013-01-04,1030.1472083333333,1020.7301138732704,198.5643455646432,-189.14725110458028,74.87668444707577,15.826685972650928,71.3364580169234,12.83685601042568,False,-0.4456698788411095,BAY_OF_BISCAY
673,2013-01-12,1030.1472083333333,1034.3794802466257,236.92378428141103,-241.1560561947032,74.87668444707577,15.826685972650928,71.3364580169234,12.83685601042568,False,-0.4456698788411095,BAY_OF_BISCAY
674,2013-01-20,2296.496666666667,1047.9651151263477,774.86891457277,473.6626369675493,74.87668444707577,15.826685972650928,71.3364580169234,12.83685601042568,False,-0.4456698788411095,BAY_OF_BISCAY
675,2013-01-28,2440.7770833333334,1061.441831444456,1198.4700403990262,180.8652114898512,74.87668444707577,15.826685972650928,71.3364580169234,12.83685601042568,False,-0.4456698788411095,BAY_OF_BISCAY
676,2013-02-04,2440.7770833333334,1074.7216507622202,1192.339543486239,173.7158890848741,74.87668444707577,15.826685972650928,71.3364580169234,12.83685601042568,False,-0.4456698788411095,BAY_OF_BISCAY
677,2013-02-12,2440.7770833333334,1087.6973464977243,1170.0350522962565,183.0446845393526,74.87668444707577,15.826685972650928,71.3364580169234,12.83685601042568,False,-0.4456698788411095,BAY_OF_BISCAY
678,2013-02-20,1841.5712083333333,1100.2533678593825,659.0766675832913,82.24117289065953,74.87668444707577,15.826685972650928,71.3364580169234,12.83685601042568,False,-0.4456698788411095,BAY_OF_BISCAY
679,2013-02-28,1422.551333333333,1112.277282189302,426.19353666170025,-115.91948551766892,74.87668444707577,15.826685972650928,71.3364580169234,12.83685601042568,False,-0.4456698788411095,BAY_OF_BISCAY
680,2013-03-04,1339.122791666667,1123.6725893529865,269.55054849264377,-54.10034617896338,74.87668444707577,15.826685972650928,71.3364580169234,12.83685601042568,False,-0.4456698788411095,BAY_OF_BISCAY
681,2013-03-12,1339.122791666667,1134.363457933758,267.3149097243753,-62.55557599146681,74.87668444707577,15.826685972650928,71.3364580169234,12.83685601042568,False,-0.4456698788411095,BAY_OF_BISCAY
682,2013-03-20,1360.6623333333332,1144.279832058242,163.53445195259576,52.84804932249551,74.87668444707577,15.826685972650928,71.3364580169234,12.83685601042568,False,-0.4456698788411095,BAY_OF_BISCAY
683,2013-03-28,1685.5913333333333,1153.3654064241382,286.86061566247696,245.3653112467181,74.87668444707577,15.826685972650928,71.3364580169234,12.83685601042568,False,-0.4456698788411095,BAY_OF_BISCAY
684,2013-04-04,1864.556833333333,1161.584616167805,375.8654464514562,327.10677071407207,74.87668444707577,15.826685972650928,71.3364580169234,12.83685601042568,False,-0.4456698788411095,BAY_OF_BISCAY
685,2013-04-12,1864.556833333333,1168.924586308194,341.5442440124661,354.0880030126732,74.87668444707577,15.826685972650928,71.3364580169234,12.83685601042568,False,-0.4456698788411095,BAY_OF_BISCAY
686,2013-04-20,1334.0196666666666,1175.4049995798312,162.0337479317828,-3.419080844947388,74.87668444707577,15.826685972650928,71.3364580169234,12.83685601042568,False,-0.4456698788411095,BAY_OF_BISCAY
687,2013-04-28,1283.632625,1181.0783171695568,475.725584338161,-373.171276507718,74.87668444707577,15.826685972650928,71.3364580169234,12.83685601042568,False,-0.4456698788411095,BAY_OF_BISCAY
688,2013-05-04,1099.893375,1186.034030728087,384.0925210015914,-470.23317672967823,74.87668444707577,15.826685972650928,71.3364580169234,12.83685601042568,False,-0.4456698788411095,BAY_OF_BISCAY
689,2013-05-12,1283.632625,1190.3843485545822,248.9927850924168,-155.744508646999,74.87668444707577,15.826685972650928,71.3364580169234,12.83685601042568,False,-0.4456698788411095,BAY_OF_BISCAY
690,2013-05-20,1717.110875,1194.2317432830846,429.27151103849377,93.60762067842148,74.87668444707577,15.826685972650928,71.3364580169234,12.83685601042568,False,-0.4456698788411095,BAY_OF_BISCAY
691,2013-05-28,2099.671,1197.6584604253042,608.5433821109846,293.4691574637111,74.87668444707577,15.826685972650928,71.3364580169234,12.83685601042568,False,-0.4456698788411095,BAY_OF_BISCAY
692,2013-06-04,2099.671,1200.734881460043,454.2887373464998,444.6473811934571,74.87668444707577,15.826685972650928,71.3364580169234,12.83685601042568,False,-0.4456698788411095,BAY_OF_BISCAY
693,2013-06-12,1672.1700625,1203.5182326557374,188.0196145442548,280.6322153000079,74.87668444707577,15.826685972650928,71.3364580169234,12.83685601042568,False,-0.4456698788411095,BAY_OF_BISCAY
694,2013-06-20,1408.97625,1206.0492915532293,4.09073749353907,198.8362209532316,74.87668444707577,15.826685972650928,71.3364580169234,12.83685601042568,False,-0.4456698788411095,BAY_OF_BISCAY
695,2013-06-28,949.6495833333332,1208.3621656654218,-306.2178715696725,47.50528923758407,74.87668444707577,15.826685972650928,71.3364580169234,12.83685601042568,False,-0.4456698788411095,BAY_OF_BISCAY
696,2013-07-04,749.93525,1210.477484598014,-394.6150958486612,-65.92713874935293,74.87668444707577,15.826685972650928,71.3364580169234,12.83685601042568,False,-0.4456698788411095,BAY_OF_BISCAY
697,2013-07-12,574.0989999999999,1212.4006827921676,-518.8369218575433,-119.46476093462434,74.87668444707577,15.826685972650928,71.3364580169234,12.83685601042568,False,-0.4456698788411095,BAY_OF_BISCAY
698,2013-07-20,484.7333125,1214.1249926180922,-594.7456662251262,-134.64601389296593,74.87668444707577,15.826685972650928,71.3364580169234,12.83685601042568,False,-0.4456698788411095,BAY_OF_BISCAY
699,2013-07-28,476.57321428571424,1215.6337167119002,-599.0260782005079,-140.0344242256781,74.87668444707577,15.826685972650928,71.3364580169234,12.83685601042568,False,-0.4456698788411095,BAY_OF_BISCAY
700,2013-08-04,345.6861875,1216.903300354394,-665.7183385986787,-205.4987742557153,74.87668444707577,15.826685972650928,71.3364580169234,12.83685601042568,False,-0.4456698788411095,BAY_OF_BISCAY
701,2013-08-12,341.321075,1217.9063898762329,-679.5459307526932,-197.03938412353943,74.87668444707577,15.826685972650928,71.3364580169234,12.83685601042568,False,-0.4456698788411095,BAY_OF_BISCAY
702,2013-08-20,271.3967875,1218.614701658771,-735.6327886595791,-211.58512549919192,74.87668444707577,15.826685972650928,71.3364580169234,12.83685601042568,False,-0.4456698788411095,BAY_OF_BISCAY
703,2013-08-28,270.00827142857145,1219.0002429265328,-759.7440794736597,-189.24789202430168,74.87668444707577,15.826685972650928,71.3364580169234,12.83685601042568,False,-0.4456698788411095,BAY_OF_BISCAY
704,2013-09-04,270.00827142857145,1219.036616858878,-771.3615026429779,-177.66684278732862,74.87668444707577,15.826685972650928,71.3364580169234,12.83685601042568,False,-0.4456698788411095,BAY_OF_BISCAY
705,2013-09-12,348.14225,1218.6991691228,-744.8691981958737,-125.68772092692632,74.87668444707577,15.826685972650928,71.3364580169234,12.83685601042568,False,-0.4456698788411095,BAY_OF_BISCAY
706,2013-09-20,348.14225,1217.96540426784,-757.0166169061405,-112.8065373616996,74.87668444707577,15.826685972650928,71.3364580169234,12.83685601042568,False,-0.4456698788411095,BAY_OF_BISCAY
707,2013-09-28,348.14225,1216.8141849932204,-764.4964377846096,-104.17549720861076,74.87668444707577,15.826685972650928,71.3364580169234,12.83685601042568,False,-0.4456698788411095,BAY_OF_BISCAY
708,2013-10-04,439.0635625,1215.225832606934,-719.0473473887258,-57.11492271820805,74.87668444707577,15.826685972650928,71.3364580169234,12.83685601042568,False,-0.4456698788411095,BAY_OF_BISCAY
709,2013-10-12,467.986,1213.181975794388,-689.5969241745038,-55.59905161988411,74.87668444707577,15.826685972650928,71.3364580169234,12.83685601042568,False,-0.4456698788411095,BAY_OF_BISCAY
710,2013-10-20,467.986,1210.6640212299587,-632.2612912177078,-110.41673001225092,74.87668444707577,15.826685972650928,71.3364580169234,12.83685601042568,False,-0.4456698788411095,BAY_OF_BISCAY
711,2013-10-28,495.0759375,1207.6526673179676,-608.7992562075129,-103.77747361045463,74.87668444707577,15.826685972650928,71.3364580169234,12.83685601042568,False,-0.4456698788411095,BAY_OF_BISCAY
712,2013-11-04,1233.681,1204.1275262622166,-233.2927271373561,262.8462008751395,74.87668444707577,15.826685972650928,71.3364580169234,12.83685601042568,False,-0.4456698788411095,BAY_OF_BISCAY
713,2013-11-12,1903.4669375,1200.0668354713607,109.1918198355289,594.2082821931104,74.87668444707577,15.826685972650928,71.3364580169234,12.83685601042568,False,-0.4456698788411095,BAY_OF_BISCAY
714,2013-11-20,1903.4669375,1195.4479769000577,179.66644610617456,528.352514493768,74.87668444707577,15.826685972650928,71.3364580169234,12.83685601042568,False,-0.4456698788411095,BAY_OF_BISCAY
715,2013-11-28,1246.8245,1190.2474250353218,-15.898476029049975,72.47555099372808,74.87668444707577,15.826685972650928,71.3364580169234,12.83685601042568,False,-0.4456698788411095,BAY_OF_BISCAY
716,2013-12-04,918.659125,1184.436567326127,-102.1799390778244,-163.5975032483026,74.87668444707577,15.826685972650928,71.3364580169234,12.83685601042568,False,-0.4456698788411095,BAY_OF_BISCAY
717,2013-12-12,799.2409583333333,1177.9882819363745,-167.3217541776918,-211.4255694253494,74.87668444707577,15.826685972650928,71.3364580169234,12.83685601042568,False,-0.4456698788411095,BAY_OF_BISCAY
718,2013-12-20,799.2409583333333,1170.8813206557854,-65.26096484679661,-306.37939747565554,74.87668444707577,15.826685972650928,71.3364580169234,12.83685601042568,False,-0.4456698788411095,BAY_OF_BISCAY
719,2013-12-28,1079.0190476190476,1163.0955293126517,78.7171336320803,-162.79361532568444,74.87668444707577,15.826685972650928,71.3364580169234,12.83685601042568,False,-0.4456698788411095,BAY_OF_BISCAY
720,2014-01-04,1314.629125,1154.6163092272143,93.8575992152292,66.15521655755622,74.87668444707577,15.826685972650928,71.3364580169234,12.83685601042568,False,-0.4456698788411095,BAY_OF_BISCAY
721,2014-01-12,1482.6204166666666,1145.44180040199,179.6985671154825,157.48004914919426,74.87668444707577,15.826685972650928,71.3364580169234,12.83685601042568,False,-0.4456698788411095,BAY_OF_BISCAY
722,2014-01-20,1482.6204166666666,1135.6008424287832,529.7039748903187,-182.6844006524352,74.87668444707577,15.826685972650928,71.3364580169234,12.83685601042568,False,-0.4456698788411095,BAY_OF_BISCAY
723,2014-01-28,2973.914583333333,1125.1501122412683,1359.0109459376647,489.7535251544,74.87668444707577,15.826685972650928,71.3364580169234,12.83685601042568,False,-0.4456698788411095,BAY_OF_BISCAY
724,2014-02-04,2973.914583333333,1114.183127362431,1359.9765432769184,499.7549126939839,74.87668444707577,15.826685972650928,71.3364580169234,12.83685601042568,False,-0.4456698788411095,BAY_OF_BISCAY
725,2014-02-12,2964.3216666666667,1102.7952981702858,1427.64066256787,433.885705928511,74.87668444707577,15.826685972650928,71.3364580169234,12.83685601042568,False,-0.4456698788411095,BAY_OF_BISCAY
726,2014-02-20,2289.4491666666668,1091.0912743817414,940.9550183248144,257.40287396011104,74.87668444707577,15.826685972650928,71.3364580169234,12.83685601042568,False,-0.4456698788411095,BAY_OF_BISCAY
727,2014-02-28,2289.4491666666668,1079.172576066602,1186.6250956927288,23.651494907335973,74.87668444707577,15.826685972650928,71.3364580169234,12.83685601042568,False,-0.4456698788411095,BAY_OF_BISCAY
728,2014-03-04,1866.1458333333333,1067.108885886192,955.1797718261106,-156.14282437896907,74.87668444707577,15.826685972650928,71.3364580169234,12.83685601042568,False,-0.4456698788411095,BAY_OF_BISCAY
729,2014-03-12,1859.521,1054.9424037224428,620.9524114946518,183.6261847829054,74.87668444707577,15.826685972650928,71.3364580169234,12.83685601042568,False,-0.4456698788411095,BAY_OF_BISCAY
730,2014-03-20,1427.4575238095238,1042.7269341252672,341.8426315480316,42.88795813622494,74.87668444707577,15.826685972650928,71.3364580169234,12.83685601042568,False,-0.4456698788411095,BAY_OF_BISCAY
731,2014-03-28,1272.782125,1030.5200956559747,346.9765176999785,-104.71448835595328,74.87668444707577,15.826685972650928,71.3364580169234,12.83685601042568,False,-0.4456698788411095,BAY_OF_BISCAY
732,2014-04-04,1272.782125,1018.383832011734,380.5296475664119,-126.13135457814587,74.87668444707577,15.826685972650928,71.3364580169234,12.83685601042568,False,-0.4456698788411095,BAY_OF_BISCAY
733,2014-04-12,993.9066666666666,1006.3823089539668,227.6466633452015,-240.12230563250165,74.87668444707577,15.826685972650928,71.3364580169234,12.83685601042568,False,-0.4456698788411095,BAY_OF_BISCAY
734,2014-04-20,945.3046944444444,994.5722786418436,73.69194988522683,-122.959534082626,74.87668444707577,15.826685972650928,71.3364580169234,12.83685601042568,False,-0.4456698788411095,BAY_OF_BISCAY
735,2014-04-28,945.3046944444444,982.9963276072742,171.493114792725,-209.18474795555483,74.87668444707577,15.826685972650928,71.3364580169234,12.83685601042568,False,-0.4456698788411095,BAY_OF_BISCAY
736,2014-05-04,945.3046944444444,971.6691469792506,131.6647735212054,-158.02922605601162,74.87668444707577,15.826685972650928,71.3364580169234,12.83685601042568,False,-0.4456698788411095,BAY_OF_BISCAY
737,2014-05-12,754.8051875,960.5923565613572,-44.97539405327215,-160.81177500808494,74.87668444707577,15.826685972650928,71.3364580169234,12.83685601042568,False,-0.4456698788411095,BAY_OF_BISCAY
738,2014-05-20,754.8051875,949.781334435608,22.83691006216973,-217.8130569977778,74.87668444707577,15.826685972650928,71.3364580169234,12.83685601042568,False,-0.4456698788411095,BAY_OF_BISCAY
739,2014-05-28,738.1205,939.2806407282176,71.90048344649963,-273.0606241747173,74.87668444707577,15.826685972650928,71.3364580169234,12.83685601042568,False,-0.4456698788411095,BAY_OF_BISCAY
740,2014-06-04,738.1205,929.157712181714,73.65289262136606,-264.6901048030801,74.87668444707577,15.826685972650928,71.3364580169234,12.83685601042568,False,-0.4456698788411095,BAY_OF_BISCAY
741,2014-06-12,599.41725,919.4923467576843,-108.66563911785556,-211.4094576398288,74.87668444707577,15.826685972650928,71.3364580169234,12.83685601042568,False,-0.4456698788411095,BAY_OF_BISCAY
742,2014-06-20,549.8534166666667,910.363645629118,-195.4667291652457,-165.0434997972054,74.87668444707577,15.826685972650928,71.3364580169234,12.83685601042568,False,-0.4456698788411095,BAY_OF_BISCAY
743,2014-06-28,475.276125,901.8362703239684,-397.7190639705628,-28.84108135340574,74.87668444707577,15.826685972650928,71.3364580169234,12.83685601042568,False,-0.4456698788411095,BAY_OF_BISCAY
744,2014-07-04,549.8534166666667,893.9606954689269,-419.8334529017536,75.72617409949333,74.87668444707577,15.826685972650928,71.3364580169234,12.83685601042568,False,-0.4456698788411095,BAY_OF_BISCAY
745,2014-07-12,475.276125,886.7703947278375,-510.292147727277,98.79787799943948,74.87668444707577,15.826685972650928,71.3364580169234,12.83685601042568,False,-0.4456698788411095,BAY_OF_BISCAY
746,2014-07-20,423.3052142857143,880.2827231353663,-558.747924937547,101.77041608789506,74.87668444707577,15.826685972650928,71.3364580169234,12.83685601042568,False,-0.4456698788411095,BAY_OF_BISCAY
747,2014-07-28,423.3052142857143,874.5000292740322,-545.077472693799,93.88265770548112,74.87668444707577,15.826685972650928,71.3364580169234,12.83685601042568,False,-0.4456698788411095,BAY_OF_BISCAY
748,2014-08-04,459.0930625,869.4102060856535,-532.8586781895884,122.5415346039349,74.87668444707577,15.826685972650928,71.3364580169234,12.83685601042568,False,-0.4456698788411095,BAY_OF_BISCAY
749,2014-08-12,459.0930625,864.9866753490433,-521.5177871415686,115.62417429252535,74.87668444707577,15.826685972650928,71.3364580169234,12.83685601042568,False,-0.4456698788411095,BAY_OF_BISCAY
750,2014-08-20,402.9545,861.188955626538,-563.9985692281397,105.76411360160164,74.87668444707577,15.826685972650928,71.3364580169234,12.83685601042568,False,-0.4456698788411095,BAY_OF_BISCAY
751,2014-08-28,355.72121428571427,857.9660260900536,-590.7157981480226,88.47098634368331,74.87668444707577,15.826685972650928,71.3364580169234,12.83685601042568,False,-0.4456698788411095,BAY_OF_BISCAY
752,2014-09-04,336.41031250000003,855.2578916461046,-593.9025049464101,75.05492580030557,74.87668444707577,15.826685972650928,71.3364580169234,12.83685601042568,False,-0.4456698788411095,BAY_OF_BISCAY
753,2014-09-12,336.41031250000003,852.9976441337374,-576.0736464025535,59.48631476881621,74.87668444707577,15.826685972650928,71.3364580169234,12.83685601042568,False,-0.4456698788411095,BAY_OF_BISCAY
754,2014-09-20,336.41031250000003,851.1138636921577,-557.2576581384783,42.55410694632064,74.87668444707577,15.826685972650928,71.3364580169234,12.83685601042568,False,-0.4456698788411095,BAY_OF_BISCAY
755,2014-09-28,323.73775,849.5318902363313,-562.9225731423247,37.12843290599346,74.87668444707577,15.826685972650928,71.3364580169234,12.83685601042568,False,-0.4456698788411095,BAY_OF_BISCAY
756,2014-10-04,323.73775,848.1751139002308,-550.6707705497749,26.23340664954412,74.87668444707577,15.826685972650928,71.3364580169234,12.83685601042568,False,-0.4456698788411095,BAY_OF_BISCAY
757,2014-10-12,363.4544375,846.9687414867977,-522.7505962698108,39.23629228301303,74.87668444707577,15.826685972650928,71.3364580169234,12.83685601042568,False,-0.4456698788411095,BAY_OF_BISCAY
758,2014-10-20,363.4544375,845.8433496843078,-530.1765108904132,47.78759870610537,74.87668444707577,15.826685972650928,71.3364580169234,12.83685601042568,False,-0.4456698788411095,BAY_OF_BISCAY
759,2014-10-28,342.2925,844.736356054475,-536.5760314883771,34.13217543390215,74.87668444707577,15.826685972650928,71.3364580169234,12.83685601042568,False,-0.4456698788411095,BAY_OF_BISCAY
760,2014-11-04,342.2925,843.5943310669002,-357.1326786317006,-144.16915243519952,74.87668444707577,15.826685972650928,71.3364580169234,12.83685601042568,False,-0.4456698788411095,BAY_OF_BISCAY
761,2014-11-12,354.5810625,842.3786826202102,-184.91126562917947,-302.8863544910307,74.87668444707577,15.826685972650928,71.3364580169234,12.83685601042568,False,-0.4456698788411095,BAY_OF_BISCAY
762,2014-11-20,736.1213124999999,841.070161014869,6.798858149580704,-111.74770666444977,74.87668444707577,15.826685972650928,71.3364580169234,12.83685601042568,False,-0.4456698788411095,BAY_OF_BISCAY
763,2014-11-28,1229.0265833333335,839.6587215943929,120.96429180954432,268.4035699293963,74.87668444707577,15.826685972650928,71.3364580169234,12.83685601042568,False,-0.4456698788411095,BAY_OF_BISCAY
764,2014-12-04,1229.0265833333335,838.1267423540797,43.85917310141858,347.0406678778352,74.87668444707577,15.826685972650928,71.3364580169234,12.83685601042568,False,-0.4456698788411095,BAY_OF_BISCAY
765,2014-12-12,1024.2451875,836.4426738393928,-87.10588858750711,274.90840224811427,74.87668444707577,15.826685972650928,71.3364580169234,12.83685601042568,False,-0.4456698788411095,BAY_OF_BISCAY
766,2014-12-20,1019.8469285714284,834.572315361433,-113.81285457271898,299.0874677827145,74.87668444707577,15.826685972650928,71.3364580169234,12.83685601042568,False,-0.4456698788411095,BAY_OF_BISCAY
767,2014-12-28,1019.8469285714284,832.4895463848842,-42.9833782223357,230.34076040888004,74.87668444707577,15.826685972650928,71.3364580169234,12.83685601042568,False,-0.4456698788411095,BAY_OF_BISCAY
768,2015-01-04,785.4349375,830.1806103698004,-2.544616886696486,-42.2010559831039,74.87668444707577,15.826685972650928,71.3364580169234,12.83685601042568,False,-0.4456698788411095,BAY_OF_BISCAY
769,2015-01-12,785.4349375,827.6428091633281,264.15127346300284,-306.35914512633093,74.87668444707577,15.826685972650928,71.3364580169234,12.83685601042568,False,-0.4456698788411095,BAY_OF_BISCAY
770,2015-01-20,913.0656875,824.870507213545,329.50452909679336,-241.3093488103384,74.87668444707577,15.826685972650928,71.3364580169234,12.83685601042568,False,-0.4456698788411095,BAY_OF_BISCAY
771,2015-01-28,1097.7414285714287,821.8583994255913,698.2830331482907,-422.4000040024532,74.87668444707577,15.826685972650928,71.3364580169234,12.83685601042568,False,-0.4456698788411095,BAY_OF_BISCAY
772,2015-02-04,1097.7414285714287,818.6128402344191,699.8984672336179,-420.76987889660825,74.87668444707577,15.826685972650928,71.3364580169234,12.83685601042568,False,-0.4456698788411095,BAY_OF_BISCAY
773,2015-02-12,1385.686875,815.1713507823789,1088.6456641510547,-518.1301399334337,74.87668444707577,15.826685972650928,71.3364580169234,12.83685601042568,False,-0.4456698788411095,BAY_OF_BISCAY
774,2015-02-20,1385.686875,811.5603741400731,921.4003554807462,-347.2738546208194,74.87668444707577,15.826685972650928,71.3364580169234,12.83685601042568,False,-0.4456698788411095,BAY_OF_BISCAY
775,2015-02-28,2784.15275,807.7928654491559,1621.8115416652768,354.54834288556754,74.87668444707577,15.826685972650928,71.3364580169234,12.83685601042568,False,-0.4456698788411095,BAY_OF_BISCAY
776,2015-03-04,2784.15275,803.881343587392,1478.6166827011164,501.65472371149167,74.87668444707577,15.826685972650928,71.3364580169234,12.83685601042568,False,-0.4456698788411095,BAY_OF_BISCAY
777,2015-03-12,1455.1133125,799.8477432201274,813.2617004214884,-157.99613114161593,74.87668444707577,15.826685972650928,71.3364580169234,12.83685601042568,False,-0.4456698788411095,BAY_OF_BISCAY
778,2015-03-20,1175.8163125,795.7144839098704,381.3874086495419,-1.2855800594122115,74.87668444707577,15.826685972650928,71.3364580169234,12.83685601042568,False,-0.4456698788411095,BAY_OF_BISCAY
779,2015-03-28,1175.8163125,791.517851525355,328.8838769460762,55.41458402856887,74.87668444707577,15.826685972650928,71.3364580169234,12.83685601042568,False,-0.4456698788411095,BAY_OF_BISCAY
780,2015-04-04,1124.0702857142858,787.290046498892,297.0526358896336,39.727603325760185,74.87668444707577,15.826685972650928,71.3364580169234,12.83685601042568,False,-0.4456698788411095,BAY_OF_BISCAY
781,2015-04-12,1061.3283541666667,783.0597667354933,204.65191752350387,73.61666990766952,74.87668444707577,15.826685972650928,71.3364580169234,12.83685601042568,False,-0.4456698788411095,BAY_OF_BISCAY
782,2015-04-20,1061.3283541666667,778.8510313736549,187.3618227955513,95.11549999746052,74.87668444707577,15.826685972650928,71.3364580169234,12.83685601042568,False,-0.4456698788411095,BAY_OF_BISCAY
783,2015-04-28,1487.27925,774.6825007979506,367.6732677403224,344.92348146172696,74.87668444707577,15.826685972650928,71.3364580169234,12.83685601042568,False,-0.4456698788411095,BAY_OF_BISCAY
784,2015-05-04,1487.27925,770.5784446120367,358.37542795230854,358.3253774356548,74.87668444707577,15.826685972650928,71.3364580169234,12.83685601042568,False,-0.4456698788411095,BAY_OF_BISCAY
785,2015-05-12,939.0753541666668,766.5638025144578,-0.1878377197749081,172.69938937198373,74.87668444707577,15.826685972650928,71.3364580169234,12.83685601042568,False,-0.4456698788411095,BAY_OF_BISCAY
786,2015-05-20,736.6876041666667,762.6640082117758,-49.5761002560025,23.599696210893377,74.87668444707577,15.826685972650928,71.3364580169234,12.83685601042568,False,-0.4456698788411095,BAY_OF_BISCAY
787,2015-05-28,562.4380714285714,758.8971256013216,-130.49455550499698,-65.96449866775316,74.87668444707577,15.826685972650928,71.3364580169234,12.83685601042568,False,-0.4456698788411095,BAY_OF_BISCAY
788,2015-06-04,562.4380714285714,755.2739228249762,-104.33799355874196,-88.49785783766282,74.87668444707577,15.826685972650928,71.3364580169234,12.83685601042568,False,-0.4456698788411095,BAY_OF_BISCAY
789,2015-06-12,529.8107083333333,751.799675074027,-148.01061362661656,-73.97835311407718,74.87668444707577,15.826685972650928,71.3364580169234,12.83685601042568,False,-0.4456698788411095,BAY_OF_BISCAY
790,2015-06-20,529.8107083333333,748.4782861922359,-162.38329743342712,-56.28428042547552,74.87668444707577,15.826685972650928,71.3364580169234,12.83685601042568,False,-0.4456698788411095,BAY_OF_BISCAY
791,2015-06-28,307.0903333333334,745.315875875953,-362.5946194715029,-75.63092307111674,74.87668444707577,15.826685972650928,71.3364580169234,12.83685601042568,False,-0.4456698788411095,BAY_OF_BISCAY
792,2015-07-04,246.2956875,742.3267391762482,-421.3170826481823,-74.71396902806595,74.87668444707577,15.826685972650928,71.3364580169234,12.83685601042568,False,-0.4456698788411095,BAY_OF_BISCAY
793,2015-07-12,196.36065,739.5376165561272,-485.5294825512634,-57.64748400486377,74.87668444707577,15.826685972650928,71.3364580169234,12.83685601042568,False,-0.4456698788411095,BAY_OF_BISCAY
794,2015-07-20,179.6209625,736.9842344785302,-524.1424302827231,-33.22084169580705,74.87668444707577,15.826685972650928,71.3364580169234,12.83685601042568,False,-0.4456698788411095,BAY_OF_BISCAY
795,2015-07-28,196.36065,734.7068137308943,-521.100250603787,-17.245913127107315,74.87668444707577,15.826685972650928,71.3364580169234,12.83685601042568,False,-0.4456698788411095,BAY_OF_BISCAY
796,2015-08-04,240.3943875,732.748238569783,-487.26125516002406,-5.092595909758927,74.87668444707577,15.826685972650928,71.3364580169234,12.83685601042568,False,-0.4456698788411095,BAY_OF_BISCAY
797,2015-08-12,240.3943875,731.1527158282836,-484.0439842114099,-6.71434411687369,74.87668444707577,15.826685972650928,71.3364580169234,12.83685601042568,False,-0.4456698788411095,BAY_OF_BISCAY
798,2015-08-20,230.56192857142855,729.9647157322001,-503.03105696281466,3.628269802043064,74.87668444707577,15.826685972650928,71.3364580169234,12.83685601042568,False,-0.4456698788411095,BAY_OF_BISCAY
799,2015-08-28,230.56192857142855,729.2262578532768,-502.3211495252392,3.656820243390939,74.87668444707577,15.826685972650928,71.3364580169234,12.83685601042568,False,-0.4456698788411095,BAY_OF_BISCAY
800,2015-09-04,290.88533333333334,728.9751930459086,-467.40860194889177,29.318742236316552,74.87668444707577,15.826685972650928,71.3364580169234,12.83685601042568,False,-0.4456698788411095,BAY_OF_BISCAY
801,2015-09-12,309.13380416666666,729.244986566843,-441.0023959115619,20.89121351138561,74.87668444707577,15.826685972650928,71.3364580169234,12.83685601042568,False,-0.4456698788411095,BAY_OF_BISCAY
802,2015-09-20,389.9476111111112,730.0628717181429,-399.3073145941774,59.19205398714564,74.87668444707577,15.826685972650928,71.3364580169234,12.83685601042568,False,-0.4456698788411095,BAY_OF_BISCAY
803,2015-09-28,389.9476111111112,731.4499252098594,-401.8375549005488,60.33524080180047,74.87668444707577,15.826685972650928,71.3364580169234,12.83685601042568,False,-0.4456698788411095,BAY_OF_BISCAY
804,2015-10-04,340.6338625,733.4205228053531,-423.8406717741477,31.05401146879456,74.87668444707577,15.826685972650928,71.3364580169234,12.83685601042568,False,-0.4456698788411095,BAY_OF_BISCAY
805,2015-10-12,336.64554166666665,735.9812895923772,-404.8620867273039,5.526338801593397,74.87668444707577,15.826685972650928,71.3364580169234,12.83685601042568,False,-0.4456698788411095,BAY_OF_BISCAY
806,2015-10-20,308.0364333333333,739.1299553917538,-413.7077426402782,-17.385779418142306,74.87668444707577,15.826685972650928,71.3364580169234,12.83685601042568,False,-0.4456698788411095,BAY_OF_BISCAY
807,2015-10-28,308.0364333333333,742.8552787351182,-415.1505423268259,-19.668303074958946,74.87668444707577,15.826685972650928,71.3364580169234,12.83685601042568,False,-0.4456698788411095,BAY_OF_BISCAY
808,2015-11-04,302.3541476190476,747.1367168752168,-412.9979401755693,-31.784629080599984,74.87668444707577,15.826685972650928,71.3364580169234,12.83685601042568,False,-0.4456698788411095,BAY_OF_BISCAY
809,2015-11-12,305.71979166666665,751.9442930903291,-381.7299820358495,-64.49451938781294,74.87668444707577,15.826685972650928,71.3364580169234,12.83685601042568,False,-0.4456698788411095,BAY_OF_BISCAY
810,2015-11-20,305.71979166666665,757.2386639060012,-269.9573736363328,-181.56149860300175,74.87668444707577,15.826685972650928,71.3364580169234,12.83685601042568,False,-0.4456698788411095,BAY_OF_BISCAY
811,2015-11-28,418.6817916666666,762.9786016767245,-87.62003131157886,-256.676778698479,74.87668444707577,15.826685972650928,71.3364580169234,12.83685601042568,False,-0.4456698788411095,BAY_OF_BISCAY
812,2015-12-04,418.6817916666666,769.1325945312013,-90.03931084467527,-260.41149201985945,74.87668444707577,15.826685972650928,71.3364580169234,12.83685601042568,False,-0.4456698788411095,BAY_OF_BISCAY
813,2015-12-12,409.9556666666667,775.6761450130366,-148.61823816026788,-217.10224018610205,74.87668444707577,15.826685972650928,71.3364580169234,12.83685601042568,False,-0.4456698788411095,BAY_OF_BISCAY
814,2015-12-20,306.05925,782.580408212196,-218.49869957112887,-258.02245864106703,74.87668444707577,15.826685972650928,71.3364580169234,12.83685601042568,False,-0.4456698788411095,BAY_OF_BISCAY
815,2015-12-28,306.05925,789.8044160923953,-206.6489930361218,-277.09617305627347,74.87668444707577,15.826685972650928,71.3364580169234,12.83685601042568,False,-0.4456698788411095,BAY_OF_BISCAY
816,2016-01-04,695.257375,797.2934949951226,-70.74765873698144,-31.288461258141155,74.87668444707577,15.826685972650928,71.3364580169234,12.83685601042568,False,-0.4456698788411095,BAY_OF_BISCAY
817,2016-01-12,1587.0617916666663,804.9899689934825,379.8420211049405,402.2298015682435,74.87668444707577,15.826685972650928,71.3364580169234,12.83685601042568,False,-0.4456698788411095,BAY_OF_BISCAY
818,2016-01-20,1587.0617916666663,812.8322479712288,457.7775976271005,316.4519460683373,74.87668444707577,15.826685972650928,71.3364580169234,12.83685601042568,False,-0.4456698788411095,BAY_OF_BISCAY
819,2016-01-28,1194.9000416666668,820.7520789371854,337.5490151232891,36.59894760619227,74.87668444707577,15.826685972650928,71.3364580169234,12.83685601042568,False,-0.4456698788411095,BAY_OF_BISCAY
820,2016-02-04,1194.9000416666668,828.6743996090989,402.1636871081004,-35.93804505053254,74.87668444707577,15.826685972650928,71.3364580169234,12.83685601042568,False,-0.4456698788411095,BAY_OF_BISCAY
821,2016-02-12,2177.443333333333,836.5009473774738,964.8915151835585,376.05087077230087,74.87668444707577,15.826685972650928,71.3364580169234,12.83685601042568,False,-0.4456698788411095,BAY_OF_BISCAY
822,2016-02-20,2177.443333333333,844.1324134334345,925.0952293902126,408.21569050968606,74.87668444707577,15.826685972650928,71.3364580169234,12.83685601042568,False,-0.4456698788411095,BAY_OF_BISCAY
823,2016-02-28,2177.443333333333,851.47411794723,1273.8847238780163,52.08449150808701,74.87668444707577,15.826685972650928,71.3364580169234,12.83685601042568,False,-0.4456698788411095,BAY_OF_BISCAY
824,2016-03-04,2024.3276666666663,858.4473544409266,1372.31916638485,-206.43885415910995,74.87668444707577,15.826685972650928,71.3364580169234,12.83685601042568,False,-0.4456698788411095,BAY_OF_BISCAY
825,2016-03-12,2024.3276666666663,864.9764193256677,1038.9339789693342,120.41726837166448,74.87668444707577,15.826685972650928,71.3364580169234,12.83685601042568,False,-0.4456698788411095,BAY_OF_BISCAY
826,2016-03-20,1284.5645416666666,870.9656937028348,471.3147474146177,-57.715899450785855,74.87668444707577,15.826685972650928,71.3364580169234,12.83685601042568,False,-0.4456698788411095,BAY_OF_BISCAY
827,2016-03-28,1226.7550833333337,876.2971708283418,402.74298234407865,-52.28506983908699,74.87668444707577,15.826685972650928,71.3364580169234,12.83685601042568,False,-0.4456698788411095,BAY_OF_BISCAY
828,2016-04-04,1198.6024166666666,880.862769266494,374.6952109531097,-56.955563552937065,74.87668444707577,15.826685972650928,71.3364580169234,12.83685601042568,False,-0.4456698788411095,BAY_OF_BISCAY
829,2016-04-12,1226.7550833333337,884.564403273293,292.0304855473632,50.16019451267727,74.87668444707577,15.826685972650928,71.3364580169234,12.83685601042568,False,-0.4456698788411095,BAY_OF_BISCAY
830,2016-04-20,1198.6024166666666,887.3190620429934,244.35241595571648,66.9309386679567,74.87668444707577,15.826685972650928,71.3364580169234,12.83685601042568,False,-0.4456698788411095,BAY_OF_BISCAY
831,2016-04-28,1059.6789444444446,889.0598218645097,280.35321235781663,-109.7340897778817,74.87668444707577,15.826685972650928,71.3364580169234,12.83685601042568,False,-0.4456698788411095,BAY_OF_BISCAY
832,2016-05-04,1005.9408333333332,889.7337656668901,277.6567761345899,-161.4497084681467,74.87668444707577,15.826685972650928,71.3364580169234,12.83685601042568,False,-0.4456698788411095,BAY_OF_BISCAY
833,2016-05-12,827.7157916666666,889.3003302487028,59.72792458670615,-121.31246316874234,74.87668444707577,15.826685972650928,71.3364580169234,12.83685601042568,False,-0.4456698788411095,BAY_OF_BISCAY
834,2016-05-20,994.1657142857142,887.719959535245,91.14866469153128,15.297090058937911,74.87668444707577,15.826685972650928,71.3364580169234,12.83685601042568,False,-0.4456698788411095,BAY_OF_BISCAY
835,2016-05-28,994.1657142857142,884.9524331303431,71.53238955197284,37.68089160339824,74.87668444707577,15.826685972650928,71.3364580169234,12.83685601042568,False,-0.4456698788411095,BAY_OF_BISCAY
836,2016-06-04,1063.283458333333,880.9600996264575,81.06306509530476,101.2602936115711,74.87668444707577,15.826685972650928,71.3364580169234,12.83685601042568,False,-0.4456698788411095,BAY_OF_BISCAY
837,2016-06-12,1063.283458333333,875.7186258593438,37.22406426250596,150.34076821148358,74.87668444707577,15.826685972650928,71.3364580169234,12.83685601042568,False,-0.4456698788411095,BAY_OF_BISCAY
838,2016-06-20,1027.3215416666667,869.2218850534127,-17.734660296109002,175.83431690936297,74.87668444707577,15.826685972650928,71.3364580169234,12.83685601042568,False,-0.4456698788411095,BAY_OF_BISCAY
839,2016-06-28,714.1457222222222,861.4783697063941,-231.20543116139876,83.87278367722678,74.87668444707577,15.826685972650928,71.3364580169234,12.83685601042568,False,-0.4456698788411095,BAY_OF_BISCAY
840,2016-07-04,495.408625,852.5049042360156,-359.78731516722485,2.691035931209228,74.87668444707577,15.826685972650928,71.3364580169234,12.83685601042568,False,-0.4456698788411095,BAY_OF_BISCAY
841,2016-07-12,393.82375,842.3247330924688,-430.0215477636612,-18.4794353288076,74.87668444707577,15.826685972650928,71.3364580169234,12.83685601042568,False,-0.4456698788411095,BAY_OF_BISCAY
842,2016-07-20,313.9252,830.969749503331,-496.0235809353181,-21.020968568012847,74.87668444707577,15.826685972650928,71.3364580169234,12.83685601042568,False,-0.4456698788411095,BAY_OF_BISCAY
843,2016-07-28,262.02471904761904,818.4824510449323,-529.3769926135444,-27.080739383768787,74.87668444707577,15.826685972650928,71.3364580169234,12.83685601042568,False,-0.4456698788411095,BAY_OF_BISCAY
844,2016-08-04,225.3880375,804.9165282343431,-549.9031020107694,-29.62538872357368,74.87668444707577,15.826685972650928,71.3364580169234,12.83685601042568,False,-0.4456698788411095,BAY_OF_BISCAY
845,2016-08-12,200.22856875,790.3370210682299,-563.6959336530441,-26.41251866518576,74.87668444707577,15.826685972650928,71.3364580169234,12.83685601042568,False,-0.4456698788411095,BAY_OF_BISCAY
846,2016-08-20,174.90294285714285,774.8208250887105,-578.2795953915441,-21.63828684002351,74.87668444707577,15.826685972650928,71.3364580169234,12.83685601042568,False,-0.4456698788411095,BAY_OF_BISCAY
847,2016-08-28,190.81448125,758.4572599138176,-560.3128170429334,-7.329961620884205,74.87668444707577,15.826685972650928,71.3364580169234,12.83685601042568,False,-0.4456698788411095,BAY_OF_BISCAY
848,2016-09-04,190.81448125,741.3485861098977,-523.8942338252018,-26.639871034695943,74.87668444707577,15.826685972650928,71.3364580169234,12.83685601042568,False,-0.4456698788411095,BAY_OF_BISCAY
849,2016-09-12,246.0333625,723.6088037167907,-483.739092192794,6.163650976003282,74.87668444707577,15.826685972650928,71.3364580169234,12.83685601042568,False,-0.4456698788411095,BAY_OF_BISCAY
850,2016-09-20,246.0333625,705.3635235530735,-454.6190401712311,-4.711120881842362,74.87668444707577,15.826685972650928,71.3364580169234,12.83685601042568,False,-0.4456698788411095,BAY_OF_BISCAY
851,2016-09-28,237.75015833333336,686.7466066348387,-453.445071301338,4.448622999832708,74.87668444707577,15.826685972650928,71.3364580169234,12.83685601042568,False,-0.4456698788411095,BAY_OF_BISCAY
852,2016-10-04,237.75015833333336,667.898410782491,-468.67631281563496,38.52806036647729,74.87668444707577,15.826685972650928,71.3364580169234,12.83685601042568,False,-0.4456698788411095,BAY_OF_BISCAY
853,2016-10-12,272.719325,648.9622628020145,-453.3888944582831,77.14595665626865,74.87668444707577,15.826685972650928,71.3364580169234,12.83685601042568,False,-0.4456698788411095,BAY_OF_BISCAY
854,2016-10-20,285.43035000000003,630.0827652775081,-450.3921243469192,105.7397090694111,74.87668444707577,15.826685972650928,71.3364580169234,12.83685601042568,False,-0.4456698788411095,BAY_OF_BISCAY
855,2016-10-28,285.43035000000003,611.403475803602,-444.4512779605848,118.47815215698284,74.87668444707577,15.826685972650928,71.3364580169234,12.83685601042568,False,-0.4456698788411095,BAY_OF_BISCAY
856,2016-11-04,285.43035000000003,593.0655537557866,-432.3198298248166,124.68462606903006,74.87668444707577,15.826685972650928,71.3364580169234,12.83685601042568,False,-0.4456698788411095,BAY_OF_BISCAY
857,2016-11-12,379.0928125,575.204900004929,-344.1002696042022,147.98818209927322,74.87668444707577,15.826685972650928,71.3364580169234,12.83685601042568,False,-0.4456698788411095,BAY_OF_BISCAY
858,2016-11-20,443.22046875,557.9471412054547,-311.392073473119,196.6654010176643,74.87668444707577,15.826685972650928,71.3364580169234,12.83685601042568,False,-0.4456698788411095,BAY_OF_BISCAY
859,2016-11-28,459.995175,541.4060690747302,-275.11946547451515,193.70857139978492,74.87668444707577,15.826685972650928,71.3364580169234,12.83685601042568,False,-0.4456698788411095,BAY_OF_BISCAY
860,2016-12-04,459.995175,525.6827205563268,-254.4808863128975,188.79334075657076,74.87668444707577,15.826685972650928,71.3364580169234,12.83685601042568,False,-0.4456698788411095,BAY_OF_BISCAY
861,2016-12-12,458.35615625,510.8682234132251,-142.57456087682016,90.06249371359507,74.87668444707577,15.826685972650928,71.3364580169234,12.83685601042568,False,-0.4456698788411095,BAY_OF_BISCAY
862,2016-12-20,401.2995,497.04022274869845,-197.15757452363508,101.41685177493665,74.87668444707577,15.826685972650928,71.3364580169234,12.83685601042568,False,-0.4456698788411095,BAY_OF_BISCAY
863,2016-12-28,458.35615625,484.268644589502,-123.65583503974196,97.74334670024004,74.87668444707577,15.826685972650928,71.3364580169234,12.83685601042568,False,-0.4456698788411095,BAY_OF_BISCAY
864,2017-01-04,465.9793125,472.6156508311236,381.22520775952086,-387.8615460906445,74.87668444707577,15.826685972650928,71.3364580169234,12.83685601042568,False,-0.4456698788411095,BAY_OF_BISCAY
865,2017-01-12,491.4113375,462.1121234043471,637.2590581758895,-607.9598440802366,74.87668444707577,15.826685972650928,71.3364580169234,12.83685601042568,False,-0.4456698788411095,BAY_OF_BISCAY
866,2017-01-20,682.344875,452.7743602775192,756.7016599537467,-527.1311452312659,74.87668444707577,15.826685972650928,71.3364580169234,12.83685601042568,False,-0.4456698788411095,BAY_OF_BISCAY
867,2017-01-28,806.7514571428571,444.6089116981785,719.0230345104387,-356.88048906576006,74.87668444707577,15.826685972650928,71.3364580169234,12.83685601042568,False,-0.4456698788411095,BAY_OF_BISCAY
868,2017-02-04,1068.8663125,437.6084558971995,597.6960742299082,33.56178237289237,74.87668444707577,15.826685972650928,71.3364580169234,12.83685601042568,False,-0.4456698788411095,BAY_OF_BISCAY
869,2017-02-12,1068.8663125,431.77774101853805,842.1018958519278,-205.01332437046585,74.87668444707577,15.826685972650928,71.3364580169234,12.83685601042568,False,-0.4456698788411095,BAY_OF_BISCAY
870,2017-02-20,911.94445,427.1404035846802,699.0836289839616,-214.27958256864184,74.87668444707577,15.826685972650928,71.3364580169234,12.83685601042568,False,-0.4456698788411095,BAY_OF_BISCAY
871,2017-02-28,911.94445,423.74028951957234,705.8127055234543,-217.60854504302665,74.87668444707577,15.826685972650928,71.3364580169234,12.83685601042568,False,-0.4456698788411095,BAY_OF_BISCAY
872,2017-03-04,1615.9518125,421.6177666052241,1007.5843715643524,186.7496743304237,74.87668444707577,15.826685972650928,71.3364580169234,12.83685601042568,False,-0.4456698788411095,BAY_OF_BISCAY
873,2017-03-12,1615.9518125,420.8078520182045,960.6682691680546,234.47569131374075,74.87668444707577,15.826685972650928,71.3364580169234,12.83685601042568,False,-0.4456698788411095,BAY_OF_BISCAY
874,2017-03-20,1108.6297142857145,421.350185137508,521.2275515779515,166.05197757025485,74.87668444707577,15.826685972650928,71.3364580169234,12.83685601042568,False,-0.4456698788411095,BAY_OF_BISCAY
875,2017-03-28,953.7859375,423.2908558042448,432.4449037623903,98.05017793336503,74.87668444707577,15.826685972650928,71.3364580169234,12.83685601042568,False,-0.4456698788411095,BAY_OF_BISCAY
876,2017-04-04,953.7859375,426.6639739850048,468.0397096987077,59.08225381628756,74.87668444707577,15.826685972650928,71.3364580169234,12.83685601042568,False,-0.4456698788411095,BAY_OF_BISCAY
877,2017-04-12,633.594,431.4935090250608,270.67178150629115,-68.57129053135185,74.87668444707577,15.826685972650928,71.3364580169234,12.83685601042568,False,-0.4456698788411095,BAY_OF_BISCAY
878,2017-04-20,503.108,437.7935565225148,116.9441553809917,-51.62971190350649,74.87668444707577,15.826685972650928,71.3364580169234,12.83685601042568,False,-0.4456698788411095,BAY_OF_BISCAY
879,2017-04-28,503.108,445.5732974823707,59.04022390941266,-1.5055213917833754,74.87668444707577,15.826685972650928,71.3364580169234,12.83685601042568,False,-0.4456698788411095,BAY_OF_BISCAY
880,2017-05-04,603.974,454.832194034426,94.23509709543612,54.90670887013795,74.87668444707577,15.826685972650928,71.3364580169234,12.83685601042568,False,-0.4456698788411095,BAY_OF_BISCAY
881,2017-05-12,643.2708125,465.5572000333232,104.29567278587042,73.41793968080644,74.87668444707577,15.826685972650928,71.3364580169234,12.83685601042568,False,-0.4456698788411095,BAY_OF_BISCAY
882,2017-05-20,643.2708125,477.7260772156795,144.02502632879433,21.519708955526227,74.87668444707577,15.826685972650928,71.3364580169234,12.83685601042568,False,-0.4456698788411095,BAY_OF_BISCAY
883,2017-05-28,733.7924375,491.3110981653282,188.03293897147265,54.4484003631992,74.87668444707577,15.826685972650928,71.3364580169234,12.83685601042568,False,-0.4456698788411095,BAY_OF_BISCAY
884,2017-06-04,622.4844285714286,506.2803262024502,227.09432474154835,-110.89022237257,74.87668444707577,15.826685972650928,71.3364580169234,12.83685601042568,False,-0.4456698788411095,BAY_OF_BISCAY
885,2017-06-12,475.7653875,522.58674874105,150.69567485828108,-197.51703609933105,74.87668444707577,15.826685972650928,71.3364580169234,12.83685601042568,False,-0.4456698788411095,BAY_OF_BISCAY
886,2017-06-20,330.611425,540.1676143443414,-87.52522633649691,-122.03096300784443,74.87668444707577,15.826685972650928,71.3364580169234,12.83685601042568,False,-0.4456698788411095,BAY_OF_BISCAY
887,2017-06-28,330.611425,558.9530343092775,-254.4533406418739,26.11173133259635,74.87668444707577,15.826685972650928,71.3364580169234,12.83685601042568,False,-0.4456698788411095,BAY_OF_BISCAY
888,2017-07-04,336.1565625,578.8671390939012,-337.08570624574764,94.37512965184646,74.87668444707577,15.826685972650928,71.3364580169234,12.83685601042568,False,-0.4456698788411095,BAY_OF_BISCAY
889,2017-07-12,336.1565625,599.8250770596846,-371.0607571221968,107.39224256251214,74.87668444707577,15.826685972650928,71.3364580169234,12.83685601042568,False,-0.4456698788411095,BAY_OF_BISCAY
890,2017-07-20,269.16756875,621.7339700757968,-458.5297179710221,105.96331664522523,74.87668444707577,15.826685972650928,71.3364580169234,12.83685601042568,False,-0.4456698788411095,BAY_OF_BISCAY
891,2017-07-28,247.51835,644.496719770849,-511.2827240969187,114.30435432606964,74.87668444707577,15.826685972650928,71.3364580169234,12.83685601042568,False,-0.4456698788411095,BAY_OF_BISCAY
892,2017-08-04,214.1316625,668.0135165345946,-568.3613177104172,114.4794636758226,74.87668444707577,15.826685972650928,71.3364580169234,12.83685601042568,False,-0.4456698788411095,BAY_OF_BISCAY
893,2017-08-12,206.8799375,692.1829298456638,-584.4025682599986,99.09957591433476,74.87668444707577,15.826685972650928,71.3364580169234,12.83685601042568,False,-0.4456698788411095,BAY_OF_BISCAY
894,2017-08-20,188.2663,716.901732800549,-596.3319082371479,67.69647543659892,74.87668444707577,15.826685972650928,71.3364580169234,12.83685601042568,False,-0.4456698788411095,BAY_OF_BISCAY
895,2017-08-28,188.2663,742.0645752703482,-588.1306288509638,34.33235358061563,74.87668444707577,15.826685972650928,71.3364580169234,12.83685601042568,False,-0.4456698788411095,BAY_OF_BISCAY
896,2017-09-04,227.1423875,767.5641896407532,-558.7867504903645,18.36494834961138,74.87668444707577,15.826685972650928,71.3364580169234,12.83685601042568,False,-0.4456698788411095,BAY_OF_BISCAY
897,2017-09-12,232.45148125,793.2921745660697,-533.9376708336022,-26.903022482467463,74.87668444707577,15.826685972650928,71.3364580169234,12.83685601042568,False,-0.4456698788411095,BAY_OF_BISCAY
898,2017-09-20,258.312,819.1394860698648,-528.3490937012541,-32.478392368610685,74.87668444707577,15.826685972650928,71.3364580169234,12.83685601042568,False,-0.4456698788411095,BAY_OF_BISCAY
899,2017-09-28,273.9337,844.9998168111767,-521.165423387289,-49.90069342388768,74.87668444707577,15.826685972650928,71.3364580169234,12.83685601042568,False,-0.4456698788411095,BAY_OF_BISCAY
900,2017-10-04,258.312,870.7694849082037,-527.6134907149401,-84.8439941932636,74.87668444707577,15.826685972650928,71.3364580169234,12.83685601042568,False,-0.4456698788411095,BAY_OF_BISCAY
901,2017-10-12,247.36625,896.3489590661425,-498.2602150014994,-150.722494064643,74.87668444707577,15.826685972650928,71.3364580169234,12.83685601042568,False,-0.4456698788411095,BAY_OF_BISCAY
902,2017-10-20,247.36625,921.6420565971112,-494.43179101985527,-179.84401557725585,74.87668444707577,15.826685972650928,71.3364580169234,12.83685601042568,False,-0.4456698788411095,BAY_OF_BISCAY
903,2017-10-28,247.9680642857143,946.5583699184474,-462.2427848355511,-236.34752079718203,74.87668444707577,15.826685972650928,71.3364580169234,12.83685601042568,False,-0.4456698788411095,BAY_OF_BISCAY
904,2017-11-04,277.2038875,971.0134091893432,-438.1437995178416,-255.66572217150167,74.87668444707577,15.826685972650928,71.3364580169234,12.83685601042568,False,-0.4456698788411095,BAY_OF_BISCAY
905,2017-11-12,426.1704625,994.933586722037,-340.2052781775916,-228.55784604444543,74.87668444707577,15.826685972650928,71.3364580169234,12.83685601042568,False,-0.4456698788411095,BAY_OF_BISCAY
906,2017-11-20,426.1704625,1018.254197274008,-325.58821511108863,-266.49551966291926,74.87668444707577,15.826685972650928,71.3364580169234,12.83685601042568,False,-0.4456698788411095,BAY_OF_BISCAY
907,2017-11-28,426.1704625,1040.918461915951,-321.5232203749543,-293.2247790409967,74.87668444707577,15.826685972650928,71.3364580169234,12.83685601042568,False,-0.4456698788411095,BAY_OF_BISCAY
908,2017-12-04,515.27425625,1062.8716681670269,-254.4871806803305,-293.1102312366961,74.87668444707577,15.826685972650928,71.3364580169234,12.83685601042568,False,-0.4456698788411095,BAY_OF_BISCAY
909,2017-12-12,982.7268875,1084.0551326684397,-5.05063366553559,-96.27761150290412,74.87668444707577,15.826685972650928,71.3364580169234,12.83685601042568,False,-0.4456698788411095,BAY_OF_BISCAY
910,2017-12-20,982.7268875,1104.4191191777618,22.623388103406203,-144.315619781168,74.87668444707577,15.826685972650928,71.3364580169234,12.83685601042568,False,-0.4456698788411095,BAY_OF_BISCAY
911,2017-12-28,1158.8243125,1123.9092256083864,124.85779499313006,-89.9427081015165,74.87668444707577,15.826685972650928,71.3364580169234,12.83685601042568,False,-0.4456698788411095,BAY_OF_BISCAY
912,2018-01-04,2775.5014375,1142.463945213537,849.6002287784528,783.4372635080102,74.87668444707577,15.826685972650928,71.3364580169234,12.83685601042568,False,-0.4456698788411095,BAY_OF_BISCAY
913,2018-01-12,2863.324,1160.0024529282748,898.9465372249364,804.3750098467889,74.87668444707577,15.826685972650928,71.3364580169234,12.83685601042568,False,-0.4456698788411095,BAY_OF_BISCAY
914,2018-01-20,2967.32,1176.419332971224,1007.5826434803056,783.3180235484701,74.87668444707577,15.826685972650928,71.3364580169234,12.83685601042568,False,-0.4456698788411095,BAY_OF_BISCAY
915,2018-01-28,2967.32,1191.6025053680494,1166.3675118987803,609.3499827331698,74.87668444707577,15.826685972650928,71.3364580169234,12.83685601042568,False,-0.4456698788411095,BAY_OF_BISCAY
916,2018-02-04,1963.6553125,1205.4410880701778,762.5489153323588,-4.334690902536522,74.87668444707577,15.826685972650928,71.3364580169234,12.83685601042568,False,-0.4456698788411095,BAY_OF_BISCAY
917,2018-02-12,1963.6553125,1217.8195770504285,759.8687544385175,-14.033018988945742,74.87668444707577,15.826685972650928,71.3364580169234,12.83685601042568,False,-0.4456698788411095,BAY_OF_BISCAY
918,2018-02-20,1710.9166875,1228.6210901773638,517.2510019844876,-34.95540466185139,74.87668444707577,15.826685972650928,71.3364580169234,12.83685601042568,False,-0.4456698788411095,BAY_OF_BISCAY
919,2018-02-28,1743.652875,1237.7181826328044,484.1479208799525,21.786771487243072,74.87668444707577,15.826685972650928,71.3364580169234,12.83685601042568,False,-0.4456698788411095,BAY_OF_BISCAY
920,2018-03-04,1701.61925,1244.9896851144945,635.3073971881785,-178.67783230267298,74.87668444707577,15.826685972650928,71.3364580169234,12.83685601042568,False,-0.4456698788411095,BAY_OF_BISCAY
921,2018-03-12,1519.07475,1250.327012835204,545.0249468399053,-276.27720967510925,74.87668444707577,15.826685972650928,71.3364580169234,12.83685601042568,False,-0.4456698788411095,BAY_OF_BISCAY
922,2018-03-20,1519.07475,1253.63935020925,414.4470048753625,-149.0116050846126,74.87668444707577,15.826685972650928,71.3364580169234,12.83685601042568,False,-0.4456698788411095,BAY_OF_BISCAY
923,2018-03-28,1533.8953125,1254.84165378687,354.5906842140016,-75.5370255008715,74.87668444707577,15.826685972650928,71.3364580169234,12.83685601042568,False,-0.4456698788411095,BAY_OF_BISCAY
924,2018-04-04,1707.3707857142856,1253.8545765302738,433.4180839376168,20.098125246395,74.87668444707577,15.826685972650928,71.3364580169234,12.83685601042568,False,-0.4456698788411095,BAY_OF_BISCAY
925,2018-04-12,1533.8953125,1250.608879151069,262.37714602271814,20.909287326212905,74.87668444707577,15.826685972650928,71.3364580169234,12.83685601042568,False,-0.4456698788411095,BAY_OF_BISCAY
926,2018-04-20,1212.4415625,1245.0464793590788,63.99377576167824,-96.59869262075716,74.87668444707577,15.826685972650928,71.3364580169234,12.83685601042568,False,-0.4456698788411095,BAY_OF_BISCAY
927,2018-04-28,1125.2655,1237.1198755627022,10.90871740525392,-122.76309296795614,74.87668444707577,15.826685972650928,71.3364580169234,12.83685601042568,False,-0.4456698788411095,BAY_OF_BISCAY
928,2018-05-04,1125.2655,1226.799038630831,26.074537609174968,-127.60807624000608,74.87668444707577,15.826685972650928,71.3364580169234,12.83685601042568,False,-0.4456698788411095,BAY_OF_BISCAY
929,2018-05-12,1273.2516875,1214.0735319643356,98.63297531804936,-39.4548197823851,74.87668444707577,15.826685972650928,71.3364580169234,12.83685601042568,False,-0.4456698788411095,BAY_OF_BISCAY
930,2018-05-20,1273.2516875,1198.9536922739098,93.22438833797814,-18.92639311188809,74.87668444707577,15.826685972650928,71.3364580169234,12.83685601042568,False,-0.4456698788411095,BAY_OF_BISCAY
931,2018-05-28,1273.2516875,1181.4685461574306,106.97177442130788,-15.188633078738633,74.87668444707577,15.826685972650928,71.3364580169234,12.83685601042568,False,-0.4456698788411095,BAY_OF_BISCAY
932,2018-06-04,1588.0559375,1161.664595729411,226.19965975899044,200.1916820115985,74.87668444707577,15.826685972650928,71.3364580169234,12.83685601042568,False,-0.4456698788411095,BAY_OF_BISCAY
933,2018-06-12,1588.0559375,1139.610200831094,145.0811967571828,303.3645399117232,74.87668444707577,15.826685972650928,71.3364580169234,12.83685601042568,False,-0.4456698788411095,BAY_OF_BISCAY
934,2018-06-20,982.2126875,1115.393401046517,-229.00111284889744,95.82039930238042,74.87668444707577,15.826685972650928,71.3364580169234,12.83685601042568,False,-0.4456698788411095,BAY_OF_BISCAY
935,2018-06-28,652.5086666666667,1089.122509709804,-441.4235050290039,4.809661985866569,74.87668444707577,15.826685972650928,71.3364580169234,12.83685601042568,False,-0.4456698788411095,BAY_OF_BISCAY
936,2018-07-04,564.15625,1060.9300616193889,-501.0487670621434,4.27495544275456,74.87668444707577,15.826685972650928,71.3364580169234,12.83685601042568,False,-0.4456698788411095,BAY_OF_BISCAY
937,2018-07-12,564.15625,1030.9729297217818,-503.19125517276393,36.37457545098209,74.87668444707577,15.826685972650928,71.3364580169234,12.83685601042568,False,-0.4456698788411095,BAY_OF_BISCAY
938,2018-07-20,452.6064375,999.428942730998,-563.8729950216918,17.050489790693746,74.87668444707577,15.826685972650928,71.3364580169234,12.83685601042568,False,-0.4456698788411095,BAY_OF_BISCAY
939,2018-07-28,368.1961571428571,966.4931209534652,-604.5308615809984,6.233897770390286,74.87668444707577,15.826685972650928,71.3364580169234,12.83685601042568,False,-0.4456698788411095,BAY_OF_BISCAY
940,2018-08-04,270.38779375,932.3756384865294,-650.5325373288587,-11.455307407670716,74.87668444707577,15.826685972650928,71.3364580169234,12.83685601042568,False,-0.4456698788411095,BAY_OF_BISCAY
941,2018-08-12,250.27366875,897.2993591471359,-657.5968656516075,10.571175254471656,74.87668444707577,15.826685972650928,71.3364580169234,12.83685601042568,False,-0.4456698788411095,BAY_OF_BISCAY
942,2018-08-20,254.49482857142857,861.4973583785827,-654.0274547288952,47.0249249217411,74.87668444707577,15.826685972650928,71.3364580169234,12.83685601042568,False,-0.4456698788411095,BAY_OF_BISCAY
943,2018-08-28,254.49482857142857,825.2102138981256,-648.273439658564,77.55805433186697,74.87668444707577,15.826685972650928,71.3364580169234,12.83685601042568,False,-0.4456698788411095,BAY_OF_BISCAY
944,2018-09-04,268.91399375000003,788.6833405947067,-620.0550539048605,100.28570706015388,74.87668444707577,15.826685972650928,71.3364580169234,12.83685601042568,False,-0.4456698788411095,BAY_OF_BISCAY
945,2018-09-12,268.91399375000003,752.1646656699838,-607.4085573528246,124.15788543284076,74.87668444707577,15.826685972650928,71.3364580169234,12.83685601042568,False,-0.4456698788411095,BAY_OF_BISCAY
946,2018-09-20,216.9001375,715.9021622427975,-611.6897468590017,112.6877221162042,74.87668444707577,15.826685972650928,71.3364580169234,12.83685601042568,False,-0.4456698788411095,BAY_OF_BISCAY
947,2018-09-28,214.0901333333333,680.1399027823184,-597.576708030107,131.52693858112207,74.87668444707577,15.826685972650928,71.3364580169234,12.83685601042568,False,-0.4456698788411095,BAY_OF_BISCAY
948,2018-10-04,214.0901333333333,645.116121948507,-586.8042823492804,155.77829373410668,74.87668444707577,15.826685972650928,71.3364580169234,12.83685601042568,False,-0.4456698788411095,BAY_OF_BISCAY
949,2018-10-12,316.1434875,611.059701098583,-525.3944485963488,230.47823499776572,74.87668444707577,15.826685972650928,71.3364580169234,12.83685601042568,False,-0.4456698788411095,BAY_OF_BISCAY
950,2018-10-20,316.1434875,578.1880606341765,-457.7599617359956,195.7153886018191,74.87668444707577,15.826685972650928,71.3364580169234,12.83685601042568,False,-0.4456698788411095,BAY_OF_BISCAY
951,2018-10-28,440.10818125,546.7029154882345,-291.92950963171563,185.33477539348115,74.87668444707577,15.826685972650928,71.3364580169234,12.83685601042568,False,-0.4456698788411095,BAY_OF_BISCAY
952,2018-11-04,474.8071875,516.7886032962057,-61.98201505815956,20.00059926195388,74.87668444707577,15.826685972650928,71.3364580169234,12.83685601042568,False,-0.4456698788411095,BAY_OF_BISCAY
953,2018-11-12,474.8071875,488.6062510963694,-13.593064082435449,-0.2059995139339747,74.87668444707577,15.826685972650928,71.3364580169234,12.83685601042568,False,-0.4456698788411095,BAY_OF_BISCAY
954,2018-11-20,471.1831875,462.2985995020699,65.18795540593314,-56.30336740800308,74.87668444707577,15.826685972650928,71.3364580169234,12.83685601042568,False,-0.4456698788411095,BAY_OF_BISCAY
955,2018-11-28,471.1831875,437.9914820976527,52.08671706066235,-18.89501165831507,74.87668444707577,15.826685972650928,71.3364580169234,12.83685601042568,False,-0.4456698788411095,BAY_OF_BISCAY
956,2018-12-04,565.46425,415.7976784774597,160.0364088177679,-10.369837295227626,74.87668444707577,15.826685972650928,71.3364580169234,12.83685601042568,False,-0.4456698788411095,BAY_OF_BISCAY
957,2018-12-12,639.3336875,395.8224841568868,748.2138866420202,-504.70268329890695,74.87668444707577,15.826685972650928,71.3364580169234,12.83685601042568,False,-0.4456698788411095,BAY_OF_BISCAY
958,2018-12-20,812.7420000000001,378.1559621028857,846.0034458348339,-411.41740793771953,74.87668444707577,15.826685972650928,71.3364580169234,12.83685601042568,False,-0.4456698788411095,BAY_OF_BISCAY
959,2018-12-28,812.7420000000001,362.88522530308194,909.4555327695224,-459.59875807260426,74.87668444707577,15.826685972650928,71.3364580169234,12.83685601042568,False,-0.4456698788411095,BAY_OF_BISCAY
960,2019-01-04,471.689875,350.0947460855274,465.6089413828452,-344.0138124683726,74.87668444707577,15.826685972650928,71.3364580169234,12.83685601042568,False,-0.4456698788411095,BAY_OF_BISCAY
961,2019-01-12,471.689875,339.9266859117521,493.3370412768908,-361.5738521886429,74.87668444707577,15.826685972650928,71.3364580169234,12.83685601042568,False,-0.4456698788411095,BAY_OF_BISCAY
962,2019-01-20,513.4535625,332.5688248851668,554.951954976192,-374.06721736135887,74.87668444707577,15.826685972650928,71.3364580169234,12.83685601042568,False,-0.4456698788411095,BAY_OF_BISCAY
963,2019-01-28,1032.023357142857,328.2042716649865,946.1121726023708,-242.29308712449995,74.87668444707577,15.826685972650928,71.3364580169234,12.83685601042568,False,-0.4456698788411095,BAY_OF_BISCAY
964,2019-02-04,1171.0519375,326.9859866044696,799.5543655514293,44.51158534410104,74.87668444707577,15.826685972650928,71.3364580169234,12.83685601042568,False,-0.4456698788411095,BAY_OF_BISCAY
965,2019-02-12,1171.0519375,329.0099060977012,797.5441949118393,44.49783649045935,74.87668444707577,15.826685972650928,71.3364580169234,12.83685601042568,False,-0.4456698788411095,BAY_OF_BISCAY
966,2019-02-20,875.8704375,334.30932732283446,509.2318047002885,32.32930547687704,74.87668444707577,15.826685972650928,71.3364580169234,12.83685601042568,False,-0.4456698788411095,BAY_OF_BISCAY
967,2019-02-28,692.5401875,342.8733457692838,374.5670947939313,-24.900253063215075,74.87668444707577,15.826685972650928,71.3364580169234,12.83685601042568,False,-0.4456698788411095,BAY_OF_BISCAY
968,2019-03-04,692.5401875,354.64692379529174,357.3098467076805,-19.41658300297229,74.87668444707577,15.826685972650928,71.3364580169234,12.83685601042568,False,-0.4456698788411095,BAY_OF_BISCAY
969,2019-03-12,711.9363125,369.5296572697872,318.1323758992154,24.274279330997445,74.87668444707577,15.826685972650928,71.3364580169234,12.83685601042568,False,-0.4456698788411095,BAY_OF_BISCAY
970,2019-03-20,711.9363125,387.37076215240194,308.50521277240324,16.060337575194808,74.87668444707577,15.826685972650928,71.3364580169234,12.83685601042568,False,-0.4456698788411095,BAY_OF_BISCAY
971,2019-03-28,612.680375,407.9788553681887,226.68154035141248,-21.9800207196011,74.87668444707577,15.826685972650928,71.3364580169234,12.83685601042568,False,-0.4456698788411095,BAY_OF_BISCAY
972,2019-04-04,596.68375,431.1315323362115,245.68205203894965,-80.1298343751611,74.87668444707577,15.826685972650928,71.3364580169234,12.83685601042568,False,-0.4456698788411095,BAY_OF_BISCAY
973,2019-04-12,596.68375,456.5768086965277,188.9905589877443,-48.88361768427194,74.87668444707577,15.826685972650928,71.3364580169234,12.83685601042568,False,-0.4456698788411095,BAY_OF_BISCAY
974,2019-04-20,596.68375,484.0325363087922,93.40004989773064,19.251163793477204,74.87668444707577,15.826685972650928,71.3364580169234,12.83685601042568,False,-0.4456698788411095,BAY_OF_BISCAY
975,2019-04-28,586.04075,513.1836528457236,44.80834217807833,28.04875497619808,74.87668444707577,15.826685972650928,71.3364580169234,12.83685601042568,False,-0.4456698788411095,BAY_OF_BISCAY
976,2019-05-04,586.04075,543.6860693764696,19.88717673363347,22.467503889896918,74.87668444707577,15.826685972650928,71.3364580169234,12.83685601042568,False,-0.4456698788411095,BAY_OF_BISCAY
977,2019-05-12,586.04075,575.1772039168304,28.08362302323117,-17.220076940061585,74.87668444707577,15.826685972650928,71.3364580169234,12.83685601042568,False,-0.4456698788411095,BAY_OF_BISCAY
978,2019-05-20,607.96425,607.2853046475009,14.511399002925671,-13.832453650426558,74.87668444707577,15.826685972650928,71.3364580169234,12.83685601042568,False,-0.4456698788411095,BAY_OF_BISCAY
979,2019-05-28,615.5509375,639.6366116873118,-10.685106213635784,-13.40056797367594,74.87668444707577,15.826685972650928,71.3364580169234,12.83685601042568,False,-0.4456698788411095,BAY_OF_BISCAY
980,2019-06-04,615.5509375,671.8587123417412,37.85036062177067,-94.15813546351188,74.87668444707577,15.826685972650928,71.3364580169234,12.83685601042568,False,-0.4456698788411095,BAY_OF_BISCAY
981,2019-06-12,491.8903125,703.5890007913746,-92.01905323271411,-119.67963505866048,74.87668444707577,15.826685972650928,71.3364580169234,12.83685601042568,False,-0.4456698788411095,BAY_OF_BISCAY
982,2019-06-20,420.21225,734.4809307681227,-340.5977546946358,26.329073926513104,74.87668444707577,15.826685972650928,71.3364580169234,12.83685601042568,False,-0.4456698788411095,BAY_OF_BISCAY
983,2019-06-28,295.7608666666667,764.1939184874076,-558.1454557106425,89.71240388990162,74.87668444707577,15.826685972650928,71.3364580169234,12.83685601042568,False,-0.4456698788411095,BAY_OF_BISCAY
984,2019-07-04,240.621825,792.3900165044321,-648.4431051829506,96.67491367851858,74.87668444707577,15.826685972650928,71.3364580169234,12.83685601042568,False,-0.4456698788411095,BAY_OF_BISCAY
985,2019-07-12,191.17368125,818.7461158681222,-697.3911274280462,69.81869280992396,74.87668444707577,15.826685972650928,71.3364580169234,12.83685601042568,False,-0.4456698788411095,BAY_OF_BISCAY
986,2019-07-20,191.17368125,842.964065676632,-735.4631111481868,83.6727267215548,74.87668444707577,15.826685972650928,71.3364580169234,12.83685601042568,False,-0.4456698788411095,BAY_OF_BISCAY
987,2019-07-28,175.72074375,864.7754753815318,-776.5084127590748,87.45368112754295,74.87668444707577,15.826685972650928,71.3364580169234,12.83685601042568,False,-0.4456698788411095,BAY_OF_BISCAY
988,2019-08-04,194.232775,883.9450010799779,-793.4686284186726,103.75640233869468,74.87668444707577,15.826685972650928,71.3364580169234,12.83685601042568,False,-0.4456698788411095,BAY_OF_BISCAY
989,2019-08-12,194.232775,900.2747226548929,-802.8268623828346,96.78491472794168,74.87668444707577,15.826685972650928,71.3364580169234,12.83685601042568,False,-0.4456698788411095,BAY_OF_BISCAY
990,2019-08-20,194.232775,913.6088236084942,-803.9681063973626,84.59205778886849,74.87668444707577,15.826685972650928,71.3364580169234,12.83685601042568,False,-0.4456698788411095,BAY_OF_BISCAY
991,2019-08-28,183.48035,923.8382725038508,-812.0586937905261,71.70077128667549,74.87668444707577,15.826685972650928,71.3364580169234,12.83685601042568,False,-0.4456698788411095,BAY_OF_BISCAY
992,2019-09-04,180.65606875,930.9031591841106,-808.4256317366753,58.17854130256478,74.87668444707577,15.826685972650928,71.3364580169234,12.83685601042568,False,-0.4456698788411095,BAY_OF_BISCAY
993,2019-09-12,170.3675375,934.7933140353912,-811.8547425120621,47.428965976671066,74.87668444707577,15.826685972650928,71.3364580169234,12.83685601042568,False,-0.4456698788411095,BAY_OF_BISCAY
994,2019-09-20,180.65606875,935.5478131978788,-810.7790773013328,55.88733285345404,74.87668444707577,15.826685972650928,71.3364580169234,12.83685601042568,False,-0.4456698788411095,BAY_OF_BISCAY
995,2019-09-28,178.5052375,933.252966555918,-804.752937146488,50.00520809056991,74.87668444707577,15.826685972650928,71.3364580169234,12.83685601042568,False,-0.4456698788411095,BAY_OF_BISCAY
996,2019-10-04,183.6374,928.0398165542756,-790.7084164497982,46.30599989552263,74.87668444707577,15.826685972650928,71.3364580169234,12.83685601042568,False,-0.4456698788411095,BAY_OF_BISCAY
997,2019-10-12,183.6374,920.0820869145912,-753.2983833001365,16.85369638554539,74.87668444707577,15.826685972650928,71.3364580169234,12.83685601042568,False,-0.4456698788411095,BAY_OF_BISCAY
998,2019-10-20,409.9994375,909.5929034912295,-570.1055473674619,70.51208137623235,74.87668444707577,15.826685972650928,71.3364580169234,12.83685601042568,False,-0.4456698788411095,BAY_OF_BISCAY
999,2019-10-28,784.8286428571429,896.8169629935791,-243.2410949639,131.25277482746378,74.87668444707577,15.826685972650928,71.3364580169234,12.83685601042568,False,-0.4456698788411095,BAY_OF_BISCAY
1000,2019-11-04,1564.8498125,882.0195115642829,366.3267541430774,316.50354679263984,74.87668444707577,15.826685972650928,71.3364580169234,12.83685601042568,False,-0.4456698788411095,BAY_OF_BISCAY
1001,2019-11-12,1564.8498125,865.4749720738668,383.12539605602734,316.249444370106,74.87668444707577,15.826685972650928,71.3364580169234,12.83685601042568,False,-0.4456698788411095,BAY_OF_BISCAY
1002,2019-11-20,1841.03375,847.4624184498444,606.8744147932644,386.69691675689126,74.87668444707577,15.826685972650928,71.3364580169234,12.83685601042568,False,-0.4456698788411095,BAY_OF_BISCAY
1003,2019-11-28,1742.3504375,828.2648738723133,550.8953828622404,363.1901807654464,74.87668444707577,15.826685972650928,71.3364580169234,12.83685601042568,False,-0.4456698788411095,BAY_OF_BISCAY
1004,2019-12-04,1847.8771666666664,808.1669670185419,671.9595856209921,367.7506140271325,74.87668444707577,15.826685972650928,71.3364580169234,12.83685601042568,False,-0.4456698788411095,BAY_OF_BISCAY
1005,2019-12-12,3534.5380625,787.4523242756165,1973.8869209663012,773.1988172580816,74.87668444707577,15.826685972650928,71.3364580169234,12.83685601042568,False,-0.4456698788411095,BAY_OF_BISCAY
1006,2019-12-20,3534.5380625,766.3826548288984,2035.6364662998012,732.5189413712999,74.87668444707577,15.826685972650928,71.3364580169234,12.83685601042568,False,-0.4456698788411095,BAY_OF_BISCAY
1007,2019-12-28,3576.621160714286,745.1972517125438,2085.3615166473305,746.0623923544117,74.87668444707577,15.826685972650928,71.3364580169234,12.83685601042568,False,-0.4456698788411095,BAY_OF_BISCAY
0,1999-01-04,777.4036801103589,688.097239647494,420.10371736559983,-330.7972769027349,67.32665437965332,26.112540249897364,61.39625746098154,12.491202289121093,False,-0.4998563054368029,BAY_OF_SEINE
1,1999-01-12,806.9366977288469,690.2631843162576,257.5576328994169,-140.8841194868276,67.32665437965332,26.112540249897364,61.39625746098154,12.491202289121093,False,-0.4998563054368029,BAY_OF_SEINE
2,1999-01-20,1017.6979208912136,692.376791457389,322.65500463196605,2.6661248018585297,67.32665437965332,26.112540249897364,61.39625746098154,12.491202289121093,False,-0.4998563054368029,BAY_OF_SEINE
3,1999-01-28,1031.5923992060293,694.381466718543,301.89360152613153,35.31733096135474,67.32665437965332,26.112540249897364,61.39625746098154,12.491202289121093,False,-0.4998563054368029,BAY_OF_SEINE
4,1999-02-04,1025.2749397848008,696.2394411335091,295.6012861238151,33.43421252747663,67.32665437965332,26.112540249897364,61.39625746098154,12.491202289121093,False,-0.4998563054368029,BAY_OF_SEINE
5,1999-02-12,1064.0301061684263,697.9251765323648,404.7273533851098,-38.622423749048096,67.32665437965332,26.112540249897364,61.39625746098154,12.491202289121093,False,-0.4998563054368029,BAY_OF_SEINE
6,1999-02-20,1197.090646186107,699.4166230177574,543.4879886555788,-45.8139654872291,67.32665437965332,26.112540249897364,61.39625746098154,12.491202289121093,False,-0.4998563054368029,BAY_OF_SEINE
7,1999-02-28,1664.3287693363427,700.6899581699711,905.9644749992804,57.67433616709127,67.32665437965332,26.112540249897364,61.39625746098154,12.491202289121093,False,-0.4998563054368029,BAY_OF_SEINE
8,1999-03-04,1765.6371365307343,701.7276649666536,967.1332730662411,96.77619849783969,67.32665437965332,26.112540249897364,61.39625746098154,12.491202289121093,False,-0.4998563054368029,BAY_OF_SEINE
9,1999-03-12,1664.3287693363427,702.5228891156962,836.7989918176787,125.00688840296776,67.32665437965332,26.112540249897364,61.39625746098154,12.491202289121093,False,-0.4998563054368029,BAY_OF_SEINE
10,1999-03-20,1380.519534139376,703.0839426572268,517.4507004248363,159.9848910573129,67.32665437965332,26.112540249897364,61.39625746098154,12.491202289121093,False,-0.4998563054368029,BAY_OF_SEINE
11,1999-03-28,1033.7406501890048,703.4411572975831,256.09810829016743,74.20138460125423,67.32665437965332,26.112540249897364,61.39625746098154,12.491202289121093,False,-0.4998563054368029,BAY_OF_SEINE
12,1999-04-04,801.3557640327515,703.6353249160226,73.48294707141866,24.237492045310265,67.32665437965332,26.112540249897364,61.39625746098154,12.491202289121093,False,-0.4998563054368029,BAY_OF_SEINE
13,1999-04-12,801.3557640327515,703.7069084755965,100.50162484244682,-2.8527692852918136,67.32665437965332,26.112540249897364,61.39625746098154,12.491202289121093,False,-0.4998563054368029,BAY_OF_SEINE
14,1999-04-20,843.5023402629525,703.6919191155632,130.9939643641568,8.816456783232525,67.32665437965332,26.112540249897364,61.39625746098154,12.491202289121093,False,-0.4998563054368029,BAY_OF_SEINE
15,1999-04-28,843.5023402629525,703.6224742380521,129.53560131167276,10.344264713227716,67.32665437965332,26.112540249897364,61.39625746098154,12.491202289121093,False,-0.4998563054368029,BAY_OF_SEINE
16,1999-05-04,577.2330053591687,703.5273380926196,-99.16751250764172,-27.126820225809183,67.32665437965332,26.112540249897364,61.39625746098154,12.491202289121093,False,-0.4998563054368029,BAY_OF_SEINE
17,1999-05-12,577.2330053591687,703.4292605684809,-108.31353632278702,-17.882718886525183,67.32665437965332,26.112540249897364,61.39625746098154,12.491202289121093,False,-0.4998563054368029,BAY_OF_SEINE
18,1999-05-20,516.9266580688486,703.343801984398,-187.8830185649145,1.46587464936502,67.32665437965332,26.112540249897364,61.39625746098154,12.491202289121093,False,-0.4998563054368029,BAY_OF_SEINE
19,1999-05-28,481.7578717968281,703.2798442674094,-216.0189804789612,-5.502991991620121,67.32665437965332,26.112540249897364,61.39625746098154,12.491202289121093,False,-0.4998563054368029,BAY_OF_SEINE
20,1999-06-04,443.006899876499,703.2373587129103,-252.97736738025756,-7.253091456153811,67.32665437965332,26.112540249897364,61.39625746098154,12.491202289121093,False,-0.4998563054368029,BAY_OF_SEINE
21,1999-06-12,404.4113578535257,703.2074160653258,-283.81188540019787,-14.984172811602209,67.32665437965332,26.112540249897364,61.39625746098154,12.491202289121093,False,-0.4998563054368029,BAY_OF_SEINE
22,1999-06-20,330.64615287077595,703.1742684569526,-379.8211217895562,7.293006203379548,67.32665437965332,26.112540249897364,61.39625746098154,12.491202289121093,False,-0.4998563054368029,BAY_OF_SEINE
23,1999-06-28,330.64615287077595,703.1197064385676,-381.800074267588,9.326520699796331,67.32665437965332,26.112540249897364,61.39625746098154,12.491202289121093,False,-0.4998563054368029,BAY_OF_SEINE
24,1999-07-04,376.8681870807009,703.0253630912705,-334.83124564964515,8.674069639075583,67.32665437965332,26.112540249897364,61.39625746098154,12.491202289121093,False,-0.4998563054368029,BAY_OF_SEINE
25,1999-07-12,376.8681870807009,702.8727528967081,-310.57449038604,-15.43007542996719,67.32665437965332,26.112540249897364,61.39625746098154,12.491202289121093,False,-0.4998563054368029,BAY_OF_SEINE
26,1999-07-20,301.82135028993173,702.6419238820706,-355.976121085188,-44.84445250695092,67.32665437965332,26.112540249897364,61.39625746098154,12.491202289121093,False,-0.4998563054368029,BAY_OF_SEINE
27,1999-07-28,268.3839106357809,702.3109326929289,-384.7571761548211,-49.16984590232687,67.32665437965332,26.112540249897364,61.39625746098154,12.491202289121093,False,-0.4998563054368029,BAY_OF_SEINE
28,1999-08-04,268.3839106357809,701.8580294581228,-385.9905762781454,-47.483542544196496,67.32665437965332,26.112540249897364,61.39625746098154,12.491202289121093,False,-0.4998563054368029,BAY_OF_SEINE
29,1999-08-12,268.3839106357809,701.2641529663829,-412.9747180771715,-19.905524253430485,67.32665437965332,26.112540249897364,61.39625746098154,12.491202289121093,False,-0.4998563054368029,BAY_OF_SEINE
30,1999-08-20,266.91582159157366,700.516275240349,-416.68300171964114,-16.917451929134245,67.32665437965332,26.112540249897364,61.39625746098154,12.491202289121093,False,-0.4998563054368029,BAY_OF_SEINE
31,1999-08-28,240.75792607432663,699.6078603602275,-446.4420461516458,-12.407888134255074,67.32665437965332,26.112540249897364,61.39625746098154,12.491202289121093,False,-0.4998563054368029,BAY_OF_SEINE
32,1999-09-04,240.75792607432663,698.5388654863171,-442.9076448143478,-14.873294597642712,67.32665437965332,26.112540249897364,61.39625746098154,12.491202289121093,False,-0.4998563054368029,BAY_OF_SEINE
33,1999-09-12,262.69378313105875,697.3158134826923,-421.2782334909434,-13.343796860690134,67.32665437965332,26.112540249897364,61.39625746098154,12.491202289121093,False,-0.4998563054368029,BAY_OF_SEINE
34,1999-09-20,304.57838772807946,695.9516138162153,-392.2851321394055,0.911906051269682,67.32665437965332,26.112540249897364,61.39625746098154,12.491202289121093,False,-0.4998563054368029,BAY_OF_SEINE
35,1999-09-28,343.05165771996644,694.4671247942064,-366.0202473133325,14.604780239092577,67.32665437965332,26.112540249897364,61.39625746098154,12.491202289121093,False,-0.4998563054368029,BAY_OF_SEINE
36,1999-10-04,439.9504171523057,692.8896278509478,-280.7757068092989,27.83649611065681,67.32665437965332,26.112540249897364,61.39625746098154,12.491202289121093,False,-0.4998563054368029,BAY_OF_SEINE
37,1999-10-12,439.9504171523057,691.2498925850165,-228.04330616377447,-23.256169268936304,67.32665437965332,26.112540249897364,61.39625746098154,12.491202289121093,False,-0.4998563054368029,BAY_OF_SEINE
38,1999-10-20,397.2421443710015,689.5761377009667,-264.8793268979655,-27.454666431999726,67.32665437965332,26.112540249897364,61.39625746098154,12.491202289121093,False,-0.4998563054368029,BAY_OF_SEINE
39,1999-10-28,397.2421443710015,687.8923830822996,-250.36846057423787,-40.28177813706026,67.32665437965332,26.112540249897364,61.39625746098154,12.491202289121093,False,-0.4998563054368029,BAY_OF_SEINE
40,1999-11-04,390.35033108250127,686.2189358603478,-260.93080009776725,-34.93780468007924,67.32665437965332,26.112540249897364,61.39625746098154,12.491202289121093,False,-0.4998563054368029,BAY_OF_SEINE
41,1999-11-12,,684.5728876509347,-62.923514189107415,-53.953236008064,67.32665437965332,26.112540249897364,61.39625746098154,12.491202289121093,False,-0.4998563054368029,BAY_OF_SEINE
42,1999-11-20,375.7823532029614,682.9648578045835,-209.2306224359437,-97.9518821656784,67.32665437965332,26.112540249897364,61.39625746098154,12.491202289121093,False,-0.4998563054368029,BAY_OF_SEINE
43,1999-11-28,375.7823532029614,681.3994023909432,-122.34275339654872,-183.27429579143308,67.32665437965332,26.112540249897364,61.39625746098154,12.491202289121093,False,-0.4998563054368029,BAY_OF_SEINE
44,1999-12-04,411.1406738734016,679.8717271719729,-96.86029748139568,-171.8707558171756,67.32665437965332,26.112540249897364,61.39625746098154,12.491202289121093,False,-0.4998563054368029,BAY_OF_SEINE
45,1999-12-12,873.7084171276356,678.3769431873864,195.2699797433918,0.0614941968574385,67.32665437965332,26.112540249897364,61.39625746098154,12.491202289121093,False,-0.4998563054368029,BAY_OF_SEINE
46,1999-12-20,1500.6374425380463,676.9251055412868,617.2944331402988,206.41790385646075,67.32665437965332,26.112540249897364,61.39625746098154,12.491202289121093,False,-0.4998563054368029,BAY_OF_SEINE
47,1999-12-28,2063.4305106166125,675.5500349855497,1039.0072478365498,348.873227794513,67.32665437965332,26.112540249897364,61.39625746098154,12.491202289121093,False,-0.4998563054368029,BAY_OF_SEINE
48,2000-01-04,2063.4305106166125,674.3048593579266,803.189102011595,585.9365492470911,67.32665437965332,26.112540249897364,61.39625746098154,12.491202289121093,False,-0.4998563054368029,BAY_OF_SEINE
49,2000-01-12,1330.8235902347003,673.2422554248682,442.5309810649363,215.0503537448958,67.32665437965332,26.112540249897364,61.39625746098154,12.491202289121093,False,-0.4998563054368029,BAY_OF_SEINE
50,2000-01-20,965.244497365932,672.3958712409246,311.77174916396945,-18.923123038961933,67.32665437965332,26.112540249897364,61.39625746098154,12.491202289121093,False,-0.4998563054368029,BAY_OF_SEINE
51,2000-01-28,846.8253858269783,671.8039542812018,253.1455331775432,-78.12410163176668,67.32665437965332,26.112540249897364,61.39625746098154,12.491202289121093,False,-0.4998563054368029,BAY_OF_SEINE
52,2000-02-04,846.8253858269783,671.5048687745841,256.65073098453945,-81.33021393214528,67.32665437965332,26.112540249897364,61.39625746098154,12.491202289121093,False,-0.4998563054368029,BAY_OF_SEINE
53,2000-02-12,1173.132375693937,671.5332225608093,418.27974563405394,83.31940749907403,67.32665437965332,26.112540249897364,61.39625746098154,12.491202289121093,False,-0.4998563054368029,BAY_OF_SEINE
54,2000-02-20,1334.8685939997918,671.9250937338711,415.2779830763697,247.665517189551,67.32665437965332,26.112540249897364,61.39625746098154,12.491202289121093,False,-0.4998563054368029,BAY_OF_SEINE
55,2000-02-28,1388.7057223899485,672.7298149386755,535.223366189207,180.75254126206573,67.32665437965332,26.112540249897364,61.39625746098154,12.491202289121093,False,-0.4998563054368029,BAY_OF_SEINE
56,2000-03-04,1334.8685939997918,674.0119813444494,531.5093514253509,129.34726122999143,67.32665437965332,26.112540249897364,61.39625746098154,12.491202289121093,False,-0.4998563054368029,BAY_OF_SEINE
57,2000-03-12,1122.675544766916,675.8464214808923,546.4303878694918,-99.60126458346804,67.32665437965332,26.112540249897364,61.39625746098154,12.491202289121093,False,-0.4998563054368029,BAY_OF_SEINE
58,2000-03-20,701.8047137050085,678.2930095635668,457.760151299447,-434.2484471580053,67.32665437965332,26.112540249897364,61.39625746098154,12.491202289121093,False,-0.4998563054368029,BAY_OF_SEINE
59,2000-03-28,701.8047137050085,681.379407267012,368.798982670067,-348.3736762320705,67.32665437965332,26.112540249897364,61.39625746098154,12.491202289121093,False,-0.4998563054368029,BAY_OF_SEINE
60,2000-04-04,673.660008048353,685.1066282936712,242.857850473615,-254.3044707189332,67.32665437965332,26.112540249897364,61.39625746098154,12.491202289121093,False,-0.4998563054368029,BAY_OF_SEINE
61,2000-04-12,787.0676743965578,689.4516867655717,250.041207177071,-152.42521954608492,67.32665437965332,26.112540249897364,61.39625746098154,12.491202289121093,False,-0.4998563054368029,BAY_OF_SEINE
62,2000-04-20,788.1603435035129,694.3782805509837,249.76079035567847,-155.97872740314938,67.32665437965332,26.112540249897364,61.39625746098154,12.491202289121093,False,-0.4998563054368029,BAY_OF_SEINE
63,2000-04-28,788.1603435035129,699.8424036896839,254.9573726003478,-166.63943278651885,67.32665437965332,26.112540249897364,61.39625746098154,12.491202289121093,False,-0.4998563054368029,BAY_OF_SEINE
64,2000-05-04,678.2874150312222,705.7958726639087,97.9477007272502,-125.45615835993668,67.32665437965332,26.112540249897364,61.39625746098154,12.491202289121093,False,-0.4998563054368029,BAY_OF_SEINE
65,2000-05-12,648.1437332621007,712.189965727525,33.85808491644637,-97.90431738187064,67.32665437965332,26.112540249897364,61.39625746098154,12.491202289121093,False,-0.4998563054368029,BAY_OF_SEINE
66,2000-05-20,517.5294001187895,718.9799578206498,-148.60121799370475,-52.84933970815561,67.32665437965332,26.112540249897364,61.39625746098154,12.491202289121093,False,-0.4998563054368029,BAY_OF_SEINE
67,2000-05-28,517.5294001187895,726.1325210269354,-248.20602901386525,39.60290810571934,67.32665437965332,26.112540249897364,61.39625746098154,12.491202289121093,False,-0.4998563054368029,BAY_OF_SEINE
68,2000-06-04,493.2588845492423,733.6297546704118,-320.94385444071094,80.57298431954143,67.32665437965332,26.112540249897364,61.39625746098154,12.491202289121093,False,-0.4998563054368029,BAY_OF_SEINE
69,2000-06-12,493.2588845492423,741.4674060706686,-345.7467080230544,97.53818650162803,67.32665437965332,26.112540249897364,61.39625746098154,12.491202289121093,False,-0.4998563054368029,BAY_OF_SEINE
70,2000-06-20,338.2705811980145,749.6512436495459,-452.0962966230729,40.71563417154147,67.32665437965332,26.112540249897364,61.39625746098154,12.491202289121093,False,-0.4998563054368029,BAY_OF_SEINE
71,2000-06-28,338.2705811980145,758.1929568482655,-442.6498422335099,22.727466583258945,67.32665437965332,26.112540249897364,61.39625746098154,12.491202289121093,False,-0.4998563054368029,BAY_OF_SEINE
72,2000-07-04,411.6023585234707,767.1070048738055,-374.6673004449144,19.16265409457958,67.32665437965332,26.112540249897364,61.39625746098154,12.491202289121093,False,-0.4998563054368029,BAY_OF_SEINE
73,2000-07-12,540.6517790236877,776.4068700994068,-303.83080570573605,68.07571463001699,67.32665437965332,26.112540249897364,61.39625746098154,12.491202289121093,False,-0.4998563054368029,BAY_OF_SEINE
74,2000-07-20,599.855710111928,786.1033957496257,-293.8935052403185,107.6458196026208,67.32665437965332,26.112540249897364,61.39625746098154,12.491202289121093,False,-0.4998563054368029,BAY_OF_SEINE
75,2000-07-28,591.0672453219486,796.2027122821399,-312.8124799459255,107.67701298573412,67.32665437965332,26.112540249897364,61.39625746098154,12.491202289121093,False,-0.4998563054368029,BAY_OF_SEINE
76,2000-08-04,591.0672453219486,806.7055412522857,-323.1231791726438,107.4848832423067,67.32665437965332,26.112540249897364,61.39625746098154,12.491202289121093,False,-0.4998563054368029,BAY_OF_SEINE
77,2000-08-12,490.6868171525889,817.6075547687761,-379.94715559463833,53.02641797845109,67.32665437965332,26.112540249897364,61.39625746098154,12.491202289121093,False,-0.4998563054368029,BAY_OF_SEINE
78,2000-08-20,484.0598796211984,828.8980442795294,-395.8791779025209,51.04101324418997,67.32665437965332,26.112540249897364,61.39625746098154,12.491202289121093,False,-0.4998563054368029,BAY_OF_SEINE
79,2000-08-28,431.2106518568054,840.5603420139026,-432.0841698484611,22.734479691363845,67.32665437965332,26.112540249897364,61.39625746098154,12.491202289121093,False,-0.4998563054368029,BAY_OF_SEINE
80,2000-09-04,420.1589542926283,852.5703603502009,-435.32175056708,2.9103445095074107,67.32665437965332,26.112540249897364,61.39625746098154,12.491202289121093,False,-0.4998563054368029,BAY_OF_SEINE
81,2000-09-12,418.9284302137224,864.8959472227168,-424.9151750935393,-21.052341915455145,67.32665437965332,26.112540249897364,61.39625746098154,12.491202289121093,False,-0.4998563054368029,BAY_OF_SEINE
82,2000-09-20,402.8797023604615,877.4962511488046,-378.5543090201274,-96.0622397682157,67.32665437965332,26.112540249897364,61.39625746098154,12.491202289121093,False,-0.4998563054368029,BAY_OF_SEINE
83,2000-09-28,402.8797023604615,890.3183842865317,-376.292278965449,-111.14640296062116,67.32665437965332,26.112540249897364,61.39625746098154,12.491202289121093,False,-0.4998563054368029,BAY_OF_SEINE
84,2000-10-04,473.0002991546049,903.2994233687232,-326.58772759669046,-103.7113966174278,67.32665437965332,26.112540249897364,61.39625746098154,12.491202289121093,False,-0.4998563054368029,BAY_OF_SEINE
85,2000-10-12,705.2518676147741,916.3685195451308,-207.64282612002992,-3.473825810326701,67.32665437965332,26.112540249897364,61.39625746098154,12.491202289121093,False,-0.4998563054368029,BAY_OF_SEINE
86,2000-10-20,705.2518676147741,929.4493497739774,-227.54742217440895,3.3499400152057603,67.32665437965332,26.112540249897364,61.39625746098154,12.491202289121093,False,-0.4998563054368029,BAY_OF_SEINE
87,2000-10-28,781.5558462253615,942.4612121916542,-193.70527392155017,32.79990795525745,67.32665437965332,26.112540249897364,61.39625746098154,12.491202289121093,False,-0.4998563054368029,BAY_OF_SEINE
88,2000-11-04,781.5558462253615,955.3240521618636,-200.47927659460808,26.71107065810608,67.32665437965332,26.112540249897364,61.39625746098154,12.491202289121093,False,-0.4998563054368029,BAY_OF_SEINE
89,2000-11-12,1063.830981023515,967.9596536224948,-43.84805584307696,139.71938324409712,67.32665437965332,26.112540249897364,61.39625746098154,12.491202289121093,False,-0.4998563054368029,BAY_OF_SEINE
90,2000-11-20,1070.036951618396,980.2991388719664,-76.28624134049667,166.02405408692633,67.32665437965332,26.112540249897364,61.39625746098154,12.491202289121093,False,-0.4998563054368029,BAY_OF_SEINE
91,2000-11-28,1426.069800856189,992.2797538890142,98.78593933594024,335.0041076312346,67.32665437965332,26.112540249897364,61.39625746098154,12.491202289121093,False,-0.4998563054368029,BAY_OF_SEINE
92,2000-12-04,1426.069800856189,1003.845392163822,184.4120189215645,237.81238977080235,67.32665437965332,26.112540249897364,61.39625746098154,12.491202289121093,False,-0.4998563054368029,BAY_OF_SEINE
93,2000-12-12,1209.821836047859,1014.9430163515154,190.59788453604185,4.280935160301794,67.32665437965332,26.112540249897364,61.39625746098154,12.491202289121093,False,-0.4998563054368029,BAY_OF_SEINE
94,2000-12-20,1019.5081475549814,1025.5279874852995,224.90187610319816,-230.92171603351625,67.32665437965332,26.112540249897364,61.39625746098154,12.491202289121093,False,-0.4998563054368029,BAY_OF_SEINE
95,2000-12-28,1019.5081475549814,1035.5706400781926,363.583504908042,-379.6459974312532,67.32665437965332,26.112540249897364,61.39625746098154,12.491202289121093,False,-0.4998563054368029,BAY_OF_SEINE
96,2001-01-04,1377.6602148578452,1045.0573393634493,570.6286621316457,-238.02578663724975,67.32665437965332,26.112540249897364,61.39625746098154,12.491202289121093,False,-0.4998563054368029,BAY_OF_SEINE
97,2001-01-12,1377.6602148578452,1053.9851077124083,386.2566202290034,-62.58151308356656,67.32665437965332,26.112540249897364,61.39625746098154,12.491202289121093,False,-0.4998563054368029,BAY_OF_SEINE
98,2001-01-20,1385.6193599526257,1062.352059155544,295.0416819882824,28.22561880879897,67.32665437965332,26.112540249897364,61.39625746098154,12.491202289121093,False,-0.4998563054368029,BAY_OF_SEINE
99,2001-01-28,1387.163919507452,1070.1373722498454,265.14125591887165,51.88529133873493,67.32665437965332,26.112540249897364,61.39625746098154,12.491202289121093,False,-0.4998563054368029,BAY_OF_SEINE
100,2001-02-04,1420.5941008024051,1077.3114363910502,283.20454979818584,60.078114613169134,67.32665437965332,26.112540249897364,61.39625746098154,12.491202289121093,False,-0.4998563054368029,BAY_OF_SEINE
101,2001-02-12,1387.163919507452,1083.8458647158204,401.3707009882267,-98.05264619659516,67.32665437965332,26.112540249897364,61.39625746098154,12.491202289121093,False,-0.4998563054368029,BAY_OF_SEINE
102,2001-02-20,928.2038323114076,1089.711965815523,310.4886831159438,-471.9968166200591,67.32665437965332,26.112540249897364,61.39625746098154,12.491202289121093,False,-0.4998563054368029,BAY_OF_SEINE
103,2001-02-28,841.8829323663871,1094.8680042451158,337.568970498263,-590.5540423769917,67.32665437965332,26.112540249897364,61.39625746098154,12.491202289121093,False,-0.4998563054368029,BAY_OF_SEINE
104,2001-03-04,841.8829323663871,1099.252979196554,322.3317392817731,-579.70178611194,67.32665437965332,26.112540249897364,61.39625746098154,12.491202289121093,False,-0.4998563054368029,BAY_OF_SEINE
105,2001-03-12,1435.3782802526491,1102.7839439168208,431.7752478920121,-99.18091155618356,67.32665437965332,26.112540249897364,61.39625746098154,12.491202289121093,False,-0.4998563054368029,BAY_OF_SEINE
106,2001-03-20,2215.075604920493,1105.374698636021,714.6177452716435,395.0831610128283,67.32665437965332,26.112540249897364,61.39625746098154,12.491202289121093,False,-0.4998563054368029,BAY_OF_SEINE
107,2001-03-28,2215.075604920493,1106.940955130975,712.788792455678,395.34585733383983,67.32665437965332,26.112540249897364,61.39625746098154,12.491202289121093,False,-0.4998563054368029,BAY_OF_SEINE
108,2001-04-04,2006.9606164438103,1107.4054579683675,476.2334845860765,423.321673889366,67.32665437965332,26.112540249897364,61.39625746098154,12.491202289121093,False,-0.4998563054368029,BAY_OF_SEINE
109,2001-04-12,1817.2359051606177,1106.718515722586,362.44787167825854,348.0695177597731,67.32665437965332,26.112540249897364,61.39625746098154,12.491202289121093,False,-0.4998563054368029,BAY_OF_SEINE
110,2001-04-20,1783.4791448689296,1104.8558057262246,331.4522938583093,347.17104528439563,67.32665437965332,26.112540249897364,61.39625746098154,12.491202289121093,False,-0.4998563054368029,BAY_OF_SEINE
111,2001-04-28,1817.2359051606177,1101.8144545304372,342.42328261748685,372.99816801269367,67.32665437965332,26.112540249897364,61.39625746098154,12.491202289121093,False,-0.4998563054368029,BAY_OF_SEINE
112,2001-05-04,1688.8402970074796,1097.6081168412566,248.6310097020908,342.6011704641323,67.32665437965332,26.112540249897364,61.39625746098154,12.491202289121093,False,-0.4998563054368029,BAY_OF_SEINE
113,2001-05-12,1504.4681842287418,1092.2644641454474,146.38199830281212,265.82172178048233,67.32665437965332,26.112540249897364,61.39625746098154,12.491202289121093,False,-0.4998563054368029,BAY_OF_SEINE
114,2001-05-20,1110.511596057935,1085.824092936317,-92.49396220897442,117.18146533059262,67.32665437965332,26.112540249897364,61.39625746098154,12.491202289121093,False,-0.4998563054368029,BAY_OF_SEINE
115,2001-05-28,769.6790875592342,1078.3360553332789,-263.64107937879976,-45.01588839524493,67.32665437965332,26.112540249897364,61.39625746098154,12.491202289121093,False,-0.4998563054368029,BAY_OF_SEINE
116,2001-06-04,594.2979207815827,1069.8554451031168,-361.8135280690916,-113.74399625244256,67.32665437965332,26.112540249897364,61.39625746098154,12.491202289121093,False,-0.4998563054368029,BAY_OF_SEINE
117,2001-06-12,552.2580328941614,1060.44238646564,-392.7083576176215,-115.4759959538572,67.32665437965332,26.112540249897364,61.39625746098154,12.491202289121093,False,-0.4998563054368029,BAY_OF_SEINE
118,2001-06-20,500.8811867090764,1050.160610932997,-452.94166058325686,-96.33776364066388,67.32665437965332,26.112540249897364,61.39625746098154,12.491202289121093,False,-0.4998563054368029,BAY_OF_SEINE
119,2001-06-28,500.8811867090764,1039.0749834694664,-461.0876537694497,-77.10614299094033,67.32665437965332,26.112540249897364,61.39625746098154,12.491202289121093,False,-0.4998563054368029,BAY_OF_SEINE
120,2001-07-04,548.7653270687354,1027.2519956861763,-415.7937783583205,-62.69289025912042,67.32665437965332,26.112540249897364,61.39625746098154,12.491202289121093,False,-0.4998563054368029,BAY_OF_SEINE
121,2001-07-12,568.6430934491066,1014.762558245508,-369.0952837246191,-77.02418107178232,67.32665437965332,26.112540249897364,61.39625746098154,12.491202289121093,False,-0.4998563054368029,BAY_OF_SEINE
122,2001-07-20,568.6430934491066,1001.6825424178484,-357.1862962106825,-75.85315275805942,67.32665437965332,26.112540249897364,61.39625746098154,12.491202289121093,False,-0.4998563054368029,BAY_OF_SEINE
123,2001-07-28,550.4339300122584,988.0934486864622,-362.8753121680972,-74.78420650610661,67.32665437965332,26.112540249897364,61.39625746098154,12.491202289121093,False,-0.4998563054368029,BAY_OF_SEINE
124,2001-08-04,517.4942838265913,974.079540994378,-377.06523022856425,-79.52002693922236,67.32665437965332,26.112540249897364,61.39625746098154,12.491202289121093,False,-0.4998563054368029,BAY_OF_SEINE
125,2001-08-12,498.1945120855896,959.724979837932,-409.73855922720224,-51.79190852514006,67.32665437965332,26.112540249897364,61.39625746098154,12.491202289121093,False,-0.4998563054368029,BAY_OF_SEINE
126,2001-08-20,451.1921330429909,945.1123930287926,-430.8336589310471,-63.08660105475451,67.32665437965332,26.112540249897364,61.39625746098154,12.491202289121093,False,-0.4998563054368029,BAY_OF_SEINE
127,2001-08-28,433.0301448714298,930.3211465504088,-443.07605546059926,-54.21494621837974,67.32665437965332,26.112540249897364,61.39625746098154,12.491202289121093,False,-0.4998563054368029,BAY_OF_SEINE
128,2001-09-04,433.0301448714298,915.4277042520127,-445.5760216557169,-36.82153772486606,67.32665437965332,26.112540249897364,61.39625746098154,12.491202289121093,False,-0.4998563054368029,BAY_OF_SEINE
129,2001-09-12,449.920569323691,900.5048868912627,-438.482392312949,-12.1019252546227,67.32665437965332,26.112540249897364,61.39625746098154,12.491202289121093,False,-0.4998563054368029,BAY_OF_SEINE
130,2001-09-20,640.1781560747476,885.6227849286515,-356.6691668266337,111.22453797272976,67.32665437965332,26.112540249897364,61.39625746098154,12.491202289121093,False,-0.4998563054368029,BAY_OF_SEINE
131,2001-09-28,644.9049136315386,870.8516458456259,-346.8856770027267,120.9389447886395,67.32665437965332,26.112540249897364,61.39625746098154,12.491202289121093,False,-0.4998563054368029,BAY_OF_SEINE
132,2001-10-04,640.1781560747476,856.2616013189104,-323.6589553670896,107.5755101229268,67.32665437965332,26.112540249897364,61.39625746098154,12.491202289121093,False,-0.4998563054368029,BAY_OF_SEINE
133,2001-10-12,675.7367068692927,841.925161154529,-235.01250967719037,68.82405539195406,67.32665437965332,26.112540249897364,61.39625746098154,12.491202289121093,False,-0.4998563054368029,BAY_OF_SEINE
134,2001-10-20,656.9881162050617,827.9180047754791,-216.2957393722637,45.36585080184636,67.32665437965332,26.112540249897364,61.39625746098154,12.491202289121093,False,-0.4998563054368029,BAY_OF_SEINE
135,2001-10-28,656.9881162050617,814.3176351584092,-138.68179674173547,-18.64772221161201,67.32665437965332,26.112540249897364,61.39625746098154,12.491202289121093,False,-0.4998563054368029,BAY_OF_SEINE
136,2001-11-04,656.9881162050617,801.1963469136807,-105.90252576438354,-38.30570494423546,67.32665437965332,26.112540249897364,61.39625746098154,12.491202289121093,False,-0.4998563054368029,BAY_OF_SEINE
137,2001-11-12,562.9200237315775,788.6205086316328,3.4574333896927243,-229.15791828974795,67.32665437965332,26.112540249897364,61.39625746098154,12.491202289121093,False,-0.4998563054368029,BAY_OF_SEINE
138,2001-11-20,630.0095705495238,776.6442052242096,43.88853986824293,-190.52317454292876,67.32665437965332,26.112540249897364,61.39625746098154,12.491202289121093,False,-0.4998563054368029,BAY_OF_SEINE
139,2001-11-28,630.0095705495238,765.3130078258176,62.350223358749766,-197.6536606350436,67.32665437965332,26.112540249897364,61.39625746098154,12.491202289121093,False,-0.4998563054368029,BAY_OF_SEINE
140,2001-12-04,944.3727853663728,754.6658308009281,219.84775033372676,-30.14079576828206,67.32665437965332,26.112540249897364,61.39625746098154,12.491202289121093,False,-0.4998563054368029,BAY_OF_SEINE
141,2001-12-12,944.3727853663728,744.7345709266739,167.02948609076392,32.60872834893499,67.32665437965332,26.112540249897364,61.39625746098154,12.491202289121093,False,-0.4998563054368029,BAY_OF_SEINE
142,2001-12-20,841.9954861984212,735.5322102458596,112.9269960664263,-6.463720113864682,67.32665437965332,26.112540249897364,61.39625746098154,12.491202289121093,False,-0.4998563054368029,BAY_OF_SEINE
143,2001-12-28,841.9954861984212,727.0465535476242,235.8122595580032,-120.86332690720616,67.32665437965332,26.112540249897364,61.39625746098154,12.491202289121093,False,-0.4998563054368029,BAY_OF_SEINE
144,2002-01-04,960.6076239996412,719.2387876789804,448.1484137444894,-206.77957742382864,67.32665437965332,26.112540249897364,61.39625746098154,12.491202289121093,False,-0.4998563054368029,BAY_OF_SEINE
145,2002-01-12,960.6076239996412,712.0536153795186,449.7179081225683,-201.16389950244576,67.32665437965332,26.112540249897364,61.39625746098154,12.491202289121093,False,-0.4998563054368029,BAY_OF_SEINE
146,2002-01-20,949.2458147258518,705.4350115998632,337.17353105392044,-93.3627279279318,67.32665437965332,26.112540249897364,61.39625746098154,12.491202289121093,False,-0.4998563054368029,BAY_OF_SEINE
147,2002-01-28,949.2458147258518,699.3387934963325,339.83088267955617,-89.9238614500369,67.32665437965332,26.112540249897364,61.39625746098154,12.491202289121093,False,-0.4998563054368029,BAY_OF_SEINE
148,2002-02-04,959.044137684176,693.724162878735,401.2750167363904,-135.9550419309495,67.32665437965332,26.112540249897364,61.39625746098154,12.491202289121093,False,-0.4998563054368029,BAY_OF_SEINE
149,2002-02-12,1177.2370009973044,688.5414519203008,503.7196133908348,-15.024064313831104,67.32665437965332,26.112540249897364,61.39625746098154,12.491202289121093,False,-0.4998563054368029,BAY_OF_SEINE
150,2002-02-20,1575.4099742301946,683.7283321122604,467.54430412614033,424.13733799179386,67.32665437965332,26.112540249897364,61.39625746098154,12.491202289121093,False,-0.4998563054368029,BAY_OF_SEINE
151,2002-02-28,1808.6914471266248,679.2193699562499,537.60570815583,591.8663690145448,67.32665437965332,26.112540249897364,61.39625746098154,12.491202289121093,False,-0.4998563054368029,BAY_OF_SEINE
152,2002-03-04,1808.6914471266248,674.9529050700554,521.7165882613815,612.0219537951878,67.32665437965332,26.112540249897364,61.39625746098154,12.491202289121093,False,-0.4998563054368029,BAY_OF_SEINE
153,2002-03-12,1278.389769815259,670.8870691075614,384.2941690727631,223.20853163493425,67.32665437965332,26.112540249897364,61.39625746098154,12.491202289121093,False,-0.4998563054368029,BAY_OF_SEINE
154,2002-03-20,1278.389769815259,667.0063001009541,567.114626394201,44.26884332010354,67.32665437965332,26.112540249897364,61.39625746098154,12.491202289121093,False,-0.4998563054368029,BAY_OF_SEINE
155,2002-03-28,1278.389769815259,663.3305068124461,563.8392206868753,51.22004231593735,67.32665437965332,26.112540249897364,61.39625746098154,12.491202289121093,False,-0.4998563054368029,BAY_OF_SEINE
156,2002-04-04,781.0600846237314,659.9021389235521,263.15577710744026,-141.99783140726095,67.32665437965332,26.112540249897364,61.39625746098154,12.491202289121093,False,-0.4998563054368029,BAY_OF_SEINE
157,2002-04-12,592.048945110063,656.7617514697636,114.38774985252384,-179.10055621222443,67.32665437965332,26.112540249897364,61.39625746098154,12.491202289121093,False,-0.4998563054368029,BAY_OF_SEINE
158,2002-04-20,532.9084092697271,653.9453158033895,77.18307335322372,-198.21997988688605,67.32665437965332,26.112540249897364,61.39625746098154,12.491202289121093,False,-0.4998563054368029,BAY_OF_SEINE
159,2002-04-28,509.13677767944864,651.4810334537108,77.74825255145761,-220.0925083257197,67.32665437965332,26.112540249897364,61.39625746098154,12.491202289121093,False,-0.4998563054368029,BAY_OF_SEINE
160,2002-05-04,501.9502612715544,649.3903317857629,45.54626368981328,-192.98633420402172,67.32665437965332,26.112540249897364,61.39625746098154,12.491202289121093,False,-0.4998563054368029,BAY_OF_SEINE
161,2002-05-12,490.8709704379548,647.6863081011494,8.11186466119129,-164.92720232438592,67.32665437965332,26.112540249897364,61.39625746098154,12.491202289121093,False,-0.4998563054368029,BAY_OF_SEINE
162,2002-05-20,452.2092288076042,646.3689697634516,-116.3766457891368,-77.78309516671054,67.32665437965332,26.112540249897364,61.39625746098154,12.491202289121093,False,-0.4998563054368029,BAY_OF_SEINE
163,2002-05-28,442.6310134192669,645.423270214077,-201.63532624763383,-1.1569305471762164,67.32665437965332,26.112540249897364,61.39625746098154,12.491202289121093,False,-0.4998563054368029,BAY_OF_SEINE
164,2002-06-04,413.5987188144079,644.8184134002884,-266.5968832829614,35.37718869708095,67.32665437965332,26.112540249897364,61.39625746098154,12.491202289121093,False,-0.4998563054368029,BAY_OF_SEINE
165,2002-06-12,362.2598917003713,644.511909953436,-296.33108134321816,14.079063090153513,67.32665437965332,26.112540249897364,61.39625746098154,12.491202289121093,False,-0.4998563054368029,BAY_OF_SEINE
166,2002-06-20,360.1867201091152,644.4553749348498,-330.1354180719914,45.86676324625671,67.32665437965332,26.112540249897364,61.39625746098154,12.491202289121093,False,-0.4998563054368029,BAY_OF_SEINE
167,2002-06-28,303.5448382395162,644.6001209608452,-355.4078615469918,14.352578825662818,67.32665437965332,26.112540249897364,61.39625746098154,12.491202289121093,False,-0.4998563054368029,BAY_OF_SEINE
168,2002-07-04,290.359295384903,644.8974485786722,-348.52929920624825,-6.008853987520922,67.32665437965332,26.112540249897364,61.39625746098154,12.491202289121093,False,-0.4998563054368029,BAY_OF_SEINE
169,2002-07-12,290.359295384903,645.2991391343822,-352.43048652138765,-2.5093572280915737,67.32665437965332,26.112540249897364,61.39625746098154,12.491202289121093,False,-0.4998563054368029,BAY_OF_SEINE
170,2002-07-20,267.03191798548085,645.7590117610816,-363.8842305334835,-14.84286324211729,67.32665437965332,26.112540249897364,61.39625746098154,12.491202289121093,False,-0.4998563054368029,BAY_OF_SEINE
171,2002-07-28,277.6421194698331,646.2323975267186,-366.5306345785245,-2.0596434783610107,67.32665437965332,26.112540249897364,61.39625746098154,12.491202289121093,False,-0.4998563054368029,BAY_OF_SEINE
172,2002-08-04,277.6421194698331,646.6773435545072,-374.59465025989374,5.5594261752196985,67.32665437965332,26.112540249897364,61.39625746098154,12.491202289121093,False,-0.4998563054368029,BAY_OF_SEINE
173,2002-08-12,277.6421194698331,647.055054259358,-376.9726529603937,7.559718170868791,67.32665437965332,26.112540249897364,61.39625746098154,12.491202289121093,False,-0.4998563054368029,BAY_OF_SEINE
174,2002-08-20,287.04055981783904,647.3308780365433,-372.6407842250008,12.350466006296529,67.32665437965332,26.112540249897364,61.39625746098154,12.491202289121093,False,-0.4998563054368029,BAY_OF_SEINE
175,2002-08-28,324.39556224295137,647.4755742745682,-350.76496988604856,27.68495785443173,67.32665437965332,26.112540249897364,61.39625746098154,12.491202289121093,False,-0.4998563054368029,BAY_OF_SEINE
176,2002-09-04,324.39556224295137,647.4650361245201,-347.28655934996283,24.21708546839409,67.32665437965332,26.112540249897364,61.39625746098154,12.491202289121093,False,-0.4998563054368029,BAY_OF_SEINE
177,2002-09-12,308.96063167848155,647.2809117269564,-342.5228755365073,4.202595488032387,67.32665437965332,26.112540249897364,61.39625746098154,12.491202289121093,False,-0.4998563054368029,BAY_OF_SEINE
178,2002-09-20,246.16788853802416,646.9104944492401,-316.822345036252,-83.92026087496396,67.32665437965332,26.112540249897364,61.39625746098154,12.491202289121093,False,-0.4998563054368029,BAY_OF_SEINE
179,2002-09-28,246.16788853802416,646.3460821289193,-301.60188537822063,-98.57630821267452,67.32665437965332,26.112540249897364,61.39625746098154,12.491202289121093,False,-0.4998563054368029,BAY_OF_SEINE
180,2002-10-04,246.16788853802416,645.584412609122,-288.2648067307345,-111.15171734036328,67.32665437965332,26.112540249897364,61.39625746098154,12.491202289121093,False,-0.4998563054368029,BAY_OF_SEINE
181,2002-10-12,261.27440368018523,644.6208174602632,-261.7300344417088,-121.61637933836914,67.32665437965332,26.112540249897364,61.39625746098154,12.491202289121093,False,-0.4998563054368029,BAY_OF_SEINE
182,2002-10-20,336.1369735354341,643.4496860558597,-220.5799449805716,-86.73276753985402,67.32665437965332,26.112540249897364,61.39625746098154,12.491202289121093,False,-0.4998563054368029,BAY_OF_SEINE
183,2002-10-28,532.4798991759728,642.0611276598707,-113.67855743270376,4.097328948805853,67.32665437965332,26.112540249897364,61.39625746098154,12.491202289121093,False,-0.4998563054368029,BAY_OF_SEINE
184,2002-11-04,628.3669505546616,640.4421667838766,-51.324881936788486,39.24966570757347,67.32665437965332,26.112540249897364,61.39625746098154,12.491202289121093,False,-0.4998563054368029,BAY_OF_SEINE
185,2002-11-12,942.242744937786,638.575353757536,88.76726845069645,214.9001227295534,67.32665437965332,26.112540249897364,61.39625746098154,12.491202289121093,False,-0.4998563054368029,BAY_OF_SEINE
186,2002-11-20,942.242744937786,636.4417347688816,113.074730997918,192.72627917098637,67.32665437965332,26.112540249897364,61.39625746098154,12.491202289121093,False,-0.4998563054368029,BAY_OF_SEINE
187,2002-11-28,647.6750601585204,634.0180534704365,-25.189261553795955,38.84626824187988,67.32665437965332,26.112540249897364,61.39625746098154,12.491202289121093,False,-0.4998563054368029,BAY_OF_SEINE
188,2002-12-04,642.0562916619907,631.2812940673915,58.69813263472835,-47.923135040129154,67.32665437965332,26.112540249897364,61.39625746098154,12.491202289121093,False,-0.4998563054368029,BAY_OF_SEINE
189,2002-12-12,642.0562916619907,628.2108486563703,68.69930826336349,-54.85386525774311,67.32665437965332,26.112540249897364,61.39625746098154,12.491202289121093,False,-0.4998563054368029,BAY_OF_SEINE
190,2002-12-20,817.4803733889534,624.7902042548003,132.12931868927635,60.56085044487671,67.32665437965332,26.112540249897364,61.39625746098154,12.491202289121093,False,-0.4998563054368029,BAY_OF_SEINE
191,2002-12-28,1307.008653624079,621.0030283876172,389.1963888757047,296.8092363607571,67.32665437965332,26.112540249897364,61.39625746098154,12.491202289121093,False,-0.4998563054368029,BAY_OF_SEINE
192,2003-01-04,1557.5928312171104,616.8335025510626,566.6782507655755,374.08107790047234,67.32665437965332,26.112540249897364,61.39625746098154,12.491202289121093,False,-0.4998563054368029,BAY_OF_SEINE
193,2003-01-12,1557.5928312171104,612.2667935844114,658.3354750021571,286.99056263054194,67.32665437965332,26.112540249897364,61.39625746098154,12.491202289121093,False,-0.4998563054368029,BAY_OF_SEINE
194,2003-01-20,1113.443264469841,607.2868985266393,589.9247913609604,-83.76842541775841,67.32665437965332,26.112540249897364,61.39625746098154,12.491202289121093,False,-0.4998563054368029,BAY_OF_SEINE
195,2003-01-28,1113.443264469841,601.8692170154342,591.170085290735,-79.59603783632781,67.32665437965332,26.112540249897364,61.39625746098154,12.491202289121093,False,-0.4998563054368029,BAY_OF_SEINE
196,2003-02-04,1297.8176626749034,595.9893428251474,604.2723003716537,97.55601947810226,67.32665437965332,26.112540249897364,61.39625746098154,12.491202289121093,False,-0.4998563054368029,BAY_OF_SEINE
197,2003-02-12,1297.8176626749034,589.635622262397,550.9192669875969,157.2627734249096,67.32665437965332,26.112540249897364,61.39625746098154,12.491202289121093,False,-0.4998563054368029,BAY_OF_SEINE
198,2003-02-20,810.8737022221923,582.8211008011634,369.3163716066532,-141.2637701856243,67.32665437965332,26.112540249897364,61.39625746098154,12.491202289121093,False,-0.4998563054368029,BAY_OF_SEINE
199,2003-02-28,707.7265743628433,575.5860230394263,376.4579347414501,-244.3173834180332,67.32665437965332,26.112540249897364,61.39625746098154,12.491202289121093,False,-0.4998563054368029,BAY_OF_SEINE
200,2003-03-04,641.5940834074963,567.9942783007901,333.3041553149041,-259.7043502081979,67.32665437965332,26.112540249897364,61.39625746098154,12.491202289121093,False,-0.4998563054368029,BAY_OF_SEINE
201,2003-03-12,555.4017580014995,560.1142500852611,158.2546836472855,-162.96717573104712,67.32665437965332,26.112540249897364,61.39625746098154,12.491202289121093,False,-0.4998563054368029,BAY_OF_SEINE
202,2003-03-20,499.8024924237759,552.0054554831698,132.88597867555774,-185.08894173495167,67.32665437965332,26.112540249897364,61.39625746098154,12.491202289121093,False,-0.4998563054368029,BAY_OF_SEINE
203,2003-03-28,476.2410330989085,543.7091682523522,121.97021616347944,-189.4383513169232,67.32665437965332,26.112540249897364,61.39625746098154,12.491202289121093,False,-0.4998563054368029,BAY_OF_SEINE
204,2003-04-04,464.5398492748883,535.2582657656676,-16.58652248090668,-54.131894009872624,67.32665437965332,26.112540249897364,61.39625746098154,12.491202289121093,False,-0.4998563054368029,BAY_OF_SEINE
205,2003-04-12,421.6590658131361,526.6818636812872,-91.52321191314752,-13.49958595500351,67.32665437965332,26.112540249897364,61.39625746098154,12.491202289121093,False,-0.4998563054368029,BAY_OF_SEINE
206,2003-04-20,407.109334081876,518.0024410418134,-112.14908389771092,1.2559769377734256,67.32665437965332,26.112540249897364,61.39625746098154,12.491202289121093,False,-0.4998563054368029,BAY_OF_SEINE
207,2003-04-28,407.109334081876,509.2420004127927,-115.13070728786045,12.998040956943726,67.32665437965332,26.112540249897364,61.39625746098154,12.491202289121093,False,-0.4998563054368029,BAY_OF_SEINE
208,2003-05-04,407.109334081876,500.4236972713725,-103.07144872684172,9.757085537345176,67.32665437965332,26.112540249897364,61.39625746098154,12.491202289121093,False,-0.4998563054368029,BAY_OF_SEINE
209,2003-05-12,452.1312602921557,491.57267408022096,-78.96084172099096,39.51942793292567,67.32665437965332,26.112540249897364,61.39625746098154,12.491202289121093,False,-0.4998563054368029,BAY_OF_SEINE
210,2003-05-20,413.99742065052857,482.71898662344654,-111.79118627861972,43.06962030570176,67.32665437965332,26.112540249897364,61.39625746098154,12.491202289121093,False,-0.4998563054368029,BAY_OF_SEINE
211,2003-05-28,413.99742065052857,473.89865721011006,-123.22302079460567,63.32178423502418,67.32665437965332,26.112540249897364,61.39625746098154,12.491202289121093,False,-0.4998563054368029,BAY_OF_SEINE
212,2003-06-04,358.7460806873156,465.1551517896592,-169.96401181724988,63.55494071490628,67.32665437965332,26.112540249897364,61.39625746098154,12.491202289121093,False,-0.4998563054368029,BAY_OF_SEINE
213,2003-06-12,354.9312710285549,456.5371614153673,-180.15906271291615,78.55317232610378,67.32665437965332,26.112540249897364,61.39625746098154,12.491202289121093,False,-0.4998563054368029,BAY_OF_SEINE
214,2003-06-20,252.86266108511668,448.0949397549952,-229.46770967270183,34.23543100282333,67.32665437965332,26.112540249897364,61.39625746098154,12.491202289121093,False,-0.4998563054368029,BAY_OF_SEINE
215,2003-06-28,252.86266108511668,439.8769661817676,-247.1418294653276,60.12752436867666,67.32665437965332,26.112540249897364,61.39625746098154,12.491202289121093,False,-0.4998563054368029,BAY_OF_SEINE
216,2003-07-04,250.51519625390588,431.93061567243535,-243.61339345505127,62.197974036521856,67.32665437965332,26.112540249897364,61.39625746098154,12.491202289121093,False,-0.4998563054368029,BAY_OF_SEINE
217,2003-07-12,208.7521435080037,424.2996997944504,-241.2085615443518,25.66100525790517,67.32665437965332,26.112540249897364,61.39625746098154,12.491202289121093,False,-0.4998563054368029,BAY_OF_SEINE
218,2003-07-20,208.7521435080037,417.0232283783525,-242.6039076791278,34.33282280877907,67.32665437965332,26.112540249897364,61.39625746098154,12.491202289121093,False,-0.4998563054368029,BAY_OF_SEINE
219,2003-07-28,196.0105872117428,410.1360268779621,-245.2423964089679,31.116956742748584,67.32665437965332,26.112540249897364,61.39625746098154,12.491202289121093,False,-0.4998563054368029,BAY_OF_SEINE
220,2003-08-04,195.43035366306017,403.6684166470098,-242.47119642171128,34.233133437761666,67.32665437965332,26.112540249897364,61.39625746098154,12.491202289121093,False,-0.4998563054368029,BAY_OF_SEINE
221,2003-08-12,195.43035366306017,397.6439713958015,-226.36801974317737,24.15440201043606,67.32665437965332,26.112540249897364,61.39625746098154,12.491202289121093,False,-0.4998563054368029,BAY_OF_SEINE
222,2003-08-20,218.6398465483352,392.0787244478248,-185.63054966499303,12.191671765503427,67.32665437965332,26.112540249897364,61.39625746098154,12.491202289121093,False,-0.4998563054368029,BAY_OF_SEINE
223,2003-08-28,218.6398465483352,386.98051616696665,-168.53636454412234,0.1956949254908409,67.32665437965332,26.112540249897364,61.39625746098154,12.491202289121093,False,-0.4998563054368029,BAY_OF_SEINE
224,2003-09-04,197.90437402728168,382.3498141309012,-188.68632892830064,4.240888824681093,67.32665437965332,26.112540249897364,61.39625746098154,12.491202289121093,False,-0.4998563054368029,BAY_OF_SEINE
225,2003-09-12,193.6670991582816,378.18137023515095,-195.9051833208621,11.390912243992773,67.32665437965332,26.112540249897364,61.39625746098154,12.491202289121093,False,-0.4998563054368029,BAY_OF_SEINE
226,2003-09-20,184.4197992728538,374.4640616429581,-214.55310349589595,24.508841125791605,67.32665437965332,26.112540249897364,61.39625746098154,12.491202289121093,False,-0.4998563054368029,BAY_OF_SEINE
227,2003-09-28,184.4197992728538,371.1807187257779,-211.72440349338476,24.9634840404606,67.32665437965332,26.112540249897364,61.39625746098154,12.491202289121093,False,-0.4998563054368029,BAY_OF_SEINE
228,2003-10-04,193.0729803991796,368.3115691675183,-204.64827865015783,29.409689881819133,67.32665437965332,26.112540249897364,61.39625746098154,12.491202289121093,False,-0.4998563054368029,BAY_OF_SEINE
229,2003-10-12,194.27809136478,365.8373336076377,-125.84994874760292,-45.7092934952548,67.32665437965332,26.112540249897364,61.39625746098154,12.491202289121093,False,-0.4998563054368029,BAY_OF_SEINE
230,2003-10-20,193.0729803991796,363.735255205666,-153.0758748292465,-17.586399977239893,67.32665437965332,26.112540249897364,61.39625746098154,12.491202289121093,False,-0.4998563054368029,BAY_OF_SEINE
231,2003-10-28,194.27809136478,361.9856701541465,-93.43827825357904,-74.26930053578744,67.32665437965332,26.112540249897364,61.39625746098154,12.491202289121093,False,-0.4998563054368029,BAY_OF_SEINE
232,2003-11-04,220.40016120032175,360.5739209559151,-53.803352473397695,-86.37040728219566,67.32665437965332,26.112540249897364,61.39625746098154,12.491202289121093,False,-0.4998563054368029,BAY_OF_SEINE
233,2003-11-12,220.40016120032175,359.49156068251,23.885121873586268,-162.97652135577448,67.32665437965332,26.112540249897364,61.39625746098154,12.491202289121093,False,-0.4998563054368029,BAY_OF_SEINE
234,2003-11-20,230.5768336130832,358.7346280965272,4.292688370357103,-132.45048285380108,67.32665437965332,26.112540249897364,61.39625746098154,12.491202289121093,False,-0.4998563054368029,BAY_OF_SEINE
235,2003-11-28,253.97125535291573,358.3020262070455,-58.62974923136876,-45.70102162276103,67.32665437965332,26.112540249897364,61.39625746098154,12.491202289121093,False,-0.4998563054368029,BAY_OF_SEINE
236,2003-12-04,278.1361045910199,358.1887110055658,6.717050796072337,-86.76965721061823,67.32665437965332,26.112540249897364,61.39625746098154,12.491202289121093,False,-0.4998563054368029,BAY_OF_SEINE
237,2003-12-12,312.1493806067985,358.38247941023417,22.453516821077255,-68.68661562451292,67.32665437965332,26.112540249897364,61.39625746098154,12.491202289121093,False,-0.4998563054368029,BAY_OF_SEINE
238,2003-12-20,312.1493806067985,358.8712405130884,64.58080822801048,-111.30266813430036,67.32665437965332,26.112540249897364,61.39625746098154,12.491202289121093,False,-0.4998563054368029,BAY_OF_SEINE
239,2003-12-28,356.047066997407,359.6483153022638,206.82901294409277,-210.4302612489496,67.32665437965332,26.112540249897364,61.39625746098154,12.491202289121093,False,-0.4998563054368029,BAY_OF_SEINE
240,2004-01-04,440.9524851707936,360.7158057659518,309.7012290568938,-229.464549652052,67.32665437965332,26.112540249897364,61.39625746098154,12.491202289121093,False,-0.4998563054368029,BAY_OF_SEINE
241,2004-01-12,802.1282872138823,362.0828686062529,487.69797393465086,-47.65255532702139,67.32665437965332,26.112540249897364,61.39625746098154,12.491202289121093,False,-0.4998563054368029,BAY_OF_SEINE
242,2004-01-20,1423.0232522278616,363.758774211313,684.1288172978583,375.1356607186903,67.32665437965332,26.112540249897364,61.39625746098154,12.491202289121093,False,-0.4998563054368029,BAY_OF_SEINE
243,2004-01-28,1423.0232522278616,365.7483733888115,662.1496166994449,395.125262139605,67.32665437965332,26.112540249897364,61.39625746098154,12.491202289121093,False,-0.4998563054368029,BAY_OF_SEINE
244,2004-02-04,1092.017098719875,368.0491330432134,568.8251782014343,155.14278747522746,67.32665437965332,26.112540249897364,61.39625746098154,12.491202289121093,False,-0.4998563054368029,BAY_OF_SEINE
245,2004-02-12,656.2613722634379,370.65592811934965,350.7638361512735,-65.15839200718523,67.32665437965332,26.112540249897364,61.39625746098154,12.491202289121093,False,-0.4998563054368029,BAY_OF_SEINE
246,2004-02-20,503.1436601808283,373.5567260316843,150.72131175829892,-21.13437760915494,67.32665437965332,26.112540249897364,61.39625746098154,12.491202289121093,False,-0.4998563054368029,BAY_OF_SEINE
247,2004-02-28,503.1380526895143,376.7269732420767,112.89555313583011,13.51552631160753,67.32665437965332,26.112540249897364,61.39625746098154,12.491202289121093,False,-0.4998563054368029,BAY_OF_SEINE
248,2004-03-04,459.6129054890523,380.1258288853843,59.96621945680534,19.520857146862674,67.32665437965332,26.112540249897364,61.39625746098154,12.491202289121093,False,-0.4998563054368029,BAY_OF_SEINE
249,2004-03-12,457.1609037904959,383.7069853729208,35.09580175021455,38.35811666736055,67.32665437965332,26.112540249897364,61.39625746098154,12.491202289121093,False,-0.4998563054368029,BAY_OF_SEINE
250,2004-03-20,459.6129054890523,387.4253721685538,20.79158734015896,51.39594598033956,67.32665437965332,26.112540249897364,61.39625746098154,12.491202289121093,False,-0.4998563054368029,BAY_OF_SEINE
251,2004-03-28,453.77021482153646,391.24014349609774,22.25265276272947,40.27741856270925,67.32665437965332,26.112540249897364,61.39625746098154,12.491202289121093,False,-0.4998563054368029,BAY_OF_SEINE
252,2004-04-04,410.6650076216961,395.1109740144783,-5.61153254836705,21.165566155584884,67.32665437965332,26.112540249897364,61.39625746098154,12.491202289121093,False,-0.4998563054368029,BAY_OF_SEINE
253,2004-04-12,378.4590704862076,399.0002616405551,-36.437752158383006,15.896561004035476,67.32665437965332,26.112540249897364,61.39625746098154,12.491202289121093,False,-0.4998563054368029,BAY_OF_SEINE
254,2004-04-20,376.7296293512256,402.8725004208154,-44.89259688919118,18.74972581960129,67.32665437965332,26.112540249897364,61.39625746098154,12.491202289121093,False,-0.4998563054368029,BAY_OF_SEINE
255,2004-04-28,376.7296293512256,406.69077501849887,-47.63974695808216,17.67860129080887,67.32665437965332,26.112540249897364,61.39625746098154,12.491202289121093,False,-0.4998563054368029,BAY_OF_SEINE
256,2004-05-04,417.83106248493567,410.4168650556464,-28.988571891063625,36.40276932035286,67.32665437965332,26.112540249897364,61.39625746098154,12.491202289121093,False,-0.4998563054368029,BAY_OF_SEINE
257,2004-05-12,417.83106248493567,414.0133507019093,-18.355136474681576,22.172848257708,67.32665437965332,26.112540249897364,61.39625746098154,12.491202289121093,False,-0.4998563054368029,BAY_OF_SEINE
258,2004-05-20,379.8234715219424,417.4454172496983,-45.27955332459139,7.657607596835518,67.32665437965332,26.112540249897364,61.39625746098154,12.491202289121093,False,-0.4998563054368029,BAY_OF_SEINE
259,2004-05-28,323.5375927648425,420.6822774707276,-71.08711940722893,-26.05756529865621,67.32665437965332,26.112540249897364,61.39625746098154,12.491202289121093,False,-0.4998563054368029,BAY_OF_SEINE
260,2004-06-04,258.4111186033471,423.69643482879377,-116.39669212258444,-48.8886241028622,67.32665437965332,26.112540249897364,61.39625746098154,12.491202289121093,False,-0.4998563054368029,BAY_OF_SEINE
261,2004-06-12,258.4111186033471,426.4636239258425,-116.7557379808906,-51.29676734160479,67.32665437965332,26.112540249897364,61.39625746098154,12.491202289121093,False,-0.4998563054368029,BAY_OF_SEINE
262,2004-06-20,248.623808720463,428.9624183821437,-145.73389803822968,-34.60471162345104,67.32665437965332,26.112540249897364,61.39625746098154,12.491202289121093,False,-0.4998563054368029,BAY_OF_SEINE
263,2004-06-28,210.27047280217505,431.1751807846792,-161.34371412734822,-59.560993855156,67.32665437965332,26.112540249897364,61.39625746098154,12.491202289121093,False,-0.4998563054368029,BAY_OF_SEINE
264,2004-07-04,210.27047280217505,433.0880218259518,-156.06498513042217,-66.75256389335459,67.32665437965332,26.112540249897364,61.39625746098154,12.491202289121093,False,-0.4998563054368029,BAY_OF_SEINE
265,2004-07-12,272.17428253094255,434.6934648541272,-128.19039263330023,-34.328789689884445,67.32665437965332,26.112540249897364,61.39625746098154,12.491202289121093,False,-0.4998563054368029,BAY_OF_SEINE
266,2004-07-20,273.6514004986903,435.9905121661351,-118.57691185300652,-43.76219981443828,67.32665437965332,26.112540249897364,61.39625746098154,12.491202289121093,False,-0.4998563054368029,BAY_OF_SEINE
267,2004-07-28,272.17428253094255,436.98433847986126,-112.53412140070266,-52.27593454821606,67.32665437965332,26.112540249897364,61.39625746098154,12.491202289121093,False,-0.4998563054368029,BAY_OF_SEINE
268,2004-08-04,273.6514004986903,437.68769081718943,-179.63166715785337,15.59537683935423,67.32665437965332,26.112540249897364,61.39625746098154,12.491202289121093,False,-0.4998563054368029,BAY_OF_SEINE
269,2004-08-12,316.4158644528039,438.1256762888948,-160.55085918838452,38.8410473522936,67.32665437965332,26.112540249897364,61.39625746098154,12.491202289121093,False,-0.4998563054368029,BAY_OF_SEINE
270,2004-08-20,394.6971367832288,438.33493730962977,-111.08502486666536,67.44722434026441,67.32665437965332,26.112540249897364,61.39625746098154,12.491202289121093,False,-0.4998563054368029,BAY_OF_SEINE
271,2004-08-28,394.6971367832288,438.36156676597614,-109.5274072786652,65.86297729591789,67.32665437965332,26.112540249897364,61.39625746098154,12.491202289121093,False,-0.4998563054368029,BAY_OF_SEINE
272,2004-09-04,322.7979904874865,438.25821570397926,-146.2762647409903,30.81603952449757,67.32665437965332,26.112540249897364,61.39625746098154,12.491202289121093,False,-0.4998563054368029,BAY_OF_SEINE
273,2004-09-12,291.52265057675,438.0806945054352,-162.0036186372833,15.445574708598087,67.32665437965332,26.112540249897364,61.39625746098154,12.491202289121093,False,-0.4998563054368029,BAY_OF_SEINE
274,2004-09-20,279.32980069094543,437.8856816341888,-171.38484832642376,12.828967383180384,67.32665437965332,26.112540249897364,61.39625746098154,12.491202289121093,False,-0.4998563054368029,BAY_OF_SEINE
275,2004-09-28,273.56447831538696,437.7285045324671,-92.09039581938794,-72.07363039769217,67.32665437965332,26.112540249897364,61.39625746098154,12.491202289121093,False,-0.4998563054368029,BAY_OF_SEINE
276,2004-10-04,273.56447831538696,437.6553366531645,-91.9346176474616,-72.15624069031594,67.32665437965332,26.112540249897364,61.39625746098154,12.491202289121093,False,-0.4998563054368029,BAY_OF_SEINE
277,2004-10-12,,437.70398171829765,53.91147223669763,76.08068349876802,67.32665437965332,26.112540249897364,61.39625746098154,12.491202289121093,False,-0.4998563054368029,BAY_OF_SEINE
278,2004-10-20,386.1390189343783,437.9059330054274,-37.75543146810859,-14.011482602940497,67.32665437965332,26.112540249897364,61.39625746098154,12.491202289121093,False,-0.4998563054368029,BAY_OF_SEINE
279,2004-10-28,427.2296797920663,438.2833051019098,-17.071742507369006,6.018117197525523,67.32665437965332,26.112540249897364,61.39625746098154,12.491202289121093,False,-0.4998563054368029,BAY_OF_SEINE
280,2004-11-04,440.1589142555393,438.8513904850009,-4.0293455474200925,5.336869317958445,67.32665437965332,26.112540249897364,61.39625746098154,12.491202289121093,False,-0.4998563054368029,BAY_OF_SEINE
281,2004-11-12,440.1589142555393,439.6166943950233,-3.998023846004711,4.540243706520725,67.32665437965332,26.112540249897364,61.39625746098154,12.491202289121093,False,-0.4998563054368029,BAY_OF_SEINE
282,2004-11-20,345.0328057777068,440.5791210665042,-140.63527372139328,45.08895843259592,67.32665437965332,26.112540249897364,61.39625746098154,12.491202289121093,False,-0.4998563054368029,BAY_OF_SEINE
283,2004-11-28,345.0328057777068,441.7386874112223,-135.4187797459498,38.71289811243429,67.32665437965332,26.112540249897364,61.39625746098154,12.491202289121093,False,-0.4998563054368029,BAY_OF_SEINE
284,2004-12-04,,443.0999344970399,4.185108695823452,120.41109426089994,67.32665437965332,26.112540249897364,61.39625746098154,12.491202289121093,False,-0.4998563054368029,BAY_OF_SEINE
285,2004-12-12,,444.6704889302436,11.842265832989778,111.18338269052992,67.32665437965332,26.112540249897364,61.39625746098154,12.491202289121093,False,-0.4998563054368029,BAY_OF_SEINE
286,2004-12-20,,446.4555284992524,3.049213883336812,118.19139507117409,67.32665437965332,26.112540249897364,61.39625746098154,12.491202289121093,False,-0.4998563054368029,BAY_OF_SEINE
287,2004-12-28,,448.45822116521066,12.626000069596929,106.61191621895571,67.32665437965332,26.112540249897364,61.39625746098154,12.491202289121093,False,-0.4998563054368029,BAY_OF_SEINE
288,2005-01-04,,450.67863766281766,47.839969548621376,69.17753024232425,67.32665437965332,26.112540249897364,61.39625746098154,12.491202289121093,False,-0.4998563054368029,BAY_OF_SEINE
289,2005-01-12,,453.1150039103276,169.1433357296055,-54.56220218616983,67.32665437965332,26.112540249897364,61.39625746098154,12.491202289121093,False,-0.4998563054368029,BAY_OF_SEINE
290,2005-01-20,,455.7696076523144,295.8286748951448,-183.90214509369585,67.32665437965332,26.112540249897364,61.39625746098154,12.491202289121093,False,-0.4998563054368029,BAY_OF_SEINE
291,2005-01-28,492.1675859565152,458.6560983632889,256.0498494190481,-222.53836182582185,67.32665437965332,26.112540249897364,61.39625746098154,12.491202289121093,False,-0.4998563054368029,BAY_OF_SEINE
292,2005-02-04,605.8870133195649,461.7938878278454,214.61879146211163,-70.5256659703922,67.32665437965332,26.112540249897364,61.39625746098154,12.491202289121093,False,-0.4998563054368029,BAY_OF_SEINE
293,2005-02-12,611.507226123378,465.1919075035461,107.7419384330526,38.57338018677935,67.32665437965332,26.112540249897364,61.39625746098154,12.491202289121093,False,-0.4998563054368029,BAY_OF_SEINE
294,2005-02-20,611.507226123378,468.8436712043645,159.1061144175579,-16.442559498544398,67.32665437965332,26.112540249897364,61.39625746098154,12.491202289121093,False,-0.4998563054368029,BAY_OF_SEINE
295,2005-02-28,570.560511278541,472.7262739189226,161.36165589415947,-63.52741853454114,67.32665437965332,26.112540249897364,61.39625746098154,12.491202289121093,False,-0.4998563054368029,BAY_OF_SEINE
296,2005-03-04,518.5175825140777,476.81041837019,123.18178541932504,-81.47462127543733,67.32665437965332,26.112540249897364,61.39625746098154,12.491202289121093,False,-0.4998563054368029,BAY_OF_SEINE
297,2005-03-12,516.1647874524498,481.0604016679064,166.2513183626809,-131.1469325781375,67.32665437965332,26.112540249897364,61.39625746098154,12.491202289121093,False,-0.4998563054368029,BAY_OF_SEINE
298,2005-03-20,516.1647874524498,485.4313074314414,186.921038463592,-156.18755844258357,67.32665437965332,26.112540249897364,61.39625746098154,12.491202289121093,False,-0.4998563054368029,BAY_OF_SEINE
299,2005-03-28,,489.8657174564145,205.8936739673843,-128.06325397003548,67.32665437965332,26.112540249897364,61.39625746098154,12.491202289121093,False,-0.4998563054368029,BAY_OF_SEINE
300,2005-04-04,,494.2976930554841,190.90474302872008,-117.50629863044088,67.32665437965332,26.112540249897364,61.39625746098154,12.491202289121093,False,-0.4998563054368029,BAY_OF_SEINE
301,2005-04-12,,498.6555472109768,90.26545074856286,-21.224860505776363,67.32665437965332,26.112540249897364,61.39625746098154,12.491202289121093,False,-0.4998563054368029,BAY_OF_SEINE
302,2005-04-20,,502.86864533720967,51.92392879983005,12.903563316723575,67.32665437965332,26.112540249897364,61.39625746098154,12.491202289121093,False,-0.4998563054368029,BAY_OF_SEINE
303,2005-04-28,,506.8705808132748,26.218201760553587,34.60735487993493,67.32665437965332,26.112540249897364,61.39625746098154,12.491202289121093,False,-0.4998563054368029,BAY_OF_SEINE
304,2005-05-04,,510.6009978748199,33.160792694010034,23.934346884933383,67.32665437965332,26.112540249897364,61.39625746098154,12.491202289121093,False,-0.4998563054368029,BAY_OF_SEINE
305,2005-05-12,,514.0051933217449,40.95639677800019,12.734547354018254,67.32665437965332,26.112540249897364,61.39625746098154,12.491202289121093,False,-0.4998563054368029,BAY_OF_SEINE
306,2005-05-20,,517.0333977802268,29.14838759861821,21.514352074918307,67.32665437965332,26.112540249897364,61.39625746098154,12.491202289121093,False,-0.4998563054368029,BAY_OF_SEINE
307,2005-05-28,,519.6399925334912,-0.238912204330139,48.29505712460226,67.32665437965332,26.112540249897364,61.39625746098154,12.491202289121093,False,-0.4998563054368029,BAY_OF_SEINE
308,2005-06-04,,521.7845368263164,-39.10253197627795,85.01413260372485,67.32665437965332,26.112540249897364,61.39625746098154,12.491202289121093,False,-0.4998563054368029,BAY_OF_SEINE
309,2005-06-12,,523.4326150352902,-68.75559831107421,113.01912072954735,67.32665437965332,26.112540249897364,61.39625746098154,12.491202289121093,False,-0.4998563054368029,BAY_OF_SEINE
310,2005-06-20,,524.5582575657553,-79.32126521046236,122.45914509847036,67.32665437965332,26.112540249897364,61.39625746098154,12.491202289121093,False,-0.4998563054368029,BAY_OF_SEINE
311,2005-06-28,,525.1443049652393,-89.61049013030411,132.16232261882817,67.32665437965332,26.112540249897364,61.39625746098154,12.491202289121093,False,-0.4998563054368029,BAY_OF_SEINE
312,2005-07-04,,525.1818080737334,-89.92705410037495,132.4413834804049,67.32665437965332,26.112540249897364,61.39625746098154,12.491202289121093,False,-0.4998563054368029,BAY_OF_SEINE
313,2005-07-12,,524.6686798136411,-74.72813591944785,117.75559355957004,67.32665437965332,26.112540249897364,61.39625746098154,12.491202289121093,False,-0.4998563054368029,BAY_OF_SEINE
314,2005-07-20,,523.6102453223297,-76.79107529367738,120.87696742511102,67.32665437965332,26.112540249897364,61.39625746098154,12.491202289121093,False,-0.4998563054368029,BAY_OF_SEINE
315,2005-07-28,,522.0195755434902,-73.878753689483,119.55531559975611,67.32665437965332,26.112540249897364,61.39625746098154,12.491202289121093,False,-0.4998563054368029,BAY_OF_SEINE
316,2005-08-04,257.8582234306336,519.9158394842101,-225.25282060837395,-36.804795445202615,67.32665437965332,26.112540249897364,61.39625746098154,12.491202289121093,False,-0.4998563054368029,BAY_OF_SEINE
317,2005-08-12,215.85731939918287,517.3217943369746,-221.26681565856524,-80.19765927922646,67.32665437965332,26.112540249897364,61.39625746098154,12.491202289121093,False,-0.4998563054368029,BAY_OF_SEINE
318,2005-08-20,215.85731939918287,514.2641278166766,-189.8074894033348,-108.59931901415894,67.32665437965332,26.112540249897364,61.39625746098154,12.491202289121093,False,-0.4998563054368029,BAY_OF_SEINE
319,2005-08-28,215.85731939918287,510.7719109029794,-191.81095594596508,-103.10363555783152,67.32665437965332,26.112540249897364,61.39625746098154,12.491202289121093,False,-0.4998563054368029,BAY_OF_SEINE
320,2005-09-04,229.32106871810453,506.8759674308513,-208.1666336518232,-69.38826506092354,67.32665437965332,26.112540249897364,61.39625746098154,12.491202289121093,False,-0.4998563054368029,BAY_OF_SEINE
321,2005-09-12,232.61611110104317,502.6068081646044,-223.6379207012791,-46.35277636228213,67.32665437965332,26.112540249897364,61.39625746098154,12.491202289121093,False,-0.4998563054368029,BAY_OF_SEINE
322,2005-09-20,232.61611110104317,497.9943227715557,-233.2365023157788,-32.141709354733734,67.32665437965332,26.112540249897364,61.39625746098154,12.491202289121093,False,-0.4998563054368029,BAY_OF_SEINE
323,2005-09-28,,493.06923950436334,-69.41466290684627,144.04156085624624,67.32665437965332,26.112540249897364,61.39625746098154,12.491202289121093,False,-0.4998563054368029,BAY_OF_SEINE
324,2005-10-04,,487.8666891711305,-41.83523918515313,121.66468746778597,67.32665437965332,26.112540249897364,61.39625746098154,12.491202289121093,False,-0.4998563054368029,BAY_OF_SEINE
325,2005-10-12,,482.4237008737837,29.69530871798052,55.57712786199911,67.32665437965332,26.112540249897364,61.39625746098154,12.491202289121093,False,-0.4998563054368029,BAY_OF_SEINE
326,2005-10-20,,476.78309687217313,-8.607261013145191,99.52030159473536,67.32665437965332,26.112540249897364,61.39625746098154,12.491202289121093,False,-0.4998563054368029,BAY_OF_SEINE
327,2005-10-28,,470.9936019653055,-4.17649444209358,100.87902993055135,67.32665437965332,26.112540249897364,61.39625746098154,12.491202289121093,False,-0.4998563054368029,BAY_OF_SEINE
328,2005-11-04,,465.1043401068399,-13.275762941183444,115.86756028810684,67.32665437965332,26.112540249897364,61.39625746098154,12.491202289121093,False,-0.4998563054368029,BAY_OF_SEINE
329,2005-11-12,,459.1693061697107,-11.097463874051565,119.62429515810416,67.32665437965332,26.112540249897364,61.39625746098154,12.491202289121093,False,-0.4998563054368029,BAY_OF_SEINE
330,2005-11-20,202.38905321006857,453.246485576601,-203.55401445490952,-47.30341791162292,67.32665437965332,26.112540249897364,61.39625746098154,12.491202289121093,False,-0.4998563054368029,BAY_OF_SEINE
331,2005-11-28,202.38905321006857,447.3940378117282,-134.92551876969048,-110.07946583196916,67.32665437965332,26.112540249897364,61.39625746098154,12.491202289121093,False,-0.4998563054368029,BAY_OF_SEINE
332,2005-12-04,294.8413040480981,441.6671083892369,-17.022172683775622,-129.80363165736316,67.32665437965332,26.112540249897364,61.39625746098154,12.491202289121093,False,-0.4998563054368029,BAY_OF_SEINE
333,2005-12-12,294.8413040480981,436.1207899200488,-28.745408916892927,-112.5340769550578,67.32665437965332,26.112540249897364,61.39625746098154,12.491202289121093,False,-0.4998563054368029,BAY_OF_SEINE
334,2005-12-20,263.38784416699343,430.8135636851899,-62.73822847345024,-104.6874910447462,67.32665437965332,26.112540249897364,61.39625746098154,12.491202289121093,False,-0.4998563054368029,BAY_OF_SEINE
335,2005-12-28,263.38784416699343,425.80352220064856,-60.27144387286317,-102.14423416079195,67.32665437965332,26.112540249897364,61.39625746098154,12.491202289121093,False,-0.4998563054368029,BAY_OF_SEINE
336,2006-01-04,325.9757023742751,421.1426754045236,-19.57145208491057,-75.5955209453379,67.32665437965332,26.112540249897364,61.39625746098154,12.491202289121093,False,-0.4998563054368029,BAY_OF_SEINE
337,2006-01-12,457.1132872430875,416.8748491545516,102.0900160365257,-61.851577947989824,67.32665437965332,26.112540249897364,61.39625746098154,12.491202289121093,False,-0.4998563054368029,BAY_OF_SEINE
338,2006-01-20,350.33820027000417,413.0336785435106,72.80415202070907,-135.49963029421548,67.32665437965332,26.112540249897364,61.39625746098154,12.491202289121093,False,-0.4998563054368029,BAY_OF_SEINE
339,2006-01-28,350.33820027000417,409.63943700841446,56.24281547881687,-115.54405221722718,67.32665437965332,26.112540249897364,61.39625746098154,12.491202289121093,False,-0.4998563054368029,BAY_OF_SEINE
340,2006-02-04,293.9297915285725,406.70374148762727,68.2350255584289,-181.0089755174837,67.32665437965332,26.112540249897364,61.39625746098154,12.491202289121093,False,-0.4998563054368029,BAY_OF_SEINE
341,2006-02-12,293.9297915285725,404.2357559385985,106.67124602186826,-216.9772104318943,67.32665437965332,26.112540249897364,61.39625746098154,12.491202289121093,False,-0.4998563054368029,BAY_OF_SEINE
342,2006-02-20,655.4646889027339,402.2433767215714,287.29644870473373,-34.075136523571246,67.32665437965332,26.112540249897364,61.39625746098154,12.491202289121093,False,-0.4998563054368029,BAY_OF_SEINE
343,2006-02-28,749.6689482862716,400.72918630532354,382.4257149759099,-33.48595299496179,67.32665437965332,26.112540249897364,61.39625746098154,12.491202289121093,False,-0.4998563054368029,BAY_OF_SEINE
344,2006-03-04,749.6689482862716,399.68323568618734,370.4485621203932,-20.46284952030885,67.32665437965332,26.112540249897364,61.39625746098154,12.491202289121093,False,-0.4998563054368029,BAY_OF_SEINE
345,2006-03-12,936.1033024927912,399.0865629871415,462.926365890111,74.09037361553874,67.32665437965332,26.112540249897364,61.39625746098154,12.491202289121093,False,-0.4998563054368029,BAY_OF_SEINE
346,2006-03-20,1024.1537475668797,398.9166114038411,385.0072984093984,240.2298377536402,67.32665437965332,26.112540249897364,61.39625746098154,12.491202289121093,False,-0.4998563054368029,BAY_OF_SEINE
347,2006-03-28,1014.70180956493,399.1621229521627,389.541308380473,225.99837823229436,67.32665437965332,26.112540249897364,61.39625746098154,12.491202289121093,False,-0.4998563054368029,BAY_OF_SEINE
348,2006-04-04,1014.70180956493,399.8232126924052,390.5039860735332,224.37461079899168,67.32665437965332,26.112540249897364,61.39625746098154,12.491202289121093,False,-0.4998563054368029,BAY_OF_SEINE
349,2006-04-12,659.364720440558,400.9097955843628,141.39131551423898,117.06360934195628,67.32665437965332,26.112540249897364,61.39625746098154,12.491202289121093,False,-0.4998563054368029,BAY_OF_SEINE
350,2006-04-20,521.7763958314307,402.4395581377775,42.02474634446676,77.31209134918649,67.32665437965332,26.112540249897364,61.39625746098154,12.491202289121093,False,-0.4998563054368029,BAY_OF_SEINE
351,2006-04-28,434.27759805650015,404.4365018838685,-13.56095143316665,43.40204760579829,67.32665437965332,26.112540249897364,61.39625746098154,12.491202289121093,False,-0.4998563054368029,BAY_OF_SEINE
352,2006-05-04,434.27759805650015,406.9240614794409,-20.37140716272947,47.7249437397887,67.32665437965332,26.112540249897364,61.39625746098154,12.491202289121093,False,-0.4998563054368029,BAY_OF_SEINE
353,2006-05-12,477.4751246244798,409.9225116387617,3.432705268487105,64.11990771723106,67.32665437965332,26.112540249897364,61.39625746098154,12.491202289121093,False,-0.4998563054368029,BAY_OF_SEINE
354,2006-05-20,477.4751246244798,413.4452601187581,6.791844258941037,57.23802024678068,67.32665437965332,26.112540249897364,61.39625746098154,12.491202289121093,False,-0.4998563054368029,BAY_OF_SEINE
355,2006-05-28,425.1285344886865,417.4992051887071,-21.005150858231705,28.63448015821112,67.32665437965332,26.112540249897364,61.39625746098154,12.491202289121093,False,-0.4998563054368029,BAY_OF_SEINE
356,2006-06-04,344.7556334269102,422.0854914114368,-74.34480750013107,-2.985050484395529,67.32665437965332,26.112540249897364,61.39625746098154,12.491202289121093,False,-0.4998563054368029,BAY_OF_SEINE
357,2006-06-12,233.61177620346552,427.20028075734126,-133.32587130576454,-60.2626332481112,67.32665437965332,26.112540249897364,61.39625746098154,12.491202289121093,False,-0.4998563054368029,BAY_OF_SEINE
358,2006-06-20,205.90721459111373,432.8335750883261,-149.1743964537964,-77.75196404341602,67.32665437965332,26.112540249897364,61.39625746098154,12.491202289121093,False,-0.4998563054368029,BAY_OF_SEINE
359,2006-06-28,205.6351509484996,438.9673512213539,-146.83307705535736,-86.49912321749693,67.32665437965332,26.112540249897364,61.39625746098154,12.491202289121093,False,-0.4998563054368029,BAY_OF_SEINE
360,2006-07-04,205.90721459111373,445.5744185584319,-144.33315655524575,-95.3340474120724,67.32665437965332,26.112540249897364,61.39625746098154,12.491202289121093,False,-0.4998563054368029,BAY_OF_SEINE
361,2006-07-12,205.6351509484996,452.61861914781593,-143.1035676098514,-103.87990058946492,67.32665437965332,26.112540249897364,61.39625746098154,12.491202289121093,False,-0.4998563054368029,BAY_OF_SEINE
362,2006-07-20,189.29219362290968,460.0549210763063,-155.1310329279443,-115.63169452545232,67.32665437965332,26.112540249897364,61.39625746098154,12.491202289121093,False,-0.4998563054368029,BAY_OF_SEINE
363,2006-07-28,189.29219362290968,467.82925353971,-160.51192898937464,-118.02513092742568,67.32665437965332,26.112540249897364,61.39625746098154,12.491202289121093,False,-0.4998563054368029,BAY_OF_SEINE
364,2006-08-04,191.1397588807585,475.8795182380228,-241.806457884575,-42.933301472689294,67.32665437965332,26.112540249897364,61.39625746098154,12.491202289121093,False,-0.4998563054368029,BAY_OF_SEINE
365,2006-08-12,244.9716652407493,484.1375491580402,-225.84857127213053,-13.31731264516037,67.32665437965332,26.112540249897364,61.39625746098154,12.491202289121093,False,-0.4998563054368029,BAY_OF_SEINE
366,2006-08-20,299.9569920221789,492.52811876322806,-173.91800445347775,-18.653122287571364,67.32665437965332,26.112540249897364,61.39625746098154,12.491202289121093,False,-0.4998563054368029,BAY_OF_SEINE
367,2006-08-28,308.02158798011305,500.9737080896205,-173.8814115554945,-19.070708554012956,67.32665437965332,26.112540249897364,61.39625746098154,12.491202289121093,False,-0.4998563054368029,BAY_OF_SEINE
368,2006-09-04,308.02158798011305,509.3983255013093,-203.4152689854235,2.038531464227276,67.32665437965332,26.112540249897364,61.39625746098154,12.491202289121093,False,-0.4998563054368029,BAY_OF_SEINE
369,2006-09-12,293.817029681327,517.7330676766978,-229.65912078096284,5.743082785592037,67.32665437965332,26.112540249897364,61.39625746098154,12.491202289121093,False,-0.4998563054368029,BAY_OF_SEINE
370,2006-09-20,287.95208178373963,525.9187822639601,-239.3200899632733,1.3533894830528084,67.32665437965332,26.112540249897364,61.39625746098154,12.491202289121093,False,-0.4998563054368029,BAY_OF_SEINE
371,2006-09-28,293.817029681327,533.9062342673639,-156.83289651353016,-83.25630807250667,67.32665437965332,26.112540249897364,61.39625746098154,12.491202289121093,False,-0.4998563054368029,BAY_OF_SEINE
372,2006-10-04,418.42175192064144,541.6562762866608,-86.63103011641807,-36.603494249601326,67.32665437965332,26.112540249897364,61.39625746098154,12.491202289121093,False,-0.4998563054368029,BAY_OF_SEINE
373,2006-10-12,418.42175192064144,549.1404326392997,-90.83709596348405,-39.881584755174174,67.32665437965332,26.112540249897364,61.39625746098154,12.491202289121093,False,-0.4998563054368029,BAY_OF_SEINE
374,2006-10-20,445.3531452706694,556.3331847059133,-95.9831751356686,-14.996864299575236,67.32665437965332,26.112540249897364,61.39625746098154,12.491202289121093,False,-0.4998563054368029,BAY_OF_SEINE
375,2006-10-28,416.13295443574407,563.2104542829422,-123.6183157549014,-23.45918409229678,67.32665437965332,26.112540249897364,61.39625746098154,12.491202289121093,False,-0.4998563054368029,BAY_OF_SEINE
376,2006-11-04,358.5355172770602,569.7524502635807,-156.6486861851302,-54.56824680139033,67.32665437965332,26.112540249897364,61.39625746098154,12.491202289121093,False,-0.4998563054368029,BAY_OF_SEINE
377,2006-11-12,358.5355172770602,575.9405659769238,-157.72473252490911,-59.68031617495453,67.32665437965332,26.112540249897364,61.39625746098154,12.491202289121093,False,-0.4998563054368029,BAY_OF_SEINE
378,2006-11-20,406.6523530465407,581.7552851972752,-215.42263976374468,40.31970761301025,67.32665437965332,26.112540249897364,61.39625746098154,12.491202289121093,False,-0.4998563054368029,BAY_OF_SEINE
379,2006-11-28,673.9247102880253,587.1726458501894,-72.30023832653615,159.05230276437203,67.32665437965332,26.112540249897364,61.39625746098154,12.491202289121093,False,-0.4998563054368029,BAY_OF_SEINE
380,2006-12-04,730.2247348743018,592.163134813493,59.20823593375599,78.85336412705283,67.32665437965332,26.112540249897364,61.39625746098154,12.491202289121093,False,-0.4998563054368029,BAY_OF_SEINE
381,2006-12-12,673.9247102880253,596.6929150485895,84.63670182745705,-7.4049065880212765,67.32665437965332,26.112540249897364,61.39625746098154,12.491202289121093,False,-0.4998563054368029,BAY_OF_SEINE
382,2006-12-20,590.3169671546111,600.7227042215351,33.99929596699122,-44.40503303391518,67.32665437965332,26.112540249897364,61.39625746098154,12.491202289121093,False,-0.4998563054368029,BAY_OF_SEINE
383,2006-12-28,590.3169671546111,604.2097505908093,-61.89166563515114,47.99888219895293,67.32665437965332,26.112540249897364,61.39625746098154,12.491202289121093,False,-0.4998563054368029,BAY_OF_SEINE
384,2007-01-04,619.0693451016142,607.1157212108003,-32.17161909831685,44.125242989130754,67.32665437965332,26.112540249897364,61.39625746098154,12.491202289121093,False,-0.4998563054368029,BAY_OF_SEINE
385,2007-01-12,834.4921983132178,609.4063969639951,177.4842708101787,47.601530539044006,67.32665437965332,26.112540249897364,61.39625746098154,12.491202289121093,False,-0.4998563054368029,BAY_OF_SEINE
386,2007-01-20,921.5409255525196,611.049467739907,194.26406502883668,116.22739278377588,67.32665437965332,26.112540249897364,61.39625746098154,12.491202289121093,False,-0.4998563054368029,BAY_OF_SEINE
387,2007-01-28,921.5409255525196,612.0181333679283,200.5511557915566,108.97163639303466,67.32665437965332,26.112540249897364,61.39625746098154,12.491202289121093,False,-0.4998563054368029,BAY_OF_SEINE
388,2007-02-04,962.8413785007998,612.290522023575,240.8711441731679,109.67971230405688,67.32665437965332,26.112540249897364,61.39625746098154,12.491202289121093,False,-0.4998563054368029,BAY_OF_SEINE
389,2007-02-12,1109.5163865527988,611.8535060752606,311.77042192163265,185.8924585559056,67.32665437965332,26.112540249897364,61.39625746098154,12.491202289121093,False,-0.4998563054368029,BAY_OF_SEINE
390,2007-02-20,1109.5163865527988,610.7035309807706,303.417879599627,195.3949759724013,67.32665437965332,26.112540249897364,61.39625746098154,12.491202289121093,False,-0.4998563054368029,BAY_OF_SEINE
391,2007-02-28,1344.4084704416969,608.8577079749872,441.9549059392047,293.595856527505,67.32665437965332,26.112540249897364,61.39625746098154,12.491202289121093,False,-0.4998563054368029,BAY_OF_SEINE
392,2007-03-04,1350.064051372789,606.3561449159652,452.4717588500045,291.2361476068193,67.32665437965332,26.112540249897364,61.39625746098154,12.491202289121093,False,-0.4998563054368029,BAY_OF_SEINE
393,2007-03-12,1350.064051372789,603.2537068013215,514.3677698695643,232.44257470190317,67.32665437965332,26.112540249897364,61.39625746098154,12.491202289121093,False,-0.4998563054368029,BAY_OF_SEINE
394,2007-03-20,862.4731427827033,599.6180663509122,414.4602370090707,-151.6051605772795,67.32665437965332,26.112540249897364,61.39625746098154,12.491202289121093,False,-0.4998563054368029,BAY_OF_SEINE
395,2007-03-28,844.8575019731904,595.5166977982136,440.8817835032883,-191.5409793283115,67.32665437965332,26.112540249897364,61.39625746098154,12.491202289121093,False,-0.4998563054368029,BAY_OF_SEINE
396,2007-04-04,844.1242931163242,591.0147221016947,441.5686452670891,-188.4590742524596,67.32665437965332,26.112540249897364,61.39625746098154,12.491202289121093,False,-0.4998563054368029,BAY_OF_SEINE
397,2007-04-12,552.6196571290949,586.1708522926356,175.224206188101,-208.77540135164168,67.32665437965332,26.112540249897364,61.39625746098154,12.491202289121093,False,-0.4998563054368029,BAY_OF_SEINE
398,2007-04-20,423.2236149776237,581.0383008087831,57.04212444780372,-214.8568102789632,67.32665437965332,26.112540249897364,61.39625746098154,12.491202289121093,False,-0.4998563054368029,BAY_OF_SEINE
399,2007-04-28,369.34902023061096,575.665671511635,-39.96721840747345,-166.34943287355054,67.32665437965332,26.112540249897364,61.39625746098154,12.491202289121093,False,-0.4998563054368029,BAY_OF_SEINE
400,2007-05-04,333.8318066077948,570.1044165953775,-77.86949382905478,-158.40311615852795,67.32665437965332,26.112540249897364,61.39625746098154,12.491202289121093,False,-0.4998563054368029,BAY_OF_SEINE
401,2007-05-12,333.8318066077948,564.4112031256695,-131.6472528511722,-98.93214366670252,67.32665437965332,26.112540249897364,61.39625746098154,12.491202289121093,False,-0.4998563054368029,BAY_OF_SEINE
402,2007-05-20,344.47982852124454,558.6527829034255,-125.03443709629168,-89.13851728588931,67.32665437965332,26.112540249897364,61.39625746098154,12.491202289121093,False,-0.4998563054368029,BAY_OF_SEINE
403,2007-05-28,344.47982852124454,552.9028155085016,-133.13110497659147,-75.29188201066557,67.32665437965332,26.112540249897364,61.39625746098154,12.491202289121093,False,-0.4998563054368029,BAY_OF_SEINE
404,2007-06-04,302.66390273930017,547.2367934556988,-170.6750453698195,-73.89784534657917,67.32665437965332,26.112540249897364,61.39625746098154,12.491202289121093,False,-0.4998563054368029,BAY_OF_SEINE
405,2007-06-12,302.66390273930017,541.7287430059935,-199.5409939069898,-39.5238463597035,67.32665437965332,26.112540249897364,61.39625746098154,12.491202289121093,False,-0.4998563054368029,BAY_OF_SEINE
406,2007-06-20,309.97873521958905,536.449274180799,-231.2649430207559,4.794404059545997,67.32665437965332,26.112540249897364,61.39625746098154,12.491202289121093,False,-0.4998563054368029,BAY_OF_SEINE
407,2007-06-28,331.2235170634232,531.4665154125589,-239.51818936144812,39.275191012312405,67.32665437965332,26.112540249897364,61.39625746098154,12.491202289121093,False,-0.4998563054368029,BAY_OF_SEINE
408,2007-07-04,348.259814344963,526.8471089968028,-233.89780430664197,55.3105096548021,67.32665437965332,26.112540249897364,61.39625746098154,12.491202289121093,False,-0.4998563054368029,BAY_OF_SEINE
409,2007-07-12,365.2945766033413,522.6550371736132,-223.9285739851721,66.56811341490024,67.32665437965332,26.112540249897364,61.39625746098154,12.491202289121093,False,-0.4998563054368029,BAY_OF_SEINE
410,2007-07-20,367.7952311347438,518.9503858511538,-238.67993881501027,87.52478409860029,67.32665437965332,26.112540249897364,61.39625746098154,12.491202289121093,False,-0.4998563054368029,BAY_OF_SEINE
411,2007-07-28,367.7952311347438,515.7896191335255,-238.76248729232375,90.76809929354204,67.32665437965332,26.112540249897364,61.39625746098154,12.491202289121093,False,-0.4998563054368029,BAY_OF_SEINE
412,2007-08-04,373.109359955722,513.2245977648545,-176.03209945743828,35.916861648305826,67.32665437965332,26.112540249897364,61.39625746098154,12.491202289121093,False,-0.4998563054368029,BAY_OF_SEINE
413,2007-08-12,398.8218601411961,511.2978516235448,-151.5420383216603,39.06604683931164,67.32665437965332,26.112540249897364,61.39625746098154,12.491202289121093,False,-0.4998563054368029,BAY_OF_SEINE
414,2007-08-20,518.1700177552639,510.0441141497533,-77.46344374119464,85.58934734670517,67.32665437965332,26.112540249897364,61.39625746098154,12.491202289121093,False,-0.4998563054368029,BAY_OF_SEINE
415,2007-08-28,518.1700177552639,509.4892299176273,-71.60163663303152,80.28242447066808,67.32665437965332,26.112540249897364,61.39625746098154,12.491202289121093,False,-0.4998563054368029,BAY_OF_SEINE
416,2007-09-04,405.62582158524697,509.6487228124387,-122.82486956026582,18.801968333074115,67.32665437965332,26.112540249897364,61.39625746098154,12.491202289121093,False,-0.4998563054368029,BAY_OF_SEINE
417,2007-09-12,344.689112722499,510.53037125982087,-151.53864798799358,-14.302610549328309,67.32665437965332,26.112540249897364,61.39625746098154,12.491202289121093,False,-0.4998563054368029,BAY_OF_SEINE
418,2007-09-20,334.6157773947054,512.1299478940977,-154.6759047064919,-22.83826579290036,67.32665437965332,26.112540249897364,61.39625746098154,12.491202289121093,False,-0.4998563054368029,BAY_OF_SEINE
419,2007-09-28,334.6157773947054,514.4310979961559,-152.6339812981029,-27.18133930334764,67.32665437965332,26.112540249897364,61.39625746098154,12.491202289121093,False,-0.4998563054368029,BAY_OF_SEINE
420,2007-10-04,383.9065364732494,517.4059702220505,-96.71491300060534,-36.78452074819582,67.32665437965332,26.112540249897364,61.39625746098154,12.491202289121093,False,-0.4998563054368029,BAY_OF_SEINE
421,2007-10-12,383.9065364732494,521.0167872960888,-97.77293561194526,-39.3373152108941,67.32665437965332,26.112540249897364,61.39625746098154,12.491202289121093,False,-0.4998563054368029,BAY_OF_SEINE
422,2007-10-20,324.5928898888195,525.2203935803979,-179.55415644724764,-21.073347244330705,67.32665437965332,26.112540249897364,61.39625746098154,12.491202289121093,False,-0.4998563054368029,BAY_OF_SEINE
423,2007-10-28,284.85163207193665,529.971030254596,-187.60744313656895,-57.51195504609041,67.32665437965332,26.112540249897364,61.39625746098154,12.491202289121093,False,-0.4998563054368029,BAY_OF_SEINE
424,2007-11-04,276.98799996278314,535.2187480214787,-192.32958022809692,-65.90116783059867,67.32665437965332,26.112540249897364,61.39625746098154,12.491202289121093,False,-0.4998563054368029,BAY_OF_SEINE
425,2007-11-12,276.98799996278314,540.9084957524368,-194.5845471966572,-69.33594859299649,67.32665437965332,26.112540249897364,61.39625746098154,12.491202289121093,False,-0.4998563054368029,BAY_OF_SEINE
426,2007-11-20,316.2233712974686,546.9819516017866,-173.35516194930162,-57.40341835501639,67.32665437965332,26.112540249897364,61.39625746098154,12.491202289121093,False,-0.4998563054368029,BAY_OF_SEINE
427,2007-11-28,355.69059216136947,553.3815435868728,-88.32241311998408,-109.36853830551924,67.32665437965332,26.112540249897364,61.39625746098154,12.491202289121093,False,-0.4998563054368029,BAY_OF_SEINE
428,2007-12-04,679.1421654102171,560.0535152558826,135.92662601017688,-16.837975855842416,67.32665437965332,26.112540249897364,61.39625746098154,12.491202289121093,False,-0.4998563054368029,BAY_OF_SEINE
429,2007-12-12,897.2849083903122,566.9450309219803,228.4924684201358,101.84740904819613,67.32665437965332,26.112540249897364,61.39625746098154,12.491202289121093,False,-0.4998563054368029,BAY_OF_SEINE
430,2007-12-20,897.2849083903122,574.0010881355314,183.6170171550848,139.66680309969604,67.32665437965332,26.112540249897364,61.39625746098154,12.491202289121093,False,-0.4998563054368029,BAY_OF_SEINE
431,2007-12-28,515.9142129588988,581.1682412895566,-37.22488398481702,-28.02914434584076,67.32665437965332,26.112540249897364,61.39625746098154,12.491202289121093,False,-0.4998563054368029,BAY_OF_SEINE
432,2008-01-04,515.9142129588988,588.399523209314,-55.70958936006281,-16.775720890352375,67.32665437965332,26.112540249897364,61.39625746098154,12.491202289121093,False,-0.4998563054368029,BAY_OF_SEINE
433,2008-01-12,793.456179877271,595.6579782084078,135.58706967940762,62.21113198945554,67.32665437965332,26.112540249897364,61.39625746098154,12.491202289121093,False,-0.4998563054368029,BAY_OF_SEINE
434,2008-01-20,793.456179877271,602.9138911821926,220.982264844858,-30.439976149779625,67.32665437965332,26.112540249897364,61.39625746098154,12.491202289121093,False,-0.4998563054368029,BAY_OF_SEINE
435,2008-01-28,817.8865973876601,610.1392637881787,237.1792574898238,-29.431923890342404,67.32665437965332,26.112540249897364,61.39625746098154,12.491202289121093,False,-0.4998563054368029,BAY_OF_SEINE
436,2008-02-04,957.4338280017254,617.3090886258416,374.9583204047954,-34.833581028911624,67.32665437965332,26.112540249897364,61.39625746098154,12.491202289121093,False,-0.4998563054368029,BAY_OF_SEINE
437,2008-02-12,957.4338280017254,624.3983437470347,382.63641094489145,-49.600926690200765,67.32665437965332,26.112540249897364,61.39625746098154,12.491202289121093,False,-0.4998563054368029,BAY_OF_SEINE
438,2008-02-20,572.3897752075835,631.3846704506578,188.5687030850722,-247.56359832814653,67.32665437965332,26.112540249897364,61.39625746098154,12.491202289121093,False,-0.4998563054368029,BAY_OF_SEINE
439,2008-02-28,572.3897752075835,638.245438564502,197.3936213719753,-263.2492847288938,67.32665437965332,26.112540249897364,61.39625746098154,12.491202289121093,False,-0.4998563054368029,BAY_OF_SEINE
440,2008-03-04,610.9920805966038,644.9580480727908,211.6178259840496,-245.5837934602365,67.32665437965332,26.112540249897364,61.39625746098154,12.491202289121093,False,-0.4998563054368029,BAY_OF_SEINE
441,2008-03-12,677.6205577486028,651.4979447604998,232.1044460637224,-205.9818330756194,67.32665437965332,26.112540249897364,61.39625746098154,12.491202289121093,False,-0.4998563054368029,BAY_OF_SEINE
442,2008-03-20,1169.5731305481818,657.8293656777864,346.5506296231707,165.19313524722463,67.32665437965332,26.112540249897364,61.39625746098154,12.491202289121093,False,-0.4998563054368029,BAY_OF_SEINE
443,2008-03-28,1320.4031177765842,663.9054095367289,413.004545229636,243.4931630102193,67.32665437965332,26.112540249897364,61.39625746098154,12.491202289121093,False,-0.4998563054368029,BAY_OF_SEINE
444,2008-04-04,1320.4031177765842,669.6659285422974,402.35534625132726,248.38184298295957,67.32665437965332,26.112540249897364,61.39625746098154,12.491202289121093,False,-0.4998563054368029,BAY_OF_SEINE
445,2008-04-12,1188.0852042651857,675.0503046285188,245.66231741627453,267.3725822203924,67.32665437965332,26.112540249897364,61.39625746098154,12.491202289121093,False,-0.4998563054368029,BAY_OF_SEINE
446,2008-04-20,1102.973146235181,679.9984701821337,170.21119279286458,252.7634832601828,67.32665437965332,26.112540249897364,61.39625746098154,12.491202289121093,False,-0.4998563054368029,BAY_OF_SEINE
447,2008-04-28,898.7990861561126,684.4490978665883,51.119986059100974,163.2300022304233,67.32665437965332,26.112540249897364,61.39625746098154,12.491202289121093,False,-0.4998563054368029,BAY_OF_SEINE
448,2008-05-04,808.7027287203935,688.3398172154648,3.1524146209931807,117.21049688393548,67.32665437965332,26.112540249897364,61.39625746098154,12.491202289121093,False,-0.4998563054368029,BAY_OF_SEINE
449,2008-05-12,541.9613151933199,691.6088574142775,-126.91101290884212,-22.73652931211545,67.32665437965332,26.112540249897364,61.39625746098154,12.491202289121093,False,-0.4998563054368029,BAY_OF_SEINE
450,2008-05-20,541.9613151933199,694.1935086101108,-125.2920972451898,-26.940096171601084,67.32665437965332,26.112540249897364,61.39625746098154,12.491202289121093,False,-0.4998563054368029,BAY_OF_SEINE
451,2008-05-28,557.7340554678461,696.0334479079656,-141.51915798549754,3.2197655453780385,67.32665437965332,26.112540249897364,61.39625746098154,12.491202289121093,False,-0.4998563054368029,BAY_OF_SEINE
452,2008-06-04,568.9817221112014,697.0737401468924,-145.17994037705867,17.08792234136766,67.32665437965332,26.112540249897364,61.39625746098154,12.491202289121093,False,-0.4998563054368029,BAY_OF_SEINE
453,2008-06-12,568.9817221112014,697.2670570568722,-155.23187602037044,26.94654107469964,67.32665437965332,26.112540249897364,61.39625746098154,12.491202289121093,False,-0.4998563054368029,BAY_OF_SEINE
454,2008-06-20,462.8266897332848,696.5761763123575,-203.7903535392588,-29.95913303981388,67.32665437965332,26.112540249897364,61.39625746098154,12.491202289121093,False,-0.4998563054368029,BAY_OF_SEINE
455,2008-06-28,390.65624811227,694.97471083411,-243.49662375845585,-60.82183896338424,67.32665437965332,26.112540249897364,61.39625746098154,12.491202289121093,False,-0.4998563054368029,BAY_OF_SEINE
456,2008-07-04,375.0420923511505,692.4476380842182,-250.58244717614244,-66.82309855692526,67.32665437965332,26.112540249897364,61.39625746098154,12.491202289121093,False,-0.4998563054368029,BAY_OF_SEINE
457,2008-07-12,375.0420923511505,688.9910270808066,-243.9084163507616,-70.04051837889452,67.32665437965332,26.112540249897364,61.39625746098154,12.491202289121093,False,-0.4998563054368029,BAY_OF_SEINE
458,2008-07-20,323.887155107053,684.6113733197535,-255.30632392859,-105.41789428411052,67.32665437965332,26.112540249897364,61.39625746098154,12.491202289121093,False,-0.4998563054368029,BAY_OF_SEINE
459,2008-07-28,323.887155107053,679.3241921747613,-251.61862448289395,-103.81841258481433,67.32665437965332,26.112540249897364,61.39625746098154,12.491202289121093,False,-0.4998563054368029,BAY_OF_SEINE
460,2008-08-04,,673.1540207663264,-133.02057815298787,27.56269484042474,67.32665437965332,26.112540249897364,61.39625746098154,12.491202289121093,False,-0.4998563054368029,BAY_OF_SEINE
461,2008-08-12,,666.1394959573472,-127.06733139991354,28.623972896329636,67.32665437965332,26.112540249897364,61.39625746098154,12.491202289121093,False,-0.4998563054368029,BAY_OF_SEINE
462,2008-08-20,,658.3278831725595,-94.45622508196472,3.824479363168521,67.32665437965332,26.112540249897364,61.39625746098154,12.491202289121093,False,-0.4998563054368029,BAY_OF_SEINE
463,2008-08-28,,649.7764049947889,-97.39373014709294,15.313462606067349,67.32665437965332,26.112540249897364,61.39625746098154,12.491202289121093,False,-0.4998563054368029,BAY_OF_SEINE
464,2008-09-04,,640.5510631400394,-26.570906497042827,-46.28401918923332,67.32665437965332,26.112540249897364,61.39625746098154,12.491202289121093,False,-0.4998563054368029,BAY_OF_SEINE
465,2008-09-12,,630.7160658132262,-128.76105590272212,65.74112754325918,67.32665437965332,26.112540249897364,61.39625746098154,12.491202289121093,False,-0.4998563054368029,BAY_OF_SEINE
466,2008-09-20,,620.3402997688372,-125.3833644544438,72.7392021393699,67.32665437965332,26.112540249897364,61.39625746098154,12.491202289121093,False,-0.4998563054368029,BAY_OF_SEINE
467,2008-09-28,,609.5000780469662,-116.12464401794068,74.32070342473776,67.32665437965332,26.112540249897364,61.39625746098154,12.491202289121093,False,-0.4998563054368029,BAY_OF_SEINE
468,2008-10-04,,598.275978649555,-87.54106725047556,56.96122605468388,67.32665437965332,26.112540249897364,61.39625746098154,12.491202289121093,False,-0.4998563054368029,BAY_OF_SEINE
469,2008-10-12,,586.751061213564,-79.89990192478614,60.84497816498548,67.32665437965332,26.112540249897364,61.39625746098154,12.491202289121093,False,-0.4998563054368029,BAY_OF_SEINE
470,2008-10-20,343.4618882486022,575.0092076551921,-203.78381052428117,-27.76350888230877,67.32665437965332,26.112540249897364,61.39625746098154,12.491202289121093,False,-0.4998563054368029,BAY_OF_SEINE
471,2008-10-28,432.6333605201934,563.1326482017689,-163.36814243872152,32.86885475714598,67.32665437965332,26.112540249897364,61.39625746098154,12.491202289121093,False,-0.4998563054368029,BAY_OF_SEINE
472,2008-11-04,499.0533266411716,551.202532058371,-117.50192128445038,65.3527158672509,67.32665437965332,26.112540249897364,61.39625746098154,12.491202289121093,False,-0.4998563054368029,BAY_OF_SEINE
473,2008-11-12,499.0533266411716,539.2973500564968,-110.47211563935726,70.22809222403198,67.32665437965332,26.112540249897364,61.39625746098154,12.491202289121093,False,-0.4998563054368029,BAY_OF_SEINE
474,2008-11-20,463.5774967268971,527.4970570809725,-115.36951268440978,51.44995233033441,67.32665437965332,26.112540249897364,61.39625746098154,12.491202289121093,False,-0.4998563054368029,BAY_OF_SEINE
475,2008-11-28,463.5774967268971,515.8816143677285,-86.9140628781159,34.60994523728449,67.32665437965332,26.112540249897364,61.39625746098154,12.491202289121093,False,-0.4998563054368029,BAY_OF_SEINE
476,2008-12-04,664.8064943660238,504.52760995753897,115.39926068801512,44.879623720469695,67.32665437965332,26.112540249897364,61.39625746098154,12.491202289121093,False,-0.4998563054368029,BAY_OF_SEINE
477,2008-12-12,664.8064943660238,493.5083676660293,173.22856141266075,-1.9304347126662549,67.32665437965332,26.112540249897364,61.39625746098154,12.491202289121093,False,-0.4998563054368029,BAY_OF_SEINE
478,2008-12-20,578.6081294503978,482.9010738400357,133.2066670268167,-37.4996114164546,67.32665437965332,26.112540249897364,61.39625746098154,12.491202289121093,False,-0.4998563054368029,BAY_OF_SEINE
479,2008-12-28,465.5719030360345,472.7812074668787,71.019356663968,-78.22866109481221,67.32665437965332,26.112540249897364,61.39625746098154,12.491202289121093,False,-0.4998563054368029,BAY_OF_SEINE
480,2009-01-04,368.7330418163762,463.2105700961784,25.158441576975505,-119.63596985677768,67.32665437965332,26.112540249897364,61.39625746098154,12.491202289121093,False,-0.4998563054368029,BAY_OF_SEINE
481,2009-01-12,368.7330418163762,454.2349520837437,63.26261182940271,-148.76452209677024,67.32665437965332,26.112540249897364,61.39625746098154,12.491202289121093,False,-0.4998563054368029,BAY_OF_SEINE
482,2009-01-20,628.556561131178,445.8907767477861,185.2618544776646,-2.596070094272648,67.32665437965332,26.112540249897364,61.39625746098154,12.491202289121093,False,-0.4998563054368029,BAY_OF_SEINE
483,2009-01-28,649.912440899538,438.2068840290742,213.42761102518995,-1.7220541547262087,67.32665437965332,26.112540249897364,61.39625746098154,12.491202289121093,False,-0.4998563054368029,BAY_OF_SEINE
484,2009-02-04,888.316051018405,431.19412096076167,427.426343893172,29.695586164471308,67.32665437965332,26.112540249897364,61.39625746098154,12.491202289121093,False,-0.4998563054368029,BAY_OF_SEINE
485,2009-02-12,781.2830421767493,424.8445823248417,375.2965176686228,-18.85805781671519,67.32665437965332,26.112540249897364,61.39625746098154,12.491202289121093,False,-0.4998563054368029,BAY_OF_SEINE
486,2009-02-20,781.2830421767493,419.1318082613326,299.1417874820104,63.00944643340631,67.32665437965332,26.112540249897364,61.39625746098154,12.491202289121093,False,-0.4998563054368029,BAY_OF_SEINE
487,2009-02-28,585.7477594742124,414.0122405180296,203.6259666972548,-31.89044774107191,67.32665437965332,26.112540249897364,61.39625746098154,12.491202289121093,False,-0.4998563054368029,BAY_OF_SEINE
488,2009-03-04,568.6234889354195,409.42714188648193,205.5457415836973,-46.34939453475974,67.32665437965332,26.112540249897364,61.39625746098154,12.491202289121093,False,-0.4998563054368029,BAY_OF_SEINE
489,2009-03-12,528.162356785845,405.3156270883141,118.41432904265572,4.432400654875195,67.32665437965332,26.112540249897364,61.39625746098154,12.491202289121093,False,-0.4998563054368029,BAY_OF_SEINE
490,2009-03-20,497.4645585783504,401.6264598333724,209.80380575773697,-113.965707012759,67.32665437965332,26.112540249897364,61.39625746098154,12.491202289121093,False,-0.4998563054368029,BAY_OF_SEINE
491,2009-03-28,487.09055113392617,398.3232886914412,241.98331056589672,-153.21604812341172,67.32665437965332,26.112540249897364,61.39625746098154,12.491202289121093,False,-0.4998563054368029,BAY_OF_SEINE
492,2009-04-04,451.461637853811,395.3878493968732,224.2674419286444,-168.19365347170665,67.32665437965332,26.112540249897364,61.39625746098154,12.491202289121093,False,-0.4998563054368029,BAY_OF_SEINE
493,2009-04-12,385.3978687766897,392.80708152478434,157.08423732983206,-164.49345007792667,67.32665437965332,26.112540249897364,61.39625746098154,12.491202289121093,False,-0.4998563054368029,BAY_OF_SEINE
494,2009-04-20,385.3978687766897,390.56839510061786,103.02979467146088,-108.200320995389,67.32665437965332,26.112540249897364,61.39625746098154,12.491202289121093,False,-0.4998563054368029,BAY_OF_SEINE
495,2009-04-28,372.6322992234386,388.6601466339821,29.965859143914265,-45.99370655445774,67.32665437965332,26.112540249897364,61.39625746098154,12.491202289121093,False,-0.4998563054368029,BAY_OF_SEINE
496,2009-05-04,400.8859220230444,387.0691193535492,17.469991661369193,-3.653188991873946,67.32665437965332,26.112540249897364,61.39625746098154,12.491202289121093,False,-0.4998563054368029,BAY_OF_SEINE
497,2009-05-12,419.9779937132733,385.7781528914384,-45.74371166093185,79.94355248276672,67.32665437965332,26.112540249897364,61.39625746098154,12.491202289121093,False,-0.4998563054368029,BAY_OF_SEINE
498,2009-05-20,419.9779937132733,384.7668963884989,-58.15259398356757,93.36369130834198,67.32665437965332,26.112540249897364,61.39625746098154,12.491202289121093,False,-0.4998563054368029,BAY_OF_SEINE
499,2009-05-28,323.2324107766472,384.0118055297791,-105.41962767871615,44.64023292558427,67.32665437965332,26.112540249897364,61.39625746098154,12.491202289121093,False,-0.4998563054368029,BAY_OF_SEINE
500,2009-06-04,323.2324107766472,383.4896672756309,-103.73026711824632,43.47301061926264,67.32665437965332,26.112540249897364,61.39625746098154,12.491202289121093,False,-0.4998563054368029,BAY_OF_SEINE
501,2009-06-12,274.7761990134527,383.1778102806844,-132.05174336488432,23.65013209765266,67.32665437965332,26.112540249897364,61.39625746098154,12.491202289121093,False,-0.4998563054368029,BAY_OF_SEINE
502,2009-06-20,274.7761990134527,383.052582640314,-167.94826160327722,59.671877976415885,67.32665437965332,26.112540249897364,61.39625746098154,12.491202289121093,False,-0.4998563054368029,BAY_OF_SEINE
503,2009-06-28,233.84270883713344,383.0885650234778,-217.6943694559635,68.4485132696191,67.32665437965332,26.112540249897364,61.39625746098154,12.491202289121093,False,-0.4998563054368029,BAY_OF_SEINE
504,2009-07-04,218.74119140902363,383.2571106782533,-237.6694343151352,73.15351504590555,67.32665437965332,26.112540249897364,61.39625746098154,12.491202289121093,False,-0.4998563054368029,BAY_OF_SEINE
505,2009-07-12,218.74119140902363,383.5277701402623,-246.40967223771932,81.62309350648073,67.32665437965332,26.112540249897364,61.39625746098154,12.491202289121093,False,-0.4998563054368029,BAY_OF_SEINE
506,2009-07-20,257.2857386678903,383.8698354171405,-246.17232951929088,119.58823277004072,67.32665437965332,26.112540249897364,61.39625746098154,12.491202289121093,False,-0.4998563054368029,BAY_OF_SEINE
507,2009-07-28,257.2857386678903,384.2540857802476,-249.21659382637324,122.24824671401598,67.32665437965332,26.112540249897364,61.39625746098154,12.491202289121093,False,-0.4998563054368029,BAY_OF_SEINE
508,2009-08-04,226.61410654631987,384.6538117141647,-107.56853586171532,-50.4711693061295,67.32665437965332,26.112540249897364,61.39625746098154,12.491202289121093,False,-0.4998563054368029,BAY_OF_SEINE
509,2009-08-12,212.2220514127451,385.04071782163015,-198.9844868669832,26.165820458098157,67.32665437965332,26.112540249897364,61.39625746098154,12.491202289121093,False,-0.4998563054368029,BAY_OF_SEINE
510,2009-08-20,212.2220514127451,385.3949768407364,-184.3567007039329,11.183775275941542,67.32665437965332,26.112540249897364,61.39625746098154,12.491202289121093,False,-0.4998563054368029,BAY_OF_SEINE
511,2009-08-28,189.0053718165113,385.70010919057165,-197.29700798764432,0.6022706135839826,67.32665437965332,26.112540249897364,61.39625746098154,12.491202289121093,False,-0.4998563054368029,BAY_OF_SEINE
512,2009-09-04,,385.9432784997824,-11.3250627257585,193.07792167973935,67.32665437965332,26.112540249897364,61.39625746098154,12.491202289121093,False,-0.4998563054368029,BAY_OF_SEINE
513,2009-09-12,197.01213874701384,386.1202881360118,-196.67413056777656,7.5659811787786,67.32665437965332,26.112540249897364,61.39625746098154,12.491202289121093,False,-0.4998563054368029,BAY_OF_SEINE
514,2009-09-20,191.7023206877636,386.23103241736527,-124.02575640651526,-70.50295532308641,67.32665437965332,26.112540249897364,61.39625746098154,12.491202289121093,False,-0.4998563054368029,BAY_OF_SEINE
515,2009-09-28,197.01213874701384,386.2780106132093,-167.99800520163356,-21.267866664561865,67.32665437965332,26.112540249897364,61.39625746098154,12.491202289121093,False,-0.4998563054368029,BAY_OF_SEINE
516,2009-10-04,228.27699149413024,386.2675772250438,-146.90552910707552,-11.085056623838028,67.32665437965332,26.112540249897364,61.39625746098154,12.491202289121093,False,-0.4998563054368029,BAY_OF_SEINE
517,2009-10-12,228.27699149413024,386.2099235131832,-156.66270018912488,-1.2702318299280648,67.32665437965332,26.112540249897364,61.39625746098154,12.491202289121093,False,-0.4998563054368029,BAY_OF_SEINE
518,2009-10-20,214.52349005878503,386.11972693144367,-218.2265276902217,46.63029081756309,67.32665437965332,26.112540249897364,61.39625746098154,12.491202289121093,False,-0.4998563054368029,BAY_OF_SEINE
519,2009-10-28,214.52349005878503,386.0161304226872,-190.5653173092606,19.072676945358467,67.32665437965332,26.112540249897364,61.39625746098154,12.491202289121093,False,-0.4998563054368029,BAY_OF_SEINE
520,2009-11-04,253.57643856990543,385.9214399704866,-147.6156851370814,15.270683736500274,67.32665437965332,26.112540249897364,61.39625746098154,12.491202289121093,False,-0.4998563054368029,BAY_OF_SEINE
521,2009-11-12,266.8487589196764,385.8646125423114,-33.911782003181166,-85.10407161945383,67.32665437965332,26.112540249897364,61.39625746098154,12.491202289121093,False,-0.4998563054368029,BAY_OF_SEINE
522,2009-11-20,266.8487589196764,385.8711576405243,-38.42207578429285,-80.60032293655505,67.32665437965332,26.112540249897364,61.39625746098154,12.491202289121093,False,-0.4998563054368029,BAY_OF_SEINE
523,2009-11-28,327.9097895296066,385.9625641241051,-45.4361069053775,-12.616667689120987,67.32665437965332,26.112540249897364,61.39625746098154,12.491202289121093,False,-0.4998563054368029,BAY_OF_SEINE
524,2009-12-04,397.7064915758125,386.1600476738468,43.96411147391336,-32.41766757194762,67.32665437965332,26.112540249897364,61.39625746098154,12.491202289121093,False,-0.4998563054368029,BAY_OF_SEINE
525,2009-12-12,397.7064915758125,386.4855515517303,183.4740402603504,-172.2531002362682,67.32665437965332,26.112540249897364,61.39625746098154,12.491202289121093,False,-0.4998563054368029,BAY_OF_SEINE
526,2009-12-20,397.7064915758125,386.9542389372296,176.9140074882866,-166.1617548497037,67.32665437965332,26.112540249897364,61.39625746098154,12.491202289121093,False,-0.4998563054368029,BAY_OF_SEINE
527,2009-12-28,745.5365806575679,387.57761123729375,393.256642617432,-35.29767319715779,67.32665437965332,26.112540249897364,61.39625746098154,12.491202289121093,False,-0.4998563054368029,BAY_OF_SEINE
528,2010-01-04,745.5365806575679,388.3646122461909,425.89337817586977,-68.72140976449276,67.32665437965332,26.112540249897364,61.39625746098154,12.491202289121093,False,-0.4998563054368029,BAY_OF_SEINE
529,2010-01-12,610.7957684382133,389.32059294017705,327.9693790108718,-106.4942035128356,67.32665437965332,26.112540249897364,61.39625746098154,12.491202289121093,False,-0.4998563054368029,BAY_OF_SEINE
530,2010-01-20,571.2339628393098,390.4511379144276,376.0770414430637,-195.29421651818143,67.32665437965332,26.112540249897364,61.39625746098154,12.491202289121093,False,-0.4998563054368029,BAY_OF_SEINE
531,2010-01-28,610.7957684382133,391.7613884483447,275.0597668174684,-56.02538682759979,67.32665437965332,26.112540249897364,61.39625746098154,12.491202289121093,False,-0.4998563054368029,BAY_OF_SEINE
532,2010-02-04,846.6728711021941,393.2682398825765,384.9018993491042,68.50273187051346,67.32665437965332,26.112540249897364,61.39625746098154,12.491202289121093,False,-0.4998563054368029,BAY_OF_SEINE
533,2010-02-12,846.6728711021941,394.9976189554301,333.2350113181935,118.4402408285705,67.32665437965332,26.112540249897364,61.39625746098154,12.491202289121093,False,-0.4998563054368029,BAY_OF_SEINE
534,2010-02-20,917.99191923741,396.9812852670834,366.6066318550688,154.40400211525787,67.32665437965332,26.112540249897364,61.39625746098154,12.491202289121093,False,-0.4998563054368029,BAY_OF_SEINE
535,2010-02-28,917.99191923741,399.25252818587,319.1488919629845,199.5904990885557,67.32665437965332,26.112540249897364,61.39625746098154,12.491202289121093,False,-0.4998563054368029,BAY_OF_SEINE
536,2010-03-04,917.99191923741,401.84458553241546,318.20054261133265,197.94679109366209,67.32665437965332,26.112540249897364,61.39625746098154,12.491202289121093,False,-0.4998563054368029,BAY_OF_SEINE
537,2010-03-12,583.029168941379,404.7837300169567,116.83511757229576,61.41032135212656,67.32665437965332,26.112540249897364,61.39625746098154,12.491202289121093,False,-0.4998563054368029,BAY_OF_SEINE
538,2010-03-20,517.8227225393229,408.08884607077937,74.59179506534977,35.142081403193714,67.32665437965332,26.112540249897364,61.39625746098154,12.491202289121093,False,-0.4998563054368029,BAY_OF_SEINE
539,2010-03-28,517.8227225393229,411.7697998539683,68.10698873465547,37.94593395069906,67.32665437965332,26.112540249897364,61.39625746098154,12.491202289121093,False,-0.4998563054368029,BAY_OF_SEINE
540,2010-04-04,517.8227225393229,415.8238512723252,60.75983562813254,41.239035638865154,67.32665437965332,26.112540249897364,61.39625746098154,12.491202289121093,False,-0.4998563054368029,BAY_OF_SEINE
541,2010-04-12,512.7797146712828,420.2395698207955,27.564273132171373,64.97587171831594,67.32665437965332,26.112540249897364,61.39625746098154,12.491202289121093,False,-0.4998563054368029,BAY_OF_SEINE
542,2010-04-20,383.3174944049132,425.0003312002545,-48.61116756926113,6.928330773919825,67.32665437965332,26.112540249897364,61.39625746098154,12.491202289121093,False,-0.4998563054368029,BAY_OF_SEINE
543,2010-04-28,324.8443791091875,430.08611971668296,-85.36760392906473,-19.87413667843072,67.32665437965332,26.112540249897364,61.39625746098154,12.491202289121093,False,-0.4998563054368029,BAY_OF_SEINE
544,2010-05-04,312.1073377558235,435.477930081228,-90.30329957464971,-33.06729275075479,67.32665437965332,26.112540249897364,61.39625746098154,12.491202289121093,False,-0.4998563054368029,BAY_OF_SEINE
545,2010-05-12,295.88520710531986,441.1584952762898,-104.47664402688756,-40.79664414408242,67.32665437965332,26.112540249897364,61.39625746098154,12.491202289121093,False,-0.4998563054368029,BAY_OF_SEINE
546,2010-05-20,258.7447164264977,447.1107828296384,-128.24257046963635,-60.12349593350433,67.32665437965332,26.112540249897364,61.39625746098154,12.491202289121093,False,-0.4998563054368029,BAY_OF_SEINE
547,2010-05-28,258.2860418533903,453.31502546122863,-154.1188696870232,-40.91011392081512,67.32665437965332,26.112540249897364,61.39625746098154,12.491202289121093,False,-0.4998563054368029,BAY_OF_SEINE
548,2010-06-04,258.2860418533903,459.7447866139509,-153.63334790124958,-47.82539685931101,67.32665437965332,26.112540249897364,61.39625746098154,12.491202289121093,False,-0.4998563054368029,BAY_OF_SEINE
549,2010-06-12,244.7942996358711,466.3649134309585,-171.45630127891778,-50.114312516169605,67.32665437965332,26.112540249897364,61.39625746098154,12.491202289121093,False,-0.4998563054368029,BAY_OF_SEINE
550,2010-06-20,214.64250731582047,473.1339930844516,-196.32367085263635,-62.167814915994825,67.32665437965332,26.112540249897364,61.39625746098154,12.491202289121093,False,-0.4998563054368029,BAY_OF_SEINE
551,2010-06-28,189.4831400167254,480.0052686288369,-232.1373451385991,-58.38478347351239,67.32665437965332,26.112540249897364,61.39625746098154,12.491202289121093,False,-0.4998563054368029,BAY_OF_SEINE
552,2010-07-04,189.4831400167254,486.929058073984,-251.05658910004348,-46.38932895721513,67.32665437965332,26.112540249897364,61.39625746098154,12.491202289121093,False,-0.4998563054368029,BAY_OF_SEINE
553,2010-07-12,185.53762608584665,493.8531026711152,-264.59303296763187,-43.7224436176366,67.32665437965332,26.112540249897364,61.39625746098154,12.491202289121093,False,-0.4998563054368029,BAY_OF_SEINE
554,2010-07-20,182.05416763319448,500.7233716654408,-254.5528878944578,-64.11631613778849,67.32665437965332,26.112540249897364,61.39625746098154,12.491202289121093,False,-0.4998563054368029,BAY_OF_SEINE
555,2010-07-28,182.05416763319448,507.48385757819375,-257.642456576501,-67.78723336849828,67.32665437965332,26.112540249897364,61.39625746098154,12.491202289121093,False,-0.4998563054368029,BAY_OF_SEINE
556,2010-08-04,,514.0761452968151,-74.97998450676796,128.59997666371618,67.32665437965332,26.112540249897364,61.39625746098154,12.491202289121093,False,-0.4998563054368029,BAY_OF_SEINE
557,2010-08-12,227.0191124111608,520.4416105632803,-248.30686965900784,-45.11562849311167,67.32665437965332,26.112540249897364,61.39625746098154,12.491202289121093,False,-0.4998563054368029,BAY_OF_SEINE
558,2010-08-20,285.3016629346567,526.5170088567398,-214.59003347331657,-26.62531244876658,67.32665437965332,26.112540249897364,61.39625746098154,12.491202289121093,False,-0.4998563054368029,BAY_OF_SEINE
559,2010-08-28,285.3016629346567,532.2430125365356,-218.15627720406872,-28.78507239781021,67.32665437965332,26.112540249897364,61.39625746098154,12.491202289121093,False,-0.4998563054368029,BAY_OF_SEINE
560,2010-09-04,277.92250866626114,537.5626980172,-126.35960993614611,-133.28057941479273,67.32665437965332,26.112540249897364,61.39625746098154,12.491202289121093,False,-0.4998563054368029,BAY_OF_SEINE
561,2010-09-12,277.92250866626114,542.4233925446595,-225.79496451107596,-38.7059193673224,67.32665437965332,26.112540249897364,61.39625746098154,12.491202289121093,False,-0.4998563054368029,BAY_OF_SEINE
562,2010-09-20,,546.7788735790133,-83.46939757288389,104.3866614476339,67.32665437965332,26.112540249897364,61.39625746098154,12.491202289121093,False,-0.4998563054368029,BAY_OF_SEINE
563,2010-09-28,361.5278460520977,550.5834453936451,-191.21228080913403,2.1566814675866226,67.32665437965332,26.112540249897364,61.39625746098154,12.491202289121093,False,-0.4998563054368029,BAY_OF_SEINE
564,2010-10-04,361.5278460520977,553.7967494716098,-183.28169356287657,-8.987209856635559,67.32665437965332,26.112540249897364,61.39625746098154,12.491202289121093,False,-0.4998563054368029,BAY_OF_SEINE
565,2010-10-12,301.566981300592,556.3872715265481,-210.02797435127664,-44.79231587467953,67.32665437965332,26.112540249897364,61.39625746098154,12.491202289121093,False,-0.4998563054368029,BAY_OF_SEINE
566,2010-10-20,285.7572627610586,558.3315272558511,-219.0303927990244,-53.54387169576813,67.32665437965332,26.112540249897364,61.39625746098154,12.491202289121093,False,-0.4998563054368029,BAY_OF_SEINE
567,2010-10-28,285.7572627610586,559.6128973489307,-219.74406818860356,-54.11156639926856,67.32665437965332,26.112540249897364,61.39625746098154,12.491202289121093,False,-0.4998563054368029,BAY_OF_SEINE
568,2010-11-04,292.7072763483883,560.2212931597169,-199.65293911997503,-67.86107769135356,67.32665437965332,26.112540249897364,61.39625746098154,12.491202289121093,False,-0.4998563054368029,BAY_OF_SEINE
569,2010-11-12,702.439448831198,560.1492302174788,6.781984729248255,135.5082338844709,67.32665437965332,26.112540249897364,61.39625746098154,12.491202289121093,False,-0.4998563054368029,BAY_OF_SEINE
570,2010-11-20,702.439448831198,559.3950032312918,-5.282385656845256,148.3268312567515,67.32665437965332,26.112540249897364,61.39625746098154,12.491202289121093,False,-0.4998563054368029,BAY_OF_SEINE
571,2010-11-28,534.8807756861282,557.9605749666449,-74.34449579782047,51.26469651730379,67.32665437965332,26.112540249897364,61.39625746098154,12.491202289121093,False,-0.4998563054368029,BAY_OF_SEINE
572,2010-12-04,534.8807756861282,555.8524574021782,-36.64671773409943,15.67503601804949,67.32665437965332,26.112540249897364,61.39625746098154,12.491202289121093,False,-0.4998563054368029,BAY_OF_SEINE
573,2010-12-12,1076.5104670404523,553.0799109217626,312.23534942470616,211.1952066939836,67.32665437965332,26.112540249897364,61.39625746098154,12.491202289121093,False,-0.4998563054368029,BAY_OF_SEINE
574,2010-12-20,1121.2305371132716,549.6529216738033,440.3004217825421,131.2771936569261,67.32665437965332,26.112540249897364,61.39625746098154,12.491202289121093,False,-0.4998563054368029,BAY_OF_SEINE
575,2010-12-28,1390.1965745185846,545.5796869334612,703.306247337275,141.31064024784848,67.32665437965332,26.112540249897364,61.39625746098154,12.491202289121093,False,-0.4998563054368029,BAY_OF_SEINE
576,2011-01-04,1604.7896442623326,540.8753552010144,851.842839494877,212.0714495664412,67.32665437965332,26.112540249897364,61.39625746098154,12.491202289121093,False,-0.4998563054368029,BAY_OF_SEINE
577,2011-01-12,1470.0501909099833,535.5626893510918,751.6925099458025,182.794991613089,67.32665437965332,26.112540249897364,61.39625746098154,12.491202289121093,False,-0.4998563054368029,BAY_OF_SEINE
578,2011-01-20,1470.0501909099833,529.6640828035024,655.3487123702437,285.0373957362372,67.32665437965332,26.112540249897364,61.39625746098154,12.491202289121093,False,-0.4998563054368029,BAY_OF_SEINE
579,2011-01-28,954.8020350147287,523.2106850411794,382.8961747431539,48.69517523039542,67.32665437965332,26.112540249897364,61.39625746098154,12.491202289121093,False,-0.4998563054368029,BAY_OF_SEINE
580,2011-02-04,675.5851694006136,516.2420938474819,237.4353928632408,-78.09231731010911,67.32665437965332,26.112540249897364,61.39625746098154,12.491202289121093,False,-0.4998563054368029,BAY_OF_SEINE
581,2011-02-12,566.3108955849018,508.8205376409877,146.82097987304422,-89.33062192913013,67.32665437965332,26.112540249897364,61.39625746098154,12.491202289121093,False,-0.4998563054368029,BAY_OF_SEINE
582,2011-02-20,545.3395466493596,501.0270600634348,151.6834819105746,-107.3709953246498,67.32665437965332,26.112540249897364,61.39625746098154,12.491202289121093,False,-0.4998563054368029,BAY_OF_SEINE
583,2011-02-28,540.8118369698118,492.9517477213422,151.88283075822093,-104.02274150975134,67.32665437965332,26.112540249897364,61.39625746098154,12.491202289121093,False,-0.4998563054368029,BAY_OF_SEINE
584,2011-03-04,540.8118369698118,484.6875099489332,155.26054073646185,-99.1362137155832,67.32665437965332,26.112540249897364,61.39625746098154,12.491202289121093,False,-0.4998563054368029,BAY_OF_SEINE
585,2011-03-12,432.6542200355399,476.3256988936751,17.12902386039947,-60.8005027185347,67.32665437965332,26.112540249897364,61.39625746098154,12.491202289121093,False,-0.4998563054368029,BAY_OF_SEINE
586,2011-03-20,419.0716574933546,467.95178623979615,-9.489792897880918,-39.39033584856061,67.32665437965332,26.112540249897364,61.39625746098154,12.491202289121093,False,-0.4998563054368029,BAY_OF_SEINE
587,2011-03-28,399.1840098471964,459.6442267850076,-27.91952496744678,-32.54069197036442,67.32665437965332,26.112540249897364,61.39625746098154,12.491202289121093,False,-0.4998563054368029,BAY_OF_SEINE
588,2011-04-04,399.1765126022681,451.4786432451134,-32.36000099575258,-19.94212964709269,67.32665437965332,26.112540249897364,61.39625746098154,12.491202289121093,False,-0.4998563054368029,BAY_OF_SEINE
589,2011-04-12,336.3420010881317,443.5267365894384,-63.4494935084351,-43.73524199287155,67.32665437965332,26.112540249897364,61.39625746098154,12.491202289121093,False,-0.4998563054368029,BAY_OF_SEINE
590,2011-04-20,287.151538790981,435.85267410166495,-115.91021830330982,-32.790917007374105,67.32665437965332,26.112540249897364,61.39625746098154,12.491202289121093,False,-0.4998563054368029,BAY_OF_SEINE
591,2011-04-28,268.79253065870785,428.5128052066339,-61.15753677497831,-98.56273777294776,67.32665437965332,26.112540249897364,61.39625746098154,12.491202289121093,False,-0.4998563054368029,BAY_OF_SEINE
592,2011-05-04,244.52026583738007,421.54938894862914,-34.89528230963998,-142.1338408016091,67.32665437965332,26.112540249897364,61.39625746098154,12.491202289121093,False,-0.4998563054368029,BAY_OF_SEINE
593,2011-05-12,203.7697978732264,414.9933010694322,-58.690995686267854,-152.53250750993797,67.32665437965332,26.112540249897364,61.39625746098154,12.491202289121093,False,-0.4998563054368029,BAY_OF_SEINE
594,2011-05-20,190.47515212453405,408.8659234379694,-110.75292624857524,-107.63784506486012,67.32665437965332,26.112540249897364,61.39625746098154,12.491202289121093,False,-0.4998563054368029,BAY_OF_SEINE
595,2011-05-28,190.47515212453405,403.18371531536735,-129.6327599604775,-83.0758032303558,67.32665437965332,26.112540249897364,61.39625746098154,12.491202289121093,False,-0.4998563054368029,BAY_OF_SEINE
596,2011-06-04,194.67660974447568,397.9600149361335,-166.52339534346484,-36.760009848192965,67.32665437965332,26.112540249897364,61.39625746098154,12.491202289121093,False,-0.4998563054368029,BAY_OF_SEINE
597,2011-06-12,208.6992353520771,393.2075553055028,-162.3689403006898,-22.13937965273593,67.32665437965332,26.112540249897364,61.39625746098154,12.491202289121093,False,-0.4998563054368029,BAY_OF_SEINE
598,2011-06-20,194.67660974447568,388.93446468076206,-189.59256721474043,-4.66528772154598,67.32665437965332,26.112540249897364,61.39625746098154,12.491202289121093,False,-0.4998563054368029,BAY_OF_SEINE
599,2011-06-28,176.1830201573621,385.14523725441927,-210.21533420213797,1.2531171050807757,67.32665437965332,26.112540249897364,61.39625746098154,12.491202289121093,False,-0.4998563054368029,BAY_OF_SEINE
600,2011-07-04,156.57067226817736,381.8403349947868,-222.8933936203876,-2.376269106221826,67.32665437965332,26.112540249897364,61.39625746098154,12.491202289121093,False,-0.4998563054368029,BAY_OF_SEINE
601,2011-07-12,156.57067226817736,379.0153954033111,-221.80350519021135,-0.6412179449223743,67.32665437965332,26.112540249897364,61.39625746098154,12.491202289121093,False,-0.4998563054368029,BAY_OF_SEINE
602,2011-07-20,205.72328508740264,376.66056907411473,-199.7317955206602,28.79451153394811,67.32665437965332,26.112540249897364,61.39625746098154,12.491202289121093,False,-0.4998563054368029,BAY_OF_SEINE
603,2011-07-28,221.0505318728038,374.76187539596856,-216.610099911262,62.89875638809724,67.32665437965332,26.112540249897364,61.39625746098154,12.491202289121093,False,-0.4998563054368029,BAY_OF_SEINE
604,2011-08-04,221.0505318728038,373.30316358114834,-132.18680396729548,-20.06582774104908,67.32665437965332,26.112540249897364,61.39625746098154,12.491202289121093,False,-0.4998563054368029,BAY_OF_SEINE
605,2011-08-12,221.0505318728038,372.2679640983925,-232.4624700708385,81.24503784524987,67.32665437965332,26.112540249897364,61.39625746098154,12.491202289121093,False,-0.4998563054368029,BAY_OF_SEINE
606,2011-08-20,233.89061318516008,371.64071341965314,-219.3093110258468,81.55921079135376,67.32665437965332,26.112540249897364,61.39625746098154,12.491202289121093,False,-0.4998563054368029,BAY_OF_SEINE
607,2011-08-28,237.8712399931445,371.3981672385543,-222.56421344009968,89.0372861946899,67.32665437965332,26.112540249897364,61.39625746098154,12.491202289121093,False,-0.4998563054368029,BAY_OF_SEINE
608,2011-09-04,237.8712399931445,371.51547535342274,-225.2664777424937,91.62224238221548,67.32665437965332,26.112540249897364,61.39625746098154,12.491202289121093,False,-0.4998563054368029,BAY_OF_SEINE
609,2011-09-12,209.81564642498023,371.96586072039474,-239.8565792755215,77.70636498010703,67.32665437965332,26.112540249897364,61.39625746098154,12.491202289121093,False,-0.4998563054368029,BAY_OF_SEINE
610,2011-09-20,206.45083813967491,372.7205646279832,-171.51368124451508,5.2439547562068185,67.32665437965332,26.112540249897364,61.39625746098154,12.491202289121093,False,-0.4998563054368029,BAY_OF_SEINE
611,2011-09-28,183.34659043734044,373.75471034987686,-223.07755758979977,32.669437677263346,67.32665437965332,26.112540249897364,61.39625746098154,12.491202289121093,False,-0.4998563054368029,BAY_OF_SEINE
612,2011-10-04,183.34659043734044,375.04374958558793,-221.66345495887975,29.96629581063229,67.32665437965332,26.112540249897364,61.39625746098154,12.491202289121093,False,-0.4998563054368029,BAY_OF_SEINE
613,2011-10-12,195.13478072231072,376.55778038656473,-186.07045448918112,4.6474548249271095,67.32665437965332,26.112540249897364,61.39625746098154,12.491202289121093,False,-0.4998563054368029,BAY_OF_SEINE
614,2011-10-20,203.5215427797308,378.2640285642352,-188.043689497794,13.301203713289569,67.32665437965332,26.112540249897364,61.39625746098154,12.491202289121093,False,-0.4998563054368029,BAY_OF_SEINE
615,2011-10-28,203.56193132417687,380.1307144821895,-172.5561413847776,-4.012641773235032,67.32665437965332,26.112540249897364,61.39625746098154,12.491202289121093,False,-0.4998563054368029,BAY_OF_SEINE
616,2011-11-04,238.05589495207968,382.1304694789286,-160.44785530265136,16.373280775802442,67.32665437965332,26.112540249897364,61.39625746098154,12.491202289121093,False,-0.4998563054368029,BAY_OF_SEINE
617,2011-11-12,238.05589495207968,384.2448091921279,-66.29542261752522,-79.89349162252299,67.32665437965332,26.112540249897364,61.39625746098154,12.491202289121093,False,-0.4998563054368029,BAY_OF_SEINE
618,2011-11-20,194.06675037764768,386.46724770221226,-108.80271785358242,-83.59777947098216,67.32665437965332,26.112540249897364,61.39625746098154,12.491202289121093,False,-0.4998563054368029,BAY_OF_SEINE
619,2011-11-28,194.06675037764768,388.8053109898644,-158.35978958921697,-36.37877102299973,67.32665437965332,26.112540249897364,61.39625746098154,12.491202289121093,False,-0.4998563054368029,BAY_OF_SEINE
620,2011-12-04,274.92495658003736,391.2700078060938,-121.99080583558302,5.645754609526563,67.32665437965332,26.112540249897364,61.39625746098154,12.491202289121093,False,-0.4998563054368029,BAY_OF_SEINE
621,2011-12-12,585.3818150424181,393.8731066227286,210.16350135853708,-18.65479293884755,67.32665437965332,26.112540249897364,61.39625746098154,12.491202289121093,False,-0.4998563054368029,BAY_OF_SEINE
622,2011-12-20,1006.0749023122174,396.6292379332936,553.2610293879213,56.18463499100256,67.32665437965332,26.112540249897364,61.39625746098154,12.491202289121093,False,-0.4998563054368029,BAY_OF_SEINE
623,2011-12-28,1169.570358417011,399.5541352797184,760.7675886224603,9.24863451483236,67.32665437965332,26.112540249897364,61.39625746098154,12.491202289121093,False,-0.4998563054368029,BAY_OF_SEINE
624,2012-01-04,1331.4101981935223,402.6597080435073,891.8963659250653,36.85412422494994,67.32665437965332,26.112540249897364,61.39625746098154,12.491202289121093,False,-0.4998563054368029,BAY_OF_SEINE
625,2012-01-12,1331.4101981935223,405.9592785246502,770.6274025764038,154.82351709246848,67.32665437965332,26.112540249897364,61.39625746098154,12.491202289121093,False,-0.4998563054368029,BAY_OF_SEINE
626,2012-01-20,981.718928334314,409.4715478928689,576.1898138475058,-3.942433406060673,67.32665437965332,26.112540249897364,61.39625746098154,12.491202289121093,False,-0.4998563054368029,BAY_OF_SEINE
627,2012-01-28,877.7326542755728,413.2132048174486,393.8779267954952,70.64152266262897,67.32665437965332,26.112540249897364,61.39625746098154,12.491202289121093,False,-0.4998563054368029,BAY_OF_SEINE
628,2012-02-04,607.9991133122357,417.1988115401909,343.32277699543056,-152.5224752233857,67.32665437965332,26.112540249897364,61.39625746098154,12.491202289121093,False,-0.4998563054368029,BAY_OF_SEINE
629,2012-02-12,452.4769279710573,421.41937902781007,238.7613678637728,-207.70381892052552,67.32665437965332,26.112540249897364,61.39625746098154,12.491202289121093,False,-0.4998563054368029,BAY_OF_SEINE
630,2012-02-20,433.3011191146799,425.8515248985643,138.36276935122376,-130.91317513510822,67.32665437965332,26.112540249897364,61.39625746098154,12.491202289121093,False,-0.4998563054368029,BAY_OF_SEINE
631,2012-02-28,433.3011191146799,430.4710915689341,68.4448689100542,-65.61484136430846,67.32665437965332,26.112540249897364,61.39625746098154,12.491202289121093,False,-0.4998563054368029,BAY_OF_SEINE
632,2012-03-04,433.3011191146799,435.2596666170551,27.577568684221333,-29.536116186596544,67.32665437965332,26.112540249897364,61.39625746098154,12.491202289121093,False,-0.4998563054368029,BAY_OF_SEINE
633,2012-03-12,418.5131453284869,440.2069344904935,-6.504594810586124,-15.189194351420443,67.32665437965332,26.112540249897364,61.39625746098154,12.491202289121093,False,-0.4998563054368029,BAY_OF_SEINE
634,2012-03-20,391.8851515714962,445.3064253792173,-1.9964910167786825,-51.42478279094235,67.32665437965332,26.112540249897364,61.39625746098154,12.491202289121093,False,-0.4998563054368029,BAY_OF_SEINE
635,2012-03-28,345.41864440664966,450.5518231911796,-29.37333581716534,-75.75984296736455,67.32665437965332,26.112540249897364,61.39625746098154,12.491202289121093,False,-0.4998563054368029,BAY_OF_SEINE
636,2012-04-04,318.0788639913332,455.9354914450202,-80.36813631316814,-57.48849114051886,67.32665437965332,26.112540249897364,61.39625746098154,12.491202289121093,False,-0.4998563054368029,BAY_OF_SEINE
637,2012-04-12,318.0788639913332,461.44964137583287,-153.76435125925352,10.393573874753857,67.32665437965332,26.112540249897364,61.39625746098154,12.491202289121093,False,-0.4998563054368029,BAY_OF_SEINE
638,2012-04-20,333.58395721777623,467.08917782646944,-136.03119268248608,2.525972073792872,67.32665437965332,26.112540249897364,61.39625746098154,12.491202289121093,False,-0.4998563054368029,BAY_OF_SEINE
639,2012-04-28,647.339701203438,472.84785373525466,44.82892441819089,129.6629230499925,67.32665437965332,26.112540249897364,61.39625746098154,12.491202289121093,False,-0.4998563054368029,BAY_OF_SEINE
640,2012-05-04,814.7888185846748,478.7188967565053,195.65841342647784,140.4115084016916,67.32665437965332,26.112540249897364,61.39625746098154,12.491202289121093,False,-0.4998563054368029,BAY_OF_SEINE
641,2012-05-12,814.7888185846748,484.6893825075999,181.7670166081,148.33241946897493,67.32665437965332,26.112540249897364,61.39625746098154,12.491202289121093,False,-0.4998563054368029,BAY_OF_SEINE
642,2012-05-20,663.2042467892395,490.7431269150768,107.81216210368748,64.64895777047528,67.32665437965332,26.112540249897364,61.39625746098154,12.491202289121093,False,-0.4998563054368029,BAY_OF_SEINE
643,2012-05-28,582.0384945511705,496.8617298653708,63.05993718941948,22.116827496380274,67.32665437965332,26.112540249897364,61.39625746098154,12.491202289121093,False,-0.4998563054368029,BAY_OF_SEINE
644,2012-06-04,422.0872452556599,503.0269446598588,-42.99908518664215,-37.94061421755676,67.32665437965332,26.112540249897364,61.39625746098154,12.491202289121093,False,-0.4998563054368029,BAY_OF_SEINE
645,2012-06-12,420.6645842477225,509.2219597665294,-114.52162430958894,25.964248790782094,67.32665437965332,26.112540249897364,61.39625746098154,12.491202289121093,False,-0.4998563054368029,BAY_OF_SEINE
646,2012-06-20,375.86077018228303,515.4379153705393,-142.00974333111176,2.4325981428555394,67.32665437965332,26.112540249897364,61.39625746098154,12.491202289121093,False,-0.4998563054368029,BAY_OF_SEINE
647,2012-06-28,369.08550356042497,521.6714091493048,-161.15946622122618,8.5735606323463,67.32665437965332,26.112540249897364,61.39625746098154,12.491202289121093,False,-0.4998563054368029,BAY_OF_SEINE
648,2012-07-04,369.08550356042497,527.9249803015523,-205.64272419292405,46.80324745179672,67.32665437965332,26.112540249897364,61.39625746098154,12.491202289121093,False,-0.4998563054368029,BAY_OF_SEINE
649,2012-07-12,388.13113619704825,534.2092239038404,-227.8453276422784,81.76723993548617,67.32665437965332,26.112540249897364,61.39625746098154,12.491202289121093,False,-0.4998563054368029,BAY_OF_SEINE
650,2012-07-20,388.13113619704825,540.5442472661119,-212.0579594037069,59.6448483346432,67.32665437965332,26.112540249897364,61.39625746098154,12.491202289121093,False,-0.4998563054368029,BAY_OF_SEINE
651,2012-07-28,296.84683060623775,546.9575965648103,-270.4153491859385,20.30458322736598,67.32665437965332,26.112540249897364,61.39625746098154,12.491202289121093,False,-0.4998563054368029,BAY_OF_SEINE
652,2012-08-04,264.09979694480194,553.4826954861112,-292.6346790356641,3.2517804943548185,67.32665437965332,26.112540249897364,61.39625746098154,12.491202289121093,False,-0.4998563054368029,BAY_OF_SEINE
653,2012-08-12,222.79939510070352,560.1556226595193,-325.93266311790063,-11.42356444091513,67.32665437965332,26.112540249897364,61.39625746098154,12.491202289121093,False,-0.4998563054368029,BAY_OF_SEINE
654,2012-08-20,206.10612081730093,567.0128464447395,-339.73229310944294,-21.17443251799557,67.32665437965332,26.112540249897364,61.39625746098154,12.491202289121093,False,-0.4998563054368029,BAY_OF_SEINE
655,2012-08-28,192.90957400696928,574.0930139265787,-358.81070637879213,-22.372733540817308,67.32665437965332,26.112540249897364,61.39625746098154,12.491202289121093,False,-0.4998563054368029,BAY_OF_SEINE
656,2012-09-04,192.90957400696928,581.4317267903662,-356.5919768996266,-31.93017588377029,67.32665437965332,26.112540249897364,61.39625746098154,12.491202289121093,False,-0.4998563054368029,BAY_OF_SEINE
657,2012-09-12,196.9804850252197,589.0583332125702,-366.2806501329187,-25.79719805443176,67.32665437965332,26.112540249897364,61.39625746098154,12.491202289121093,False,-0.4998563054368029,BAY_OF_SEINE
658,2012-09-20,199.57123242609384,596.9940802100593,-359.8052488000126,-37.61759898395292,67.32665437965332,26.112540249897364,61.39625746098154,12.491202289121093,False,-0.4998563054368029,BAY_OF_SEINE
659,2012-09-28,259.09907199448406,605.2502740038238,-339.8483689495504,-6.302833059789407,67.32665437965332,26.112540249897364,61.39625746098154,12.491202289121093,False,-0.4998563054368029,BAY_OF_SEINE
660,2012-10-04,276.01045349505443,613.8287540262214,-335.2852828491548,-2.533017682012201,67.32665437965332,26.112540249897364,61.39625746098154,12.491202289121093,False,-0.4998563054368029,BAY_OF_SEINE
661,2012-10-12,462.4161675492343,622.7247428330824,-210.2683965339286,49.95982125008052,67.32665437965332,26.112540249897364,61.39625746098154,12.491202289121093,False,-0.4998563054368029,BAY_OF_SEINE
662,2012-10-20,462.4161675492343,631.9273521658025,-166.39824302647853,-3.1129415900897186,67.32665437965332,26.112540249897364,61.39625746098154,12.491202289121093,False,-0.4998563054368029,BAY_OF_SEINE
663,2012-10-28,541.3377808347433,641.4158549666347,-77.9361709477746,-22.141903184116813,67.32665437965332,26.112540249897364,61.39625746098154,12.491202289121093,False,-0.4998563054368029,BAY_OF_SEINE
664,2012-11-04,541.3377808347433,651.1581529544329,-13.657354469964757,-96.16301764972488,67.32665437965332,26.112540249897364,61.39625746098154,12.491202289121093,False,-0.4998563054368029,BAY_OF_SEINE
665,2012-11-12,541.3377808347433,661.1082791702939,37.48413208444769,-157.25463041999834,67.32665437965332,26.112540249897364,61.39625746098154,12.491202289121093,False,-0.4998563054368029,BAY_OF_SEINE
666,2012-11-20,491.93851667018265,671.2075220902622,-2.105727377089868,-177.16327804298965,67.32665437965332,26.112540249897364,61.39625746098154,12.491202289121093,False,-0.4998563054368029,BAY_OF_SEINE
667,2012-11-28,491.93851667018265,681.386775772018,-63.989969262519445,-125.45828983931594,67.32665437965332,26.112540249897364,61.39625746098154,12.491202289121093,False,-0.4998563054368029,BAY_OF_SEINE
668,2012-12-04,502.3212132523264,691.577138735078,-96.38597475525474,-92.86995072749691,67.32665437965332,26.112540249897364,61.39625746098154,12.491202289121093,False,-0.4998563054368029,BAY_OF_SEINE
669,2012-12-12,688.7028238503746,701.7168073321749,26.823380817901185,-39.83736429970151,67.32665437965332,26.112540249897364,61.39625746098154,12.491202289121093,False,-0.4998563054368029,BAY_OF_SEINE
670,2012-12-20,1191.5480039811716,711.7554273585396,380.4017005092277,99.39087611340432,67.32665437965332,26.112540249897364,61.39625746098154,12.491202289121093,False,-0.4998563054368029,BAY_OF_SEINE
671,2012-12-28,1441.4385076880228,721.6588908625206,651.2097176556441,68.5698991698581,67.32665437965332,26.112540249897364,61.39625746098154,12.491202289121093,False,-0.4998563054368029,BAY_OF_SEINE
672,2013-01-04,1441.4385076880228,731.4009115207539,689.2797560743204,20.757840092948527,67.32665437965332,26.112540249897364,61.39625746098154,12.491202289121093,False,-0.4998563054368029,BAY_OF_SEINE
673,2013-01-12,1101.7426091293592,740.9579045304882,475.3543561316686,-114.5696515327977,67.32665437965332,26.112540249897364,61.39625746098154,12.491202289121093,False,-0.4998563054368029,BAY_OF_SEINE
674,2013-01-20,1031.9787295330937,750.309698141352,351.7599501906318,-70.09091879889013,67.32665437965332,26.112540249897364,61.39625746098154,12.491202289121093,False,-0.4998563054368029,BAY_OF_SEINE
675,2013-01-28,1031.9787295330937,759.4357588675416,390.75469128469257,-118.21172061914052,67.32665437965332,26.112540249897364,61.39625746098154,12.491202289121093,False,-0.4998563054368029,BAY_OF_SEINE
676,2013-02-04,1648.0216034123418,768.3040401462729,630.1453307645277,249.5722325015413,67.32665437965332,26.112540249897364,61.39625746098154,12.491202289121093,False,-0.4998563054368029,BAY_OF_SEINE
677,2013-02-12,1648.0216034123418,776.8799616009057,590.7498767975972,280.3917650138389,67.32665437965332,26.112540249897364,61.39625746098154,12.491202289121093,False,-0.4998563054368029,BAY_OF_SEINE
678,2013-02-20,1305.5066234459368,785.1203812468484,408.2241782096453,112.16206398944308,67.32665437965332,26.112540249897364,61.39625746098154,12.491202289121093,False,-0.4998563054368029,BAY_OF_SEINE
679,2013-02-28,1028.558253384515,792.9795813113498,272.51672144605413,-36.93804937288894,67.32665437965332,26.112540249897364,61.39625746098154,12.491202289121093,False,-0.4998563054368029,BAY_OF_SEINE
680,2013-03-04,863.0764191032961,800.4128119116763,171.02660834271643,-108.36300115109664,67.32665437965332,26.112540249897364,61.39625746098154,12.491202289121093,False,-0.4998563054368029,BAY_OF_SEINE
681,2013-03-12,863.0764191032961,807.3762609278749,86.44264765729802,-30.74248948187686,67.32665437965332,26.112540249897364,61.39625746098154,12.491202289121093,False,-0.4998563054368029,BAY_OF_SEINE
682,2013-03-20,944.2381789466904,813.8302861556547,66.23262079955742,64.17527199147816,67.32665437965332,26.112540249897364,61.39625746098154,12.491202289121093,False,-0.4998563054368029,BAY_OF_SEINE
683,2013-03-28,944.2381789466904,819.74114257216,40.56389419169015,83.9331421828401,67.32665437965332,26.112540249897364,61.39625746098154,12.491202289121093,False,-0.4998563054368029,BAY_OF_SEINE
684,2013-04-04,794.7518607532296,825.0809796682332,-69.83255633254028,39.50343741753666,67.32665437965332,26.112540249897364,61.39625746098154,12.491202289121093,False,-0.4998563054368029,BAY_OF_SEINE
685,2013-04-12,,829.8301992214286,-199.95015067310328,-62.18391109456206,67.32665437965332,26.112540249897364,61.39625746098154,12.491202289121093,False,-0.4998563054368029,BAY_OF_SEINE
686,2013-04-20,666.1777775486361,833.9777464282421,-149.0199395233295,-18.780029356276515,67.32665437965332,26.112540249897364,61.39625746098154,12.491202289121093,False,-0.4998563054368029,BAY_OF_SEINE
687,2013-04-28,794.7518607532296,837.5213493456272,-2.3006800123918323,-40.46880858000575,67.32665437965332,26.112540249897364,61.39625746098154,12.491202289121093,False,-0.4998563054368029,BAY_OF_SEINE
688,2013-05-04,1106.7463902116433,840.4660986253848,192.06695030141248,74.21334128484602,67.32665437965332,26.112540249897364,61.39625746098154,12.491202289121093,False,-0.4998563054368029,BAY_OF_SEINE
689,2013-05-12,1111.287631435775,842.8311215489491,179.63901246466847,88.8174974221574,67.32665437965332,26.112540249897364,61.39625746098154,12.491202289121093,False,-0.4998563054368029,BAY_OF_SEINE
690,2013-05-20,1149.2783549923329,844.642531388116,146.19863499991092,158.43718860430593,67.32665437965332,26.112540249897364,61.39625746098154,12.491202289121093,False,-0.4998563054368029,BAY_OF_SEINE
691,2013-05-28,1149.2783549923329,845.9272866307246,114.73620487938216,188.61486348222616,67.32665437965332,26.112540249897364,61.39625746098154,12.491202289121093,False,-0.4998563054368029,BAY_OF_SEINE
692,2013-06-04,1053.8487517772032,846.7090746556288,18.80451049922665,188.3351666223478,67.32665437965332,26.112540249897364,61.39625746098154,12.491202289121093,False,-0.4998563054368029,BAY_OF_SEINE
693,2013-06-12,757.994806475165,847.0088019855178,-133.3680562204094,44.35406071005653,67.32665437965332,26.112540249897364,61.39625746098154,12.491202289121093,False,-0.4998563054368029,BAY_OF_SEINE
694,2013-06-20,744.7224078847054,846.8428861382217,-169.95027166914312,67.82979341562677,67.32665437965332,26.112540249897364,61.39625746098154,12.491202289121093,False,-0.4998563054368029,BAY_OF_SEINE
695,2013-06-28,696.1976773106766,846.2281387570407,-193.16892915617123,43.13846770980709,67.32665437965332,26.112540249897364,61.39625746098154,12.491202289121093,False,-0.4998563054368029,BAY_OF_SEINE
696,2013-07-04,532.5858752543663,845.1792561829275,-267.2883041700867,-45.305076758474456,67.32665437965332,26.112540249897364,61.39625746098154,12.491202289121093,False,-0.4998563054368029,BAY_OF_SEINE
697,2013-07-12,392.60412564634936,843.7086692617639,-317.1940699269157,-133.91047368849888,67.32665437965332,26.112540249897364,61.39625746098154,12.491202289121093,False,-0.4998563054368029,BAY_OF_SEINE
698,2013-07-20,392.60412564634936,841.8255938127429,-316.4372750591572,-132.78419310723638,67.32665437965332,26.112540249897364,61.39625746098154,12.491202289121093,False,-0.4998563054368029,BAY_OF_SEINE
699,2013-07-28,324.6530423609144,839.5359818027472,-375.2327291627177,-139.6502102791152,67.32665437965332,26.112540249897364,61.39625746098154,12.491202289121093,False,-0.4998563054368029,BAY_OF_SEINE
700,2013-08-04,321.0139759446424,836.8411916316576,-386.8973050468405,-128.92991064017474,67.32665437965332,26.112540249897364,61.39625746098154,12.491202289121093,False,-0.4998563054368029,BAY_OF_SEINE
701,2013-08-12,305.3292930051177,833.7393010580438,-376.98376659394586,-151.4262414589802,67.32665437965332,26.112540249897364,61.39625746098154,12.491202289121093,False,-0.4998563054368029,BAY_OF_SEINE
702,2013-08-20,305.3292930051177,830.2251168824079,-382.8247362943527,-142.07108758293754,67.32665437965332,26.112540249897364,61.39625746098154,12.491202289121093,False,-0.4998563054368029,BAY_OF_SEINE
703,2013-08-28,280.4298917830232,826.2922226772127,-405.3977579573585,-140.46457293683102,67.32665437965332,26.112540249897364,61.39625746098154,12.491202289121093,False,-0.4998563054368029,BAY_OF_SEINE
704,2013-09-04,313.6023682971263,821.9347489901428,-416.4820066351047,-91.85037405791178,67.32665437965332,26.112540249897364,61.39625746098154,12.491202289121093,False,-0.4998563054368029,BAY_OF_SEINE
705,2013-09-12,315.0029398872981,817.1506031268476,-429.3877028089293,-72.75996043062025,67.32665437965332,26.112540249897364,61.39625746098154,12.491202289121093,False,-0.4998563054368029,BAY_OF_SEINE
706,2013-09-20,356.79959139630085,811.9421120467955,-410.6359734193271,-44.50654723116753,67.32665437965332,26.112540249897364,61.39625746098154,12.491202289121093,False,-0.4998563054368029,BAY_OF_SEINE
707,2013-09-28,358.06314514793456,806.3165013317132,-393.9291080966587,-54.32424808711994,67.32665437965332,26.112540249897364,61.39625746098154,12.491202289121093,False,-0.4998563054368029,BAY_OF_SEINE
708,2013-10-04,358.06314514793456,800.2850817135012,-389.6262205342709,-52.59571603129575,67.32665437965332,26.112540249897364,61.39625746098154,12.491202289121093,False,-0.4998563054368029,BAY_OF_SEINE
709,2013-10-12,484.7699491137552,793.8630884133345,-215.63894091869565,-93.45419838088368,67.32665437965332,26.112540249897364,61.39625746098154,12.491202289121093,False,-0.4998563054368029,BAY_OF_SEINE
710,2013-10-20,662.5509997611855,787.0643898492297,-127.76882422947908,3.255434141434918,67.32665437965332,26.112540249897364,61.39625746098154,12.491202289121093,False,-0.4998563054368029,BAY_OF_SEINE
711,2013-10-28,869.4944792363102,779.9031024528526,-14.180966274376132,103.77234305783372,67.32665437965332,26.112540249897364,61.39625746098154,12.491202289121093,False,-0.4998563054368029,BAY_OF_SEINE
712,2013-11-04,1103.7015240616456,772.3930351783558,104.9765888370795,226.33190004621028,67.32665437965332,26.112540249897364,61.39625746098154,12.491202289121093,False,-0.4998563054368029,BAY_OF_SEINE
713,2013-11-12,1321.894588388314,764.5497621831705,246.93201301035865,310.41281319478475,67.32665437965332,26.112540249897364,61.39625746098154,12.491202289121093,False,-0.4998563054368029,BAY_OF_SEINE
714,2013-11-20,1321.894588388314,756.3891182252679,238.01685019615385,327.4886199668921,67.32665437965332,26.112540249897364,61.39625746098154,12.491202289121093,False,-0.4998563054368029,BAY_OF_SEINE
715,2013-11-28,1092.3156311211617,747.9301864284707,96.44780086582828,247.93764382686248,67.32665437965332,26.112540249897364,61.39625746098154,12.491202289121093,False,-0.4998563054368029,BAY_OF_SEINE
716,2013-12-04,880.044679337647,739.1977478557508,-2.5610208336863294,143.4079523155826,67.32665437965332,26.112540249897364,61.39625746098154,12.491202289121093,False,-0.4998563054368029,BAY_OF_SEINE
717,2013-12-12,705.5884796316892,730.2217886272678,-22.857762493720784,-1.775546501857761,67.32665437965332,26.112540249897364,61.39625746098154,12.491202289121093,False,-0.4998563054368029,BAY_OF_SEINE
718,2013-12-20,705.5884796316892,721.0336318738717,210.9056067225357,-226.35075896471824,67.32665437965332,26.112540249897364,61.39625746098154,12.491202289121093,False,-0.4998563054368029,BAY_OF_SEINE
719,2013-12-28,1136.8260255868056,711.6595302644686,492.4852603893297,-67.31876506699268,67.32665437965332,26.112540249897364,61.39625746098154,12.491202289121093,False,-0.4998563054368029,BAY_OF_SEINE
720,2014-01-04,1136.8260255868056,702.1266209110291,495.66188170713065,-60.96247703135418,67.32665437965332,26.112540249897364,61.39625746098154,12.491202289121093,False,-0.4998563054368029,BAY_OF_SEINE
721,2014-01-12,967.4719459152608,692.4593200735948,353.17405110485674,-78.16142526319061,67.32665437965332,26.112540249897364,61.39625746098154,12.491202289121093,False,-0.4998563054368029,BAY_OF_SEINE
722,2014-01-20,967.4719459152608,682.6786793546937,337.9629751239804,-53.16970856341317,67.32665437965332,26.112540249897364,61.39625746098154,12.491202289121093,False,-0.4998563054368029,BAY_OF_SEINE
723,2014-01-28,1232.0077509936148,672.8054151005405,500.9881145591964,58.2142213338779,67.32665437965332,26.112540249897364,61.39625746098154,12.491202289121093,False,-0.4998563054368029,BAY_OF_SEINE
724,2014-02-04,1232.0077509936148,662.8678932675303,608.5584080905787,-39.41855036449431,67.32665437965332,26.112540249897364,61.39625746098154,12.491202289121093,False,-0.4998563054368029,BAY_OF_SEINE
725,2014-02-12,1236.3215436631742,652.9086659122262,588.0018351910022,-4.588957440054173,67.32665437965332,26.112540249897364,61.39625746098154,12.491202289121093,False,-0.4998563054368029,BAY_OF_SEINE
726,2014-02-20,1218.0865458138867,642.993059654624,494.2588988752781,80.83458728398466,67.32665437965332,26.112540249897364,61.39625746098154,12.491202289121093,False,-0.4998563054368029,BAY_OF_SEINE
727,2014-02-28,1236.3215436631742,633.1904345745489,472.4280697113577,130.7030393772676,67.32665437965332,26.112540249897364,61.39625746098154,12.491202289121093,False,-0.4998563054368029,BAY_OF_SEINE
728,2014-03-04,1167.3363207437728,623.5631250820704,397.7982565479104,145.974939113792,67.32665437965332,26.112540249897364,61.39625746098154,12.491202289121093,False,-0.4998563054368029,BAY_OF_SEINE
729,2014-03-12,848.7294608901357,614.1688929001617,176.7039749959198,57.85659299405416,67.32665437965332,26.112540249897364,61.39625746098154,12.491202289121093,False,-0.4998563054368029,BAY_OF_SEINE
730,2014-03-20,637.0210773712621,605.0671025779499,37.978392629360094,-6.024417836047867,67.32665437965332,26.112540249897364,61.39625746098154,12.491202289121093,False,-0.4998563054368029,BAY_OF_SEINE
731,2014-03-28,585.3860340009907,596.3202301119812,14.620104383428911,-25.55430049441948,67.32665437965332,26.112540249897364,61.39625746098154,12.491202289121093,False,-0.4998563054368029,BAY_OF_SEINE
732,2014-04-04,473.8969306551036,587.9907831875157,-63.153196301808535,-50.94065623060355,67.32665437965332,26.112540249897364,61.39625746098154,12.491202289121093,False,-0.4998563054368029,BAY_OF_SEINE
733,2014-04-12,412.8308112050897,580.1361367599961,-147.48084526672238,-19.82448028818408,67.32665437965332,26.112540249897364,61.39625746098154,12.491202289121093,False,-0.4998563054368029,BAY_OF_SEINE
734,2014-04-20,412.8308112050897,572.8065150383424,-144.03377720813936,-15.941926625113323,67.32665437965332,26.112540249897364,61.39625746098154,12.491202289121093,False,-0.4998563054368029,BAY_OF_SEINE
735,2014-04-28,439.9775823841771,566.0472447236356,-93.40676738439376,-32.66289495506473,67.32665437965332,26.112540249897364,61.39625746098154,12.491202289121093,False,-0.4998563054368029,BAY_OF_SEINE
736,2014-05-04,439.9775823841771,559.9023616359317,88.07810105557674,-208.0028803073313,67.32665437965332,26.112540249897364,61.39625746098154,12.491202289121093,False,-0.4998563054368029,BAY_OF_SEINE
737,2014-05-12,400.64405975336985,554.4070715172032,76.81102977728676,-230.57404154112012,67.32665437965332,26.112540249897364,61.39625746098154,12.491202289121093,False,-0.4998563054368029,BAY_OF_SEINE
738,2014-05-20,366.4045370519795,549.592091413199,-13.296398052135668,-169.89115630908384,67.32665437965332,26.112540249897364,61.39625746098154,12.491202289121093,False,-0.4998563054368029,BAY_OF_SEINE
739,2014-05-28,342.93584684509744,545.4889496286836,-60.3587087803036,-142.19439400328255,67.32665437965332,26.112540249897364,61.39625746098154,12.491202289121093,False,-0.4998563054368029,BAY_OF_SEINE
740,2014-06-04,324.46758030731354,542.1318871639844,-104.707552132877,-112.95675472379386,67.32665437965332,26.112540249897364,61.39625746098154,12.491202289121093,False,-0.4998563054368029,BAY_OF_SEINE
741,2014-06-12,314.0594486354281,539.5581699978404,-193.9356411510736,-31.5630802113387,67.32665437965332,26.112540249897364,61.39625746098154,12.491202289121093,False,-0.4998563054368029,BAY_OF_SEINE
742,2014-06-20,232.907147433161,537.8015794846457,-236.5240217889286,-68.37041026255613,67.32665437965332,26.112540249897364,61.39625746098154,12.491202289121093,False,-0.4998563054368029,BAY_OF_SEINE
743,2014-06-28,232.907147433161,536.8852496570389,-250.4322883167199,-53.54581390715805,67.32665437965332,26.112540249897364,61.39625746098154,12.491202289121093,False,-0.4998563054368029,BAY_OF_SEINE
744,2014-07-04,251.5477102875433,536.8196435590348,-279.3150688612713,-5.956864410220192,67.32665437965332,26.112540249897364,61.39625746098154,12.491202289121093,False,-0.4998563054368029,BAY_OF_SEINE
745,2014-07-12,302.236221448217,537.5964529076455,-284.1116775763652,48.751446116936734,67.32665437965332,26.112540249897364,61.39625746098154,12.491202289121093,False,-0.4998563054368029,BAY_OF_SEINE
746,2014-07-20,302.236221448217,539.1866671245873,-281.9458675557039,44.995421879333605,67.32665437965332,26.112540249897364,61.39625746098154,12.491202289121093,False,-0.4998563054368029,BAY_OF_SEINE
747,2014-07-28,301.0381658980586,541.5429102692864,-297.215055272959,56.71031090173119,67.32665437965332,26.112540249897364,61.39625746098154,12.491202289121093,False,-0.4998563054368029,BAY_OF_SEINE
748,2014-08-04,301.0381658980586,544.6037345458195,-294.7394512494252,51.17388260166428,67.32665437965332,26.112540249897364,61.39625746098154,12.491202289121093,False,-0.4998563054368029,BAY_OF_SEINE
749,2014-08-12,415.4361643036491,548.2949999797462,-237.6489825161109,104.7901468400138,67.32665437965332,26.112540249897364,61.39625746098154,12.491202289121093,False,-0.4998563054368029,BAY_OF_SEINE
750,2014-08-20,415.4361643036491,552.5325251362794,-232.86487075341145,95.76850992078109,67.32665437965332,26.112540249897364,61.39625746098154,12.491202289121093,False,-0.4998563054368029,BAY_OF_SEINE
751,2014-08-28,403.33017002198056,557.2230250961443,-240.2306097527065,86.33775467854278,67.32665437965332,26.112540249897364,61.39625746098154,12.491202289121093,False,-0.4998563054368029,BAY_OF_SEINE
752,2014-09-04,313.73341891939566,562.2665994912301,-271.81796796185216,23.284787390017755,67.32665437965332,26.112540249897364,61.39625746098154,12.491202289121093,False,-0.4998563054368029,BAY_OF_SEINE
753,2014-09-12,271.7180012081251,567.5580123976057,-295.274334157799,-0.5656770316816164,67.32665437965332,26.112540249897364,61.39625746098154,12.491202289121093,False,-0.4998563054368029,BAY_OF_SEINE
754,2014-09-20,266.27142237292827,572.9898251064715,-289.46298254810165,-17.25542018544155,67.32665437965332,26.112540249897364,61.39625746098154,12.491202289121093,False,-0.4998563054368029,BAY_OF_SEINE
755,2014-09-28,271.7180012081251,578.4538748730241,-286.7184856883488,-20.017387976550253,67.32665437965332,26.112540249897364,61.39625746098154,12.491202289121093,False,-0.4998563054368029,BAY_OF_SEINE
756,2014-10-04,273.849265445581,583.8436156382784,-291.275849269082,-18.71850092361541,67.32665437965332,26.112540249897364,61.39625746098154,12.491202289121093,False,-0.4998563054368029,BAY_OF_SEINE
757,2014-10-12,534.6830390061698,589.0563043791071,-132.1422919433448,77.76902657040745,67.32665437965332,26.112540249897364,61.39625746098154,12.491202289121093,False,-0.4998563054368029,BAY_OF_SEINE
758,2014-10-20,534.6830390061698,593.9985579557306,-93.22299107228692,33.90747212272613,67.32665437965332,26.112540249897364,61.39625746098154,12.491202289121093,False,-0.4998563054368029,BAY_OF_SEINE
759,2014-10-28,493.5595110111654,598.588984418186,-66.03793944549136,-38.99153396152923,67.32665437965332,26.112540249897364,61.39625746098154,12.491202289121093,False,-0.4998563054368029,BAY_OF_SEINE
760,2014-11-04,493.5595110111654,602.7626347501389,-16.01418040747029,-93.1889433315032,67.32665437965332,26.112540249897364,61.39625746098154,12.491202289121093,False,-0.4998563054368029,BAY_OF_SEINE
761,2014-11-12,615.0277404769539,606.470416428678,97.09338709251853,-88.53606304424265,67.32665437965332,26.112540249897364,61.39625746098154,12.491202289121093,False,-0.4998563054368029,BAY_OF_SEINE
762,2014-11-20,615.0277404769539,609.6780461761247,127.95717305369732,-122.60747875286808,67.32665437965332,26.112540249897364,61.39625746098154,12.491202289121093,False,-0.4998563054368029,BAY_OF_SEINE
763,2014-11-28,489.6644276940037,612.3583218646652,9.67932366230555,-132.37321783296704,67.32665437965332,26.112540249897364,61.39625746098154,12.491202289121093,False,-0.4998563054368029,BAY_OF_SEINE
764,2014-12-04,489.6644276940037,614.4843341923845,-45.91016805677338,-78.90973844160743,67.32665437965332,26.112540249897364,61.39625746098154,12.491202289121093,False,-0.4998563054368029,BAY_OF_SEINE
765,2014-12-12,556.4667075559224,616.0250775837719,-74.33142728476463,14.773057256915138,67.32665437965332,26.112540249897364,61.39625746098154,12.491202289121093,False,-0.4998563054368029,BAY_OF_SEINE
766,2014-12-20,975.5177077313645,616.9465989274339,127.0170282752016,231.55408052872892,67.32665437965332,26.112540249897364,61.39625746098154,12.491202289121093,False,-0.4998563054368029,BAY_OF_SEINE
767,2014-12-28,975.5177077313645,617.217403599208,230.3795600804104,127.92074405174613,67.32665437965332,26.112540249897364,61.39625746098154,12.491202289121093,False,-0.4998563054368029,BAY_OF_SEINE
768,2015-01-04,975.5177077313645,616.8117572315149,248.4693631415575,110.23658735829208,67.32665437965332,26.112540249897364,61.39625746098154,12.491202289121093,False,-0.4998563054368029,BAY_OF_SEINE
769,2015-01-12,1074.0263355209586,615.7177867730052,287.62453363036195,170.68401511759146,67.32665437965332,26.112540249897364,61.39625746098154,12.491202289121093,False,-0.4998563054368029,BAY_OF_SEINE
770,2015-01-20,1074.0263355209586,613.9315430824391,286.4690677546522,173.62572468386725,67.32665437965332,26.112540249897364,61.39625746098154,12.491202289121093,False,-0.4998563054368029,BAY_OF_SEINE
771,2015-01-28,1189.0023726420238,611.457777773255,409.1710097075167,168.3735851612522,67.32665437965332,26.112540249897364,61.39625746098154,12.491202289121093,False,-0.4998563054368029,BAY_OF_SEINE
772,2015-02-04,996.4245759963544,608.312831212171,382.7620402059499,5.3497045782334,67.32665437965332,26.112540249897364,61.39625746098154,12.491202289121093,False,-0.4998563054368029,BAY_OF_SEINE
773,2015-02-12,900.1562215456275,604.519087536616,458.9672253037949,-163.33009129478336,67.32665437965332,26.112540249897364,61.39625746098154,12.491202289121093,False,-0.4998563054368029,BAY_OF_SEINE
774,2015-02-20,900.1562215456275,600.0927460205551,454.8147986256709,-154.75132310059843,67.32665437965332,26.112540249897364,61.39625746098154,12.491202289121093,False,-0.4998563054368029,BAY_OF_SEINE
775,2015-02-28,1049.4631021614225,595.051486678519,497.53930244643,-43.12768696352674,67.32665437965332,26.112540249897364,61.39625746098154,12.491202289121093,False,-0.4998563054368029,BAY_OF_SEINE
776,2015-03-04,1049.4631021614225,589.4213935309324,480.79145785552186,-20.74974922503196,67.32665437965332,26.112540249897364,61.39625746098154,12.491202289121093,False,-0.4998563054368029,BAY_OF_SEINE
777,2015-03-12,795.355427492136,583.2384701909793,270.7453535461617,-58.62839624500509,67.32665437965332,26.112540249897364,61.39625746098154,12.491202289121093,False,-0.4998563054368029,BAY_OF_SEINE
778,2015-03-20,574.29968017784,576.5431635084369,15.470311880066529,-17.713795210663502,67.32665437965332,26.112540249897364,61.39625746098154,12.491202289121093,False,-0.4998563054368029,BAY_OF_SEINE
779,2015-03-28,574.29968017784,569.3816168003083,3.495501212191286,1.4225621653403806,67.32665437965332,26.112540249897364,61.39625746098154,12.491202289121093,False,-0.4998563054368029,BAY_OF_SEINE
780,2015-04-04,624.734186575505,561.8052595865876,26.791107392702354,36.13781959621504,67.32665437965332,26.112540249897364,61.39625746098154,12.491202289121093,False,-0.4998563054368029,BAY_OF_SEINE
781,2015-04-12,624.734186575505,553.8683582898874,13.975788973224144,56.89003931239343,67.32665437965332,26.112540249897364,61.39625746098154,12.491202289121093,False,-0.4998563054368029,BAY_OF_SEINE
782,2015-04-20,525.711822937907,545.6270084833444,-58.35521542155897,38.44002987612152,67.32665437965332,26.112540249897364,61.39625746098154,12.491202289121093,False,-0.4998563054368029,BAY_OF_SEINE
783,2015-04-28,525.711822937907,537.140051896616,-81.4670978567688,70.03886889805976,67.32665437965332,26.112540249897364,61.39625746098154,12.491202289121093,False,-0.4998563054368029,BAY_OF_SEINE
784,2015-05-04,914.019348150382,528.4689775334365,108.06530860993516,277.48506200701047,67.32665437965332,26.112540249897364,61.39625746098154,12.491202289121093,False,-0.4998563054368029,BAY_OF_SEINE
785,2015-05-12,914.019348150382,519.6792447922026,106.03883107849704,288.3012722796825,67.32665437965332,26.112540249897364,61.39625746098154,12.491202289121093,False,-0.4998563054368029,BAY_OF_SEINE
786,2015-05-20,556.309587873723,510.8370732196031,-36.65253807570184,82.12505272982173,67.32665437965332,26.112540249897364,61.39625746098154,12.491202289121093,False,-0.4998563054368029,BAY_OF_SEINE
787,2015-05-28,390.8626760616238,502.00864484593086,-91.01085984963883,-20.135108934668224,67.32665437965332,26.112540249897364,61.39625746098154,12.491202289121093,False,-0.4998563054368029,BAY_OF_SEINE
788,2015-06-04,325.7077970992443,493.2587844745864,33.12640475771989,-200.67739213306197,67.32665437965332,26.112540249897364,61.39625746098154,12.491202289121093,False,-0.4998563054368029,BAY_OF_SEINE
789,2015-06-12,268.30138890313754,484.6399128629756,7.37288961346209,-223.71141357330015,67.32665437965332,26.112540249897364,61.39625746098154,12.491202289121093,False,-0.4998563054368029,BAY_OF_SEINE
790,2015-06-20,256.3575572874127,476.1967287460645,-18.05794508293261,-201.78122637571923,67.32665437965332,26.112540249897364,61.39625746098154,12.491202289121093,False,-0.4998563054368029,BAY_OF_SEINE
791,2015-06-28,225.0740595682768,467.9707196656303,-127.9210238438432,-114.97563625351027,67.32665437965332,26.112540249897364,61.39625746098154,12.491202289121093,False,-0.4998563054368029,BAY_OF_SEINE
792,2015-07-04,206.6265379915548,460.0079315511802,-205.80315272488787,-47.57824083473759,67.32665437965332,26.112540249897364,61.39625746098154,12.491202289121093,False,-0.4998563054368029,BAY_OF_SEINE
793,2015-07-12,206.6265379915548,452.3671409241981,-227.85114324578652,-17.88945968685681,67.32665437965332,26.112540249897364,61.39625746098154,12.491202289121093,False,-0.4998563054368029,BAY_OF_SEINE
794,2015-07-20,205.59361251579023,445.1211857759697,-236.1760328355432,-3.3515404246362834,67.32665437965332,26.112540249897364,61.39625746098154,12.491202289121093,False,-0.4998563054368029,BAY_OF_SEINE
795,2015-07-28,205.59361251579023,438.353636558736,-230.37197823406856,-2.388045808877223,67.32665437965332,26.112540249897364,61.39625746098154,12.491202289121093,False,-0.4998563054368029,BAY_OF_SEINE
796,2015-08-04,204.06811098126752,432.1537120289941,-227.31901777729445,-0.7665832704320792,67.32665437965332,26.112540249897364,61.39625746098154,12.491202289121093,False,-0.4998563054368029,BAY_OF_SEINE
797,2015-08-12,204.06811098126752,426.6135690047838,-204.20005867101395,-18.34539935250234,67.32665437965332,26.112540249897364,61.39625746098154,12.491202289121093,False,-0.4998563054368029,BAY_OF_SEINE
798,2015-08-20,216.94559397955757,421.8258430282015,-197.48248394865345,-7.397765099990465,67.32665437965332,26.112540249897364,61.39625746098154,12.491202289121093,False,-0.4998563054368029,BAY_OF_SEINE
799,2015-08-28,237.8592725115236,417.88132534381725,-192.9520268147488,12.929973982455124,67.32665437965332,26.112540249897364,61.39625746098154,12.491202289121093,False,-0.4998563054368029,BAY_OF_SEINE
800,2015-09-04,264.910407111425,414.8643485996956,-198.99577906708345,49.04183757881288,67.32665437965332,26.112540249897364,61.39625746098154,12.491202289121093,False,-0.4998563054368029,BAY_OF_SEINE
801,2015-09-12,264.910407111425,412.8499851089734,-207.40932162329847,59.46974362575008,67.32665437965332,26.112540249897364,61.39625746098154,12.491202289121093,False,-0.4998563054368029,BAY_OF_SEINE
802,2015-09-20,264.910407111425,411.9020398844393,-208.25768101455284,61.26604824153853,67.32665437965332,26.112540249897364,61.39625746098154,12.491202289121093,False,-0.4998563054368029,BAY_OF_SEINE
803,2015-09-28,267.75019337303235,412.0725497802468,-208.6714011030701,64.3490446958557,67.32665437965332,26.112540249897364,61.39625746098154,12.491202289121093,False,-0.4998563054368029,BAY_OF_SEINE
804,2015-10-04,254.5753632591472,413.40076183945166,-214.4220470439957,55.5966484636912,67.32665437965332,26.112540249897364,61.39625746098154,12.491202289121093,False,-0.4998563054368029,BAY_OF_SEINE
805,2015-10-12,259.6825721094299,415.9118802619524,-146.42688109950734,-9.802427053015208,67.32665437965332,26.112540249897364,61.39625746098154,12.491202289121093,False,-0.4998563054368029,BAY_OF_SEINE
806,2015-10-20,254.5753632591472,419.61657362300224,-143.01412615723214,-22.02708420662293,67.32665437965332,26.112540249897364,61.39625746098154,12.491202289121093,False,-0.4998563054368029,BAY_OF_SEINE
807,2015-10-28,249.46388815745425,424.5101336717937,-150.93147102697898,-24.11477448736048,67.32665437965332,26.112540249897364,61.39625746098154,12.491202289121093,False,-0.4998563054368029,BAY_OF_SEINE
808,2015-11-04,223.45202821453967,430.5675212381498,-159.98332351447522,-47.13216950913488,67.32665437965332,26.112540249897364,61.39625746098154,12.491202289121093,False,-0.4998563054368029,BAY_OF_SEINE
809,2015-11-12,223.45202821453967,437.74435435954047,-109.34765061599629,-104.94467552900448,67.32665437965332,26.112540249897364,61.39625746098154,12.491202289121093,False,-0.4998563054368029,BAY_OF_SEINE
810,2015-11-20,353.5383991761726,445.9805823512076,-30.2954892206357,-62.14669395439928,67.32665437965332,26.112540249897364,61.39625746098154,12.491202289121093,False,-0.4998563054368029,BAY_OF_SEINE
811,2015-11-28,364.5152992901809,455.2051533916088,-57.492844667795154,-33.19700943363274,67.32665437965332,26.112540249897364,61.39625746098154,12.491202289121093,False,-0.4998563054368029,BAY_OF_SEINE
812,2015-12-04,364.5152992901809,465.33843887856807,-82.28316354717133,-18.53997604121589,67.32665437965332,26.112540249897364,61.39625746098154,12.491202289121093,False,-0.4998563054368029,BAY_OF_SEINE
813,2015-12-12,310.91856239310863,476.2985553546656,-116.06845720596318,-49.3115357555938,67.32665437965332,26.112540249897364,61.39625746098154,12.491202289121093,False,-0.4998563054368029,BAY_OF_SEINE
814,2015-12-20,300.12636333292824,488.0071244414406,-24.427687453705,-163.45307365480738,67.32665437965332,26.112540249897364,61.39625746098154,12.491202289121093,False,-0.4998563054368029,BAY_OF_SEINE
815,2015-12-28,300.12636333292824,500.3897036725157,-33.69060293467566,-166.57273740491183,67.32665437965332,26.112540249897364,61.39625746098154,12.491202289121093,False,-0.4998563054368029,BAY_OF_SEINE
816,2016-01-04,383.2991772901121,513.373676389541,3.389857579380162,-133.46435667880905,67.32665437965332,26.112540249897364,61.39625746098154,12.491202289121093,False,-0.4998563054368029,BAY_OF_SEINE
817,2016-01-12,519.2653008112574,526.8833705354872,105.41557913320692,-113.03364885743676,67.32665437965332,26.112540249897364,61.39625746098154,12.491202289121093,False,-0.4998563054368029,BAY_OF_SEINE
818,2016-01-20,519.2653008112574,540.8424024431137,102.7245189329934,-124.30162056484969,67.32665437965332,26.112540249897364,61.39625746098154,12.491202289121093,False,-0.4998563054368029,BAY_OF_SEINE
819,2016-01-28,519.2653008112574,555.1719238479043,130.24160989122686,-166.14823292787378,67.32665437965332,26.112540249897364,61.39625746098154,12.491202289121093,False,-0.4998563054368029,BAY_OF_SEINE
820,2016-02-04,802.0198673142563,569.7893300649255,257.374342060368,-25.14380481103717,67.32665437965332,26.112540249897364,61.39625746098154,12.491202289121093,False,-0.4998563054368029,BAY_OF_SEINE
821,2016-02-12,1295.789747007937,584.6029962091854,477.7229035917032,233.46384720704827,67.32665437965332,26.112540249897364,61.39625746098154,12.491202289121093,False,-0.4998563054368029,BAY_OF_SEINE
822,2016-02-20,1295.789747007937,599.5083227511549,449.2676835813416,247.01374067544052,67.32665437965332,26.112540249897364,61.39625746098154,12.491202289121093,False,-0.4998563054368029,BAY_OF_SEINE
823,2016-02-28,1147.6169679206398,614.3917337767632,410.3857184484589,122.83951569541767,67.32665437965332,26.112540249897364,61.39625746098154,12.491202289121093,False,-0.4998563054368029,BAY_OF_SEINE
824,2016-03-04,1147.6169679206398,629.1333662572914,511.7068156877388,6.7767859756095845,67.32665437965332,26.112540249897364,61.39625746098154,12.491202289121093,False,-0.4998563054368029,BAY_OF_SEINE
825,2016-03-12,1132.6595065470674,643.6009180691628,437.8405775752358,51.218010902668766,67.32665437965332,26.112540249897364,61.39625746098154,12.491202289121093,False,-0.4998563054368029,BAY_OF_SEINE
826,2016-03-20,763.020104423399,657.6511071580587,173.5885475204583,-68.21955025511807,67.32665437965332,26.112540249897364,61.39625746098154,12.491202289121093,False,-0.4998563054368029,BAY_OF_SEINE
827,2016-03-28,763.020104423399,671.1332575852176,150.35598739461625,-58.46914055643492,67.32665437965332,26.112540249897364,61.39625746098154,12.491202289121093,False,-0.4998563054368029,BAY_OF_SEINE
828,2016-04-04,861.9396824052029,683.8975242518001,166.66566040282038,11.376497750582471,67.32665437965332,26.112540249897364,61.39625746098154,12.491202289121093,False,-0.4998563054368029,BAY_OF_SEINE
829,2016-04-12,861.9396824052029,695.8009403664348,140.0072916819822,26.131450356785905,67.32665437965332,26.112540249897364,61.39625746098154,12.491202289121093,False,-0.4998563054368029,BAY_OF_SEINE
830,2016-04-20,754.4479250105916,706.7101714737997,45.69399606010079,2.043757476691056,67.32665437965332,26.112540249897364,61.39625746098154,12.491202289121093,False,-0.4998563054368029,BAY_OF_SEINE
831,2016-04-28,614.6417579493356,716.4991757560355,-27.757959629508573,-74.09945817719134,67.32665437965332,26.112540249897364,61.39625746098154,12.491202289121093,False,-0.4998563054368029,BAY_OF_SEINE
832,2016-05-04,571.0187548217563,725.0484833536959,42.74396088717583,-196.7736894191155,67.32665437965332,26.112540249897364,61.39625746098154,12.491202289121093,False,-0.4998563054368029,BAY_OF_SEINE
833,2016-05-12,571.0187548217563,732.2487621366447,42.441906407230206,-203.67191372211863,67.32665437965332,26.112540249897364,61.39625746098154,12.491202289121093,False,-0.4998563054368029,BAY_OF_SEINE
834,2016-05-20,717.1694412317391,738.001642500622,22.95526525010206,-43.7874665189849,67.32665437965332,26.112540249897364,61.39625746098154,12.491202289121093,False,-0.4998563054368029,BAY_OF_SEINE
835,2016-05-28,826.5109125824275,742.2131992472936,20.684997728295663,63.612715606838286,67.32665437965332,26.112540249897364,61.39625746098154,12.491202289121093,False,-0.4998563054368029,BAY_OF_SEINE
836,2016-06-04,1448.9060043862175,744.7932193027501,309.098545090304,395.0142399931634,67.32665437965332,26.112540249897364,61.39625746098154,12.491202289121093,False,-0.4998563054368029,BAY_OF_SEINE
837,2016-06-12,1448.9060043862175,745.6667397089643,290.6146396416766,412.6246250355766,67.32665437965332,26.112540249897364,61.39625746098154,12.491202289121093,False,-0.4998563054368029,BAY_OF_SEINE
838,2016-06-20,1424.9156355332293,744.77515390003,267.3729323671018,412.7675492660976,67.32665437965332,26.112540249897364,61.39625746098154,12.491202289121093,False,-0.4998563054368029,BAY_OF_SEINE
839,2016-06-28,1011.203428472661,742.0819477332434,51.660100464204525,217.4613802752131,67.32665437965332,26.112540249897364,61.39625746098154,12.491202289121093,False,-0.4998563054368029,BAY_OF_SEINE
840,2016-07-04,677.0175865888143,737.5695584451223,-117.56517812978088,57.01320627347289,67.32665437965332,26.112540249897364,61.39625746098154,12.491202289121093,False,-0.4998563054368029,BAY_OF_SEINE
841,2016-07-12,500.51765291077584,731.2377371981188,-208.8135741599651,-21.906510127377857,67.32665437965332,26.112540249897364,61.39625746098154,12.491202289121093,False,-0.4998563054368029,BAY_OF_SEINE
842,2016-07-20,434.177537127497,723.1017203101139,-249.8015998844835,-39.12258329813349,67.32665437965332,26.112540249897364,61.39625746098154,12.491202289121093,False,-0.4998563054368029,BAY_OF_SEINE
843,2016-07-28,419.5197001909404,713.1918796784097,-261.1488867059888,-32.52329278148056,67.32665437965332,26.112540249897364,61.39625746098154,12.491202289121093,False,-0.4998563054368029,BAY_OF_SEINE
844,2016-08-04,398.33044871472526,701.5541430627213,-276.9342430619482,-26.28945128604784,67.32665437965332,26.112540249897364,61.39625746098154,12.491202289121093,False,-0.4998563054368029,BAY_OF_SEINE
845,2016-08-12,352.68637852961217,688.250125448466,-295.73957661190144,-39.82417030695234,67.32665437965332,26.112540249897364,61.39625746098154,12.491202289121093,False,-0.4998563054368029,BAY_OF_SEINE
846,2016-08-20,335.54561231533773,673.3568721880747,-299.4107458374063,-38.40051403533067,67.32665437965332,26.112540249897364,61.39625746098154,12.491202289121093,False,-0.4998563054368029,BAY_OF_SEINE
847,2016-08-28,301.883981638811,656.9675952074464,-308.5961866770704,-46.48742689156495,67.32665437965332,26.112540249897364,61.39625746098154,12.491202289121093,False,-0.4998563054368029,BAY_OF_SEINE
848,2016-09-04,293.3883254047099,639.1925127238347,-303.0554056316016,-42.748781687523206,67.32665437965332,26.112540249897364,61.39625746098154,12.491202289121093,False,-0.4998563054368029,BAY_OF_SEINE
849,2016-09-12,293.3883254047099,620.1587342940278,-271.60266227648185,-55.16774661283603,67.32665437965332,26.112540249897364,61.39625746098154,12.491202289121093,False,-0.4998563054368029,BAY_OF_SEINE
850,2016-09-20,293.3883254047099,600.007193857755,-271.67633666621543,-34.942531786829704,67.32665437965332,26.112540249897364,61.39625746098154,12.491202289121093,False,-0.4998563054368029,BAY_OF_SEINE
851,2016-09-28,278.8459058772807,578.8907997393386,-283.4501115011125,-16.59478236094543,67.32665437965332,26.112540249897364,61.39625746098154,12.491202289121093,False,-0.4998563054368029,BAY_OF_SEINE
852,2016-10-04,278.76632280563166,556.9728288613173,-298.1841561904628,19.977650134777093,67.32665437965332,26.112540249897364,61.39625746098154,12.491202289121093,False,-0.4998563054368029,BAY_OF_SEINE
853,2016-10-12,278.8459058772807,534.4257081391352,-295.48179542455927,39.9019931627048,67.32665437965332,26.112540249897364,61.39625746098154,12.491202289121093,False,-0.4998563054368029,BAY_OF_SEINE
854,2016-10-20,301.7834772473735,511.4281184576244,-285.5332596391148,75.88861842886399,67.32665437965332,26.112540249897364,61.39625746098154,12.491202289121093,False,-0.4998563054368029,BAY_OF_SEINE
855,2016-10-28,319.0606015916068,488.16253710777744,-280.4811408176268,111.37920530145618,67.32665437965332,26.112540249897364,61.39625746098154,12.491202289121093,False,-0.4998563054368029,BAY_OF_SEINE
856,2016-11-04,327.0871836031312,464.8153985495417,-278.0445817473021,140.3163668008916,67.32665437965332,26.112540249897364,61.39625746098154,12.491202289121093,False,-0.4998563054368029,BAY_OF_SEINE
857,2016-11-12,397.289515879641,441.5747527745749,-200.81325230795173,156.52801541301787,67.32665437965332,26.112540249897364,61.39625746098154,12.491202289121093,False,-0.4998563054368029,BAY_OF_SEINE
858,2016-11-20,449.5512211957828,418.6254282057151,-121.68395328635457,152.60974627642224,67.32665437965332,26.112540249897364,61.39625746098154,12.491202289121093,False,-0.4998563054368029,BAY_OF_SEINE
859,2016-11-28,449.5512211957828,396.1473296469629,-100.82466079083883,154.22855233965873,67.32665437965332,26.112540249897364,61.39625746098154,12.491202289121093,False,-0.4998563054368029,BAY_OF_SEINE
860,2016-12-04,366.5261313906701,374.315479657763,-107.6316697016682,99.84232143457534,67.32665437965332,26.112540249897364,61.39625746098154,12.491202289121093,False,-0.4998563054368029,BAY_OF_SEINE
861,2016-12-12,296.7322977116168,353.2956699279222,-85.61115944503676,29.047787228731394,67.32665437965332,26.112540249897364,61.39625746098154,12.491202289121093,False,-0.4998563054368029,BAY_OF_SEINE
862,2016-12-20,292.8439266894076,333.23798626704894,-54.44312848002364,14.049068902382269,67.32665437965332,26.112540249897364,61.39625746098154,12.491202289121093,False,-0.4998563054368029,BAY_OF_SEINE
863,2016-12-28,280.20519606997465,314.2745207968278,-35.57952007592714,1.5101953490739888,67.32665437965332,26.112540249897364,61.39625746098154,12.491202289121093,False,-0.4998563054368029,BAY_OF_SEINE
864,2017-01-04,280.20519606997465,296.5191001095363,123.52025565413577,-139.83415969369742,67.32665437965332,26.112540249897364,61.39625746098154,12.491202289121093,False,-0.4998563054368029,BAY_OF_SEINE
865,2017-01-12,331.0748217529018,280.06362756457645,233.9055756299602,-182.89438144163483,67.32665437965332,26.112540249897364,61.39625746098154,12.491202289121093,False,-0.4998563054368029,BAY_OF_SEINE
866,2017-01-20,331.0748217529018,264.981168040458,259.24468385082906,-193.15103013838524,67.32665437965332,26.112540249897364,61.39625746098154,12.491202289121093,False,-0.4998563054368029,BAY_OF_SEINE
867,2017-01-28,336.6635917870034,251.32959537922724,399.2863420725212,-313.95234566474505,67.32665437965332,26.112540249897364,61.39625746098154,12.491202289121093,False,-0.4998563054368029,BAY_OF_SEINE
868,2017-02-04,483.1090785573446,239.14789910889849,545.4809875180995,-301.5198080696533,67.32665437965332,26.112540249897364,61.39625746098154,12.491202289121093,False,-0.4998563054368029,BAY_OF_SEINE
869,2017-02-12,483.1090785573446,228.46828176628645,558.0462459088707,-303.4054491178125,67.32665437965332,26.112540249897364,61.39625746098154,12.491202289121093,False,-0.4998563054368029,BAY_OF_SEINE
870,2017-02-20,378.0425444858738,219.3317010191124,464.2669215788361,-305.5560781120747,67.32665437965332,26.112540249897364,61.39625746098154,12.491202289121093,False,-0.4998563054368029,BAY_OF_SEINE
871,2017-02-28,378.0425444858738,211.7838277605311,347.3177259865999,-181.0590092612572,67.32665437965332,26.112540249897364,61.39625746098154,12.491202289121093,False,-0.4998563054368029,BAY_OF_SEINE
872,2017-03-04,792.2905177944839,205.86832634383325,499.9588857219736,86.46330572867708,67.32665437965332,26.112540249897364,61.39625746098154,12.491202289121093,False,-0.4998563054368029,BAY_OF_SEINE
873,2017-03-12,792.2905177944839,201.6288308017133,497.0846714313308,93.57701556143974,67.32665437965332,26.112540249897364,61.39625746098154,12.491202289121093,False,-0.4998563054368029,BAY_OF_SEINE
874,2017-03-20,708.9178952905427,199.10865343624252,395.67077568706026,114.13846616723988,67.32665437965332,26.112540249897364,61.39625746098154,12.491202289121093,False,-0.4998563054368029,BAY_OF_SEINE
875,2017-03-28,628.9614960478208,198.34716184287825,355.8903132701228,74.7240209348198,67.32665437965332,26.112540249897364,61.39625746098154,12.491202289121093,False,-0.4998563054368029,BAY_OF_SEINE
876,2017-04-04,458.0273806084168,199.37375449463397,276.826300762204,-18.17267464842115,67.32665437965332,26.112540249897364,61.39625746098154,12.491202289121093,False,-0.4998563054368029,BAY_OF_SEINE
877,2017-04-12,360.11766434600486,202.2086755302058,199.24912115299105,-41.34013233719199,67.32665437965332,26.112540249897364,61.39625746098154,12.491202289121093,False,-0.4998563054368029,BAY_OF_SEINE
878,2017-04-20,302.6310501876452,206.86290154688487,53.19448872495745,42.57365991580288,67.32665437965332,26.112540249897364,61.39625746098154,12.491202289121093,False,-0.4998563054368029,BAY_OF_SEINE
879,2017-04-28,294.32927016896656,213.3396992846562,-29.92818753828045,110.9177584225908,67.32665437965332,26.112540249897364,61.39625746098154,12.491202289121093,False,-0.4998563054368029,BAY_OF_SEINE
880,2017-05-04,281.4040127093012,221.63376470799764,-56.02401088978755,115.79425889109108,67.32665437965332,26.112540249897364,61.39625746098154,12.491202289121093,False,-0.4998563054368029,BAY_OF_SEINE
881,2017-05-12,287.029821361771,231.72968071245288,-70.5084576250467,125.8085982743648,67.32665437965332,26.112540249897364,61.39625746098154,12.491202289121093,False,-0.4998563054368029,BAY_OF_SEINE
882,2017-05-20,281.4040127093012,243.6055217983135,-37.6327103860245,75.43120129701218,67.32665437965332,26.112540249897364,61.39625746098154,12.491202289121093,False,-0.4998563054368029,BAY_OF_SEINE
883,2017-05-28,226.7695616628321,257.2378666729743,-32.75183446295068,2.2835294528084944,67.32665437965332,26.112540249897364,61.39625746098154,12.491202289121093,False,-0.4998563054368029,BAY_OF_SEINE
884,2017-06-04,209.67299753100696,272.602477019603,115.58481661045442,-178.51429609905043,67.32665437965332,26.112540249897364,61.39625746098154,12.491202289121093,False,-0.4998563054368029,BAY_OF_SEINE
885,2017-06-12,203.1687406003968,289.6701566955122,107.97022513174744,-194.47164122686289,67.32665437965332,26.112540249897364,61.39625746098154,12.491202289121093,False,-0.4998563054368029,BAY_OF_SEINE
886,2017-06-20,177.7954336367903,308.40407258040693,63.02839387941882,-193.63703282303544,67.32665437965332,26.112540249897364,61.39625746098154,12.491202289121093,False,-0.4998563054368029,BAY_OF_SEINE
887,2017-06-28,177.7954336367903,328.7463096558678,-83.33454844295589,-67.61632757612158,67.32665437965332,26.112540249897364,61.39625746098154,12.491202289121093,False,-0.4998563054368029,BAY_OF_SEINE
888,2017-07-04,196.08737408803276,350.6156180209528,-176.68532508191112,22.15708114899104,67.32665437965332,26.112540249897364,61.39625746098154,12.491202289121093,False,-0.4998563054368029,BAY_OF_SEINE
889,2017-07-12,196.08737408803276,373.9034909943929,-234.94324313313504,57.12712622677489,67.32665437965332,26.112540249897364,61.39625746098154,12.491202289121093,False,-0.4998563054368029,BAY_OF_SEINE
890,2017-07-20,177.68327300989085,398.4787513904894,-272.831575908894,52.03609752829544,67.32665437965332,26.112540249897364,61.39625746098154,12.491202289121093,False,-0.4998563054368029,BAY_OF_SEINE
891,2017-07-28,177.68327300989085,424.192814660386,-288.3489087653515,41.83936711485637,67.32665437965332,26.112540249897364,61.39625746098154,12.491202289121093,False,-0.4998563054368029,BAY_OF_SEINE
892,2017-08-04,178.407047246017,450.8834861300397,-310.77644983291214,38.300010948889394,67.32665437965332,26.112540249897364,61.39625746098154,12.491202289121093,False,-0.4998563054368029,BAY_OF_SEINE
893,2017-08-12,205.02089661429,478.3775462889105,-324.2739012430256,50.91725156840511,67.32665437965332,26.112540249897364,61.39625746098154,12.491202289121093,False,-0.4998563054368029,BAY_OF_SEINE
894,2017-08-20,209.4363910489812,506.4928574356212,-328.46897608995084,31.41250970331089,67.32665437965332,26.112540249897364,61.39625746098154,12.491202289121093,False,-0.4998563054368029,BAY_OF_SEINE
895,2017-08-28,209.4363910489812,535.0393331078375,-347.2306960064935,21.627753947637245,67.32665437965332,26.112540249897364,61.39625746098154,12.491202289121093,False,-0.4998563054368029,BAY_OF_SEINE
896,2017-09-04,209.4363910489812,563.821240660662,-353.20050394694607,-1.1843456647347352,67.32665437965332,26.112540249897364,61.39625746098154,12.491202289121093,False,-0.4998563054368029,BAY_OF_SEINE
897,2017-09-12,326.98185154769897,592.6396241580555,-297.4830591640778,31.82528655372124,67.32665437965332,26.112540249897364,61.39625746098154,12.491202289121093,False,-0.4998563054368029,BAY_OF_SEINE
898,2017-09-20,326.98185154769897,621.2963854654064,-301.110531888781,6.795997971073575,67.32665437965332,26.112540249897364,61.39625746098154,12.491202289121093,False,-0.4998563054368029,BAY_OF_SEINE
899,2017-09-28,311.4457428132871,649.596715131056,-317.55665704399587,-20.59431527377308,67.32665437965332,26.112540249897364,61.39625746098154,12.491202289121093,False,-0.4998563054368029,BAY_OF_SEINE
900,2017-10-04,265.5490869864945,677.3527000824607,-343.7403787707931,-68.06323432517314,67.32665437965332,26.112540249897364,61.39625746098154,12.491202289121093,False,-0.4998563054368029,BAY_OF_SEINE
901,2017-10-12,263.92722863831125,704.3850569993098,-348.4112953316266,-92.04653302937191,67.32665437965332,26.112540249897364,61.39625746098154,12.491202289121093,False,-0.4998563054368029,BAY_OF_SEINE
902,2017-10-20,250.9338542316808,730.5257781150132,-354.11348179325,-125.47844209008235,67.32665437965332,26.112540249897364,61.39625746098154,12.491202289121093,False,-0.4998563054368029,BAY_OF_SEINE
903,2017-10-28,226.70514874229852,755.6198031632847,-363.5813850428833,-165.33326937810284,67.32665437965332,26.112540249897364,61.39625746098154,12.491202289121093,False,-0.4998563054368029,BAY_OF_SEINE
904,2017-11-04,226.70514874229852,779.5260557513319,-361.1026120860352,-191.71829492299813,67.32665437965332,26.112540249897364,61.39625746098154,12.491202289121093,False,-0.4998563054368029,BAY_OF_SEINE
905,2017-11-12,370.7678422697968,802.1179620101022,-272.6986917095536,-158.65142803075184,67.32665437965332,26.112540249897364,61.39625746098154,12.491202289121093,False,-0.4998563054368029,BAY_OF_SEINE
906,2017-11-20,429.81044757802624,823.2839462574111,-225.91042367939565,-167.56307499998923,67.32665437965332,26.112540249897364,61.39625746098154,12.491202289121093,False,-0.4998563054368029,BAY_OF_SEINE
907,2017-11-28,482.0058291072725,842.9257744277916,-195.3942956402068,-165.52564968031228,67.32665437965332,26.112540249897364,61.39625746098154,12.491202289121093,False,-0.4998563054368029,BAY_OF_SEINE
908,2017-12-04,595.293044182402,860.9565635095272,-121.91011249145252,-143.75340683567268,67.32665437965332,26.112540249897364,61.39625746098154,12.491202289121093,False,-0.4998563054368029,BAY_OF_SEINE
909,2017-12-12,846.1377309923699,877.2982070106701,12.292080776618365,-43.45255679491855,67.32665437965332,26.112540249897364,61.39625746098154,12.491202289121093,False,-0.4998563054368029,BAY_OF_SEINE
910,2017-12-20,959.2810004587892,891.8823982680299,84.02993569219531,-16.63133350143586,67.32665437965332,26.112540249897364,61.39625746098154,12.491202289121093,False,-0.4998563054368029,BAY_OF_SEINE
911,2017-12-28,1032.9259940769462,904.6536848356656,111.10378404959904,17.168525191681454,67.32665437965332,26.112540249897364,61.39625746098154,12.491202289121093,False,-0.4998563054368029,BAY_OF_SEINE
912,2018-01-04,1566.2825584053553,915.569242806184,360.005301824038,290.70801377513334,67.32665437965332,26.112540249897364,61.39625746098154,12.491202289121093,False,-0.4998563054368029,BAY_OF_SEINE
913,2018-01-12,1756.0060115965357,924.5996961298604,470.3692277863976,361.03708768027735,67.32665437965332,26.112540249897364,61.39625746098154,12.491202289121093,False,-0.4998563054368029,BAY_OF_SEINE
914,2018-01-20,1846.022421806491,931.7230558295416,532.5394616627882,381.7599043141612,67.32665437965332,26.112540249897364,61.39625746098154,12.491202289121093,False,-0.4998563054368029,BAY_OF_SEINE
915,2018-01-28,2384.9609229583016,936.9240805348536,832.4252440043952,615.6115984190528,67.32665437965332,26.112540249897364,61.39625746098154,12.491202289121093,False,-0.4998563054368029,BAY_OF_SEINE
916,2018-02-04,2384.9609229583016,940.1972953444814,945.1197063357022,499.6439212781179,67.32665437965332,26.112540249897364,61.39625746098154,12.491202289121093,False,-0.4998563054368029,BAY_OF_SEINE
917,2018-02-12,1933.595519889932,941.5465949091414,721.8953329101855,270.1535920706052,67.32665437965332,26.112540249897364,61.39625746098154,12.491202289121093,False,-0.4998563054368029,BAY_OF_SEINE
918,2018-02-20,1762.2482876320837,940.9866645772072,542.4901780629879,278.7714449918888,67.32665437965332,26.112540249897364,61.39625746098154,12.491202289121093,False,-0.4998563054368029,BAY_OF_SEINE
919,2018-02-28,1437.143409945962,938.5478632634484,355.84897735109786,142.74656933141586,67.32665437965332,26.112540249897364,61.39625746098154,12.491202289121093,False,-0.4998563054368029,BAY_OF_SEINE
920,2018-03-04,1214.1046568322456,934.2768167280356,350.6183035327461,-70.7904634285361,67.32665437965332,26.112540249897364,61.39625746098154,12.491202289121093,False,-0.4998563054368029,BAY_OF_SEINE
921,2018-03-12,1214.1046568322456,928.2399794575192,400.5978228032941,-114.7331454285678,67.32665437965332,26.112540249897364,61.39625746098154,12.491202289121093,False,-0.4998563054368029,BAY_OF_SEINE
922,2018-03-20,1343.2914659388844,920.5176766197158,450.94856839943145,-28.17477908026285,67.32665437965332,26.112540249897364,61.39625746098154,12.491202289121093,False,-0.4998563054368029,BAY_OF_SEINE
923,2018-03-28,1343.2914659388844,911.1937748572548,434.1159618520092,-2.018270770379445,67.32665437965332,26.112540249897364,61.39625746098154,12.491202289121093,False,-0.4998563054368029,BAY_OF_SEINE
924,2018-04-04,1269.684834969399,900.3503387969088,311.2501907490464,58.084305423443766,67.32665437965332,26.112540249897364,61.39625746098154,12.491202289121093,False,-0.4998563054368029,BAY_OF_SEINE
925,2018-04-12,1155.3557241704168,888.0671073787228,218.6287382823148,48.65987850937927,67.32665437965332,26.112540249897364,61.39625746098154,12.491202289121093,False,-0.4998563054368029,BAY_OF_SEINE
926,2018-04-20,794.085592613512,874.4222295572016,9.69236135122408,-90.02899829491373,67.32665437965332,26.112540249897364,61.39625746098154,12.491202289121093,False,-0.4998563054368029,BAY_OF_SEINE
927,2018-04-28,618.4970296193521,859.4949586141237,-90.21032668342536,-150.78760231134618,67.32665437965332,26.112540249897364,61.39625746098154,12.491202289121093,False,-0.4998563054368029,BAY_OF_SEINE
928,2018-05-04,584.7486866354099,843.3684603653152,-108.7622745973919,-149.85749913251342,67.32665437965332,26.112540249897364,61.39625746098154,12.491202289121093,False,-0.4998563054368029,BAY_OF_SEINE
929,2018-05-12,518.5203231191357,826.1284244724945,-112.05783327681952,-195.5502680765393,67.32665437965332,26.112540249897364,61.39625746098154,12.491202289121093,False,-0.4998563054368029,BAY_OF_SEINE
930,2018-05-20,518.5203231191357,807.8586600409593,-111.15569136469716,-178.18264555712645,67.32665437965332,26.112540249897364,61.39625746098154,12.491202289121093,False,-0.4998563054368029,BAY_OF_SEINE
931,2018-05-28,541.6099379316164,788.6408068053839,-137.92229153385466,-109.10857733991288,67.32665437965332,26.112540249897364,61.39625746098154,12.491202289121093,False,-0.4998563054368029,BAY_OF_SEINE
932,2018-06-04,555.2027254965886,768.5552734414284,-136.74926176991752,-76.60328617492226,67.32665437965332,26.112540249897364,61.39625746098154,12.491202289121093,False,-0.4998563054368029,BAY_OF_SEINE
933,2018-06-12,555.2027254965886,747.6823344723374,-143.62325621971925,-48.85635275602951,67.32665437965332,26.112540249897364,61.39625746098154,12.491202289121093,False,-0.4998563054368029,BAY_OF_SEINE
934,2018-06-20,474.9062057896147,726.1042291272336,-200.0533797053473,-51.14464363227151,67.32665437965332,26.112540249897364,61.39625746098154,12.491202289121093,False,-0.4998563054368029,BAY_OF_SEINE
935,2018-06-28,330.78106454357226,703.9123734529138,-286.1019049824221,-87.02940392691943,67.32665437965332,26.112540249897364,61.39625746098154,12.491202289121093,False,-0.4998563054368029,BAY_OF_SEINE
936,2018-07-04,287.4276791921377,681.2090536135114,-306.1713784493224,-87.60999597205131,67.32665437965332,26.112540249897364,61.39625746098154,12.491202289121093,False,-0.4998563054368029,BAY_OF_SEINE
937,2018-07-12,267.7101210292404,658.1091046281683,-313.22789893274347,-77.17108466618447,67.32665437965332,26.112540249897364,61.39625746098154,12.491202289121093,False,-0.4998563054368029,BAY_OF_SEINE
938,2018-07-20,258.1523141960774,634.7357567069427,-317.19492808021994,-59.38851443064533,67.32665437965332,26.112540249897364,61.39625746098154,12.491202289121093,False,-0.4998563054368029,BAY_OF_SEINE
939,2018-07-28,258.1523141960774,611.2168126152911,-311.0977635898981,-41.96673482931567,67.32665437965332,26.112540249897364,61.39625746098154,12.491202289121093,False,-0.4998563054368029,BAY_OF_SEINE
940,2018-08-04,241.0875768170397,587.682191566504,-311.6134154692803,-34.981199280184,67.32665437965332,26.112540249897364,61.39625746098154,12.491202289121093,False,-0.4998563054368029,BAY_OF_SEINE
941,2018-08-12,221.27317296717044,564.2622156054863,-307.3206392080896,-35.66840343022625,67.32665437965332,26.112540249897364,61.39625746098154,12.491202289121093,False,-0.4998563054368029,BAY_OF_SEINE
942,2018-08-20,241.0875768170397,541.0856863934563,-295.67162359717224,-4.326485979244353,67.32665437965332,26.112540249897364,61.39625746098154,12.491202289121093,False,-0.4998563054368029,BAY_OF_SEINE
943,2018-08-28,221.27317296717044,518.2784524936307,-322.7982388184717,25.79295929201152,67.32665437965332,26.112540249897364,61.39625746098154,12.491202289121093,False,-0.4998563054368029,BAY_OF_SEINE
944,2018-09-04,217.57823719007945,495.9618384936378,-325.87165308569,47.488051782131606,67.32665437965332,26.112540249897364,61.39625746098154,12.491202289121093,False,-0.4998563054368029,BAY_OF_SEINE
945,2018-09-12,212.0985017191296,474.2508530522311,-302.0090608732236,39.8567095401221,67.32665437965332,26.112540249897364,61.39625746098154,12.491202289121093,False,-0.4998563054368029,BAY_OF_SEINE
946,2018-09-20,212.0985017191296,453.2522312160551,-302.94042774971865,61.7866982527932,67.32665437965332,26.112540249897364,61.39625746098154,12.491202289121093,False,-0.4998563054368029,BAY_OF_SEINE
947,2018-09-28,212.81711897904933,433.06331583823226,-297.2001535984536,76.9539567392707,67.32665437965332,26.112540249897364,61.39625746098154,12.491202289121093,False,-0.4998563054368029,BAY_OF_SEINE
948,2018-10-04,218.98477167282903,413.7684312246086,-303.8437970824266,109.06013753064704,67.32665437965332,26.112540249897364,61.39625746098154,12.491202289121093,False,-0.4998563054368029,BAY_OF_SEINE
949,2018-10-12,218.98477167282903,395.4388098314666,-293.33381298468305,116.87977482604552,67.32665437965332,26.112540249897364,61.39625746098154,12.491202289121093,False,-0.4998563054368029,BAY_OF_SEINE
950,2018-10-20,210.3848124587844,378.1310324487849,-284.0928201528907,116.34660016289018,67.32665437965332,26.112540249897364,61.39625746098154,12.491202289121093,False,-0.4998563054368029,BAY_OF_SEINE
951,2018-10-28,210.3848124587844,361.8868001716488,-285.63443092450734,134.1324432116429,67.32665437965332,26.112540249897364,61.39625746098154,12.491202289121093,False,-0.4998563054368029,BAY_OF_SEINE
952,2018-11-04,217.4120445151256,346.7331679131428,-262.2965449458292,132.97542154781206,67.32665437965332,26.112540249897364,61.39625746098154,12.491202289121093,False,-0.4998563054368029,BAY_OF_SEINE
953,2018-11-12,217.4120445151256,332.6832011198901,-220.65234128771715,105.38118468295266,67.32665437965332,26.112540249897364,61.39625746098154,12.491202289121093,False,-0.4998563054368029,BAY_OF_SEINE
954,2018-11-20,236.79545878431148,319.73869561153776,-193.21292194171025,110.26968511448396,67.32665437965332,26.112540249897364,61.39625746098154,12.491202289121093,False,-0.4998563054368029,BAY_OF_SEINE
955,2018-11-28,253.09520270987653,307.89398706740303,-172.02112319750483,117.22233883997832,67.32665437965332,26.112540249897364,61.39625746098154,12.491202289121093,False,-0.4998563054368029,BAY_OF_SEINE
956,2018-12-04,393.33886742751326,297.1383269827616,-51.83038643435621,148.03092687910785,67.32665437965332,26.112540249897364,61.39625746098154,12.491202289121093,False,-0.4998563054368029,BAY_OF_SEINE
957,2018-12-12,480.6412271653673,287.4600002618774,132.2416598864997,60.93956701699023,67.32665437965332,26.112540249897364,61.39625746098154,12.491202289121093,False,-0.4998563054368029,BAY_OF_SEINE
958,2018-12-20,525.7511165756654,278.8470912819067,305.1882261027127,-58.28420080895404,67.32665437965332,26.112540249897364,61.39625746098154,12.491202289121093,False,-0.4998563054368029,BAY_OF_SEINE
959,2018-12-28,480.6412271653673,271.2861201562833,301.493142748962,-92.13803573987792,67.32665437965332,26.112540249897364,61.39625746098154,12.491202289121093,False,-0.4998563054368029,BAY_OF_SEINE
960,2019-01-04,394.9110612984082,264.76880241722574,351.1098238126579,-220.9675649314755,67.32665437965332,26.112540249897364,61.39625746098154,12.491202289121093,False,-0.4998563054368029,BAY_OF_SEINE
961,2019-01-12,394.9110612984082,259.2988117887095,330.11922193437124,-194.5069724246725,67.32665437965332,26.112540249897364,61.39625746098154,12.491202289121093,False,-0.4998563054368029,BAY_OF_SEINE
962,2019-01-20,454.04896487467465,254.8997750995397,322.323717342894,-123.17452756775909,67.32665437965332,26.112540249897364,61.39625746098154,12.491202289121093,False,-0.4998563054368029,BAY_OF_SEINE
963,2019-01-28,560.8285573796911,251.6125509877115,510.92450124941234,-201.70849485743275,67.32665437965332,26.112540249897364,61.39625746098154,12.491202289121093,False,-0.4998563054368029,BAY_OF_SEINE
964,2019-02-04,855.4945689161059,249.49148019677912,834.0232708234522,-228.0201821041254,67.32665437965332,26.112540249897364,61.39625746098154,12.491202289121093,False,-0.4998563054368029,BAY_OF_SEINE
965,2019-02-12,855.4945689161059,248.59122304061097,748.1558351688636,-141.25248929336874,67.32665437965332,26.112540249897364,61.39625746098154,12.491202289121093,False,-0.4998563054368029,BAY_OF_SEINE
966,2019-02-20,575.9631278002807,248.94937801161805,565.9068953464275,-238.8931455577648,67.32665437965332,26.112540249897364,61.39625746098154,12.491202289121093,False,-0.4998563054368029,BAY_OF_SEINE
967,2019-02-28,469.4155446574981,250.57556815068705,431.8923617906453,-213.05238528383416,67.32665437965332,26.112540249897364,61.39625746098154,12.491202289121093,False,-0.4998563054368029,BAY_OF_SEINE
968,2019-03-04,469.4155446574981,253.4547879726108,453.89458317175206,-237.93382648686477,67.32665437965332,26.112540249897364,61.39625746098154,12.491202289121093,False,-0.4998563054368029,BAY_OF_SEINE
969,2019-03-12,657.0720515256611,257.5399331572877,548.6768101438912,-149.1446917755178,67.32665437965332,26.112540249897364,61.39625746098154,12.491202289121093,False,-0.4998563054368029,BAY_OF_SEINE
970,2019-03-20,669.9638067822725,262.76155780739145,544.363289777177,-137.16104080229593,67.32665437965332,26.112540249897364,61.39625746098154,12.491202289121093,False,-0.4998563054368029,BAY_OF_SEINE
971,2019-03-28,669.9638067822725,269.04279971463296,412.1024638665513,-11.181456798911768,67.32665437965332,26.112540249897364,61.39625746098154,12.491202289121093,False,-0.4998563054368029,BAY_OF_SEINE
972,2019-04-04,485.4999979067138,276.31362826324903,216.2305572893648,-7.044187645900024,67.32665437965332,26.112540249897364,61.39625746098154,12.491202289121093,False,-0.4998563054368029,BAY_OF_SEINE
973,2019-04-12,431.64310722782153,284.5096151692742,122.36481099496184,24.76868106358552,67.32665437965332,26.112540249897364,61.39625746098154,12.491202289121093,False,-0.4998563054368029,BAY_OF_SEINE
974,2019-04-20,367.149774398801,293.57031792079016,-18.14093225905441,91.72038873706532,67.32665437965332,26.112540249897364,61.39625746098154,12.491202289121093,False,-0.4998563054368029,BAY_OF_SEINE
975,2019-04-28,319.3207590922392,303.43282279115147,-96.16957493928226,112.05751124037,67.32665437965332,26.112540249897364,61.39625746098154,12.491202289121093,False,-0.4998563054368029,BAY_OF_SEINE
976,2019-05-04,319.3207590922392,314.0279052355825,-105.7965561384715,111.08940999512818,67.32665437965332,26.112540249897364,61.39625746098154,12.491202289121093,False,-0.4998563054368029,BAY_OF_SEINE
977,2019-05-12,426.0459080978519,325.28299539430134,-69.92359380735685,170.68650651090735,67.32665437965332,26.112540249897364,61.39625746098154,12.491202289121093,False,-0.4998563054368029,BAY_OF_SEINE
978,2019-05-20,426.0459080978519,337.1249215354994,-87.13448156376269,176.0554681261151,67.32665437965332,26.112540249897364,61.39625746098154,12.491202289121093,False,-0.4998563054368029,BAY_OF_SEINE
979,2019-05-28,317.5077770460269,349.4809714096289,-149.77349915738088,117.80030479377884,67.32665437965332,26.112540249897364,61.39625746098154,12.491202289121093,False,-0.4998563054368029,BAY_OF_SEINE
980,2019-06-04,304.3414615672046,362.28030100451167,-152.46007061678594,94.52123117947886,67.32665437965332,26.112540249897364,61.39625746098154,12.491202289121093,False,-0.4998563054368029,BAY_OF_SEINE
981,2019-06-12,280.3508372026983,375.453292518531,-167.98657047716063,72.88411516132794,67.32665437965332,26.112540249897364,61.39625746098154,12.491202289121093,False,-0.4998563054368029,BAY_OF_SEINE
982,2019-06-20,244.725409370344,388.9289318732783,-214.26107471680317,70.0575522138688,67.32665437965332,26.112540249897364,61.39625746098154,12.491202289121093,False,-0.4998563054368029,BAY_OF_SEINE
983,2019-06-28,196.69443185871788,402.6338866915715,-279.76485689945355,73.82540206659993,67.32665437965332,26.112540249897364,61.39625746098154,12.491202289121093,False,-0.4998563054368029,BAY_OF_SEINE
984,2019-07-04,183.96797475397003,416.4912079832289,-302.9330926868277,70.40985945756887,67.32665437965332,26.112540249897364,61.39625746098154,12.491202289121093,False,-0.4998563054368029,BAY_OF_SEINE
985,2019-07-12,181.2600837833324,430.42073578556807,-316.09117001639777,66.93051801416209,67.32665437965332,26.112540249897364,61.39625746098154,12.491202289121093,False,-0.4998563054368029,BAY_OF_SEINE
986,2019-07-20,181.2600837833324,444.34244824695713,-317.53449775828767,54.45213329466293,67.32665437965332,26.112540249897364,61.39625746098154,12.491202289121093,False,-0.4998563054368029,BAY_OF_SEINE
987,2019-07-28,177.06730045740778,458.1796922188223,-317.3061474884475,36.19375572703302,67.32665437965332,26.112540249897364,61.39625746098154,12.491202289121093,False,-0.4998563054368029,BAY_OF_SEINE
988,2019-08-04,184.5711728391923,471.858849278336,-316.0918164399122,28.804140000768427,67.32665437965332,26.112540249897364,61.39625746098154,12.491202289121093,False,-0.4998563054368029,BAY_OF_SEINE
989,2019-08-12,206.0138168853564,485.3065720302632,-311.5838329126668,32.291077767760044,67.32665437965332,26.112540249897364,61.39625746098154,12.491202289121093,False,-0.4998563054368029,BAY_OF_SEINE
990,2019-08-20,206.0138168853564,498.4503187120721,-309.1092237597212,16.672721933005505,67.32665437965332,26.112540249897364,61.39625746098154,12.491202289121093,False,-0.4998563054368029,BAY_OF_SEINE
991,2019-08-28,137.2124959960647,511.2194795043204,-351.17301588661184,-22.833967621643808,67.32665437965332,26.112540249897364,61.39625746098154,12.491202289121093,False,-0.4998563054368029,BAY_OF_SEINE
992,2019-09-04,136.2324581674465,523.547117763619,-356.59660785825207,-30.718051737920405,67.32665437965332,26.112540249897364,61.39625746098154,12.491202289121093,False,-0.4998563054368029,BAY_OF_SEINE
993,2019-09-12,132.50794746015765,535.3715707723652,-362.85588152869656,-40.007741783510994,67.32665437965332,26.112540249897364,61.39625746098154,12.491202289121093,False,-0.4998563054368029,BAY_OF_SEINE
994,2019-09-20,136.2324581674465,546.6376361592454,-358.9544556038809,-51.450722387918006,67.32665437965332,26.112540249897364,61.39625746098154,12.491202289121093,False,-0.4998563054368029,BAY_OF_SEINE
995,2019-09-28,174.0707107924068,557.2973884637651,-324.2285765079634,-58.99810116339489,67.32665437965332,26.112540249897364,61.39625746098154,12.491202289121093,False,-0.4998563054368029,BAY_OF_SEINE
996,2019-10-04,174.37231144601793,567.3114854397531,-292.0077325693332,-100.931441424402,67.32665437965332,26.112540249897364,61.39625746098154,12.491202289121093,False,-0.4998563054368029,BAY_OF_SEINE
997,2019-10-12,208.61428227293987,576.6477782506122,-271.74191247242044,-96.29158350525188,67.32665437965332,26.112540249897364,61.39625746098154,12.491202289121093,False,-0.4998563054368029,BAY_OF_SEINE
998,2019-10-20,269.4676393053124,585.2828009439088,-235.30775334209272,-80.50740829650368,67.32665437965332,26.112540249897364,61.39625746098154,12.491202289121093,False,-0.4998563054368029,BAY_OF_SEINE
999,2019-10-28,285.2528796603873,593.2015079958292,-232.75545325068617,-75.19317508475564,67.32665437965332,26.112540249897364,61.39625746098154,12.491202289121093,False,-0.4998563054368029,BAY_OF_SEINE
1000,2019-11-04,363.7561225942363,600.3978385386782,-191.19866655287407,-45.44304939156788,67.32665437965332,26.112540249897364,61.39625746098154,12.491202289121093,False,-0.4998563054368029,BAY_OF_SEINE
1001,2019-11-12,387.6097844443377,606.8751766879586,-190.8272629657391,-28.438129277881814,67.32665437965332,26.112540249897364,61.39625746098154,12.491202289121093,False,-0.4998563054368029,BAY_OF_SEINE
1002,2019-11-20,401.8384765604912,612.6454449808139,-186.28292516994824,-24.524043250374376,67.32665437965332,26.112540249897364,61.39625746098154,12.491202289121093,False,-0.4998563054368029,BAY_OF_SEINE
1003,2019-11-28,401.8384765604912,617.7275009077574,-181.74951647497736,-34.13950787228882,67.32665437965332,26.112540249897364,61.39625746098154,12.491202289121093,False,-0.4998563054368029,BAY_OF_SEINE
1004,2019-12-04,487.09421948547407,622.1457425789907,-98.4440961391281,-36.60742695438856,67.32665437965332,26.112540249897364,61.39625746098154,12.491202289121093,False,-0.4998563054368029,BAY_OF_SEINE
1005,2019-12-12,795.4385230984007,625.9303999212124,106.410484347453,63.09763882973529,67.32665437965332,26.112540249897364,61.39625746098154,12.491202289121093,False,-0.4998563054368029,BAY_OF_SEINE
1006,2019-12-20,1281.0974194997098,629.1136121161129,402.0337418588367,249.9500655247601,67.32665437965332,26.112540249897364,61.39625746098154,12.491202289121093,False,-0.4998563054368029,BAY_OF_SEINE
1007,2019-12-28,1281.0974194997098,631.725034603213,489.1529158353707,160.21946906112606,67.32665437965332,26.112540249897364,61.39625746098154,12.491202289121093,False,-0.4998563054368029,BAY_OF_SEINE
1008,2020-01-04,1116.399320195973,633.7829265543598,384.0128555164706,98.60353812514222,67.32665437965332,26.112540249897364,61.39625746098154,12.491202289121093,False,-0.4998563054368029,BAY_OF_SEINE
1009,2020-01-12,840.9619086971333,635.2995767274276,244.5078282089153,-38.84549623920967,67.32665437965332,26.112540249897364,61.39625746098154,12.491202289121093,False,-0.4998563054368029,BAY_OF_SEINE
1010,2020-01-20,599.5857205232945,636.2784987804357,225.4080307633819,-262.1008090205231,67.32665437965332,26.112540249897364,61.39625746098154,12.491202289121093,False,-0.4998563054368029,BAY_OF_SEINE
1011,2020-01-28,599.5857205232945,636.7104667004152,327.8109951152195,-364.93574129234014,67.32665437965332,26.112540249897364,61.39625746098154,12.491202289121093,False,-0.4998563054368029,BAY_OF_SEINE
1012,2020-02-04,1300.835661351122,636.5678442769146,852.168142630926,-187.90032555671849,67.32665437965332,26.112540249897364,61.39625746098154,12.491202289121093,False,-0.4998563054368029,BAY_OF_SEINE
1013,2020-02-12,1407.3422296002743,635.8070923577155,903.5420151844994,-132.0068779419404,67.32665437965332,26.112540249897364,61.39625746098154,12.491202289121093,False,-0.4998563054368029,BAY_OF_SEINE
1014,2020-02-20,1407.3422296002743,634.3793338526423,643.582939666122,129.37995608151027,67.32665437965332,26.112540249897364,61.39625746098154,12.491202289121093,False,-0.4998563054368029,BAY_OF_SEINE
1015,2020-02-28,1407.3422296002743,632.2505022796189,520.6059571829092,254.4857701377465,67.32665437965332,26.112540249897364,61.39625746098154,12.491202289121093,False,-0.4998563054368029,BAY_OF_SEINE
1016,2020-03-04,1715.750352280815,629.4042536400376,616.7251710493177,469.62092759145946,67.32665437965332,26.112540249897364,61.39625746098154,12.491202289121093,False,-0.4998563054368029,BAY_OF_SEINE
1017,2020-03-12,1715.750352280815,625.8493427192356,662.5100066548893,427.39100290669023,67.32665437965332,26.112540249897364,61.39625746098154,12.491202289121093,False,-0.4998563054368029,BAY_OF_SEINE
1018,2020-03-20,1538.7160318863075,621.6148210555274,569.1189417564703,347.9822690743098,67.32665437965332,26.112540249897364,61.39625746098154,12.491202289121093,False,-0.4998563054368029,BAY_OF_SEINE
1019,2020-03-28,1006.2163925806548,616.748388569993,301.8295131529882,87.63849085767339,67.32665437965332,26.112540249897364,61.39625746098154,12.491202289121093,False,-0.4998563054368029,BAY_OF_SEINE
1020,2020-04-04,664.5349682118022,611.3073855494059,47.57467537185398,5.652907290542252,67.32665437965332,26.112540249897364,61.39625746098154,12.491202289121093,False,-0.4998563054368029,BAY_OF_SEINE
1021,2020-04-12,512.3165450500634,605.3594401068161,-46.85994110760008,-46.18295394915266,67.32665437965332,26.112540249897364,61.39625746098154,12.491202289121093,False,-0.4998563054368029,BAY_OF_SEINE
1022,2020-04-20,443.20838784063375,598.978050298111,-122.20958965049492,-33.560072806982376,67.32665437965332,26.112540249897364,61.39625746098154,12.491202289121093,False,-0.4998563054368029,BAY_OF_SEINE
1023,2020-04-28,406.2297950684614,592.2442003735989,-166.7438364586258,-19.270568846511736,67.32665437965332,26.112540249897364,61.39625746098154,12.491202289121093,False,-0.4998563054368029,BAY_OF_SEINE
1024,2020-05-04,406.2297950684614,585.245207218768,-166.98368120471585,-12.031730945590738,67.32665437965332,26.112540249897364,61.39625746098154,12.491202289121093,False,-0.4998563054368029,BAY_OF_SEINE
1025,2020-05-12,406.2297950684614,578.0713873172897,-129.14289120899073,-42.69870103983757,67.32665437965332,26.112540249897364,61.39625746098154,12.491202289121093,False,-0.4998563054368029,BAY_OF_SEINE
1026,2020-05-20,338.3486864862317,570.8135185952975,-144.13560860520354,-88.32922350386227,67.32665437965332,26.112540249897364,61.39625746098154,12.491202289121093,False,-0.4998563054368029,BAY_OF_SEINE
1027,2020-05-28,281.01570572393393,563.5604959534387,-198.95270840361871,-83.59208182588605,67.32665437965332,26.112540249897364,61.39625746098154,12.491202289121093,False,-0.4998563054368029,BAY_OF_SEINE
1028,2020-06-04,279.9785704154044,556.3961944603542,-205.21573974686996,-71.2018842980799,67.32665437965332,26.112540249897364,61.39625746098154,12.491202289121093,False,-0.4998563054368029,BAY_OF_SEINE
1029,2020-06-12,262.1315145100781,549.3984948492393,-225.57498466169463,-61.69199567746659,67.32665437965332,26.112540249897364,61.39625746098154,12.491202289121093,False,-0.4998563054368029,BAY_OF_SEINE
1030,2020-06-20,230.81696870538013,542.6411554394176,-247.50314246383363,-64.32104427020383,67.32665437965332,26.112540249897364,61.39625746098154,12.491202289121093,False,-0.4998563054368029,BAY_OF_SEINE
1031,2020-06-28,220.1209199419241,536.1938245927597,-260.5417780626879,-55.53112658814774,67.32665437965332,26.112540249897364,61.39625746098154,12.491202289121093,False,-0.4998563054368029,BAY_OF_SEINE
1032,2020-07-04,204.75512039730373,530.1223342250674,-269.80766671445343,-55.55954711331032,67.32665437965332,26.112540249897364,61.39625746098154,12.491202289121093,False,-0.4998563054368029,BAY_OF_SEINE
1033,2020-07-12,174.4421922324724,524.4882048670135,-263.5707731555738,-86.47523947896724,67.32665437965332,26.112540249897364,61.39625746098154,12.491202289121093,False,-0.4998563054368029,BAY_OF_SEINE
1034,2020-07-20,170.14119005147643,519.3454369224938,-197.5325535117721,-151.6716933592453,67.32665437965332,26.112540249897364,61.39625746098154,12.491202289121093,False,-0.4998563054368029,BAY_OF_SEINE
1035,2020-07-28,167.5097841661134,514.7356668086486,-205.5108652511228,-141.71501739141246,67.32665437965332,26.112540249897364,61.39625746098154,12.491202289121093,False,-0.4998563054368029,BAY_OF_SEINE
1036,2020-08-04,167.5097841661134,510.68995538743326,-283.91792788946884,-59.26224333185098,67.32665437965332,26.112540249897364,61.39625746098154,12.491202289121093,False,-0.4998563054368029,BAY_OF_SEINE
1037,2020-08-12,169.81088275549791,507.2360097525003,-298.5030486882248,-38.9220783087776,67.32665437965332,26.112540249897364,61.39625746098154,12.491202289121093,False,-0.4998563054368029,BAY_OF_SEINE
1038,2020-08-20,169.81088275549791,504.3995703305356,-318.83311022821084,-15.75557734682684,67.32665437965332,26.112540249897364,61.39625746098154,12.491202289121093,False,-0.4998563054368029,BAY_OF_SEINE
1039,2020-08-28,166.20223317454443,502.204736751821,-345.44710482287945,9.444601245602882,67.32665437965332,26.112540249897364,61.39625746098154,12.491202289121093,False,-0.4998563054368029,BAY_OF_SEINE
1040,2020-09-04,161.06085392560354,500.672349039259,-344.80438431470805,5.192889201052594,67.32665437965332,26.112540249897364,61.39625746098154,12.491202289121093,False,-0.4998563054368029,BAY_OF_SEINE
1041,2020-09-12,161.06085392560354,499.8182489383088,-338.2793341101762,-0.47806090252908,67.32665437965332,26.112540249897364,61.39625746098154,12.491202289121093,False,-0.4998563054368029,BAY_OF_SEINE
1042,2020-09-20,175.7853435725999,499.65307689273976,-323.63712010695764,-0.2306132131822096,67.32665437965332,26.112540249897364,61.39625746098154,12.491202289121093,False,-0.4998563054368029,BAY_OF_SEINE
1043,2020-09-28,235.7632137463621,500.18135049884506,-279.4477403372024,15.02960358471944,67.32665437965332,26.112540249897364,61.39625746098154,12.491202289121093,False,-0.4998563054368029,BAY_OF_SEINE
1044,2020-10-04,347.5235922578211,501.40123670912016,-226.09982160391948,72.22217715262045,67.32665437965332,26.112540249897364,61.39625746098154,12.491202289121093,False,-0.4998563054368029,BAY_OF_SEINE
1045,2020-10-12,347.5235922578211,503.305028339681,-216.91510921402255,61.13367313216273,67.32665437965332,26.112540249897364,61.39625746098154,12.491202289121093,False,-0.4998563054368029,BAY_OF_SEINE
1046,2020-10-20,370.4780942424409,505.8780036487543,-192.2211674262712,56.82125801995787,67.32665437965332,26.112540249897364,61.39625746098154,12.491202289121093,False,-0.4998563054368029,BAY_OF_SEINE
1047,2020-10-28,343.73975391216004,509.1003146168748,-201.9766246102584,36.61606390554368,67.32665437965332,26.112540249897364,61.39625746098154,12.491202289121093,False,-0.4998563054368029,BAY_OF_SEINE
1048,2020-11-04,342.5053537147901,512.9462603101856,-179.2523764082933,8.81146981289777,67.32665437965332,26.112540249897364,61.39625746098154,12.491202289121093,False,-0.4998563054368029,BAY_OF_SEINE
1049,2020-11-12,293.4806683399949,517.3833222758344,-197.7059094722278,-26.196744463611708,67.32665437965332,26.112540249897364,61.39625746098154,12.491202289121093,False,-0.4998563054368029,BAY_OF_SEINE
1050,2020-11-20,261.3611114817423,522.3722448603503,-215.5470813353067,-45.46405204330131,67.32665437965332,26.112540249897364,61.39625746098154,12.491202289121093,False,-0.4998563054368029,BAY_OF_SEINE
1051,2020-11-28,261.3611114817423,527.8673775837791,-216.4826234057533,-50.02364269628356,67.32665437965332,26.112540249897364,61.39625746098154,12.491202289121093,False,-0.4998563054368029,BAY_OF_SEINE
1052,2020-12-04,282.42825266082417,533.8168690371966,-103.36338593653188,-148.02523043984058,67.32665437965332,26.112540249897364,61.39625746098154,12.491202289121093,False,-0.4998563054368029,BAY_OF_SEINE
1053,2020-12-12,396.3980196486373,540.1575852783948,29.12899383614809,-172.8885594659056,67.32665437965332,26.112540249897364,61.39625746098154,12.491202289121093,False,-0.4998563054368029,BAY_OF_SEINE
1054,2020-12-20,561.9805318318957,546.8200039609483,250.1661379275076,-235.00561005656013,67.32665437965332,26.112540249897364,61.39625746098154,12.491202289121093,False,-0.4998563054368029,BAY_OF_SEINE
1055,2020-12-28,958.2374353955169,553.7321245614335,446.0194552071724,-41.514144373089096,67.32665437965332,26.112540249897364,61.39625746098154,12.491202289121093,False,-0.4998563054368029,BAY_OF_SEINE
1056,2021-01-04,958.2374353955169,560.8230450623597,511.4147327147746,-114.00034238161754,67.32665437965332,26.112540249897364,61.39625746098154,12.491202289121093,False,-0.4998563054368029,BAY_OF_SEINE
1057,2021-01-12,958.2374353955169,568.0063359317157,439.5603095453604,-49.32921008155938,67.32665437965332,26.112540249897364,61.39625746098154,12.491202289121093,False,-0.4998563054368029,BAY_OF_SEINE
1058,2021-01-20,1316.8350425128192,575.1848685807112,519.6167865741131,222.0333873579949,67.32665437965332,26.112540249897364,61.39625746098154,12.491202289121093,False,-0.4998563054368029,BAY_OF_SEINE
1059,2021-01-28,1634.2566253159637,582.2590811737527,572.5986167530848,479.3989273891261,67.32665437965332,26.112540249897364,61.39625746098154,12.491202289121093,False,-0.4998563054368029,BAY_OF_SEINE
1060,2021-02-04,2046.0271930049823,589.1413456064334,949.8084297934216,507.0774176051275,67.32665437965332,26.112540249897364,61.39625746098154,12.491202289121093,False,-0.4998563054368029,BAY_OF_SEINE
1061,2021-02-12,2046.0271930049823,595.7643013321147,983.0541808447038,467.20871082816416,67.32665437965332,26.112540249897364,61.39625746098154,12.491202289121093,False,-0.4998563054368029,BAY_OF_SEINE
1062,2021-02-20,1291.21179429633,602.0851342094066,614.9925002176648,74.13415986925861,67.32665437965332,26.112540249897364,61.39625746098154,12.491202289121093,False,-0.4998563054368029,BAY_OF_SEINE
1063,2021-02-28,910.5294235727592,608.0736991601348,422.3850115617922,-119.92928714916776,67.32665437965332,26.112540249897364,61.39625746098154,12.491202289121093,False,-0.4998563054368029,BAY_OF_SEINE
1064,2021-03-04,682.9976823663061,613.712002889926,350.2774229214469,-280.9917434450668,67.32665437965332,26.112540249897364,61.39625746098154,12.491202289121093,False,-0.4998563054368029,BAY_OF_SEINE
1065,2021-03-12,682.9976823663061,618.988379537481,319.6962104324939,-255.68690760366883,67.32665437965332,26.112540249897364,61.39625746098154,12.491202289121093,False,-0.4998563054368029,BAY_OF_SEINE
1066,2021-03-20,654.9223259274091,623.8977146911183,250.900910407056,-219.8762991707651,67.32665437965332,26.112540249897364,61.39625746098154,12.491202289121093,False,-0.4998563054368029,BAY_OF_SEINE
1067,2021-03-28,654.9223259274091,628.4300718052972,102.81867170562464,-76.32641758351271,67.32665437965332,26.112540249897364,61.39625746098154,12.491202289121093,False,-0.4998563054368029,BAY_OF_SEINE
1068,2021-04-04,510.5138438824284,632.568502979125,-56.27461007734936,-65.78004901934727,67.32665437965332,26.112540249897364,61.39625746098154,12.491202289121093,False,-0.4998563054368029,BAY_OF_SEINE
1069,2021-04-12,495.9207351894573,636.2869159149577,-85.32936844983017,-55.036812275670215,67.32665437965332,26.112540249897364,61.39625746098154,12.491202289121093,False,-0.4998563054368029,BAY_OF_SEINE
1070,2021-04-20,400.9186195153493,639.5561467526153,-150.8397240972452,-87.79780314002079,67.32665437965332,26.112540249897364,61.39625746098154,12.491202289121093,False,-0.4998563054368029,BAY_OF_SEINE
1071,2021-04-28,347.0472170062626,642.3450754878742,-209.54371056496387,-85.7541479166477,67.32665437965332,26.112540249897364,61.39625746098154,12.491202289121093,False,-0.4998563054368029,BAY_OF_SEINE
1072,2021-05-04,347.0472170062626,644.6239538834602,-221.7517466510464,-75.82499022615121,67.32665437965332,26.112540249897364,61.39625746098154,12.491202289121093,False,-0.4998563054368029,BAY_OF_SEINE
1073,2021-05-12,390.8653462815239,646.3651728588424,-210.4708046109006,-45.02902196641787,67.32665437965332,26.112540249897364,61.39625746098154,12.491202289121093,False,-0.4998563054368029,BAY_OF_SEINE
1074,2021-05-20,463.95459212855855,647.5428587656687,-196.2803327360852,12.692066098975031,67.32665437965332,26.112540249897364,61.39625746098154,12.491202289121093,False,-0.4998563054368029,BAY_OF_SEINE
1075,2021-05-28,463.95459212855855,648.1325234742072,-210.52801649304303,26.350085147394367,67.32665437965332,26.112540249897364,61.39625746098154,12.491202289121093,False,-0.4998563054368029,BAY_OF_SEINE
1076,2021-06-04,451.2492740976511,648.1107460753298,-221.27140596610323,24.40993398842457,67.32665437965332,26.112540249897364,61.39625746098154,12.491202289121093,False,-0.4998563054368029,BAY_OF_SEINE
1077,2021-06-12,424.9284873704888,647.456957473662,-238.23686088343865,15.70839078026549,67.32665437965332,26.112540249897364,61.39625746098154,12.491202289121093,False,-0.4998563054368029,BAY_OF_SEINE
1078,2021-06-20,424.9284873704888,646.1536659496063,-245.91680224888216,24.69162366976468,67.32665437965332,26.112540249897364,61.39625746098154,12.491202289121093,False,-0.4998563054368029,BAY_OF_SEINE
1079,2021-06-28,433.2529279479944,644.1867379596529,-240.84775530847696,29.91394529681844,67.32665437965332,26.112540249897364,61.39625746098154,12.491202289121093,False,-0.4998563054368029,BAY_OF_SEINE
1080,2021-07-04,442.51937750257457,641.5455696674403,-235.8364323066528,36.81024014178704,67.32665437965332,26.112540249897364,61.39625746098154,12.491202289121093,False,-0.4998563054368029,BAY_OF_SEINE
1081,2021-07-12,543.791370125376,638.2234594315051,-205.58642812015992,111.1543388140308,67.32665437965332,26.112540249897364,61.39625746098154,12.491202289121093,False,-0.4998563054368029,BAY_OF_SEINE
1082,2021-07-20,836.7029326745258,634.219048275195,-59.20240782759183,261.68629222692266,67.32665437965332,26.112540249897364,61.39625746098154,12.491202289121093,False,-0.4998563054368029,BAY_OF_SEINE
1083,2021-07-28,836.7029326745258,629.5383494744641,-57.35567529357984,264.5202584936415,67.32665437965332,26.112540249897364,61.39625746098154,12.491202289121093,False,-0.4998563054368029,BAY_OF_SEINE
1084,2021-08-04,530.0726021284465,624.1956882944733,-200.98819334840763,106.86510718238092,67.32665437965332,26.112540249897364,61.39625746098154,12.491202289121093,False,-0.4998563054368029,BAY_OF_SEINE
1085,2021-08-12,453.5439150204383,618.2137987298246,-224.1379755018801,59.46809179249382,67.32665437965332,26.112540249897364,61.39625746098154,12.491202289121093,False,-0.4998563054368029,BAY_OF_SEINE
1086,2021-08-20,375.080535649552,611.6239165668218,-249.09914120448775,12.555760287217964,67.32665437965332,26.112540249897364,61.39625746098154,12.491202289121093,False,-0.4998563054368029,BAY_OF_SEINE
1087,2021-08-28,340.3878511396508,604.462142802228,-254.7744133881048,-9.299878274472434,67.32665437965332,26.112540249897364,61.39625746098154,12.491202289121093,False,-0.4998563054368029,BAY_OF_SEINE
1088,2021-09-04,340.3878511396508,596.7686456800252,-246.47756634626583,-9.903228194108578,67.32665437965332,26.112540249897364,61.39625746098154,12.491202289121093,False,-0.4998563054368029,BAY_OF_SEINE
1089,2021-09-12,346.5604953668923,588.5869467579465,-228.92813608148217,-13.09831530957203,67.32665437965332,26.112540249897364,61.39625746098154,12.491202289121093,False,-0.4998563054368029,BAY_OF_SEINE
1090,2021-09-20,346.5604953668923,579.9627142112888,-212.6916752697649,-20.71054357463157,67.32665437965332,26.112540249897364,61.39625746098154,12.491202289121093,False,-0.4998563054368029,BAY_OF_SEINE
1091,2021-09-28,346.5604953668923,570.9437273554233,-183.3102218215851,-41.07301016694592,67.32665437965332,26.112540249897364,61.39625746098154,12.491202289121093,False,-0.4998563054368029,BAY_OF_SEINE
1092,2021-10-04,326.53129388968205,561.5797597236808,-158.6469199766228,-76.40154585737596,67.32665437965332,26.112540249897364,61.39625746098154,12.491202289121093,False,-0.4998563054368029,BAY_OF_SEINE
1093,2021-10-12,326.53129388968205,551.9222713640139,-154.91860297453263,-70.47237449979923,67.32665437965332,26.112540249897364,61.39625746098154,12.491202289121093,False,-0.4998563054368029,BAY_OF_SEINE
1094,2021-10-20,319.602943638598,542.023874342856,-133.9084280959435,-88.51250260831446,67.32665437965332,26.112540249897364,61.39625746098154,12.491202289121093,False,-0.4998563054368029,BAY_OF_SEINE
1095,2021-10-28,319.602943638598,531.9347195973215,-139.04042959170886,-73.29134636701468,67.32665437965332,26.112540249897364,61.39625746098154,12.491202289121093,False,-0.4998563054368029,BAY_OF_SEINE
1096,2021-11-04,335.18688832229475,521.7041575665829,-136.16651050787456,-50.35075873641361,67.32665437965332,26.112540249897364,61.39625746098154,12.491202289121093,False,-0.4998563054368029,BAY_OF_SEINE
1097,2021-11-12,335.18688832229475,511.3817901217896,-146.16964009459946,-30.025261704895343,67.32665437965332,26.112540249897364,61.39625746098154,12.491202289121093,False,-0.4998563054368029,BAY_OF_SEINE
1098,2021-11-20,314.097597061434,501.0169484896704,-149.81262887780545,-37.10672255043104,67.32665437965332,26.112540249897364,61.39625746098154,12.491202289121093,False,-0.4998563054368029,BAY_OF_SEINE
1099,2021-11-28,314.097597061434,490.6594319520333,-146.73283212964958,-29.829002760949777,67.32665437965332,26.112540249897364,61.39625746098154,12.491202289121093,False,-0.4998563054368029,BAY_OF_SEINE
1100,2021-12-04,645.0063391539347,480.3587816916919,13.76333244138845,150.8842250208544,67.32665437965332,26.112540249897364,61.39625746098154,12.491202289121093,False,-0.4998563054368029,BAY_OF_SEINE
1101,2021-12-12,645.0063391539347,470.1673314927933,45.41537327429676,129.42363438684464,67.32665437965332,26.112540249897364,61.39625746098154,12.491202289121093,False,-0.4998563054368029,BAY_OF_SEINE
1102,2021-12-20,719.8225504165979,460.1403638467544,140.6043156330063,119.0778709368372,67.32665437965332,26.112540249897364,61.39625746098154,12.491202289121093,False,-0.4998563054368029,BAY_OF_SEINE
1103,2021-12-28,719.8225504165979,450.3378272880963,299.79747473728315,-30.312751608781586,67.32665437965332,26.112540249897364,61.39625746098154,12.491202289121093,False,-0.4998563054368029,BAY_OF_SEINE
1104,2022-01-04,1156.5920849101294,440.8209708538812,533.5954656966707,182.1756483595776,67.32665437965332,26.112540249897364,61.39625746098154,12.491202289121093,False,-0.4998563054368029,BAY_OF_SEINE
1105,2022-01-12,1156.5920849101294,431.6603571116125,574.0642778644282,150.86744993408877,67.32665437965332,26.112540249897364,61.39625746098154,12.491202289121093,False,-0.4998563054368029,BAY_OF_SEINE
1106,2022-01-20,1017.0631384726232,422.92666644616,605.9481106901825,-11.811638663719236,67.32665437965332,26.112540249897364,61.39625746098154,12.491202289121093,False,-0.4998563054368029,BAY_OF_SEINE
1107,2022-01-28,613.3915816876533,414.69304164572526,487.6477255003322,-288.94918545840414,67.32665437965332,26.112540249897364,61.39625746098154,12.491202289121093,False,-0.4998563054368029,BAY_OF_SEINE
1108,2022-02-04,613.3915816876533,407.0315640678202,512.1097353622353,-305.74971774240214,67.32665437965332,26.112540249897364,61.39625746098154,12.491202289121093,False,-0.4998563054368029,BAY_OF_SEINE
1109,2022-02-12,651.39506286955,400.0104983301947,505.203076622492,-253.81851208313677,67.32665437965332,26.112540249897364,61.39625746098154,12.491202289121093,False,-0.4998563054368029,BAY_OF_SEINE
1110,2022-02-20,698.3358883805084,393.6836394255732,330.39483303319304,-25.742584078257835,67.32665437965332,26.112540249897364,61.39625746098154,12.491202289121093,False,-0.4998563054368029,BAY_OF_SEINE
1111,2022-02-28,698.3358883805084,388.0827097652532,230.30846983464087,79.94470878061438,67.32665437965332,26.112540249897364,61.39625746098154,12.491202289121093,False,-0.4998563054368029,BAY_OF_SEINE
1112,2022-03-04,565.9133642144503,383.2142943522029,107.2962297886159,75.40284007363158,67.32665437965332,26.112540249897364,61.39625746098154,12.491202289121093,False,-0.4998563054368029,BAY_OF_SEINE
1113,2022-03-12,452.9975206447507,379.0671198178829,105.56141467045968,-31.631013843591877,67.32665437965332,26.112540249897364,61.39625746098154,12.491202289121093,False,-0.4998563054368029,BAY_OF_SEINE
1114,2022-03-20,420.3437334983517,375.6100272934535,81.72562817169621,-36.99192196679799,67.32665437965332,26.112540249897364,61.39625746098154,12.491202289121093,False,-0.4998563054368029,BAY_OF_SEINE
1115,2022-03-28,368.7539134772848,372.79830858039605,58.264067731175714,-62.30846283428701,67.32665437965332,26.112540249897364,61.39625746098154,12.491202289121093,False,-0.4998563054368029,BAY_OF_SEINE
1116,2022-04-04,368.7539134772848,370.5768093263658,52.158698076622414,-53.98159392570344,67.32665437965332,26.112540249897364,61.39625746098154,12.491202289121093,False,-0.4998563054368029,BAY_OF_SEINE
1117,2022-04-12,437.8374813606353,368.8833450222547,82.56983179969822,-13.615695461317586,67.32665437965332,26.112540249897364,61.39625746098154,12.491202289121093,False,-0.4998563054368029,BAY_OF_SEINE
1118,2022-04-20,437.8374813606353,367.6471236458306,37.10945473830572,33.08090297649897,67.32665437965332,26.112540249897364,61.39625746098154,12.491202289121093,False,-0.4998563054368029,BAY_OF_SEINE
1119,2022-04-28,350.0680649702694,366.7883293892423,-34.9284006905367,18.208136271563824,67.32665437965332,26.112540249897364,61.39625746098154,12.491202289121093,False,-0.4998563054368029,BAY_OF_SEINE
1120,2022-05-04,302.2298232580549,366.2197032122122,-61.89287330413915,-2.097006650018137,67.32665437965332,26.112540249897364,61.39625746098154,12.491202289121093,False,-0.4998563054368029,BAY_OF_SEINE
1121,2022-05-12,259.47734246645507,365.8511342721495,-98.61986749906885,-7.753924306625549,67.32665437965332,26.112540249897364,61.39625746098154,12.491202289121093,False,-0.4998563054368029,BAY_OF_SEINE
1122,2022-05-20,237.80104704375773,365.5955329640073,-110.60011888770008,-17.194367032549422,67.32665437965332,26.112540249897364,61.39625746098154,12.491202289121093,False,-0.4998563054368029,BAY_OF_SEINE
1123,2022-05-28,237.80104704375773,365.3721755025322,-142.778625969477,15.207497510702552,67.32665437965332,26.112540249897364,61.39625746098154,12.491202289121093,False,-0.4998563054368029,BAY_OF_SEINE
1124,2022-06-04,222.0048001005316,365.1084809796845,-172.90981714295594,29.80613626380307,67.32665437965332,26.112540249897364,61.39625746098154,12.491202289121093,False,-0.4998563054368029,BAY_OF_SEINE
1125,2022-06-12,222.0048001005316,364.7397670115661,-184.175972366655,41.44100545562048,67.32665437965332,26.112540249897364,61.39625746098154,12.491202289121093,False,-0.4998563054368029,BAY_OF_SEINE
1126,2022-06-20,209.37485431479024,364.2091807121155,-195.83111099535287,40.99678459802763,67.32665437965332,26.112540249897364,61.39625746098154,12.491202289121093,False,-0.4998563054368029,BAY_OF_SEINE
1127,2022-06-28,202.52666624875965,363.4687730056828,-200.6091237979554,39.667017041032295,67.32665437965332,26.112540249897364,61.39625746098154,12.491202289121093,False,-0.4998563054368029,BAY_OF_SEINE
1128,2022-07-04,202.52666624875965,362.4811266056285,-202.22299218825248,42.26853183138368,67.32665437965332,26.112540249897364,61.39625746098154,12.491202289121093,False,-0.4998563054368029,BAY_OF_SEINE
1129,2022-07-12,144.89446980030309,361.22030785283874,-213.69762787603847,-2.6282101764971344,67.32665437965332,26.112540249897364,61.39625746098154,12.491202289121093,False,-0.4998563054368029,BAY_OF_SEINE
1130,2022-07-20,143.8744499751263,359.67264411450435,-141.3891055849059,-74.40908855447213,67.32665437965332,26.112540249897364,61.39625746098154,12.491202289121093,False,-0.4998563054368029,BAY_OF_SEINE
1131,2022-07-28,138.3120615054528,357.836239593197,-123.36807131808224,-96.15610676966196,67.32665437965332,26.112540249897364,61.39625746098154,12.491202289121093,False,-0.4998563054368029,BAY_OF_SEINE
1132,2022-08-04,138.3120615054528,355.7171216818824,-183.92138122928952,-33.483678947140106,67.32665437965332,26.112540249897364,61.39625746098154,12.491202289121093,False,-0.4998563054368029,BAY_OF_SEINE
1133,2022-08-12,140.30090728354483,353.32130544102785,-197.1511697377834,-15.869228419699624,67.32665437965332,26.112540249897364,61.39625746098154,12.491202289121093,False,-0.4998563054368029,BAY_OF_SEINE
1134,2022-08-20,146.73700459818343,350.6518394492283,-221.62562243738884,17.71078758634397,67.32665437965332,26.112540249897364,61.39625746098154,12.491202289121093,False,-0.4998563054368029,BAY_OF_SEINE
1135,2022-08-28,157.57327582772763,347.7140620142053,-227.2549177790668,37.11413159258905,67.32665437965332,26.112540249897364,61.39625746098154,12.491202289121093,False,-0.4998563054368029,BAY_OF_SEINE
1136,2022-09-04,157.57327582772763,344.51682729609405,-235.3431028977601,48.39955142939368,67.32665437965332,26.112540249897364,61.39625746098154,12.491202289121093,False,-0.4998563054368029,BAY_OF_SEINE
1137,2022-09-12,175.67240033309486,341.0739526329662,-228.70041050779807,63.29885820792671,67.32665437965332,26.112540249897364,61.39625746098154,12.491202289121093,False,-0.4998563054368029,BAY_OF_SEINE
1138,2022-09-20,188.8138310628111,337.40468167390907,-225.3222860072851,76.73143539618712,67.32665437965332,26.112540249897364,61.39625746098154,12.491202289121093,False,-0.4998563054368029,BAY_OF_SEINE
1139,2022-09-28,216.05740591723077,333.53355580090243,-214.4100106779127,96.933860794241,67.32665437965332,26.112540249897364,61.39625746098154,12.491202289121093,False,-0.4998563054368029,BAY_OF_SEINE
1140,2022-10-04,224.0993357769703,329.4911241729564,-225.18285805055524,119.79106965456911,67.32665437965332,26.112540249897364,61.39625746098154,12.491202289121093,False,-0.4998563054368029,BAY_OF_SEINE
1141,2022-10-12,228.90281330230263,325.3145034302985,-227.80202521748356,131.39033508948768,67.32665437965332,26.112540249897364,61.39625746098154,12.491202289121093,False,-0.4998563054368029,BAY_OF_SEINE
1142,2022-10-20,297.1253242563749,321.0490255528104,-188.47769577491005,164.55399447847452,67.32665437965332,26.112540249897364,61.39625746098154,12.491202289121093,False,-0.4998563054368029,BAY_OF_SEINE
1143,2022-10-28,297.1253242563749,316.7477558442215,-138.99422183584005,119.37179024799345,67.32665437965332,26.112540249897364,61.39625746098154,12.491202289121093,False,-0.4998563054368029,BAY_OF_SEINE
1144,2022-11-04,271.71447938638744,312.4640743687895,-100.84789349830726,60.09829851590519,67.32665437965332,26.112540249897364,61.39625746098154,12.491202289121093,False,-0.4998563054368029,BAY_OF_SEINE
1145,2022-11-12,271.71447938638744,308.24884637067134,-78.80697395315866,42.272606968874754,67.32665437965332,26.112540249897364,61.39625746098154,12.491202289121093,False,-0.4998563054368029,BAY_OF_SEINE
1146,2022-11-20,320.07358678416176,304.1511695641628,17.88254955512229,-1.960132335123312,67.32665437965332,26.112540249897364,61.39625746098154,12.491202289121093,False,-0.4998563054368029,BAY_OF_SEINE
1147,2022-11-28,320.07358678416176,300.216269385292,17.304375985941284,2.5529414129284973,67.32665437965332,26.112540249897364,61.39625746098154,12.491202289121093,False,-0.4998563054368029,BAY_OF_SEINE
1148,2022-12-04,266.2106050326327,296.48978992697994,73.4021858322783,-103.68137072662552,67.32665437965332,26.112540249897364,61.39625746098154,12.491202289121093,False,-0.4998563054368029,BAY_OF_SEINE
1149,2022-12-12,266.2106050326327,293.02150047064816,143.60604858902076,-170.4169440270362,67.32665437965332,26.112540249897364,61.39625746098154,12.491202289121093,False,-0.4998563054368029,BAY_OF_SEINE
1150,2022-12-20,320.2276520500387,289.8629651163156,190.0718217017373,-159.70713476801416,67.32665437965332,26.112540249897364,61.39625746098154,12.491202289121093,False,-0.4998563054368029,BAY_OF_SEINE
1151,2022-12-28,549.873033398414,287.0635796177919,301.2175525539545,-38.40809877333237,67.32665437965332,26.112540249897364,61.39625746098154,12.491202289121093,False,-0.4998563054368029,BAY_OF_SEINE
1152,2023-01-04,601.1742751545964,284.6724245646384,434.6191755381107,-118.11732494815266,67.32665437965332,26.112540249897364,61.39625746098154,12.491202289121093,False,-0.4998563054368029,BAY_OF_SEINE
1153,2023-01-12,751.6927519817662,282.7397356906437,510.9048423663298,-41.95182607520735,67.32665437965332,26.112540249897364,61.39625746098154,12.491202289121093,False,-0.4998563054368029,BAY_OF_SEINE
1154,2023-01-20,784.3969814669034,281.32202249720115,466.9568619851163,36.118096984585975,67.32665437965332,26.112540249897364,61.39625746098154,12.491202289121093,False,-0.4998563054368029,BAY_OF_SEINE
1155,2023-01-28,784.3969814669034,280.47114464505927,341.5886009259157,162.33723589592842,67.32665437965332,26.112540249897364,61.39625746098154,12.491202289121093,False,-0.4998563054368029,BAY_OF_SEINE
1156,2023-02-04,459.16328594071547,280.2311248562861,180.86741859941776,-1.9352575149883933,67.32665437965332,26.112540249897364,61.39625746098154,12.491202289121093,False,-0.4998563054368029,BAY_OF_SEINE
1157,2023-02-12,349.6930657245171,280.6374256566083,174.7596215721083,-105.70398150419948,67.32665437965332,26.112540249897364,61.39625746098154,12.491202289121093,False,-0.4998563054368029,BAY_OF_SEINE
1158,2023-02-20,307.77611854107187,281.7257609932964,168.05006011170272,-141.99970256392723,67.32665437965332,26.112540249897364,61.39625746098154,12.491202289121093,False,-0.4998563054368029,BAY_OF_SEINE
1159,2023-02-28,286.40671332800287,283.53537238111835,265.55057283410986,-262.67923188722534,67.32665437965332,26.112540249897364,61.39625746098154,12.491202289121093,False,-0.4998563054368029,BAY_OF_SEINE
1160,2023-03-04,286.40671332800287,286.1063835720695,232.9082309893124,-232.607901233379,67.32665437965332,26.112540249897364,61.39625746098154,12.491202289121093,False,-0.4998563054368029,BAY_OF_SEINE
1161,2023-03-12,506.0553483731405,289.4735374569209,250.51844317216796,-33.9366322559483,67.32665437965332,26.112540249897364,61.39625746098154,12.491202289121093,False,-0.4998563054368029,BAY_OF_SEINE
1162,2023-03-20,506.0553483731405,293.6665403580201,170.54322397138776,41.845584043732686,67.32665437965332,26.112540249897364,61.39625746098154,12.491202289121093,False,-0.4998563054368029,BAY_OF_SEINE
1163,2023-03-28,518.0309647787401,298.71077846580886,163.50418529054983,55.81600102238141,67.32665437965332,26.112540249897364,61.39625746098154,12.491202289121093,False,-0.4998563054368029,BAY_OF_SEINE
1164,2023-04-04,640.1595358811535,304.6296662206048,285.5122907972518,50.01757886329688,67.32665437965332,26.112540249897364,61.39625746098154,12.491202289121093,False,-0.4998563054368029,BAY_OF_SEINE
1165,2023-04-12,640.1595358811535,311.44255237108825,300.8512741335023,27.86570937656296,67.32665437965332,26.112540249897364,61.39625746098154,12.491202289121093,False,-0.4998563054368029,BAY_OF_SEINE
1166,2023-04-20,557.010078322242,319.1653405409298,144.55927767705097,93.2854601042612,67.32665437965332,26.112540249897364,61.39625746098154,12.491202289121093,False,-0.4998563054368029,BAY_OF_SEINE
1167,2023-04-28,505.95944589449937,327.81323712603177,57.13214848849586,121.01406027997174,67.32665437965332,26.112540249897364,61.39625746098154,12.491202289121093,False,-0.4998563054368029,BAY_OF_SEINE
1168,2023-05-04,505.95944589449937,337.39878878330103,42.39708747339924,126.1635696377991,67.32665437965332,26.112540249897364,61.39625746098154,12.491202289121093,False,-0.4998563054368029,BAY_OF_SEINE
1169,2023-05-12,416.3346594465386,347.92836261770435,8.946297021992734,59.459999806841495,67.32665437965332,26.112540249897364,61.39625746098154,12.491202289121093,False,-0.4998563054368029,BAY_OF_SEINE
1170,2023-05-20,360.27373672573896,359.3996152069592,-29.31130036886981,30.185421887649568,67.32665437965332,26.112540249897364,61.39625746098154,12.491202289121093,False,-0.4998563054368029,BAY_OF_SEINE
1171,2023-05-28,257.4973529033727,371.8014583149584,-120.43873753443484,6.134632122849098,67.32665437965332,26.112540249897364,61.39625746098154,12.491202289121093,False,-0.4998563054368029,BAY_OF_SEINE
1172,2023-06-04,202.8184441895516,385.11468644159686,-167.64485325002846,-14.651389002016828,67.32665437965332,26.112540249897364,61.39625746098154,12.491202289121093,False,-0.4998563054368029,BAY_OF_SEINE
1173,2023-06-12,202.8184441895516,399.3124777153684,-188.92283360284108,-7.571199922975694,67.32665437965332,26.112540249897364,61.39625746098154,12.491202289121093,False,-0.4998563054368029,BAY_OF_SEINE
1174,2023-06-20,199.56757093090317,414.3598823303988,-202.16837238385435,-12.62393901564127,67.32665437965332,26.112540249897364,61.39625746098154,12.491202289121093,False,-0.4998563054368029,BAY_OF_SEINE
1175,2023-06-28,199.56757093090317,430.2131770535438,-207.1052512089867,-23.54035491365397,67.32665437965332,26.112540249897364,61.39625746098154,12.491202289121093,False,-0.4998563054368029,BAY_OF_SEINE
1176,2023-07-04,190.9590167264484,446.81918343886593,-218.011378576009,-37.84878813640853,67.32665437965332,26.112540249897364,61.39625746098154,12.491202289121093,False,-0.4998563054368029,BAY_OF_SEINE
1177,2023-07-12,162.95138889524907,464.1152416511873,-252.70987034770917,-48.45398240822911,67.32665437965332,26.112540249897364,61.39625746098154,12.491202289121093,False,-0.4998563054368029,BAY_OF_SEINE
1178,2023-07-20,162.95138889524907,482.0291489166324,-290.6562891922882,-28.421470829095085,67.32665437965332,26.112540249897364,61.39625746098154,12.491202289121093,False,-0.4998563054368029,BAY_OF_SEINE
1179,2023-07-28,243.6801266828466,500.4804126299574,-257.144029237057,0.3437432899461896,67.32665437965332,26.112540249897364,61.39625746098154,12.491202289121093,False,-0.4998563054368029,BAY_OF_SEINE
1180,2023-08-04,296.8959464774084,519.382988325719,-237.41762591158837,14.930584063277765,67.32665437965332,26.112540249897364,61.39625746098154,12.491202289121093,False,-0.4998563054368029,BAY_OF_SEINE
1181,2023-08-12,296.8959464774084,538.6496596158935,-262.1632175699158,20.40950443143072,67.32665437965332,26.112540249897364,61.39625746098154,12.491202289121093,False,-0.4998563054368029,BAY_OF_SEINE
1182,2023-08-20,251.19563394194924,558.195306872795,-303.8492906631039,-3.1503822677418043,67.32665437965332,26.112540249897364,61.39625746098154,12.491202289121093,False,-0.4998563054368029,BAY_OF_SEINE
1183,2023-08-28,242.69570956671785,577.9359981836418,-316.4147337321414,-18.825554884782548,67.32665437965332,26.112540249897364,61.39625746098154,12.491202289121093,False,-0.4998563054368029,BAY_OF_SEINE
1184,2023-09-04,222.4631646938099,597.7896193403093,-341.46653424624407,-33.85992040025536,67.32665437965332,26.112540249897364,61.39625746098154,12.491202289121093,False,-0.4998563054368029,BAY_OF_SEINE
1185,2023-09-12,222.4631646938099,617.6757144147152,-350.6260638184752,-44.58648590243024,67.32665437965332,26.112540249897364,61.39625746098154,12.491202289121093,False,-0.4998563054368029,BAY_OF_SEINE
1186,2023-09-20,223.061481594774,637.5159345297501,-350.5194435299044,-63.935009405071696,67.32665437965332,26.112540249897364,61.39625746098154,12.491202289121093,False,-0.4998563054368029,BAY_OF_SEINE
1187,2023-09-28,223.061481594774,657.2344501263409,-323.00703108244323,-111.16593744912365,67.32665437965332,26.112540249897364,61.39625746098154,12.491202289121093,False,-0.4998563054368029,BAY_OF_SEINE
1188,2023-10-04,199.9722785930639,676.7573582829451,-313.9731697747296,-162.81190991515166,67.32665437965332,26.112540249897364,61.39625746098154,12.491202289121093,False,-0.4998563054368029,BAY_OF_SEINE
1189,2023-10-12,199.9722785930639,696.0121233025549,-256.0647777485718,-239.97506696091915,67.32665437965332,26.112540249897364,61.39625746098154,12.491202289121093,False,-0.4998563054368029,BAY_OF_SEINE
1190,2023-10-20,242.02097731915745,714.925635726793,-226.71537951025272,-246.18927889738285,67.32665437965332,26.112540249897364,61.39625746098154,12.491202289121093,False,-0.4998563054368029,BAY_OF_SEINE
1191,2023-10-28,448.421562676232,733.4251047569223,-200.91485272238145,-84.08868935830884,67.32665437965332,26.112540249897364,61.39625746098154,12.491202289121093,False,-0.4998563054368029,BAY_OF_SEINE
1192,2023-11-04,644.0070431228725,751.4424387498786,-153.58696046682357,46.15156483981738,67.32665437965332,26.112540249897364,61.39625746098154,12.491202289121093,False,-0.4998563054368029,BAY_OF_SEINE
1193,2023-11-12,740.0050992600382,768.914177815801,-112.15156696276354,83.24248840700064,67.32665437965332,26.112540249897364,61.39625746098154,12.491202289121093,False,-0.4998563054368029,BAY_OF_SEINE
1194,2023-11-20,1057.4719758213284,785.7811580571469,76.45685231328454,195.23396545089705,67.32665437965332,26.112540249897364,61.39625746098154,12.491202289121093,False,-0.4998563054368029,BAY_OF_SEINE
1195,2023-11-28,1057.4719758213284,801.9901050756375,106.2903962257344,149.1914745199565,67.32665437965332,26.112540249897364,61.39625746098154,12.491202289121093,False,-0.4998563054368029,BAY_OF_SEINE
1196,2023-12-04,1057.4719758213284,817.4902310571649,118.72566287614973,121.2560818880138,67.32665437965332,26.112540249897364,61.39625746098154,12.491202289121093,False,-0.4998563054368029,BAY_OF_SEINE
1197,2023-12-12,1335.766098737535,832.232053818551,270.73641485919404,232.79763005979,67.32665437965332,26.112540249897364,61.39625746098154,12.491202289121093,False,-0.4998563054368029,BAY_OF_SEINE
1198,2023-12-20,1335.766098737535,846.1677809807811,312.80711074871147,176.79120700804242,67.32665437965332,26.112540249897364,61.39625746098154,12.491202289121093,False,-0.4998563054368029,BAY_OF_SEINE
1199,2023-12-28,1318.1045364780157,859.253430045968,338.61023809397176,120.24086833807591,67.32665437965332,26.112540249897364,61.39625746098154,12.491202289121093,False,-0.4998563054368029,BAY_OF_SEINE
1200,2024-01-04,1309.2352799962543,871.4528290077029,407.7914654200988,29.99098556845269,67.32665437965332,26.112540249897364,61.39625746098154,12.491202289121093,False,-0.4998563054368029,BAY_OF_SEINE
1201,2024-01-12,1309.2352799962543,882.7349080578648,437.4673887389344,-10.967016800544798,67.32665437965332,26.112540249897364,61.39625746098154,12.491202289121093,False,-0.4998563054368029,BAY_OF_SEINE
1202,2024-01-20,1198.3589185078956,893.0718388187116,355.4045002837259,-50.1174205945419,67.32665437965332,26.112540249897364,61.39625746098154,12.491202289121093,False,-0.4998563054368029,BAY_OF_SEINE
1203,2024-01-28,1088.036917376299,902.4446583807256,266.85712485739606,-81.26486586182278,67.32665437965332,26.112540249897364,61.39625746098154,12.491202289121093,False,-0.4998563054368029,BAY_OF_SEINE
1204,2024-02-04,1088.036917376299,910.8418976560304,180.4763884018464,-3.2813686815778738,67.32665437965332,26.112540249897364,61.39625746098154,12.491202289121093,False,-0.4998563054368029,BAY_OF_SEINE
1205,2024-02-12,1241.182994728821,918.253002518878,263.77862506475225,59.15136714519093,67.32665437965332,26.112540249897364,61.39625746098154,12.491202289121093,False,-0.4998563054368029,BAY_OF_SEINE
1206,2024-02-20,1248.26092026284,924.6597602237562,255.28421270624895,68.3169473328349,67.32665437965332,26.112540249897364,61.39625746098154,12.491202289121093,False,-0.4998563054368029,BAY_OF_SEINE
1207,2024-02-28,1678.588590924574,930.0421970385672,569.8691647804119,178.67722910559496,67.32665437965332,26.112540249897364,61.39625746098154,12.491202289121093,False,-0.4998563054368029,BAY_OF_SEINE
1208,2024-03-04,1678.588590924574,934.3802188378296,567.3931315447747,176.81524054196962,67.32665437965332,26.112540249897364,61.39625746098154,12.491202289121093,False,-0.4998563054368029,BAY_OF_SEINE
1209,2024-03-12,1420.911580820164,937.6585952399048,426.9878028290136,56.26518275124579,67.32665437965332,26.112540249897364,61.39625746098154,12.491202289121093,False,-0.4998563054368029,BAY_OF_SEINE
1210,2024-03-20,1132.436413173042,939.8804691543044,208.9233538135699,-16.367409794832298,67.32665437965332,26.112540249897364,61.39625746098154,12.491202289121093,False,-0.4998563054368029,BAY_OF_SEINE
1211,2024-03-28,1132.436413173042,941.0722609335212,209.9406444970764,-18.576492257555543,67.32665437965332,26.112540249897364,61.39625746098154,12.491202289121093,False,-0.4998563054368029,BAY_OF_SEINE
1212,2024-04-04,1379.419113763833,941.2769840396268,422.90752258005966,15.234607144146366,67.32665437965332,26.112540249897364,61.39625746098154,12.491202289121093,False,-0.4998563054368029,BAY_OF_SEINE
1213,2024-04-12,1379.419113763833,940.5495639076174,418.39868322118434,20.470866635031143,67.32665437965332,26.112540249897364,61.39625746098154,12.491202289121093,False,-0.4998563054368029,BAY_OF_SEINE
1214,2024-04-20,931.5275836743313,938.9554457822532,56.36549594806947,-63.79335805599148,67.32665437965332,26.112540249897364,61.39625746098154,12.491202289121093,False,-0.4998563054368029,BAY_OF_SEINE
1215,2024-04-28,782.3460638448142,936.5729723595028,-71.05480176217112,-83.17210675251748,67.32665437965332,26.112540249897364,61.39625746098154,12.491202289121093,False,-0.4998563054368029,BAY_OF_SEINE
1216,2024-05-04,782.3460638448142,933.4932317718492,-70.37101668250722,-80.77615124452785,67.32665437965332,26.112540249897364,61.39625746098154,12.491202289121093,False,-0.4998563054368029,BAY_OF_SEINE
1217,2024-05-12,883.9363113627611,929.815030715632,-14.278425769712673,-31.600293583158244,67.32665437965332,26.112540249897364,61.39625746098154,12.491202289121093,False,-0.4998563054368029,BAY_OF_SEINE
1218,2024-05-20,883.9363113627611,925.6391342063991,-25.24167749468305,-16.461145348954997,67.32665437965332,26.112540249897364,61.39625746098154,12.491202289121093,False,-0.4998563054368029,BAY_OF_SEINE
1219,2024-05-28,750.5982674049495,921.0648423428491,-148.2168531583271,-22.249721779572525,67.32665437965332,26.112540249897364,61.39625746098154,12.491202289121093,False,-0.4998563054368029,BAY_OF_SEINE
1220,2024-06-04,713.3241450290249,916.1906301415424,-188.74414151390803,-14.122343598609431,67.32665437965332,26.112540249897364,61.39625746098154,12.491202289121093,False,-0.4998563054368029,BAY_OF_SEINE
1221,2024-06-12,657.5307973959943,911.113194215692,-230.06552868129148,-23.516868138406096,67.32665437965332,26.112540249897364,61.39625746098154,12.491202289121093,False,-0.4998563054368029,BAY_OF_SEINE
1222,2024-06-20,657.5307973959943,905.9272667846676,-230.73268308773456,-17.663786300938796,67.32665437965332,26.112540249897364,61.39625746098154,12.491202289121093,False,-0.4998563054368029,BAY_OF_SEINE
1223,2024-06-28,676.0198934755446,900.7249126115488,-216.56345000022864,-8.141569135775597,67.32665437965332,26.112540249897364,61.39625746098154,12.491202289121093,False,-0.4998563054368029,BAY_OF_SEINE
1224,2024-07-04,676.0198934755446,895.5937183552271,-218.65512636244463,-0.9186985172379138,67.32665437965332,26.112540249897364,61.39625746098154,12.491202289121093,False,-0.4998563054368029,BAY_OF_SEINE
1225,2024-07-12,673.8917935047655,890.6156580248211,-228.36099935606285,11.637134836007249,67.32665437965332,26.112540249897364,61.39625746098154,12.491202289121093,False,-0.4998563054368029,BAY_OF_SEINE
1226,2024-07-20,543.8377193168402,885.8662125618455,-327.25825534921046,-14.77023789579482,67.32665437965332,26.112540249897364,61.39625746098154,12.491202289121093,False,-0.4998563054368029,BAY_OF_SEINE
1227,2024-07-28,543.8377193168402,881.4153196036935,-308.7062587307406,-28.871341556112725,67.32665437965332,26.112540249897364,61.39625746098154,12.491202289121093,False,-0.4998563054368029,BAY_OF_SEINE
1228,2024-08-04,543.8377193168402,877.3276338752424,-297.3262197109598,-36.16369484744246,67.32665437965332,26.112540249897364,61.39625746098154,12.491202289121093,False,-0.4998563054368029,BAY_OF_SEINE
1229,2024-08-12,478.05388071999727,873.6611632766552,-348.8977783781059,-46.70950417855204,67.32665437965332,26.112540249897364,61.39625746098154,12.491202289121093,False,-0.4998563054368029,BAY_OF_SEINE
1230,2024-08-20,435.7766673091255,870.4653375140706,-394.5855582445183,-40.10311196042687,67.32665437965332,26.112540249897364,61.39625746098154,12.491202289121093,False,-0.4998563054368029,BAY_OF_SEINE
1231,2024-08-28,440.690298755448,867.7787169988109,-395.90609300208337,-31.1823252412795,67.32665437965332,26.112540249897364,61.39625746098154,12.491202289121093,False,-0.4998563054368029,BAY_OF_SEINE
1232,2024-09-04,440.690298755448,865.6270082987074,-404.168196067,-20.7685134762595,67.32665437965332,26.112540249897364,61.39625746098154,12.491202289121093,False,-0.4998563054368029,BAY_OF_SEINE
1233,2024-09-12,440.690298755448,864.0225171704419,-407.6845415063001,-15.647676908693825,67.32665437965332,26.112540249897364,61.39625746098154,12.491202289121093,False,-0.4998563054368029,BAY_OF_SEINE
1234,2024-09-20,469.39130749996,862.9639383745885,-389.81913424130926,-3.75349663331923,67.32665437965332,26.112540249897364,61.39625746098154,12.491202289121093,False,-0.4998563054368029,BAY_OF_SEINE
1235,2024-09-28,589.5041149633226,862.4362586341181,-303.8112959189649,30.87915224816948,67.32665437965332,26.112540249897364,61.39625746098154,12.491202289121093,False,-0.4998563054368029,BAY_OF_SEINE
1236,2024-10-04,705.241266803363,862.4101463699077,-227.0890201709579,69.92014060441323,67.32665437965332,26.112540249897364,61.39625746098154,12.491202289121093,False,-0.4998563054368029,BAY_OF_SEINE
1237,2024-10-12,976.4790593329334,862.8423161245596,-28.15671506386387,141.79345827223767,67.32665437965332,26.112540249897364,61.39625746098154,12.491202289121093,False,-0.4998563054368029,BAY_OF_SEINE
1238,2024-10-20,976.4790593329334,863.6769931722055,-22.276699890935262,135.0787660516632,67.32665437965332,26.112540249897364,61.39625746098154,12.491202289121093,False,-0.4998563054368029,BAY_OF_SEINE
1239,2024-10-28,691.2863532745502,864.8520247607446,-189.2845804778873,15.718908991692842,67.32665437965332,26.112540249897364,61.39625746098154,12.491202289121093,False,-0.4998563054368029,BAY_OF_SEINE
1240,2024-11-04,537.6174538935728,866.3109536947475,-260.38676875327803,-68.30673104789662,67.32665437965332,26.112540249897364,61.39625746098154,12.491202289121093,False,-0.4998563054368029,BAY_OF_SEINE
1241,2024-11-12,537.6174538935728,868.0104753270673,-241.13181709874823,-89.26120433474625,67.32665437965332,26.112540249897364,61.39625746098154,12.491202289121093,False,-0.4998563054368029,BAY_OF_SEINE
1242,2024-11-20,638.7583244013898,869.9172966790285,-90.62563538073296,-140.5333368969057,67.32665437965332,26.112540249897364,61.39625746098154,12.491202289121093,False,-0.4998563054368029,BAY_OF_SEINE
1243,2024-11-28,786.6075942342791,872.0055834979016,15.59159734059062,-100.98958660421316,67.32665437965332,26.112540249897364,61.39625746098154,12.491202289121093,False,-0.4998563054368029,BAY_OF_SEINE
1244,2024-12-04,916.368547329936,874.2536465667024,108.3027914717936,-66.18789070856005,67.32665437965332,26.112540249897364,61.39625746098154,12.491202289121093,False,-0.4998563054368029,BAY_OF_SEINE
1245,2024-12-12,992.1469198962084,876.6374011624727,230.1756451391178,-114.66612640538207,67.32665437965332,26.112540249897364,61.39625746098154,12.491202289121093,False,-0.4998563054368029,BAY_OF_SEINE
1246,2024-12-20,1129.0924770277873,879.1331710051775,328.43954594859724,-78.48023992598746,67.32665437965332,26.112540249897364,61.39625746098154,12.491202289121093,False,-0.4998563054368029,BAY_OF_SEINE
1247,2024-12-28,1060.6196984619978,881.7166871566906,268.3274250443649,-89.42441373905763,67.32665437965332,26.112540249897364,61.39625746098154,12.491202289121093,False,-0.4998563054368029,BAY_OF_SEINE
