,dates,Raw_signal,Interannual_signal,Seasonal_signal,Residual_signal,Variation_coefficient,Variance_due_to_Interannual_signal,Variance_due_to_Seasonal_signal,Variance_due_to_Residual_signal,Monotonic_change,Rate_of_Change,Zone
0,1999-01-04,802.5712743703358,748.2352767503206,540.934195422877,-486.5981978028618,82.6126664904066,18.09704030068248,69.0189944385732,12.88396526074432,False,-0.7702905052005727,SOUTHERN_BRITTANY
1,1999-01-12,803.7992320429105,749.9514020961848,199.4952797659171,-145.6474498191914,82.6126664904066,18.09704030068248,69.0189944385732,12.88396526074432,False,-0.7702905052005727,SOUTHERN_BRITTANY
2,1999-01-20,1076.6265879530918,751.4468366994487,308.422892561897,16.75685869174606,82.6126664904066,18.09704030068248,69.0189944385732,12.88396526074432,False,-0.7702905052005727,SOUTHERN_BRITTANY
3,1999-01-28,1076.6265879530918,752.6766313335133,260.7758583124411,63.17409830713734,82.6126664904066,18.09704030068248,69.0189944385732,12.88396526074432,False,-0.7702905052005727,SOUTHERN_BRITTANY
4,1999-02-04,1076.6265879530918,753.6229466697604,260.3731162011666,62.63052508216475,82.6126664904066,18.09704030068248,69.0189944385732,12.88396526074432,False,-0.7702905052005727,SOUTHERN_BRITTANY
5,1999-02-12,1735.1535963152985,754.2871648977987,832.6946831795626,148.1717482379372,82.6126664904066,18.09704030068248,69.0189944385732,12.88396526074432,False,-0.7702905052005727,SOUTHERN_BRITTANY
6,1999-02-20,1777.920051772388,754.6854917365368,893.7190181045103,129.51554193134086,82.6126664904066,18.09704030068248,69.0189944385732,12.88396526074432,False,-0.7702905052005727,SOUTHERN_BRITTANY
7,1999-02-28,1902.097027052239,754.8409172305038,1055.190854587739,92.06525523399614,82.6126664904066,18.09704030068248,69.0189944385732,12.88396526074432,False,-0.7702905052005727,SOUTHERN_BRITTANY
8,1999-03-04,1902.097027052239,754.7753119520725,986.96911662703,160.35259847313637,82.6126664904066,18.09704030068248,69.0189944385732,12.88396526074432,False,-0.7702905052005727,SOUTHERN_BRITTANY
9,1999-03-12,1848.1098826958955,754.5159979524482,913.1035811511716,180.4903035922756,82.6126664904066,18.09704030068248,69.0189944385732,12.88396526074432,False,-0.7702905052005727,SOUTHERN_BRITTANY
10,1999-03-20,1010.0100956156716,754.1069582439761,196.08658617996636,59.81655119172916,82.6126664904066,18.09704030068248,69.0189944385732,12.88396526074432,False,-0.7702905052005727,SOUTHERN_BRITTANY
11,1999-03-28,817.9001684434968,753.6011313296067,52.10476709163128,12.194270022258827,82.6126664904066,18.09704030068248,69.0189944385732,12.88396526074432,False,-0.7702905052005727,SOUTHERN_BRITTANY
12,1999-04-04,705.6117168843284,753.0504486536374,-17.622134333971903,-29.816597435337112,82.6126664904066,18.09704030068248,69.0189944385732,12.88396526074432,False,-0.7702905052005727,SOUTHERN_BRITTANY
13,1999-04-12,705.6117168843284,752.4950648298618,-10.24955068438124,-36.63379726115215,82.6126664904066,18.09704030068248,69.0189944385732,12.88396526074432,False,-0.7702905052005727,SOUTHERN_BRITTANY
14,1999-04-20,826.7732739427861,751.9628929500799,142.73457504901512,-67.92419405630892,82.6126664904066,18.09704030068248,69.0189944385732,12.88396526074432,False,-0.7702905052005727,SOUTHERN_BRITTANY
15,1999-04-28,826.7732739427861,751.4688208004769,142.40807068110496,-67.10361753879579,82.6126664904066,18.09704030068248,69.0189944385732,12.88396526074432,False,-0.7702905052005727,SOUTHERN_BRITTANY
16,1999-05-04,645.1599281716418,751.0178588515118,-2.1551424334593348,-103.7027882464107,82.6126664904066,18.09704030068248,69.0189944385732,12.88396526074432,False,-0.7702905052005727,SOUTHERN_BRITTANY
17,1999-05-12,645.1599281716418,750.6190269967304,-16.301983102048982,-89.15711572303965,82.6126664904066,18.09704030068248,69.0189944385732,12.88396526074432,False,-0.7702905052005727,SOUTHERN_BRITTANY
18,1999-05-20,851.4254920708954,750.2845631832453,84.59085253428339,16.550076353366762,82.6126664904066,18.09704030068248,69.0189944385732,12.88396526074432,False,-0.7702905052005727,SOUTHERN_BRITTANY
19,1999-05-28,851.4254920708954,750.0247832901244,32.57182059290787,68.8288881878631,82.6126664904066,18.09704030068248,69.0189944385732,12.88396526074432,False,-0.7702905052005727,SOUTHERN_BRITTANY
20,1999-06-04,571.7024347014925,749.8471695327481,-180.44455563467835,2.299820803422733,82.6126664904066,18.09704030068248,69.0189944385732,12.88396526074432,False,-0.7702905052005727,SOUTHERN_BRITTANY
21,1999-06-12,440.0754454291045,749.7481031041078,-285.7846903893493,-23.88796728565404,82.6126664904066,18.09704030068248,69.0189944385732,12.88396526074432,False,-0.7702905052005727,SOUTHERN_BRITTANY
22,1999-06-20,299.71278521455224,749.7105761213154,-392.346810272209,-57.65098063455412,82.6126664904066,18.09704030068248,69.0189944385732,12.88396526074432,False,-0.7702905052005727,SOUTHERN_BRITTANY
23,1999-06-28,244.11986100746267,749.7080858935875,-478.61623400594095,-26.97199088018391,82.6126664904066,18.09704030068248,69.0189944385732,12.88396526074432,False,-0.7702905052005727,SOUTHERN_BRITTANY
24,1999-07-04,240.45626515858208,749.7107434099012,-488.81494391942977,-20.43953433188932,82.6126664904066,18.09704030068248,69.0189944385732,12.88396526074432,False,-0.7702905052005727,SOUTHERN_BRITTANY
25,1999-07-12,236.6643526119403,749.6892865525118,-496.4612079709992,-16.56372596957226,82.6126664904066,18.09704030068248,69.0189944385732,12.88396526074432,False,-0.7702905052005727,SOUTHERN_BRITTANY
26,1999-07-20,211.285395988806,749.6164392653329,-515.2914389600418,-23.039604316485224,82.6126664904066,18.09704030068248,69.0189944385732,12.88396526074432,False,-0.7702905052005727,SOUTHERN_BRITTANY
27,1999-07-28,183.58034305037316,749.4670901249956,-541.0603592094833,-24.826387865139168,82.6126664904066,18.09704030068248,69.0189944385732,12.88396526074432,False,-0.7702905052005727,SOUTHERN_BRITTANY
28,1999-08-04,183.58034305037316,749.2179512980952,-555.5045922853617,-10.133015962360332,82.6126664904066,18.09704030068248,69.0189944385732,12.88396526074432,False,-0.7702905052005727,SOUTHERN_BRITTANY
29,1999-08-12,185.46483255597016,748.8491132888007,-565.5604418618569,2.1761611290263545,82.6126664904066,18.09704030068248,69.0189944385732,12.88396526074432,False,-0.7702905052005727,SOUTHERN_BRITTANY
30,1999-08-20,185.46483255597016,748.3457269850637,-560.4634868444346,-2.4174075846590317,82.6126664904066,18.09704030068248,69.0189944385732,12.88396526074432,False,-0.7702905052005727,SOUTHERN_BRITTANY
31,1999-08-28,168.59355063965884,747.6976453329567,-565.9320742707563,-13.17202042254155,82.6126664904066,18.09704030068248,69.0189944385732,12.88396526074432,False,-0.7702905052005727,SOUTHERN_BRITTANY
32,1999-09-04,168.59355063965884,746.8987359083877,-558.5516016407055,-19.75358362802342,82.6126664904066,18.09704030068248,69.0189944385732,12.88396526074432,False,-0.7702905052005727,SOUTHERN_BRITTANY
33,1999-09-12,171.7469430970149,745.9468069046386,-550.124783209066,-24.075080598557747,82.6126664904066,18.09704030068248,69.0189944385732,12.88396526074432,False,-0.7702905052005727,SOUTHERN_BRITTANY
34,1999-09-20,256.709854244403,744.8437063285124,-490.094776052418,1.9609239683085773,82.6126664904066,18.09704030068248,69.0189944385732,12.88396526074432,False,-0.7702905052005727,SOUTHERN_BRITTANY
35,1999-09-28,295.4097319651741,743.5960867502215,-463.61819596092647,15.431841175879072,82.6126664904066,18.09704030068248,69.0189944385732,12.88396526074432,False,-0.7702905052005727,SOUTHERN_BRITTANY
36,1999-10-04,305.6065743936568,742.2147103968905,-445.9838239499831,9.375687946749338,82.6126664904066,18.09704030068248,69.0189944385732,12.88396526074432,False,-0.7702905052005727,SOUTHERN_BRITTANY
37,1999-10-12,305.6065743936568,740.7113578506621,-428.58129511080665,-6.5234883461987465,82.6126664904066,18.09704030068248,69.0189944385732,12.88396526074432,False,-0.7702905052005727,SOUTHERN_BRITTANY
38,1999-10-20,305.6065743936568,739.0964788654848,-407.3951461064636,-26.09475836536444,82.6126664904066,18.09704030068248,69.0189944385732,12.88396526074432,False,-0.7702905052005727,SOUTHERN_BRITTANY
39,1999-10-28,569.5063781982942,737.3774358686385,-180.4172535745441,12.546195904199834,82.6126664904066,18.09704030068248,69.0189944385732,12.88396526074432,False,-0.7702905052005727,SOUTHERN_BRITTANY
40,1999-11-04,569.5063781982942,735.5595729005026,-181.5639451750526,15.510750472844164,82.6126664904066,18.09704030068248,69.0189944385732,12.88396526074432,False,-0.7702905052005727,SOUTHERN_BRITTANY
41,1999-11-12,611.4337133861941,733.6465196303201,-39.095469753600646,-83.11733649052536,82.6126664904066,18.09704030068248,69.0189944385732,12.88396526074432,False,-0.7702905052005727,SOUTHERN_BRITTANY
42,1999-11-20,652.802119636194,731.6300421985919,-11.433511677941562,-67.39441088445636,82.6126664904066,18.09704030068248,69.0189944385732,12.88396526074432,False,-0.7702905052005727,SOUTHERN_BRITTANY
43,1999-11-28,652.802119636194,729.4925803984906,121.27983278512876,-197.9702935474254,82.6126664904066,18.09704030068248,69.0189944385732,12.88396526074432,False,-0.7702905052005727,SOUTHERN_BRITTANY
44,1999-12-04,672.2409384328358,727.2050724215242,135.47154659643462,-190.43568058512292,82.6126664904066,18.09704030068248,69.0189944385732,12.88396526074432,False,-0.7702905052005727,SOUTHERN_BRITTANY
45,1999-12-12,911.584130830224,724.7340334039205,246.9282710737039,-60.07817364740055,82.6126664904066,18.09704030068248,69.0189944385732,12.88396526074432,False,-0.7702905052005727,SOUTHERN_BRITTANY
46,1999-12-20,1490.0685438432836,722.0597510609334,570.7292189418832,197.27957384046687,82.6126664904066,18.09704030068248,69.0189944385732,12.88396526074432,False,-0.7702905052005727,SOUTHERN_BRITTANY
47,1999-12-28,2683.155103777985,719.1920777406269,1463.667218535987,500.295807501371,82.6126664904066,18.09704030068248,69.0189944385732,12.88396526074432,False,-0.7702905052005727,SOUTHERN_BRITTANY
48,2000-01-04,2683.155103777985,716.1744670956665,1094.6152837990132,872.3653528833054,82.6126664904066,18.09704030068248,69.0189944385732,12.88396526074432,False,-0.7702905052005727,SOUTHERN_BRITTANY
49,2000-01-12,1317.208115205224,713.0596548257095,409.0200106227363,195.1284497567782,82.6126664904066,18.09704030068248,69.0189944385732,12.88396526074432,False,-0.7702905052005727,SOUTHERN_BRITTANY
50,2000-01-20,937.3907695895524,709.8777963806513,283.9605488163804,-56.44757560747934,82.6126664904066,18.09704030068248,69.0189944385732,12.88396526074432,False,-0.7702905052005727,SOUTHERN_BRITTANY
51,2000-01-28,749.1002572294776,706.6736072218916,145.29573963612654,-102.86908962854056,82.6126664904066,18.09704030068248,69.0189944385732,12.88396526074432,False,-0.7702905052005727,SOUTHERN_BRITTANY
52,2000-02-04,749.1002572294776,703.5005936061124,150.3634269351455,-104.76376331178024,82.6126664904066,18.09704030068248,69.0189944385732,12.88396526074432,False,-0.7702905052005727,SOUTHERN_BRITTANY
53,2000-02-12,1063.7606331623135,700.4167684383918,463.2686988692058,-99.92483414528414,82.6126664904066,18.09704030068248,69.0189944385732,12.88396526074432,False,-0.7702905052005727,SOUTHERN_BRITTANY
54,2000-02-20,1179.939841044776,697.4876952796026,414.5233178817629,67.92882788341063,82.6126664904066,18.09704030068248,69.0189944385732,12.88396526074432,False,-0.7702905052005727,SOUTHERN_BRITTANY
55,2000-02-28,1453.2235158582089,694.7970351366491,581.2082220292082,177.21825869235158,82.6126664904066,18.09704030068248,69.0189944385732,12.88396526074432,False,-0.7702905052005727,SOUTHERN_BRITTANY
56,2000-03-04,1179.939841044776,692.4419243338191,478.6077758766468,8.890140834310273,82.6126664904066,18.09704030068248,69.0189944385732,12.88396526074432,False,-0.7702905052005727,SOUTHERN_BRITTANY
57,2000-03-12,1045.8674085820894,690.5217320910104,688.4990228521395,-333.1533463610606,82.6126664904066,18.09704030068248,69.0189944385732,12.88396526074432,False,-0.7702905052005727,SOUTHERN_BRITTANY
58,2000-03-20,691.5267455690298,689.1107615580431,386.1815308808703,-383.7655468698836,82.6126664904066,18.09704030068248,69.0189944385732,12.88396526074432,False,-0.7702905052005727,SOUTHERN_BRITTANY
59,2000-03-28,691.5267455690298,688.2504324774965,338.4705341015684,-335.19422101003505,82.6126664904066,18.09704030068248,69.0189944385732,12.88396526074432,False,-0.7702905052005727,SOUTHERN_BRITTANY
60,2000-04-04,749.390318097015,687.9524896491719,105.6724653749358,-44.23463692709269,82.6126664904066,18.09704030068248,69.0189944385732,12.88396526074432,False,-0.7702905052005727,SOUTHERN_BRITTANY
61,2000-04-12,779.1964881063433,688.2248504963954,80.13018404370465,10.841453566243189,82.6126664904066,18.09704030068248,69.0189944385732,12.88396526074432,False,-0.7702905052005727,SOUTHERN_BRITTANY
62,2000-04-20,1028.4420191231343,689.0758664839535,234.56088146723164,104.80527117194912,82.6126664904066,18.09704030068248,69.0189944385732,12.88396526074432,False,-0.7702905052005727,SOUTHERN_BRITTANY
63,2000-04-28,1028.4420191231343,690.5167584655975,254.64035530624705,83.28490535128975,82.6126664904066,18.09704030068248,69.0189944385732,12.88396526074432,False,-0.7702905052005727,SOUTHERN_BRITTANY
64,2000-05-04,996.8556926305972,692.5588484682172,531.3611025981406,-227.06425843576076,82.6126664904066,18.09704030068248,69.0189944385732,12.88396526074432,False,-0.7702905052005727,SOUTHERN_BRITTANY
65,2000-05-12,942.6168127332088,695.1911210922506,504.7374815935663,-257.311789952608,82.6126664904066,18.09704030068248,69.0189944385732,12.88396526074432,False,-0.7702905052005727,SOUTHERN_BRITTANY
66,2000-05-20,730.2627754197761,698.3882253350822,136.884339879336,-105.00978979464216,82.6126664904066,18.09704030068248,69.0189944385732,12.88396526074432,False,-0.7702905052005727,SOUTHERN_BRITTANY
67,2000-05-28,525.5949696162047,702.1396119084561,-115.7314924170234,-60.81314987522801,82.6126664904066,18.09704030068248,69.0189944385732,12.88396526074432,False,-0.7702905052005727,SOUTHERN_BRITTANY
68,2000-06-04,516.6760536380597,706.4567458555275,-274.94418033065773,85.16348811318989,82.6126664904066,18.09704030068248,69.0189944385732,12.88396526074432,False,-0.7702905052005727,SOUTHERN_BRITTANY
69,2000-06-12,494.7658351212687,711.3709655928642,-356.1040857959531,139.49895532435755,82.6126664904066,18.09704030068248,69.0189944385732,12.88396526074432,False,-0.7702905052005727,SOUTHERN_BRITTANY
70,2000-06-20,494.7658351212687,716.9261826012801,-388.7996520704712,166.6393045904598,82.6126664904066,18.09704030068248,69.0189944385732,12.88396526074432,False,-0.7702905052005727,SOUTHERN_BRITTANY
71,2000-06-28,322.199654539801,723.1726433970074,-498.513530743072,97.54054188586554,82.6126664904066,18.09704030068248,69.0189944385732,12.88396526074432,False,-0.7702905052005727,SOUTHERN_BRITTANY
72,2000-07-04,322.199654539801,730.1623242670985,-482.9159994542729,74.95332972697537,82.6126664904066,18.09704030068248,69.0189944385732,12.88396526074432,False,-0.7702905052005727,SOUTHERN_BRITTANY
73,2000-07-12,342.52848157649254,737.9463599501158,-435.11807077621785,39.70019240259455,82.6126664904066,18.09704030068248,69.0189944385732,12.88396526074432,False,-0.7702905052005727,SOUTHERN_BRITTANY
74,2000-07-20,359.3821497867804,746.5684895127214,-430.281107623231,43.09476789728996,82.6126664904066,18.09704030068248,69.0189944385732,12.88396526074432,False,-0.7702905052005727,SOUTHERN_BRITTANY
75,2000-07-28,342.52848157649254,756.0627146969312,-474.805285176799,61.27105205636036,82.6126664904066,18.09704030068248,69.0189944385732,12.88396526074432,False,-0.7702905052005727,SOUTHERN_BRITTANY
76,2000-08-04,284.8742444029851,766.4530605071269,-522.7840861211447,41.20527001700288,82.6126664904066,18.09704030068248,69.0189944385732,12.88396526074432,False,-0.7702905052005727,SOUTHERN_BRITTANY
77,2000-08-12,229.0634244402985,777.7527353643835,-552.0361092961756,3.346798372090575,82.6126664904066,18.09704030068248,69.0189944385732,12.88396526074432,False,-0.7702905052005727,SOUTHERN_BRITTANY
78,2000-08-20,224.6143582089552,789.9623971593733,-552.6238643056106,-12.724174644807476,82.6126664904066,18.09704030068248,69.0189944385732,12.88396526074432,False,-0.7702905052005727,SOUTHERN_BRITTANY
79,2000-08-28,224.6143582089552,803.0688568433102,-550.8314331813026,-27.62306545305239,82.6126664904066,18.09704030068248,69.0189944385732,12.88396526074432,False,-0.7702905052005727,SOUTHERN_BRITTANY
80,2000-09-04,224.6143582089552,817.044496448325,-545.8423089033497,-46.58782933602015,82.6126664904066,18.09704030068248,69.0189944385732,12.88396526074432,False,-0.7702905052005727,SOUTHERN_BRITTANY
81,2000-09-12,230.13345359141792,831.8470755147562,-536.3076131337666,-65.40600878957162,82.6126664904066,18.09704030068248,69.0189944385732,12.88396526074432,False,-0.7702905052005727,SOUTHERN_BRITTANY
82,2000-09-20,226.0886654228856,847.4199108887846,-512.6028501805285,-108.72839528537042,82.6126664904066,18.09704030068248,69.0189944385732,12.88396526074432,False,-0.7702905052005727,SOUTHERN_BRITTANY
83,2000-09-28,248.1821317630597,863.692077846203,-494.2553567906296,-121.25458929251369,82.6126664904066,18.09704030068248,69.0189944385732,12.88396526074432,False,-0.7702905052005727,SOUTHERN_BRITTANY
84,2000-10-04,317.8405534048508,880.5791939340577,-459.7025696574737,-103.03607087173322,82.6126664904066,18.09704030068248,69.0189944385732,12.88396526074432,False,-0.7702905052005727,SOUTHERN_BRITTANY
85,2000-10-12,409.16976049440296,897.9840553613694,-401.419610605352,-87.39468426161449,82.6126664904066,18.09704030068248,69.0189944385732,12.88396526074432,False,-0.7702905052005727,SOUTHERN_BRITTANY
86,2000-10-20,514.4717180170576,915.7970902570978,-343.1464194356168,-58.17895280442343,82.6126664904066,18.09704030068248,69.0189944385732,12.88396526074432,False,-0.7702905052005727,SOUTHERN_BRITTANY
87,2000-10-28,652.209702658582,933.8986673648976,-199.83615653116777,-81.85280817514769,82.6126664904066,18.09704030068248,69.0189944385732,12.88396526074432,False,-0.7702905052005727,SOUTHERN_BRITTANY
88,2000-11-04,687.4428554104478,952.163906827208,-186.19285200892895,-78.52819940783127,82.6126664904066,18.09704030068248,69.0189944385732,12.88396526074432,False,-0.7702905052005727,SOUTHERN_BRITTANY
89,2000-11-12,1188.174968283582,970.4651944705244,58.6779304684484,159.0318433446092,82.6126664904066,18.09704030068248,69.0189944385732,12.88396526074432,False,-0.7702905052005727,SOUTHERN_BRITTANY
90,2000-11-20,1211.033432602612,988.682416894512,73.87947048648586,148.47154522161418,82.6126664904066,18.09704030068248,69.0189944385732,12.88396526074432,False,-0.7702905052005727,SOUTHERN_BRITTANY
91,2000-11-28,1749.964270522388,1006.7005598349474,342.01875289609745,401.2449577913432,82.6126664904066,18.09704030068248,69.0189944385732,12.88396526074432,False,-0.7702905052005727,SOUTHERN_BRITTANY
92,2000-12-04,1749.964270522388,1024.420268402376,375.4461304319816,350.0978716880304,82.6126664904066,18.09704030068248,69.0189944385732,12.88396526074432,False,-0.7702905052005727,SOUTHERN_BRITTANY
93,2000-12-12,1481.9575755597018,1041.7517049750052,299.34957162460137,140.85629896009527,82.6126664904066,18.09704030068248,69.0189944385732,12.88396526074432,False,-0.7702905052005727,SOUTHERN_BRITTANY
94,2000-12-20,1048.9190188899254,1058.6172020403246,208.50019304795305,-218.19837619835224,82.6126664904066,18.09704030068248,69.0189944385732,12.88396526074432,False,-0.7702905052005727,SOUTHERN_BRITTANY
95,2000-12-28,1048.9190188899254,1074.9510377032102,504.6197426299632,-530.651761443248,82.6126664904066,18.09704030068248,69.0189944385732,12.88396526074432,False,-0.7702905052005727,SOUTHERN_BRITTANY
96,2001-01-04,1493.9289013526118,1090.7009035073706,745.1101958401215,-341.8821979948804,82.6126664904066,18.09704030068248,69.0189944385732,12.88396526074432,False,-0.7702905052005727,SOUTHERN_BRITTANY
97,2001-01-12,1493.9289013526118,1105.8203508270074,403.48701096464816,-15.37846043904375,82.6126664904066,18.09704030068248,69.0189944385732,12.88396526074432,False,-0.7702905052005727,SOUTHERN_BRITTANY
98,2001-01-20,1493.9289013526118,1120.2498995339406,304.9306409742936,68.74836084437754,82.6126664904066,18.09704030068248,69.0189944385732,12.88396526074432,False,-0.7702905052005727,SOUTHERN_BRITTANY
99,2001-01-28,1328.4173173973882,1133.890661942754,180.27438597958383,14.252269475050385,82.6126664904066,18.09704030068248,69.0189944385732,12.88396526074432,False,-0.7702905052005727,SOUTHERN_BRITTANY
100,2001-02-04,1358.1819766791043,1146.624050878592,198.73716917554552,12.820756624967004,82.6126664904066,18.09704030068248,69.0189944385732,12.88396526074432,False,-0.7702905052005727,SOUTHERN_BRITTANY
101,2001-02-12,1328.4173173973882,1158.3309734573747,276.8503346632172,-106.7639907232038,82.6126664904066,18.09704030068248,69.0189944385732,12.88396526074432,False,-0.7702905052005727,SOUTHERN_BRITTANY
102,2001-02-20,862.96225,1168.8919482551062,137.7652153997639,-443.69491365487,82.6126664904066,18.09704030068248,69.0189944385732,12.88396526074432,False,-0.7702905052005727,SOUTHERN_BRITTANY
103,2001-02-28,862.96225,1178.1693435840543,264.1422491918507,-579.3493427759049,82.6126664904066,18.09704030068248,69.0189944385732,12.88396526074432,False,-0.7702905052005727,SOUTHERN_BRITTANY
104,2001-03-04,1002.715875,1186.010621852765,261.06604318543054,-444.3607900381958,82.6126664904066,18.09704030068248,69.0189944385732,12.88396526074432,False,-0.7702905052005727,SOUTHERN_BRITTANY
105,2001-03-12,2167.4695788246268,1192.2492545336286,715.3899741204716,259.8303501705266,82.6126664904066,18.09704030068248,69.0189944385732,12.88396526074432,False,-0.7702905052005727,SOUTHERN_BRITTANY
106,2001-03-20,2506.1277025586355,1196.7207722168655,781.685987161665,527.7209431801048,82.6126664904066,18.09704030068248,69.0189944385732,12.88396526074432,False,-0.7702905052005727,SOUTHERN_BRITTANY
107,2001-03-28,2506.1277025586355,1199.2678621289192,728.4133752631228,578.4464651665935,82.6126664904066,18.09704030068248,69.0189944385732,12.88396526074432,False,-0.7702905052005727,SOUTHERN_BRITTANY
108,2001-04-04,1569.833572994403,1199.757270560195,236.30543139619996,133.77087103800824,82.6126664904066,18.09704030068248,69.0189944385732,12.88396526074432,False,-0.7702905052005727,SOUTHERN_BRITTANY
109,2001-04-12,1407.8425,1198.0787217729649,145.8915942375182,63.87218398951691,82.6126664904066,18.09704030068248,69.0189944385732,12.88396526074432,False,-0.7702905052005727,SOUTHERN_BRITTANY
110,2001-04-20,1407.8425,1194.148297534676,190.13989559514067,23.554306870183325,82.6126664904066,18.09704030068248,69.0189944385732,12.88396526074432,False,-0.7702905052005727,SOUTHERN_BRITTANY
111,2001-04-28,1486.8968333333332,1187.901479469238,214.7186792591496,84.27667460494567,82.6126664904066,18.09704030068248,69.0189944385732,12.88396526074432,False,-0.7702905052005727,SOUTHERN_BRITTANY
112,2001-05-04,2833.089125,1179.2941130207143,879.0702778340811,774.7247341452045,82.6126664904066,18.09704030068248,69.0189944385732,12.88396526074432,False,-0.7702905052005727,SOUTHERN_BRITTANY
113,2001-05-12,2833.089125,1168.3112610047715,871.3450504728687,793.4328135223595,82.6126664904066,18.09704030068248,69.0189944385732,12.88396526074432,False,-0.7702905052005727,SOUTHERN_BRITTANY
114,2001-05-20,1580.554,1154.961465652641,205.9375592981837,219.65497504917545,82.6126664904066,18.09704030068248,69.0189944385732,12.88396526074432,False,-0.7702905052005727,SOUTHERN_BRITTANY
115,2001-05-28,983.8808571428572,1139.2728704478363,-143.45281442599307,-11.939198878986105,82.6126664904066,18.09704030068248,69.0189944385732,12.88396526074432,False,-0.7702905052005727,SOUTHERN_BRITTANY
116,2001-06-04,654.613,1121.29361521776,-278.8127382023786,-187.86787701538145,82.6126664904066,18.09704030068248,69.0189944385732,12.88396526074432,False,-0.7702905052005727,SOUTHERN_BRITTANY
117,2001-06-12,507.679375,1101.0862684842286,-357.1057752448217,-236.301118239407,82.6126664904066,18.09704030068248,69.0189944385732,12.88396526074432,False,-0.7702905052005727,SOUTHERN_BRITTANY
118,2001-06-20,493.75475,1078.7300447004554,-412.9250396184845,-172.05025508197087,82.6126664904066,18.09704030068248,69.0189944385732,12.88396526074432,False,-0.7702905052005727,SOUTHERN_BRITTANY
119,2001-06-28,389.411625,1054.321797831001,-522.7742882854229,-142.13588454557816,82.6126664904066,18.09704030068248,69.0189944385732,12.88396526074432,False,-0.7702905052005727,SOUTHERN_BRITTANY
120,2001-07-04,389.411625,1027.975082023567,-516.0010368513733,-122.5624201721937,82.6126664904066,18.09704030068248,69.0189944385732,12.88396526074432,False,-0.7702905052005727,SOUTHERN_BRITTANY
121,2001-07-12,517.255625,999.8183078694768,-441.0895560918982,-41.47312677757873,82.6126664904066,18.09704030068248,69.0189944385732,12.88396526074432,False,-0.7702905052005727,SOUTHERN_BRITTANY
122,2001-07-20,517.255625,969.997313656262,-432.94929032968616,-19.79239832657595,82.6126664904066,18.09704030068248,69.0189944385732,12.88396526074432,False,-0.7702905052005727,SOUTHERN_BRITTANY
123,2001-07-28,391.4457142857143,938.6744835106596,-504.080386293598,-43.148382931347385,82.6126664904066,18.09704030068248,69.0189944385732,12.88396526074432,False,-0.7702905052005727,SOUTHERN_BRITTANY
124,2001-08-04,307.25675,906.027648935078,-560.09526423988,-38.67563469519803,82.6126664904066,18.09704030068248,69.0189944385732,12.88396526074432,False,-0.7702905052005727,SOUTHERN_BRITTANY
125,2001-08-12,283.799875,872.2472658955166,-585.1812810131445,-3.266109882372234,82.6126664904066,18.09704030068248,69.0189944385732,12.88396526074432,False,-0.7702905052005727,SOUTHERN_BRITTANY
126,2001-08-20,261.4435,837.5332397646854,-592.6810236233509,16.59128385866552,82.6126664904066,18.09704030068248,69.0189944385732,12.88396526074432,False,-0.7702905052005727,SOUTHERN_BRITTANY
127,2001-08-28,252.137125,802.0932124308034,-574.22515349718,24.26906606637658,82.6126664904066,18.09704030068248,69.0189944385732,12.88396526074432,False,-0.7702905052005727,SOUTHERN_BRITTANY
128,2001-09-04,242.352625,766.1407972417607,-568.4111641351543,44.622991893393646,82.6126664904066,18.09704030068248,69.0189944385732,12.88396526074432,False,-0.7702905052005727,SOUTHERN_BRITTANY
129,2001-09-12,252.137125,729.8943137691041,-552.1421174113054,74.38492864220132,82.6126664904066,18.09704030068248,69.0189944385732,12.88396526074432,False,-0.7702905052005727,SOUTHERN_BRITTANY
130,2001-09-20,282.7948333333333,693.5759618197857,-525.5576245048943,114.77649601844196,82.6126664904066,18.09704030068248,69.0189944385732,12.88396526074432,False,-0.7702905052005727,SOUTHERN_BRITTANY
131,2001-09-28,302.533125,657.4114007024305,-508.2120704120679,153.3337947096374,82.6126664904066,18.09704030068248,69.0189944385732,12.88396526074432,False,-0.7702905052005727,SOUTHERN_BRITTANY
132,2001-10-04,310.841,621.6299763626519,-479.1844159299301,168.3954395672783,82.6126664904066,18.09704030068248,69.0189944385732,12.88396526074432,False,-0.7702905052005727,SOUTHERN_BRITTANY
133,2001-10-12,368.78825,586.4652970177152,-415.26873772204914,197.59169070433396,82.6126664904066,18.09704030068248,69.0189944385732,12.88396526074432,False,-0.7702905052005727,SOUTHERN_BRITTANY
134,2001-10-20,392.752125,552.1546797948157,-360.154759365884,200.75220457106823,82.6126664904066,18.09704030068248,69.0189944385732,12.88396526074432,False,-0.7702905052005727,SOUTHERN_BRITTANY
135,2001-10-28,424.931375,518.9366040638464,-237.5992063989949,143.59397733514854,82.6126664904066,18.09704030068248,69.0189944385732,12.88396526074432,False,-0.7702905052005727,SOUTHERN_BRITTANY
136,2001-11-04,424.931375,487.04488905395567,-202.92769246337755,140.81417840942188,82.6126664904066,18.09704030068248,69.0189944385732,12.88396526074432,False,-0.7702905052005727,SOUTHERN_BRITTANY
137,2001-11-12,395.051375,456.70732140156287,98.28547508779832,-159.94142148936118,82.6126664904066,18.09704030068248,69.0189944385732,12.88396526074432,False,-0.7702905052005727,SOUTHERN_BRITTANY
138,2001-11-20,392.292625,428.134141258965,131.0753404326753,-166.91685669164028,82.6126664904066,18.09704030068248,69.0189944385732,12.88396526074432,False,-0.7702905052005727,SOUTHERN_BRITTANY
139,2001-11-28,395.051375,401.5210095926184,387.5753915912222,-394.0450261838406,82.6126664904066,18.09704030068248,69.0189944385732,12.88396526074432,False,-0.7702905052005727,SOUTHERN_BRITTANY
140,2001-12-04,515.14625,377.0345779440351,454.5968068748045,-316.4851348188396,82.6126664904066,18.09704030068248,69.0189944385732,12.88396526074432,False,-0.7702905052005727,SOUTHERN_BRITTANY
141,2001-12-12,515.14625,354.82391518848647,394.1482147474819,-233.8258799359684,82.6126664904066,18.09704030068248,69.0189944385732,12.88396526074432,False,-0.7702905052005727,SOUTHERN_BRITTANY
142,2001-12-20,447.2897142857143,335.0056796931016,257.03621939214247,-144.75218479952974,82.6126664904066,18.09704030068248,69.0189944385732,12.88396526074432,False,-0.7702905052005727,SOUTHERN_BRITTANY
143,2001-12-28,447.2897142857143,317.6566141731383,350.48738183923984,-220.85428172666383,82.6126664904066,18.09704030068248,69.0189944385732,12.88396526074432,False,-0.7702905052005727,SOUTHERN_BRITTANY
144,2002-01-04,529.291875,302.8105467014872,506.6700054402023,-280.1886771416895,82.6126664904066,18.09704030068248,69.0189944385732,12.88396526074432,False,-0.7702905052005727,SOUTHERN_BRITTANY
145,2002-01-12,540.9295,290.47595374323754,450.4570455265895,-200.00349926982705,82.6126664904066,18.09704030068248,69.0189944385732,12.88396526074432,False,-0.7702905052005727,SOUTHERN_BRITTANY
146,2002-01-20,540.9295,280.66641797087465,373.3510530981636,-113.0879710690383,82.6126664904066,18.09704030068248,69.0189944385732,12.88396526074432,False,-0.7702905052005727,SOUTHERN_BRITTANY
147,2002-01-28,575.9287142857144,273.41468189554155,352.94821229453726,-50.43417990436444,82.6126664904066,18.09704030068248,69.0189944385732,12.88396526074432,False,-0.7702905052005727,SOUTHERN_BRITTANY
148,2002-02-04,604.047125,268.75224502551646,621.8259869248772,-286.5311069503936,82.6126664904066,18.09704030068248,69.0189944385732,12.88396526074432,False,-0.7702905052005727,SOUTHERN_BRITTANY
149,2002-02-12,676.099,266.66741436476866,651.8961845448113,-242.46459890957988,82.6126664904066,18.09704030068248,69.0189944385732,12.88396526074432,False,-0.7702905052005727,SOUTHERN_BRITTANY
150,2002-02-20,950.24825,267.10347350790454,378.7011630423784,304.443613449717,82.6126664904066,18.09704030068248,69.0189944385732,12.88396526074432,False,-0.7702905052005727,SOUTHERN_BRITTANY
151,2002-02-28,1199.60325,269.98681714679765,493.615873230264,436.0005596229385,82.6126664904066,18.09704030068248,69.0189944385732,12.88396526074432,False,-0.7702905052005727,SOUTHERN_BRITTANY
152,2002-03-04,1199.60325,275.23160003409635,497.5391899201763,426.8324600457275,82.6126664904066,18.09704030068248,69.0189944385732,12.88396526074432,False,-0.7702905052005727,SOUTHERN_BRITTANY
153,2002-03-12,840.3705597014925,282.7578354889951,608.0026060080612,-50.38988179556384,82.6126664904066,18.09704030068248,69.0189944385732,12.88396526074432,False,-0.7702905052005727,SOUTHERN_BRITTANY
154,2002-03-20,800.908375,292.49945440873887,584.2433114661884,-75.8343908749273,82.6126664904066,18.09704030068248,69.0189944385732,12.88396526074432,False,-0.7702905052005727,SOUTHERN_BRITTANY
155,2002-03-28,604.2702857142857,304.4132480660319,443.474978550855,-143.61794090260116,82.6126664904066,18.09704030068248,69.0189944385732,12.88396526074432,False,-0.7702905052005727,SOUTHERN_BRITTANY
156,2002-04-04,464.425625,318.4519571866887,113.6698546331508,32.30381318016049,82.6126664904066,18.09704030068248,69.0189944385732,12.88396526074432,False,-0.7702905052005727,SOUTHERN_BRITTANY
157,2002-04-12,408.60225,334.549276336074,27.9169351753823,46.136038488543726,82.6126664904066,18.09704030068248,69.0189944385732,12.88396526074432,False,-0.7702905052005727,SOUTHERN_BRITTANY
158,2002-04-20,345.921375,352.6126295343137,-20.87215188958075,14.180897355267035,82.6126664904066,18.09704030068248,69.0189944385732,12.88396526074432,False,-0.7702905052005727,SOUTHERN_BRITTANY
159,2002-04-28,292.3465,372.5383104539404,-28.766858576676395,-51.42495187726398,82.6126664904066,18.09704030068248,69.0189944385732,12.88396526074432,False,-0.7702905052005727,SOUTHERN_BRITTANY
160,2002-05-04,292.3465,394.2146135489996,352.2181008238037,-454.08621437280334,82.6126664904066,18.09704030068248,69.0189944385732,12.88396526074432,False,-0.7702905052005727,SOUTHERN_BRITTANY
161,2002-05-12,318.726625,417.5239956444028,362.5915178819518,-461.38888852635455,82.6126664904066,18.09704030068248,69.0189944385732,12.88396526074432,False,-0.7702905052005727,SOUTHERN_BRITTANY
162,2002-05-20,376.9424285714286,442.3440621772897,29.03958274281806,-94.44121634867916,82.6126664904066,18.09704030068248,69.0189944385732,12.88396526074432,False,-0.7702905052005727,SOUTHERN_BRITTANY
163,2002-05-28,376.9424285714286,468.51732366479473,-134.09606783315036,42.52117273978422,82.6126664904066,18.09704030068248,69.0189944385732,12.88396526074432,False,-0.7702905052005727,SOUTHERN_BRITTANY
164,2002-06-04,500.78175,495.8417232479972,-162.8388268877436,167.77885363974644,82.6126664904066,18.09704030068248,69.0189944385732,12.88396526074432,False,-0.7702905052005727,SOUTHERN_BRITTANY
165,2002-06-12,500.78175,524.0896589773681,-221.0252832489077,197.7173742715396,82.6126664904066,18.09704030068248,69.0189944385732,12.88396526074432,False,-0.7702905052005727,SOUTHERN_BRITTANY
166,2002-06-20,298.999375,553.017074611179,-353.36368386154686,99.3459842503678,82.6126664904066,18.09704030068248,69.0189944385732,12.88396526074432,False,-0.7702905052005727,SOUTHERN_BRITTANY
167,2002-06-28,221.6338333333333,582.3721811721102,-430.3891164380047,69.65076859922777,82.6126664904066,18.09704030068248,69.0189944385732,12.88396526074432,False,-0.7702905052005727,SOUTHERN_BRITTANY
168,2002-07-04,215.080625,611.9014491032734,-449.68338510782667,52.86256100455324,82.6126664904066,18.09704030068248,69.0189944385732,12.88396526074432,False,-0.7702905052005727,SOUTHERN_BRITTANY
169,2002-07-12,210.992625,641.3524329194439,-438.5413218922998,8.18151397285584,82.6126664904066,18.09704030068248,69.0189944385732,12.88396526074432,False,-0.7702905052005727,SOUTHERN_BRITTANY
170,2002-07-20,209.312375,670.4777358406391,-458.3440097552772,-2.8213510853618686,82.6126664904066,18.09704030068248,69.0189944385732,12.88396526074432,False,-0.7702905052005727,SOUTHERN_BRITTANY
171,2002-07-28,178.727,699.0385669667872,-526.571750826023,6.260183859235781,82.6126664904066,18.09704030068248,69.0189944385732,12.88396526074432,False,-0.7702905052005727,SOUTHERN_BRITTANY
172,2002-08-04,178.727,726.8047406708055,-569.8394733882147,21.761732717409245,82.6126664904066,18.09704030068248,69.0189944385732,12.88396526074432,False,-0.7702905052005727,SOUTHERN_BRITTANY
173,2002-08-12,185.5365,753.5573836697678,-591.1995940573793,23.178710387611545,82.6126664904066,18.09704030068248,69.0189944385732,12.88396526074432,False,-0.7702905052005727,SOUTHERN_BRITTANY
174,2002-08-20,199.676,779.0944633608148,-599.1853262265007,19.766862865685997,82.6126664904066,18.09704030068248,69.0189944385732,12.88396526074432,False,-0.7702905052005727,SOUTHERN_BRITTANY
175,2002-08-28,279.3285714285715,803.2346997441514,-565.8388763012321,41.9327479856521,82.6126664904066,18.09704030068248,69.0189944385732,12.88396526074432,False,-0.7702905052005727,SOUTHERN_BRITTANY
176,2002-09-04,307.666,825.8191022564305,-555.0335193149268,36.88041705849639,82.6126664904066,18.09704030068248,69.0189944385732,12.88396526074432,False,-0.7702905052005727,SOUTHERN_BRITTANY
177,2002-09-12,317.799375,846.7114034867421,-545.8648968083135,16.95286832157126,82.6126664904066,18.09704030068248,69.0189944385732,12.88396526074432,False,-0.7702905052005727,SOUTHERN_BRITTANY
178,2002-09-20,317.799375,865.7985769681809,-534.5204123260062,-13.47878964217466,82.6126664904066,18.09704030068248,69.0189944385732,12.88396526074432,False,-0.7702905052005727,SOUTHERN_BRITTANY
179,2002-09-28,268.2286666666667,882.9913808919171,-548.1925841921395,-66.5701300331109,82.6126664904066,18.09704030068248,69.0189944385732,12.88396526074432,False,-0.7702905052005727,SOUTHERN_BRITTANY
180,2002-10-04,243.114375,898.2230843664042,-551.732120143427,-103.37658922297726,82.6126664904066,18.09704030068248,69.0189944385732,12.88396526074432,False,-0.7702905052005727,SOUTHERN_BRITTANY
181,2002-10-12,243.114375,911.447542588478,-531.3287589435025,-137.00440864497534,82.6126664904066,18.09704030068248,69.0189944385732,12.88396526074432,False,-0.7702905052005727,SOUTHERN_BRITTANY
182,2002-10-20,258.0155,922.636940953646,-514.1234778006889,-150.49796315295723,82.6126664904066,18.09704030068248,69.0189944385732,12.88396526074432,False,-0.7702905052005727,SOUTHERN_BRITTANY
183,2002-10-28,488.6684285714286,931.7797479316356,-379.2711061906304,-63.84021316957654,82.6126664904066,18.09704030068248,69.0189944385732,12.88396526074432,False,-0.7702905052005727,SOUTHERN_BRITTANY
184,2002-11-04,521.91225,938.8778657760846,-329.6670364596711,-87.29857931641351,82.6126664904066,18.09704030068248,69.0189944385732,12.88396526074432,False,-0.7702905052005727,SOUTHERN_BRITTANY
185,2002-11-12,1205.301375,943.9444434898962,15.752548153753366,245.6043833563504,82.6126664904066,18.09704030068248,69.0189944385732,12.88396526074432,False,-0.7702905052005727,SOUTHERN_BRITTANY
186,2002-11-20,1254.30025,947.0063426409492,47.98148656902502,259.31242079002584,82.6126664904066,18.09704030068248,69.0189944385732,12.88396526074432,False,-0.7702905052005727,SOUTHERN_BRITTANY
187,2002-11-28,1694.0114999999998,948.0947206349672,302.5021123073032,443.4146670577296,82.6126664904066,18.09704030068248,69.0189944385732,12.88396526074432,False,-0.7702905052005727,SOUTHERN_BRITTANY
188,2002-12-04,1694.0114999999998,947.2539851329954,572.1388884841634,174.61862638284106,82.6126664904066,18.09704030068248,69.0189944385732,12.88396526074432,False,-0.7702905052005727,SOUTHERN_BRITTANY
189,2002-12-12,1699.761125,944.5218702452996,579.9675959083727,175.27165884632757,82.6126664904066,18.09704030068248,69.0189944385732,12.88396526074432,False,-0.7702905052005727,SOUTHERN_BRITTANY
190,2002-12-20,1699.761125,939.9441057691424,499.601498340893,260.2155208899644,82.6126664904066,18.09704030068248,69.0189944385732,12.88396526074432,False,-0.7702905052005727,SOUTHERN_BRITTANY
191,2002-12-28,2054.3231428571426,933.5817501587798,657.4841107699845,463.25728192837823,82.6126664904066,18.09704030068248,69.0189944385732,12.88396526074432,False,-0.7702905052005727,SOUTHERN_BRITTANY
192,2003-01-04,2054.3231428571426,925.516926679783,706.4943038978009,422.3119122795586,82.6126664904066,18.09704030068248,69.0189944385732,12.88396526074432,False,-0.7702905052005727,SOUTHERN_BRITTANY
193,2003-01-12,1790.08875,915.8455771864024,804.2088428607369,70.03432995286073,82.6126664904066,18.09704030068248,69.0189944385732,12.88396526074432,False,-0.7702905052005727,SOUTHERN_BRITTANY
194,2003-01-20,1465.1615714285715,904.661064076398,1051.3913610255602,-490.8908536733867,82.6126664904066,18.09704030068248,69.0189944385732,12.88396526074432,False,-0.7702905052005727,SOUTHERN_BRITTANY
195,2003-01-28,1465.1615714285715,892.032819085538,1065.880496011367,-492.7517436683336,82.6126664904066,18.09704030068248,69.0189944385732,12.88396526074432,False,-0.7702905052005727,SOUTHERN_BRITTANY
196,2003-02-04,2444.978625,878.0221344051464,1186.323011522679,380.6334790721746,82.6126664904066,18.09704030068248,69.0189944385732,12.88396526074432,False,-0.7702905052005727,SOUTHERN_BRITTANY
197,2003-02-12,2444.978625,862.7262818449827,985.6529168904408,596.5994262645769,82.6126664904066,18.09704030068248,69.0189944385732,12.88396526074432,False,-0.7702905052005727,SOUTHERN_BRITTANY
198,2003-02-20,1266.15025,846.2888944800912,464.6094854409589,-44.74812992105018,82.6126664904066,18.09704030068248,69.0189944385732,12.88396526074432,False,-0.7702905052005727,SOUTHERN_BRITTANY
199,2003-02-28,1226.787625,828.8930415944001,484.67251488636987,-86.77793148077001,82.6126664904066,18.09704030068248,69.0189944385732,12.88396526074432,False,-0.7702905052005727,SOUTHERN_BRITTANY
200,2003-03-04,1105.29925,810.7606606294828,448.30042992095815,-153.76184055044092,82.6126664904066,18.09704030068248,69.0189944385732,12.88396526074432,False,-0.7702905052005727,SOUTHERN_BRITTANY
201,2003-03-12,1105.29925,792.1213889331377,364.15299102880994,-50.97512996194763,82.6126664904066,18.09704030068248,69.0189944385732,12.88396526074432,False,-0.7702905052005727,SOUTHERN_BRITTANY
202,2003-03-20,755.994375,773.199234074729,185.5439490955216,-202.74880817025064,82.6126664904066,18.09704030068248,69.0189944385732,12.88396526074432,False,-0.7702905052005727,SOUTHERN_BRITTANY
203,2003-03-28,591.6980000000001,754.2004584644915,17.854237008301375,-180.35669547279275,82.6126664904066,18.09704030068248,69.0189944385732,12.88396526074432,False,-0.7702905052005727,SOUTHERN_BRITTANY
204,2003-04-04,493.307,735.3304610649975,-85.14164181532696,-156.8818192496705,82.6126664904066,18.09704030068248,69.0189944385732,12.88396526074432,False,-0.7702905052005727,SOUTHERN_BRITTANY
205,2003-04-12,427.66625,716.7922983292958,-127.62717707037258,-161.49887125892326,82.6126664904066,18.09704030068248,69.0189944385732,12.88396526074432,False,-0.7702905052005727,SOUTHERN_BRITTANY
206,2003-04-20,360.30275,698.7862421171635,-186.4450908841287,-152.03840123303482,82.6126664904066,18.09704030068248,69.0189944385732,12.88396526074432,False,-0.7702905052005727,SOUTHERN_BRITTANY
207,2003-04-28,360.30275,681.5044298830093,-194.8001004664234,-126.40157941658586,82.6126664904066,18.09704030068248,69.0189944385732,12.88396526074432,False,-0.7702905052005727,SOUTHERN_BRITTANY
208,2003-05-04,544.7853749999999,665.1244269574794,-56.45374327405829,-63.885308683421165,82.6126664904066,18.09704030068248,69.0189944385732,12.88396526074432,False,-0.7702905052005727,SOUTHERN_BRITTANY
209,2003-05-12,544.7853749999999,649.799638467831,-46.27464888160716,-58.739614586223865,82.6126664904066,18.09704030068248,69.0189944385732,12.88396526074432,False,-0.7702905052005727,SOUTHERN_BRITTANY
210,2003-05-20,361.6565,635.6566912270947,-216.68436967518772,-57.31582155190696,82.6126664904066,18.09704030068248,69.0189944385732,12.88396526074432,False,-0.7702905052005727,SOUTHERN_BRITTANY
211,2003-05-28,322.1991428571429,622.8187555601093,-264.9065996111263,-35.71301309184008,82.6126664904066,18.09704030068248,69.0189944385732,12.88396526074432,False,-0.7702905052005727,SOUTHERN_BRITTANY
212,2003-06-04,314.741,611.4123382285393,-246.57139080996075,-50.09994741857855,82.6126664904066,18.09704030068248,69.0189944385732,12.88396526074432,False,-0.7702905052005727,SOUTHERN_BRITTANY
213,2003-06-12,266.928625,601.5547619672224,-291.04376309319804,-43.58237387402431,82.6126664904066,18.09704030068248,69.0189944385732,12.88396526074432,False,-0.7702905052005727,SOUTHERN_BRITTANY
214,2003-06-20,198.770875,593.3491740776816,-385.6997543070005,-8.878544770681117,82.6126664904066,18.09704030068248,69.0189944385732,12.88396526074432,False,-0.7702905052005727,SOUTHERN_BRITTANY
215,2003-06-28,198.770875,586.8776924990724,-406.2369057568272,18.130088257754775,82.6126664904066,18.09704030068248,69.0189944385732,12.88396526074432,False,-0.7702905052005727,SOUTHERN_BRITTANY
216,2003-07-04,181.95516666666663,582.1972341128433,-417.2492031084981,17.007135662321502,82.6126664904066,18.09704030068248,69.0189944385732,12.88396526074432,False,-0.7702905052005727,SOUTHERN_BRITTANY
217,2003-07-12,155.76737500000002,579.3412501967802,-432.72973286633646,9.155857669556326,82.6126664904066,18.09704030068248,69.0189944385732,12.88396526074432,False,-0.7702905052005727,SOUTHERN_BRITTANY
218,2003-07-20,148.17914285714284,578.3193540117005,-446.282594309508,16.142383154950323,82.6126664904066,18.09704030068248,69.0189944385732,12.88396526074432,False,-0.7702905052005727,SOUTHERN_BRITTANY
219,2003-07-28,144.632875,579.1170921618539,-471.4266416640917,36.94242450223789,82.6126664904066,18.09704030068248,69.0189944385732,12.88396526074432,False,-0.7702905052005727,SOUTHERN_BRITTANY
220,2003-08-04,132.299375,581.6980197598568,-484.3577625329718,34.95911777311494,82.6126664904066,18.09704030068248,69.0189944385732,12.88396526074432,False,-0.7702905052005727,SOUTHERN_BRITTANY
221,2003-08-12,116.086625,586.0045617540957,-470.50577582519225,0.5878390710965959,82.6126664904066,18.09704030068248,69.0189944385732,12.88396526074432,False,-0.7702905052005727,SOUTHERN_BRITTANY
222,2003-08-20,116.086625,591.9568020550705,-444.1871470645596,-31.68302999051093,82.6126664904066,18.09704030068248,69.0189944385732,12.88396526074432,False,-0.7702905052005727,SOUTHERN_BRITTANY
223,2003-08-28,121.27314285714286,599.4516010742209,-424.8528068236948,-53.32565139338328,82.6126664904066,18.09704030068248,69.0189944385732,12.88396526074432,False,-0.7702905052005727,SOUTHERN_BRITTANY
224,2003-09-04,131.7715,608.3644167022295,-431.4762700037062,-45.11664669852331,82.6126664904066,18.09704030068248,69.0189944385732,12.88396526074432,False,-0.7702905052005727,SOUTHERN_BRITTANY
225,2003-09-12,140.576875,618.5527704588349,-448.27633357948696,-29.699561879347925,82.6126664904066,18.09704030068248,69.0189944385732,12.88396526074432,False,-0.7702905052005727,SOUTHERN_BRITTANY
226,2003-09-20,140.576875,629.8584865584493,-454.8228878648393,-34.45872369361001,82.6126664904066,18.09704030068248,69.0189944385732,12.88396526074432,False,-0.7702905052005727,SOUTHERN_BRITTANY
227,2003-09-28,140.576875,642.1089287316014,-485.11456104731536,-16.41749268428606,82.6126664904066,18.09704030068248,69.0189944385732,12.88396526074432,False,-0.7702905052005727,SOUTHERN_BRITTANY
228,2003-10-04,149.520125,655.1197950231191,-496.4015238592417,-9.198146163877423,82.6126664904066,18.09704030068248,69.0189944385732,12.88396526074432,False,-0.7702905052005727,SOUTHERN_BRITTANY
229,2003-10-12,163.22475,668.6980749307223,-488.40906592075424,-17.06425900996811,82.6126664904066,18.09704030068248,69.0189944385732,12.88396526074432,False,-0.7702905052005727,SOUTHERN_BRITTANY
230,2003-10-20,167.382125,682.6462085008255,-481.8544518431894,-33.40963165763617,82.6126664904066,18.09704030068248,69.0189944385732,12.88396526074432,False,-0.7702905052005727,SOUTHERN_BRITTANY
231,2003-10-28,199.70357142857145,696.7667905702099,-420.0312393807724,-77.03197976086602,82.6126664904066,18.09704030068248,69.0189944385732,12.88396526074432,False,-0.7702905052005727,SOUTHERN_BRITTANY
232,2003-11-04,305.69025,710.869390216004,-253.7924643008279,-151.38667591517614,82.6126664904066,18.09704030068248,69.0189944385732,12.88396526074432,False,-0.7702905052005727,SOUTHERN_BRITTANY
233,2003-11-12,312.24775,724.7702152592684,-89.3007767888268,-323.2216884704416,82.6126664904066,18.09704030068248,69.0189944385732,12.88396526074432,False,-0.7702905052005727,SOUTHERN_BRITTANY
234,2003-11-20,312.24775,738.2977545574553,-147.50085777454558,-278.5491467829097,82.6126664904066,18.09704030068248,69.0189944385732,12.88396526074432,False,-0.7702905052005727,SOUTHERN_BRITTANY
235,2003-11-28,423.7169999999999,751.3060361713768,7.097332365982339,-334.6863685373593,82.6126664904066,18.09704030068248,69.0189944385732,12.88396526074432,False,-0.7702905052005727,SOUTHERN_BRITTANY
236,2003-12-04,1362.139125,763.6662711563583,453.9106281149269,144.56222572871474,82.6126664904066,18.09704030068248,69.0189944385732,12.88396526074432,False,-0.7702905052005727,SOUTHERN_BRITTANY
237,2003-12-12,1362.139125,775.2777038858088,471.3890598904752,115.4723612237159,82.6126664904066,18.09704030068248,69.0189944385732,12.88396526074432,False,-0.7702905052005727,SOUTHERN_BRITTANY
238,2003-12-20,1088.5474285714286,786.053825932953,351.8814629433431,-49.38786030486756,82.6126664904066,18.09704030068248,69.0189944385732,12.88396526074432,False,-0.7702905052005727,SOUTHERN_BRITTANY
239,2003-12-28,992.543,795.9250939285466,464.64385654576927,-268.0259504743159,82.6126664904066,18.09704030068248,69.0189944385732,12.88396526074432,False,-0.7702905052005727,SOUTHERN_BRITTANY
240,2004-01-04,1088.5474285714286,804.8323362587516,510.7987628840767,-227.0836705713998,82.6126664904066,18.09704030068248,69.0189944385732,12.88396526074432,False,-0.7702905052005727,SOUTHERN_BRITTANY
241,2004-01-12,1975.3305,812.7264908479898,860.4873409930876,302.1166681589227,82.6126664904066,18.09704030068248,69.0189944385732,12.88396526074432,False,-0.7702905052005727,SOUTHERN_BRITTANY
242,2004-01-20,3590.3827142857144,819.5664108751737,1585.88330645043,1184.932996960111,82.6126664904066,18.09704030068248,69.0189944385732,12.88396526074432,False,-0.7702905052005727,SOUTHERN_BRITTANY
243,2004-01-28,3590.3827142857144,825.3253162530503,1644.8768435764136,1120.1805544562503,82.6126664904066,18.09704030068248,69.0189944385732,12.88396526074432,False,-0.7702905052005727,SOUTHERN_BRITTANY
244,2004-02-04,2062.9915,829.9895875311895,1126.077499468391,106.92441300041992,82.6126664904066,18.09704030068248,69.0189944385732,12.88396526074432,False,-0.7702905052005727,SOUTHERN_BRITTANY
245,2004-02-12,1167.795625,833.566047016628,678.6409665215778,-344.41138853820576,82.6126664904066,18.09704030068248,69.0189944385732,12.88396526074432,False,-0.7702905052005727,SOUTHERN_BRITTANY
246,2004-02-20,1147.9658,836.0818690038058,366.6872259065703,-54.80329491037611,82.6126664904066,18.09704030068248,69.0189944385732,12.88396526074432,False,-0.7702905052005727,SOUTHERN_BRITTANY
247,2004-02-28,1038.341125,837.5600490730328,302.65096346341466,-101.86988753644756,82.6126664904066,18.09704030068248,69.0189944385732,12.88396526074432,False,-0.7702905052005727,SOUTHERN_BRITTANY
248,2004-03-04,1114.882875,838.0040423546577,259.4213924214726,17.457440223869696,82.6126664904066,18.09704030068248,69.0189944385732,12.88396526074432,False,-0.7702905052005727,SOUTHERN_BRITTANY
249,2004-03-12,1114.882875,837.425629720351,261.6878698519351,15.769375427713896,82.6126664904066,18.09704030068248,69.0189944385732,12.88396526074432,False,-0.7702905052005727,SOUTHERN_BRITTANY
250,2004-03-20,1114.882875,835.843704975995,179.30843140367242,99.73073862033256,82.6126664904066,18.09704030068248,69.0189944385732,12.88396526074432,False,-0.7702905052005727,SOUTHERN_BRITTANY
251,2004-03-28,945.8554285714288,833.2850684699248,98.55452139720414,14.015838704299725,82.6126664904066,18.09704030068248,69.0189944385732,12.88396526074432,False,-0.7702905052005727,SOUTHERN_BRITTANY
252,2004-04-04,848.023125,829.7739180882957,28.32636381579681,-10.077156904092424,82.6126664904066,18.09704030068248,69.0189944385732,12.88396526074432,False,-0.7702905052005727,SOUTHERN_BRITTANY
253,2004-04-12,844.103875,825.3374055502175,13.375178557273347,5.391290892509215,82.6126664904066,18.09704030068248,69.0189944385732,12.88396526074432,False,-0.7702905052005727,SOUTHERN_BRITTANY
254,2004-04-20,786.6906250000001,820.005232267125,100.50357309811358,-133.81818036523856,82.6126664904066,18.09704030068248,69.0189944385732,12.88396526074432,False,-0.7702905052005727,SOUTHERN_BRITTANY
255,2004-04-28,786.6906250000001,813.7974849736545,104.7055383150914,-131.8123982887458,82.6126664904066,18.09704030068248,69.0189944385732,12.88396526074432,False,-0.7702905052005727,SOUTHERN_BRITTANY
256,2004-05-04,955.995625,806.7275750615613,118.3378713455513,30.9301785928874,82.6126664904066,18.09704030068248,69.0189944385732,12.88396526074432,False,-0.7702905052005727,SOUTHERN_BRITTANY
257,2004-05-12,955.995625,798.8166622172243,36.31864492153087,120.8603178612448,82.6126664904066,18.09704030068248,69.0189944385732,12.88396526074432,False,-0.7702905052005727,SOUTHERN_BRITTANY
258,2004-05-20,560.20175,790.101437041415,-229.47413314365943,-0.4255538977556341,82.6126664904066,18.09704030068248,69.0189944385732,12.88396526074432,False,-0.7702905052005727,SOUTHERN_BRITTANY
259,2004-05-28,419.3227142857143,780.6299260122279,-310.97572779826726,-50.33148392824632,82.6126664904066,18.09704030068248,69.0189944385732,12.88396526074432,False,-0.7702905052005727,SOUTHERN_BRITTANY
260,2004-06-04,363.07175,770.4598399937321,-360.5633423421818,-46.8247476515503,82.6126664904066,18.09704030068248,69.0189944385732,12.88396526074432,False,-0.7702905052005727,SOUTHERN_BRITTANY
261,2004-06-12,270.816875,759.6590704292473,-420.019181182246,-68.82301424700137,82.6126664904066,18.09704030068248,69.0189944385732,12.88396526074432,False,-0.7702905052005727,SOUTHERN_BRITTANY
262,2004-06-20,221.92475,748.3040537437403,-451.44572115611567,-74.93358258762458,82.6126664904066,18.09704030068248,69.0189944385732,12.88396526074432,False,-0.7702905052005727,SOUTHERN_BRITTANY
263,2004-06-28,208.10416666666663,736.4796095045565,-452.9063800951968,-75.46906274269304,82.6126664904066,18.09704030068248,69.0189944385732,12.88396526074432,False,-0.7702905052005727,SOUTHERN_BRITTANY
264,2004-07-04,195.98775,724.2787965146638,-449.7753416756638,-78.51570483899997,82.6126664904066,18.09704030068248,69.0189944385732,12.88396526074432,False,-0.7702905052005727,SOUTHERN_BRITTANY
265,2004-07-12,195.386125,711.8005624466731,-443.6324397072235,-72.7819977394496,82.6126664904066,18.09704030068248,69.0189944385732,12.88396526074432,False,-0.7702905052005727,SOUTHERN_BRITTANY
266,2004-07-20,195.98775,699.1474373332752,-434.304587956754,-68.85509937652125,82.6126664904066,18.09704030068248,69.0189944385732,12.88396526074432,False,-0.7702905052005727,SOUTHERN_BRITTANY
267,2004-07-28,195.386125,686.4244263061776,-413.38882749805975,-77.64947380811782,82.6126664904066,18.09704030068248,69.0189944385732,12.88396526074432,False,-0.7702905052005727,SOUTHERN_BRITTANY
268,2004-08-04,208.2347142857143,673.7378284347501,-390.4111575423652,-75.09195660667064,82.6126664904066,18.09704030068248,69.0189944385732,12.88396526074432,False,-0.7702905052005727,SOUTHERN_BRITTANY
269,2004-08-12,294.457375,661.193315630951,-340.57655019358793,-26.15939043736313,82.6126664904066,18.09704030068248,69.0189944385732,12.88396526074432,False,-0.7702905052005727,SOUTHERN_BRITTANY
270,2004-08-20,391.247875,648.893755382103,-283.52629949198786,25.880419109884883,82.6126664904066,18.09704030068248,69.0189944385732,12.88396526074432,False,-0.7702905052005727,SOUTHERN_BRITTANY
271,2004-08-28,391.247875,636.9369980767669,-281.1866872606255,35.49756418385857,82.6126664904066,18.09704030068248,69.0189944385732,12.88396526074432,False,-0.7702905052005727,SOUTHERN_BRITTANY
272,2004-09-04,325.9185,625.4142503454954,-307.4132812733192,7.917530927823805,82.6126664904066,18.09704030068248,69.0189944385732,12.88396526074432,False,-0.7702905052005727,SOUTHERN_BRITTANY
273,2004-09-12,246.14775,614.4079029618682,-340.219358938626,-28.040794023242256,82.6126664904066,18.09704030068248,69.0189944385732,12.88396526074432,False,-0.7702905052005727,SOUTHERN_BRITTANY
274,2004-09-20,243.855375,603.9896450844786,-342.4682859046195,-17.66598417985915,82.6126664904066,18.09704030068248,69.0189944385732,12.88396526074432,False,-0.7702905052005727,SOUTHERN_BRITTANY
275,2004-09-28,204.63183333333333,594.2199002063778,-366.69275147179417,-22.895315401250286,82.6126664904066,18.09704030068248,69.0189944385732,12.88396526074432,False,-0.7702905052005727,SOUTHERN_BRITTANY
276,2004-10-04,204.63183333333333,585.1460056960033,-372.0609876716063,-8.453184691063598,82.6126664904066,18.09704030068248,69.0189944385732,12.88396526074432,False,-0.7702905052005727,SOUTHERN_BRITTANY
277,2004-10-12,249.878875,576.8029425340386,-352.96388686077404,26.039819326735422,82.6126664904066,18.09704030068248,69.0189944385732,12.88396526074432,False,-0.7702905052005727,SOUTHERN_BRITTANY
278,2004-10-20,300.737375,569.2117247226059,-332.05674117887986,63.58239145627391,82.6126664904066,18.09704030068248,69.0189944385732,12.88396526074432,False,-0.7702905052005727,SOUTHERN_BRITTANY
279,2004-10-28,306.8138571428572,562.3781562580925,-327.7510907042042,72.18679158896884,82.6126664904066,18.09704030068248,69.0189944385732,12.88396526074432,False,-0.7702905052005727,SOUTHERN_BRITTANY
280,2004-11-04,775.226625,556.2913839659667,-67.06868455763878,286.0039255916721,82.6126664904066,18.09704030068248,69.0189944385732,12.88396526074432,False,-0.7702905052005727,SOUTHERN_BRITTANY
281,2004-11-12,775.226625,550.9274992451329,-52.28313856424913,276.58226431911623,82.6126664904066,18.09704030068248,69.0189944385732,12.88396526074432,False,-0.7702905052005727,SOUTHERN_BRITTANY
282,2004-11-20,522.721875,546.2493317114597,-180.28425669243128,156.75679998097152,82.6126664904066,18.09704030068248,69.0189944385732,12.88396526074432,False,-0.7702905052005727,SOUTHERN_BRITTANY
283,2004-11-28,500.6735,542.2083537324755,-166.41901912214396,124.88416538966842,82.6126664904066,18.09704030068248,69.0189944385732,12.88396526074432,False,-0.7702905052005727,SOUTHERN_BRITTANY
284,2004-12-04,426.894,538.7592761867077,65.97807040214296,-177.84334658885064,82.6126664904066,18.09704030068248,69.0189944385732,12.88396526074432,False,-0.7702905052005727,SOUTHERN_BRITTANY
285,2004-12-12,500.6735,535.85991561843,100.2916299789144,-135.47804559734442,82.6126664904066,18.09704030068248,69.0189944385732,12.88396526074432,False,-0.7702905052005727,SOUTHERN_BRITTANY
286,2004-12-20,578.431375,533.479776520649,49.480751070655785,-4.529152591304793,82.6126664904066,18.09704030068248,69.0189944385732,12.88396526074432,False,-0.7702905052005727,SOUTHERN_BRITTANY
287,2004-12-28,875.938125,531.5831754943662,171.26567036709264,173.0892791385412,82.6126664904066,18.09704030068248,69.0189944385732,12.88396526074432,False,-0.7702905052005727,SOUTHERN_BRITTANY
288,2005-01-04,875.938125,530.1335811747035,244.77589750723092,101.02864631806554,82.6126664904066,18.09704030068248,69.0189944385732,12.88396526074432,False,-0.7702905052005727,SOUTHERN_BRITTANY
289,2005-01-12,771.0416250000001,529.0998550457092,410.9240020032368,-168.98223204894597,82.6126664904066,18.09704030068248,69.0189944385732,12.88396526074432,False,-0.7702905052005727,SOUTHERN_BRITTANY
290,2005-01-20,771.0416250000001,528.4702172821702,803.6733450598103,-561.1019373419805,82.6126664904066,18.09704030068248,69.0189944385732,12.88396526074432,False,-0.7702905052005727,SOUTHERN_BRITTANY
291,2005-01-28,1008.649875,528.2588827194197,914.4115673731148,-434.0205750925344,82.6126664904066,18.09704030068248,69.0189944385732,12.88396526074432,False,-0.7702905052005727,SOUTHERN_BRITTANY
292,2005-02-04,1008.649875,528.4906921176246,527.282005038819,-47.12282215644348,82.6126664904066,18.09704030068248,69.0189944385732,12.88396526074432,False,-0.7702905052005727,SOUTHERN_BRITTANY
293,2005-02-12,1008.649875,529.1594258872467,301.1180298677689,178.37241924498448,82.6126664904066,18.09704030068248,69.0189944385732,12.88396526074432,False,-0.7702905052005727,SOUTHERN_BRITTANY
294,2005-02-20,978.55675,530.2199447454848,467.9456925700591,-19.60888731554388,82.6126664904066,18.09704030068248,69.0189944385732,12.88396526074432,False,-0.7702905052005727,SOUTHERN_BRITTANY
295,2005-02-28,978.55675,531.6056850230277,474.8756854821383,-27.924620505166047,82.6126664904066,18.09704030068248,69.0189944385732,12.88396526074432,False,-0.7702905052005727,SOUTHERN_BRITTANY
296,2005-03-04,768.162375,533.2489669493671,450.9785528391287,-216.0651447884958,82.6126664904066,18.09704030068248,69.0189944385732,12.88396526074432,False,-0.7702905052005727,SOUTHERN_BRITTANY
297,2005-03-12,768.162375,535.0727761809053,449.115647122918,-216.0260483038233,82.6126664904066,18.09704030068248,69.0189944385732,12.88396526074432,False,-0.7702905052005727,SOUTHERN_BRITTANY
298,2005-03-20,776.769375,536.9979146456473,455.2190281638388,-215.4475678094861,82.6126664904066,18.09704030068248,69.0189944385732,12.88396526074432,False,-0.7702905052005727,SOUTHERN_BRITTANY
299,2005-03-28,943.83275,538.9340021547137,494.2547813500139,-89.35603350472752,82.6126664904066,18.09704030068248,69.0189944385732,12.88396526074432,False,-0.7702905052005727,SOUTHERN_BRITTANY
300,2005-04-04,943.83275,540.7851190274663,467.3623032204754,-64.31467224794164,82.6126664904066,18.09704030068248,69.0189944385732,12.88396526074432,False,-0.7702905052005727,SOUTHERN_BRITTANY
301,2005-04-12,943.83275,542.4506196409557,437.0896753783672,-35.70754501932282,82.6126664904066,18.09704030068248,69.0189944385732,12.88396526074432,False,-0.7702905052005727,SOUTHERN_BRITTANY
302,2005-04-20,1460.739125,543.8312186796894,580.201034805252,336.70687151505865,82.6126664904066,18.09704030068248,69.0189944385732,12.88396526074432,False,-0.7702905052005727,SOUTHERN_BRITTANY
303,2005-04-28,1460.739125,544.843369312664,481.8044915148352,434.09126417250087,82.6126664904066,18.09704030068248,69.0189944385732,12.88396526074432,False,-0.7702905052005727,SOUTHERN_BRITTANY
304,2005-05-04,975.606125,545.423536564493,233.6266773379776,196.5559110975294,82.6126664904066,18.09704030068248,69.0189944385732,12.88396526074432,False,-0.7702905052005727,SOUTHERN_BRITTANY
305,2005-05-12,627.313,545.5310348976357,62.715684098755546,19.06628100360878,82.6126664904066,18.09704030068248,69.0189944385732,12.88396526074432,False,-0.7702905052005727,SOUTHERN_BRITTANY
306,2005-05-20,508.334375,545.1444958017344,-93.06505826836931,56.25493746663497,82.6126664904066,18.09704030068248,69.0189944385732,12.88396526074432,False,-0.7702905052005727,SOUTHERN_BRITTANY
307,2005-05-28,463.4687142857143,544.254526498685,-169.26972003282663,88.48390781985594,82.6126664904066,18.09704030068248,69.0189944385732,12.88396526074432,False,-0.7702905052005727,SOUTHERN_BRITTANY
308,2005-06-04,329.778,542.8589942962213,-284.707260489269,71.62626619304768,82.6126664904066,18.09704030068248,69.0189944385732,12.88396526074432,False,-0.7702905052005727,SOUTHERN_BRITTANY
309,2005-06-12,260.595625,540.9664695198062,-359.4479316358243,79.0770871160181,82.6126664904066,18.09704030068248,69.0189944385732,12.88396526074432,False,-0.7702905052005727,SOUTHERN_BRITTANY
310,2005-06-20,240.82575,538.5974005823912,-384.1312818743445,86.35963129195329,82.6126664904066,18.09704030068248,69.0189944385732,12.88396526074432,False,-0.7702905052005727,SOUTHERN_BRITTANY
311,2005-06-28,206.193875,535.7818227374277,-400.8866187633203,71.29867102589265,82.6126664904066,18.09704030068248,69.0189944385732,12.88396526074432,False,-0.7702905052005727,SOUTHERN_BRITTANY
312,2005-07-04,205.415,532.5577812512958,-398.620968788243,71.47818753694719,82.6126664904066,18.09704030068248,69.0189944385732,12.88396526074432,False,-0.7702905052005727,SOUTHERN_BRITTANY
313,2005-07-12,197.326375,528.9694690120765,-397.0527178232871,65.40962381121057,82.6126664904066,18.09704030068248,69.0189944385732,12.88396526074432,False,-0.7702905052005727,SOUTHERN_BRITTANY
314,2005-07-20,160.5055,525.0648991266818,-412.7338026217431,48.17440349506131,82.6126664904066,18.09704030068248,69.0189944385732,12.88396526074432,False,-0.7702905052005727,SOUTHERN_BRITTANY
315,2005-07-28,157.951,520.8957787106423,-397.8056312228939,34.860852512251654,82.6126664904066,18.09704030068248,69.0189944385732,12.88396526074432,False,-0.7702905052005727,SOUTHERN_BRITTANY
316,2005-08-04,154.628,516.5165532350032,-382.0663110345006,20.17775779949733,82.6126664904066,18.09704030068248,69.0189944385732,12.88396526074432,False,-0.7702905052005727,SOUTHERN_BRITTANY
317,2005-08-12,132.197,511.9824369298541,-365.13843600106094,-14.647000928793148,82.6126664904066,18.09704030068248,69.0189944385732,12.88396526074432,False,-0.7702905052005727,SOUTHERN_BRITTANY
318,2005-08-20,132.197,507.3500677511937,-337.54164194983053,-37.61142580136311,82.6126664904066,18.09704030068248,69.0189944385732,12.88396526074432,False,-0.7702905052005727,SOUTHERN_BRITTANY
319,2005-08-28,126.50825,502.6787826434073,-338.56489778296856,-37.605634860438784,82.6126664904066,18.09704030068248,69.0189944385732,12.88396526074432,False,-0.7702905052005727,SOUTHERN_BRITTANY
320,2005-09-04,137.6537142857143,498.0293509868408,-354.5372636900918,-5.838373011034719,82.6126664904066,18.09704030068248,69.0189944385732,12.88396526074432,False,-0.7702905052005727,SOUTHERN_BRITTANY
321,2005-09-12,155.824125,493.46187607770565,-371.3552328521858,33.71748177448018,82.6126664904066,18.09704030068248,69.0189944385732,12.88396526074432,False,-0.7702905052005727,SOUTHERN_BRITTANY
322,2005-09-20,155.824125,489.03346449981774,-354.9418304246916,21.7324909248739,82.6126664904066,18.09704030068248,69.0189944385732,12.88396526074432,False,-0.7702905052005727,SOUTHERN_BRITTANY
323,2005-09-28,152.74066666666667,484.7977987601268,-363.89866693283983,31.84153483937968,82.6126664904066,18.09704030068248,69.0189944385732,12.88396526074432,False,-0.7702905052005727,SOUTHERN_BRITTANY
324,2005-10-04,146.757,480.8074864726996,-331.20735318397703,-2.8431332887225835,82.6126664904066,18.09704030068248,69.0189944385732,12.88396526074432,False,-0.7702905052005727,SOUTHERN_BRITTANY
325,2005-10-12,146.757,477.1133136301207,-321.5436328600059,-8.812680770114753,82.6126664904066,18.09704030068248,69.0189944385732,12.88396526074432,False,-0.7702905052005727,SOUTHERN_BRITTANY
326,2005-10-20,156.097625,473.7665028248418,-302.3105341944424,-15.358343630399418,82.6126664904066,18.09704030068248,69.0189944385732,12.88396526074432,False,-0.7702905052005727,SOUTHERN_BRITTANY
327,2005-10-28,160.415,470.8193540510177,-314.68442670857354,4.280072657555877,82.6126664904066,18.09704030068248,69.0189944385732,12.88396526074432,False,-0.7702905052005727,SOUTHERN_BRITTANY
328,2005-11-04,178.393125,468.3266043968159,-194.5915082582961,-95.34197113851982,82.6126664904066,18.09704030068248,69.0189944385732,12.88396526074432,False,-0.7702905052005727,SOUTHERN_BRITTANY
329,2005-11-12,235.80075,466.3450143422705,-161.03311813153127,-69.51114621073921,82.6126664904066,18.09704030068248,69.0189944385732,12.88396526074432,False,-0.7702905052005727,SOUTHERN_BRITTANY
330,2005-11-20,235.80075,464.9329742676364,-208.33296723788905,-20.799257029747334,82.6126664904066,18.09704030068248,69.0189944385732,12.88396526074432,False,-0.7702905052005727,SOUTHERN_BRITTANY
331,2005-11-28,237.092875,464.138692180647,-89.44159877736394,-137.60421840328308,82.6126664904066,18.09704030068248,69.0189944385732,12.88396526074432,False,-0.7702905052005727,SOUTHERN_BRITTANY
332,2005-12-04,388.015,463.9888299233328,1.862914095928815,-77.83674401926162,82.6126664904066,18.09704030068248,69.0189944385732,12.88396526074432,False,-0.7702905052005727,SOUTHERN_BRITTANY
333,2005-12-12,388.015,464.4921668221152,18.290448611927943,-94.76761543404312,82.6126664904066,18.09704030068248,69.0189944385732,12.88396526074432,False,-0.7702905052005727,SOUTHERN_BRITTANY
334,2005-12-20,314.07875,465.6413491776086,-70.6390830140613,-80.92351616354736,82.6126664904066,18.09704030068248,69.0189944385732,12.88396526074432,False,-0.7702905052005727,SOUTHERN_BRITTANY
335,2005-12-28,314.07875,467.429188743958,0.3872807580767497,-153.73771950203476,82.6126664904066,18.09704030068248,69.0189944385732,12.88396526074432,False,-0.7702905052005727,SOUTHERN_BRITTANY
336,2006-01-04,524.083,469.8466361360156,153.70575681706256,-99.46939295307814,82.6126664904066,18.09704030068248,69.0189944385732,12.88396526074432,False,-0.7702905052005727,SOUTHERN_BRITTANY
337,2006-01-12,524.083,472.8749901547241,138.93645885742785,-87.728449012152,82.6126664904066,18.09704030068248,69.0189944385732,12.88396526074432,False,-0.7702905052005727,SOUTHERN_BRITTANY
338,2006-01-20,491.739375,476.48287254940345,122.07237538723088,-106.81587293663436,82.6126664904066,18.09704030068248,69.0189944385732,12.88396526074432,False,-0.7702905052005727,SOUTHERN_BRITTANY
339,2006-01-28,470.2732857142857,480.6229871411547,164.81856064391684,-175.16826207078583,82.6126664904066,18.09704030068248,69.0189944385732,12.88396526074432,False,-0.7702905052005727,SOUTHERN_BRITTANY
340,2006-02-04,459.735,485.23679506743,203.8524218022708,-229.3542168697008,82.6126664904066,18.09704030068248,69.0189944385732,12.88396526074432,False,-0.7702905052005727,SOUTHERN_BRITTANY
341,2006-02-12,459.735,490.2682296450967,340.0624560336464,-370.5956856787431,82.6126664904066,18.09704030068248,69.0189944385732,12.88396526074432,False,-0.7702905052005727,SOUTHERN_BRITTANY
342,2006-02-20,1214.4755,495.6571731401545,707.8225197195792,10.995807140266264,82.6126664904066,18.09704030068248,69.0189944385732,12.88396526074432,False,-0.7702905052005727,SOUTHERN_BRITTANY
343,2006-02-28,1358.0635,501.3355069459668,778.562933907179,78.16505914685422,82.6126664904066,18.09704030068248,69.0189944385732,12.88396526074432,False,-0.7702905052005727,SOUTHERN_BRITTANY
344,2006-03-04,1613.19825,507.2205187050222,957.9562523555652,148.02147893941242,82.6126664904066,18.09704030068248,69.0189944385732,12.88396526074432,False,-0.7702905052005727,SOUTHERN_BRITTANY
345,2006-03-12,1613.19825,513.2191362741213,955.722460249071,144.25665347680751,82.6126664904066,18.09704030068248,69.0189944385732,12.88396526074432,False,-0.7702905052005727,SOUTHERN_BRITTANY
346,2006-03-20,1628.8962857142856,519.2347194852363,726.4693091635257,383.19225706552345,82.6126664904066,18.09704030068248,69.0189944385732,12.88396526074432,False,-0.7702905052005727,SOUTHERN_BRITTANY
347,2006-03-28,1628.8962857142856,525.1991802894413,714.9348232803837,388.7622821444605,82.6126664904066,18.09704030068248,69.0189944385732,12.88396526074432,False,-0.7702905052005727,SOUTHERN_BRITTANY
348,2006-04-04,1628.8962857142856,531.0747646181902,709.4394535386176,388.3820675574776,82.6126664904066,18.09704030068248,69.0189944385732,12.88396526074432,False,-0.7702905052005727,SOUTHERN_BRITTANY
349,2006-04-12,1520.92225,536.8529470358853,575.7544593479379,408.31484361617686,82.6126664904066,18.09704030068248,69.0189944385732,12.88396526074432,False,-0.7702905052005727,SOUTHERN_BRITTANY
350,2006-04-20,1123.621625,542.5519493876236,463.17497828259206,117.89469732978432,82.6126664904066,18.09704030068248,69.0189944385732,12.88396526074432,False,-0.7702905052005727,SOUTHERN_BRITTANY
351,2006-04-28,733.4453333333335,548.2145450391864,236.9799066151901,-51.749118321043056,82.6126664904066,18.09704030068248,69.0189944385732,12.88396526074432,False,-0.7702905052005727,SOUTHERN_BRITTANY
352,2006-05-04,536.018125,553.9026389725979,16.492977347433566,-34.37749132003137,82.6126664904066,18.09704030068248,69.0189944385732,12.88396526074432,False,-0.7702905052005727,SOUTHERN_BRITTANY
353,2006-05-12,536.018125,559.6732547964948,-67.25054924937518,43.59541945288044,82.6126664904066,18.09704030068248,69.0189944385732,12.88396526074432,False,-0.7702905052005727,SOUTHERN_BRITTANY
354,2006-05-20,536.018125,565.5644645539479,-71.73044485565282,42.18410530170496,82.6126664904066,18.09704030068248,69.0189944385732,12.88396526074432,False,-0.7702905052005727,SOUTHERN_BRITTANY
355,2006-05-28,457.2945714285714,571.6002830398119,-109.99288644025994,-4.312825170980503,82.6126664904066,18.09704030068248,69.0189944385732,12.88396526074432,False,-0.7702905052005727,SOUTHERN_BRITTANY
356,2006-06-04,311.70475,577.801033831585,-213.7897895374452,-52.30649429413978,82.6126664904066,18.09704030068248,69.0189944385732,12.88396526074432,False,-0.7702905052005727,SOUTHERN_BRITTANY
357,2006-06-12,228.027375,584.1811747310488,-254.00503207387573,-102.1487676571731,82.6126664904066,18.09704030068248,69.0189944385732,12.88396526074432,False,-0.7702905052005727,SOUTHERN_BRITTANY
358,2006-06-20,199.0293333333333,590.7458590845574,-273.486551058809,-118.22997469241513,82.6126664904066,18.09704030068248,69.0189944385732,12.88396526074432,False,-0.7702905052005727,SOUTHERN_BRITTANY
359,2006-06-28,191.83825,597.4886710727251,-287.669794693744,-117.98062637898109,82.6126664904066,18.09704030068248,69.0189944385732,12.88396526074432,False,-0.7702905052005727,SOUTHERN_BRITTANY
360,2006-07-04,191.83825,604.390231283718,-299.9924667217762,-112.55951456194174,82.6126664904066,18.09704030068248,69.0189944385732,12.88396526074432,False,-0.7702905052005727,SOUTHERN_BRITTANY
361,2006-07-12,187.383375,611.4215108324606,-337.2851714984061,-86.75296433405452,82.6126664904066,18.09704030068248,69.0189944385732,12.88396526074432,False,-0.7702905052005727,SOUTHERN_BRITTANY
362,2006-07-20,145.157125,618.5479416643939,-371.4271763267755,-101.96364033761836,82.6126664904066,18.09704030068248,69.0189944385732,12.88396526074432,False,-0.7702905052005727,SOUTHERN_BRITTANY
363,2006-07-28,137.8575,625.7290217764099,-386.84507656252777,-101.0264452138822,82.6126664904066,18.09704030068248,69.0189944385732,12.88396526074432,False,-0.7702905052005727,SOUTHERN_BRITTANY
364,2006-08-04,136.65914285714285,632.9197339128293,-435.3255970743489,-60.934993981337584,82.6126664904066,18.09704030068248,69.0189944385732,12.88396526074432,False,-0.7702905052005727,SOUTHERN_BRITTANY
365,2006-08-12,137.8575,640.0757899262335,-444.771781626777,-57.446508299456525,82.6126664904066,18.09704030068248,69.0189944385732,12.88396526074432,False,-0.7702905052005727,SOUTHERN_BRITTANY
366,2006-08-20,149.846,647.1545482278322,-421.54143327478266,-75.76711495304949,82.6126664904066,18.09704030068248,69.0189944385732,12.88396526074432,False,-0.7702905052005727,SOUTHERN_BRITTANY
367,2006-08-28,166.78500000000005,654.1147759256411,-401.1272218159229,-86.20255410971816,82.6126664904066,18.09704030068248,69.0189944385732,12.88396526074432,False,-0.7702905052005727,SOUTHERN_BRITTANY
368,2006-09-04,167.0995,660.9184302523004,-398.37203875503457,-95.44689149726575,82.6126664904066,18.09704030068248,69.0189944385732,12.88396526074432,False,-0.7702905052005727,SOUTHERN_BRITTANY
369,2006-09-12,173.3665,667.533193819163,-433.9972319459189,-60.16946187324408,82.6126664904066,18.09704030068248,69.0189944385732,12.88396526074432,False,-0.7702905052005727,SOUTHERN_BRITTANY
370,2006-09-20,262.159625,673.936754416806,-395.0051528396317,-16.771976577174314,82.6126664904066,18.09704030068248,69.0189944385732,12.88396526074432,False,-0.7702905052005727,SOUTHERN_BRITTANY
371,2006-09-28,281.30216666666666,680.1161069457818,-385.1670049217609,-13.64693535735421,82.6126664904066,18.09704030068248,69.0189944385732,12.88396526074432,False,-0.7702905052005727,SOUTHERN_BRITTANY
372,2006-10-04,433.16,686.0639939245073,-284.1094218486217,31.205427924114417,82.6126664904066,18.09704030068248,69.0189944385732,12.88396526074432,False,-0.7702905052005727,SOUTHERN_BRITTANY
373,2006-10-12,433.16,691.7771815552169,-282.0089967134227,23.39181515820576,82.6126664904066,18.09704030068248,69.0189944385732,12.88396526074432,False,-0.7702905052005727,SOUTHERN_BRITTANY
374,2006-10-20,433.16,697.2543168519721,-297.1168498959418,33.022533043969645,82.6126664904066,18.09704030068248,69.0189944385732,12.88396526074432,False,-0.7702905052005727,SOUTHERN_BRITTANY
375,2006-10-28,346.62225,702.4969439019388,-345.62734294135726,-10.24735096058157,82.6126664904066,18.09704030068248,69.0189944385732,12.88396526074432,False,-0.7702905052005727,SOUTHERN_BRITTANY
376,2006-11-04,297.23425,707.5086371274136,-370.7109971526869,-39.56338997472676,82.6126664904066,18.09704030068248,69.0189944385732,12.88396526074432,False,-0.7702905052005727,SOUTHERN_BRITTANY
377,2006-11-12,297.23425,712.2967443631629,-357.18109309120433,-57.88140127195862,82.6126664904066,18.09704030068248,69.0189944385732,12.88396526074432,False,-0.7702905052005727,SOUTHERN_BRITTANY
378,2006-11-20,352.301875,716.8676021347234,-316.7691915565333,-47.79653557819006,82.6126664904066,18.09704030068248,69.0189944385732,12.88396526074432,False,-0.7702905052005727,SOUTHERN_BRITTANY
379,2006-11-28,848.2918333333333,721.2269430422738,-37.15985135978848,164.22474165084805,82.6126664904066,18.09704030068248,69.0189944385732,12.88396526074432,False,-0.7702905052005727,SOUTHERN_BRITTANY
380,2006-12-04,989.934875,725.3789211474627,106.30865584692422,158.24729800561295,82.6126664904066,18.09704030068248,69.0189944385732,12.88396526074432,False,-0.7702905052005727,SOUTHERN_BRITTANY
381,2006-12-12,989.934875,729.3216128551622,152.42211407943176,108.19114806540593,82.6126664904066,18.09704030068248,69.0189944385732,12.88396526074432,False,-0.7702905052005727,SOUTHERN_BRITTANY
382,2006-12-20,715.776875,733.0473293139519,-11.482782726175923,-5.787671587775936,82.6126664904066,18.09704030068248,69.0189944385732,12.88396526074432,False,-0.7702905052005727,SOUTHERN_BRITTANY
383,2006-12-28,715.776875,736.5378901813141,-31.676652174253803,10.91563699293974,82.6126664904066,18.09704030068248,69.0189944385732,12.88396526074432,False,-0.7702905052005727,SOUTHERN_BRITTANY
384,2007-01-04,923.41325,739.7662407137092,118.85496119564128,64.79204809064962,82.6126664904066,18.09704030068248,69.0189944385732,12.88396526074432,False,-0.7702905052005727,SOUTHERN_BRITTANY
385,2007-01-12,982.851625,742.6968244621683,362.9496546416031,-122.79485410377129,82.6126664904066,18.09704030068248,69.0189944385732,12.88396526074432,False,-0.7702905052005727,SOUTHERN_BRITTANY
386,2007-01-20,993.19675,745.2758685496773,355.49191363895915,-107.57103218863637,82.6126664904066,18.09704030068248,69.0189944385732,12.88396526074432,False,-0.7702905052005727,SOUTHERN_BRITTANY
387,2007-01-28,982.851625,747.4377307480623,244.21664342913687,-8.802749177199246,82.6126664904066,18.09704030068248,69.0189944385732,12.88396526074432,False,-0.7702905052005727,SOUTHERN_BRITTANY
388,2007-02-04,1171.506857142857,749.1207047855598,261.6089613756069,160.77719098169018,82.6126664904066,18.09704030068248,69.0189944385732,12.88396526074432,False,-0.7702905052005727,SOUTHERN_BRITTANY
389,2007-02-12,1725.378875,750.2772246074936,535.7502607852423,439.351389607264,82.6126664904066,18.09704030068248,69.0189944385732,12.88396526074432,False,-0.7702905052005727,SOUTHERN_BRITTANY
390,2007-02-20,1725.378875,750.880332753128,634.2025238302183,340.2960184166536,82.6126664904066,18.09704030068248,69.0189944385732,12.88396526074432,False,-0.7702905052005727,SOUTHERN_BRITTANY
391,2007-02-28,1730.08,750.9294865246798,647.585046210024,331.5654672652962,82.6126664904066,18.09704030068248,69.0189944385732,12.88396526074432,False,-0.7702905052005727,SOUTHERN_BRITTANY
392,2007-03-04,2157.69125,750.4581119649206,922.0624659831988,485.1706720518804,82.6126664904066,18.09704030068248,69.0189944385732,12.88396526074432,False,-0.7702905052005727,SOUTHERN_BRITTANY
393,2007-03-12,2157.69125,749.5224425103935,987.5090168855636,420.659790604043,82.6126664904066,18.09704030068248,69.0189944385732,12.88396526074432,False,-0.7702905052005727,SOUTHERN_BRITTANY
394,2007-03-20,1208.67175,748.1907118560134,623.2363136674726,-162.75527552348603,82.6126664904066,18.09704030068248,69.0189944385732,12.88396526074432,False,-0.7702905052005727,SOUTHERN_BRITTANY
395,2007-03-28,1004.0551428571428,746.5231426618379,519.7504899911477,-262.21848979584274,82.6126664904066,18.09704030068248,69.0189944385732,12.88396526074432,False,-0.7702905052005727,SOUTHERN_BRITTANY
396,2007-04-04,993.072125,744.5752688620972,528.8471857213507,-280.3503295834479,82.6126664904066,18.09704030068248,69.0189944385732,12.88396526074432,False,-0.7702905052005727,SOUTHERN_BRITTANY
397,2007-04-12,686.54825,742.3904312283194,347.93150011536875,-403.77368134368805,82.6126664904066,18.09704030068248,69.0189944385732,12.88396526074432,False,-0.7702905052005727,SOUTHERN_BRITTANY
398,2007-04-20,523.336625,739.9980499205251,240.4783024693234,-457.1397273898485,82.6126664904066,18.09704030068248,69.0189944385732,12.88396526074432,False,-0.7702905052005727,SOUTHERN_BRITTANY
399,2007-04-28,404.649875,737.4079048159294,82.81458837969086,-415.5726181956203,82.6126664904066,18.09704030068248,69.0189944385732,12.88396526074432,False,-0.7702905052005727,SOUTHERN_BRITTANY
400,2007-05-04,400.5336666666667,734.6106343642242,-51.40401676011199,-282.67295093744553,82.6126664904066,18.09704030068248,69.0189944385732,12.88396526074432,False,-0.7702905052005727,SOUTHERN_BRITTANY
401,2007-05-12,404.649875,731.5960757592003,-177.5709032986974,-149.37529746050288,82.6126664904066,18.09704030068248,69.0189944385732,12.88396526074432,False,-0.7702905052005727,SOUTHERN_BRITTANY
402,2007-05-20,499.1285,728.3692841162238,-133.68919646509195,-95.55158765113175,82.6126664904066,18.09704030068248,69.0189944385732,12.88396526074432,False,-0.7702905052005727,SOUTHERN_BRITTANY
403,2007-05-28,551.9677142857144,724.9487955807033,0.0628956406580666,-173.043976935647,82.6126664904066,18.09704030068248,69.0189944385732,12.88396526074432,False,-0.7702905052005727,SOUTHERN_BRITTANY
404,2007-06-04,574.089875,721.3508561925046,-4.786258310557244,-142.47472288194734,82.6126664904066,18.09704030068248,69.0189944385732,12.88396526074432,False,-0.7702905052005727,SOUTHERN_BRITTANY
405,2007-06-12,665.8172500000001,717.5884550539556,17.733050728914755,-69.5042557828703,82.6126664904066,18.09704030068248,69.0189944385732,12.88396526074432,False,-0.7702905052005727,SOUTHERN_BRITTANY
406,2007-06-20,680.0933333333334,713.6737878399077,-83.63743260451112,50.05697809793675,82.6126664904066,18.09704030068248,69.0189944385732,12.88396526074432,False,-0.7702905052005727,SOUTHERN_BRITTANY
407,2007-06-28,680.0933333333334,709.6275417067667,-183.858001635175,154.32379326174168,82.6126664904066,18.09704030068248,69.0189944385732,12.88396526074432,False,-0.7702905052005727,SOUTHERN_BRITTANY
408,2007-07-04,635.506125,705.484859293846,-213.51992437913404,143.5411900852881,82.6126664904066,18.09704030068248,69.0189944385732,12.88396526074432,False,-0.7702905052005727,SOUTHERN_BRITTANY
409,2007-07-12,518.02725,701.2922524876941,-298.97222994087457,115.70722745318044,82.6126664904066,18.09704030068248,69.0189944385732,12.88396526074432,False,-0.7702905052005727,SOUTHERN_BRITTANY
410,2007-07-20,528.7041428571429,697.1055464077566,-345.16588776172966,176.76448421111593,82.6126664904066,18.09704030068248,69.0189944385732,12.88396526074432,False,-0.7702905052005727,SOUTHERN_BRITTANY
411,2007-07-28,504.2245,692.98980639325,-389.7479760407132,200.9826696474632,82.6126664904066,18.09704030068248,69.0189944385732,12.88396526074432,False,-0.7702905052005727,SOUTHERN_BRITTANY
412,2007-08-04,328.826,689.0164791760111,-483.94978335417335,123.75930417816228,82.6126664904066,18.09704030068248,69.0189944385732,12.88396526074432,False,-0.7702905052005727,SOUTHERN_BRITTANY
413,2007-08-12,328.826,685.2586771495496,-485.72717401937774,129.29449686982815,82.6126664904066,18.09704030068248,69.0189944385732,12.88396526074432,False,-0.7702905052005727,SOUTHERN_BRITTANY
414,2007-08-20,410.18975,681.7889879815435,-438.2334432482139,166.6342052666704,82.6126664904066,18.09704030068248,69.0189944385732,12.88396526074432,False,-0.7702905052005727,SOUTHERN_BRITTANY
415,2007-08-28,462.645375,678.6764730706631,-399.1523833562269,183.12128528556377,82.6126664904066,18.09704030068248,69.0189944385732,12.88396526074432,False,-0.7702905052005727,SOUTHERN_BRITTANY
416,2007-09-04,462.645375,675.9850089542648,-385.1692462743309,171.82961232006608,82.6126664904066,18.09704030068248,69.0189944385732,12.88396526074432,False,-0.7702905052005727,SOUTHERN_BRITTANY
417,2007-09-12,297.172,673.7725098371394,-451.4761410217232,74.87563118458377,82.6126664904066,18.09704030068248,69.0189944385732,12.88396526074432,False,-0.7702905052005727,SOUTHERN_BRITTANY
418,2007-09-20,280.67383333333333,672.08908850749,-427.9429723062572,36.52771713210046,82.6126664904066,18.09704030068248,69.0189944385732,12.88396526074432,False,-0.7702905052005727,SOUTHERN_BRITTANY
419,2007-09-28,280.67383333333333,670.9778077081127,-431.36556074640407,41.06158637162474,82.6126664904066,18.09704030068248,69.0189944385732,12.88396526074432,False,-0.7702905052005727,SOUTHERN_BRITTANY
420,2007-10-04,379.96725,670.4748754689895,-338.3899511914305,47.88232572244101,82.6126664904066,18.09704030068248,69.0189944385732,12.88396526074432,False,-0.7702905052005727,SOUTHERN_BRITTANY
421,2007-10-12,379.96725,670.6086139595016,-331.4116511439399,40.7702871844383,82.6126664904066,18.09704030068248,69.0189944385732,12.88396526074432,False,-0.7702905052005727,SOUTHERN_BRITTANY
422,2007-10-20,300.25775,671.3989161157064,-366.398078213284,-4.743087902422417,82.6126664904066,18.09704030068248,69.0189944385732,12.88396526074432,False,-0.7702905052005727,SOUTHERN_BRITTANY
423,2007-10-28,268.4508571428572,672.8543110922535,-365.4759795096844,-38.927474439712,82.6126664904066,18.09704030068248,69.0189944385732,12.88396526074432,False,-0.7702905052005727,SOUTHERN_BRITTANY
424,2007-11-04,249.4475,674.9693810141034,-269.7385500917849,-155.78333092231856,82.6126664904066,18.09704030068248,69.0189944385732,12.88396526074432,False,-0.7702905052005727,SOUTHERN_BRITTANY
425,2007-11-12,249.4475,677.7177151121894,-273.19865531193363,-155.07155980025573,82.6126664904066,18.09704030068248,69.0189944385732,12.88396526074432,False,-0.7702905052005727,SOUTHERN_BRITTANY
426,2007-11-20,305.536125,681.0584514101558,-240.0565767521147,-135.46574965804118,82.6126664904066,18.09704030068248,69.0189944385732,12.88396526074432,False,-0.7702905052005727,SOUTHERN_BRITTANY
427,2007-11-28,445.3291666666667,684.9430977439933,-48.72272270992686,-190.89120836739977,82.6126664904066,18.09704030068248,69.0189944385732,12.88396526074432,False,-0.7702905052005727,SOUTHERN_BRITTANY
428,2007-12-04,611.50275,689.3224888440585,118.23131123422546,-196.051050078284,82.6126664904066,18.09704030068248,69.0189944385732,12.88396526074432,False,-0.7702905052005727,SOUTHERN_BRITTANY
429,2007-12-12,829.64325,694.1491746200913,254.0934027597182,-118.59932737980958,82.6126664904066,18.09704030068248,69.0189944385732,12.88396526074432,False,-0.7702905052005727,SOUTHERN_BRITTANY
430,2007-12-20,829.64325,699.3707696568291,182.1454212028437,-51.87294085967281,82.6126664904066,18.09704030068248,69.0189944385732,12.88396526074432,False,-0.7702905052005727,SOUTHERN_BRITTANY
431,2007-12-28,775.81225,704.9312326613546,124.30762144240384,-53.42660410375844,82.6126664904066,18.09704030068248,69.0189944385732,12.88396526074432,False,-0.7702905052005727,SOUTHERN_BRITTANY
432,2008-01-04,775.81225,710.7782381779039,115.4407969179072,-50.4067850958111,82.6126664904066,18.09704030068248,69.0189944385732,12.88396526074432,False,-0.7702905052005727,SOUTHERN_BRITTANY
433,2008-01-12,1653.992,716.8713936680534,568.9377085105855,368.18289782136105,82.6126664904066,18.09704030068248,69.0189944385732,12.88396526074432,False,-0.7702905052005727,SOUTHERN_BRITTANY
434,2008-01-20,1653.992,723.18932658136,601.5614495276358,329.2412238910042,82.6126664904066,18.09704030068248,69.0189944385732,12.88396526074432,False,-0.7702905052005727,SOUTHERN_BRITTANY
435,2008-01-28,1267.420375,729.7195117985253,514.5791808165518,23.12168238492302,82.6126664904066,18.09704030068248,69.0189944385732,12.88396526074432,False,-0.7702905052005727,SOUTHERN_BRITTANY
436,2008-02-04,983.349625,736.453500943996,450.2799034745626,-203.38377941855856,82.6126664904066,18.09704030068248,69.0189944385732,12.88396526074432,False,-0.7702905052005727,SOUTHERN_BRITTANY
437,2008-02-12,983.349625,743.385945115927,557.2486383033834,-317.2849584193103,82.6126664904066,18.09704030068248,69.0189944385732,12.88396526074432,False,-0.7702905052005727,SOUTHERN_BRITTANY
438,2008-02-20,634.13725,750.5181357943591,303.285031125387,-419.66591691974605,82.6126664904066,18.09704030068248,69.0189944385732,12.88396526074432,False,-0.7702905052005727,SOUTHERN_BRITTANY
439,2008-02-28,547.126,757.8567993249321,218.6143486182438,-429.345147943176,82.6126664904066,18.09704030068248,69.0189944385732,12.88396526074432,False,-0.7702905052005727,SOUTHERN_BRITTANY
440,2008-03-04,547.126,765.4058368577128,313.5428437964049,-531.8226806541177,82.6126664904066,18.09704030068248,69.0189944385732,12.88396526074432,False,-0.7702905052005727,SOUTHERN_BRITTANY
441,2008-03-12,819.065625,773.1645359545445,415.6056133406558,-369.7045242952003,82.6126664904066,18.09704030068248,69.0189944385732,12.88396526074432,False,-0.7702905052005727,SOUTHERN_BRITTANY
442,2008-03-20,1251.1525,781.1205491491563,360.1258778959556,109.90607295488796,82.6126664904066,18.09704030068248,69.0189944385732,12.88396526074432,False,-0.7702905052005727,SOUTHERN_BRITTANY
443,2008-03-28,1251.1525,789.2403135942701,295.1913592036701,166.7208272020597,82.6126664904066,18.09704030068248,69.0189944385732,12.88396526074432,False,-0.7702905052005727,SOUTHERN_BRITTANY
444,2008-04-04,1312.73025,797.4614227564269,318.1598179646889,197.10900927888417,82.6126664904066,18.09704030068248,69.0189944385732,12.88396526074432,False,-0.7702905052005727,SOUTHERN_BRITTANY
445,2008-04-12,1312.73025,805.7116868338389,242.2755644297714,264.7429987363897,82.6126664904066,18.09704030068248,69.0189944385732,12.88396526074432,False,-0.7702905052005727,SOUTHERN_BRITTANY
446,2008-04-20,1608.445,813.9103421977005,355.59596229643523,438.9386955058642,82.6126664904066,18.09704030068248,69.0189944385732,12.88396526074432,False,-0.7702905052005727,SOUTHERN_BRITTANY
447,2008-04-28,1608.445,821.9666244940925,364.1465905801254,422.3317849257821,82.6126664904066,18.09704030068248,69.0189944385732,12.88396526074432,False,-0.7702905052005727,SOUTHERN_BRITTANY
448,2008-05-04,1287.583,829.7818218129804,199.7312112448977,258.06996694212194,82.6126664904066,18.09704030068248,69.0189944385732,12.88396526074432,False,-0.7702905052005727,SOUTHERN_BRITTANY
449,2008-05-12,789.355,837.2535141417612,-65.34446049860776,17.445946356846548,82.6126664904066,18.09704030068248,69.0189944385732,12.88396526074432,False,-0.7702905052005727,SOUTHERN_BRITTANY
450,2008-05-20,789.355,844.2795904807443,-53.70307167808349,-1.2215188026608246,82.6126664904066,18.09704030068248,69.0189944385732,12.88396526074432,False,-0.7702905052005727,SOUTHERN_BRITTANY
451,2008-05-28,1306.4374285714289,850.759885289295,168.07200883634005,287.60553444579364,82.6126664904066,18.09704030068248,69.0189944385732,12.88396526074432,False,-0.7702905052005727,SOUTHERN_BRITTANY
452,2008-06-04,1394.12375,856.6009051242788,212.2940806184571,325.22876425726406,82.6126664904066,18.09704030068248,69.0189944385732,12.88396526074432,False,-0.7702905052005727,SOUTHERN_BRITTANY
453,2008-06-12,1394.12375,861.7167472151718,211.67985499388377,320.7271477909444,82.6126664904066,18.09704030068248,69.0189944385732,12.88396526074432,False,-0.7702905052005727,SOUTHERN_BRITTANY
454,2008-06-20,1005.459375,866.0384642498321,19.832803538638853,119.58810721152902,82.6126664904066,18.09704030068248,69.0189944385732,12.88396526074432,False,-0.7702905052005727,SOUTHERN_BRITTANY
455,2008-06-28,629.4171666666667,869.5116924287365,-192.07565195635732,-48.018873805712445,82.6126664904066,18.09704030068248,69.0189944385732,12.88396526074432,False,-0.7702905052005727,SOUTHERN_BRITTANY
456,2008-07-04,608.371875,872.0949186585821,-225.8332112907569,-37.88983236782511,82.6126664904066,18.09704030068248,69.0189944385732,12.88396526074432,False,-0.7702905052005727,SOUTHERN_BRITTANY
457,2008-07-12,515.5175,873.7549691785481,-300.3532212686946,-57.88424790985346,82.6126664904066,18.09704030068248,69.0189944385732,12.88396526074432,False,-0.7702905052005727,SOUTHERN_BRITTANY
458,2008-07-20,370.66675,874.46326264778,-365.8571351783966,-137.93937746938337,82.6126664904066,18.09704030068248,69.0189944385732,12.88396526074432,False,-0.7702905052005727,SOUTHERN_BRITTANY
459,2008-07-28,269.514,874.1968776644159,-420.8395432240219,-183.843334440394,82.6126664904066,18.09704030068248,69.0189944385732,12.88396526074432,False,-0.7702905052005727,SOUTHERN_BRITTANY
460,2008-08-04,262.512875,872.9408048014574,-481.1678270083225,-129.26010279313488,82.6126664904066,18.09704030068248,69.0189944385732,12.88396526074432,False,-0.7702905052005727,SOUTHERN_BRITTANY
461,2008-08-12,261.07575,870.6881192383713,-483.14976509732304,-126.4626041410483,82.6126664904066,18.09704030068248,69.0189944385732,12.88396526074432,False,-0.7702905052005727,SOUTHERN_BRITTANY
462,2008-08-20,261.07575,867.4395665532808,-466.5394348070354,-139.82438174624542,82.6126664904066,18.09704030068248,69.0189944385732,12.88396526074432,False,-0.7702905052005727,SOUTHERN_BRITTANY
463,2008-08-28,261.07575,863.207238378963,-452.56117944274456,-149.57030893621845,82.6126664904066,18.09704030068248,69.0189944385732,12.88396526074432,False,-0.7702905052005727,SOUTHERN_BRITTANY
464,2008-09-04,270.26125,858.0144772007029,-441.2080490508628,-146.54517814984007,82.6126664904066,18.09704030068248,69.0189944385732,12.88396526074432,False,-0.7702905052005727,SOUTHERN_BRITTANY
465,2008-09-12,277.06375,851.893380668457,-473.4386123737009,-101.39101829475608,82.6126664904066,18.09704030068248,69.0189944385732,12.88396526074432,False,-0.7702905052005727,SOUTHERN_BRITTANY
466,2008-09-20,277.06375,844.8833478453729,-469.19955582927815,-98.62004201609471,82.6126664904066,18.09704030068248,69.0189944385732,12.88396526074432,False,-0.7702905052005727,SOUTHERN_BRITTANY
467,2008-09-28,220.43716666666668,837.0292547812801,-490.8628111844412,-125.72927693017216,82.6126664904066,18.09704030068248,69.0189944385732,12.88396526074432,False,-0.7702905052005727,SOUTHERN_BRITTANY
468,2008-10-04,220.43716666666668,828.3829563253075,-464.9051949966308,-143.04059466201005,82.6126664904066,18.09704030068248,69.0189944385732,12.88396526074432,False,-0.7702905052005727,SOUTHERN_BRITTANY
469,2008-10-12,232.050375,819.0038509933903,-454.02159051951145,-132.93188547387882,82.6126664904066,18.09704030068248,69.0189944385732,12.88396526074432,False,-0.7702905052005727,SOUTHERN_BRITTANY
470,2008-10-20,249.09025,808.9571272320251,-458.9729655917741,-100.89391164025096,82.6126664904066,18.09704030068248,69.0189944385732,12.88396526074432,False,-0.7702905052005727,SOUTHERN_BRITTANY
471,2008-10-28,417.0368571428572,798.3112668726855,-375.0573254418423,-6.217084287985983,82.6126664904066,18.09704030068248,69.0189944385732,12.88396526074432,False,-0.7702905052005727,SOUTHERN_BRITTANY
472,2008-11-04,907.676,787.137335345476,-113.49154580277428,234.0302104572982,82.6126664904066,18.09704030068248,69.0189944385732,12.88396526074432,False,-0.7702905052005727,SOUTHERN_BRITTANY
473,2008-11-12,907.676,775.5123274136872,-101.81163206657412,233.97530465288685,82.6126664904066,18.09704030068248,69.0189944385732,12.88396526074432,False,-0.7702905052005727,SOUTHERN_BRITTANY
474,2008-11-20,880.3286666666667,763.518688752057,-94.79661965725056,211.60659757186028,82.6126664904066,18.09704030068248,69.0189944385732,12.88396526074432,False,-0.7702905052005727,SOUTHERN_BRITTANY
475,2008-11-28,880.3286666666667,751.2460324821386,-35.846085311702296,164.92871949623034,82.6126664904066,18.09704030068248,69.0189944385732,12.88396526074432,False,-0.7702905052005727,SOUTHERN_BRITTANY
476,2008-12-04,1090.6385,738.7869845839846,155.20987023593304,196.6416451800824,82.6126664904066,18.09704030068248,69.0189944385732,12.88396526074432,False,-0.7702905052005727,SOUTHERN_BRITTANY
477,2008-12-12,1215.8255,726.2337235516319,279.1980642920465,210.3937121563215,82.6126664904066,18.09704030068248,69.0189944385732,12.88396526074432,False,-0.7702905052005727,SOUTHERN_BRITTANY
478,2008-12-20,1215.8255,713.6844320124272,298.6952312344462,203.44583675312649,82.6126664904066,18.09704030068248,69.0189944385732,12.88396526074432,False,-0.7702905052005727,SOUTHERN_BRITTANY
479,2008-12-28,1097.685,701.2450344716325,330.51291101925466,65.92705450911279,82.6126664904066,18.09704030068248,69.0189944385732,12.88396526074432,False,-0.7702905052005727,SOUTHERN_BRITTANY
480,2009-01-04,855.752,689.0107171997527,212.87323739417587,-46.13195459392858,82.6126664904066,18.09704030068248,69.0189944385732,12.88396526074432,False,-0.7702905052005727,SOUTHERN_BRITTANY
481,2009-01-12,855.752,677.0627376134979,478.6559362296898,-299.96667384318783,82.6126664904066,18.09704030068248,69.0189944385732,12.88396526074432,False,-0.7702905052005727,SOUTHERN_BRITTANY
482,2009-01-20,977.361375,665.4658517595229,506.382665209032,-194.48714196855505,82.6126664904066,18.09704030068248,69.0189944385732,12.88396526074432,False,-0.7702905052005727,SOUTHERN_BRITTANY
483,2009-01-28,1412.9915,654.2734410121068,629.5271873465609,129.19087164133236,82.6126664904066,18.09704030068248,69.0189944385732,12.88396526074432,False,-0.7702905052005727,SOUTHERN_BRITTANY
484,2009-02-04,1536.3465,643.5100609741079,621.4384759656027,271.3979630602895,82.6126664904066,18.09704030068248,69.0189944385732,12.88396526074432,False,-0.7702905052005727,SOUTHERN_BRITTANY
485,2009-02-12,1412.9915,633.1676015779631,567.5757952483889,212.24810317364813,82.6126664904066,18.09704030068248,69.0189944385732,12.88396526074432,False,-0.7702905052005727,SOUTHERN_BRITTANY
486,2009-02-20,1097.27875,623.2128280019496,354.5706839721324,119.495238025918,82.6126664904066,18.09704030068248,69.0189944385732,12.88396526074432,False,-0.7702905052005727,SOUTHERN_BRITTANY
487,2009-02-28,928.0735,613.5925967079293,356.077238205312,-41.59633491324132,82.6126664904066,18.09704030068248,69.0189944385732,12.88396526074432,False,-0.7702905052005727,SOUTHERN_BRITTANY
488,2009-03-04,880.2935,604.2352437515432,333.4270936556579,-57.36883740720111,82.6126664904066,18.09704030068248,69.0189944385732,12.88396526074432,False,-0.7702905052005727,SOUTHERN_BRITTANY
489,2009-03-12,747.2115,595.0640768508331,180.7830370015832,-28.6356138524163,82.6126664904066,18.09704030068248,69.0189944385732,12.88396526074432,False,-0.7702905052005727,SOUTHERN_BRITTANY
490,2009-03-20,614.081625,586.0178721942298,185.62102139201372,-157.55726858624348,82.6126664904066,18.09704030068248,69.0189944385732,12.88396526074432,False,-0.7702905052005727,SOUTHERN_BRITTANY
491,2009-03-28,561.7504285714286,577.0638586614924,158.9022114137206,-174.21564150378438,82.6126664904066,18.09704030068248,69.0189944385732,12.88396526074432,False,-0.7702905052005727,SOUTHERN_BRITTANY
492,2009-04-04,540.935,568.1993986215645,205.360674631374,-232.62507325293848,82.6126664904066,18.09704030068248,69.0189944385732,12.88396526074432,False,-0.7702905052005727,SOUTHERN_BRITTANY
493,2009-04-12,540.935,559.4342325394427,205.26558886072223,-223.76482140016503,82.6126664904066,18.09704030068248,69.0189944385732,12.88396526074432,False,-0.7702905052005727,SOUTHERN_BRITTANY
494,2009-04-20,564.315625,550.7894719534842,201.11491251069629,-187.5887594641805,82.6126664904066,18.09704030068248,69.0189944385732,12.88396526074432,False,-0.7702905052005727,SOUTHERN_BRITTANY
495,2009-04-28,719.628,542.3038874208145,238.6641891069726,-61.34007652778703,82.6126664904066,18.09704030068248,69.0189944385732,12.88396526074432,False,-0.7702905052005727,SOUTHERN_BRITTANY
496,2009-05-04,719.628,534.033571304638,159.64653875620934,25.947889939152677,82.6126664904066,18.09704030068248,69.0189944385732,12.88396526074432,False,-0.7702905052005727,SOUTHERN_BRITTANY
497,2009-05-12,670.079375,526.0400255650734,80.6310996174117,63.40824981751493,82.6126664904066,18.09704030068248,69.0189944385732,12.88396526074432,False,-0.7702905052005727,SOUTHERN_BRITTANY
498,2009-05-20,639.356125,518.3792130190207,64.89530812666331,56.08160385431606,82.6126664904066,18.09704030068248,69.0189944385732,12.88396526074432,False,-0.7702905052005727,SOUTHERN_BRITTANY
499,2009-05-28,449.1265714285714,511.1044882790051,26.40435089007274,-88.38226774050645,82.6126664904066,18.09704030068248,69.0189944385732,12.88396526074432,False,-0.7702905052005727,SOUTHERN_BRITTANY
500,2009-06-04,432.32125,504.2787129715191,40.13589610661138,-112.09335907813052,82.6126664904066,18.09704030068248,69.0189944385732,12.88396526074432,False,-0.7702905052005727,SOUTHERN_BRITTANY
501,2009-06-12,340.792625,497.97459211669576,58.71845809612793,-215.9004252128237,82.6126664904066,18.09704030068248,69.0189944385732,12.88396526074432,False,-0.7702905052005727,SOUTHERN_BRITTANY
502,2009-06-20,340.792625,492.25538615609247,-31.263084601236248,-120.19967655485624,82.6126664904066,18.09704030068248,69.0189944385732,12.88396526074432,False,-0.7702905052005727,SOUTHERN_BRITTANY
503,2009-06-28,255.7125,487.1694629324328,-170.58249283868477,-60.874470093748016,82.6126664904066,18.09704030068248,69.0189944385732,12.88396526074432,False,-0.7702905052005727,SOUTHERN_BRITTANY
504,2009-07-04,215.809875,482.745404967486,-281.8704106368063,14.934880669320307,82.6126664904066,18.09704030068248,69.0189944385732,12.88396526074432,False,-0.7702905052005727,SOUTHERN_BRITTANY
505,2009-07-12,215.809875,479.0021835828499,-330.94731064593685,67.75500206308692,82.6126664904066,18.09704030068248,69.0189944385732,12.88396526074432,False,-0.7702905052005727,SOUTHERN_BRITTANY
506,2009-07-20,218.50057142857145,475.9546592009872,-365.8742389825562,108.42015121014038,82.6126664904066,18.09704030068248,69.0189944385732,12.88396526074432,False,-0.7702905052005727,SOUTHERN_BRITTANY
507,2009-07-28,218.50057142857145,473.61139405409966,-399.7041309823359,144.59330835680765,82.6126664904066,18.09704030068248,69.0189944385732,12.88396526074432,False,-0.7702905052005727,SOUTHERN_BRITTANY
508,2009-08-04,169.83275,471.9740095940878,-428.29856397096086,126.157304376873,82.6126664904066,18.09704030068248,69.0189944385732,12.88396526074432,False,-0.7702905052005727,SOUTHERN_BRITTANY
509,2009-08-12,162.725625,471.03878331923977,-434.081225150966,125.76806683172624,82.6126664904066,18.09704030068248,69.0189944385732,12.88396526074432,False,-0.7702905052005727,SOUTHERN_BRITTANY
510,2009-08-20,139.8675,470.79847986782426,-451.2688061021748,120.33782623435052,82.6126664904066,18.09704030068248,69.0189944385732,12.88396526074432,False,-0.7702905052005727,SOUTHERN_BRITTANY
511,2009-08-28,139.8675,471.24025839802255,-453.8421218746269,122.46936347660436,82.6126664904066,18.09704030068248,69.0189944385732,12.88396526074432,False,-0.7702905052005727,SOUTHERN_BRITTANY
512,2009-09-04,161.406625,472.3452543712901,-443.81909433070336,132.8804649594133,82.6126664904066,18.09704030068248,69.0189944385732,12.88396526074432,False,-0.7702905052005727,SOUTHERN_BRITTANY
513,2009-09-12,162.694375,474.0893889936679,-424.7668307569492,113.3718167632814,82.6126664904066,18.09704030068248,69.0189944385732,12.88396526074432,False,-0.7702905052005727,SOUTHERN_BRITTANY
514,2009-09-20,165.855,476.44310977053306,-421.4470071842324,110.85889741369937,82.6126664904066,18.09704030068248,69.0189944385732,12.88396526074432,False,-0.7702905052005727,SOUTHERN_BRITTANY
515,2009-09-28,165.855,479.3725382555876,-432.4644414460184,118.94690319043082,82.6126664904066,18.09704030068248,69.0189944385732,12.88396526074432,False,-0.7702905052005727,SOUTHERN_BRITTANY
516,2009-10-04,146.089625,482.8388561838353,-439.21575351830825,102.46652233447298,82.6126664904066,18.09704030068248,69.0189944385732,12.88396526074432,False,-0.7702905052005727,SOUTHERN_BRITTANY
517,2009-10-12,146.089625,486.7994644086583,-433.40409563100286,92.69425622234456,82.6126664904066,18.09704030068248,69.0189944385732,12.88396526074432,False,-0.7702905052005727,SOUTHERN_BRITTANY
518,2009-10-20,149.8205,491.2113515517017,-428.05622846612255,86.6653769144209,82.6126664904066,18.09704030068248,69.0189944385732,12.88396526074432,False,-0.7702905052005727,SOUTHERN_BRITTANY
519,2009-10-28,155.59514285714286,496.0353469567877,-374.80993881646407,34.369734716819266,82.6126664904066,18.09704030068248,69.0189944385732,12.88396526074432,False,-0.7702905052005727,SOUTHERN_BRITTANY
520,2009-11-04,218.418625,501.2388946074147,-177.38579104200255,-105.43447856541212,82.6126664904066,18.09704030068248,69.0189944385732,12.88396526074432,False,-0.7702905052005727,SOUTHERN_BRITTANY
521,2009-11-12,255.039375,506.796443689858,-67.7966072894669,-183.96046140039107,82.6126664904066,18.09704030068248,69.0189944385732,12.88396526074432,False,-0.7702905052005727,SOUTHERN_BRITTANY
522,2009-11-20,278.06775,512.6841365409069,-18.48231243688733,-216.1340741040196,82.6126664904066,18.09704030068248,69.0189944385732,12.88396526074432,False,-0.7702905052005727,SOUTHERN_BRITTANY
523,2009-11-28,358.5425,518.8703182808996,28.86673629000678,-189.19455457090635,82.6126664904066,18.09704030068248,69.0189944385732,12.88396526074432,False,-0.7702905052005727,SOUTHERN_BRITTANY
524,2009-12-04,508.610625,525.3175123555484,163.7486723923659,-180.45555974791424,82.6126664904066,18.09704030068248,69.0189944385732,12.88396526074432,False,-0.7702905052005727,SOUTHERN_BRITTANY
525,2009-12-12,508.610625,531.985618681128,318.5929740065298,-341.9679676876578,82.6126664904066,18.09704030068248,69.0189944385732,12.88396526074432,False,-0.7702905052005727,SOUTHERN_BRITTANY
526,2009-12-20,564.736125,538.8279430776636,478.9800758184047,-453.0718938960682,82.6126664904066,18.09704030068248,69.0189944385732,12.88396526074432,False,-0.7702905052005727,SOUTHERN_BRITTANY
527,2009-12-28,968.2014285714286,545.7908883092292,525.5916131893975,-103.18107292719822,82.6126664904066,18.09704030068248,69.0189944385732,12.88396526074432,False,-0.7702905052005727,SOUTHERN_BRITTANY
528,2010-01-04,968.2014285714286,552.830169906437,475.96688304932127,-60.59562438432977,82.6126664904066,18.09704030068248,69.0189944385732,12.88396526074432,False,-0.7702905052005727,SOUTHERN_BRITTANY
529,2010-01-12,1138.69275,559.9054665098585,526.3905816926134,52.39670179752807,82.6126664904066,18.09704030068248,69.0189944385732,12.88396526074432,False,-0.7702905052005727,SOUTHERN_BRITTANY
530,2010-01-20,995.3711428571428,566.9857683736577,449.9326156805275,-21.547241197042297,82.6126664904066,18.09704030068248,69.0189944385732,12.88396526074432,False,-0.7702905052005727,SOUTHERN_BRITTANY
531,2010-01-28,995.3711428571428,574.0451414002031,480.99363206661656,-59.667630609676735,82.6126664904066,18.09704030068248,69.0189944385732,12.88396526074432,False,-0.7702905052005727,SOUTHERN_BRITTANY
532,2010-02-04,995.3711428571428,581.0791791895181,473.036242261656,-58.74427859403113,82.6126664904066,18.09704030068248,69.0189944385732,12.88396526074432,False,-0.7702905052005727,SOUTHERN_BRITTANY
533,2010-02-12,1023.373375,588.1031059095218,452.0512381969469,-16.78096910646866,82.6126664904066,18.09704030068248,69.0189944385732,12.88396526074432,False,-0.7702905052005727,SOUTHERN_BRITTANY
534,2010-02-20,1147.923125,595.1352290139376,436.0790885660687,116.70880741999372,82.6126664904066,18.09704030068248,69.0189944385732,12.88396526074432,False,-0.7702905052005727,SOUTHERN_BRITTANY
535,2010-02-28,1574.14175,602.187235477119,621.6649237520143,350.2895907708668,82.6126664904066,18.09704030068248,69.0189944385732,12.88396526074432,False,-0.7702905052005727,SOUTHERN_BRITTANY
536,2010-03-04,1574.14175,609.2629209331642,610.160557097387,354.7182719694488,82.6126664904066,18.09704030068248,69.0189944385732,12.88396526074432,False,-0.7702905052005727,SOUTHERN_BRITTANY
537,2010-03-12,955.953125,616.356108931979,266.4205366004347,73.17647946758638,82.6126664904066,18.09704030068248,69.0189944385732,12.88396526074432,False,-0.7702905052005727,SOUTHERN_BRITTANY
538,2010-03-20,810.655,623.4479405504699,133.31119383433276,53.89586561519735,82.6126664904066,18.09704030068248,69.0189944385732,12.88396526074432,False,-0.7702905052005727,SOUTHERN_BRITTANY
539,2010-03-28,810.655,630.5073676082822,120.9985876021207,59.14904478959713,82.6126664904066,18.09704030068248,69.0189944385732,12.88396526074432,False,-0.7702905052005727,SOUTHERN_BRITTANY
540,2010-04-04,978.247,637.4891310556444,197.76173285113236,142.99613609322333,82.6126664904066,18.09704030068248,69.0189944385732,12.88396526074432,False,-0.7702905052005727,SOUTHERN_BRITTANY
541,2010-04-12,978.247,644.3403187194375,163.71562237635575,170.1910589042068,82.6126664904066,18.09704030068248,69.0189944385732,12.88396526074432,False,-0.7702905052005727,SOUTHERN_BRITTANY
542,2010-04-20,619.790625,651.0046008757638,-32.60509163605491,1.3911157602910862,82.6126664904066,18.09704030068248,69.0189944385732,12.88396526074432,False,-0.7702905052005727,SOUTHERN_BRITTANY
543,2010-04-28,458.9198333333333,657.425557952508,-86.98518853087315,-111.52053608830155,82.6126664904066,18.09704030068248,69.0189944385732,12.88396526074432,False,-0.7702905052005727,SOUTHERN_BRITTANY
544,2010-05-04,458.9198333333333,663.5552815440831,-90.93218095078088,-113.70326725996888,82.6126664904066,18.09704030068248,69.0189944385732,12.88396526074432,False,-0.7702905052005727,SOUTHERN_BRITTANY
545,2010-05-12,736.32325,669.35345761699,26.452154787439188,40.51763759557085,82.6126664904066,18.09704030068248,69.0189944385732,12.88396526074432,False,-0.7702905052005727,SOUTHERN_BRITTANY
546,2010-05-20,736.32325,674.7820827355943,13.0923455968308,48.448821667574975,82.6126664904066,18.09704030068248,69.0189944385732,12.88396526074432,False,-0.7702905052005727,SOUTHERN_BRITTANY
547,2010-05-28,448.06714285714287,679.8011708415022,-185.96921632821312,-45.76481165614621,82.6126664904066,18.09704030068248,69.0189944385732,12.88396526074432,False,-0.7702905052005727,SOUTHERN_BRITTANY
548,2010-06-04,448.06714285714287,684.3619194322022,-189.7980177492068,-46.49675882585248,82.6126664904066,18.09704030068248,69.0189944385732,12.88396526074432,False,-0.7702905052005727,SOUTHERN_BRITTANY
549,2010-06-12,703.275375,688.4066754020877,-85.59199214015675,100.46069173806912,82.6126664904066,18.09704030068248,69.0189944385732,12.88396526074432,False,-0.7702905052005727,SOUTHERN_BRITTANY
550,2010-06-20,736.7796666666667,691.8772760373687,-75.50018594617491,120.4025765754729,82.6126664904066,18.09704030068248,69.0189944385732,12.88396526074432,False,-0.7702905052005727,SOUTHERN_BRITTANY
551,2010-06-28,736.7796666666667,694.7172932032669,-107.79105410994718,149.853427573347,82.6126664904066,18.09704030068248,69.0189944385732,12.88396526074432,False,-0.7702905052005727,SOUTHERN_BRITTANY
552,2010-07-04,406.82875,696.8776016824474,-295.0171727778609,4.968321095413444,82.6126664904066,18.09704030068248,69.0189944385732,12.88396526074432,False,-0.7702905052005727,SOUTHERN_BRITTANY
553,2010-07-12,311.37925,698.3140271606177,-349.59815789578124,-37.33661926483643,82.6126664904066,18.09704030068248,69.0189944385732,12.88396526074432,False,-0.7702905052005727,SOUTHERN_BRITTANY
554,2010-07-20,305.5691428571428,698.9877960075145,-340.82764336732174,-52.59100978304991,82.6126664904066,18.09704030068248,69.0189944385732,12.88396526074432,False,-0.7702905052005727,SOUTHERN_BRITTANY
555,2010-07-28,257.351375,698.8652080207056,-364.2999824593204,-77.21385056138519,82.6126664904066,18.09704030068248,69.0189944385732,12.88396526074432,False,-0.7702905052005727,SOUTHERN_BRITTANY
556,2010-08-04,229.079125,697.9176501704677,-390.79696189788734,-78.04156327258039,82.6126664904066,18.09704030068248,69.0189944385732,12.88396526074432,False,-0.7702905052005727,SOUTHERN_BRITTANY
557,2010-08-12,204.33825,696.1226277330554,-401.232553253551,-90.55182447950445,82.6126664904066,18.09704030068248,69.0189944385732,12.88396526074432,False,-0.7702905052005727,SOUTHERN_BRITTANY
558,2010-08-20,173.19571428571427,693.463971218134,-417.0921971899847,-103.17605974243504,82.6126664904066,18.09704030068248,69.0189944385732,12.88396526074432,False,-0.7702905052005727,SOUTHERN_BRITTANY
559,2010-08-28,170.264875,689.9335049463482,-412.5320075621276,-107.13662238422064,82.6126664904066,18.09704030068248,69.0189944385732,12.88396526074432,False,-0.7702905052005727,SOUTHERN_BRITTANY
560,2010-09-04,173.19571428571427,685.5324045409901,-397.6334485593955,-114.70324169588032,82.6126664904066,18.09704030068248,69.0189944385732,12.88396526074432,False,-0.7702905052005727,SOUTHERN_BRITTANY
561,2010-09-12,247.220625,680.2722790011672,-352.4305116701311,-80.62114233103614,82.6126664904066,18.09704030068248,69.0189944385732,12.88396526074432,False,-0.7702905052005727,SOUTHERN_BRITTANY
562,2010-09-20,247.220625,674.1757858411391,-351.78545597365064,-75.16970486748852,82.6126664904066,18.09704030068248,69.0189944385732,12.88396526074432,False,-0.7702905052005727,SOUTHERN_BRITTANY
563,2010-09-28,247.220625,667.2760775381178,-354.8648105114706,-65.1906420266472,82.6126664904066,18.09704030068248,69.0189944385732,12.88396526074432,False,-0.7702905052005727,SOUTHERN_BRITTANY
564,2010-10-04,248.63,659.6165153758701,-358.7034836999485,-52.28303167592156,82.6126664904066,18.09704030068248,69.0189944385732,12.88396526074432,False,-0.7702905052005727,SOUTHERN_BRITTANY
565,2010-10-12,248.63,651.2490119975704,-354.0467583559945,-48.57225364157591,82.6126664904066,18.09704030068248,69.0189944385732,12.88396526074432,False,-0.7702905052005727,SOUTHERN_BRITTANY
566,2010-10-20,224.1481428571429,642.2320406587093,-356.95480696545616,-61.129090836110265,82.6126664904066,18.09704030068248,69.0189944385732,12.88396526074432,False,-0.7702905052005727,SOUTHERN_BRITTANY
567,2010-10-28,224.1481428571429,632.6276029506793,-353.9319970135488,-54.54746307998761,82.6126664904066,18.09704030068248,69.0189944385732,12.88396526074432,False,-0.7702905052005727,SOUTHERN_BRITTANY
568,2010-11-04,363.131125,622.4999987644459,-260.8554735131171,1.4865997486712104,82.6126664904066,18.09704030068248,69.0189944385732,12.88396526074432,False,-0.7702905052005727,SOUTHERN_BRITTANY
569,2010-11-12,704.9562500000001,611.9120251990009,-59.48226629021241,152.52649109121154,82.6126664904066,18.09704030068248,69.0189944385732,12.88396526074432,False,-0.7702905052005727,SOUTHERN_BRITTANY
570,2010-11-20,868.407,600.9236526288634,31.242060582354977,236.2412867887817,82.6126664904066,18.09704030068248,69.0189944385732,12.88396526074432,False,-0.7702905052005727,SOUTHERN_BRITTANY
571,2010-11-28,875.156,589.593914491687,48.63143509843747,236.9306504098755,82.6126664904066,18.09704030068248,69.0189944385732,12.88396526074432,False,-0.7702905052005727,SOUTHERN_BRITTANY
572,2010-12-04,875.156,577.9821927643544,88.21331319923578,208.96049403640976,82.6126664904066,18.09704030068248,69.0189944385732,12.88396526074432,False,-0.7702905052005727,SOUTHERN_BRITTANY
573,2010-12-12,1343.21675,566.149453696466,377.7108661984009,399.35643010513314,82.6126664904066,18.09704030068248,69.0189944385732,12.88396526074432,False,-0.7702905052005727,SOUTHERN_BRITTANY
574,2010-12-20,1854.455125,554.1593098863782,859.4045861265902,440.8912289870316,82.6126664904066,18.09704030068248,69.0189944385732,12.88396526074432,False,-0.7702905052005727,SOUTHERN_BRITTANY
575,2010-12-28,1343.21675,542.0753502532561,802.3194913189822,-1.1780915722382588,82.6126664904066,18.09704030068248,69.0189944385732,12.88396526074432,False,-0.7702905052005727,SOUTHERN_BRITTANY
576,2011-01-04,1379.618,529.9565131247385,833.9799282016185,15.68155867364294,82.6126664904066,18.09704030068248,69.0189944385732,12.88396526074432,False,-0.7702905052005727,SOUTHERN_BRITTANY
577,2011-01-12,1230.532875,517.8634319469564,805.0352044578211,-92.36576140477746,82.6126664904066,18.09704030068248,69.0189944385732,12.88396526074432,False,-0.7702905052005727,SOUTHERN_BRITTANY
578,2011-01-20,1082.274375,505.8488882770502,517.5913367925851,58.83414993036456,82.6126664904066,18.09704030068248,69.0189944385732,12.88396526074432,False,-0.7702905052005727,SOUTHERN_BRITTANY
579,2011-01-28,766.3902857142857,493.9720572224222,351.0732190229847,-78.6549905311212,82.6126664904066,18.09704030068248,69.0189944385732,12.88396526074432,False,-0.7702905052005727,SOUTHERN_BRITTANY
580,2011-02-04,607.813125,482.2922012108765,242.74970578267843,-117.22878199355492,82.6126664904066,18.09704030068248,69.0189944385732,12.88396526074432,False,-0.7702905052005727,SOUTHERN_BRITTANY
581,2011-02-12,588.22675,470.8789642018545,193.81251619837255,-76.46473040022704,82.6126664904066,18.09704030068248,69.0189944385732,12.88396526074432,False,-0.7702905052005727,SOUTHERN_BRITTANY
582,2011-02-20,588.22675,459.815320078643,224.0251723554716,-95.6137424341146,82.6126664904066,18.09704030068248,69.0189944385732,12.88396526074432,False,-0.7702905052005727,SOUTHERN_BRITTANY
583,2011-02-28,645.155,449.18848811625736,347.6561027331174,-151.68959084937478,82.6126664904066,18.09704030068248,69.0189944385732,12.88396526074432,False,-0.7702905052005727,SOUTHERN_BRITTANY
584,2011-03-04,645.155,439.0874501713536,346.7135422261325,-140.6459923974861,82.6126664904066,18.09704030068248,69.0189944385732,12.88396526074432,False,-0.7702905052005727,SOUTHERN_BRITTANY
585,2011-03-12,639.141125,429.5972238033541,183.14803537196025,26.3958658246857,82.6126664904066,18.09704030068248,69.0189944385732,12.88396526074432,False,-0.7702905052005727,SOUTHERN_BRITTANY
586,2011-03-20,531.208,420.7885091424382,82.59226927443348,27.82722158312828,82.6126664904066,18.09704030068248,69.0189944385732,12.88396526074432,False,-0.7702905052005727,SOUTHERN_BRITTANY
587,2011-03-28,535.8539999999999,412.7137862192472,78.85700873371414,44.28320504703859,82.6126664904066,18.09704030068248,69.0189944385732,12.88396526074432,False,-0.7702905052005727,SOUTHERN_BRITTANY
588,2011-04-04,531.0985714285714,405.4171931088871,100.65744259159963,25.02393572808468,82.6126664904066,18.09704030068248,69.0189944385732,12.88396526074432,False,-0.7702905052005727,SOUTHERN_BRITTANY
589,2011-04-12,397.950875,398.93627514909343,34.23699552743567,-35.2223956765291,82.6126664904066,18.09704030068248,69.0189944385732,12.88396526074432,False,-0.7702905052005727,SOUTHERN_BRITTANY
590,2011-04-20,309.271875,393.3011981223765,-66.28428990415618,-17.745033218220286,82.6126664904066,18.09704030068248,69.0189944385732,12.88396526074432,False,-0.7702905052005727,SOUTHERN_BRITTANY
591,2011-04-28,259.55833333333334,388.5268210780527,74.32746483868252,-203.29595258340188,82.6126664904066,18.09704030068248,69.0189944385732,12.88396526074432,False,-0.7702905052005727,SOUTHERN_BRITTANY
592,2011-05-04,239.734625,384.5956247611469,61.851459264460935,-206.71245902560784,82.6126664904066,18.09704030068248,69.0189944385732,12.88396526074432,False,-0.7702905052005727,SOUTHERN_BRITTANY
593,2011-05-12,200.3335,381.47168370281406,22.903225255363616,-204.04140895817767,82.6126664904066,18.09704030068248,69.0189944385732,12.88396526074432,False,-0.7702905052005727,SOUTHERN_BRITTANY
594,2011-05-20,179.974,379.1165289301278,12.268424482446168,-211.410953412574,82.6126664904066,18.09704030068248,69.0189944385732,12.88396526074432,False,-0.7702905052005727,SOUTHERN_BRITTANY
595,2011-05-28,153.67942857142856,377.49220895851386,-119.0039576301628,-104.80882275692252,82.6126664904066,18.09704030068248,69.0189944385732,12.88396526074432,False,-0.7702905052005727,SOUTHERN_BRITTANY
596,2011-06-04,153.67942857142856,376.560008785829,-118.53991318226878,-104.3406670321317,82.6126664904066,18.09704030068248,69.0189944385732,12.88396526074432,False,-0.7702905052005727,SOUTHERN_BRITTANY
597,2011-06-12,152.26725000000002,376.2785704071176,-73.2025714065401,-150.80874900057745,82.6126664904066,18.09704030068248,69.0189944385732,12.88396526074432,False,-0.7702905052005727,SOUTHERN_BRITTANY
598,2011-06-20,145.522875,376.6051719689406,-90.8030564988162,-140.27924047012442,82.6126664904066,18.09704030068248,69.0189944385732,12.88396526074432,False,-0.7702905052005727,SOUTHERN_BRITTANY
599,2011-06-28,130.32133333333334,377.4987911654675,-159.46939792358654,-87.7080599085476,82.6126664904066,18.09704030068248,69.0189944385732,12.88396526074432,False,-0.7702905052005727,SOUTHERN_BRITTANY
600,2011-07-04,108.878125,378.9157798770395,-261.9411534616538,-8.09650141538566,82.6126664904066,18.09704030068248,69.0189944385732,12.88396526074432,False,-0.7702905052005727,SOUTHERN_BRITTANY
601,2011-07-12,108.878125,380.8068815536484,-311.45871923867105,39.52996268502267,82.6126664904066,18.09704030068248,69.0189944385732,12.88396526074432,False,-0.7702905052005727,SOUTHERN_BRITTANY
602,2011-07-20,167.863,383.1151735918234,-295.49447379321845,80.24230020139504,82.6126664904066,18.09704030068248,69.0189944385732,12.88396526074432,False,-0.7702905052005727,SOUTHERN_BRITTANY
603,2011-07-28,167.863,385.7811348449094,-339.12844630327646,121.21031145836707,82.6126664904066,18.09704030068248,69.0189944385732,12.88396526074432,False,-0.7702905052005727,SOUTHERN_BRITTANY
604,2011-08-04,151.4955,388.7455873279844,-369.10889877852,131.8588114505356,82.6126664904066,18.09704030068248,69.0189944385732,12.88396526074432,False,-0.7702905052005727,SOUTHERN_BRITTANY
605,2011-08-12,144.676875,391.9498993057943,-391.7541034443971,144.4810791386028,82.6126664904066,18.09704030068248,69.0189944385732,12.88396526074432,False,-0.7702905052005727,SOUTHERN_BRITTANY
606,2011-08-20,144.676875,395.3362641459672,-414.1941637466766,163.53477460070943,82.6126664904066,18.09704030068248,69.0189944385732,12.88396526074432,False,-0.7702905052005727,SOUTHERN_BRITTANY
607,2011-08-28,145.55042857142857,398.8473723165891,-416.45618866892886,163.15924492376834,82.6126664904066,18.09704030068248,69.0189944385732,12.88396526074432,False,-0.7702905052005727,SOUTHERN_BRITTANY
608,2011-09-04,151.44275,402.4265442041961,-410.7054643772683,159.7216701730722,82.6126664904066,18.09704030068248,69.0189944385732,12.88396526074432,False,-0.7702905052005727,SOUTHERN_BRITTANY
609,2011-09-12,163.566125,406.0192070332924,-384.9580325755063,142.50495054221392,82.6126664904066,18.09704030068248,69.0189944385732,12.88396526074432,False,-0.7702905052005727,SOUTHERN_BRITTANY
610,2011-09-20,151.44275,409.5747049613115,-381.1575289652631,123.02557400395152,82.6126664904066,18.09704030068248,69.0189944385732,12.88396526074432,False,-0.7702905052005727,SOUTHERN_BRITTANY
611,2011-09-28,128.21416666666667,413.0475937810293,-394.58903245592177,109.75560534155916,82.6126664904066,18.09704030068248,69.0189944385732,12.88396526074432,False,-0.7702905052005727,SOUTHERN_BRITTANY
612,2011-10-04,115.876125,416.3980391177554,-401.22470546192574,100.70279134417036,82.6126664904066,18.09704030068248,69.0189944385732,12.88396526074432,False,-0.7702905052005727,SOUTHERN_BRITTANY
613,2011-10-12,115.876125,419.5934324489488,-373.6871783557573,69.96987090680858,82.6126664904066,18.09704030068248,69.0189944385732,12.88396526074432,False,-0.7702905052005727,SOUTHERN_BRITTANY
614,2011-10-20,132.511,422.60838872080615,-365.6033744390956,75.50598571828942,82.6126664904066,18.09704030068248,69.0189944385732,12.88396526074432,False,-0.7702905052005727,SOUTHERN_BRITTANY
615,2011-10-28,133.134,425.42725043961,-308.2937824937944,16.00053205418436,82.6126664904066,18.09704030068248,69.0189944385732,12.88396526074432,False,-0.7702905052005727,SOUTHERN_BRITTANY
616,2011-11-04,166.083875,428.0427750254459,-258.5161008060556,-3.442799219390338,82.6126664904066,18.09704030068248,69.0189944385732,12.88396526074432,False,-0.7702905052005727,SOUTHERN_BRITTANY
617,2011-11-12,245.340125,430.46322161591,-142.49008341965344,-42.63301319625657,82.6126664904066,18.09704030068248,69.0189944385732,12.88396526074432,False,-0.7702905052005727,SOUTHERN_BRITTANY
618,2011-11-20,245.340125,432.7181746557594,-138.7482448388996,-48.6298048168598,82.6126664904066,18.09704030068248,69.0189944385732,12.88396526074432,False,-0.7702905052005727,SOUTHERN_BRITTANY
619,2011-11-28,210.226625,434.86074339861767,-162.27469057388717,-62.35942782473049,82.6126664904066,18.09704030068248,69.0189944385732,12.88396526074432,False,-0.7702905052005727,SOUTHERN_BRITTANY
620,2011-12-04,210.226625,436.95864033436,-125.23062702413566,-101.50138831022431,82.6126664904066,18.09704030068248,69.0189944385732,12.88396526074432,False,-0.7702905052005727,SOUTHERN_BRITTANY
621,2011-12-12,421.15025,439.0833478886055,187.49043706386712,-205.42353495247255,82.6126664904066,18.09704030068248,69.0189944385732,12.88396526074432,False,-0.7702905052005727,SOUTHERN_BRITTANY
622,2011-12-20,1254.4312857142857,441.3021177650685,1021.0031457576282,-207.87397780841104,82.6126664904066,18.09704030068248,69.0189944385732,12.88396526074432,False,-0.7702905052005727,SOUTHERN_BRITTANY
623,2011-12-28,1627.3675,443.6672546721466,1079.645466499585,104.05477882826835,82.6126664904066,18.09704030068248,69.0189944385732,12.88396526074432,False,-0.7702905052005727,SOUTHERN_BRITTANY
624,2012-01-04,1665.513875,446.2246761054168,983.328116333476,235.96108256110688,82.6126664904066,18.09704030068248,69.0189944385732,12.88396526074432,False,-0.7702905052005727,SOUTHERN_BRITTANY
625,2012-01-12,1665.513875,449.0163025536072,923.6800674295444,292.81750501684826,82.6126664904066,18.09704030068248,69.0189944385732,12.88396526074432,False,-0.7702905052005727,SOUTHERN_BRITTANY
626,2012-01-20,944.323,452.0917194493636,526.8389080330445,-34.607627482408134,82.6126664904066,18.09704030068248,69.0189944385732,12.88396526074432,False,-0.7702905052005727,SOUTHERN_BRITTANY
627,2012-01-28,898.6988571428572,455.49782958205736,449.8417522681929,-6.640724707393133,82.6126664904066,18.09704030068248,69.0189944385732,12.88396526074432,False,-0.7702905052005727,SOUTHERN_BRITTANY
628,2012-02-04,771.286625,459.2870799050162,539.6040859254512,-227.60454083046744,82.6126664904066,18.09704030068248,69.0189944385732,12.88396526074432,False,-0.7702905052005727,SOUTHERN_BRITTANY
629,2012-02-12,576.351,463.4962804189012,438.3205881794008,-325.465868598302,82.6126664904066,18.09704030068248,69.0189944385732,12.88396526074432,False,-0.7702905052005727,SOUTHERN_BRITTANY
630,2012-02-20,563.2475000000001,468.15234233905466,219.99768657829503,-124.90252891734964,82.6126664904066,18.09704030068248,69.0189944385732,12.88396526074432,False,-0.7702905052005727,SOUTHERN_BRITTANY
631,2012-02-28,509.3292,473.2912009522895,110.93079779693949,-74.89279874922897,82.6126664904066,18.09704030068248,69.0189944385732,12.88396526074432,False,-0.7702905052005727,SOUTHERN_BRITTANY
632,2012-03-04,498.030125,478.956964667196,65.36857399436117,-46.295413661557134,82.6126664904066,18.09704030068248,69.0189944385732,12.88396526074432,False,-0.7702905052005727,SOUTHERN_BRITTANY
633,2012-03-12,466.828375,485.1969596825451,49.88285658637115,-68.25144126891628,82.6126664904066,18.09704030068248,69.0189944385732,12.88396526074432,False,-0.7702905052005727,SOUTHERN_BRITTANY
634,2012-03-20,419.615125,492.057747124992,0.7237657693014414,-73.16638789429349,82.6126664904066,18.09704030068248,69.0189944385732,12.88396526074432,False,-0.7702905052005727,SOUTHERN_BRITTANY
635,2012-03-28,390.7127142857143,499.5806852963868,-15.808203910957548,-93.059767099715,82.6126664904066,18.09704030068248,69.0189944385732,12.88396526074432,False,-0.7702905052005727,SOUTHERN_BRITTANY
636,2012-04-04,316.462625,507.7954763050717,-53.40813915253349,-137.92471215253815,82.6126664904066,18.09704030068248,69.0189944385732,12.88396526074432,False,-0.7702905052005727,SOUTHERN_BRITTANY
637,2012-04-12,316.462625,516.7167769036979,-50.62492957878261,-149.6292223249153,82.6126664904066,18.09704030068248,69.0189944385732,12.88396526074432,False,-0.7702905052005727,SOUTHERN_BRITTANY
638,2012-04-20,453.026375,526.3392286232856,-5.44375234087568,-67.86910128240993,82.6126664904066,18.09704030068248,69.0189944385732,12.88396526074432,False,-0.7702905052005727,SOUTHERN_BRITTANY
639,2012-04-28,1283.4405,536.6389862497964,394.8801502077312,351.9213635424723,82.6126664904066,18.09704030068248,69.0189944385732,12.88396526074432,False,-0.7702905052005727,SOUTHERN_BRITTANY
640,2012-05-04,1283.4405,547.5837153334243,459.17688647541786,276.6798981911578,82.6126664904066,18.09704030068248,69.0189944385732,12.88396526074432,False,-0.7702905052005727,SOUTHERN_BRITTANY
641,2012-05-12,936.042125,559.1245585248674,288.5646242325406,88.3529422425919,82.6126664904066,18.09704030068248,69.0189944385732,12.88396526074432,False,-0.7702905052005727,SOUTHERN_BRITTANY
642,2012-05-20,936.042125,571.2005041129631,279.31747859063427,85.52414229640254,82.6126664904066,18.09704030068248,69.0189944385732,12.88396526074432,False,-0.7702905052005727,SOUTHERN_BRITTANY
643,2012-05-28,750.13125,583.7421516048493,176.0756674034146,-9.686569008263833,82.6126664904066,18.09704030068248,69.0189944385732,12.88396526074432,False,-0.7702905052005727,SOUTHERN_BRITTANY
644,2012-06-04,750.13125,596.6736928635086,137.73440641815696,15.723150718334496,82.6126664904066,18.09704030068248,69.0189944385732,12.88396526074432,False,-0.7702905052005727,SOUTHERN_BRITTANY
645,2012-06-12,679.42125,609.919674495918,-29.07036522446614,98.57194072854811,82.6126664904066,18.09704030068248,69.0189944385732,12.88396526074432,False,-0.7702905052005727,SOUTHERN_BRITTANY
646,2012-06-20,605.93625,623.4110736018582,-86.41655961930984,68.94173601745159,82.6126664904066,18.09704030068248,69.0189944385732,12.88396526074432,False,-0.7702905052005727,SOUTHERN_BRITTANY
647,2012-06-28,398.78316666666666,637.0856380324982,-271.4787608680884,33.17628950225685,82.6126664904066,18.09704030068248,69.0189944385732,12.88396526074432,False,-0.7702905052005727,SOUTHERN_BRITTANY
648,2012-07-04,398.78316666666666,650.8942323332362,-307.79823670861265,55.68717104204308,82.6126664904066,18.09704030068248,69.0189944385732,12.88396526074432,False,-0.7702905052005727,SOUTHERN_BRITTANY
649,2012-07-12,326.84275,664.8027709973823,-366.9901805078744,29.03015951049213,82.6126664904066,18.09704030068248,69.0189944385732,12.88396526074432,False,-0.7702905052005727,SOUTHERN_BRITTANY
650,2012-07-20,303.44475,678.7922465777078,-383.4029596002312,8.055463022523327,82.6126664904066,18.09704030068248,69.0189944385732,12.88396526074432,False,-0.7702905052005727,SOUTHERN_BRITTANY
651,2012-07-28,201.09642857142856,692.8553868149703,-445.50178909103727,-46.2571691525045,82.6126664904066,18.09704030068248,69.0189944385732,12.88396526074432,False,-0.7702905052005727,SOUTHERN_BRITTANY
652,2012-08-04,177.900875,706.992800550381,-469.05283259171495,-60.03909295866606,82.6126664904066,18.09704030068248,69.0189944385732,12.88396526074432,False,-0.7702905052005727,SOUTHERN_BRITTANY
653,2012-08-12,167.156,721.2092329003333,-497.6438877506645,-56.40934514966881,82.6126664904066,18.09704030068248,69.0189944385732,12.88396526074432,False,-0.7702905052005727,SOUTHERN_BRITTANY
654,2012-08-20,137.018875,735.5110840206573,-548.1831274128184,-50.30908160783895,82.6126664904066,18.09704030068248,69.0189944385732,12.88396526074432,False,-0.7702905052005727,SOUTHERN_BRITTANY
655,2012-08-28,137.018875,749.9053936289222,-581.0910350560819,-31.79548357284034,82.6126664904066,18.09704030068248,69.0189944385732,12.88396526074432,False,-0.7702905052005727,SOUTHERN_BRITTANY
656,2012-09-04,140.93,764.3974254670452,-590.2868792501258,-33.18054621691931,82.6126664904066,18.09704030068248,69.0189944385732,12.88396526074432,False,-0.7702905052005727,SOUTHERN_BRITTANY
657,2012-09-12,144.796625,778.9877305376733,-589.5403242678602,-44.65078126981314,82.6126664904066,18.09704030068248,69.0189944385732,12.88396526074432,False,-0.7702905052005727,SOUTHERN_BRITTANY
658,2012-09-20,190.8375,793.6705094534634,-572.1023897074526,-30.7306197460108,82.6126664904066,18.09704030068248,69.0189944385732,12.88396526074432,False,-0.7702905052005727,SOUTHERN_BRITTANY
659,2012-09-28,190.8375,808.4329414098434,-585.2415901282728,-32.35385128157054,82.6126664904066,18.09704030068248,69.0189944385732,12.88396526074432,False,-0.7702905052005727,SOUTHERN_BRITTANY
660,2012-10-04,190.8375,823.2551420413905,-595.6475847126841,-36.77005732870646,82.6126664904066,18.09704030068248,69.0189944385732,12.88396526074432,False,-0.7702905052005727,SOUTHERN_BRITTANY
661,2012-10-12,303.641875,838.1107649660527,-536.8916052096665,2.4227152436138795,82.6126664904066,18.09704030068248,69.0189944385732,12.88396526074432,False,-0.7702905052005727,SOUTHERN_BRITTANY
662,2012-10-20,337.74285714285713,852.9686845906963,-496.59519441498327,-18.630633032855883,82.6126664904066,18.09704030068248,69.0189944385732,12.88396526074432,False,-0.7702905052005727,SOUTHERN_BRITTANY
663,2012-10-28,592.129625,867.7906218195924,-351.14043260234115,75.4794357827488,82.6126664904066,18.09704030068248,69.0189944385732,12.88396526074432,False,-0.7702905052005727,SOUTHERN_BRITTANY
664,2012-11-04,625.771875,882.532036721439,-243.12670710547152,-13.633454615967452,82.6126664904066,18.09704030068248,69.0189944385732,12.88396526074432,False,-0.7702905052005727,SOUTHERN_BRITTANY
665,2012-11-12,625.771875,897.1358191230371,-153.42315640618784,-117.94078771684924,82.6126664904066,18.09704030068248,69.0189944385732,12.88396526074432,False,-0.7702905052005727,SOUTHERN_BRITTANY
666,2012-11-20,507.328125,911.5354283198014,-184.4314445950454,-219.77585872475603,82.6126664904066,18.09704030068248,69.0189944385732,12.88396526074432,False,-0.7702905052005727,SOUTHERN_BRITTANY
667,2012-11-28,507.328125,925.655020626187,-235.2311077557256,-183.09578787046144,82.6126664904066,18.09704030068248,69.0189944385732,12.88396526074432,False,-0.7702905052005727,SOUTHERN_BRITTANY
668,2012-12-04,685.1565,939.4166145635496,-214.096104907868,-40.16400965568144,82.6126664904066,18.09704030068248,69.0189944385732,12.88396526074432,False,-0.7702905052005727,SOUTHERN_BRITTANY
669,2012-12-12,1064.8265,952.746716140003,-38.196898853572,150.27668271356896,82.6126664904066,18.09704030068248,69.0189944385732,12.88396526074432,False,-0.7702905052005727,SOUTHERN_BRITTANY
670,2012-12-20,2228.567875,965.5847152277788,748.9968135541301,513.9863462180908,82.6126664904066,18.09704030068248,69.0189944385732,12.88396526074432,False,-0.7702905052005727,SOUTHERN_BRITTANY
671,2012-12-28,2228.567875,977.896150692263,1123.840715875281,126.83100843245596,82.6126664904066,18.09704030068248,69.0189944385732,12.88396526074432,False,-0.7702905052005727,SOUTHERN_BRITTANY
672,2013-01-04,1727.758,989.6519844992451,881.0825385010477,-142.9765230002929,82.6126664904066,18.09704030068248,69.0189944385732,12.88396526074432,False,-0.7702905052005727,SOUTHERN_BRITTANY
673,2013-01-12,1637.119375,1000.8268475722358,783.7505832896059,-147.45805586184167,82.6126664904066,18.09704030068248,69.0189944385732,12.88396526074432,False,-0.7702905052005727,SOUTHERN_BRITTANY
674,2013-01-20,1637.119375,1011.3924916458162,601.5732378016418,24.153645552542,82.6126664904066,18.09704030068248,69.0189944385732,12.88396526074432,False,-0.7702905052005727,SOUTHERN_BRITTANY
675,2013-01-28,1730.9607142857144,1021.3120589067252,819.0183536374025,-109.36969825841322,82.6126664904066,18.09704030068248,69.0189944385732,12.88396526074432,False,-0.7702905052005727,SOUTHERN_BRITTANY
676,2013-02-04,2498.1776250000003,1030.5249506810758,1226.5451179825457,241.1075563363788,82.6126664904066,18.09704030068248,69.0189944385732,12.88396526074432,False,-0.7702905052005727,SOUTHERN_BRITTANY
677,2013-02-12,2498.1776250000003,1038.961630723997,1180.5078154109565,278.7081788650471,82.6126664904066,18.09704030068248,69.0189944385732,12.88396526074432,False,-0.7702905052005727,SOUTHERN_BRITTANY
678,2013-02-20,1646.471375,1046.5456620089394,748.8618844308735,-148.93617143981282,82.6126664904066,18.09704030068248,69.0189944385732,12.88396526074432,False,-0.7702905052005727,SOUTHERN_BRITTANY
679,2013-02-28,1255.35675,1053.198402929207,464.18081054551294,-262.0224634747201,82.6126664904066,18.09704030068248,69.0189944385732,12.88396526074432,False,-0.7702905052005727,SOUTHERN_BRITTANY
680,2013-03-04,1089.498125,1058.8542144040207,247.4437621347274,-216.799851538748,82.6126664904066,18.09704030068248,69.0189944385732,12.88396526074432,False,-0.7702905052005727,SOUTHERN_BRITTANY
681,2013-03-12,1089.498125,1063.4650919038215,131.08387968920084,-105.0508465930223,82.6126664904066,18.09704030068248,69.0189944385732,12.88396526074432,False,-0.7702905052005727,SOUTHERN_BRITTANY
682,2013-03-20,1089.498125,1067.0038464015277,15.843723416736816,6.650555181735605,82.6126664904066,18.09704030068248,69.0189944385732,12.88396526074432,False,-0.7702905052005727,SOUTHERN_BRITTANY
683,2013-03-28,1072.549625,1069.4658025927445,0.3025334274085534,2.781288979847085,82.6126664904066,18.09704030068248,69.0189944385732,12.88396526074432,False,-0.7702905052005727,SOUTHERN_BRITTANY
684,2013-04-04,1072.549625,1070.8665721756877,-66.7573654356744,68.44041825998706,82.6126664904066,18.09704030068248,69.0189944385732,12.88396526074432,False,-0.7702905052005727,SOUTHERN_BRITTANY
685,2013-04-12,1216.51825,1071.2430585363295,-30.98914361954867,176.26433508321924,82.6126664904066,18.09704030068248,69.0189944385732,12.88396526074432,False,-0.7702905052005727,SOUTHERN_BRITTANY
686,2013-04-20,1216.51825,1070.654234928305,-21.620671861225738,167.48468693292085,82.6126664904066,18.09704030068248,69.0189944385732,12.88396526074432,False,-0.7702905052005727,SOUTHERN_BRITTANY
687,2013-04-28,1216.51825,1069.1807736125015,186.23215242291764,-38.89467603541908,82.6126664904066,18.09704030068248,69.0189944385732,12.88396526074432,False,-0.7702905052005727,SOUTHERN_BRITTANY
688,2013-05-04,1510.08425,1066.924586258045,333.1643016137558,109.9953621281992,82.6126664904066,18.09704030068248,69.0189944385732,12.88396526074432,False,-0.7702905052005727,SOUTHERN_BRITTANY
689,2013-05-12,1580.267375,1064.0107836152938,283.08138166279883,233.1752097219073,82.6126664904066,18.09704030068248,69.0189944385732,12.88396526074432,False,-0.7702905052005727,SOUTHERN_BRITTANY
690,2013-05-20,1580.267375,1060.5651712226256,277.8695646788189,241.83263909855535,82.6126664904066,18.09704030068248,69.0189944385732,12.88396526074432,False,-0.7702905052005727,SOUTHERN_BRITTANY
691,2013-05-28,1580.267375,1056.7057383282413,225.4855501297863,298.0760865419723,82.6126664904066,18.09704030068248,69.0189944385732,12.88396526074432,False,-0.7702905052005727,SOUTHERN_BRITTANY
692,2013-06-04,1440.702,1052.544933139504,138.0825251740218,250.07454168647408,82.6126664904066,18.09704030068248,69.0189944385732,12.88396526074432,False,-0.7702905052005727,SOUTHERN_BRITTANY
693,2013-06-12,924.44225,1048.1863502487977,-171.48145469581078,47.73735444701339,82.6126664904066,18.09704030068248,69.0189944385732,12.88396526074432,False,-0.7702905052005727,SOUTHERN_BRITTANY
694,2013-06-20,849.942375,1043.7251479503857,-238.89261511064345,45.10984216025796,82.6126664904066,18.09704030068248,69.0189944385732,12.88396526074432,False,-0.7702905052005727,SOUTHERN_BRITTANY
695,2013-06-28,552.3151666666666,1039.2475860528173,-432.3508938484056,-54.58152553774505,82.6126664904066,18.09704030068248,69.0189944385732,12.88396526074432,False,-0.7702905052005727,SOUTHERN_BRITTANY
696,2013-07-04,449.369125,1034.824299400531,-478.24369689312766,-107.21147750740306,82.6126664904066,18.09704030068248,69.0189944385732,12.88396526074432,False,-0.7702905052005727,SOUTHERN_BRITTANY
697,2013-07-12,370.344875,1030.5101305679625,-494.5548570063877,-165.61039856157487,82.6126664904066,18.09704030068248,69.0189944385732,12.88396526074432,False,-0.7702905052005727,SOUTHERN_BRITTANY
698,2013-07-20,314.35742857142856,1026.3426684578512,-526.3854198496266,-185.59982003679613,82.6126664904066,18.09704030068248,69.0189944385732,12.88396526074432,False,-0.7702905052005727,SOUTHERN_BRITTANY
699,2013-07-28,314.35742857142856,1022.3423465909848,-541.7456122383016,-166.23930578125464,82.6126664904066,18.09704030068248,69.0189944385732,12.88396526074432,False,-0.7702905052005727,SOUTHERN_BRITTANY
700,2013-08-04,352.773,1018.5140256412176,-529.2839268629729,-136.4570987782448,82.6126664904066,18.09704030068248,69.0189944385732,12.88396526074432,False,-0.7702905052005727,SOUTHERN_BRITTANY
701,2013-08-12,352.773,1014.8498429490496,-524.017014006517,-138.0598289425326,82.6126664904066,18.09704030068248,69.0189944385732,12.88396526074432,False,-0.7702905052005727,SOUTHERN_BRITTANY
702,2013-08-20,290.988125,1011.33258356772,-570.002371457188,-150.34208711053202,82.6126664904066,18.09704030068248,69.0189944385732,12.88396526074432,False,-0.7702905052005727,SOUTHERN_BRITTANY
703,2013-08-28,222.95057142857144,1007.9379696561318,-656.1202849266409,-128.8671133009194,82.6126664904066,18.09704030068248,69.0189944385732,12.88396526074432,False,-0.7702905052005727,SOUTHERN_BRITTANY
704,2013-09-04,222.95057142857144,1004.6388956733102,-685.9647619484816,-95.72356229625724,82.6126664904066,18.09704030068248,69.0189944385732,12.88396526074432,False,-0.7702905052005727,SOUTHERN_BRITTANY
705,2013-09-12,245.6275,1001.4074597675252,-686.2512146126792,-69.52874515484586,82.6126664904066,18.09704030068248,69.0189944385732,12.88396526074432,False,-0.7702905052005727,SOUTHERN_BRITTANY
706,2013-09-20,268.3115,998.2149039125104,-668.4550616169015,-61.44834229560888,82.6126664904066,18.09704030068248,69.0189944385732,12.88396526074432,False,-0.7702905052005727,SOUTHERN_BRITTANY
707,2013-09-28,269.359375,995.0326462776524,-671.4626799139855,-54.21059136366682,82.6126664904066,18.09704030068248,69.0189944385732,12.88396526074432,False,-0.7702905052005727,SOUTHERN_BRITTANY
708,2013-10-04,269.359375,991.832691428314,-662.8286306615237,-59.6446857667903,82.6126664904066,18.09704030068248,69.0189944385732,12.88396526074432,False,-0.7702905052005727,SOUTHERN_BRITTANY
709,2013-10-12,308.20425,988.586038485865,-574.1580843489494,-106.22370413691556,82.6126664904066,18.09704030068248,69.0189944385732,12.88396526074432,False,-0.7702905052005727,SOUTHERN_BRITTANY
710,2013-10-20,413.736125,985.2603312888172,-512.5211134526008,-59.00309283621641,82.6126664904066,18.09704030068248,69.0189944385732,12.88396526074432,False,-0.7702905052005727,SOUTHERN_BRITTANY
711,2013-10-28,505.4995714285714,981.8225277392226,-416.2227606990397,-60.10019561161136,82.6126664904066,18.09704030068248,69.0189944385732,12.88396526074432,False,-0.7702905052005727,SOUTHERN_BRITTANY
712,2013-11-04,851.513375,978.2401708524744,-229.1808954152337,102.45409956275928,82.6126664904066,18.09704030068248,69.0189944385732,12.88396526074432,False,-0.7702905052005727,SOUTHERN_BRITTANY
713,2013-11-12,1153.087,974.485274980732,47.737265093378255,130.8644599258896,82.6126664904066,18.09704030068248,69.0189944385732,12.88396526074432,False,-0.7702905052005727,SOUTHERN_BRITTANY
714,2013-11-20,1292.629,970.5232718474394,110.49513171636424,211.6105964361962,82.6126664904066,18.09704030068248,69.0189944385732,12.88396526074432,False,-0.7702905052005727,SOUTHERN_BRITTANY
715,2013-11-28,1153.087,966.3176103853664,47.0808269498285,139.688562664805,82.6126664904066,18.09704030068248,69.0189944385732,12.88396526074432,False,-0.7702905052005727,SOUTHERN_BRITTANY
716,2013-12-04,910.064875,961.835034120567,-64.48187774430076,12.711718623733788,82.6126664904066,18.09704030068248,69.0189944385732,12.88396526074432,False,-0.7702905052005727,SOUTHERN_BRITTANY
717,2013-12-12,662.774,957.0540348778296,-87.86704601404493,-206.4129888637848,82.6126664904066,18.09704030068248,69.0189944385732,12.88396526074432,False,-0.7702905052005727,SOUTHERN_BRITTANY
718,2013-12-20,662.774,951.9647994117256,314.3616024482153,-603.5524018599408,82.6126664904066,18.09704030068248,69.0189944385732,12.88396526074432,False,-0.7702905052005727,SOUTHERN_BRITTANY
719,2013-12-28,1799.0437142857145,946.5597222147971,885.6741766145221,-33.19018454360503,82.6126664904066,18.09704030068248,69.0189944385732,12.88396526074432,False,-0.7702905052005727,SOUTHERN_BRITTANY
720,2014-01-04,1799.0437142857145,940.8394177174904,727.290590982744,130.91370558547987,82.6126664904066,18.09704030068248,69.0189944385732,12.88396526074432,False,-0.7702905052005727,SOUTHERN_BRITTANY
721,2014-01-12,1598.588,934.7975916213196,605.9615182628359,57.8288901158445,82.6126664904066,18.09704030068248,69.0189944385732,12.88396526074432,False,-0.7702905052005727,SOUTHERN_BRITTANY
722,2014-01-20,1598.588,928.4340152131724,628.7668802816124,41.387104505215234,82.6126664904066,18.09704030068248,69.0189944385732,12.88396526074432,False,-0.7702905052005727,SOUTHERN_BRITTANY
723,2014-01-28,2333.90425,921.7612733495852,1091.9848516380107,320.15812501240407,82.6126664904066,18.09704030068248,69.0189944385732,12.88396526074432,False,-0.7702905052005727,SOUTHERN_BRITTANY
724,2014-02-04,2566.5287142857146,914.8065214716644,1329.2059275579477,322.51626525610254,82.6126664904066,18.09704030068248,69.0189944385732,12.88396526074432,False,-0.7702905052005727,SOUTHERN_BRITTANY
725,2014-02-12,2587.7935,907.6119735325608,1373.2284948094791,306.9530316579601,82.6126664904066,18.09704030068248,69.0189944385732,12.88396526074432,False,-0.7702905052005727,SOUTHERN_BRITTANY
726,2014-02-20,2587.7935,900.2420391101197,1160.7931546627092,526.758306227171,82.6126664904066,18.09704030068248,69.0189944385732,12.88396526074432,False,-0.7702905052005727,SOUTHERN_BRITTANY
727,2014-02-28,2291.708375,892.7621010739709,967.6980827426688,431.24819118336063,82.6126664904066,18.09704030068248,69.0189944385732,12.88396526074432,False,-0.7702905052005727,SOUTHERN_BRITTANY
728,2014-03-04,1770.0665,885.2185308523595,666.8233103034355,218.02465884420485,82.6126664904066,18.09704030068248,69.0189944385732,12.88396526074432,False,-0.7702905052005727,SOUTHERN_BRITTANY
729,2014-03-12,1336.24125,877.6493971543152,370.3066258736108,88.28522697207404,82.6126664904066,18.09704030068248,69.0189944385732,12.88396526074432,False,-0.7702905052005727,SOUTHERN_BRITTANY
730,2014-03-20,921.858875,870.0936016745353,88.40877178249269,-36.64349845702799,82.6126664904066,18.09704030068248,69.0189944385732,12.88396526074432,False,-0.7702905052005727,SOUTHERN_BRITTANY
731,2014-03-28,921.2234285714286,862.5901537567424,86.22023815210387,-27.586963337417718,82.6126664904066,18.09704030068248,69.0189944385732,12.88396526074432,False,-0.7702905052005727,SOUTHERN_BRITTANY
732,2014-04-04,726.15775,855.1782211555841,-18.40548921052342,-110.61498194506068,82.6126664904066,18.09704030068248,69.0189944385732,12.88396526074432,False,-0.7702905052005727,SOUTHERN_BRITTANY
733,2014-04-12,581.28175,847.8955278493216,-86.50706708969693,-180.10671075962472,82.6126664904066,18.09704030068248,69.0189944385732,12.88396526074432,False,-0.7702905052005727,SOUTHERN_BRITTANY
734,2014-04-20,483.3186666666666,840.783017067787,-179.20852040227243,-178.25582999884796,82.6126664904066,18.09704030068248,69.0189944385732,12.88396526074432,False,-0.7702905052005727,SOUTHERN_BRITTANY
735,2014-04-28,483.3186666666666,833.8860804634573,-174.67892982321283,-175.8884839735779,82.6126664904066,18.09704030068248,69.0189944385732,12.88396526074432,False,-0.7702905052005727,SOUTHERN_BRITTANY
736,2014-05-04,483.3186666666666,827.2484604730826,0.3664310879224537,-344.2962248943384,82.6126664904066,18.09704030068248,69.0189944385732,12.88396526074432,False,-0.7702905052005727,SOUTHERN_BRITTANY
737,2014-05-12,499.79925,820.9024531663761,33.225780620478645,-354.3289837868547,82.6126664904066,18.09704030068248,69.0189944385732,12.88396526074432,False,-0.7702905052005727,SOUTHERN_BRITTANY
738,2014-05-20,499.79925,814.8812108790152,-69.39308215198817,-245.68887872702695,82.6126664904066,18.09704030068248,69.0189944385732,12.88396526074432,False,-0.7702905052005727,SOUTHERN_BRITTANY
739,2014-05-28,499.79925,809.2250337541313,-93.32303586085204,-216.1027478932793,82.6126664904066,18.09704030068248,69.0189944385732,12.88396526074432,False,-0.7702905052005727,SOUTHERN_BRITTANY
740,2014-06-04,446.38275,803.977160180898,-166.79728226780614,-190.79712791309183,82.6126664904066,18.09704030068248,69.0189944385732,12.88396526074432,False,-0.7702905052005727,SOUTHERN_BRITTANY
741,2014-06-12,314.366,799.1842754797013,-356.4211574815148,-128.39711799818656,82.6126664904066,18.09704030068248,69.0189944385732,12.88396526074432,False,-0.7702905052005727,SOUTHERN_BRITTANY
742,2014-06-20,246.032,794.8856209200761,-407.3771560144929,-141.47646490558316,82.6126664904066,18.09704030068248,69.0189944385732,12.88396526074432,False,-0.7702905052005727,SOUTHERN_BRITTANY
743,2014-06-28,246.032,791.1043341805757,-478.2041417614802,-66.86819241909546,82.6126664904066,18.09704030068248,69.0189944385732,12.88396526074432,False,-0.7702905052005727,SOUTHERN_BRITTANY
744,2014-07-04,252.145625,787.8483420141669,-501.7305895699356,-33.97212744423126,82.6126664904066,18.09704030068248,69.0189944385732,12.88396526074432,False,-0.7702905052005727,SOUTHERN_BRITTANY
745,2014-07-12,404.00125,785.1079195730616,-444.63384594928834,63.52717637622675,82.6126664904066,18.09704030068248,69.0189944385732,12.88396526074432,False,-0.7702905052005727,SOUTHERN_BRITTANY
746,2014-07-20,407.575,782.8589645362533,-452.6535257584303,77.36956122217691,82.6126664904066,18.09704030068248,69.0189944385732,12.88396526074432,False,-0.7702905052005727,SOUTHERN_BRITTANY
747,2014-07-28,463.686625,781.0645243844813,-418.4564594020356,101.07856001755432,82.6126664904066,18.09704030068248,69.0189944385732,12.88396526074432,False,-0.7702905052005727,SOUTHERN_BRITTANY
748,2014-08-04,479.10825,779.6782804246641,-389.11164820534407,88.54161778067999,82.6126664904066,18.09704030068248,69.0189944385732,12.88396526074432,False,-0.7702905052005727,SOUTHERN_BRITTANY
749,2014-08-12,527.565375,778.6468558723948,-352.9690960035732,101.8876151311784,82.6126664904066,18.09704030068248,69.0189944385732,12.88396526074432,False,-0.7702905052005727,SOUTHERN_BRITTANY
750,2014-08-20,527.565375,777.9109301609957,-361.32266594650514,110.97711078550948,82.6126664904066,18.09704030068248,69.0189944385732,12.88396526074432,False,-0.7702905052005727,SOUTHERN_BRITTANY
751,2014-08-28,363.0111428571428,777.4050487037684,-457.6709282837048,43.27702243707921,82.6126664904066,18.09704030068248,69.0189944385732,12.88396526074432,False,-0.7702905052005727,SOUTHERN_BRITTANY
752,2014-09-04,284.482375,777.0576577994304,-498.5686726799411,5.99338988051062,82.6126664904066,18.09704030068248,69.0189944385732,12.88396526074432,False,-0.7702905052005727,SOUTHERN_BRITTANY
753,2014-09-12,268.383625,776.793211234427,-504.1562269375361,-4.253359296890835,82.6126664904066,18.09704030068248,69.0189944385732,12.88396526074432,False,-0.7702905052005727,SOUTHERN_BRITTANY
754,2014-09-20,268.383625,776.5336377186517,-479.77928205709554,-28.370730661556134,82.6126664904066,18.09704030068248,69.0189944385732,12.88396526074432,False,-0.7702905052005727,SOUTHERN_BRITTANY
755,2014-09-28,268.383625,776.1977102461973,-481.4681831336887,-26.34590211250861,82.6126664904066,18.09704030068248,69.0189944385732,12.88396526074432,False,-0.7702905052005727,SOUTHERN_BRITTANY
756,2014-10-04,316.1951666666667,775.7023465823664,-466.81960200491307,7.312422089213328,82.6126664904066,18.09704030068248,69.0189944385732,12.88396526074432,False,-0.7702905052005727,SOUTHERN_BRITTANY
757,2014-10-12,487.767875,774.9652950303198,-381.34974525894114,94.15232522862136,82.6126664904066,18.09704030068248,69.0189944385732,12.88396526074432,False,-0.7702905052005727,SOUTHERN_BRITTANY
758,2014-10-20,487.767875,773.9085655609505,-358.18550965177315,72.04481909082267,82.6126664904066,18.09704030068248,69.0189944385732,12.88396526074432,False,-0.7702905052005727,SOUTHERN_BRITTANY
759,2014-10-28,420.5335,772.4600534539945,-371.60217929296175,19.67562583896722,82.6126664904066,18.09704030068248,69.0189944385732,12.88396526074432,False,-0.7702905052005727,SOUTHERN_BRITTANY
760,2014-11-04,420.5335,770.5565717859481,-287.9080700353096,-62.1150017506385,82.6126664904066,18.09704030068248,69.0189944385732,12.88396526074432,False,-0.7702905052005727,SOUTHERN_BRITTANY
761,2014-11-12,906.14525,768.1441744123323,31.05550606883431,106.94556951883344,82.6126664904066,18.09704030068248,69.0189944385732,12.88396526074432,False,-0.7702905052005727,SOUTHERN_BRITTANY
762,2014-11-20,975.6173333333332,765.1851430282545,109.47198981980856,100.96020048527018,82.6126664904066,18.09704030068248,69.0189944385732,12.88396526074432,False,-0.7702905052005727,SOUTHERN_BRITTANY
763,2014-11-28,975.6173333333332,761.6513990966329,87.6320979899778,126.33383624672258,82.6126664904066,18.09704030068248,69.0189944385732,12.88396526074432,False,-0.7702905052005727,SOUTHERN_BRITTANY
764,2014-12-04,812.2325,757.5231531469198,-55.8382636034927,110.5476104565729,82.6126664904066,18.09704030068248,69.0189944385732,12.88396526074432,False,-0.7702905052005727,SOUTHERN_BRITTANY
765,2014-12-12,812.2325,752.7803010272095,-131.28640662728995,190.73860560008043,82.6126664904066,18.09704030068248,69.0189944385732,12.88396526074432,False,-0.7702905052005727,SOUTHERN_BRITTANY
766,2014-12-20,1240.315857142857,747.3997359536912,76.6365510150294,416.2795701741365,82.6126664904066,18.09704030068248,69.0189944385732,12.88396526074432,False,-0.7702905052005727,SOUTHERN_BRITTANY
767,2014-12-28,1240.315857142857,741.3628280940502,356.8982256468085,142.0548034019984,82.6126664904066,18.09704030068248,69.0189944385732,12.88396526074432,False,-0.7702905052005727,SOUTHERN_BRITTANY
768,2015-01-04,1099.177375,734.6643495034721,331.9481018169984,32.5649236795295,82.6126664904066,18.09704030068248,69.0189944385732,12.88396526074432,False,-0.7702905052005727,SOUTHERN_BRITTANY
769,2015-01-12,1099.177375,727.3301119730177,426.3602213570605,-54.51295833007816,82.6126664904066,18.09704030068248,69.0189944385732,12.88396526074432,False,-0.7702905052005727,SOUTHERN_BRITTANY
770,2015-01-20,1186.5577142857144,719.3908554319262,470.1746127590819,-3.007753905293725,82.6126664904066,18.09704030068248,69.0189944385732,12.88396526074432,False,-0.7702905052005727,SOUTHERN_BRITTANY
771,2015-01-28,1472.308,710.8826318266998,797.6522189680545,-36.22685079475434,82.6126664904066,18.09704030068248,69.0189944385732,12.88396526074432,False,-0.7702905052005727,SOUTHERN_BRITTANY
772,2015-02-04,1186.5577142857144,701.8572666920901,763.2230196551026,-278.5225720614783,82.6126664904066,18.09704030068248,69.0189944385732,12.88396526074432,False,-0.7702905052005727,SOUTHERN_BRITTANY
773,2015-02-12,1317.528375,692.3829702597972,1060.066323227196,-434.9209184869932,82.6126664904066,18.09704030068248,69.0189944385732,12.88396526074432,False,-0.7702905052005727,SOUTHERN_BRITTANY
774,2015-02-20,1317.528375,682.52099458721,1062.4302071338238,-427.422826721034,82.6126664904066,18.09704030068248,69.0189944385732,12.88396526074432,False,-0.7702905052005727,SOUTHERN_BRITTANY
775,2015-02-28,1525.5425,672.329984872083,998.1915089246264,-144.97899379670946,82.6126664904066,18.09704030068248,69.0189944385732,12.88396526074432,False,-0.7702905052005727,SOUTHERN_BRITTANY
776,2015-03-04,1525.5425,661.8779003375618,869.0706233718589,-5.406023709420651,82.6126664904066,18.09704030068248,69.0189944385732,12.88396526074432,False,-0.7702905052005727,SOUTHERN_BRITTANY
777,2015-03-12,1199.310375,651.2326221983143,572.5712799287566,-24.49352712707082,82.6126664904066,18.09704030068248,69.0189944385732,12.88396526074432,False,-0.7702905052005727,SOUTHERN_BRITTANY
778,2015-03-20,891.5955,640.4577812405017,178.64884488478054,72.48887387471774,82.6126664904066,18.09704030068248,69.0189944385732,12.88396526074432,False,-0.7702905052005727,SOUTHERN_BRITTANY
779,2015-03-28,891.5955,629.6203916265084,179.90061925407116,82.07448911942043,82.6126664904066,18.09704030068248,69.0189944385732,12.88396526074432,False,-0.7702905052005727,SOUTHERN_BRITTANY
780,2015-04-04,853.3345714285714,618.7900043170989,135.34186573917114,99.20270137230132,82.6126664904066,18.09704030068248,69.0189944385732,12.88396526074432,False,-0.7702905052005727,SOUTHERN_BRITTANY
781,2015-04-12,716.46575,608.036632786526,54.56466892889719,53.86444828457681,82.6126664904066,18.09704030068248,69.0189944385732,12.88396526074432,False,-0.7702905052005727,SOUTHERN_BRITTANY
782,2015-04-20,529.441875,597.4224765194091,-59.53788065982869,-8.442720859580419,82.6126664904066,18.09704030068248,69.0189944385732,12.88396526074432,False,-0.7702905052005727,SOUTHERN_BRITTANY
783,2015-04-28,529.441875,587.000848926456,-85.8188000855717,28.25982615911568,82.6126664904066,18.09704030068248,69.0189944385732,12.88396526074432,False,-0.7702905052005727,SOUTHERN_BRITTANY
784,2015-05-04,909.607,576.8214406225754,34.96847503245145,297.81708434497307,82.6126664904066,18.09704030068248,69.0189944385732,12.88396526074432,False,-0.7702905052005727,SOUTHERN_BRITTANY
785,2015-05-12,909.607,566.9388860773596,47.45864495515097,295.2094689674894,82.6126664904066,18.09704030068248,69.0189944385732,12.88396526074432,False,-0.7702905052005727,SOUTHERN_BRITTANY
786,2015-05-20,474.058,557.4090208073293,-120.7372233437314,37.386202536402095,82.6126664904066,18.09704030068248,69.0189944385732,12.88396526074432,False,-0.7702905052005727,SOUTHERN_BRITTANY
787,2015-05-28,356.6622857142857,548.287370515628,-139.54638868256183,-52.0786961187805,82.6126664904066,18.09704030068248,69.0189944385732,12.88396526074432,False,-0.7702905052005727,SOUTHERN_BRITTANY
788,2015-06-04,289.19525,539.628546009598,-38.78060276898196,-211.6526932406161,82.6126664904066,18.09704030068248,69.0189944385732,12.88396526074432,False,-0.7702905052005727,SOUTHERN_BRITTANY
789,2015-06-12,289.19525,531.4740262283566,-65.22170554399776,-177.05707068435885,82.6126664904066,18.09704030068248,69.0189944385732,12.88396526074432,False,-0.7702905052005727,SOUTHERN_BRITTANY
790,2015-06-20,266.40325,523.8570484859272,-181.13191948725975,-76.32187899866739,82.6126664904066,18.09704030068248,69.0189944385732,12.88396526074432,False,-0.7702905052005727,SOUTHERN_BRITTANY
791,2015-06-28,232.31316666666663,516.8130021981723,-298.70357315646294,14.20373762495734,82.6126664904066,18.09704030068248,69.0189944385732,12.88396526074432,False,-0.7702905052005727,SOUTHERN_BRITTANY
792,2015-07-04,175.805125,510.38706895669526,-367.694295706666,33.1123517499708,82.6126664904066,18.09704030068248,69.0189944385732,12.88396526074432,False,-0.7702905052005727,SOUTHERN_BRITTANY
793,2015-07-12,142.6785,504.6376705293045,-385.6711829681585,23.712012438854003,82.6126664904066,18.09704030068248,69.0189944385732,12.88396526074432,False,-0.7702905052005727,SOUTHERN_BRITTANY
794,2015-07-20,134.10685714285714,499.6352134871399,-399.2892104615482,33.76085411726547,82.6126664904066,18.09704030068248,69.0189944385732,12.88396526074432,False,-0.7702905052005727,SOUTHERN_BRITTANY
795,2015-07-28,130.0915,495.4591018638412,-387.2821303003119,21.91452843647062,82.6126664904066,18.09704030068248,69.0189944385732,12.88396526074432,False,-0.7702905052005727,SOUTHERN_BRITTANY
796,2015-08-04,134.10685714285714,492.19120510101385,-372.8199950923764,14.735647134219676,82.6126664904066,18.09704030068248,69.0189944385732,12.88396526074432,False,-0.7702905052005727,SOUTHERN_BRITTANY
797,2015-08-12,138.239,489.9117870555808,-351.43242054785713,-0.2403665077236496,82.6126664904066,18.09704030068248,69.0189944385732,12.88396526074432,False,-0.7702905052005727,SOUTHERN_BRITTANY
798,2015-08-20,143.850125,488.6951979167905,-346.78919351359485,1.9441205968043391,82.6126664904066,18.09704030068248,69.0189944385732,12.88396526074432,False,-0.7702905052005727,SOUTHERN_BRITTANY
799,2015-08-28,148.38785714285714,488.6077077010072,-377.6132886697286,37.393438111578575,82.6126664904066,18.09704030068248,69.0189944385732,12.88396526074432,False,-0.7702905052005727,SOUTHERN_BRITTANY
800,2015-09-04,148.38785714285714,489.7040923095792,-389.85299087890354,48.53675571218156,82.6126664904066,18.09704030068248,69.0189944385732,12.88396526074432,False,-0.7702905052005727,SOUTHERN_BRITTANY
801,2015-09-12,150.446125,492.0244879773108,-387.9383202905344,46.35995731322356,82.6126664904066,18.09704030068248,69.0189944385732,12.88396526074432,False,-0.7702905052005727,SOUTHERN_BRITTANY
802,2015-09-20,236.6038333333333,495.594914631897,-343.5094084113064,84.51832711274272,82.6126664904066,18.09704030068248,69.0189944385732,12.88396526074432,False,-0.7702905052005727,SOUTHERN_BRITTANY
803,2015-09-28,236.6038333333333,500.4283751820104,-344.4689811033332,80.6444392546561,82.6126664904066,18.09704030068248,69.0189944385732,12.88396526074432,False,-0.7702905052005727,SOUTHERN_BRITTANY
804,2015-10-04,210.862125,506.5247364903472,-346.7879180387397,51.12530654839253,82.6126664904066,18.09704030068248,69.0189944385732,12.88396526074432,False,-0.7702905052005727,SOUTHERN_BRITTANY
805,2015-10-12,184.641375,513.8717081320244,-318.04305952881003,-11.187273603214408,82.6126664904066,18.09704030068248,69.0189944385732,12.88396526074432,False,-0.7702905052005727,SOUTHERN_BRITTANY
806,2015-10-20,184.641375,522.4453704166433,-312.7376718914341,-25.066323525209214,82.6126664904066,18.09704030068248,69.0189944385732,12.88396526074432,False,-0.7702905052005727,SOUTHERN_BRITTANY
807,2015-10-28,184.641375,532.2094634427169,-330.6115478028272,-16.956540639889738,82.6126664904066,18.09704030068248,69.0189944385732,12.88396526074432,False,-0.7702905052005727,SOUTHERN_BRITTANY
808,2015-11-04,181.00357142857143,543.11270639217,-332.60716429504623,-29.50197066855236,82.6126664904066,18.09704030068248,69.0189944385732,12.88396526074432,False,-0.7702905052005727,SOUTHERN_BRITTANY
809,2015-11-12,188.5175,555.0903676177065,-183.4727557935191,-183.1001118241874,82.6126664904066,18.09704030068248,69.0189944385732,12.88396526074432,False,-0.7702905052005727,SOUTHERN_BRITTANY
810,2015-11-20,224.173625,568.0664601648905,-124.40134088506198,-219.4914942798285,82.6126664904066,18.09704030068248,69.0189944385732,12.88396526074432,False,-0.7702905052005727,SOUTHERN_BRITTANY
811,2015-11-28,273.665625,581.9589400007841,-16.732284460762465,-291.56103054002165,82.6126664904066,18.09704030068248,69.0189944385732,12.88396526074432,False,-0.7702905052005727,SOUTHERN_BRITTANY
812,2015-12-04,273.665625,596.6702513557826,-64.01171739023316,-258.9929089655495,82.6126664904066,18.09704030068248,69.0189944385732,12.88396526074432,False,-0.7702905052005727,SOUTHERN_BRITTANY
813,2015-12-12,236.60725,612.0917541476833,-174.03554230211913,-201.44896184556416,82.6126664904066,18.09704030068248,69.0189944385732,12.88396526074432,False,-0.7702905052005727,SOUTHERN_BRITTANY
814,2015-12-20,232.89014285714285,628.1130992865225,-87.40091459492217,-307.8220418344574,82.6126664904066,18.09704030068248,69.0189944385732,12.88396526074432,False,-0.7702905052005727,SOUTHERN_BRITTANY
815,2015-12-28,232.89014285714285,644.6260426381912,-106.992116161157,-304.7437836198913,82.6126664904066,18.09704030068248,69.0189944385732,12.88396526074432,False,-0.7702905052005727,SOUTHERN_BRITTANY
816,2016-01-04,425.728375,661.5198231421801,-50.39540283351877,-185.39604530866131,82.6126664904066,18.09704030068248,69.0189944385732,12.88396526074432,False,-0.7702905052005727,SOUTHERN_BRITTANY
817,2016-01-12,1008.000625,678.6763503696534,236.9212540096661,92.40302062068056,82.6126664904066,18.09704030068248,69.0189944385732,12.88396526074432,False,-0.7702905052005727,SOUTHERN_BRITTANY
818,2016-01-20,1008.000625,695.9810543885629,264.7759876877297,47.24358292370738,82.6126664904066,18.09704030068248,69.0189944385732,12.88396526074432,False,-0.7702905052005727,SOUTHERN_BRITTANY
819,2016-01-28,1008.000625,713.3223267841164,350.50048217601585,-55.82218396013224,82.6126664904066,18.09704030068248,69.0189944385732,12.88396526074432,False,-0.7702905052005727,SOUTHERN_BRITTANY
820,2016-02-04,1203.140875,730.583137920863,441.3900224815965,31.16771459754051,82.6126664904066,18.09704030068248,69.0189944385732,12.88396526074432,False,-0.7702905052005727,SOUTHERN_BRITTANY
821,2016-02-12,2098.968375,747.6310831748613,920.1869729307692,431.15031889436943,82.6126664904066,18.09704030068248,69.0189944385732,12.88396526074432,False,-0.7702905052005727,SOUTHERN_BRITTANY
822,2016-02-20,2098.968375,764.3256042762181,914.6526514578596,419.9901192659222,82.6126664904066,18.09704030068248,69.0189944385732,12.88396526074432,False,-0.7702905052005727,SOUTHERN_BRITTANY
823,2016-02-28,1714.5528,780.5229593958774,772.5387299146053,161.4911106895173,82.6126664904066,18.09704030068248,69.0189944385732,12.88396526074432,False,-0.7702905052005727,SOUTHERN_BRITTANY
824,2016-03-04,1714.5528,796.0818079160366,861.1274937409572,57.3434983430061,82.6126664904066,18.09704030068248,69.0189944385732,12.88396526074432,False,-0.7702905052005727,SOUTHERN_BRITTANY
825,2016-03-12,1609.666625,810.8626310672347,724.393598684648,74.41039524811731,82.6126664904066,18.09704030068248,69.0189944385732,12.88396526074432,False,-0.7702905052005727,SOUTHERN_BRITTANY
826,2016-03-20,1058.43975,824.723621400275,307.91104951130427,-74.19492091157923,82.6126664904066,18.09704030068248,69.0189944385732,12.88396526074432,False,-0.7702905052005727,SOUTHERN_BRITTANY
827,2016-03-28,1058.43975,837.5204126829356,304.54157337548656,-83.62223605842212,82.6126664904066,18.09704030068248,69.0189944385732,12.88396526074432,False,-0.7702905052005727,SOUTHERN_BRITTANY
828,2016-04-04,1144.373,849.1126518586184,317.88745506559235,-22.627106924210693,82.6126664904066,18.09704030068248,69.0189944385732,12.88396526074432,False,-0.7702905052005727,SOUTHERN_BRITTANY
829,2016-04-12,1228.337625,859.3647467376703,267.96777835488,101.0050999074498,82.6126664904066,18.09704030068248,69.0189944385732,12.88396526074432,False,-0.7702905052005727,SOUTHERN_BRITTANY
830,2016-04-20,1228.337625,868.1528515733153,179.76409131404745,180.4206821126374,82.6126664904066,18.09704030068248,69.0189944385732,12.88396526074432,False,-0.7702905052005727,SOUTHERN_BRITTANY
831,2016-04-28,1105.8308333333332,875.3641750281963,118.0832808621874,112.3833774429495,82.6126664904066,18.09704030068248,69.0189944385732,12.88396526074432,False,-0.7702905052005727,SOUTHERN_BRITTANY
832,2016-05-04,806.6764999999999,880.8977780101637,79.64200697907293,-153.86328498923675,82.6126664904066,18.09704030068248,69.0189944385732,12.88396526074432,False,-0.7702905052005727,SOUTHERN_BRITTANY
833,2016-05-12,806.6764999999999,884.6651580240331,81.7739672879948,-159.76262531202795,82.6126664904066,18.09704030068248,69.0189944385732,12.88396526074432,False,-0.7702905052005727,SOUTHERN_BRITTANY
834,2016-05-20,962.909125,886.5935332546517,53.19341753244135,23.122174212907,82.6126664904066,18.09704030068248,69.0189944385732,12.88396526074432,False,-0.7702905052005727,SOUTHERN_BRITTANY
835,2016-05-28,1084.560857142857,886.6162140127035,81.10825274862746,116.83639038152604,82.6126664904066,18.09704030068248,69.0189944385732,12.88396526074432,False,-0.7702905052005727,SOUTHERN_BRITTANY
836,2016-06-04,1647.293625,884.6730809231,327.48500203893,435.1355420379701,82.6126664904066,18.09704030068248,69.0189944385732,12.88396526074432,False,-0.7702905052005727,SOUTHERN_BRITTANY
837,2016-06-12,1647.293625,880.7255453162048,321.781791153333,444.7862885304622,82.6126664904066,18.09704030068248,69.0189944385732,12.88396526074432,False,-0.7702905052005727,SOUTHERN_BRITTANY
838,2016-06-20,1264.643,874.7584561299307,107.37535665184237,282.509187218227,82.6126664904066,18.09704030068248,69.0189944385732,12.88396526074432,False,-0.7702905052005727,SOUTHERN_BRITTANY
839,2016-06-28,811.8818333333334,866.7839271379689,-126.12738895805548,71.2252951534199,82.6126664904066,18.09704030068248,69.0189944385732,12.88396526074432,False,-0.7702905052005727,SOUTHERN_BRITTANY
840,2016-07-04,582.956625,856.8340499567186,-261.0600559863335,-12.81736897038502,82.6126664904066,18.09704030068248,69.0189944385732,12.88396526074432,False,-0.7702905052005727,SOUTHERN_BRITTANY
841,2016-07-12,377.023125,844.9576355224522,-373.2548654108545,-94.67964511159768,82.6126664904066,18.09704030068248,69.0189944385732,12.88396526074432,False,-0.7702905052005727,SOUTHERN_BRITTANY
842,2016-07-20,295.231625,831.2166592513151,-423.7198229583791,-112.26521129293604,82.6126664904066,18.09704030068248,69.0189944385732,12.88396526074432,False,-0.7702905052005727,SOUTHERN_BRITTANY
843,2016-07-28,243.8805714285714,815.6863185806692,-451.22113847528647,-120.58460867681129,82.6126664904066,18.09704030068248,69.0189944385732,12.88396526074432,False,-0.7702905052005727,SOUTHERN_BRITTANY
844,2016-08-04,222.63825,798.4562309087961,-462.5809091573712,-113.23707175142492,82.6126664904066,18.09704030068248,69.0189944385732,12.88396526074432,False,-0.7702905052005727,SOUTHERN_BRITTANY
845,2016-08-12,209.3335,779.6307790214403,-465.10326557464526,-105.19401344679504,82.6126664904066,18.09704030068248,69.0189944385732,12.88396526074432,False,-0.7702905052005727,SOUTHERN_BRITTANY
846,2016-08-20,182.678,759.3300638235057,-469.7410283720847,-106.91103545142109,82.6126664904066,18.09704030068248,69.0189944385732,12.88396526074432,False,-0.7702905052005727,SOUTHERN_BRITTANY
847,2016-08-28,178.30342857142858,737.69026318358,-462.41721015470256,-96.9696244574489,82.6126664904066,18.09704030068248,69.0189944385732,12.88396526074432,False,-0.7702905052005727,SOUTHERN_BRITTANY
848,2016-09-04,178.30342857142858,714.8641296040475,-451.6101338034933,-84.95056722912562,82.6126664904066,18.09704030068248,69.0189944385732,12.88396526074432,False,-0.7702905052005727,SOUTHERN_BRITTANY
849,2016-09-12,185.405,691.0201189606536,-439.13717076559567,-66.47794819505793,82.6126664904066,18.09704030068248,69.0189944385732,12.88396526074432,False,-0.7702905052005727,SOUTHERN_BRITTANY
850,2016-09-20,185.405,666.3396263732653,-414.3967048094734,-66.53792156379194,82.6126664904066,18.09704030068248,69.0189944385732,12.88396526074432,False,-0.7702905052005727,SOUTHERN_BRITTANY
851,2016-09-28,176.5378333333333,641.0144428328281,-417.8678557362278,-46.608753763266975,82.6126664904066,18.09704030068248,69.0189944385732,12.88396526074432,False,-0.7702905052005727,SOUTHERN_BRITTANY
852,2016-10-04,169.710125,615.2440173619428,-425.83168918604855,-19.702203175894283,82.6126664904066,18.09704030068248,69.0189944385732,12.88396526074432,False,-0.7702905052005727,SOUTHERN_BRITTANY
853,2016-10-12,169.710125,589.2303789192695,-430.5769059688892,11.056652049619744,82.6126664904066,18.09704030068248,69.0189944385732,12.88396526074432,False,-0.7702905052005727,SOUTHERN_BRITTANY
854,2016-10-20,199.212875,563.1742473428525,-413.7386792535839,49.7773069107314,82.6126664904066,18.09704030068248,69.0189944385732,12.88396526074432,False,-0.7702905052005727,SOUTHERN_BRITTANY
855,2016-10-28,204.672875,537.2722837087643,-405.83428886806246,73.23488015929809,82.6126664904066,18.09704030068248,69.0189944385732,12.88396526074432,False,-0.7702905052005727,SOUTHERN_BRITTANY
856,2016-11-04,207.488,511.7154875113579,-399.4928433241429,95.265355812785,82.6126664904066,18.09704030068248,69.0189944385732,12.88396526074432,False,-0.7702905052005727,SOUTHERN_BRITTANY
857,2016-11-12,301.85400000000004,486.6861027566896,-339.33436037658913,154.50225761989964,82.6126664904066,18.09704030068248,69.0189944385732,12.88396526074432,False,-0.7702905052005727,SOUTHERN_BRITTANY
858,2016-11-20,403.302375,462.3541916107708,-267.8718293819079,208.8200127711371,82.6126664904066,18.09704030068248,69.0189944385732,12.88396526074432,False,-0.7702905052005727,SOUTHERN_BRITTANY
859,2016-11-28,750.779,438.8742594669176,-75.06216788951743,386.96690842259983,82.6126664904066,18.09704030068248,69.0189944385732,12.88396526074432,False,-0.7702905052005727,SOUTHERN_BRITTANY
860,2016-12-04,750.779,416.39077085201984,-56.11324101478847,390.5014701627686,82.6126664904066,18.09704030068248,69.0189944385732,12.88396526074432,False,-0.7702905052005727,SOUTHERN_BRITTANY
861,2016-12-12,419.232,395.03689555506816,-164.05322063845003,188.2483250833819,82.6126664904066,18.09704030068248,69.0189944385732,12.88396526074432,False,-0.7702905052005727,SOUTHERN_BRITTANY
862,2016-12-20,377.9841428571429,374.9291893973009,-97.93193160293116,100.98688506277315,82.6126664904066,18.09704030068248,69.0189944385732,12.88396526074432,False,-0.7702905052005727,SOUTHERN_BRITTANY
863,2016-12-28,325.28875,356.1638265168693,-119.91498572759868,89.0399092107294,82.6126664904066,18.09704030068248,69.0189944385732,12.88396526074432,False,-0.7702905052005727,SOUTHERN_BRITTANY
864,2017-01-04,327.16975,338.8173538171741,158.69004069130165,-170.3376445084757,82.6126664904066,18.09704030068248,69.0189944385732,12.88396526074432,False,-0.7702905052005727,SOUTHERN_BRITTANY
865,2017-01-12,327.16975,322.93808277196297,391.8147329486828,-387.5830657206457,82.6126664904066,18.09704030068248,69.0189944385732,12.88396526074432,False,-0.7702905052005727,SOUTHERN_BRITTANY
866,2017-01-20,362.67285714285714,308.551464137519,519.432089907959,-465.3106969026209,82.6126664904066,18.09704030068248,69.0189944385732,12.88396526074432,False,-0.7702905052005727,SOUTHERN_BRITTANY
867,2017-01-28,429.6065,295.6607940285794,442.1862241465536,-308.24051817513305,82.6126664904066,18.09704030068248,69.0189944385732,12.88396526074432,False,-0.7702905052005727,SOUTHERN_BRITTANY
868,2017-02-04,697.11775,284.2571790388637,593.77164673763,-180.9110757764937,82.6126664904066,18.09704030068248,69.0189944385732,12.88396526074432,False,-0.7702905052005727,SOUTHERN_BRITTANY
869,2017-02-12,697.11775,274.33478017570155,816.7842469418655,-394.00127711756704,82.6126664904066,18.09704030068248,69.0189944385732,12.88396526074432,False,-0.7702905052005727,SOUTHERN_BRITTANY
870,2017-02-20,681.426375,265.8977913896567,715.9643684484843,-300.43578483814093,82.6126664904066,18.09704030068248,69.0189944385732,12.88396526074432,False,-0.7702905052005727,SOUTHERN_BRITTANY
871,2017-02-28,681.426375,258.9638610936309,601.3815240554904,-178.91901014912133,82.6126664904066,18.09704030068248,69.0189944385732,12.88396526074432,False,-0.7702905052005727,SOUTHERN_BRITTANY
872,2017-03-04,1045.779,253.54470312353027,756.9289720150196,35.30532486145012,82.6126664904066,18.09704030068248,69.0189944385732,12.88396526074432,False,-0.7702905052005727,SOUTHERN_BRITTANY
873,2017-03-12,1045.779,249.6457790306212,729.1358890287308,66.99733194064788,82.6126664904066,18.09704030068248,69.0189944385732,12.88396526074432,False,-0.7702905052005727,SOUTHERN_BRITTANY
874,2017-03-20,799.8928571428571,247.2713417766384,466.9694313353843,85.65208403083449,82.6126664904066,18.09704030068248,69.0189944385732,12.88396526074432,False,-0.7702905052005727,SOUTHERN_BRITTANY
875,2017-03-28,794.652375,246.42293438641084,476.9841082969627,71.2453323166265,82.6126664904066,18.09704030068248,69.0189944385732,12.88396526074432,False,-0.7702905052005727,SOUTHERN_BRITTANY
876,2017-04-04,721.47975,247.09491212714772,417.14334613529394,57.24149173755831,82.6126664904066,18.09704030068248,69.0189944385732,12.88396526074432,False,-0.7702905052005727,SOUTHERN_BRITTANY
877,2017-04-12,495.011875,249.28169928076812,317.29756089880175,-71.56738517956987,82.6126664904066,18.09704030068248,69.0189944385732,12.88396526074432,False,-0.7702905052005727,SOUTHERN_BRITTANY
878,2017-04-20,331.105375,252.9766367462765,128.2887334176238,-50.15999516390036,82.6126664904066,18.09704030068248,69.0189944385732,12.88396526074432,False,-0.7702905052005727,SOUTHERN_BRITTANY
879,2017-04-28,331.105375,258.1765871742544,62.51222290707175,10.416564918673837,82.6126664904066,18.09704030068248,69.0189944385732,12.88396526074432,False,-0.7702905052005727,SOUTHERN_BRITTANY
880,2017-05-04,396.806,264.87758201271635,-3.9571526555906367,135.88557064287428,82.6126664904066,18.09704030068248,69.0189944385732,12.88396526074432,False,-0.7702905052005727,SOUTHERN_BRITTANY
881,2017-05-12,401.541625,273.070947221814,20.6270945573208,107.84358322086524,82.6126664904066,18.09704030068248,69.0189944385732,12.88396526074432,False,-0.7702905052005727,SOUTHERN_BRITTANY
882,2017-05-20,401.541625,282.74006007587,33.610161824501226,85.19140309962876,82.6126664904066,18.09704030068248,69.0189944385732,12.88396526074432,False,-0.7702905052005727,SOUTHERN_BRITTANY
883,2017-05-28,380.67814285714286,293.87140916544826,82.48034087311493,4.326392818579677,82.6126664904066,18.09704030068248,69.0189944385732,12.88396526074432,False,-0.7702905052005727,SOUTHERN_BRITTANY
884,2017-06-04,305.72475,306.4536905488757,192.38395336789307,-193.11289391676883,82.6126664904066,18.09704030068248,69.0189944385732,12.88396526074432,False,-0.7702905052005727,SOUTHERN_BRITTANY
885,2017-06-12,280.84675,320.4713382744801,183.32280710482397,-222.94739537930408,82.6126664904066,18.09704030068248,69.0189944385732,12.88396526074432,False,-0.7702905052005727,SOUTHERN_BRITTANY
886,2017-06-20,205.96275,335.9011020536179,46.33333911628815,-176.27169116990603,82.6126664904066,18.09704030068248,69.0189944385732,12.88396526074432,False,-0.7702905052005727,SOUTHERN_BRITTANY
887,2017-06-28,202.966875,352.69640638718664,-168.59664112494474,18.867109737758085,82.6126664904066,18.09704030068248,69.0189944385732,12.88396526074432,False,-0.7702905052005727,SOUTHERN_BRITTANY
888,2017-07-04,176.13725,370.7886705516781,-266.3887508782552,71.73733032657714,82.6126664904066,18.09704030068248,69.0189944385732,12.88396526074432,False,-0.7702905052005727,SOUTHERN_BRITTANY
889,2017-07-12,176.13725,390.0884146971428,-335.0017956722948,121.05063097515205,82.6126664904066,18.09704030068248,69.0189944385732,12.88396526074432,False,-0.7702905052005727,SOUTHERN_BRITTANY
890,2017-07-20,150.608875,410.49075426536615,-395.2223333776779,135.34045411231176,82.6126664904066,18.09704030068248,69.0189944385732,12.88396526074432,False,-0.7702905052005727,SOUTHERN_BRITTANY
891,2017-07-28,147.53714285714287,431.8783605288271,-423.409097224476,139.06787955279168,82.6126664904066,18.09704030068248,69.0189944385732,12.88396526074432,False,-0.7702905052005727,SOUTHERN_BRITTANY
892,2017-08-04,135.33825,454.1247598587663,-449.8567869460538,131.07027708728754,82.6126664904066,18.09704030068248,69.0189944385732,12.88396526074432,False,-0.7702905052005727,SOUTHERN_BRITTANY
893,2017-08-12,133.32475,477.09590485347314,-458.9923136923751,115.22115883890194,82.6126664904066,18.09704030068248,69.0189944385732,12.88396526074432,False,-0.7702905052005727,SOUTHERN_BRITTANY
894,2017-08-20,132.547875,500.65143722635696,-465.1527426642093,97.04918043785231,82.6126664904066,18.09704030068248,69.0189944385732,12.88396526074432,False,-0.7702905052005727,SOUTHERN_BRITTANY
895,2017-08-28,132.547875,524.6456397084783,-464.3267039821844,72.22893927370615,82.6126664904066,18.09704030068248,69.0189944385732,12.88396526074432,False,-0.7702905052005727,SOUTHERN_BRITTANY
896,2017-09-04,145.560875,548.9288696698463,-456.0636806904103,52.69568602056398,82.6126664904066,18.09704030068248,69.0189944385732,12.88396526074432,False,-0.7702905052005727,SOUTHERN_BRITTANY
897,2017-09-12,155.78275,573.3498758689267,-445.0181838815224,27.45105801259564,82.6126664904066,18.09704030068248,69.0189944385732,12.88396526074432,False,-0.7702905052005727,SOUTHERN_BRITTANY
898,2017-09-20,155.78275,597.757758262635,-441.9827091509994,0.0077008883644111,82.6126664904066,18.09704030068248,69.0189944385732,12.88396526074432,False,-0.7702905052005727,SOUTHERN_BRITTANY
899,2017-09-28,153.63433333333333,622.0039423264042,-445.35763536007215,-23.01197363299872,82.6126664904066,18.09704030068248,69.0189944385732,12.88396526074432,False,-0.7702905052005727,SOUTHERN_BRITTANY
900,2017-10-04,152.70712500000002,645.9443575251148,-446.6681752598048,-46.56905726531005,82.6126664904066,18.09704030068248,69.0189944385732,12.88396526074432,False,-0.7702905052005727,SOUTHERN_BRITTANY
901,2017-10-12,146.597125,669.44235077273,-447.9635391094168,-74.88168666331325,82.6126664904066,18.09704030068248,69.0189944385732,12.88396526074432,False,-0.7702905052005727,SOUTHERN_BRITTANY
902,2017-10-20,135.793,692.3708304715739,-443.6445661535149,-112.93326431805896,82.6126664904066,18.09704030068248,69.0189944385732,12.88396526074432,False,-0.7702905052005727,SOUTHERN_BRITTANY
903,2017-10-28,133.632125,714.6145846236171,-440.1593046493809,-140.82315497423627,82.6126664904066,18.09704030068248,69.0189944385732,12.88396526074432,False,-0.7702905052005727,SOUTHERN_BRITTANY
904,2017-11-04,133.632125,736.0722451575965,-428.2103847961228,-174.22973536147373,82.6126664904066,18.09704030068248,69.0189944385732,12.88396526074432,False,-0.7702905052005727,SOUTHERN_BRITTANY
905,2017-11-12,155.44725,756.6589120477229,-371.725338266043,-229.4863237816799,82.6126664904066,18.09704030068248,69.0189944385732,12.88396526074432,False,-0.7702905052005727,SOUTHERN_BRITTANY
906,2017-11-20,184.102625,776.3049967248546,-318.70267522231853,-273.4996965025361,82.6126664904066,18.09704030068248,69.0189944385732,12.88396526074432,False,-0.7702905052005727,SOUTHERN_BRITTANY
907,2017-11-28,196.20766666666668,794.9551829516184,-222.03042248520387,-376.7170937997479,82.6126664904066,18.09704030068248,69.0189944385732,12.88396526074432,False,-0.7702905052005727,SOUTHERN_BRITTANY
908,2017-12-04,253.808625,812.5671407449809,-157.71071843977225,-401.04779730520863,82.6126664904066,18.09704030068248,69.0189944385732,12.88396526074432,False,-0.7702905052005727,SOUTHERN_BRITTANY
909,2017-12-12,499.583,829.1080431936953,-108.12800688370416,-221.3970363099911,82.6126664904066,18.09704030068248,69.0189944385732,12.88396526074432,False,-0.7702905052005727,SOUTHERN_BRITTANY
910,2017-12-20,832.44775,844.5446942337338,94.2556750931251,-106.35261932685889,82.6126664904066,18.09704030068248,69.0189944385732,12.88396526074432,False,-0.7702905052005727,SOUTHERN_BRITTANY
911,2017-12-28,838.0545714285714,858.8448647251403,86.86189919305005,-107.6521924896189,82.6126664904066,18.09704030068248,69.0189944385732,12.88396526074432,False,-0.7702905052005727,SOUTHERN_BRITTANY
912,2018-01-04,1748.4003750000002,871.9757529538897,492.2754972375211,384.14912480858936,82.6126664904066,18.09704030068248,69.0189944385732,12.88396526074432,False,-0.7702905052005727,SOUTHERN_BRITTANY
913,2018-01-12,2096.459375,883.90202600739,656.3890933508327,556.1682556417774,82.6126664904066,18.09704030068248,69.0189944385732,12.88396526074432,False,-0.7702905052005727,SOUTHERN_BRITTANY
914,2018-01-20,2536.974125,894.579820971076,886.6646560510909,755.7296479778328,82.6126664904066,18.09704030068248,69.0189944385732,12.88396526074432,False,-0.7702905052005727,SOUTHERN_BRITTANY
915,2018-01-28,2096.459375,903.964762860111,724.9625202486606,467.53209189122833,82.6126664904066,18.09704030068248,69.0189944385732,12.88396526074432,False,-0.7702905052005727,SOUTHERN_BRITTANY
916,2018-02-04,1975.915,912.0112456204112,839.2919941542851,224.6117602253036,82.6126664904066,18.09704030068248,69.0189944385732,12.88396526074432,False,-0.7702905052005727,SOUTHERN_BRITTANY
917,2018-02-12,1975.915,918.67190931054,839.7396276735409,217.50346301591924,82.6126664904066,18.09704030068248,69.0189944385732,12.88396526074432,False,-0.7702905052005727,SOUTHERN_BRITTANY
918,2018-02-20,1608.681125,923.8965639642872,595.9587338065515,88.8258272291614,82.6126664904066,18.09704030068248,69.0189944385732,12.88396526074432,False,-0.7702905052005727,SOUTHERN_BRITTANY
919,2018-02-28,1540.16975,927.6303390338256,514.873737871947,97.66567309422726,82.6126664904066,18.09704030068248,69.0189944385732,12.88396526074432,False,-0.7702905052005727,SOUTHERN_BRITTANY
920,2018-03-04,1439.542375,929.8299554331818,555.3815672982824,-45.66914773146425,82.6126664904066,18.09704030068248,69.0189944385732,12.88396526074432,False,-0.7702905052005727,SOUTHERN_BRITTANY
921,2018-03-12,1439.542375,930.4698785475894,569.1432267308077,-60.07073027839704,82.6126664904066,18.09704030068248,69.0189944385732,12.88396526074432,False,-0.7702905052005727,SOUTHERN_BRITTANY
922,2018-03-20,1439.542375,929.5390315798512,507.1734351726497,2.829908247498963,82.6126664904066,18.09704030068248,69.0189944385732,12.88396526074432,False,-0.7702905052005727,SOUTHERN_BRITTANY
923,2018-03-28,1495.0865,927.0270617416896,512.0254147082488,56.03402355006142,82.6126664904066,18.09704030068248,69.0189944385732,12.88396526074432,False,-0.7702905052005727,SOUTHERN_BRITTANY
924,2018-04-04,1321.543,922.9232649901872,379.169611138306,19.450123871506776,82.6126664904066,18.09704030068248,69.0189944385732,12.88396526074432,False,-0.7702905052005727,SOUTHERN_BRITTANY
925,2018-04-12,1296.982,917.2162650615892,290.46189340188835,89.30384153652233,82.6126664904066,18.09704030068248,69.0189944385732,12.88396526074432,False,-0.7702905052005727,SOUTHERN_BRITTANY
926,2018-04-20,874.211125,909.8963818961346,29.46308475236507,-65.14834164849961,82.6126664904066,18.09704030068248,69.0189944385732,12.88396526074432,False,-0.7702905052005727,SOUTHERN_BRITTANY
927,2018-04-28,738.2927500000001,900.9540683215888,-40.4561714537808,-122.20514686780804,82.6126664904066,18.09704030068248,69.0189944385732,12.88396526074432,False,-0.7702905052005727,SOUTHERN_BRITTANY
928,2018-05-04,644.8036666666667,890.3871682355094,-50.437596295185976,-195.14590527365675,82.6126664904066,18.09704030068248,69.0189944385732,12.88396526074432,False,-0.7702905052005727,SOUTHERN_BRITTANY
929,2018-05-12,738.2927500000001,878.2035053294231,-7.211466104144605,-132.69928922527845,82.6126664904066,18.09704030068248,69.0189944385732,12.88396526074432,False,-0.7702905052005727,SOUTHERN_BRITTANY
930,2018-05-20,637.5157142857142,864.4221623125495,-83.01103115705939,-143.8954168697759,82.6126664904066,18.09704030068248,69.0189944385732,12.88396526074432,False,-0.7702905052005727,SOUTHERN_BRITTANY
931,2018-05-28,751.4617499999999,849.0682527895475,-50.4892106985715,-47.11729209097607,82.6126664904066,18.09704030068248,69.0189944385732,12.88396526074432,False,-0.7702905052005727,SOUTHERN_BRITTANY
932,2018-06-04,774.049875,832.17475758614,-62.626252724649625,4.501370138509664,82.6126664904066,18.09704030068248,69.0189944385732,12.88396526074432,False,-0.7702905052005727,SOUTHERN_BRITTANY
933,2018-06-12,791.325,813.782822945212,-65.27208627051151,42.81426332529951,82.6126664904066,18.09704030068248,69.0189944385732,12.88396526074432,False,-0.7702905052005727,SOUTHERN_BRITTANY
934,2018-06-20,791.325,793.9445631635679,-92.49992121989348,89.88035805632565,82.6126664904066,18.09704030068248,69.0189944385732,12.88396526074432,False,-0.7702905052005727,SOUTHERN_BRITTANY
935,2018-06-28,411.73,772.732416379818,-300.92511599586567,-60.07730038395232,82.6126664904066,18.09704030068248,69.0189944385732,12.88396526074432,False,-0.7702905052005727,SOUTHERN_BRITTANY
936,2018-07-04,329.9275,750.2399290255228,-370.9202181160098,-49.39221090951298,82.6126664904066,18.09704030068248,69.0189944385732,12.88396526074432,False,-0.7702905052005727,SOUTHERN_BRITTANY
937,2018-07-12,290.05675,726.5831483786667,-395.9856333915134,-40.540764987153295,82.6126664904066,18.09704030068248,69.0189944385732,12.88396526074432,False,-0.7702905052005727,SOUTHERN_BRITTANY
938,2018-07-20,211.476125,701.894290836194,-439.0948808634456,-51.32328497274847,82.6126664904066,18.09704030068248,69.0189944385732,12.88396526074432,False,-0.7702905052005727,SOUTHERN_BRITTANY
939,2018-07-28,185.8018571428572,676.3194163386866,-446.60914870450887,-43.90841049132053,82.6126664904066,18.09704030068248,69.0189944385732,12.88396526074432,False,-0.7702905052005727,SOUTHERN_BRITTANY
940,2018-08-04,149.50025,650.0155226237927,-465.37093611844216,-35.14433650535051,82.6126664904066,18.09704030068248,69.0189944385732,12.88396526074432,False,-0.7702905052005727,SOUTHERN_BRITTANY
941,2018-08-12,142.638,623.1481706923407,-466.6568865511354,-13.85328414120528,82.6126664904066,18.09704030068248,69.0189944385732,12.88396526074432,False,-0.7702905052005727,SOUTHERN_BRITTANY
942,2018-08-20,142.638,595.8890573453867,-465.1033330684468,11.852275723060076,82.6126664904066,18.09704030068248,69.0189944385732,12.88396526074432,False,-0.7702905052005727,SOUTHERN_BRITTANY
943,2018-08-28,141.499375,568.413795928971,-460.8373312146614,33.922910285690364,82.6126664904066,18.09704030068248,69.0189944385732,12.88396526074432,False,-0.7702905052005727,SOUTHERN_BRITTANY
944,2018-09-04,135.625625,540.8994676120551,-457.7336189991517,52.45977638709656,82.6126664904066,18.09704030068248,69.0189944385732,12.88396526074432,False,-0.7702905052005727,SOUTHERN_BRITTANY
945,2018-09-12,135.625625,513.5221431678154,-453.3267058849783,75.43018771716288,82.6126664904066,18.09704030068248,69.0189944385732,12.88396526074432,False,-0.7702905052005727,SOUTHERN_BRITTANY
946,2018-09-20,140.56016666666667,486.4545904534777,-447.31541994173233,101.42099615492134,82.6126664904066,18.09704030068248,69.0189944385732,12.88396526074432,False,-0.7702905052005727,SOUTHERN_BRITTANY
947,2018-09-28,140.56016666666667,459.8638016348877,-437.0008167138504,117.69718174562944,82.6126664904066,18.09704030068248,69.0189944385732,12.88396526074432,False,-0.7702905052005727,SOUTHERN_BRITTANY
948,2018-10-04,140.56016666666667,433.9086162139791,-429.6463868889895,136.29793734167708,82.6126664904066,18.09704030068248,69.0189944385732,12.88396526074432,False,-0.7702905052005727,SOUTHERN_BRITTANY
949,2018-10-12,141.124625,408.7391830629791,-422.4773207492385,154.86276268625943,82.6126664904066,18.09704030068248,69.0189944385732,12.88396526074432,False,-0.7702905052005727,SOUTHERN_BRITTANY
950,2018-10-20,141.124625,384.49468785823336,-398.086670824696,154.71660796646265,82.6126664904066,18.09704030068248,69.0189944385732,12.88396526074432,False,-0.7702905052005727,SOUTHERN_BRITTANY
951,2018-10-28,141.124625,361.2999458966914,-364.342479278606,144.16715838191456,82.6126664904066,18.09704030068248,69.0189944385732,12.88396526074432,False,-0.7702905052005727,SOUTHERN_BRITTANY
952,2018-11-04,175.4115,339.26261476067555,-245.3332858369959,81.48217107632036,82.6126664904066,18.09704030068248,69.0189944385732,12.88396526074432,False,-0.7702905052005727,SOUTHERN_BRITTANY
953,2018-11-12,255.928625,318.467119845533,-167.7480699784676,105.20957513293462,82.6126664904066,18.09704030068248,69.0189944385732,12.88396526074432,False,-0.7702905052005727,SOUTHERN_BRITTANY
954,2018-11-20,299.212,298.9757129358844,-121.61936640031668,121.85565346443232,82.6126664904066,18.09704030068248,69.0189944385732,12.88396526074432,False,-0.7702905052005727,SOUTHERN_BRITTANY
955,2018-11-28,300.226125,280.8318649329664,-63.05259588853953,82.44685595557313,82.6126664904066,18.09704030068248,69.0189944385732,12.88396526074432,False,-0.7702905052005727,SOUTHERN_BRITTANY
956,2018-12-04,423.1645,264.0626483244407,96.32375752938184,62.77809414617741,82.6126664904066,18.09704030068248,69.0189944385732,12.88396526074432,False,-0.7702905052005727,SOUTHERN_BRITTANY
957,2018-12-12,438.266375,248.68223514798692,180.1807105460118,9.403429306001245,82.6126664904066,18.09704030068248,69.0189944385732,12.88396526074432,False,-0.7702905052005727,SOUTHERN_BRITTANY
958,2018-12-20,605.703625,234.7068547504637,612.12690774038,-241.1301374908437,82.6126664904066,18.09704030068248,69.0189944385732,12.88396526074432,False,-0.7702905052005727,SOUTHERN_BRITTANY
959,2018-12-28,605.703625,222.1506162456048,616.765804489342,-233.21279573494684,82.6126664904066,18.09704030068248,69.0189944385732,12.88396526074432,False,-0.7702905052005727,SOUTHERN_BRITTANY
960,2019-01-04,394.9740000000001,211.0347573679157,474.66728674923314,-290.7280441171488,82.6126664904066,18.09704030068248,69.0189944385732,12.88396526074432,False,-0.7702905052005727,SOUTHERN_BRITTANY
961,2019-01-12,348.5595,201.4087996970113,468.3377036147276,-321.18700331173886,82.6126664904066,18.09704030068248,69.0189944385732,12.88396526074432,False,-0.7702905052005727,SOUTHERN_BRITTANY
962,2019-01-20,348.5595,193.35765805915187,567.3551098539118,-412.1532679130637,82.6126664904066,18.09704030068248,69.0189944385732,12.88396526074432,False,-0.7702905052005727,SOUTHERN_BRITTANY
963,2019-01-28,512.3935714285715,186.9813967300348,541.3881004613291,-215.97592576279249,82.6126664904066,18.09704030068248,69.0189944385732,12.88396526074432,False,-0.7702905052005727,SOUTHERN_BRITTANY
964,2019-02-04,940.75375,182.38756317506665,785.7680784636651,-27.40189163873185,82.6126664904066,18.09704030068248,69.0189944385732,12.88396526074432,False,-0.7702905052005727,SOUTHERN_BRITTANY
965,2019-02-12,940.75375,179.67596017625553,787.2889876887385,-26.21119786499412,82.6126664904066,18.09704030068248,69.0189944385732,12.88396526074432,False,-0.7702905052005727,SOUTHERN_BRITTANY
966,2019-02-20,715.092625,178.93615266004377,551.1709022036251,-15.014429863668852,82.6126664904066,18.09704030068248,69.0189944385732,12.88396526074432,False,-0.7702905052005727,SOUTHERN_BRITTANY
967,2019-02-28,528.18625,180.236091323954,441.5435251168196,-93.5933664407736,82.6126664904066,18.09704030068248,69.0189944385732,12.88396526074432,False,-0.7702905052005727,SOUTHERN_BRITTANY
968,2019-03-04,528.18625,183.6131246345436,579.0761322368994,-234.50300687144303,82.6126664904066,18.09704030068248,69.0189944385732,12.88396526074432,False,-0.7702905052005727,SOUTHERN_BRITTANY
969,2019-03-12,584.649,189.06484257761088,607.7147630681696,-212.1306056457805,82.6126664904066,18.09704030068248,69.0189944385732,12.88396526074432,False,-0.7702905052005727,SOUTHERN_BRITTANY
970,2019-03-20,584.649,196.55230754450625,429.2999204893286,-41.20322803383482,82.6126664904066,18.09704030068248,69.0189944385732,12.88396526074432,False,-0.7702905052005727,SOUTHERN_BRITTANY
971,2019-03-28,501.2218571428571,206.02268385003416,298.63745798307536,-3.4382846902524307,82.6126664904066,18.09704030068248,69.0189944385732,12.88396526074432,False,-0.7702905052005727,SOUTHERN_BRITTANY
972,2019-04-04,394.024375,217.41628446383083,153.56444952000643,23.043641016162752,82.6126664904066,18.09704030068248,69.0189944385732,12.88396526074432,False,-0.7702905052005727,SOUTHERN_BRITTANY
973,2019-04-12,319.390125,230.663501760394,80.30832729785705,8.41829594174898,82.6126664904066,18.09704030068248,69.0189944385732,12.88396526074432,False,-0.7702905052005727,SOUTHERN_BRITTANY
974,2019-04-20,290.57666666666665,245.68159662526188,-51.147135248544615,96.0422052899494,82.6126664904066,18.09704030068248,69.0189944385732,12.88396526074432,False,-0.7702905052005727,SOUTHERN_BRITTANY
975,2019-04-28,290.57666666666665,262.37340567203955,-88.62311335020311,116.8263743448302,82.6126664904066,18.09704030068248,69.0189944385732,12.88396526074432,False,-0.7702905052005727,SOUTHERN_BRITTANY
976,2019-05-04,385.501875,280.6216763578271,-9.973756856313448,114.85395549848634,82.6126664904066,18.09704030068248,69.0189944385732,12.88396526074432,False,-0.7702905052005727,SOUTHERN_BRITTANY
977,2019-05-12,385.501875,300.29082832520646,7.229726263921124,77.9813204108724,82.6126664904066,18.09704030068248,69.0189944385732,12.88396526074432,False,-0.7702905052005727,SOUTHERN_BRITTANY
978,2019-05-20,303.00725,321.2320340929367,-107.56383612721876,89.33905203428205,82.6126664904066,18.09704030068248,69.0189944385732,12.88396526074432,False,-0.7702905052005727,SOUTHERN_BRITTANY
979,2019-05-28,242.95042857142855,343.2926453154089,-149.31637492306723,48.97415817908691,82.6126664904066,18.09704030068248,69.0189944385732,12.88396526074432,False,-0.7702905052005727,SOUTHERN_BRITTANY
980,2019-06-04,242.95042857142855,366.31728249898,-151.48845253180787,28.121598604256462,82.6126664904066,18.09704030068248,69.0189944385732,12.88396526074432,False,-0.7702905052005727,SOUTHERN_BRITTANY
981,2019-06-12,246.338125,390.14813532048817,-151.66213585170033,7.852125531212152,82.6126664904066,18.09704030068248,69.0189944385732,12.88396526074432,False,-0.7702905052005727,SOUTHERN_BRITTANY
982,2019-06-20,246.338125,414.6220942887604,-152.1668977010464,-16.11707158771398,82.6126664904066,18.09704030068248,69.0189944385732,12.88396526074432,False,-0.7702905052005727,SOUTHERN_BRITTANY
983,2019-06-28,218.16783333333333,439.56957357334977,-275.5823026299642,54.18056238994777,82.6126664904066,18.09704030068248,69.0189944385732,12.88396526074432,False,-0.7702905052005727,SOUTHERN_BRITTANY
984,2019-07-04,148.83475,464.8152650552604,-365.5172237082412,49.53670865298079,82.6126664904066,18.09704030068248,69.0189944385732,12.88396526074432,False,-0.7702905052005727,SOUTHERN_BRITTANY
985,2019-07-12,117.703125,490.1795029940231,-418.3806970088015,45.904319014778366,82.6126664904066,18.09704030068248,69.0189944385732,12.88396526074432,False,-0.7702905052005727,SOUTHERN_BRITTANY
986,2019-07-20,103.762,515.4863494954317,-453.6591621462762,41.93481265084449,82.6126664904066,18.09704030068248,69.0189944385732,12.88396526074432,False,-0.7702905052005727,SOUTHERN_BRITTANY
987,2019-07-28,103.069,540.563428701678,-467.9610910721996,30.46666237052159,82.6126664904066,18.09704030068248,69.0189944385732,12.88396526074432,False,-0.7702905052005727,SOUTHERN_BRITTANY
988,2019-08-04,97.794625,565.2410617429404,-487.0590371712451,19.612600428304745,82.6126664904066,18.09704030068248,69.0189944385732,12.88396526074432,False,-0.7702905052005727,SOUTHERN_BRITTANY
989,2019-08-12,97.794625,589.3540734885771,-497.4380583227144,5.878609834137251,82.6126664904066,18.09704030068248,69.0189944385732,12.88396526074432,False,-0.7702905052005727,SOUTHERN_BRITTANY
990,2019-08-20,93.553625,612.7437958231237,-505.7881974463037,-13.401973376819967,82.6126664904066,18.09704030068248,69.0189944385732,12.88396526074432,False,-0.7702905052005727,SOUTHERN_BRITTANY
991,2019-08-28,99.820375,635.260347488747,-508.0560260494732,-27.383946439273814,82.6126664904066,18.09704030068248,69.0189944385732,12.88396526074432,False,-0.7702905052005727,SOUTHERN_BRITTANY
992,2019-09-04,99.820375,656.7652646711892,-513.8909925712779,-43.053897099911296,82.6126664904066,18.09704030068248,69.0189944385732,12.88396526074432,False,-0.7702905052005727,SOUTHERN_BRITTANY
993,2019-09-12,99.87275,677.1336550423673,-518.4284003910461,-58.83250465132119,82.6126664904066,18.09704030068248,69.0189944385732,12.88396526074432,False,-0.7702905052005727,SOUTHERN_BRITTANY
994,2019-09-20,101.669625,696.2561924397517,-518.2110274322905,-76.37554000746115,82.6126664904066,18.09704030068248,69.0189944385732,12.88396526074432,False,-0.7702905052005727,SOUTHERN_BRITTANY
995,2019-09-28,121.48783333333334,714.0419893159897,-503.2199119063656,-89.3342440762907,82.6126664904066,18.09704030068248,69.0189944385732,12.88396526074432,False,-0.7702905052005727,SOUTHERN_BRITTANY
996,2019-10-04,121.48783333333334,730.419157071254,-461.79143395561766,-147.13988978230293,82.6126664904066,18.09704030068248,69.0189944385732,12.88396526074432,False,-0.7702905052005727,SOUTHERN_BRITTANY
997,2019-10-12,124.472375,745.3316644344393,-452.4893484211359,-168.36994101330333,82.6126664904066,18.09704030068248,69.0189944385732,12.88396526074432,False,-0.7702905052005727,SOUTHERN_BRITTANY
998,2019-10-20,207.88075,758.7390423905903,-403.002980100259,-147.85531229033126,82.6126664904066,18.09704030068248,69.0189944385732,12.88396526074432,False,-0.7702905052005727,SOUTHERN_BRITTANY
999,2019-10-28,326.6125714285714,770.6156997202523,-330.8446279303831,-113.1585003612978,82.6126664904066,18.09704030068248,69.0189944385732,12.88396526074432,False,-0.7702905052005727,SOUTHERN_BRITTANY
1000,2019-11-04,720.63525,780.9500795035739,-123.9316254841487,63.616795980574864,82.6126664904066,18.09704030068248,69.0189944385732,12.88396526074432,False,-0.7702905052005727,SOUTHERN_BRITTANY
1001,2019-11-12,837.2909999999999,789.747409212092,-59.48833295225923,107.03192374016722,82.6126664904066,18.09704030068248,69.0189944385732,12.88396526074432,False,-0.7702905052005727,SOUTHERN_BRITTANY
1002,2019-11-20,893.087125,797.0290078560553,-23.46728875687776,119.5254059008225,82.6126664904066,18.09704030068248,69.0189944385732,12.88396526074432,False,-0.7702905052005727,SOUTHERN_BRITTANY
1003,2019-11-28,1095.1566666666663,802.831471112753,78.46827296571907,213.8569225881945,82.6126664904066,18.09704030068248,69.0189944385732,12.88396526074432,False,-0.7702905052005727,SOUTHERN_BRITTANY
1004,2019-12-04,1408.716375,807.2033448684346,277.0626878663894,324.450342265176,82.6126664904066,18.09704030068248,69.0189944385732,12.88396526074432,False,-0.7702905052005727,SOUTHERN_BRITTANY
1005,2019-12-12,1448.544625,810.2024910840636,386.5046211786823,251.83751273725412,82.6126664904066,18.09704030068248,69.0189944385732,12.88396526074432,False,-0.7702905052005727,SOUTHERN_BRITTANY
1006,2019-12-20,2490.5434285714286,811.8882884218367,1027.0356983759823,651.6194417736097,82.6126664904066,18.09704030068248,69.0189944385732,12.88396526074432,False,-0.7702905052005727,SOUTHERN_BRITTANY
1007,2019-12-28,2490.5434285714286,812.3229907017671,1131.7232468936593,546.4971909760022,82.6126664904066,18.09704030068248,69.0189944385732,12.88396526074432,False,-0.7702905052005727,SOUTHERN_BRITTANY
1008,2020-01-04,1423.651125,811.5597863532627,545.2380675179353,66.85327112880213,82.6126664904066,18.09704030068248,69.0189944385732,12.88396526074432,False,-0.7702905052005727,SOUTHERN_BRITTANY
1009,2020-01-12,1132.3825,809.6460422405302,386.84593871933913,-64.10948095986936,82.6126664904066,18.09704030068248,69.0189944385732,12.88396526074432,False,-0.7702905052005727,SOUTHERN_BRITTANY
1010,2020-01-20,1077.51575,806.6218736297561,391.3649109904402,-120.47103462019628,82.6126664904066,18.09704030068248,69.0189944385732,12.88396526074432,False,-0.7702905052005727,SOUTHERN_BRITTANY
1011,2020-01-28,1077.51575,802.5179272761605,587.5008932476754,-312.503070523836,82.6126664904066,18.09704030068248,69.0189944385732,12.88396526074432,False,-0.7702905052005727,SOUTHERN_BRITTANY
1012,2020-02-04,1311.27125,797.3495933140852,986.7380048125422,-472.8163481266273,82.6126664904066,18.09704030068248,69.0189944385732,12.88396526074432,False,-0.7702905052005727,SOUTHERN_BRITTANY
1013,2020-02-12,1311.27125,791.1212693116263,987.3477724275187,-467.1977917391452,82.6126664904066,18.09704030068248,69.0189944385732,12.88396526074432,False,-0.7702905052005727,SOUTHERN_BRITTANY
1014,2020-02-20,1180.40925,783.8320226277164,535.6679461473515,-139.0907187750679,82.6126664904066,18.09704030068248,69.0189944385732,12.88396526074432,False,-0.7702905052005727,SOUTHERN_BRITTANY
1015,2020-02-28,1180.40925,775.5003136218841,383.7105353745204,21.198401003595507,82.6126664904066,18.09704030068248,69.0189944385732,12.88396526074432,False,-0.7702905052005727,SOUTHERN_BRITTANY
1016,2020-03-04,1828.487125,766.169754247375,647.2783315263215,415.03903922630377,82.6126664904066,18.09704030068248,69.0189944385732,12.88396526074432,False,-0.7702905052005727,SOUTHERN_BRITTANY
1017,2020-03-12,1828.487125,755.9128339222035,630.0574942418962,442.51679683590055,82.6126664904066,18.09704030068248,69.0189944385732,12.88396526074432,False,-0.7702905052005727,SOUTHERN_BRITTANY
1018,2020-03-20,1114.301875,744.82905190231,269.37452235995374,100.0983007377364,82.6126664904066,18.09704030068248,69.0189944385732,12.88396526074432,False,-0.7702905052005727,SOUTHERN_BRITTANY
1019,2020-03-28,704.016,733.0397586986956,25.06826780965419,-54.092026508349775,82.6126664904066,18.09704030068248,69.0189944385732,12.88396526074432,False,-0.7702905052005727,SOUTHERN_BRITTANY
1020,2020-04-04,515.930625,720.6827628453353,-134.08786069513772,-70.66427715019765,82.6126664904066,18.09704030068248,69.0189944385732,12.88396526074432,False,-0.7702905052005727,SOUTHERN_BRITTANY
1021,2020-04-12,404.08425,707.9059996823095,-209.3200370039617,-94.5017126783478,82.6126664904066,18.09704030068248,69.0189944385732,12.88396526074432,False,-0.7702905052005727,SOUTHERN_BRITTANY
1022,2020-04-20,368.632375,694.8631683850886,-252.3147948755399,-73.9159985095487,82.6126664904066,18.09704030068248,69.0189944385732,12.88396526074432,False,-0.7702905052005727,SOUTHERN_BRITTANY
1023,2020-04-28,368.632375,681.7119944917267,-264.67481504585425,-48.404804445872514,82.6126664904066,18.09704030068248,69.0189944385732,12.88396526074432,False,-0.7702905052005727,SOUTHERN_BRITTANY
1024,2020-05-04,607.343625,668.6137972430894,-119.81236460509884,58.542192362009445,82.6126664904066,18.09704030068248,69.0189944385732,12.88396526074432,False,-0.7702905052005727,SOUTHERN_BRITTANY
1025,2020-05-12,607.343625,655.7291599076103,-88.67245724613443,40.28692233852408,82.6126664904066,18.09704030068248,69.0189944385732,12.88396526074432,False,-0.7702905052005727,SOUTHERN_BRITTANY
1026,2020-05-20,438.635625,643.2113625679262,-144.54217276143893,-60.033564806487306,82.6126664904066,18.09704030068248,69.0189944385732,12.88396526074432,False,-0.7702905052005727,SOUTHERN_BRITTANY
1027,2020-05-28,304.8184285714286,631.1992172496348,-221.6806559008176,-104.70013277738856,82.6126664904066,18.09704030068248,69.0189944385732,12.88396526074432,False,-0.7702905052005727,SOUTHERN_BRITTANY
1028,2020-06-04,304.8184285714286,619.8167500438307,-263.9674265140353,-51.03089495836673,82.6126664904066,18.09704030068248,69.0189944385732,12.88396526074432,False,-0.7702905052005727,SOUTHERN_BRITTANY
1029,2020-06-12,314.636875,609.1760094766057,-276.3923502640737,-18.14678421253205,82.6126664904066,18.09704030068248,69.0189944385732,12.88396526074432,False,-0.7702905052005727,SOUTHERN_BRITTANY
1030,2020-06-20,357.2966666666667,599.3790765187473,-250.31675330473183,8.234343452651217,82.6126664904066,18.09704030068248,69.0189944385732,12.88396526074432,False,-0.7702905052005727,SOUTHERN_BRITTANY
1031,2020-06-28,357.2966666666667,590.5181522494299,-220.4264471534744,-12.795038429288894,82.6126664904066,18.09704030068248,69.0189944385732,12.88396526074432,False,-0.7702905052005727,SOUTHERN_BRITTANY
1032,2020-07-04,261.502875,582.6730612834224,-231.5495165240247,-89.62066975939766,82.6126664904066,18.09704030068248,69.0189944385732,12.88396526074432,False,-0.7702905052005727,SOUTHERN_BRITTANY
1033,2020-07-12,170.86225,575.9075680205116,-270.9788867926556,-134.06643122785596,82.6126664904066,18.09704030068248,69.0189944385732,12.88396526074432,False,-0.7702905052005727,SOUTHERN_BRITTANY
1034,2020-07-20,144.586375,570.2652357726275,-314.48090459849993,-111.19795617412764,82.6126664904066,18.09704030068248,69.0189944385732,12.88396526074432,False,-0.7702905052005727,SOUTHERN_BRITTANY
1035,2020-07-28,127.93671428571427,565.7716740969169,-386.2779119613095,-51.55704784989308,82.6126664904066,18.09704030068248,69.0189944385732,12.88396526074432,False,-0.7702905052005727,SOUTHERN_BRITTANY
1036,2020-08-04,127.2055,562.4392557307851,-418.93840343444816,-16.295352296336944,82.6126664904066,18.09704030068248,69.0189944385732,12.88396526074432,False,-0.7702905052005727,SOUTHERN_BRITTANY
1037,2020-08-12,127.2055,560.268459165948,-442.4498161671007,9.386857001152691,82.6126664904066,18.09704030068248,69.0189944385732,12.88396526074432,False,-0.7702905052005727,SOUTHERN_BRITTANY
1038,2020-08-20,127.2055,559.2486102267758,-465.61586019597627,33.572749969200515,82.6126664904066,18.09704030068248,69.0189944385732,12.88396526074432,False,-0.7702905052005727,SOUTHERN_BRITTANY
1039,2020-08-28,120.07257142857144,559.3581987589246,-474.57951888382536,35.29389155347224,82.6126664904066,18.09704030068248,69.0189944385732,12.88396526074432,False,-0.7702905052005727,SOUTHERN_BRITTANY
1040,2020-09-04,118.488625,560.564107621135,-476.3691834491714,34.293700828036435,82.6126664904066,18.09704030068248,69.0189944385732,12.88396526074432,False,-0.7702905052005727,SOUTHERN_BRITTANY
1041,2020-09-12,118.446,562.8213345081623,-472.7077551206223,28.33242061246005,82.6126664904066,18.09704030068248,69.0189944385732,12.88396526074432,False,-0.7702905052005727,SOUTHERN_BRITTANY
1042,2020-09-20,118.446,566.0728162862797,-433.1531476904774,-14.47366859580228,82.6126664904066,18.09704030068248,69.0189944385732,12.88396526074432,False,-0.7702905052005727,SOUTHERN_BRITTANY
1043,2020-09-28,133.04933333333335,570.2471945337309,-411.724197868107,-25.47366333229047,82.6126664904066,18.09704030068248,69.0189944385732,12.88396526074432,False,-0.7702905052005727,SOUTHERN_BRITTANY
1044,2020-10-04,286.6555,575.2600403478009,-336.2940549369108,47.68951458910993,82.6126664904066,18.09704030068248,69.0189944385732,12.88396526074432,False,-0.7702905052005727,SOUTHERN_BRITTANY
1045,2020-10-12,303.477375,581.0177894436209,-337.4521533268437,59.91173888322277,82.6126664904066,18.09704030068248,69.0189944385732,12.88396526074432,False,-0.7702905052005727,SOUTHERN_BRITTANY
1046,2020-10-20,323.245375,587.4207981675162,-328.701632974731,64.5262098072148,82.6126664904066,18.09704030068248,69.0189944385732,12.88396526074432,False,-0.7702905052005727,SOUTHERN_BRITTANY
1047,2020-10-28,366.604125,594.3698075900129,-279.78245189770746,52.016769307694574,82.6126664904066,18.09704030068248,69.0189944385732,12.88396526074432,False,-0.7702905052005727,SOUTHERN_BRITTANY
1048,2020-11-04,366.604125,601.7702503624565,-166.82487074131132,-68.3412546211452,82.6126664904066,18.09704030068248,69.0189944385732,12.88396526074432,False,-0.7702905052005727,SOUTHERN_BRITTANY
1049,2020-11-12,307.087875,609.5340492512463,-167.65874724949603,-134.78742700175027,82.6126664904066,18.09704030068248,69.0189944385732,12.88396526074432,False,-0.7702905052005727,SOUTHERN_BRITTANY
1050,2020-11-20,294.309375,617.5822490229509,-168.451292728276,-154.82158129467493,82.6126664904066,18.09704030068248,69.0189944385732,12.88396526074432,False,-0.7702905052005727,SOUTHERN_BRITTANY
1051,2020-11-28,294.309375,625.8422770927245,-120.7745292012976,-210.75837289142692,82.6126664904066,18.09704030068248,69.0189944385732,12.88396526074432,False,-0.7702905052005727,SOUTHERN_BRITTANY
1052,2020-12-04,331.24725,634.2484557102488,10.74599014558184,-313.7471958558306,82.6126664904066,18.09704030068248,69.0189944385732,12.88396526074432,False,-0.7702905052005727,SOUTHERN_BRITTANY
1053,2020-12-12,663.046125,642.7408234523928,258.14223905291703,-237.83693750530983,82.6126664904066,18.09704030068248,69.0189944385732,12.88396526074432,False,-0.7702905052005727,SOUTHERN_BRITTANY
1054,2020-12-20,961.449375,651.2606935375779,722.9558441095037,-412.7671626470817,82.6126664904066,18.09704030068248,69.0189944385732,12.88396526074432,False,-0.7702905052005727,SOUTHERN_BRITTANY
1055,2020-12-28,1373.536125,659.746916668131,927.1878737737148,-213.39866544184576,82.6126664904066,18.09704030068248,69.0189944385732,12.88396526074432,False,-0.7702905052005727,SOUTHERN_BRITTANY
1056,2021-01-04,1373.536125,668.1447557376345,781.8879894751889,-76.49662021282325,82.6126664904066,18.09704030068248,69.0189944385732,12.88396526074432,False,-0.7702905052005727,SOUTHERN_BRITTANY
1057,2021-01-12,1373.536125,676.3753253003007,704.5327469504897,-7.371947250790299,82.6126664904066,18.09704030068248,69.0189944385732,12.88396526074432,False,-0.7702905052005727,SOUTHERN_BRITTANY
1058,2021-01-20,1506.163875,684.3348119837543,621.168068888915,200.6609941273307,82.6126664904066,18.09704030068248,69.0189944385732,12.88396526074432,False,-0.7702905052005727,SOUTHERN_BRITTANY
1059,2021-01-28,2129.009285714286,691.9211815459603,861.8409489763401,575.2471551919855,82.6126664904066,18.09704030068248,69.0189944385732,12.88396526074432,False,-0.7702905052005727,SOUTHERN_BRITTANY
1060,2021-02-04,2829.11875,699.0458989732813,1244.713395264385,885.3594557623339,82.6126664904066,18.09704030068248,69.0189944385732,12.88396526074432,False,-0.7702905052005727,SOUTHERN_BRITTANY
1061,2021-02-12,2829.11875,705.6364738573419,1242.6274414174798,880.8548347251783,82.6126664904066,18.09704030068248,69.0189944385732,12.88396526074432,False,-0.7702905052005727,SOUTHERN_BRITTANY
1062,2021-02-20,1505.753875,711.639191739544,583.3117667253132,210.8029165351429,82.6126664904066,18.09704030068248,69.0189944385732,12.88396526074432,False,-0.7702905052005727,SOUTHERN_BRITTANY
1063,2021-02-28,1079.5030000000002,717.0115158697522,369.0141536661275,-6.522669535879572,82.6126664904066,18.09704030068248,69.0189944385732,12.88396526074432,False,-0.7702905052005727,SOUTHERN_BRITTANY
1064,2021-03-04,831.658375,721.7256055647678,372.0690432210699,-262.13627378583766,82.6126664904066,18.09704030068248,69.0189944385732,12.88396526074432,False,-0.7702905052005727,SOUTHERN_BRITTANY
1065,2021-03-12,700.073375,725.7632071265798,291.32519577746655,-317.0150279040463,82.6126664904066,18.09704030068248,69.0189944385732,12.88396526074432,False,-0.7702905052005727,SOUTHERN_BRITTANY
1066,2021-03-20,680.745125,729.1169792325593,100.7932126779108,-149.16506691047005,82.6126664904066,18.09704030068248,69.0189944385732,12.88396526074432,False,-0.7702905052005727,SOUTHERN_BRITTANY
1067,2021-03-28,604.2587142857143,731.7734382144109,-77.37021098772978,-50.14451294096686,82.6126664904066,18.09704030068248,69.0189944385732,12.88396526074432,False,-0.7702905052005727,SOUTHERN_BRITTANY
1068,2021-04-04,449.70125,733.708494276872,-202.28939597225,-81.71784830462198,82.6126664904066,18.09704030068248,69.0189944385732,12.88396526074432,False,-0.7702905052005727,SOUTHERN_BRITTANY
1069,2021-04-12,447.343375,734.8949396961457,-234.06115116924715,-53.49041352689858,82.6126664904066,18.09704030068248,69.0189944385732,12.88396526074432,False,-0.7702905052005727,SOUTHERN_BRITTANY
1070,2021-04-20,373.926875,735.3072576136746,-280.4631346496876,-80.917247963987,82.6126664904066,18.09704030068248,69.0189944385732,12.88396526074432,False,-0.7702905052005727,SOUTHERN_BRITTANY
1071,2021-04-28,321.47,734.9223058502588,-311.56321514292887,-101.8890907073299,82.6126664904066,18.09704030068248,69.0189944385732,12.88396526074432,False,-0.7702905052005727,SOUTHERN_BRITTANY
1072,2021-05-04,321.47,733.72154860495,-265.68826009615555,-146.56328850879447,82.6126664904066,18.09704030068248,69.0189944385732,12.88396526074432,False,-0.7702905052005727,SOUTHERN_BRITTANY
1073,2021-05-12,433.066125,731.6926425686868,-219.2685220191977,-79.35799554948909,82.6126664904066,18.09704030068248,69.0189944385732,12.88396526074432,False,-0.7702905052005727,SOUTHERN_BRITTANY
1074,2021-05-20,613.1282857142858,728.8315241917339,-173.365671113069,57.66243263562083,82.6126664904066,18.09704030068248,69.0189944385732,12.88396526074432,False,-0.7702905052005727,SOUTHERN_BRITTANY
1075,2021-05-28,613.1282857142858,725.1394464931894,-207.31599136689417,95.3048305879905,82.6126664904066,18.09704030068248,69.0189944385732,12.88396526074432,False,-0.7702905052005727,SOUTHERN_BRITTANY
1076,2021-06-04,420.98725,720.6217051413984,-296.9093101924939,-2.725144948904472,82.6126664904066,18.09704030068248,69.0189944385732,12.88396526074432,False,-0.7702905052005727,SOUTHERN_BRITTANY
1077,2021-06-12,329.51875,715.2880986965022,-333.7662907278657,-52.00305796863648,82.6126664904066,18.09704030068248,69.0189944385732,12.88396526074432,False,-0.7702905052005727,SOUTHERN_BRITTANY
1078,2021-06-20,329.51875,709.1544869935856,-305.8835164865005,-73.75222050708504,82.6126664904066,18.09704030068248,69.0189944385732,12.88396526074432,False,-0.7702905052005727,SOUTHERN_BRITTANY
1079,2021-06-28,456.4051666666667,702.2411470180513,-229.467331270718,-16.368649080666614,82.6126664904066,18.09704030068248,69.0189944385732,12.88396526074432,False,-0.7702905052005727,SOUTHERN_BRITTANY
1080,2021-07-04,675.769,694.5731089083745,-134.5824405732221,115.77833166484764,82.6126664904066,18.09704030068248,69.0189944385732,12.88396526074432,False,-0.7702905052005727,SOUTHERN_BRITTANY
1081,2021-07-12,756.397875,686.1802198087257,-118.9009826891696,189.11863788044388,82.6126664904066,18.09704030068248,69.0189944385732,12.88396526074432,False,-0.7702905052005727,SOUTHERN_BRITTANY
1082,2021-07-20,675.769,677.0978502249453,-174.06760677315793,172.73875654821262,82.6126664904066,18.09704030068248,69.0189944385732,12.88396526074432,False,-0.7702905052005727,SOUTHERN_BRITTANY
1083,2021-07-28,448.8392857142857,667.3691670318592,-287.2938633960544,68.76398207848092,82.6126664904066,18.09704030068248,69.0189944385732,12.88396526074432,False,-0.7702905052005727,SOUTHERN_BRITTANY
1084,2021-08-04,353.488375,657.0454927105432,-322.5328132325967,18.97569552205357,82.6126664904066,18.09704030068248,69.0189944385732,12.88396526074432,False,-0.7702905052005727,SOUTHERN_BRITTANY
1085,2021-08-12,288.24525,646.18587146579,-336.8696721329951,-21.070949332794896,82.6126664904066,18.09704030068248,69.0189944385732,12.88396526074432,False,-0.7702905052005727,SOUTHERN_BRITTANY
1086,2021-08-20,220.83325,634.855005524253,-356.14068779475014,-57.88106772950283,82.6126664904066,18.09704030068248,69.0189944385732,12.88396526074432,False,-0.7702905052005727,SOUTHERN_BRITTANY
1087,2021-08-28,203.64714285714285,623.1215830117588,-355.83693410689654,-63.637506047719455,82.6126664904066,18.09704030068248,69.0189944385732,12.88396526074432,False,-0.7702905052005727,SOUTHERN_BRITTANY
1088,2021-09-04,197.714,611.056791651087,-347.7497006325725,-65.59309101851449,82.6126664904066,18.09704030068248,69.0189944385732,12.88396526074432,False,-0.7702905052005727,SOUTHERN_BRITTANY
1089,2021-09-12,197.714,598.732437550193,-338.0820538102733,-62.93638373991973,82.6126664904066,18.09704030068248,69.0189944385732,12.88396526074432,False,-0.7702905052005727,SOUTHERN_BRITTANY
1090,2021-09-20,344.58025,586.2198886773785,-258.74336718589444,17.10372850851587,82.6126664904066,18.09704030068248,69.0189944385732,12.88396526074432,False,-0.7702905052005727,SOUTHERN_BRITTANY
1091,2021-09-28,382.14325,573.5903375427964,-232.4536451799262,41.006557637129816,82.6126664904066,18.09704030068248,69.0189944385732,12.88396526074432,False,-0.7702905052005727,SOUTHERN_BRITTANY
1092,2021-10-04,382.14325,560.9135544226618,-188.26125413379077,9.490949711128934,82.6126664904066,18.09704030068248,69.0189944385732,12.88396526074432,False,-0.7702905052005727,SOUTHERN_BRITTANY
1093,2021-10-12,349.86400000000003,548.2576729271425,-197.38766608163735,-1.006006845505084,82.6126664904066,18.09704030068248,69.0189944385732,12.88396526074432,False,-0.7702905052005727,SOUTHERN_BRITTANY
1094,2021-10-20,272.66325,535.6882782451455,-226.79023228028436,-36.23479596486118,82.6126664904066,18.09704030068248,69.0189944385732,12.88396526074432,False,-0.7702905052005727,SOUTHERN_BRITTANY
1095,2021-10-28,272.66325,523.2635478197059,-215.37239585712487,-35.227901962581,82.6126664904066,18.09704030068248,69.0189944385732,12.88396526074432,False,-0.7702905052005727,SOUTHERN_BRITTANY
1096,2021-11-04,335.16375,511.0343848193341,-182.55869053917948,6.68805571984538,82.6126664904066,18.09704030068248,69.0189944385732,12.88396526074432,False,-0.7702905052005727,SOUTHERN_BRITTANY
1097,2021-11-12,335.16375,499.0466071474348,-192.0150162149739,28.13215906753913,82.6126664904066,18.09704030068248,69.0189944385732,12.88396526074432,False,-0.7702905052005727,SOUTHERN_BRITTANY
1098,2021-11-20,307.335375,487.3393380273943,-191.1966120105153,11.192648983121046,82.6126664904066,18.09704030068248,69.0189944385732,12.88396526074432,False,-0.7702905052005727,SOUTHERN_BRITTANY
1099,2021-11-28,307.335375,475.9443230921857,-179.48772776362117,10.878779671435469,82.6126664904066,18.09704030068248,69.0189944385732,12.88396526074432,False,-0.7702905052005727,SOUTHERN_BRITTANY
1100,2021-12-04,456.89275,464.8831282127109,-92.94196715395552,84.9515889412446,82.6126664904066,18.09704030068248,69.0189944385732,12.88396526074432,False,-0.7702905052005727,SOUTHERN_BRITTANY
1101,2021-12-12,750.596,454.1697121485178,138.91210610565162,157.51418174583057,82.6126664904066,18.09704030068248,69.0189944385732,12.88396526074432,False,-0.7702905052005727,SOUTHERN_BRITTANY
1102,2021-12-20,977.0698571428572,443.8246073053709,372.29513925326734,160.95011058421898,82.6126664904066,18.09704030068248,69.0189944385732,12.88396526074432,False,-0.7702905052005727,SOUTHERN_BRITTANY
1103,2021-12-28,977.0698571428572,433.8770157735751,554.5163955237971,-11.323554154514907,82.6126664904066,18.09704030068248,69.0189944385732,12.88396526074432,False,-0.7702905052005727,SOUTHERN_BRITTANY
1104,2022-01-04,1475.3715,424.3533319583584,810.5373032022726,240.4808648393689,82.6126664904066,18.09704030068248,69.0189944385732,12.88396526074432,False,-0.7702905052005727,SOUTHERN_BRITTANY
1105,2022-01-12,1475.3715,415.2929826329799,832.2990466001206,227.77947076689952,82.6126664904066,18.09704030068248,69.0189944385732,12.88396526074432,False,-0.7702905052005727,SOUTHERN_BRITTANY
1106,2022-01-20,950.142125,406.7466291569645,606.066613132922,-62.67111728988664,82.6126664904066,18.09704030068248,69.0189944385732,12.88396526074432,False,-0.7702905052005727,SOUTHERN_BRITTANY
1107,2022-01-28,681.8938571428571,398.7701552084157,618.4822742764466,-335.3585723420052,82.6126664904066,18.09704030068248,69.0189944385732,12.88396526074432,False,-0.7702905052005727,SOUTHERN_BRITTANY
1108,2022-02-04,590.148,391.4261451064742,683.8293804066582,-485.1075255131324,82.6126664904066,18.09704030068248,69.0189944385732,12.88396526074432,False,-0.7702905052005727,SOUTHERN_BRITTANY
1109,2022-02-12,590.148,384.7829883026085,660.7351062531,-455.3700945557085,82.6126664904066,18.09704030068248,69.0189944385732,12.88396526074432,False,-0.7702905052005727,SOUTHERN_BRITTANY
1110,2022-02-20,736.7315,378.8996672662231,396.423087642536,-38.59125490875908,82.6126664904066,18.09704030068248,69.0189944385732,12.88396526074432,False,-0.7702905052005727,SOUTHERN_BRITTANY
1111,2022-02-28,736.7315,373.8072643614552,277.8737922281188,85.050443410426,82.6126664904066,18.09704030068248,69.0189944385732,12.88396526074432,False,-0.7702905052005727,SOUTHERN_BRITTANY
1112,2022-03-04,600.353375,369.5047625846579,159.77190332192413,71.076709093418,82.6126664904066,18.09704030068248,69.0189944385732,12.88396526074432,False,-0.7702905052005727,SOUTHERN_BRITTANY
1113,2022-03-12,543.569625,365.9730321127963,209.7674912305885,-32.17089834338486,82.6126664904066,18.09704030068248,69.0189944385732,12.88396526074432,False,-0.7702905052005727,SOUTHERN_BRITTANY
1114,2022-03-20,538.0398749999999,363.1693055247844,217.63206775220144,-42.76149827698586,82.6126664904066,18.09704030068248,69.0189944385732,12.88396526074432,False,-0.7702905052005727,SOUTHERN_BRITTANY
1115,2022-03-28,393.219,361.0368613638924,126.20177347629637,-94.01963484018876,82.6126664904066,18.09704030068248,69.0189944385732,12.88396526074432,False,-0.7702905052005727,SOUTHERN_BRITTANY
1116,2022-04-04,393.219,359.5118977459014,61.83623459062444,-28.129132336525863,82.6126664904066,18.09704030068248,69.0189944385732,12.88396526074432,False,-0.7702905052005727,SOUTHERN_BRITTANY
1117,2022-04-12,382.548,358.52407013088504,16.538174795375166,7.485755073739799,82.6126664904066,18.09704030068248,69.0189944385732,12.88396526074432,False,-0.7702905052005727,SOUTHERN_BRITTANY
1118,2022-04-20,376.144625,357.9980104321299,-24.79113287281085,42.93774744068098,82.6126664904066,18.09704030068248,69.0189944385732,12.88396526074432,False,-0.7702905052005727,SOUTHERN_BRITTANY
1119,2022-04-28,349.415,357.85119801316466,-69.16170590667137,60.72550789350673,82.6126664904066,18.09704030068248,69.0189944385732,12.88396526074432,False,-0.7702905052005727,SOUTHERN_BRITTANY
1120,2022-05-04,281.0865,357.9967559693096,-125.0557190438128,48.145463074503226,82.6126664904066,18.09704030068248,69.0189944385732,12.88396526074432,False,-0.7702905052005727,SOUTHERN_BRITTANY
1121,2022-05-12,225.812125,358.3540673424844,-129.53208831775316,-3.009854024731254,82.6126664904066,18.09704030068248,69.0189944385732,12.88396526074432,False,-0.7702905052005727,SOUTHERN_BRITTANY
1122,2022-05-20,198.973625,358.8494227395499,-103.95018904268994,-55.92560869685994,82.6126664904066,18.09704030068248,69.0189944385732,12.88396526074432,False,-0.7702905052005727,SOUTHERN_BRITTANY
1123,2022-05-28,175.47642857142858,359.41752240853003,-132.05098361865427,-51.89011021844718,82.6126664904066,18.09704030068248,69.0189944385732,12.88396526074432,False,-0.7702905052005727,SOUTHERN_BRITTANY
1124,2022-06-04,175.47642857142858,360.0000999352821,-207.2059889043412,22.682317540487645,82.6126664904066,18.09704030068248,69.0189944385732,12.88396526074432,False,-0.7702905052005727,SOUTHERN_BRITTANY
1125,2022-06-12,171.843,360.539279231246,-244.9608193502052,56.26454011895922,82.6126664904066,18.09704030068248,69.0189944385732,12.88396526074432,False,-0.7702905052005727,SOUTHERN_BRITTANY
1126,2022-06-20,200.333125,360.9772077240276,-235.112900867776,74.46881814374845,82.6126664904066,18.09704030068248,69.0189944385732,12.88396526074432,False,-0.7702905052005727,SOUTHERN_BRITTANY
1127,2022-06-28,200.57183333333333,361.2634847560144,-205.20342638819992,44.511774965518896,82.6126664904066,18.09704030068248,69.0189944385732,12.88396526074432,False,-0.7702905052005727,SOUTHERN_BRITTANY
1128,2022-07-04,200.57183333333333,361.3578322483697,-161.26202335525468,0.4760244402183389,82.6126664904066,18.09704030068248,69.0189944385732,12.88396526074432,False,-0.7702905052005727,SOUTHERN_BRITTANY
1129,2022-07-12,176.07575,361.2299171288697,-156.9268631983535,-28.22730393051623,82.6126664904066,18.09704030068248,69.0189944385732,12.88396526074432,False,-0.7702905052005727,SOUTHERN_BRITTANY
1130,2022-07-20,123.652125,360.85750973099726,-209.70202815654196,-27.503356574455324,82.6126664904066,18.09704030068248,69.0189944385732,12.88396526074432,False,-0.7702905052005727,SOUTHERN_BRITTANY
1131,2022-07-28,105.776,360.2219851453963,-273.54845413702856,19.102468991632293,82.6126664904066,18.09704030068248,69.0189944385732,12.88396526074432,False,-0.7702905052005727,SOUTHERN_BRITTANY
1132,2022-08-04,97.528125,359.3046953629547,-297.4653453490186,35.68877498606389,82.6126664904066,18.09704030068248,69.0189944385732,12.88396526074432,False,-0.7702905052005727,SOUTHERN_BRITTANY
1133,2022-08-12,97.528125,358.08479221727845,-308.3080005647168,47.75133334743833,82.6126664904066,18.09704030068248,69.0189944385732,12.88396526074432,False,-0.7702905052005727,SOUTHERN_BRITTANY
1134,2022-08-20,97.560875,356.54260315684746,-321.27348026806203,62.29175211121458,82.6126664904066,18.09704030068248,69.0189944385732,12.88396526074432,False,-0.7702905052005727,SOUTHERN_BRITTANY
1135,2022-08-28,103.013375,354.6619779468492,-324.6002966577,72.9516937108508,82.6126664904066,18.09704030068248,69.0189944385732,12.88396526074432,False,-0.7702905052005727,SOUTHERN_BRITTANY
1136,2022-09-04,110.59771428571428,352.43251953119466,-327.54598980636706,85.7111845608867,82.6126664904066,18.09704030068248,69.0189944385732,12.88396526074432,False,-0.7702905052005727,SOUTHERN_BRITTANY
1137,2022-09-12,111.706,349.8518637013024,-332.55554911991635,94.409685418614,82.6126664904066,18.09704030068248,69.0189944385732,12.88396526074432,False,-0.7702905052005727,SOUTHERN_BRITTANY
1138,2022-09-20,111.706,346.92786711520745,-299.29694710106685,64.07507998585942,82.6126664904066,18.09704030068248,69.0189944385732,12.88396526074432,False,-0.7702905052005727,SOUTHERN_BRITTANY
1139,2022-09-28,115.674625,343.67967097782844,-295.09509704220835,67.0900510643799,82.6126664904066,18.09704030068248,69.0189944385732,12.88396526074432,False,-0.7702905052005727,SOUTHERN_BRITTANY
1140,2022-10-04,133.819625,340.13827433708667,-297.3757119033957,91.05706256630904,82.6126664904066,18.09704030068248,69.0189944385732,12.88396526074432,False,-0.7702905052005727,SOUTHERN_BRITTANY
1141,2022-10-12,142.355875,336.345144863685,-308.53440099125885,114.54513112757384,82.6126664904066,18.09704030068248,69.0189944385732,12.88396526074432,False,-0.7702905052005727,SOUTHERN_BRITTANY
1142,2022-10-20,156.7932857142857,332.3541400112132,-319.78680814633884,144.22595384941135,82.6126664904066,18.09704030068248,69.0189944385732,12.88396526074432,False,-0.7702905052005727,SOUTHERN_BRITTANY
1143,2022-10-28,156.7932857142857,328.2329780737245,-259.2124882805439,87.77279592110503,82.6126664904066,18.09704030068248,69.0189944385732,12.88396526074432,False,-0.7702905052005727,SOUTHERN_BRITTANY
1144,2022-11-04,156.7932857142857,324.0559265288682,-114.78265198359097,-52.479988830991545,82.6126664904066,18.09704030068248,69.0189944385732,12.88396526074432,False,-0.7702905052005727,SOUTHERN_BRITTANY
1145,2022-11-12,167.008625,319.8898705427861,-36.23232568404046,-116.64891985874569,82.6126664904066,18.09704030068248,69.0189944385732,12.88396526074432,False,-0.7702905052005727,SOUTHERN_BRITTANY
1146,2022-11-20,225.613875,315.79174302511484,-19.37111759385569,-70.80675043125915,82.6126664904066,18.09704030068248,69.0189944385732,12.88396526074432,False,-0.7702905052005727,SOUTHERN_BRITTANY
1147,2022-11-28,260.127125,311.8129406322401,-90.81666657168304,39.13085093944291,82.6126664904066,18.09704030068248,69.0189944385732,12.88396526074432,False,-0.7702905052005727,SOUTHERN_BRITTANY
1148,2022-12-04,260.127125,308.01131411619434,-56.10247063325366,8.218281517059296,82.6126664904066,18.09704030068248,69.0189944385732,12.88396526074432,False,-0.7702905052005727,SOUTHERN_BRITTANY
1149,2022-12-12,260.127125,304.4527960486792,257.3537401631938,-301.679411211873,82.6126664904066,18.09704030068248,69.0189944385732,12.88396526074432,False,-0.7702905052005727,SOUTHERN_BRITTANY
1150,2022-12-20,434.800375,301.1947682556626,398.6939488913632,-265.0883421470258,82.6126664904066,18.09704030068248,69.0189944385732,12.88396526074432,False,-0.7702905052005727,SOUTHERN_BRITTANY
1151,2022-12-28,743.008875,298.29131266046994,435.76661218872056,8.95095015080949,82.6126664904066,18.09704030068248,69.0189944385732,12.88396526074432,False,-0.7702905052005727,SOUTHERN_BRITTANY
1152,2023-01-04,759.164,295.80114069386207,518.0542876687192,-54.69142836258129,82.6126664904066,18.09704030068248,69.0189944385732,12.88396526074432,False,-0.7702905052005727,SOUTHERN_BRITTANY
1153,2023-01-12,833.067125,293.78741991924403,594.572592366864,-55.292887286108,82.6126664904066,18.09704030068248,69.0189944385732,12.88396526074432,False,-0.7702905052005727,SOUTHERN_BRITTANY
1154,2023-01-20,833.067125,292.3199216846061,445.01197684279657,95.73522647259745,82.6126664904066,18.09704030068248,69.0189944385732,12.88396526074432,False,-0.7702905052005727,SOUTHERN_BRITTANY
1155,2023-01-28,786.5191428571428,291.46062267175006,356.6227811968618,138.43573898853094,82.6126664904066,18.09704030068248,69.0189944385732,12.88396526074432,False,-0.7702905052005727,SOUTHERN_BRITTANY
1156,2023-02-04,525.138,291.25663674737393,189.75383064622704,44.127532606399086,82.6126664904066,18.09704030068248,69.0189944385732,12.88396526074432,False,-0.7702905052005727,SOUTHERN_BRITTANY
1157,2023-02-12,428.60925,291.74514650318474,137.7447293407118,-0.8806258438965529,82.6126664904066,18.09704030068248,69.0189944385732,12.88396526074432,False,-0.7702905052005727,SOUTHERN_BRITTANY
1158,2023-02-20,399.265,292.96340858223044,166.94722702933916,-60.64563561156962,82.6126664904066,18.09704030068248,69.0189944385732,12.88396526074432,False,-0.7702905052005727,SOUTHERN_BRITTANY
1159,2023-02-28,350.631375,294.9576418768025,345.6028025609697,-289.92906943777217,82.6126664904066,18.09704030068248,69.0189944385732,12.88396526074432,False,-0.7702905052005727,SOUTHERN_BRITTANY
1160,2023-03-04,399.265,297.7794587931755,337.2724028952716,-235.78686168844703,82.6126664904066,18.09704030068248,69.0189944385732,12.88396526074432,False,-0.7702905052005727,SOUTHERN_BRITTANY
1161,2023-03-12,845.775375,301.47432085686427,503.0074539695272,41.29360017360864,82.6126664904066,18.09704030068248,69.0189944385732,12.88396526074432,False,-0.7702905052005727,SOUTHERN_BRITTANY
1162,2023-03-20,908.4101428571428,306.0828074341387,474.1735003756396,128.1538350473645,82.6126664904066,18.09704030068248,69.0189944385732,12.88396526074432,False,-0.7702905052005727,SOUTHERN_BRITTANY
1163,2023-03-28,908.4101428571428,311.6416152796668,438.93756766612375,157.83095991135235,82.6126664904066,18.09704030068248,69.0189944385732,12.88396526074432,False,-0.7702905052005727,SOUTHERN_BRITTANY
1164,2023-04-04,803.642625,318.1854744156689,387.4176417151298,98.0395088692012,82.6126664904066,18.09704030068248,69.0189944385732,12.88396526074432,False,-0.7702905052005727,SOUTHERN_BRITTANY
1165,2023-04-12,643.495375,325.74534863050417,303.4136611764657,14.336365193030076,82.6126664904066,18.09704030068248,69.0189944385732,12.88396526074432,False,-0.7702905052005727,SOUTHERN_BRITTANY
1166,2023-04-20,563.414125,334.3488183792359,82.2795264104346,146.7857802103295,82.6126664904066,18.09704030068248,69.0189944385732,12.88396526074432,False,-0.7702905052005727,SOUTHERN_BRITTANY
1167,2023-04-28,494.37733333333335,344.0229830375633,34.99842648760553,115.35592380816456,82.6126664904066,18.09704030068248,69.0189944385732,12.88396526074432,False,-0.7702905052005727,SOUTHERN_BRITTANY
1168,2023-05-04,417.322875,354.7902741044788,154.94966651551695,-92.41706561999573,82.6126664904066,18.09704030068248,69.0189944385732,12.88396526074432,False,-0.7702905052005727,SOUTHERN_BRITTANY
1169,2023-05-12,417.322875,366.6583101074378,134.0788904788729,-83.41432558631067,82.6126664904066,18.09704030068248,69.0189944385732,12.88396526074432,False,-0.7702905052005727,SOUTHERN_BRITTANY
1170,2023-05-20,417.322875,379.620022323971,78.87403253314372,-41.17117985711471,82.6126664904066,18.09704030068248,69.0189944385732,12.88396526074432,False,-0.7702905052005727,SOUTHERN_BRITTANY
1171,2023-05-28,373.7654285714286,393.6562598638911,5.330709666730506,-25.22154095919301,82.6126664904066,18.09704030068248,69.0189944385732,12.88396526074432,False,-0.7702905052005727,SOUTHERN_BRITTANY
1172,2023-06-04,281.8775,408.73922443590766,-157.94036142201475,31.078636986107117,82.6126664904066,18.09704030068248,69.0189944385732,12.88396526074432,False,-0.7702905052005727,SOUTHERN_BRITTANY
1173,2023-06-12,247.574625,424.83838789598514,-185.15933818954167,7.895575293556533,82.6126664904066,18.09704030068248,69.0189944385732,12.88396526074432,False,-0.7702905052005727,SOUTHERN_BRITTANY
1174,2023-06-20,247.574625,441.92036543798577,-113.83371299725508,-80.51202744073068,82.6126664904066,18.09704030068248,69.0189944385732,12.88396526074432,False,-0.7702905052005727,SOUTHERN_BRITTANY
1175,2023-06-28,247.574625,459.9435791395976,-121.89289291611432,-90.4760612234832,82.6126664904066,18.09704030068248,69.0189944385732,12.88396526074432,False,-0.7702905052005727,SOUTHERN_BRITTANY
1176,2023-07-04,198.340625,478.8575358184529,-248.7790977665291,-31.73781305192381,82.6126664904066,18.09704030068248,69.0189944385732,12.88396526074432,False,-0.7702905052005727,SOUTHERN_BRITTANY
1177,2023-07-12,173.182625,498.60528017805353,-328.5036620861959,3.081006908142342,82.6126664904066,18.09704030068248,69.0189944385732,12.88396526074432,False,-0.7702905052005727,SOUTHERN_BRITTANY
1178,2023-07-20,141.7495,519.1256224827172,-378.0086819314583,0.6325594487411195,82.6126664904066,18.09704030068248,69.0189944385732,12.88396526074432,False,-0.7702905052005727,SOUTHERN_BRITTANY
1179,2023-07-28,141.7495,540.3545342583357,-391.3425838170397,-7.262450441295925,82.6126664904066,18.09704030068248,69.0189944385732,12.88396526074432,False,-0.7702905052005727,SOUTHERN_BRITTANY
1180,2023-08-04,136.2292857142857,562.226483833215,-449.5752541647788,23.578056045849507,82.6126664904066,18.09704030068248,69.0189944385732,12.88396526074432,False,-0.7702905052005727,SOUTHERN_BRITTANY
1181,2023-08-12,124.920625,584.6765659421119,-482.33941484504976,22.58347390293784,82.6126664904066,18.09704030068248,69.0189944385732,12.88396526074432,False,-0.7702905052005727,SOUTHERN_BRITTANY
1182,2023-08-20,117.5825,607.6392552324639,-499.29564258549647,9.23888735303251,82.6126664904066,18.09704030068248,69.0189944385732,12.88396526074432,False,-0.7702905052005727,SOUTHERN_BRITTANY
1183,2023-08-28,111.64075,631.0476797712553,-515.4116627086149,-3.9952670626403233,82.6126664904066,18.09704030068248,69.0189944385732,12.88396526074432,False,-0.7702905052005727,SOUTHERN_BRITTANY
1184,2023-09-04,107.93,654.833067908145,-533.456105231114,-13.446962677031138,82.6126664904066,18.09704030068248,69.0189944385732,12.88396526074432,False,-0.7702905052005727,SOUTHERN_BRITTANY
1185,2023-09-12,111.64075,678.924138680857,-516.0688459780666,-51.21454270279037,82.6126664904066,18.09704030068248,69.0189944385732,12.88396526074432,False,-0.7702905052005727,SOUTHERN_BRITTANY
1186,2023-09-20,126.35966666666668,703.2456332815469,-506.2906461382654,-70.59532047661492,82.6126664904066,18.09704030068248,69.0189944385732,12.88396526074432,False,-0.7702905052005727,SOUTHERN_BRITTANY
1187,2023-09-28,126.35966666666668,727.7177294402022,-517.6187303515552,-83.7393324219803,82.6126664904066,18.09704030068248,69.0189944385732,12.88396526074432,False,-0.7702905052005727,SOUTHERN_BRITTANY
1188,2023-10-04,111.909,752.2560153320453,-490.7491120230738,-149.59790330897152,82.6126664904066,18.09704030068248,69.0189944385732,12.88396526074432,False,-0.7702905052005727,SOUTHERN_BRITTANY
1189,2023-10-12,111.909,776.7715541177943,-377.3190800529025,-287.54347406489177,82.6126664904066,18.09704030068248,69.0189944385732,12.88396526074432,False,-0.7702905052005727,SOUTHERN_BRITTANY
1190,2023-10-20,135.318625,801.1675385462768,-275.72713302394527,-390.1217805223315,82.6126664904066,18.09704030068248,69.0189944385732,12.88396526074432,False,-0.7702905052005727,SOUTHERN_BRITTANY
1191,2023-10-28,390.061,825.3373880541706,-155.96833151225238,-279.3080565419182,82.6126664904066,18.09704030068248,69.0189944385732,12.88396526074432,False,-0.7702905052005727,SOUTHERN_BRITTANY
1192,2023-11-04,924.9365,849.1684771974948,-43.257686831487774,119.02570963399302,82.6126664904066,18.09704030068248,69.0189944385732,12.88396526074432,False,-0.7702905052005727,SOUTHERN_BRITTANY
1193,2023-11-12,1244.9055,872.5510390126781,68.55613709964771,303.7983238876743,82.6126664904066,18.09704030068248,69.0189944385732,12.88396526074432,False,-0.7702905052005727,SOUTHERN_BRITTANY
1194,2023-11-20,1244.9055,895.3811906414115,67.76384849875731,281.76046085983126,82.6126664904066,18.09704030068248,69.0189944385732,12.88396526074432,False,-0.7702905052005727,SOUTHERN_BRITTANY
1195,2023-11-28,906.539125,917.5634440239209,-31.527100732608933,20.502781708688094,82.6126664904066,18.09704030068248,69.0189944385732,12.88396526074432,False,-0.7702905052005727,SOUTHERN_BRITTANY
1196,2023-12-04,906.539125,939.0064210100796,-23.46625577840508,-9.001040231674654,82.6126664904066,18.09704030068248,69.0189944385732,12.88396526074432,False,-0.7702905052005727,SOUTHERN_BRITTANY
1197,2023-12-12,1874.0615,959.6214330612617,454.63443852396585,459.8056284147725,82.6126664904066,18.09704030068248,69.0189944385732,12.88396526074432,False,-0.7702905052005727,SOUTHERN_BRITTANY
1198,2023-12-20,1874.0615,979.3264685699784,542.4880067968589,352.2470246331626,82.6126664904066,18.09704030068248,69.0189944385732,12.88396526074432,False,-0.7702905052005727,SOUTHERN_BRITTANY
1199,2023-12-28,1417.49925,998.0422354374108,352.3836699123068,67.07334465028259,82.6126664904066,18.09704030068248,69.0189944385732,12.88396526074432,False,-0.7702905052005727,SOUTHERN_BRITTANY
1200,2024-01-04,1219.0235714285716,1015.7020760713676,249.79997733689416,-46.47848197969009,82.6126664904066,18.09704030068248,69.0189944385732,12.88396526074432,False,-0.7702905052005727,SOUTHERN_BRITTANY
1201,2024-01-12,1369.827,1032.2549777591073,371.6684646092551,-34.09644236836243,82.6126664904066,18.09704030068248,69.0189944385732,12.88396526074432,False,-0.7702905052005727,SOUTHERN_BRITTANY
1202,2024-01-20,1286.279,1047.6553128490505,301.0368367660196,-62.41314961507004,82.6126664904066,18.09704030068248,69.0189944385732,12.88396526074432,False,-0.7702905052005727,SOUTHERN_BRITTANY
1203,2024-01-28,1286.279,1061.866876312365,282.09129140944344,-57.67916772180877,82.6126664904066,18.09704030068248,69.0189944385732,12.88396526074432,False,-0.7702905052005727,SOUTHERN_BRITTANY
1204,2024-02-04,1227.107875,1074.8635338049444,166.5114327649749,-14.26709156991936,82.6126664904066,18.09704030068248,69.0189944385732,12.88396526074432,False,-0.7702905052005727,SOUTHERN_BRITTANY
1205,2024-02-12,1204.949875,1086.6214863461637,121.70288075677148,-3.3744921029351644,82.6126664904066,18.09704030068248,69.0189944385732,12.88396526074432,False,-0.7702905052005727,SOUTHERN_BRITTANY
1206,2024-02-20,1227.107875,1097.1162018087844,127.88869973081516,2.1029734604004062,82.6126664904066,18.09704030068248,69.0189944385732,12.88396526074432,False,-0.7702905052005727,SOUTHERN_BRITTANY
1207,2024-02-28,2032.9475,1106.3253941721773,717.6492872806102,208.97281854721268,82.6126664904066,18.09704030068248,69.0189944385732,12.88396526074432,False,-0.7702905052005727,SOUTHERN_BRITTANY
1208,2024-03-04,2032.9475,1114.2238706416797,727.9275474410898,190.7960819172309,82.6126664904066,18.09704030068248,69.0189944385732,12.88396526074432,False,-0.7702905052005727,SOUTHERN_BRITTANY
1209,2024-03-12,1855.498,1120.7898842043949,704.5008245267697,30.207291268835437,82.6126664904066,18.09704030068248,69.0189944385732,12.88396526074432,False,-0.7702905052005727,SOUTHERN_BRITTANY
1210,2024-03-20,1617.274875,1126.0248707945293,539.1279950935374,-47.87799088806662,82.6126664904066,18.09704030068248,69.0189944385732,12.88396526074432,False,-0.7702905052005727,SOUTHERN_BRITTANY
1211,2024-03-28,1617.274875,1129.9579931377018,536.9962990245579,-49.6794171622596,82.6126664904066,18.09704030068248,69.0189944385732,12.88396526074432,False,-0.7702905052005727,SOUTHERN_BRITTANY
1212,2024-04-04,1618.3407499999998,1132.6358645358955,509.07487984097617,-23.36999437687183,82.6126664904066,18.09704030068248,69.0189944385732,12.88396526074432,False,-0.7702905052005727,SOUTHERN_BRITTANY
1213,2024-04-12,1618.3407499999998,1134.1165705023768,463.4719623632766,20.75221713434644,82.6126664904066,18.09704030068248,69.0189944385732,12.88396526074432,False,-0.7702905052005727,SOUTHERN_BRITTANY
1214,2024-04-20,916.426625,1134.464710729646,-92.68133832265548,-125.35674740699042,82.6126664904066,18.09704030068248,69.0189944385732,12.88396526074432,False,-0.7702905052005727,SOUTHERN_BRITTANY
1215,2024-04-28,916.426625,1133.7570907192571,-120.57633117641956,-96.75413454283772,82.6126664904066,18.09704030068248,69.0189944385732,12.88396526074432,False,-0.7702905052005727,SOUTHERN_BRITTANY
1216,2024-05-04,1645.347875,1132.0822600043507,401.50834163014105,111.75727336550818,82.6126664904066,18.09704030068248,69.0189944385732,12.88396526074432,False,-0.7702905052005727,SOUTHERN_BRITTANY
1217,2024-05-12,1645.347875,1129.5249438921603,402.3236586131944,113.49927249464524,82.6126664904066,18.09704030068248,69.0189944385732,12.88396526074432,False,-0.7702905052005727,SOUTHERN_BRITTANY
1218,2024-05-20,1481.825,1126.1659639088048,282.39803558627125,73.26100050492403,82.6126664904066,18.09704030068248,69.0189944385732,12.88396526074432,False,-0.7702905052005727,SOUTHERN_BRITTANY
1219,2024-05-28,1328.4351428571429,1122.0920285084103,157.10531071980154,49.237803628930806,82.6126664904066,18.09704030068248,69.0189944385732,12.88396526074432,False,-0.7702905052005727,SOUTHERN_BRITTANY
1220,2024-06-04,888.573625,1117.3966939704062,-197.79671555222805,-31.02635341817816,82.6126664904066,18.09704030068248,69.0189944385732,12.88396526074432,False,-0.7702905052005727,SOUTHERN_BRITTANY
1221,2024-06-12,888.573625,1112.181137347345,-206.3193411931594,-17.288171154185534,82.6126664904066,18.09704030068248,69.0189944385732,12.88396526074432,False,-0.7702905052005727,SOUTHERN_BRITTANY
1222,2024-06-20,1188.072875,1106.5512896711637,20.111884426550915,61.40970090228549,82.6126664904066,18.09704030068248,69.0189944385732,12.88396526074432,False,-0.7702905052005727,SOUTHERN_BRITTANY
1223,2024-06-28,1188.072875,1100.610748456167,21.355844512224607,66.10628203160879,82.6126664904066,18.09704030068248,69.0189944385732,12.88396526074432,False,-0.7702905052005727,SOUTHERN_BRITTANY
1224,2024-07-04,795.8145,1094.46017665844,-284.9943692097177,-13.651307448722209,82.6126664904066,18.09704030068248,69.0189944385732,12.88396526074432,False,-0.7702905052005727,SOUTHERN_BRITTANY
1225,2024-07-12,564.207375,1088.2029891030618,-466.12650568281,-57.86910842025179,82.6126664904066,18.09704030068248,69.0189944385732,12.88396526074432,False,-0.7702905052005727,SOUTHERN_BRITTANY
1226,2024-07-20,500.54728571428575,1081.946293404445,-523.0095637768261,-58.38944391333314,82.6126664904066,18.09704030068248,69.0189944385732,12.88396526074432,False,-0.7702905052005727,SOUTHERN_BRITTANY
1227,2024-07-28,491.67225,1075.796801230559,-531.1378724198108,-52.986678810748,82.6126664904066,18.09704030068248,69.0189944385732,12.88396526074432,False,-0.7702905052005727,SOUTHERN_BRITTANY
1228,2024-08-04,310.85287500000004,1069.857057261062,-669.8436716145619,-89.16051064650003,82.6126664904066,18.09704030068248,69.0189944385732,12.88396526074432,False,-0.7702905052005727,SOUTHERN_BRITTANY
1229,2024-08-12,238.74275,1064.224618742774,-728.747814039758,-96.734054703016,82.6126664904066,18.09704030068248,69.0189944385732,12.88396526074432,False,-0.7702905052005727,SOUTHERN_BRITTANY
1230,2024-08-20,222.187,1058.9902365697606,-745.3163829459338,-91.48685362382672,82.6126664904066,18.09704030068248,69.0189944385732,12.88396526074432,False,-0.7702905052005727,SOUTHERN_BRITTANY
1231,2024-08-28,217.81275,1054.2339437961937,-752.7550979170119,-83.66609587918174,82.6126664904066,18.09704030068248,69.0189944385732,12.88396526074432,False,-0.7702905052005727,SOUTHERN_BRITTANY
1232,2024-09-04,217.81275,1050.0223915505233,-756.7342537257337,-75.47538782478955,82.6126664904066,18.09704030068248,69.0189944385732,12.88396526074432,False,-0.7702905052005727,SOUTHERN_BRITTANY
1233,2024-09-12,344.767125,1046.407027804456,-664.0343972496707,-37.60550555478517,82.6126664904066,18.09704030068248,69.0189944385732,12.88396526074432,False,-0.7702905052005727,SOUTHERN_BRITTANY
1234,2024-09-20,407.4501666666667,1043.4216886717295,-617.1792268344655,-18.7922951705973,82.6126664904066,18.09704030068248,69.0189944385732,12.88396526074432,False,-0.7702905052005727,SOUTHERN_BRITTANY
1235,2024-09-28,407.4501666666667,1041.081472298093,-621.3973360268683,-12.233969604558297,82.6126664904066,18.09704030068248,69.0189944385732,12.88396526074432,False,-0.7702905052005727,SOUTHERN_BRITTANY
1236,2024-10-04,577.831375,1039.3838850603577,-501.7994340531536,40.24692399279587,82.6126664904066,18.09704030068248,69.0189944385732,12.88396526074432,False,-0.7702905052005727,SOUTHERN_BRITTANY
1237,2024-10-12,1078.2038750000002,1038.3082859374542,-131.41621585856723,171.31180492111315,82.6126664904066,18.09704030068248,69.0189944385732,12.88396526074432,False,-0.7702905052005727,SOUTHERN_BRITTANY
1238,2024-10-20,1466.5937142857142,1037.8134390895775,160.56298116897835,268.21729402715835,82.6126664904066,18.09704030068248,69.0189944385732,12.88396526074432,False,-0.7702905052005727,SOUTHERN_BRITTANY
1239,2024-10-28,1466.5937142857142,1037.8407536057225,218.87794203067816,209.87501864931372,82.6126664904066,18.09704030068248,69.0189944385732,12.88396526074432,False,-0.7702905052005727,SOUTHERN_BRITTANY
1240,2024-11-04,895.584,1038.3285890737693,-81.17039282648554,-61.57419624728382,82.6126664904066,18.09704030068248,69.0189944385732,12.88396526074432,False,-0.7702905052005727,SOUTHERN_BRITTANY
1241,2024-11-12,757.4861249999999,1039.2336947424635,-110.3518816807947,-171.39568806166915,82.6126664904066,18.09704030068248,69.0189944385732,12.88396526074432,False,-0.7702905052005727,SOUTHERN_BRITTANY
1242,2024-11-20,757.4861249999999,1040.5355112610007,-116.01456398368772,-167.03482227731308,82.6126664904066,18.09704030068248,69.0189944385732,12.88396526074432,False,-0.7702905052005727,SOUTHERN_BRITTANY
1243,2024-11-28,1058.137375,1042.2206527245612,19.17564483259353,-3.258922557154719,82.6126664904066,18.09704030068248,69.0189944385732,12.88396526074432,False,-0.7702905052005727,SOUTHERN_BRITTANY
1244,2024-12-04,1134.6441666666667,1044.2670873216434,70.82715031250503,19.54992903251825,82.6126664904066,18.09704030068248,69.0189944385732,12.88396526074432,False,-0.7702905052005727,SOUTHERN_BRITTANY
1245,2024-12-12,1147.75475,1046.642575315518,316.81762136719624,-215.7054466827143,82.6126664904066,18.09704030068248,69.0189944385732,12.88396526074432,False,-0.7702905052005727,SOUTHERN_BRITTANY
1246,2024-12-20,1365.8284285714285,1049.3238697530055,474.6732904187368,-158.16873160031406,82.6126664904066,18.09704030068248,69.0189944385732,12.88396526074432,False,-0.7702905052005727,SOUTHERN_BRITTANY
1247,2024-12-28,1256.7915892857145,1052.295484826113,273.0896996194671,-68.59359515986574,82.6126664904066,18.09704030068248,69.0189944385732,12.88396526074432,False,-0.7702905052005727,SOUTHERN_BRITTANY
0,1999-01-04,1607.8003125,1985.943460258575,-74.01883341572795,-304.124314342847,51.41693982589659,25.064248312581523,54.55157550221792,20.384176185200552,False,-0.3188801557316987,GULF_OF_LION
1,1999-01-12,1723.550625,1996.4840374411103,-242.0740864122504,-30.859326028860096,51.41693982589659,25.064248312581523,54.55157550221792,20.384176185200552,False,-0.3188801557316987,GULF_OF_LION
2,1999-01-20,2117.266,2008.2864583294795,-74.24626295708588,183.2258046276067,51.41693982589659,25.064248312581523,54.55157550221792,20.384176185200552,False,-0.3188801557316987,GULF_OF_LION
3,1999-01-28,2117.266,2021.1859407957973,-78.43939818664325,174.51945739084584,51.41693982589659,25.064248312581523,54.55157550221792,20.384176185200552,False,-0.3188801557316987,GULF_OF_LION
4,1999-02-04,2117.266,2035.0114899712223,161.17370371289329,-78.91919368411575,51.41693982589659,25.064248312581523,54.55157550221792,20.384176185200552,False,-0.3188801557316987,GULF_OF_LION
5,1999-02-12,2462.555125,2049.559298904554,492.8036152661123,-79.80778917066641,51.41693982589659,25.064248312581523,54.55157550221792,20.384176185200552,False,-0.3188801557316987,GULF_OF_LION
6,1999-02-20,3227.55425,2064.594117708467,1060.0253304060284,102.93480188550484,51.41693982589659,25.064248312581523,54.55157550221792,20.384176185200552,False,-0.3188801557316987,GULF_OF_LION
7,1999-02-28,3991.587375,2079.869236147544,1766.837491383455,144.88064746900136,51.41693982589659,25.064248312581523,54.55157550221792,20.384176185200552,False,-0.3188801557316987,GULF_OF_LION
8,1999-03-04,3991.587375,2095.133122091704,1586.2457147391324,310.20853816916406,51.41693982589659,25.064248312581523,54.55157550221792,20.384176185200552,False,-0.3188801557316987,GULF_OF_LION
9,1999-03-12,3479.379375,2110.157188616539,1102.8435882804167,266.3785981030444,51.41693982589659,25.064248312581523,54.55157550221792,20.384176185200552,False,-0.3188801557316987,GULF_OF_LION
10,1999-03-20,2515.296428571429,2124.7555651176745,222.83793329793625,167.70293015581814,51.41693982589659,25.064248312581523,54.55157550221792,20.384176185200552,False,-0.3188801557316987,GULF_OF_LION
11,1999-03-28,2181.61225,2138.7687496675017,-35.733065604276035,78.57656593677406,51.41693982589659,25.064248312581523,54.55157550221792,20.384176185200552,False,-0.3188801557316987,GULF_OF_LION
12,1999-04-04,2403.50375,2152.0450066404,147.59832689301527,103.86041646658452,51.41693982589659,25.064248312581523,54.55157550221792,20.384176185200552,False,-0.3188801557316987,GULF_OF_LION
13,1999-04-12,2403.50375,2164.427292198055,157.31348298390577,81.76297481803903,51.41693982589659,25.064248312581523,54.55157550221792,20.384176185200552,False,-0.3188801557316987,GULF_OF_LION
14,1999-04-20,2403.50375,2175.754057108684,331.190432937855,-103.44074004653896,51.41693982589659,25.064248312581523,54.55157550221792,20.384176185200552,False,-0.3188801557316987,GULF_OF_LION
15,1999-04-28,2494.873625,2185.8449073515912,391.75546061162106,-82.72674296321213,51.41693982589659,25.064248312581523,54.55157550221792,20.384176185200552,False,-0.3188801557316987,GULF_OF_LION
16,1999-05-04,2494.873625,2194.5106259717936,325.1164337148579,-24.75343468665136,51.41693982589659,25.064248312581523,54.55157550221792,20.384176185200552,False,-0.3188801557316987,GULF_OF_LION
17,1999-05-12,3167.772125,2201.5710765966032,813.5797099973519,152.62133840604486,51.41693982589659,25.064248312581523,54.55157550221792,20.384176185200552,False,-0.3188801557316987,GULF_OF_LION
18,1999-05-20,3167.772125,2206.871328274398,726.5155717621674,234.38522496343467,51.41693982589659,25.064248312581523,54.55157550221792,20.384176185200552,False,-0.3188801557316987,GULF_OF_LION
19,1999-05-28,2715.998571428572,2210.2866425960224,305.4560902170778,200.25583861547156,51.41693982589659,25.064248312581523,54.55157550221792,20.384176185200552,False,-0.3188801557316987,GULF_OF_LION
20,1999-06-04,2325.4155,2211.714446851592,7.542460351523118,106.15859279688482,51.41693982589659,25.064248312581523,54.55157550221792,20.384176185200552,False,-0.3188801557316987,GULF_OF_LION
21,1999-06-12,2294.652,2211.0664568805937,-27.146015148613586,110.73155826801992,51.41693982589659,25.064248312581523,54.55157550221792,20.384176185200552,False,-0.3188801557316987,GULF_OF_LION
22,1999-06-20,1614.22375,2208.2706911597443,-616.9470071569664,22.90006599722221,51.41693982589659,25.064248312581523,54.55157550221792,20.384176185200552,False,-0.3188801557316987,GULF_OF_LION
23,1999-06-28,1380.951875,2203.2754038530297,-848.0768823296023,25.75335347657256,51.41693982589659,25.064248312581523,54.55157550221792,20.384176185200552,False,-0.3188801557316987,GULF_OF_LION
24,1999-07-04,1354.1023333333333,2196.0469302249858,-875.067788300151,33.12319140849854,51.41693982589659,25.064248312581523,54.55157550221792,20.384176185200552,False,-0.3188801557316987,GULF_OF_LION
25,1999-07-12,1337.153375,2186.573888630577,-816.619560418272,-32.80095321230499,51.41693982589659,25.064248312581523,54.55157550221792,20.384176185200552,False,-0.3188801557316987,GULF_OF_LION
26,1999-07-20,1205.008125,2174.862710862723,-917.0073807424288,-52.84720512029412,51.41693982589659,25.064248312581523,54.55157550221792,20.384176185200552,False,-0.3188801557316987,GULF_OF_LION
27,1999-07-28,956.5375714285714,2160.93743503684,-1134.206795104212,-70.19306850405587,51.41693982589659,25.064248312581523,54.55157550221792,20.384176185200552,False,-0.3188801557316987,GULF_OF_LION
28,1999-08-04,956.5375714285714,2144.8429776998496,-1149.327514274642,-38.97789199663612,51.41693982589659,25.064248312581523,54.55157550221792,20.384176185200552,False,-0.3188801557316987,GULF_OF_LION
29,1999-08-12,1114.961375,2126.649148106588,-1071.1196663388866,59.43189323229899,51.41693982589659,25.064248312581523,54.55157550221792,20.384176185200552,False,-0.3188801557316987,GULF_OF_LION
30,1999-08-20,1114.961375,2106.45840536845,-1061.485589313815,69.98855894536496,51.41693982589659,25.064248312581523,54.55157550221792,20.384176185200552,False,-0.3188801557316987,GULF_OF_LION
31,1999-08-28,1025.6744285714285,2084.40471461213,-1103.2707099430274,44.54042390232576,51.41693982589659,25.064248312581523,54.55157550221792,20.384176185200552,False,-0.3188801557316987,GULF_OF_LION
32,1999-09-04,868.86825,2060.6474247605934,-1200.9176588135165,9.138484052922877,51.41693982589659,25.064248312581523,54.55157550221792,20.384176185200552,False,-0.3188801557316987,GULF_OF_LION
33,1999-09-12,868.86825,2035.3679021420144,-1165.0432763950196,-1.456375746995036,51.41693982589659,25.064248312581523,54.55157550221792,20.384176185200552,False,-0.3188801557316987,GULF_OF_LION
34,1999-09-20,984.766125,2008.7657730114367,-1030.0861296924422,6.086481681005353,51.41693982589659,25.064248312581523,54.55157550221792,20.384176185200552,False,-0.3188801557316987,GULF_OF_LION
35,1999-09-28,1860.6835,1981.0582012317857,-357.9944651198734,237.6197638880876,51.41693982589659,25.064248312581523,54.55157550221792,20.384176185200552,False,-0.3188801557316987,GULF_OF_LION
36,1999-10-04,1860.6835,1952.4848813403744,-341.2273807779284,249.42599943755383,51.41693982589659,25.064248312581523,54.55157550221792,20.384176185200552,False,-0.3188801557316987,GULF_OF_LION
37,1999-10-12,2260.672625,1923.302978956562,306.21211563793463,31.157530405503397,51.41693982589659,25.064248312581523,54.55157550221792,20.384176185200552,False,-0.3188801557316987,GULF_OF_LION
38,1999-10-20,2506.77925,1893.7506078723056,499.2943591680125,113.73428295968188,51.41693982589659,25.064248312581523,54.55157550221792,20.384176185200552,False,-0.3188801557316987,GULF_OF_LION
39,1999-10-28,2506.77925,1864.0461536949376,507.4892780243401,135.2438182807221,51.41693982589659,25.064248312581523,54.55157550221792,20.384176185200552,False,-0.3188801557316987,GULF_OF_LION
40,1999-11-04,2411.639875,1834.3891578985908,519.6798196804473,57.57089742096173,51.41693982589659,25.064248312581523,54.55157550221792,20.384176185200552,False,-0.3188801557316987,GULF_OF_LION
41,1999-11-12,1909.282,1804.950603307589,344.9516247514018,-240.62022805899096,51.41693982589659,25.064248312581523,54.55157550221792,20.384176185200552,False,-0.3188801557316987,GULF_OF_LION
42,1999-11-20,1775.658625,1775.8516526679862,412.93590761522137,-413.1289352832075,51.41693982589659,25.064248312581523,54.55157550221792,20.384176185200552,False,-0.3188801557316987,GULF_OF_LION
43,1999-11-28,1464.403375,1747.1620698524068,198.9848333727229,-481.7435282251296,51.41693982589659,25.064248312581523,54.55157550221792,20.384176185200552,False,-0.3188801557316987,GULF_OF_LION
44,1999-12-04,1464.403375,1718.9216291693376,91.63332778145076,-346.1515819507883,51.41693982589659,25.064248312581523,54.55157550221792,20.384176185200552,False,-0.3188801557316987,GULF_OF_LION
45,1999-12-12,2200.40925,1691.172159716967,557.5287978143881,-48.29170753135486,51.41693982589659,25.064248312581523,54.55157550221792,20.384176185200552,False,-0.3188801557316987,GULF_OF_LION
46,1999-12-20,2613.199125,1663.985364443735,724.3362888952252,224.87747166103983,51.41693982589659,25.064248312581523,54.55157550221792,20.384176185200552,False,-0.3188801557316987,GULF_OF_LION
47,1999-12-28,2619.127875,1637.4768487581357,739.0003926344702,242.6506336073944,51.41693982589659,25.064248312581523,54.55157550221792,20.384176185200552,False,-0.3188801557316987,GULF_OF_LION
48,2000-01-04,2619.127875,1611.7939616802294,486.1329604096695,521.2009529101013,51.41693982589659,25.064248312581523,54.55157550221792,20.384176185200552,False,-0.3188801557316987,GULF_OF_LION
49,2000-01-12,1608.468625,1587.0961832983355,10.900214531012384,10.472227170651848,51.41693982589659,25.064248312581523,54.55157550221792,20.384176185200552,False,-0.3188801557316987,GULF_OF_LION
50,2000-01-20,1111.5832857142857,1563.5446780875566,-80.49522896979288,-371.466163403478,51.41693982589659,25.064248312581523,54.55157550221792,20.384176185200552,False,-0.3188801557316987,GULF_OF_LION
51,2000-01-28,1111.5832857142857,1541.3051615771376,-257.3119583845829,-172.409917478269,51.41693982589659,25.064248312581523,54.55157550221792,20.384176185200552,False,-0.3188801557316987,GULF_OF_LION
52,2000-02-04,2090.326375,1520.5593316553748,207.9302479715889,361.83679537303647,51.41693982589659,25.064248312581523,54.55157550221792,20.384176185200552,False,-0.3188801557316987,GULF_OF_LION
53,2000-02-12,2404.407,1501.5013713005978,393.760567840181,509.1450608592213,51.41693982589659,25.064248312581523,54.55157550221792,20.384176185200552,False,-0.3188801557316987,GULF_OF_LION
54,2000-02-20,2404.407,1484.3355327190477,423.8874199246465,496.184047356306,51.41693982589659,25.064248312581523,54.55157550221792,20.384176185200552,False,-0.3188801557316987,GULF_OF_LION
55,2000-02-28,2967.8915,1469.2905832350386,898.4922008099835,600.108715954978,51.41693982589659,25.064248312581523,54.55157550221792,20.384176185200552,False,-0.3188801557316987,GULF_OF_LION
56,2000-03-04,2275.6434,1456.619690714272,961.2885544748076,-142.2648451890797,51.41693982589659,25.064248312581523,54.55157550221792,20.384176185200552,False,-0.3188801557316987,GULF_OF_LION
57,2000-03-12,1910.164,1446.545377666636,1282.537960113023,-818.9193377796589,51.41693982589659,25.064248312581523,54.55157550221792,20.384176185200552,False,-0.3188801557316987,GULF_OF_LION
58,2000-03-20,1314.93225,1439.2070743257625,741.787846021552,-866.0626703473142,51.41693982589659,25.064248312581523,54.55157550221792,20.384176185200552,False,-0.3188801557316987,GULF_OF_LION
59,2000-03-28,1314.93225,1434.6650590855108,479.4838162058624,-599.2166252913731,51.41693982589659,25.064248312581523,54.55157550221792,20.384176185200552,False,-0.3188801557316987,GULF_OF_LION
60,2000-04-04,1416.1255,1432.9246471614083,248.20325382876337,-265.0024009901718,51.41693982589659,25.064248312581523,54.55157550221792,20.384176185200552,False,-0.3188801557316987,GULF_OF_LION
61,2000-04-12,1488.42325,1433.9705029828358,218.9792474569401,-164.52650043977584,51.41693982589659,25.064248312581523,54.55157550221792,20.384176185200552,False,-0.3188801557316987,GULF_OF_LION
62,2000-04-20,2216.822875,1437.7775800439888,486.83537500950246,292.2099199465086,51.41693982589659,25.064248312581523,54.55157550221792,20.384176185200552,False,-0.3188801557316987,GULF_OF_LION
63,2000-04-28,2216.822875,1444.3220017277229,515.0084050093789,257.4924682628981,51.41693982589659,25.064248312581523,54.55157550221792,20.384176185200552,False,-0.3188801557316987,GULF_OF_LION
64,2000-05-04,1980.54675,1453.5775449285734,333.9703322475107,192.99887282391583,51.41693982589659,25.064248312581523,54.55157550221792,20.384176185200552,False,-0.3188801557316987,GULF_OF_LION
65,2000-05-12,1943.92725,1465.5318182932765,549.9633138717043,-71.56788216498057,51.41693982589659,25.064248312581523,54.55157550221792,20.384176185200552,False,-0.3188801557316987,GULF_OF_LION
66,2000-05-20,1621.4265,1480.176055478947,320.2537619150647,-179.00331739401173,51.41693982589659,25.064248312581523,54.55157550221792,20.384176185200552,False,-0.3188801557316987,GULF_OF_LION
67,2000-05-28,1315.4747142857143,1497.5002135000464,-42.96469758856618,-139.06080162576586,51.41693982589659,25.064248312581523,54.55157550221792,20.384176185200552,False,-0.3188801557316987,GULF_OF_LION
68,2000-06-04,1315.4747142857143,1517.485087212488,-169.10208927149458,-32.90828365527912,51.41693982589659,25.064248312581523,54.55157550221792,20.384176185200552,False,-0.3188801557316987,GULF_OF_LION
69,2000-06-12,1285.608375,1540.0958321753278,-193.70169832916235,-60.78575884616546,51.41693982589659,25.064248312581523,54.55157550221792,20.384176185200552,False,-0.3188801557316987,GULF_OF_LION
70,2000-06-20,980.752125,1565.2770742234584,-508.840137548996,-75.68481167446242,51.41693982589659,25.064248312581523,54.55157550221792,20.384176185200552,False,-0.3188801557316987,GULF_OF_LION
71,2000-06-28,765.381125,1592.9486262106132,-793.6572764875511,-33.910224723062015,51.41693982589659,25.064248312581523,54.55157550221792,20.384176185200552,False,-0.3188801557316987,GULF_OF_LION
72,2000-07-04,765.381125,1623.0115018150975,-810.230072681029,-47.400304134068506,51.41693982589659,25.064248312581523,54.55157550221792,20.384176185200552,False,-0.3188801557316987,GULF_OF_LION
73,2000-07-12,1082.661875,1655.3471053318656,-654.8718972158217,82.18666688395615,51.41693982589659,25.064248312581523,54.55157550221792,20.384176185200552,False,-0.3188801557316987,GULF_OF_LION
74,2000-07-20,1082.661875,1689.8191953816024,-722.2644902976032,115.10716991600076,51.41693982589659,25.064248312581523,54.55157550221792,20.384176185200552,False,-0.3188801557316987,GULF_OF_LION
75,2000-07-28,942.4871428571428,1726.274303865818,-924.1853367993446,140.39817579066948,51.41693982589659,25.064248312581523,54.55157550221792,20.384176185200552,False,-0.3188801557316987,GULF_OF_LION
76,2000-08-04,863.499375,1764.5468182675363,-1000.8009171394376,99.75347387190128,51.41693982589659,25.064248312581523,54.55157550221792,20.384176185200552,False,-0.3188801557316987,GULF_OF_LION
77,2000-08-12,681.889625,1804.4608339542688,-1048.5367547696335,-74.03445418463502,51.41693982589659,25.064248312581523,54.55157550221792,20.384176185200552,False,-0.3188801557316987,GULF_OF_LION
78,2000-08-20,668.773875,1845.8292019037456,-1054.7661969816966,-122.28912992204891,51.41693982589659,25.064248312581523,54.55157550221792,20.384176185200552,False,-0.3188801557316987,GULF_OF_LION
79,2000-08-28,681.889625,1888.4544955956485,-1055.0387338999124,-151.5261366957361,51.41693982589659,25.064248312581523,54.55157550221792,20.384176185200552,False,-0.3188801557316987,GULF_OF_LION
80,2000-09-04,670.987125,1932.125765436305,-1070.3703692338472,-190.768271202458,51.41693982589659,25.064248312581523,54.55157550221792,20.384176185200552,False,-0.3188801557316987,GULF_OF_LION
81,2000-09-12,764.208375,1976.619022323849,-1024.5123713802543,-187.89827594359508,51.41693982589659,25.064248312581523,54.55157550221792,20.384176185200552,False,-0.3188801557316987,GULF_OF_LION
82,2000-09-20,950.921625,2021.7001578665672,-825.5689815908084,-245.20955127575883,51.41693982589659,25.064248312581523,54.55157550221792,20.384176185200552,False,-0.3188801557316987,GULF_OF_LION
83,2000-09-28,1017.543125,2067.123365832182,-545.2034637976557,-504.3767770345263,51.41693982589659,25.064248312581523,54.55157550221792,20.384176185200552,False,-0.3188801557316987,GULF_OF_LION
84,2000-10-04,1070.767833333333,2112.632193300618,-466.12834408758016,-575.7360158797044,51.41693982589659,25.064248312581523,54.55157550221792,20.384176185200552,False,-0.3188801557316987,GULF_OF_LION
85,2000-10-12,2425.796125,2157.9608958010303,323.3176530954676,-55.48242389649812,51.41693982589659,25.064248312581523,54.55157550221792,20.384176185200552,False,-0.3188801557316987,GULF_OF_LION
86,2000-10-20,2425.796125,2202.841287579017,386.2777997298537,-163.32296230887067,51.41693982589659,25.064248312581523,54.55157550221792,20.384176185200552,False,-0.3188801557316987,GULF_OF_LION
87,2000-10-28,2425.796125,2247.009977958028,231.2463181006005,-52.460171058627935,51.41693982589659,25.064248312581523,54.55157550221792,20.384176185200552,False,-0.3188801557316987,GULF_OF_LION
88,2000-11-04,2719.882875,2290.2245010165243,356.7260567258835,72.93231725759244,51.41693982589659,25.064248312581523,54.55157550221792,20.384176185200552,False,-0.3188801557316987,GULF_OF_LION
89,2000-11-12,3471.0295,2332.2569761272634,515.6536922663366,623.1188316064,51.41693982589659,25.064248312581523,54.55157550221792,20.384176185200552,False,-0.3188801557316987,GULF_OF_LION
90,2000-11-20,4069.268,2372.9127913517264,780.6196093744047,915.735599273869,51.41693982589659,25.064248312581523,54.55157550221792,20.384176185200552,False,-0.3188801557316987,GULF_OF_LION
91,2000-11-28,4069.268,2412.047785779436,703.5206691672726,953.699545053292,51.41693982589659,25.064248312581523,54.55157550221792,20.384176185200552,False,-0.3188801557316987,GULF_OF_LION
92,2000-12-04,3571.753125,2449.5572332251486,506.4490447437037,615.7468470311478,51.41693982589659,25.064248312581523,54.55157550221792,20.384176185200552,False,-0.3188801557316987,GULF_OF_LION
93,2000-12-12,3166.82625,2485.3306728938733,485.2656301552434,196.2299469508834,51.41693982589659,25.064248312581523,54.55157550221792,20.384176185200552,False,-0.3188801557316987,GULF_OF_LION
94,2000-12-20,2546.5260000000003,2519.245113043085,235.4922265413005,-208.2113395843852,51.41693982589659,25.064248312581523,54.55157550221792,20.384176185200552,False,-0.3188801557316987,GULF_OF_LION
95,2000-12-28,2546.5260000000003,2551.1672714158835,229.96411410336705,-234.60538551925023,51.41693982589659,25.064248312581523,54.55157550221792,20.384176185200552,False,-0.3188801557316987,GULF_OF_LION
96,2001-01-04,2891.7650000000003,2580.9538631451846,396.5263277457876,-85.71519089097194,51.41693982589659,25.064248312581523,54.55157550221792,20.384176185200552,False,-0.3188801557316987,GULF_OF_LION
97,2001-01-12,2891.7650000000003,2608.448136762605,141.21250496845136,142.10435826894405,51.41693982589659,25.064248312581523,54.55157550221792,20.384176185200552,False,-0.3188801557316987,GULF_OF_LION
98,2001-01-20,3127.4545714285714,2633.4751524988296,130.85444447868875,363.12497445105305,51.41693982589659,25.064248312581523,54.55157550221792,20.384176185200552,False,-0.3188801557316987,GULF_OF_LION
99,2001-01-28,2424.42725,2655.8328228438963,-74.25416723065176,-157.15140561324438,51.41693982589659,25.064248312581523,54.55157550221792,20.384176185200552,False,-0.3188801557316987,GULF_OF_LION
100,2001-02-04,2331.287875,2675.2980697018165,119.01898859197864,-463.0291832937952,51.41693982589659,25.064248312581523,54.55157550221792,20.384176185200552,False,-0.3188801557316987,GULF_OF_LION
101,2001-02-12,2097.388,2691.65521077564,75.73397361347811,-670.001184389118,51.41693982589659,25.064248312581523,54.55157550221792,20.384176185200552,False,-0.3188801557316987,GULF_OF_LION
102,2001-02-20,1443.70075,2704.697894296734,-199.4689903341002,-1061.5281539626335,51.41693982589659,25.064248312581523,54.55157550221792,20.384176185200552,False,-0.3188801557316987,GULF_OF_LION
103,2001-02-28,1443.70075,2714.201275254181,97.9424901070218,-1368.4430153612027,51.41693982589659,25.064248312581523,54.55157550221792,20.384176185200552,False,-0.3188801557316987,GULF_OF_LION
104,2001-03-04,3078.183125,2719.913264510789,735.42691534673,-377.1570548575188,51.41693982589659,25.064248312581523,54.55157550221792,20.384176185200552,False,-0.3188801557316987,GULF_OF_LION
105,2001-03-12,5610.3505,2721.5778764595566,1800.8925428028454,1087.8800807375976,51.41693982589659,25.064248312581523,54.55157550221792,20.384176185200552,False,-0.3188801557316987,GULF_OF_LION
106,2001-03-20,5610.3505,2718.958221672573,1636.0086811590334,1255.3835971683932,51.41693982589659,25.064248312581523,54.55157550221792,20.384176185200552,False,-0.3188801557316987,GULF_OF_LION
107,2001-03-28,4890.698142857144,2711.85348714576,1138.9356652749193,1039.908990436464,51.41693982589659,25.064248312581523,54.55157550221792,20.384176185200552,False,-0.3188801557316987,GULF_OF_LION
108,2001-04-04,3524.065125,2700.1309511717386,358.2919530721603,465.6422207561012,51.41693982589659,25.064248312581523,54.55157550221792,20.384176185200552,False,-0.3188801557316987,GULF_OF_LION
109,2001-04-12,3254.028,2683.730825301038,238.3226413624505,331.97453333651146,51.41693982589659,25.064248312581523,54.55157550221792,20.384176185200552,False,-0.3188801557316987,GULF_OF_LION
110,2001-04-20,2860.330375,2662.6613457505005,189.8858550951764,7.78317415432312,51.41693982589659,25.064248312581523,54.55157550221792,20.384176185200552,False,-0.3188801557316987,GULF_OF_LION
111,2001-04-28,2860.330375,2636.9890108729587,193.19170418889536,30.14965993814593,51.41693982589659,25.064248312581523,54.55157550221792,20.384176185200552,False,-0.3188801557316987,GULF_OF_LION
112,2001-05-04,2584.444125,2606.836107242748,241.5369311851738,-263.92891342792166,51.41693982589659,25.064248312581523,54.55157550221792,20.384176185200552,False,-0.3188801557316987,GULF_OF_LION
113,2001-05-12,2842.55425,2572.340467802145,364.2692001606525,-94.05541796279756,51.41693982589659,25.064248312581523,54.55157550221792,20.384176185200552,False,-0.3188801557316987,GULF_OF_LION
114,2001-05-20,2584.444125,2533.658847396991,97.50371971585986,-46.71844211285082,51.41693982589659,25.064248312581523,54.55157550221792,20.384176185200552,False,-0.3188801557316987,GULF_OF_LION
115,2001-05-28,2224.925857142857,2490.969081351684,-195.35277877499595,-70.69044543383043,51.41693982589659,25.064248312581523,54.55157550221792,20.384176185200552,False,-0.3188801557316987,GULF_OF_LION
116,2001-06-04,2142.740875,2444.4780245700645,-223.1218611780011,-78.6152883920634,51.41693982589659,25.064248312581523,54.55157550221792,20.384176185200552,False,-0.3188801557316987,GULF_OF_LION
117,2001-06-12,2142.740875,2394.425416135811,-244.99000151761769,-6.694539618193176,51.41693982589659,25.064248312581523,54.55157550221792,20.384176185200552,False,-0.3188801557316987,GULF_OF_LION
118,2001-06-20,2142.740875,2341.085377531193,-370.1441281052998,171.7996255741063,51.41693982589659,25.064248312581523,54.55157550221792,20.384176185200552,False,-0.3188801557316987,GULF_OF_LION
119,2001-06-28,1619.900666666667,2284.766122192784,-679.3901317564212,14.524676230304069,51.41693982589659,25.064248312581523,54.55157550221792,20.384176185200552,False,-0.3188801557316987,GULF_OF_LION
120,2001-07-04,1549.76775,2225.8028024028827,-793.7236049001555,117.68855249727278,51.41693982589659,25.064248312581523,54.55157550221792,20.384176185200552,False,-0.3188801557316987,GULF_OF_LION
121,2001-07-12,1549.76775,2164.561078377037,-703.7601934561384,88.96686507910124,51.41693982589659,25.064248312581523,54.55157550221792,20.384176185200552,False,-0.3188801557316987,GULF_OF_LION
122,2001-07-20,1421.208125,2101.432234352612,-765.2978713267929,85.07376197418091,51.41693982589659,25.064248312581523,54.55157550221792,20.384176185200552,False,-0.3188801557316987,GULF_OF_LION
123,2001-07-28,1153.5715714285714,2036.8295800288363,-927.5157559094775,44.257747309212505,51.41693982589659,25.064248312581523,54.55157550221792,20.384176185200552,False,-0.3188801557316987,GULF_OF_LION
124,2001-08-04,1004.095375,1971.1760924656523,-1015.9299981573266,48.84928069167427,51.41693982589659,25.064248312581523,54.55157550221792,20.384176185200552,False,-0.3188801557316987,GULF_OF_LION
125,2001-08-12,996.596,1904.8963077117585,-1056.9720172606626,148.67170954890412,51.41693982589659,25.064248312581523,54.55157550221792,20.384176185200552,False,-0.3188801557316987,GULF_OF_LION
126,2001-08-20,955.0745,1838.4105956965973,-1059.0401575870987,175.7040618905014,51.41693982589659,25.064248312581523,54.55157550221792,20.384176185200552,False,-0.3188801557316987,GULF_OF_LION
127,2001-08-28,955.0745,1772.1287658955166,-1045.5771424437903,228.52287654827387,51.41693982589659,25.064248312581523,54.55157550221792,20.384176185200552,False,-0.3188801557316987,GULF_OF_LION
128,2001-09-04,1028.040375,1706.4517675646473,-948.6729126284466,270.26152006379937,51.41693982589659,25.064248312581523,54.55157550221792,20.384176185200552,False,-0.3188801557316987,GULF_OF_LION
129,2001-09-12,1036.83175,1641.7657165136516,-899.298058371685,294.3640918580335,51.41693982589659,25.064248312581523,54.55157550221792,20.384176185200552,False,-0.3188801557316987,GULF_OF_LION
130,2001-09-20,1402.941125,1578.4415303756844,-649.249832933807,473.7494275581228,51.41693982589659,25.064248312581523,54.55157550221792,20.384176185200552,False,-0.3188801557316987,GULF_OF_LION
131,2001-09-28,1582.0311666666666,1516.8392193908403,-548.1245094615191,613.3164567373452,51.41693982589659,25.064248312581523,54.55157550221792,20.384176185200552,False,-0.3188801557316987,GULF_OF_LION
132,2001-10-04,1827.41775,1457.309824305433,-387.168571227839,757.2764969224061,51.41693982589659,25.064248312581523,54.55157550221792,20.384176185200552,False,-0.3188801557316987,GULF_OF_LION
133,2001-10-12,1885.3315,1400.199815490539,33.94011035165613,451.1915741578048,51.41693982589659,25.064248312581523,54.55157550221792,20.384176185200552,False,-0.3188801557316987,GULF_OF_LION
134,2001-10-20,1885.3315,1345.858756887909,342.01764505233683,197.4550980597541,51.41693982589659,25.064248312581523,54.55157550221792,20.384176185200552,False,-0.3188801557316987,GULF_OF_LION
135,2001-10-28,1246.44,1294.6252326858685,60.95364296006514,-109.13887564593357,51.41693982589659,25.064248312581523,54.55157550221792,20.384176185200552,False,-0.3188801557316987,GULF_OF_LION
136,2001-11-04,1246.44,1246.8080820449572,205.04260249031057,-205.41068453526776,51.41693982589659,25.064248312581523,54.55157550221792,20.384176185200552,False,-0.3188801557316987,GULF_OF_LION
137,2001-11-12,880.29225,1202.6946226726914,674.558698550762,-996.9610712234534,51.41693982589659,25.064248312581523,54.55157550221792,20.384176185200552,False,-0.3188801557316987,GULF_OF_LION
138,2001-11-20,871.3513333333334,1162.5242424310286,1589.4158174767288,-1880.588726574424,51.41693982589659,25.064248312581523,54.55157550221792,20.384176185200552,False,-0.3188801557316987,GULF_OF_LION
139,2001-11-28,871.3513333333334,1126.4488225780594,1600.997574962268,-1856.0950642069936,51.41693982589659,25.064248312581523,54.55157550221792,20.384176185200552,False,-0.3188801557316987,GULF_OF_LION
140,2001-12-04,1083.7955,1094.5427516827167,754.1813911824514,-764.9286428651682,51.41693982589659,25.064248312581523,54.55157550221792,20.384176185200552,False,-0.3188801557316987,GULF_OF_LION
141,2001-12-12,1083.7955,1066.8666652215722,369.9670845174952,-353.03824973906745,51.41693982589659,25.064248312581523,54.55157550221792,20.384176185200552,False,-0.3188801557316987,GULF_OF_LION
142,2001-12-20,932.3482857142856,1043.4678899818698,146.80536577020538,-257.92497003778954,51.41693982589659,25.064248312581523,54.55157550221792,20.384176185200552,False,-0.3188801557316987,GULF_OF_LION
143,2001-12-28,932.3482857142856,1024.3735838048087,239.0722103507615,-331.09750844128456,51.41693982589659,25.064248312581523,54.55157550221792,20.384176185200552,False,-0.3188801557316987,GULF_OF_LION
144,2002-01-04,932.3482857142856,1009.588856135922,329.8524734116798,-407.0930438333162,51.41693982589659,25.064248312581523,54.55157550221792,20.384176185200552,False,-0.3188801557316987,GULF_OF_LION
145,2002-01-12,939.90725,999.1083836118796,177.78336955749702,-236.9845031693767,51.41693982589659,25.064248312581523,54.55157550221792,20.384176185200552,False,-0.3188801557316987,GULF_OF_LION
146,2002-01-20,939.90725,992.9365750671672,217.71191617320423,-270.74124124037155,51.41693982589659,25.064248312581523,54.55157550221792,20.384176185200552,False,-0.3188801557316987,GULF_OF_LION
147,2002-01-28,1543.495375,991.0777069702124,347.6165552616576,204.80111276812988,51.41693982589659,25.064248312581523,54.55157550221792,20.384176185200552,False,-0.3188801557316987,GULF_OF_LION
148,2002-02-04,1543.495375,993.5192392893564,325.9452602668484,224.03087544379508,51.41693982589659,25.064248312581523,54.55157550221792,20.384176185200552,False,-0.3188801557316987,GULF_OF_LION
149,2002-02-12,1543.495375,1000.2003449351296,201.3908592098884,341.9041708549819,51.41693982589659,25.064248312581523,54.55157550221792,20.384176185200552,False,-0.3188801557316987,GULF_OF_LION
150,2002-02-20,1770.238875,1011.0242165805156,-26.240095791032164,785.4547542105165,51.41693982589659,25.064248312581523,54.55157550221792,20.384176185200552,False,-0.3188801557316987,GULF_OF_LION
151,2002-02-28,2417.80125,1025.8807565562597,294.73045946019374,1097.1900339835463,51.41693982589659,25.064248312581523,54.55157550221792,20.384176185200552,False,-0.3188801557316987,GULF_OF_LION
152,2002-03-04,2417.80125,1044.6576651217729,714.9700525760413,658.173532302186,51.41693982589659,25.064248312581523,54.55157550221792,20.384176185200552,False,-0.3188801557316987,GULF_OF_LION
153,2002-03-12,2010.980375,1067.258686842484,1141.2024943825547,-197.48080622503855,51.41693982589659,25.064248312581523,54.55157550221792,20.384176185200552,False,-0.3188801557316987,GULF_OF_LION
154,2002-03-20,1975.624875,1093.6254720692823,1001.8052397078236,-119.80583677710604,51.41693982589659,25.064248312581523,54.55157550221792,20.384176185200552,False,-0.3188801557316987,GULF_OF_LION
155,2002-03-28,1445.5982857142858,1123.7190794445644,555.0405786459461,-233.16137237622468,51.41693982589659,25.064248312581523,54.55157550221792,20.384176185200552,False,-0.3188801557316987,GULF_OF_LION
156,2002-04-04,965.42725,1157.4490730136426,-24.99306801559814,-167.02875499804455,51.41693982589659,25.064248312581523,54.55157550221792,20.384176185200552,False,-0.3188801557316987,GULF_OF_LION
157,2002-04-12,947.691125,1194.6500867984423,-81.35035610502334,-165.60860569341904,51.41693982589659,25.064248312581523,54.55157550221792,20.384176185200552,False,-0.3188801557316987,GULF_OF_LION
158,2002-04-20,798.435375,1235.0771835003943,-243.66496461295492,-192.97684388743932,51.41693982589659,25.064248312581523,54.55157550221792,20.384176185200552,False,-0.3188801557316987,GULF_OF_LION
159,2002-04-28,798.435375,1278.420826683228,-247.11558414419656,-232.8698675390316,51.41693982589659,25.064248312581523,54.55157550221792,20.384176185200552,False,-0.3188801557316987,GULF_OF_LION
160,2002-05-04,1758.4969999999998,1324.3133685136777,158.19110835373655,275.9925231325856,51.41693982589659,25.064248312581523,54.55157550221792,20.384176185200552,False,-0.3188801557316987,GULF_OF_LION
161,2002-05-12,1758.4969999999998,1372.3574937523613,194.8164092612565,191.32309698638207,51.41693982589659,25.064248312581523,54.55157550221792,20.384176185200552,False,-0.3188801557316987,GULF_OF_LION
162,2002-05-20,1555.1665714285716,1422.1287532336542,6.734703308380485,126.30311488653696,51.41693982589659,25.064248312581523,54.55157550221792,20.384176185200552,False,-0.3188801557316987,GULF_OF_LION
163,2002-05-28,1460.86425,1473.187591133087,-159.70175804268715,147.3784169096003,51.41693982589659,25.064248312581523,54.55157550221792,20.384176185200552,False,-0.3188801557316987,GULF_OF_LION
164,2002-06-04,1539.27125,1525.0804935620413,-155.4571010815235,169.64785751948222,51.41693982589659,25.064248312581523,54.55157550221792,20.384176185200552,False,-0.3188801557316987,GULF_OF_LION
165,2002-06-12,1460.86425,1577.3473126614206,-216.0458675307872,99.56280486936669,51.41693982589659,25.064248312581523,54.55157550221792,20.384176185200552,False,-0.3188801557316987,GULF_OF_LION
166,2002-06-20,1226.45425,1629.5291148979231,-342.3487873117734,-60.72607758614976,51.41693982589659,25.064248312581523,54.55157550221792,20.384176185200552,False,-0.3188801557316987,GULF_OF_LION
167,2002-06-28,1213.178,1681.1718111333994,-526.5696663003943,58.57585516699498,51.41693982589659,25.064248312581523,54.55157550221792,20.384176185200552,False,-0.3188801557316987,GULF_OF_LION
168,2002-07-04,855.947875,1731.833789414408,-781.415403330731,-94.47051108367693,51.41693982589659,25.064248312581523,54.55157550221792,20.384176185200552,False,-0.3188801557316987,GULF_OF_LION
169,2002-07-12,855.947875,1781.0844891835054,-792.4695105503836,-132.66710363312188,51.41693982589659,25.064248312581523,54.55157550221792,20.384176185200552,False,-0.3188801557316987,GULF_OF_LION
170,2002-07-20,827.3688571428572,1828.51589333312,-844.8200633304997,-156.32697285976303,51.41693982589659,25.064248312581523,54.55157550221792,20.384176185200552,False,-0.3188801557316987,GULF_OF_LION
171,2002-07-28,827.3688571428572,1873.7435432158013,-922.890565145188,-123.48412092775597,51.41693982589659,25.064248312581523,54.55157550221792,20.384176185200552,False,-0.3188801557316987,GULF_OF_LION
172,2002-08-04,827.3688571428572,1916.413280973516,-970.1712941713608,-118.87312965929787,51.41693982589659,25.064248312581523,54.55157550221792,20.384176185200552,False,-0.3188801557316987,GULF_OF_LION
173,2002-08-12,820.892375,1956.206945218545,-946.3953850968612,-188.91918512168365,51.41693982589659,25.064248312581523,54.55157550221792,20.384176185200552,False,-0.3188801557316987,GULF_OF_LION
174,2002-08-20,866.5837142857143,1992.8481146458244,-937.7387522400692,-188.5256481200406,51.41693982589659,25.064248312581523,54.55157550221792,20.384176185200552,False,-0.3188801557316987,GULF_OF_LION
175,2002-08-28,866.5837142857143,2026.1130057190032,-940.6262203786648,-218.9030710546241,51.41693982589659,25.064248312581523,54.55157550221792,20.384176185200552,False,-0.3188801557316987,GULF_OF_LION
176,2002-09-04,1069.143375,2055.8288535544502,-852.8577008186164,-133.82777773583393,51.41693982589659,25.064248312581523,54.55157550221792,20.384176185200552,False,-0.3188801557316987,GULF_OF_LION
177,2002-09-12,1069.143375,2081.873523444489,-838.4589665513365,-174.27118189315252,51.41693982589659,25.064248312581523,54.55157550221792,20.384176185200552,False,-0.3188801557316987,GULF_OF_LION
178,2002-09-20,1037.395625,2104.172701462297,-740.2822437929954,-326.4948326693011,51.41693982589659,25.064248312581523,54.55157550221792,20.384176185200552,False,-0.3188801557316987,GULF_OF_LION
179,2002-09-28,906.809,2122.695348518842,-725.1824685217528,-490.70387999708896,51.41693982589659,25.064248312581523,54.55157550221792,20.384176185200552,False,-0.3188801557316987,GULF_OF_LION
180,2002-10-04,906.809,2137.447309379334,-556.2810124586915,-674.3572969206423,51.41693982589659,25.064248312581523,54.55157550221792,20.384176185200552,False,-0.3188801557316987,GULF_OF_LION
181,2002-10-12,1032.058375,2148.4526379082868,-447.3937549880828,-669.0005079202039,51.41693982589659,25.064248312581523,54.55157550221792,20.384176185200552,False,-0.3188801557316987,GULF_OF_LION
182,2002-10-20,2174.951,2155.741343111009,141.55363971589702,-122.34398282690644,51.41693982589659,25.064248312581523,54.55157550221792,20.384176185200552,False,-0.3188801557316987,GULF_OF_LION
183,2002-10-28,2235.7085,2159.346513068543,57.09514123008484,19.266845701372223,51.41693982589659,25.064248312581523,54.55157550221792,20.384176185200552,False,-0.3188801557316987,GULF_OF_LION
184,2002-11-04,2442.19075,2159.309911482273,171.97552316855422,110.9053153491725,51.41693982589659,25.064248312581523,54.55157550221792,20.384176185200552,False,-0.3188801557316987,GULF_OF_LION
185,2002-11-12,4239.862125,2155.674049056269,1097.5192770405376,986.6687989031932,51.41693982589659,25.064248312581523,54.55157550221792,20.384176185200552,False,-0.3188801557316987,GULF_OF_LION
186,2002-11-20,7260.455,2148.4708998113288,2620.642462478431,2491.34163771024,51.41693982589659,25.064248312581523,54.55157550221792,20.384176185200552,False,-0.3188801557316987,GULF_OF_LION
187,2002-11-28,7260.455,2137.7376618788267,2735.463007577541,2387.2543305436325,51.41693982589659,25.064248312581523,54.55157550221792,20.384176185200552,False,-0.3188801557316987,GULF_OF_LION
188,2002-12-04,3909.74025,2123.5284480191667,1126.1474751551507,660.0643268256824,51.41693982589659,25.064248312581523,54.55157550221792,20.384176185200552,False,-0.3188801557316987,GULF_OF_LION
189,2002-12-12,2745.11575,2105.9254935544777,410.61252071027855,228.5777357352437,51.41693982589659,25.064248312581523,54.55157550221792,20.384176185200552,False,-0.3188801557316987,GULF_OF_LION
190,2002-12-20,2745.11575,2085.064324167128,355.38321521703745,304.6682106158352,51.41693982589659,25.064248312581523,54.55157550221792,20.384176185200552,False,-0.3188801557316987,GULF_OF_LION
191,2002-12-28,3092.820857142857,2061.10788636377,536.7238557612068,494.9891150178805,51.41693982589659,25.064248312581523,54.55157550221792,20.384176185200552,False,-0.3188801557316987,GULF_OF_LION
192,2003-01-04,3092.820857142857,2034.2395943180145,548.2934647501555,510.2877980746874,51.41693982589659,25.064248312581523,54.55157550221792,20.384176185200552,False,-0.3188801557316987,GULF_OF_LION
193,2003-01-12,2445.637125,2004.660567167305,513.7120077058744,-72.73544987317973,51.41693982589659,25.064248312581523,54.55157550221792,20.384176185200552,False,-0.3188801557316987,GULF_OF_LION
194,2003-01-20,2346.238285714285,1972.5712341966448,587.48928945762,-213.8222379399796,51.41693982589659,25.064248312581523,54.55157550221792,20.384176185200552,False,-0.3188801557316987,GULF_OF_LION
195,2003-01-28,2346.238285714285,1938.181664407159,749.256999618201,-341.2003783110747,51.41693982589659,25.064248312581523,54.55157550221792,20.384176185200552,False,-0.3188801557316987,GULF_OF_LION
196,2003-02-04,2346.238285714285,1901.7192768301284,583.0010788944268,-138.48207001026992,51.41693982589659,25.064248312581523,54.55157550221792,20.384176185200552,False,-0.3188801557316987,GULF_OF_LION
197,2003-02-12,2083.5265,1863.457496325546,376.36785228334617,-156.29884860889234,51.41693982589659,25.064248312581523,54.55157550221792,20.384176185200552,False,-0.3188801557316987,GULF_OF_LION
198,2003-02-20,1381.47175,1823.7035455797768,88.60671299526547,-530.8385085750424,51.41693982589659,25.064248312581523,54.55157550221792,20.384176185200552,False,-0.3188801557316987,GULF_OF_LION
199,2003-02-28,1381.47175,1782.7901034044326,255.49966226028025,-656.8180156647129,51.41693982589659,25.064248312581523,54.55157550221792,20.384176185200552,False,-0.3188801557316987,GULF_OF_LION
200,2003-03-04,1440.90975,1741.0650051449131,295.8150741623488,-595.9703293072619,51.41693982589659,25.064248312581523,54.55157550221792,20.384176185200552,False,-0.3188801557316987,GULF_OF_LION
201,2003-03-12,1440.90975,1698.8675289872028,193.17061632685017,-451.12839531405297,51.41693982589659,25.064248312581523,54.55157550221792,20.384176185200552,False,-0.3188801557316987,GULF_OF_LION
202,2003-03-20,962.2071428571428,1656.504980242644,-44.05167819900112,-650.2461591865001,51.41693982589659,25.064248312581523,54.55157550221792,20.384176185200552,False,-0.3188801557316987,GULF_OF_LION
203,2003-03-28,955.474875,1614.2580092254125,-252.6923811564524,-406.0907530689599,51.41693982589659,25.064248312581523,54.55157550221792,20.384176185200552,False,-0.3188801557316987,GULF_OF_LION
204,2003-04-04,962.2071428571428,1572.415583117745,-376.3944830368033,-233.81395722379887,51.41693982589659,25.064248312581523,54.55157550221792,20.384176185200552,False,-0.3188801557316987,GULF_OF_LION
205,2003-04-12,1032.19775,1531.2707311148986,-383.910443884748,-115.16253723015052,51.41693982589659,25.064248312581523,54.55157550221792,20.384176185200552,False,-0.3188801557316987,GULF_OF_LION
206,2003-04-20,1066.438666666667,1491.130305630878,-452.5289541108136,27.83731514660235,51.41693982589659,25.064248312581523,54.55157550221792,20.384176185200552,False,-0.3188801557316987,GULF_OF_LION
207,2003-04-28,1066.438666666667,1452.321541877688,-446.8971128891366,61.0142376781152,51.41693982589659,25.064248312581523,54.55157550221792,20.384176185200552,False,-0.3188801557316987,GULF_OF_LION
208,2003-05-04,1066.438666666667,1415.181982784578,-118.3199279632637,-230.4233881546476,51.41693982589659,25.064248312581523,54.55157550221792,20.384176185200552,False,-0.3188801557316987,GULF_OF_LION
209,2003-05-12,997.13575,1380.034336450744,-146.5019892924166,-236.3965971583273,51.41693982589659,25.064248312581523,54.55157550221792,20.384176185200552,False,-0.3188801557316987,GULF_OF_LION
210,2003-05-20,997.13575,1347.1844161323302,-275.707250329866,-74.34141580246421,51.41693982589659,25.064248312581523,54.55157550221792,20.384176185200552,False,-0.3188801557316987,GULF_OF_LION
211,2003-05-28,997.13575,1316.9064002520036,-271.21003276120183,-48.56061749080169,51.41693982589659,25.064248312581523,54.55157550221792,20.384176185200552,False,-0.3188801557316987,GULF_OF_LION
212,2003-06-04,1029.5875,1289.4411678606536,-174.81264642714737,-85.04102143350619,51.41693982589659,25.064248312581523,54.55157550221792,20.384176185200552,False,-0.3188801557316987,GULF_OF_LION
213,2003-06-12,988.106,1264.9892665829066,-208.81552410427284,-68.06774247863373,51.41693982589659,25.064248312581523,54.55157550221792,20.384176185200552,False,-0.3188801557316987,GULF_OF_LION
214,2003-06-20,988.106,1243.7059993207322,-323.9958895640038,68.3958902432716,51.41693982589659,25.064248312581523,54.55157550221792,20.384176185200552,False,-0.3188801557316987,GULF_OF_LION
215,2003-06-28,846.4208333333332,1225.701561088354,-410.0068821448203,30.72615438979966,51.41693982589659,25.064248312581523,54.55157550221792,20.384176185200552,False,-0.3188801557316987,GULF_OF_LION
216,2003-07-04,656.169625,1211.039318424527,-607.8960694754534,53.02637605092639,51.41693982589659,25.064248312581523,54.55157550221792,20.384176185200552,False,-0.3188801557316987,GULF_OF_LION
217,2003-07-12,656.169625,1199.7382187852231,-634.8733953854465,91.3048016002234,51.41693982589659,25.064248312581523,54.55157550221792,20.384176185200552,False,-0.3188801557316987,GULF_OF_LION
218,2003-07-20,680.862,1191.7672582196765,-644.9320615919837,134.0268033723072,51.41693982589659,25.064248312581523,54.55157550221792,20.384176185200552,False,-0.3188801557316987,GULF_OF_LION
219,2003-07-28,684.882375,1187.0510303664837,-652.959697860291,150.7910424938076,51.41693982589659,25.064248312581523,54.55157550221792,20.384176185200552,False,-0.3188801557316987,GULF_OF_LION
220,2003-08-04,686.4318571428572,1185.4714174947808,-660.1251264914663,161.08556613954272,51.41693982589659,25.064248312581523,54.55157550221792,20.384176185200552,False,-0.3188801557316987,GULF_OF_LION
221,2003-08-12,830.675375,1186.8683986944736,-563.3413266496176,207.148302955144,51.41693982589659,25.064248312581523,54.55157550221792,20.384176185200552,False,-0.3188801557316987,GULF_OF_LION
222,2003-08-20,834.95575,1191.0394286966196,-410.4098105677427,54.326131871123096,51.41693982589659,25.064248312581523,54.55157550221792,20.384176185200552,False,-0.3188801557316987,GULF_OF_LION
223,2003-08-28,830.675375,1197.7340610094147,-419.8091227411424,52.75043673172763,51.41693982589659,25.064248312581523,54.55157550221792,20.384176185200552,False,-0.3188801557316987,GULF_OF_LION
224,2003-09-04,685.189,1206.6639454311612,-579.0697438920678,57.59479846090653,51.41693982589659,25.064248312581523,54.55157550221792,20.384176185200552,False,-0.3188801557316987,GULF_OF_LION
225,2003-09-12,673.8813749999999,1217.517519538366,-608.7582573343938,65.12211279602764,51.41693982589659,25.064248312581523,54.55157550221792,20.384176185200552,False,-0.3188801557316987,GULF_OF_LION
226,2003-09-20,673.8813749999999,1229.9663565142175,-649.0258438128277,92.94086229861011,51.41693982589659,25.064248312581523,54.55157550221792,20.384176185200552,False,-0.3188801557316987,GULF_OF_LION
227,2003-09-28,728.346,1243.6665570465495,-675.9241882697843,160.60363122323474,51.41693982589659,25.064248312581523,54.55157550221792,20.384176185200552,False,-0.3188801557316987,GULF_OF_LION
228,2003-10-04,1095.874625,1258.2661090774372,-505.349242414101,342.9577583366637,51.41693982589659,25.064248312581523,54.55157550221792,20.384176185200552,False,-0.3188801557316987,GULF_OF_LION
229,2003-10-12,1178.035,1273.4208137196345,-427.6987820749089,332.31296835527456,51.41693982589659,25.064248312581523,54.55157550221792,20.384176185200552,False,-0.3188801557316987,GULF_OF_LION
230,2003-10-20,1205.87775,1288.811121328029,10.530605884119328,-93.46397721214822,51.41693982589659,25.064248312581523,54.55157550221792,20.384176185200552,False,-0.3188801557316987,GULF_OF_LION
231,2003-10-28,1344.4814285714288,1304.151848137754,466.1880827439471,-425.8585023102722,51.41693982589659,25.064248312581523,54.55157550221792,20.384176185200552,False,-0.3188801557316987,GULF_OF_LION
232,2003-11-04,1344.4814285714288,1319.1884514207595,503.282856481308,-477.989879330639,51.41693982589659,25.064248312581523,54.55157550221792,20.384176185200552,False,-0.3188801557316987,GULF_OF_LION
233,2003-11-12,1761.978375,1333.7033714187178,716.2654710922408,-287.9904675109584,51.41693982589659,25.064248312581523,54.55157550221792,20.384176185200552,False,-0.3188801557316987,GULF_OF_LION
234,2003-11-20,1761.978375,1347.5670680904127,1398.9140945159163,-984.5027876063292,51.41693982589659,25.064248312581523,54.55157550221792,20.384176185200552,False,-0.3188801557316987,GULF_OF_LION
235,2003-11-28,2164.4765,1360.7461927560853,1596.4822094665876,-792.7519022226727,51.41693982589659,25.064248312581523,54.55157550221792,20.384176185200552,False,-0.3188801557316987,GULF_OF_LION
236,2003-12-04,2164.4765,1373.2724344210112,769.4724319787683,21.731633600220675,51.41693982589659,25.064248312581523,54.55157550221792,20.384176185200552,False,-0.3188801557316987,GULF_OF_LION
237,2003-12-12,1580.6765,1385.1627791338751,264.99195288697115,-69.47823202084624,51.41693982589659,25.064248312581523,54.55157550221792,20.384176185200552,False,-0.3188801557316987,GULF_OF_LION
238,2003-12-20,1459.030875,1396.3821358573343,205.88321905655528,-143.2344799138897,51.41693982589659,25.064248312581523,54.55157550221792,20.384176185200552,False,-0.3188801557316987,GULF_OF_LION
239,2003-12-28,1438.779,1406.8924633485035,282.70892845918445,-250.82239180768795,51.41693982589659,25.064248312581523,54.55157550221792,20.384176185200552,False,-0.3188801557316987,GULF_OF_LION
240,2004-01-04,1438.779,1416.6667163430543,247.8752009408187,-225.762917283873,51.41693982589659,25.064248312581523,54.55157550221792,20.384176185200552,False,-0.3188801557316987,GULF_OF_LION
241,2004-01-12,2540.53,1425.687702780872,636.8602335660529,477.9820636530752,51.41693982589659,25.064248312581523,54.55157550221792,20.384176185200552,False,-0.3188801557316987,GULF_OF_LION
242,2004-01-20,2987.293,1433.9450493031466,898.2946365429927,655.0533141538608,51.41693982589659,25.064248312581523,54.55157550221792,20.384176185200552,False,-0.3188801557316987,GULF_OF_LION
243,2004-01-28,2987.293,1441.419643473546,900.2313099123945,645.6420466140597,51.41693982589659,25.064248312581523,54.55157550221792,20.384176185200552,False,-0.3188801557316987,GULF_OF_LION
244,2004-02-04,2282.592625,1448.0964627128146,614.8206257311809,219.67553655600463,51.41693982589659,25.064248312581523,54.55157550221792,20.384176185200552,False,-0.3188801557316987,GULF_OF_LION
245,2004-02-12,1946.056125,1453.952590317772,384.83792274291295,107.26561193931524,51.41693982589659,25.064248312581523,54.55157550221792,20.384176185200552,False,-0.3188801557316987,GULF_OF_LION
246,2004-02-20,1946.056125,1458.959645399509,211.69508353314657,275.4013960673444,51.41693982589659,25.064248312581523,54.55157550221792,20.384176185200552,False,-0.3188801557316987,GULF_OF_LION
247,2004-02-28,1946.056125,1463.0806815665264,79.53079997196056,403.44464346151307,51.41693982589659,25.064248312581523,54.55157550221792,20.384176185200552,False,-0.3188801557316987,GULF_OF_LION
248,2004-03-04,1958.963625,1466.2779646239069,61.22370203832938,431.461958337764,51.41693982589659,25.064248312581523,54.55157550221792,20.384176185200552,False,-0.3188801557316987,GULF_OF_LION
249,2004-03-12,1915.62875,1468.5266100408314,43.78460278714645,403.3175371720222,51.41693982589659,25.064248312581523,54.55157550221792,20.384176185200552,False,-0.3188801557316987,GULF_OF_LION
250,2004-03-20,1915.62875,1469.8235117452757,64.27704165928415,381.52819659544025,51.41693982589659,25.064248312581523,54.55157550221792,20.384176185200552,False,-0.3188801557316987,GULF_OF_LION
251,2004-03-28,1577.409,1470.1786914069746,-100.24801069978407,207.4783192928096,51.41693982589659,25.064248312581523,54.55157550221792,20.384176185200552,False,-0.3188801557316987,GULF_OF_LION
252,2004-04-04,1504.971714285714,1469.6077869428898,-108.80769428881275,144.17162163163712,51.41693982589659,25.064248312581523,54.55157550221792,20.384176185200552,False,-0.3188801557316987,GULF_OF_LION
253,2004-04-12,1311.581875,1468.145982186536,-53.27152220163462,-103.29258498490132,51.41693982589659,25.064248312581523,54.55157550221792,20.384176185200552,False,-0.3188801557316987,GULF_OF_LION
254,2004-04-20,1073.964,1465.8305197079346,141.52112760717304,-533.3876473151078,51.41693982589659,25.064248312581523,54.55157550221792,20.384176185200552,False,-0.3188801557316987,GULF_OF_LION
255,2004-04-28,1073.964,1462.6652623972411,150.36912589548908,-539.0703882927305,51.41693982589659,25.064248312581523,54.55157550221792,20.384176185200552,False,-0.3188801557316987,GULF_OF_LION
256,2004-05-04,1430.210375,1458.623845130294,-13.183046870975474,-15.23042325931847,51.41693982589659,25.064248312581523,54.55157550221792,20.384176185200552,False,-0.3188801557316987,GULF_OF_LION
257,2004-05-12,1430.210375,1453.6847773071377,-131.86975138528766,108.3953490781501,51.41693982589659,25.064248312581523,54.55157550221792,20.384176185200552,False,-0.3188801557316987,GULF_OF_LION
258,2004-05-20,1031.0825,1447.8437423637586,-327.5699492868053,-89.19129307695323,51.41693982589659,25.064248312581523,54.55157550221792,20.384176185200552,False,-0.3188801557316987,GULF_OF_LION
259,2004-05-28,1031.0825,1441.1213827703905,-290.5410740459539,-119.49780872443635,51.41693982589659,25.064248312581523,54.55157550221792,20.384176185200552,False,-0.3188801557316987,GULF_OF_LION
260,2004-06-04,1201.922875,1433.559486247152,-237.88696910314448,6.250357855992576,51.41693982589659,25.064248312581523,54.55157550221792,20.384176185200552,False,-0.3188801557316987,GULF_OF_LION
261,2004-06-12,1201.922875,1425.2198524906996,-251.70324609146203,28.406268600762388,51.41693982589659,25.064248312581523,54.55157550221792,20.384176185200552,False,-0.3188801557316987,GULF_OF_LION
262,2004-06-20,963.5005,1416.1824715829373,-352.5256268938613,-100.15634468907604,51.41693982589659,25.064248312581523,54.55157550221792,20.384176185200552,False,-0.3188801557316987,GULF_OF_LION
263,2004-06-28,903.9955,1406.5434779894415,-398.3040093280157,-104.24396866142588,51.41693982589659,25.064248312581523,54.55157550221792,20.384176185200552,False,-0.3188801557316987,GULF_OF_LION
264,2004-07-04,836.149625,1396.4138636154107,-492.7338995517705,-67.53033906364021,51.41693982589659,25.064248312581523,54.55157550221792,20.384176185200552,False,-0.3188801557316987,GULF_OF_LION
265,2004-07-12,734.147375,1385.9141136270105,-550.0650608412257,-101.7016777857848,51.41693982589659,25.064248312581523,54.55157550221792,20.384176185200552,False,-0.3188801557316987,GULF_OF_LION
266,2004-07-20,708.459,1375.1733693453389,-537.4360963851557,-129.27827296018324,51.41693982589659,25.064248312581523,54.55157550221792,20.384176185200552,False,-0.3188801557316987,GULF_OF_LION
267,2004-07-28,708.459,1364.327261254395,-517.5481638499534,-138.32009740444153,51.41693982589659,25.064248312581523,54.55157550221792,20.384176185200552,False,-0.3188801557316987,GULF_OF_LION
268,2004-08-04,708.459,1353.5151630362964,-534.4972507256678,-110.55891231062868,51.41693982589659,25.064248312581523,54.55157550221792,20.384176185200552,False,-0.3188801557316987,GULF_OF_LION
269,2004-08-12,842.185625,1342.8787909959965,-420.1373935714464,-80.5557724245499,51.41693982589659,25.064248312581523,54.55157550221792,20.384176185200552,False,-0.3188801557316987,GULF_OF_LION
270,2004-08-20,1434.408875,1332.559488096399,-40.01868428558883,141.8680711891899,51.41693982589659,25.064248312581523,54.55157550221792,20.384176185200552,False,-0.3188801557316987,GULF_OF_LION
271,2004-08-28,1434.408875,1322.6943499929064,-4.697846719823744,116.41237172691744,51.41693982589659,25.064248312581523,54.55157550221792,20.384176185200552,False,-0.3188801557316987,GULF_OF_LION
272,2004-09-04,901.536125,1313.4069605176026,-295.0856699983112,-116.7851655192914,51.41693982589659,25.064248312581523,54.55157550221792,20.384176185200552,False,-0.3188801557316987,GULF_OF_LION
273,2004-09-12,823.5179999999999,1304.8046547973106,-345.1571943940524,-136.1294604032583,51.41693982589659,25.064248312581523,54.55157550221792,20.384176185200552,False,-0.3188801557316987,GULF_OF_LION
274,2004-09-20,727.448875,1296.9780593872129,-427.746233717177,-141.7829506700358,51.41693982589659,25.064248312581523,54.55157550221792,20.384176185200552,False,-0.3188801557316987,GULF_OF_LION
275,2004-09-28,687.75,1290.002111590084,-445.5690464544571,-156.68306513562692,51.41693982589659,25.064248312581523,54.55157550221792,20.384176185200552,False,-0.3188801557316987,GULF_OF_LION
276,2004-10-04,687.75,1283.9352845373453,-372.3619225232052,-223.8233620141401,51.41693982589659,25.064248312581523,54.55157550221792,20.384176185200552,False,-0.3188801557316987,GULF_OF_LION
277,2004-10-12,768.2405,1278.8168565090482,-287.1976168976422,-223.378739611406,51.41693982589659,25.064248312581523,54.55157550221792,20.384176185200552,False,-0.3188801557316987,GULF_OF_LION
278,2004-10-20,1394.359,1274.6609137612747,-12.994747333562586,132.69283357228778,51.41693982589659,25.064248312581523,54.55157550221792,20.384176185200552,False,-0.3188801557316987,GULF_OF_LION
279,2004-10-28,2960.032,1271.44842773223,807.52490159976,881.05867066801,51.41693982589659,25.064248312581523,54.55157550221792,20.384176185200552,False,-0.3188801557316987,GULF_OF_LION
280,2004-11-04,2960.032,1269.1304452100717,805.8599726628688,885.0415821270597,51.41693982589659,25.064248312581523,54.55157550221792,20.384176185200552,False,-0.3188801557316987,GULF_OF_LION
281,2004-11-12,1209.94525,1267.6296700693204,24.324384920173923,-82.0088049894943,51.41693982589659,25.064248312581523,54.55157550221792,20.384176185200552,False,-0.3188801557316987,GULF_OF_LION
282,2004-11-20,940.2776666666668,1266.836266478831,-164.39618695677115,-162.16241285539314,51.41693982589659,25.064248312581523,54.55157550221792,20.384176185200552,False,-0.3188801557316987,GULF_OF_LION
283,2004-11-28,940.2776666666668,1266.6230193890897,-75.49139628857489,-250.85395643384803,51.41693982589659,25.064248312581523,54.55157550221792,20.384176185200552,False,-0.3188801557316987,GULF_OF_LION
284,2004-12-04,992.807875,1266.8425801896203,-32.946228339426575,-241.0884768501939,51.41693982589659,25.064248312581523,54.55157550221792,20.384176185200552,False,-0.3188801557316987,GULF_OF_LION
285,2004-12-12,1311.637375,1267.3626311506896,-25.270468200723062,69.54521205003348,51.41693982589659,25.064248312581523,54.55157550221792,20.384176185200552,False,-0.3188801557316987,GULF_OF_LION
286,2004-12-20,1320.287142857143,1268.0745324231366,-134.8169536156912,187.0295640496976,51.41693982589659,25.064248312581523,54.55157550221792,20.384176185200552,False,-0.3188801557316987,GULF_OF_LION
287,2004-12-28,1320.287142857143,1268.8680043381537,-146.91274605528275,198.331884574272,51.41693982589659,25.064248312581523,54.55157550221792,20.384176185200552,False,-0.3188801557316987,GULF_OF_LION
288,2005-01-04,1182.637375,1269.637718096084,-164.60644858481822,77.60610548873427,51.41693982589659,25.064248312581523,54.55157550221792,20.384176185200552,False,-0.3188801557316987,GULF_OF_LION
289,2005-01-12,1182.637375,1270.2874783489635,178.2933642553208,-265.9434676042843,51.41693982589659,25.064248312581523,54.55157550221792,20.384176185200552,False,-0.3188801557316987,GULF_OF_LION
290,2005-01-20,1429.49475,1270.739933950064,407.1964066363443,-248.4415905864084,51.41693982589659,25.064248312581523,54.55157550221792,20.384176185200552,False,-0.3188801557316987,GULF_OF_LION
291,2005-01-28,1429.49475,1270.9485338433794,401.2938410175781,-242.74762486095744,51.41693982589659,25.064248312581523,54.55157550221792,20.384176185200552,False,-0.3188801557316987,GULF_OF_LION
292,2005-02-04,1685.406375,1270.872896830392,315.54559156505854,98.98788660454954,51.41693982589659,25.064248312581523,54.55157550221792,20.384176185200552,False,-0.3188801557316987,GULF_OF_LION
293,2005-02-12,1685.406375,1270.4750456871154,227.65538547089213,187.27594384199247,51.41693982589659,25.064248312581523,54.55157550221792,20.384176185200552,False,-0.3188801557316987,GULF_OF_LION
294,2005-02-20,1685.406375,1269.71804359973,369.54020167073577,46.14812972953428,51.41693982589659,25.064248312581523,54.55157550221792,20.384176185200552,False,-0.3188801557316987,GULF_OF_LION
295,2005-02-28,1155.2515,1268.570012927136,143.1544134109241,-256.4729263380601,51.41693982589659,25.064248312581523,54.55157550221792,20.384176185200552,False,-0.3188801557316987,GULF_OF_LION
296,2005-03-04,988.761375,1267.0051065994992,59.98866185306625,-338.2323934525655,51.41693982589659,25.064248312581523,54.55157550221792,20.384176185200552,False,-0.3188801557316987,GULF_OF_LION
297,2005-03-12,988.761375,1265.0038265135186,204.89166521655972,-481.1341167300784,51.41693982589659,25.064248312581523,54.55157550221792,20.384176185200552,False,-0.3188801557316987,GULF_OF_LION
298,2005-03-20,1527.645625,1262.5379186721805,600.5974648587319,-335.48975853091224,51.41693982589659,25.064248312581523,54.55157550221792,20.384176185200552,False,-0.3188801557316987,GULF_OF_LION
299,2005-03-28,1527.645625,1259.5614777032515,536.6550305482807,-268.5708832515321,51.41693982589659,25.064248312581523,54.55157550221792,20.384176185200552,False,-0.3188801557316987,GULF_OF_LION
300,2005-04-04,1601.2347142857143,1256.0129135813868,688.5182231034122,-343.2964223990847,51.41693982589659,25.064248312581523,54.55157550221792,20.384176185200552,False,-0.3188801557316987,GULF_OF_LION
301,2005-04-12,2104.889875,1251.809392391022,889.848092622866,-36.76761001388832,51.41693982589659,25.064248312581523,54.55157550221792,20.384176185200552,False,-0.3188801557316987,GULF_OF_LION
302,2005-04-20,3282.2833333333333,1246.8610183549322,1103.7183349423688,931.7039800360324,51.41693982589659,25.064248312581523,54.55157550221792,20.384176185200552,False,-0.3188801557316987,GULF_OF_LION
303,2005-04-28,3282.2833333333333,1241.1085764140676,907.4526506206876,1133.7221062985782,51.41693982589659,25.064248312581523,54.55157550221792,20.384176185200552,False,-0.3188801557316987,GULF_OF_LION
304,2005-05-04,1892.775375,1234.5405127027277,315.5935652479404,342.6412970493321,51.41693982589659,25.064248312581523,54.55157550221792,20.384176185200552,False,-0.3188801557316987,GULF_OF_LION
305,2005-05-12,1420.78225,1227.1927536076244,233.79805651131215,-40.20856011893656,51.41693982589659,25.064248312581523,54.55157550221792,20.384176185200552,False,-0.3188801557316987,GULF_OF_LION
306,2005-05-20,1291.811428571429,1219.1362185014316,76.79731130812077,-4.122101238123676,51.41693982589659,25.064248312581523,54.55157550221792,20.384176185200552,False,-0.3188801557316987,GULF_OF_LION
307,2005-05-28,1255.03925,1210.4600554834396,-73.6216821526795,118.20087666923988,51.41693982589659,25.064248312581523,54.55157550221792,20.384176185200552,False,-0.3188801557316987,GULF_OF_LION
308,2005-06-04,938.993375,1201.2753654463454,-252.5352756963557,-9.74671474998965,51.41693982589659,25.064248312581523,54.55157550221792,20.384176185200552,False,-0.3188801557316987,GULF_OF_LION
309,2005-06-12,831.140375,1191.719343477655,-326.5077690041728,-34.07119947348224,51.41693982589659,25.064248312581523,54.55157550221792,20.384176185200552,False,-0.3188801557316987,GULF_OF_LION
310,2005-06-20,831.140375,1181.951980452522,-377.70610877392255,26.894503321400407,51.41693982589659,25.064248312581523,54.55157550221792,20.384176185200552,False,-0.3188801557316987,GULF_OF_LION
311,2005-06-28,831.140375,1172.1439451786218,-382.0919503613775,41.0883801827556,51.41693982589659,25.064248312581523,54.55157550221792,20.384176185200552,False,-0.3188801557316987,GULF_OF_LION
312,2005-07-04,701.03625,1162.4680984350448,-474.0689577561032,12.637109321058404,51.41693982589659,25.064248312581523,54.55157550221792,20.384176185200552,False,-0.3188801557316987,GULF_OF_LION
313,2005-07-12,598.8025,1153.0989833585172,-587.9127469081111,33.616263549593896,51.41693982589659,25.064248312581523,54.55157550221792,20.384176185200552,False,-0.3188801557316987,GULF_OF_LION
314,2005-07-20,598.8025,1144.2107734170954,-581.9850811075498,36.576807690454416,51.41693982589659,25.064248312581523,54.55157550221792,20.384176185200552,False,-0.3188801557316987,GULF_OF_LION
315,2005-07-28,598.8025,1135.9658519342915,-565.273354720832,28.110002786540463,51.41693982589659,25.064248312581523,54.55157550221792,20.384176185200552,False,-0.3188801557316987,GULF_OF_LION
316,2005-08-04,465.580375,1128.5120917795514,-618.26390724108,-44.667809538471374,51.41693982589659,25.064248312581523,54.55157550221792,20.384176185200552,False,-0.3188801557316987,GULF_OF_LION
317,2005-08-12,465.580375,1121.9824239714153,-567.6292566132889,-88.77279235812637,51.41693982589659,25.064248312581523,54.55157550221792,20.384176185200552,False,-0.3188801557316987,GULF_OF_LION
318,2005-08-20,774.5645,1116.4969012100948,-228.8679303368072,-113.06447087328768,51.41693982589659,25.064248312581523,54.55157550221792,20.384176185200552,False,-0.3188801557316987,GULF_OF_LION
319,2005-08-28,910.383,1112.162895266132,-157.70904610263165,-44.07084916350027,51.41693982589659,25.064248312581523,54.55157550221792,20.384176185200552,False,-0.3188801557316987,GULF_OF_LION
320,2005-09-04,947.5861428571428,1109.0724724597878,-281.1321742340592,119.64584463141416,51.41693982589659,25.064248312581523,54.55157550221792,20.384176185200552,False,-0.3188801557316987,GULF_OF_LION
321,2005-09-12,910.383,1107.293655606616,-323.50310623269525,126.5924506260792,51.41693982589659,25.064248312581523,54.55157550221792,20.384176185200552,False,-0.3188801557316987,GULF_OF_LION
322,2005-09-20,794.545875,1106.8680265174455,-389.2230538266288,76.9009023091831,51.41693982589659,25.064248312581523,54.55157550221792,20.384176185200552,False,-0.3188801557316987,GULF_OF_LION
323,2005-09-28,794.545875,1107.8182897284305,-360.8127408670494,47.54032613861892,51.41693982589659,25.064248312581523,54.55157550221792,20.384176185200552,False,-0.3188801557316987,GULF_OF_LION
324,2005-10-04,781.0575,1110.1495979494205,-355.84979555959364,26.75769761017318,51.41693982589659,25.064248312581523,54.55157550221792,20.384176185200552,False,-0.3188801557316987,GULF_OF_LION
325,2005-10-12,956.30175,1113.8533365552978,-176.72902159007756,19.177435034779734,51.41693982589659,25.064248312581523,54.55157550221792,20.384176185200552,False,-0.3188801557316987,GULF_OF_LION
326,2005-10-20,861.104,1118.9085494354242,-122.19017790558873,-135.61437152983547,51.41693982589659,25.064248312581523,54.55157550221792,20.384176185200552,False,-0.3188801557316987,GULF_OF_LION
327,2005-10-28,956.30175,1125.294322792803,323.9551860004152,-492.9477587932183,51.41693982589659,25.064248312581523,54.55157550221792,20.384176185200552,False,-0.3188801557316987,GULF_OF_LION
328,2005-11-04,1007.966875,1132.998497883107,229.0243148112184,-354.05593769432505,51.41693982589659,25.064248312581523,54.55157550221792,20.384176185200552,False,-0.3188801557316987,GULF_OF_LION
329,2005-11-12,1007.966875,1142.0178072401968,-209.5549986090429,75.50406636884605,51.41693982589659,25.064248312581523,54.55157550221792,20.384176185200552,False,-0.3188801557316987,GULF_OF_LION
330,2005-11-20,841.687375,1152.3211882062376,-188.65522044786564,-121.97859275837196,51.41693982589659,25.064248312581523,54.55157550221792,20.384176185200552,False,-0.3188801557316987,GULF_OF_LION
331,2005-11-28,841.687375,1163.829209185897,-152.37442906242467,-169.76740512347243,51.41693982589659,25.064248312581523,54.55157550221792,20.384176185200552,False,-0.3188801557316987,GULF_OF_LION
332,2005-12-04,939.809375,1176.446859301559,-99.43881613887436,-137.1986681626846,51.41693982589659,25.064248312581523,54.55157550221792,20.384176185200552,False,-0.3188801557316987,GULF_OF_LION
333,2005-12-12,939.809375,1190.0730220429211,-29.73758698585593,-220.5260600570652,51.41693982589659,25.064248312581523,54.55157550221792,20.384176185200552,False,-0.3188801557316987,GULF_OF_LION
334,2005-12-20,629.81475,1204.6029214943603,-327.1047627244418,-247.6834087699185,51.41693982589659,25.064248312581523,54.55157550221792,20.384176185200552,False,-0.3188801557316987,GULF_OF_LION
335,2005-12-28,629.81475,1219.9366641656811,-339.38607994080326,-250.73583422487783,51.41693982589659,25.064248312581523,54.55157550221792,20.384176185200552,False,-0.3188801557316987,GULF_OF_LION
336,2006-01-04,864.514375,1235.9674843138284,-222.42826441331076,-149.0248449005177,51.41693982589659,25.064248312581523,54.55157550221792,20.384176185200552,False,-0.3188801557316987,GULF_OF_LION
337,2006-01-12,1162.270375,1252.57622193543,-24.47563036345882,-65.83021657197101,51.41693982589659,25.064248312581523,54.55157550221792,20.384176185200552,False,-0.3188801557316987,GULF_OF_LION
338,2006-01-20,1162.270375,1269.6309239596355,25.234355090626902,-132.5949040502624,51.41693982589659,25.064248312581523,54.55157550221792,20.384176185200552,False,-0.3188801557316987,GULF_OF_LION
339,2006-01-28,1162.270375,1286.9876714388831,-16.279127984516723,-108.43816845436636,51.41693982589659,25.064248312581523,54.55157550221792,20.384176185200552,False,-0.3188801557316987,GULF_OF_LION
340,2006-02-04,1032.907,1304.499957832654,-26.65034821421461,-244.94260961843943,51.41693982589659,25.064248312581523,54.55157550221792,20.384176185200552,False,-0.3188801557316987,GULF_OF_LION
341,2006-02-12,1032.907,1322.0195421285678,52.44407454655965,-341.5566166751275,51.41693982589659,25.064248312581523,54.55157550221792,20.384176185200552,False,-0.3188801557316987,GULF_OF_LION
342,2006-02-20,1609.174,1339.3935486865112,332.80777586811683,-63.02732455462802,51.41693982589659,25.064248312581523,54.55157550221792,20.384176185200552,False,-0.3188801557316987,GULF_OF_LION
343,2006-02-28,1770.255375,1356.4590435762389,276.7238521159312,137.0724793078299,51.41693982589659,25.064248312581523,54.55157550221792,20.384176185200552,False,-0.3188801557316987,GULF_OF_LION
344,2006-03-04,1770.255375,1373.0414627800349,329.6613721652711,67.55254005469402,51.41693982589659,25.064248312581523,54.55157550221792,20.384176185200552,False,-0.3188801557316987,GULF_OF_LION
345,2006-03-12,2410.971875,1388.9547843891582,645.7756762897744,376.2414143210675,51.41693982589659,25.064248312581523,54.55157550221792,20.384176185200552,False,-0.3188801557316987,GULF_OF_LION
346,2006-03-20,2932.377625,1404.0265377901844,862.0769092679818,666.2741779418338,51.41693982589659,25.064248312581523,54.55157550221792,20.384176185200552,False,-0.3188801557316987,GULF_OF_LION
347,2006-03-28,3030.694857142857,1418.1253201528818,857.4068871628871,755.1626498270886,51.41693982589659,25.064248312581523,54.55157550221792,20.384176185200552,False,-0.3188801557316987,GULF_OF_LION
348,2006-04-04,3574.79975,1431.170426528314,1118.1455255961978,1025.483797875488,51.41693982589659,25.064248312581523,54.55157550221792,20.384176185200552,False,-0.3188801557316987,GULF_OF_LION
349,2006-04-12,3574.79975,1443.1327872229742,1162.0292286861245,969.637734090902,51.41693982589659,25.064248312581523,54.55157550221792,20.384176185200552,False,-0.3188801557316987,GULF_OF_LION
350,2006-04-20,2312.00975,1454.0438000972672,808.3978469698208,49.56810293291221,51.41693982589659,25.064248312581523,54.55157550221792,20.384176185200552,False,-0.3188801557316987,GULF_OF_LION
351,2006-04-28,1496.0069999999998,1463.9842342821,405.8842594033831,-373.86149368548325,51.41693982589659,25.064248312581523,54.55157550221792,20.384176185200552,False,-0.3188801557316987,GULF_OF_LION
352,2006-05-04,1496.0069999999998,1473.0592427271256,107.8589758729538,-84.91121860007956,51.41693982589659,25.064248312581523,54.55157550221792,20.384176185200552,False,-0.3188801557316987,GULF_OF_LION
353,2006-05-12,2063.89575,1481.3476921016793,286.0286612457228,296.51939665259806,51.41693982589659,25.064248312581523,54.55157550221792,20.384176185200552,False,-0.3188801557316987,GULF_OF_LION
354,2006-05-20,2063.89575,1488.8884457429524,344.61231139052256,230.3949928665252,51.41693982589659,25.064248312581523,54.55157550221792,20.384176185200552,False,-0.3188801557316987,GULF_OF_LION
355,2006-05-28,1510.601142857143,1495.6978108118462,132.79241698510006,-117.88908493980328,51.41693982589659,25.064248312581523,54.55157550221792,20.384176185200552,False,-0.3188801557316987,GULF_OF_LION
356,2006-06-04,1227.1905,1501.7894484207293,-59.80703559222013,-214.79191282850925,51.41693982589659,25.064248312581523,54.55157550221792,20.384176185200552,False,-0.3188801557316987,GULF_OF_LION
357,2006-06-12,1119.5432500000002,1507.170109777846,-119.02130641478112,-268.60555336306464,51.41693982589659,25.064248312581523,54.55157550221792,20.384176185200552,False,-0.3188801557316987,GULF_OF_LION
358,2006-06-20,1119.5432500000002,1511.8326726138605,-121.81032903584386,-270.47909357801643,51.41693982589659,25.064248312581523,54.55157550221792,20.384176185200552,False,-0.3188801557316987,GULF_OF_LION
359,2006-06-28,1119.5432500000002,1515.758512227448,-129.90107771304866,-266.3141845143991,51.41693982589659,25.064248312581523,54.55157550221792,20.384176185200552,False,-0.3188801557316987,GULF_OF_LION
360,2006-07-04,1043.214125,1518.9214261578988,-202.74132691782063,-272.96597424007825,51.41693982589659,25.064248312581523,54.55157550221792,20.384176185200552,False,-0.3188801557316987,GULF_OF_LION
361,2006-07-12,857.71425,1521.2904690472903,-325.46747919449115,-338.1087398527992,51.41693982589659,25.064248312581523,54.55157550221792,20.384176185200552,False,-0.3188801557316987,GULF_OF_LION
362,2006-07-20,857.71425,1522.832580102316,-476.5112204680445,-188.60710963427132,51.41693982589659,25.064248312581523,54.55157550221792,20.384176185200552,False,-0.3188801557316987,GULF_OF_LION
363,2006-07-28,867.1745714285714,1523.5258721260634,-525.55121955724,-130.80008114025202,51.41693982589659,25.064248312581523,54.55157550221792,20.384176185200552,False,-0.3188801557316987,GULF_OF_LION
364,2006-08-04,867.1745714285714,1523.362396243321,-557.8190750107791,-98.36874980397045,51.41693982589659,25.064248312581523,54.55157550221792,20.384176185200552,False,-0.3188801557316987,GULF_OF_LION
365,2006-08-12,893.258375,1522.3480627394038,-501.7341590614513,-127.35552867795246,51.41693982589659,25.064248312581523,54.55157550221792,20.384176185200552,False,-0.3188801557316987,GULF_OF_LION
366,2006-08-20,1010.1141428571428,1520.5011222775202,-363.04804035063535,-147.33893906974197,51.41693982589659,25.064248312581523,54.55157550221792,20.384176185200552,False,-0.3188801557316987,GULF_OF_LION
367,2006-08-28,1010.1141428571428,1517.856340106816,-414.4083708792223,-93.333826370451,51.41693982589659,25.064248312581523,54.55157550221792,20.384176185200552,False,-0.3188801557316987,GULF_OF_LION
368,2006-09-04,976.838875,1514.473306573108,-423.5583701980101,-114.07606137509788,51.41693982589659,25.064248312581523,54.55157550221792,20.384176185200552,False,-0.3188801557316987,GULF_OF_LION
369,2006-09-12,976.838875,1510.4440690070537,-461.91080615034974,-71.69438785670394,51.41693982589659,25.064248312581523,54.55157550221792,20.384176185200552,False,-0.3188801557316987,GULF_OF_LION
370,2006-09-20,1060.917875,1505.8873368431302,-444.1475619571259,-0.8218998860042461,51.41693982589659,25.064248312581523,54.55157550221792,20.384176185200552,False,-0.3188801557316987,GULF_OF_LION
371,2006-09-28,1231.1836666666666,1500.9328871415207,-350.1357122559901,80.38649178113593,51.41693982589659,25.064248312581523,54.55157550221792,20.384176185200552,False,-0.3188801557316987,GULF_OF_LION
372,2006-10-04,1304.861,1495.708310479641,-306.4549730834428,115.60766260380132,51.41693982589659,25.064248312581523,54.55157550221792,20.384176185200552,False,-0.3188801557316987,GULF_OF_LION
373,2006-10-12,1618.235375,1490.3360130719614,-124.14244053402358,252.0418024620622,51.41693982589659,25.064248312581523,54.55157550221792,20.384176185200552,False,-0.3188801557316987,GULF_OF_LION
374,2006-10-20,1401.3771428571429,1484.9340921653857,-287.8884722765271,204.33152296828436,51.41693982589659,25.064248312581523,54.55157550221792,20.384176185200552,False,-0.3188801557316987,GULF_OF_LION
375,2006-10-28,1401.3771428571429,1479.6169190331757,-260.5046609157276,182.264884739695,51.41693982589659,25.064248312581523,54.55157550221792,20.384176185200552,False,-0.3188801557316987,GULF_OF_LION
376,2006-11-04,896.4605,1474.4893216958396,-484.92067470155536,-93.10814699428424,51.41693982589659,25.064248312581523,54.55157550221792,20.384176185200552,False,-0.3188801557316987,GULF_OF_LION
377,2006-11-12,896.4605,1469.6400595512605,-462.156237346131,-111.02332220512947,51.41693982589659,25.064248312581523,54.55157550221792,20.384176185200552,False,-0.3188801557316987,GULF_OF_LION
378,2006-11-20,1609.4754999999998,1465.153827092473,48.04591902917437,96.27575387835245,51.41693982589659,25.064248312581523,54.55157550221792,20.384176185200552,False,-0.3188801557316987,GULF_OF_LION
379,2006-11-28,1791.49825,1461.0985144889537,177.29247147382372,153.10726403722245,51.41693982589659,25.064248312581523,54.55157550221792,20.384176185200552,False,-0.3188801557316987,GULF_OF_LION
380,2006-12-04,1791.49825,1457.5077515990006,282.61833281158533,51.37216558941395,51.41693982589659,25.064248312581523,54.55157550221792,20.384176185200552,False,-0.3188801557316987,GULF_OF_LION
381,2006-12-12,1791.49825,1454.3837365451252,173.39767676422213,163.71683669065254,51.41693982589659,25.064248312581523,54.55157550221792,20.384176185200552,False,-0.3188801557316987,GULF_OF_LION
382,2006-12-20,1258.508625,1451.7116991049706,-243.39703386585808,50.19395976088737,51.41693982589659,25.064248312581523,54.55157550221792,20.384176185200552,False,-0.3188801557316987,GULF_OF_LION
383,2006-12-28,1258.508625,1449.4589447546327,-254.6958669966132,63.745547241980375,51.41693982589659,25.064248312581523,54.55157550221792,20.384176185200552,False,-0.3188801557316987,GULF_OF_LION
384,2007-01-04,1446.156375,1447.580314529506,-43.07679830600466,41.65285877649865,51.41693982589659,25.064248312581523,54.55157550221792,20.384176185200552,False,-0.3188801557316987,GULF_OF_LION
385,2007-01-12,1695.9679999999998,1446.015704895526,298.17753511794086,-48.22524001346716,51.41693982589659,25.064248312581523,54.55157550221792,20.384176185200552,False,-0.3188801557316987,GULF_OF_LION
386,2007-01-20,1695.9679999999998,1444.6884295105824,288.0740925671992,-36.79452207778172,51.41693982589659,25.064248312581523,54.55157550221792,20.384176185200552,False,-0.3188801557316987,GULF_OF_LION
387,2007-01-28,1569.8262857142856,1443.5100269814102,32.222932952431016,94.09332578044442,51.41693982589659,25.064248312581523,54.55157550221792,20.384176185200552,False,-0.3188801557316987,GULF_OF_LION
388,2007-02-04,1569.8262857142856,1442.4013725941445,-41.78310437128202,169.20801749142316,51.41693982589659,25.064248312581523,54.55157550221792,20.384176185200552,False,-0.3188801557316987,GULF_OF_LION
389,2007-02-12,1925.997,1441.3086648662922,84.36420245015766,400.32413268355015,51.41693982589659,25.064248312581523,54.55157550221792,20.384176185200552,False,-0.3188801557316987,GULF_OF_LION
390,2007-02-20,1925.997,1440.2059396431337,169.2373368244723,316.55372353239414,51.41693982589659,25.064248312581523,54.55157550221792,20.384176185200552,False,-0.3188801557316987,GULF_OF_LION
391,2007-02-28,1925.997,1439.0896804144377,204.5572168785976,282.3501027069648,51.41693982589659,25.064248312581523,54.55157550221792,20.384176185200552,False,-0.3188801557316987,GULF_OF_LION
392,2007-03-04,2318.455125,1437.9857772750004,433.1358394802185,447.33350824478106,51.41693982589659,25.064248312581523,54.55157550221792,20.384176185200552,False,-0.3188801557316987,GULF_OF_LION
393,2007-03-12,2318.455125,1436.9434707644737,659.5112447861784,222.0004094493479,51.41693982589659,25.064248312581523,54.55157550221792,20.384176185200552,False,-0.3188801557316987,GULF_OF_LION
394,2007-03-20,1619.8937142857142,1436.0240072757038,531.3279825230827,-347.4582755130723,51.41693982589659,25.064248312581523,54.55157550221792,20.384176185200552,False,-0.3188801557316987,GULF_OF_LION
395,2007-03-28,1425.5425,1435.293834309097,454.0300944131318,-463.7814287222288,51.41693982589659,25.064248312581523,54.55157550221792,20.384176185200552,False,-0.3188801557316987,GULF_OF_LION
396,2007-04-04,1328.43275,1434.8175909114827,553.2910768460126,-659.6759177574954,51.41693982589659,25.064248312581523,54.55157550221792,20.384176185200552,False,-0.3188801557316987,GULF_OF_LION
397,2007-04-12,1019.979625,1434.6480482884356,632.9838767222727,-1047.6523000107084,51.41693982589659,25.064248312581523,54.55157550221792,20.384176185200552,False,-0.3188801557316987,GULF_OF_LION
398,2007-04-20,960.8785,1434.802476605401,287.13199727022345,-761.0559738756241,51.41693982589659,25.064248312581523,54.55157550221792,20.384176185200552,False,-0.3188801557316987,GULF_OF_LION
399,2007-04-28,960.8785,1435.251571055701,-82.32258162291753,-392.05048943278354,51.41693982589659,25.064248312581523,54.55157550221792,20.384176185200552,False,-0.3188801557316987,GULF_OF_LION
400,2007-05-04,1111.47375,1435.9284670924003,-161.59867424600745,-162.85604284639274,51.41693982589659,25.064248312581523,54.55157550221792,20.384176185200552,False,-0.3188801557316987,GULF_OF_LION
401,2007-05-12,1125.479375,1436.7699062983609,-31.159270882485814,-280.1312604158749,51.41693982589659,25.064248312581523,54.55157550221792,20.384176185200552,False,-0.3188801557316987,GULF_OF_LION
402,2007-05-20,1491.432,1437.7343995488848,145.47058775484652,-91.77298730373128,51.41693982589659,25.064248312581523,54.55157550221792,20.384176185200552,False,-0.3188801557316987,GULF_OF_LION
403,2007-05-28,1812.559625,1438.7963667974589,549.1601305019782,-175.39687229943695,51.41693982589659,25.064248312581523,54.55157550221792,20.384176185200552,False,-0.3188801557316987,GULF_OF_LION
404,2007-06-04,1955.0,1439.9011843114667,542.418248610601,-27.31943292206779,51.41693982589659,25.064248312581523,54.55157550221792,20.384176185200552,False,-0.3188801557316987,GULF_OF_LION
405,2007-06-12,2065.406125,1440.9710819190188,513.3796861999477,111.0553568810334,51.41693982589659,25.064248312581523,54.55157550221792,20.384176185200552,False,-0.3188801557316987,GULF_OF_LION
406,2007-06-20,2065.406125,1441.92528185344,312.3311411110871,311.149702035473,51.41693982589659,25.064248312581523,54.55157550221792,20.384176185200552,False,-0.3188801557316987,GULF_OF_LION
407,2007-06-28,2038.53575,1442.699144721862,171.4762261566614,424.3603791214766,51.41693982589659,25.064248312581523,54.55157550221792,20.384176185200552,False,-0.3188801557316987,GULF_OF_LION
408,2007-07-04,2038.53575,1443.250149515469,124.11056961858932,471.17503086594166,51.41693982589659,25.064248312581523,54.55157550221792,20.384176185200552,False,-0.3188801557316987,GULF_OF_LION
409,2007-07-12,2038.53575,1443.5555651664165,49.15197079443824,545.8282140391452,51.41693982589659,25.064248312581523,54.55157550221792,20.384176185200552,False,-0.3188801557316987,GULF_OF_LION
410,2007-07-20,1454.739375,1443.6109101808809,-343.9693564849792,355.0978213040984,51.41693982589659,25.064248312581523,54.55157550221792,20.384176185200552,False,-0.3188801557316987,GULF_OF_LION
411,2007-07-28,1247.842,1443.4279986476458,-502.54303007953695,306.9570314318912,51.41693982589659,25.064248312581523,54.55157550221792,20.384176185200552,False,-0.3188801557316987,GULF_OF_LION
412,2007-08-04,1247.842,1443.037659677165,-511.0158182586807,315.8201585815158,51.41693982589659,25.064248312581523,54.55157550221792,20.384176185200552,False,-0.3188801557316987,GULF_OF_LION
413,2007-08-12,1414.548875,1442.4812284269235,-391.2198640061264,363.2875105792028,51.41693982589659,25.064248312581523,54.55157550221792,20.384176185200552,False,-0.3188801557316987,GULF_OF_LION
414,2007-08-20,1414.548875,1441.8046307193003,-364.1528981379972,336.89714241869683,51.41693982589659,25.064248312581523,54.55157550221792,20.384176185200552,False,-0.3188801557316987,GULF_OF_LION
415,2007-08-28,1056.7574285714286,1441.0555923106997,-538.313513543028,154.01534980375686,51.41693982589659,25.064248312581523,54.55157550221792,20.384176185200552,False,-0.3188801557316987,GULF_OF_LION
416,2007-09-04,1044.227,1440.2809390997186,-301.5055425761573,-94.54839652356117,51.41693982589659,25.064248312581523,54.55157550221792,20.384176185200552,False,-0.3188801557316987,GULF_OF_LION
417,2007-09-12,926.75325,1439.5118132396915,-351.80546496867584,-160.9530982710159,51.41693982589659,25.064248312581523,54.55157550221792,20.384176185200552,False,-0.3188801557316987,GULF_OF_LION
418,2007-09-20,926.75325,1438.7682757728858,-395.6972572368756,-116.3177685360102,51.41693982589659,25.064248312581523,54.55157550221792,20.384176185200552,False,-0.3188801557316987,GULF_OF_LION
419,2007-09-28,926.75325,1438.0725191509955,-546.8781396393517,35.55887048835598,51.41693982589659,25.064248312581523,54.55157550221792,20.384176185200552,False,-0.3188801557316987,GULF_OF_LION
420,2007-10-04,922.822875,1437.4649986048896,-536.4845183822539,21.842394777364238,51.41693982589659,25.064248312581523,54.55157550221792,20.384176185200552,False,-0.3188801557316987,GULF_OF_LION
421,2007-10-12,800.531125,1437.0014033669895,-513.3687325038683,-123.10154586312149,51.41693982589659,25.064248312581523,54.55157550221792,20.384176185200552,False,-0.3188801557316987,GULF_OF_LION
422,2007-10-20,627.4645714285715,1436.747051871014,-494.5591660321125,-314.7233144103301,51.41693982589659,25.064248312581523,54.55157550221792,20.384176185200552,False,-0.3188801557316987,GULF_OF_LION
423,2007-10-28,597.9635,1436.762030806653,-445.1484275395946,-393.65010326705846,51.41693982589659,25.064248312581523,54.55157550221792,20.384176185200552,False,-0.3188801557316987,GULF_OF_LION
424,2007-11-04,627.4645714285715,1437.0932901202234,-556.0441901525586,-253.5845285390933,51.41693982589659,25.064248312581523,54.55157550221792,20.384176185200552,False,-0.3188801557316987,GULF_OF_LION
425,2007-11-12,697.385375,1437.7789360164925,-517.2350352124199,-223.1585258040724,51.41693982589659,25.064248312581523,54.55157550221792,20.384176185200552,False,-0.3188801557316987,GULF_OF_LION
426,2007-11-20,1462.63125,1438.8500786863244,-0.0831473232053786,23.864318636880864,51.41693982589659,25.064248312581523,54.55157550221792,20.384176185200552,False,-0.3188801557316987,GULF_OF_LION
427,2007-11-28,1632.15,1440.3538416245503,133.1155922325081,58.680566142941615,51.41693982589659,25.064248312581523,54.55157550221792,20.384176185200552,False,-0.3188801557316987,GULF_OF_LION
428,2007-12-04,2006.877,1442.359632605127,346.89287658825447,217.62449080661827,51.41693982589659,25.064248312581523,54.55157550221792,20.384176185200552,False,-0.3188801557316987,GULF_OF_LION
429,2007-12-12,1632.15,1444.9519105239544,219.6010022838935,-32.402912807847855,51.41693982589659,25.064248312581523,54.55157550221792,20.384176185200552,False,-0.3188801557316987,GULF_OF_LION
430,2007-12-20,1397.907375,1448.21467843646,-30.03193317548076,-20.2753702609792,51.41693982589659,25.064248312581523,54.55157550221792,20.384176185200552,False,-0.3188801557316987,GULF_OF_LION
431,2007-12-28,1397.907375,1452.2313154433075,-25.66218011276184,-28.66176033054588,51.41693982589659,25.064248312581523,54.55157550221792,20.384176185200552,False,-0.3188801557316987,GULF_OF_LION
432,2008-01-04,1677.054625,1457.089429814506,58.26392319784212,161.7012719876518,51.41693982589659,25.064248312581523,54.55157550221792,20.384176185200552,False,-0.3188801557316987,GULF_OF_LION
433,2008-01-12,2291.9745,1462.8895983294565,437.1612409073934,391.92366076314994,51.41693982589659,25.064248312581523,54.55157550221792,20.384176185200552,False,-0.3188801557316987,GULF_OF_LION
434,2008-01-20,2291.9745,1469.7345784572617,441.862997800333,380.3769237424053,51.41693982589659,25.064248312581523,54.55157550221792,20.384176185200552,False,-0.3188801557316987,GULF_OF_LION
435,2008-01-28,1547.754625,1477.7217337323525,201.0384262909622,-131.00553502331445,51.41693982589659,25.064248312581523,54.55157550221792,20.384176185200552,False,-0.3188801557316987,GULF_OF_LION
436,2008-02-04,1405.7472857142857,1486.9257096013423,425.0564996105456,-506.2349234976023,51.41693982589659,25.064248312581523,54.55157550221792,20.384176185200552,False,-0.3188801557316987,GULF_OF_LION
437,2008-02-12,1227.774125,1497.380550840062,429.0835294910488,-698.689955331111,51.41693982589659,25.064248312581523,54.55157550221792,20.384176185200552,False,-0.3188801557316987,GULF_OF_LION
438,2008-02-20,1019.9592,1509.085392386931,-21.524305130024068,-467.601887256907,51.41693982589659,25.064248312581523,54.55157550221792,20.384176185200552,False,-0.3188801557316987,GULF_OF_LION
439,2008-02-28,1019.9592,1522.036558798676,-52.47274164710733,-449.6046171515686,51.41693982589659,25.064248312581523,54.55157550221792,20.384176185200552,False,-0.3188801557316987,GULF_OF_LION
440,2008-03-04,1174.422375,1536.2136210610165,121.5598882698052,-483.3511343308217,51.41693982589659,25.064248312581523,54.55157550221792,20.384176185200552,False,-0.3188801557316987,GULF_OF_LION
441,2008-03-12,1473.81425,1551.5749314093432,266.45890470194865,-344.219586111292,51.41693982589659,25.064248312581523,54.55157550221792,20.384176185200552,False,-0.3188801557316987,GULF_OF_LION
442,2008-03-20,1868.168375,1568.0408621728711,265.14865782221403,34.978855004914806,51.41693982589659,25.064248312581523,54.55157550221792,20.384176185200552,False,-0.3188801557316987,GULF_OF_LION
443,2008-03-28,1868.168375,1585.484518410235,215.3921016154268,67.29175497433812,51.41693982589659,25.064248312581523,54.55157550221792,20.384176185200552,False,-0.3188801557316987,GULF_OF_LION
444,2008-04-04,1923.0315714285716,1603.739763446839,244.3742763873036,74.91753159442868,51.41693982589659,25.064248312581523,54.55157550221792,20.384176185200552,False,-0.3188801557316987,GULF_OF_LION
445,2008-04-12,2859.096125,1622.6160884479389,637.3193445369666,599.1606920150946,51.41693982589659,25.064248312581523,54.55157550221792,20.384176185200552,False,-0.3188801557316987,GULF_OF_LION
446,2008-04-20,2859.096125,1641.9064544680546,618.4103485583772,598.7793219735682,51.41693982589659,25.064248312581523,54.55157550221792,20.384176185200552,False,-0.3188801557316987,GULF_OF_LION
447,2008-04-28,2209.5456666666664,1661.3910176365318,285.6549211771793,262.4997278529553,51.41693982589659,25.064248312581523,54.55157550221792,20.384176185200552,False,-0.3188801557316987,GULF_OF_LION
448,2008-05-04,1610.221375,1680.8565918334973,-89.59590075842951,18.960683924932056,51.41693982589659,25.064248312581523,54.55157550221792,20.384176185200552,False,-0.3188801557316987,GULF_OF_LION
449,2008-05-12,1560.7915,1700.1019210394988,-149.618740895229,10.30831985573019,51.41693982589659,25.064248312581523,54.55157550221792,20.384176185200552,False,-0.3188801557316987,GULF_OF_LION
450,2008-05-20,1560.7915,1718.9334988340731,-37.49692172029077,-120.64507711378232,51.41693982589659,25.064248312581523,54.55157550221792,20.384176185200552,False,-0.3188801557316987,GULF_OF_LION
451,2008-05-28,3111.649857142857,1737.1598399909894,789.8349849100582,584.6550322418093,51.41693982589659,25.064248312581523,54.55157550221792,20.384176185200552,False,-0.3188801557316987,GULF_OF_LION
452,2008-06-04,3111.649857142857,1754.618408614374,835.8215634266588,521.2098851018242,51.41693982589659,25.064248312581523,54.55157550221792,20.384176185200552,False,-0.3188801557316987,GULF_OF_LION
453,2008-06-12,2912.733875,1771.1717078625186,748.6545849964175,392.9075821410638,51.41693982589659,25.064248312581523,54.55157550221792,20.384176185200552,False,-0.3188801557316987,GULF_OF_LION
454,2008-06-20,2142.967625,1786.7128431622396,348.3951069920763,7.859674845683912,51.41693982589659,25.064248312581523,54.55157550221792,20.384176185200552,False,-0.3188801557316987,GULF_OF_LION
455,2008-06-28,1672.8735,1801.1558916739898,37.63424013947508,-165.91663181346496,51.41693982589659,25.064248312581523,54.55157550221792,20.384176185200552,False,-0.3188801557316987,GULF_OF_LION
456,2008-07-04,1591.973875,1814.42983799805,-24.445554229265795,-198.01040876878412,51.41693982589659,25.064248312581523,54.55157550221792,20.384176185200552,False,-0.3188801557316987,GULF_OF_LION
457,2008-07-12,1503.2447499999998,1826.4730919067329,-74.83542961581526,-248.39291229091776,51.41693982589659,25.064248312581523,54.55157550221792,20.384176185200552,False,-0.3188801557316987,GULF_OF_LION
458,2008-07-20,1123.239875,1837.2283528809264,-448.1105256789734,-265.87795220195284,51.41693982589659,25.064248312581523,54.55157550221792,20.384176185200552,False,-0.3188801557316987,GULF_OF_LION
459,2008-07-28,916.695625,1846.6378091680333,-618.6609514594603,-311.28123270857327,51.41693982589659,25.064248312581523,54.55157550221792,20.384176185200552,False,-0.3188801557316987,GULF_OF_LION
460,2008-08-04,916.695625,1854.6390838174952,-647.8610256316357,-290.0824331858596,51.41693982589659,25.064248312581523,54.55157550221792,20.384176185200552,False,-0.3188801557316987,GULF_OF_LION
461,2008-08-12,1075.00125,1861.1744430808017,-544.036926926449,-242.1362661543526,51.41693982589659,25.064248312581523,54.55157550221792,20.384176185200552,False,-0.3188801557316987,GULF_OF_LION
462,2008-08-20,1075.00125,1866.19565391586,-556.7516443352177,-234.4427595806418,51.41693982589659,25.064248312581523,54.55157550221792,20.384176185200552,False,-0.3188801557316987,GULF_OF_LION
463,2008-08-28,1075.00125,1869.662569742337,-657.7591139924526,-136.90220574988427,51.41693982589659,25.064248312581523,54.55157550221792,20.384176185200552,False,-0.3188801557316987,GULF_OF_LION
464,2008-09-04,2054.439,1871.5401246551603,-179.92151386248136,362.8203892073207,51.41693982589659,25.064248312581523,54.55157550221792,20.384176185200552,False,-0.3188801557316987,GULF_OF_LION
465,2008-09-12,2054.439,1871.8025136831443,-211.9849093011472,394.6213956180027,51.41693982589659,25.064248312581523,54.55157550221792,20.384176185200552,False,-0.3188801557316987,GULF_OF_LION
466,2008-09-20,1761.10925,1870.4341100300303,-363.9057622740852,254.58090224405487,51.41693982589659,25.064248312581523,54.55157550221792,20.384176185200552,False,-0.3188801557316987,GULF_OF_LION
467,2008-09-28,957.1356666666668,1867.4335494107083,-795.4466921489286,-114.85119059511304,51.41693982589659,25.064248312581523,54.55157550221792,20.384176185200552,False,-0.3188801557316987,GULF_OF_LION
468,2008-10-04,900.50525,1862.809796170332,-838.6267119028157,-123.67783426751646,51.41693982589659,25.064248312581523,54.55157550221792,20.384176185200552,False,-0.3188801557316987,GULF_OF_LION
469,2008-10-12,900.50525,1856.5817762339232,-862.5763519721793,-93.50017426174384,51.41693982589659,25.064248312581523,54.55157550221792,20.384176185200552,False,-0.3188801557316987,GULF_OF_LION
470,2008-10-20,1540.662375,1848.771092428316,-562.0622644772316,253.95354704891588,51.41693982589659,25.064248312581523,54.55157550221792,20.384176185200552,False,-0.3188801557316987,GULF_OF_LION
471,2008-10-28,1813.6601428571428,1839.4059408207968,-392.9794237579564,367.2336257943024,51.41693982589659,25.064248312581523,54.55157550221792,20.384176185200552,False,-0.3188801557316987,GULF_OF_LION
472,2008-11-04,1821.101,1828.5295041642976,-351.720978491313,344.29247432701555,51.41693982589659,25.064248312581523,54.55157550221792,20.384176185200552,False,-0.3188801557316987,GULF_OF_LION
473,2008-11-12,1821.101,1816.2078862973176,-333.51898765111184,338.4121013537941,51.41693982589659,25.064248312581523,54.55157550221792,20.384176185200552,False,-0.3188801557316987,GULF_OF_LION
474,2008-11-20,1619.9198333333334,1802.5362369085813,-240.8108804167599,58.194476841512,51.41693982589659,25.064248312581523,54.55157550221792,20.384176185200552,False,-0.3188801557316987,GULF_OF_LION
475,2008-11-28,1619.9198333333334,1787.6315095526104,-75.09879198591602,-92.612884233361,51.41693982589659,25.064248312581523,54.55157550221792,20.384176185200552,False,-0.3188801557316987,GULF_OF_LION
476,2008-12-04,1733.32825,1771.6273847647858,166.25434984126406,-204.55348460604984,51.41693982589659,25.064248312581523,54.55157550221792,20.384176185200552,False,-0.3188801557316987,GULF_OF_LION
477,2008-12-12,1981.06425,1754.6603333733633,208.2620415140605,18.14187511257606,51.41693982589659,25.064248312581523,54.55157550221792,20.384176185200552,False,-0.3188801557316987,GULF_OF_LION
478,2008-12-20,1981.06425,1736.8782301170338,159.71643441653143,84.46958546643467,51.41693982589659,25.064248312581523,54.55157550221792,20.384176185200552,False,-0.3188801557316987,GULF_OF_LION
479,2008-12-28,1981.06425,1718.4284908815005,493.2522051052533,-230.6164459867539,51.41693982589659,25.064248312581523,54.55157550221792,20.384176185200552,False,-0.3188801557316987,GULF_OF_LION
480,2009-01-04,1547.0087142857142,1699.4401517526392,354.69159871854447,-507.1230361854695,51.41693982589659,25.064248312581523,54.55157550221792,20.384176185200552,False,-0.3188801557316987,GULF_OF_LION
481,2009-01-12,1561.019625,1680.023493100662,314.35645286991434,-433.3603209705765,51.41693982589659,25.064248312581523,54.55157550221792,20.384176185200552,False,-0.3188801557316987,GULF_OF_LION
482,2009-01-20,1561.019625,1660.281453387647,255.170787197112,-354.432615584759,51.41693982589659,25.064248312581523,54.55157550221792,20.384176185200552,False,-0.3188801557316987,GULF_OF_LION
483,2009-01-28,2195.219142857143,1640.30708619429,392.2348940784831,162.6771625843702,51.41693982589659,25.064248312581523,54.55157550221792,20.384176185200552,False,-0.3188801557316987,GULF_OF_LION
484,2009-02-04,3358.729125,1620.1693386303143,943.3483109220588,795.2114754476269,51.41693982589659,25.064248312581523,54.55157550221792,20.384176185200552,False,-0.3188801557316987,GULF_OF_LION
485,2009-02-12,3358.729125,1599.9128871548062,972.9182418871025,785.8979959580913,51.41693982589659,25.064248312581523,54.55157550221792,20.384176185200552,False,-0.3188801557316987,GULF_OF_LION
486,2009-02-20,1956.315625,1579.5664634567884,395.8625490934109,-19.11338755019932,51.41693982589659,25.064248312581523,54.55157550221792,20.384176185200552,False,-0.3188801557316987,GULF_OF_LION
487,2009-02-28,1821.38225,1559.134768466774,339.54870436558804,-77.30122283236187,51.41693982589659,25.064248312581523,54.55157550221792,20.384176185200552,False,-0.3188801557316987,GULF_OF_LION
488,2009-03-04,1821.38225,1538.6188489729325,383.9056244962204,-101.1422234691525,51.41693982589659,25.064248312581523,54.55157550221792,20.384176185200552,False,-0.3188801557316987,GULF_OF_LION
489,2009-03-12,1821.38225,1518.0205712064728,128.825818600089,174.53586019343828,51.41693982589659,25.064248312581523,54.55157550221792,20.384176185200552,False,-0.3188801557316987,GULF_OF_LION
490,2009-03-20,1744.21675,1497.3777018093613,195.80013024600103,51.03891794463775,51.41693982589659,25.064248312581523,54.55157550221792,20.384176185200552,False,-0.3188801557316987,GULF_OF_LION
491,2009-03-28,1744.21675,1476.7673438301738,443.4812011885127,-176.03179501868647,51.41693982589659,25.064248312581523,54.55157550221792,20.384176185200552,False,-0.3188801557316987,GULF_OF_LION
492,2009-04-04,1841.058375,1456.2855499131365,508.81437690911775,-124.04155182225396,51.41693982589659,25.064248312581523,54.55157550221792,20.384176185200552,False,-0.3188801557316987,GULF_OF_LION
493,2009-04-12,1841.058375,1436.0399152964862,634.2209198184244,-229.2024601149105,51.41693982589659,25.064248312581523,54.55157550221792,20.384176185200552,False,-0.3188801557316987,GULF_OF_LION
494,2009-04-20,1827.8741666666665,1416.1576087153082,473.2250121579556,-61.50845420659738,51.41693982589659,25.064248312581523,54.55157550221792,20.384176185200552,False,-0.3188801557316987,GULF_OF_LION
495,2009-04-28,1816.82975,1396.7950041723218,308.6864671195372,111.34827870814117,51.41693982589659,25.064248312581523,54.55157550221792,20.384176185200552,False,-0.3188801557316987,GULF_OF_LION
496,2009-05-04,1396.63575,1378.1094868552443,-12.14881434542732,30.67507749018292,51.41693982589659,25.064248312581523,54.55157550221792,20.384176185200552,False,-0.3188801557316987,GULF_OF_LION
497,2009-05-12,1280.32,1360.2434020699316,-83.44108693651552,3.517684866583892,51.41693982589659,25.064248312581523,54.55157550221792,20.384176185200552,False,-0.3188801557316987,GULF_OF_LION
498,2009-05-20,1383.9384285714284,1343.330813790629,-43.94407468120521,84.5516894620046,51.41693982589659,25.064248312581523,54.55157550221792,20.384176185200552,False,-0.3188801557316987,GULF_OF_LION
499,2009-05-28,1275.297,1327.5071141011351,289.03837421402864,-341.24848831516374,51.41693982589659,25.064248312581523,54.55157550221792,20.384176185200552,False,-0.3188801557316987,GULF_OF_LION
500,2009-06-04,1323.28575,1312.9079624954168,396.5797843150027,-386.2019968104195,51.41693982589659,25.064248312581523,54.55157550221792,20.384176185200552,False,-0.3188801557316987,GULF_OF_LION
501,2009-06-12,1275.297,1299.6728853941388,357.04603015960816,-381.4219155537469,51.41693982589659,25.064248312581523,54.55157550221792,20.384176185200552,False,-0.3188801557316987,GULF_OF_LION
502,2009-06-20,1241.136625,1287.9111941799106,139.5374818949808,-186.3120510748913,51.41693982589659,25.064248312581523,54.55157550221792,20.384176185200552,False,-0.3188801557316987,GULF_OF_LION
503,2009-06-28,1013.5221666666666,1277.6972897839394,-221.47204664011625,-42.70307647715652,51.41693982589659,25.064248312581523,54.55157550221792,20.384176185200552,False,-0.3188801557316987,GULF_OF_LION
504,2009-07-04,978.875875,1269.075473245024,-290.0449913195022,-0.154606925521989,51.41693982589659,25.064248312581523,54.55157550221792,20.384176185200552,False,-0.3188801557316987,GULF_OF_LION
505,2009-07-12,978.875875,1262.070430945293,-358.3805613855196,75.1860054402265,51.41693982589659,25.064248312581523,54.55157550221792,20.384176185200552,False,-0.3188801557316987,GULF_OF_LION
506,2009-07-20,832.41,1256.694531542111,-615.739610936334,191.4550793942229,51.41693982589659,25.064248312581523,54.55157550221792,20.384176185200552,False,-0.3188801557316987,GULF_OF_LION
507,2009-07-28,784.9582857142857,1252.9535637429185,-704.510410168434,236.51513213980115,51.41693982589659,25.064248312581523,54.55157550221792,20.384176185200552,False,-0.3188801557316987,GULF_OF_LION
508,2009-08-04,711.151125,1250.8470319832052,-751.9270069636624,212.2310999804572,51.41693982589659,25.064248312581523,54.55157550221792,20.384176185200552,False,-0.3188801557316987,GULF_OF_LION
509,2009-08-12,699.5683750000001,1250.3672195858592,-696.9116657011591,146.1128211153,51.41693982589659,25.064248312581523,54.55157550221792,20.384176185200552,False,-0.3188801557316987,GULF_OF_LION
510,2009-08-20,699.5683750000001,1251.5012860363954,-696.6340796220476,144.70116858565223,51.41693982589659,25.064248312581523,54.55157550221792,20.384176185200552,False,-0.3188801557316987,GULF_OF_LION
511,2009-08-28,696.441125,1254.233577587962,-657.6614228899577,99.86897030199566,51.41693982589659,25.064248312581523,54.55157550221792,20.384176185200552,False,-0.3188801557316987,GULF_OF_LION
512,2009-09-04,696.441125,1258.543802025193,-442.46413883219134,-119.63853819300152,51.41693982589659,25.064248312581523,54.55157550221792,20.384176185200552,False,-0.3188801557316987,GULF_OF_LION
513,2009-09-12,696.441125,1264.413389228771,-445.5221105400976,-122.45015368867332,51.41693982589659,25.064248312581523,54.55157550221792,20.384176185200552,False,-0.3188801557316987,GULF_OF_LION
514,2009-09-20,670.025375,1271.8259411471702,-542.2225180915913,-59.57804805557885,51.41693982589659,25.064248312581523,54.55157550221792,20.384176185200552,False,-0.3188801557316987,GULF_OF_LION
515,2009-09-28,559.585,1280.7470639532569,-829.0981503900249,107.93608643676828,51.41693982589659,25.064248312581523,54.55157550221792,20.384176185200552,False,-0.3188801557316987,GULF_OF_LION
516,2009-10-04,524.0948333333333,1291.120115516003,-873.5202392778048,106.4949570951352,51.41693982589659,25.064248312581523,54.55157550221792,20.384176185200552,False,-0.3188801557316987,GULF_OF_LION
517,2009-10-12,559.585,1302.8695205286535,-871.1319448858013,127.84742435714782,51.41693982589659,25.064248312581523,54.55157550221792,20.384176185200552,False,-0.3188801557316987,GULF_OF_LION
518,2009-10-20,644.8352857142856,1315.9190809934305,-658.0170112810061,-13.066783998138476,51.41693982589659,25.064248312581523,54.55157550221792,20.384176185200552,False,-0.3188801557316987,GULF_OF_LION
519,2009-10-28,794.4425,1330.1953251266607,-376.8603786007392,-158.89244652592146,51.41693982589659,25.064248312581523,54.55157550221792,20.384176185200552,False,-0.3188801557316987,GULF_OF_LION
520,2009-11-04,912.24125,1345.6212965630566,-217.40743841718515,-215.97260814587145,51.41693982589659,25.064248312581523,54.55157550221792,20.384176185200552,False,-0.3188801557316987,GULF_OF_LION
521,2009-11-12,912.24125,1362.1063168387689,-150.87977142542402,-298.98529541334483,51.41693982589659,25.064248312581523,54.55157550221792,20.384176185200552,False,-0.3188801557316987,GULF_OF_LION
522,2009-11-20,912.24125,1379.5358992333622,-197.37500156517447,-269.91964766818774,51.41693982589659,25.064248312581523,54.55157550221792,20.384176185200552,False,-0.3188801557316987,GULF_OF_LION
523,2009-11-28,1372.9083333333335,1397.7675978491484,144.15620000188525,-169.0154645177001,51.41693982589659,25.064248312581523,54.55157550221792,20.384176185200552,False,-0.3188801557316987,GULF_OF_LION
524,2009-12-04,1685.3885,1416.628074096012,339.09127918269445,-70.33085327870634,51.41693982589659,25.064248312581523,54.55157550221792,20.384176185200552,False,-0.3188801557316987,GULF_OF_LION
525,2009-12-12,1685.3885,1435.931337133776,640.1256876923281,-390.6685248261041,51.41693982589659,25.064248312581523,54.55157550221792,20.384176185200552,False,-0.3188801557316987,GULF_OF_LION
526,2009-12-20,1687.531125,1455.478730739955,658.303683164905,-426.25128890486,51.41693982589659,25.064248312581523,54.55157550221792,20.384176185200552,False,-0.3188801557316987,GULF_OF_LION
527,2009-12-28,2989.184,1475.0705170771134,1298.5915121593175,215.52197076356856,51.41693982589659,25.064248312581523,54.55157550221792,20.384176185200552,False,-0.3188801557316987,GULF_OF_LION
528,2010-01-04,2989.184,1494.5203294156868,1168.7193885393483,325.94428204496467,51.41693982589659,25.064248312581523,54.55157550221792,20.384176185200552,False,-0.3188801557316987,GULF_OF_LION
529,2010-01-12,2149.5855,1513.652377858203,498.9213038736089,137.01181826818834,51.41693982589659,25.064248312581523,54.55157550221792,20.384176185200552,False,-0.3188801557316987,GULF_OF_LION
530,2010-01-20,1882.15675,1532.322669141225,365.98984864532457,-16.15576778655003,51.41693982589659,25.064248312581523,54.55157550221792,20.384176185200552,False,-0.3188801557316987,GULF_OF_LION
531,2010-01-28,1884.234875,1550.4227057635246,378.4367844485285,-44.62461521205324,51.41693982589659,25.064248312581523,54.55157550221792,20.384176185200552,False,-0.3188801557316987,GULF_OF_LION
532,2010-02-04,1884.234875,1567.888870139816,591.9631531847825,-275.6171483245986,51.41693982589659,25.064248312581523,54.55157550221792,20.384176185200552,False,-0.3188801557316987,GULF_OF_LION
533,2010-02-12,2157.544375,1584.702862277293,726.6713453779291,-153.82983265522216,51.41693982589659,25.064248312581523,54.55157550221792,20.384176185200552,False,-0.3188801557316987,GULF_OF_LION
534,2010-02-20,2836.994875,1600.8692894592114,716.2973164155311,519.8282691252574,51.41693982589659,25.064248312581523,54.55157550221792,20.384176185200552,False,-0.3188801557316987,GULF_OF_LION
535,2010-02-28,2863.183,1616.3856209756125,713.1654855549567,533.6318934694308,51.41693982589659,25.064248312581523,54.55157550221792,20.384176185200552,False,-0.3188801557316987,GULF_OF_LION
536,2010-03-04,2863.183,1631.2273297432278,730.1920842069494,501.7635860498228,51.41693982589659,25.064248312581523,54.55157550221792,20.384176185200552,False,-0.3188801557316987,GULF_OF_LION
537,2010-03-12,1511.43875,1645.3704923649857,92.17038201219236,-226.10212437717803,51.41693982589659,25.064248312581523,54.55157550221792,20.384176185200552,False,-0.3188801557316987,GULF_OF_LION
538,2010-03-20,1511.43875,1658.7794527446497,77.28122696501683,-224.6219297096665,51.41693982589659,25.064248312581523,54.55157550221792,20.384176185200552,False,-0.3188801557316987,GULF_OF_LION
539,2010-03-28,2483.1077142857143,1671.4109859972475,522.6199218340188,289.0768064544478,51.41693982589659,25.064248312581523,54.55157550221792,20.384176185200552,False,-0.3188801557316987,GULF_OF_LION
540,2010-04-04,2483.1077142857143,1683.2182719572588,545.1122448972678,254.7771974311877,51.41693982589659,25.064248312581523,54.55157550221792,20.384176185200552,False,-0.3188801557316987,GULF_OF_LION
541,2010-04-12,2037.018875,1694.1520849812982,257.0280075996164,85.83878241908542,51.41693982589659,25.064248312581523,54.55157550221792,20.384176185200552,False,-0.3188801557316987,GULF_OF_LION
542,2010-04-20,1405.0996666666667,1704.172527854589,-124.65696705829798,-174.41589412962395,51.41693982589659,25.064248312581523,54.55157550221792,20.384176185200552,False,-0.3188801557316987,GULF_OF_LION
543,2010-04-28,1405.0996666666667,1713.2462013010663,-148.3414155832446,-159.8051190511552,51.41693982589659,25.064248312581523,54.55157550221792,20.384176185200552,False,-0.3188801557316987,GULF_OF_LION
544,2010-05-04,1557.479625,1721.3549077632863,-180.74935179481045,16.8740690315241,51.41693982589659,25.064248312581523,54.55157550221792,20.384176185200552,False,-0.3188801557316987,GULF_OF_LION
545,2010-05-12,1557.479625,1728.4879097190226,-220.9984018590955,49.99011714007287,51.41693982589659,25.064248312581523,54.55157550221792,20.384176185200552,False,-0.3188801557316987,GULF_OF_LION
546,2010-05-20,1507.893125,1734.6304119777112,-235.9053021236004,9.168015145889257,51.41693982589659,25.064248312581523,54.55157550221792,20.384176185200552,False,-0.3188801557316987,GULF_OF_LION
547,2010-05-28,1507.893125,1739.7625260796642,-265.697634637492,33.82823355782784,51.41693982589659,25.064248312581523,54.55157550221792,20.384176185200552,False,-0.3188801557316987,GULF_OF_LION
548,2010-06-04,1849.772875,1743.8567465120298,-7.526859220020435,113.44298770799055,51.41693982589659,25.064248312581523,54.55157550221792,20.384176185200552,False,-0.3188801557316987,GULF_OF_LION
549,2010-06-12,2003.940375,1746.8697185876686,58.95147511276505,198.1191812995665,51.41693982589659,25.064248312581523,54.55157550221792,20.384176185200552,False,-0.3188801557316987,GULF_OF_LION
550,2010-06-20,2003.940375,1748.756905841995,36.96851569896869,218.2149534590365,51.41693982589659,25.064248312581523,54.55157550221792,20.384176185200552,False,-0.3188801557316987,GULF_OF_LION
551,2010-06-28,1533.7476666666669,1749.4765276516634,-263.59852338353653,47.86966239853996,51.41693982589659,25.064248312581523,54.55157550221792,20.384176185200552,False,-0.3188801557316987,GULF_OF_LION
552,2010-07-04,1472.360125,1748.992638078516,-311.0219687344292,34.3894556559132,51.41693982589659,25.064248312581523,54.55157550221792,20.384176185200552,False,-0.3188801557316987,GULF_OF_LION
553,2010-07-12,1325.606375,1747.2742471642482,-389.6943862697028,-31.973485894545377,51.41693982589659,25.064248312581523,54.55157550221792,20.384176185200552,False,-0.3188801557316987,GULF_OF_LION
554,2010-07-20,978.56075,1744.291286979388,-571.0156134763365,-194.7149235030513,51.41693982589659,25.064248312581523,54.55157550221792,20.384176185200552,False,-0.3188801557316987,GULF_OF_LION
555,2010-07-28,926.8405,1740.0107154353127,-611.69233146473,-201.47788397058264,51.41693982589659,25.064248312581523,54.55157550221792,20.384176185200552,False,-0.3188801557316987,GULF_OF_LION
556,2010-08-04,867.9911428571429,1734.4002430573755,-695.2617054299734,-171.1473947702592,51.41693982589659,25.064248312581523,54.55157550221792,20.384176185200552,False,-0.3188801557316987,GULF_OF_LION
557,2010-08-12,926.8405,1727.4313568491891,-660.1945806272192,-140.39627622197008,51.41693982589659,25.064248312581523,54.55157550221792,20.384176185200552,False,-0.3188801557316987,GULF_OF_LION
558,2010-08-20,930.1944285714286,1719.0794827567545,-641.0220629838333,-147.8629912014926,51.41693982589659,25.064248312581523,54.55157550221792,20.384176185200552,False,-0.3188801557316987,GULF_OF_LION
559,2010-08-28,1120.612625,1709.3260285543124,-534.2181428895336,-54.49526066477881,51.41693982589659,25.064248312581523,54.55157550221792,20.384176185200552,False,-0.3188801557316987,GULF_OF_LION
560,2010-09-04,1031.354375,1698.1641444913228,-566.6014544962987,-100.20831499502412,51.41693982589659,25.064248312581523,54.55157550221792,20.384176185200552,False,-0.3188801557316987,GULF_OF_LION
561,2010-09-12,1031.354375,1685.597525193736,-556.5614296274729,-97.68172056626317,51.41693982589659,25.064248312581523,54.55157550221792,20.384176185200552,False,-0.3188801557316987,GULF_OF_LION
562,2010-09-20,983.4713333333332,1671.6409073636332,-603.2721429827666,-84.89743104753336,51.41693982589659,25.064248312581523,54.55157550221792,20.384176185200552,False,-0.3188801557316987,GULF_OF_LION
563,2010-09-28,858.28475,1656.3300051464932,-711.7904036916528,-86.25485145484038,51.41693982589659,25.064248312581523,54.55157550221792,20.384176185200552,False,-0.3188801557316987,GULF_OF_LION
564,2010-10-04,812.02175,1639.7268322641808,-733.4894968138022,-94.21558545037853,51.41693982589659,25.064248312581523,54.55157550221792,20.384176185200552,False,-0.3188801557316987,GULF_OF_LION
565,2010-10-12,735.3185,1621.91989182699,-719.4437753115038,-167.1576165154861,51.41693982589659,25.064248312581523,54.55157550221792,20.384176185200552,False,-0.3188801557316987,GULF_OF_LION
566,2010-10-20,735.3185,1603.0071213843898,-691.9573722624663,-175.7312491219236,51.41693982589659,25.064248312581523,54.55157550221792,20.384176185200552,False,-0.3188801557316987,GULF_OF_LION
567,2010-10-28,1242.4255714285714,1583.0913304885853,-397.0558083384581,56.39004927844422,51.41693982589659,25.064248312581523,54.55157550221792,20.384176185200552,False,-0.3188801557316987,GULF_OF_LION
568,2010-11-04,1609.603125,1562.278351641943,4.57659047235423,42.748182885702974,51.41693982589659,25.064248312581523,54.55157550221792,20.384176185200552,False,-0.3188801557316987,GULF_OF_LION
569,2010-11-12,1861.390625,1540.671207032697,132.63705167981306,188.08236628748983,51.41693982589659,25.064248312581523,54.55157550221792,20.384176185200552,False,-0.3188801557316987,GULF_OF_LION
570,2010-11-20,1861.390625,1518.3757956040408,10.77323906956355,332.2415903263956,51.41693982589659,25.064248312581523,54.55157550221792,20.384176185200552,False,-0.3188801557316987,GULF_OF_LION
571,2010-11-28,2273.696375,1495.5192435510655,334.84117518106706,443.3359562678674,51.41693982589659,25.064248312581523,54.55157550221792,20.384176185200552,False,-0.3188801557316987,GULF_OF_LION
572,2010-12-04,2273.696375,1472.2505790552375,474.1552781763913,327.29051776837093,51.41693982589659,25.064248312581523,54.55157550221792,20.384176185200552,False,-0.3188801557316987,GULF_OF_LION
573,2010-12-12,3199.31175,1448.7300175512053,1148.6266371330385,601.9550953157561,51.41693982589659,25.064248312581523,54.55157550221792,20.384176185200552,False,-0.3188801557316987,GULF_OF_LION
574,2010-12-20,3249.439142857143,1425.1165609746513,1192.3940255579405,631.9285563245514,51.41693982589659,25.064248312581523,54.55157550221792,20.384176185200552,False,-0.3188801557316987,GULF_OF_LION
575,2010-12-28,3199.31175,1401.5671744333406,1654.9703817039272,142.7741938627321,51.41693982589659,25.064248312581523,54.55157550221792,20.384176185200552,False,-0.3188801557316987,GULF_OF_LION
576,2011-01-04,3108.511375,1378.23797827357,1653.145810588614,77.12758613781602,51.41693982589659,25.064248312581523,54.55157550221792,20.384176185200552,False,-0.3188801557316987,GULF_OF_LION
577,2011-01-12,2088.862375,1355.2801276327086,937.3974179603172,-203.81517059302573,51.41693982589659,25.064248312581523,54.55157550221792,20.384176185200552,False,-0.3188801557316987,GULF_OF_LION
578,2011-01-20,2088.862375,1332.810349370587,739.5972747247678,16.454750904645493,51.41693982589659,25.064248312581523,54.55157550221792,20.384176185200552,False,-0.3188801557316987,GULF_OF_LION
579,2011-01-28,1502.2254285714284,1310.9200886642243,371.56501736992624,-180.2596774627221,51.41693982589659,25.064248312581523,54.55157550221792,20.384176185200552,False,-0.3188801557316987,GULF_OF_LION
580,2011-02-04,1194.869625,1289.687148814825,95.442866894208,-190.2603907090329,51.41693982589659,25.064248312581523,54.55157550221792,20.384176185200552,False,-0.3188801557316987,GULF_OF_LION
581,2011-02-12,1186.13775,1269.1969995322256,67.99524381166489,-151.05449334389064,51.41693982589659,25.064248312581523,54.55157550221792,20.384176185200552,False,-0.3188801557316987,GULF_OF_LION
582,2011-02-20,1186.13775,1249.549762591441,180.7258995468937,-244.13791213833488,51.41693982589659,25.064248312581523,54.55157550221792,20.384176185200552,False,-0.3188801557316987,GULF_OF_LION
583,2011-02-28,1256.3305,1230.8654779004423,225.82873698002248,-200.3637148804648,51.41693982589659,25.064248312581523,54.55157550221792,20.384176185200552,False,-0.3188801557316987,GULF_OF_LION
584,2011-03-04,1315.5455,1213.2779946881092,235.12183399055937,-132.8543286786686,51.41693982589659,25.064248312581523,54.55157550221792,20.384176185200552,False,-0.3188801557316987,GULF_OF_LION
585,2011-03-12,1447.11925,1196.908406787091,-9.29394482169715,259.50478803460607,51.41693982589659,25.064248312581523,54.55157550221792,20.384176185200552,False,-0.3188801557316987,GULF_OF_LION
586,2011-03-20,1447.11925,1181.860981348618,-31.179190201871663,296.43745885325364,51.41693982589659,25.064248312581523,54.55157550221792,20.384176185200552,False,-0.3188801557316987,GULF_OF_LION
587,2011-03-28,1276.890375,1168.219893005815,182.5345059619658,-73.8640239677809,51.41693982589659,25.064248312581523,54.55157550221792,20.384176185200552,False,-0.3188801557316987,GULF_OF_LION
588,2011-04-04,1269.7191428571427,1156.0679601982583,188.47362674150733,-74.82244408262292,51.41693982589659,25.064248312581523,54.55157550221792,20.384176185200552,False,-0.3188801557316987,GULF_OF_LION
589,2011-04-12,1010.395625,1145.4880684759532,51.02571568284095,-186.11815915879416,51.41693982589659,25.064248312581523,54.55157550221792,20.384176185200552,False,-0.3188801557316987,GULF_OF_LION
590,2011-04-20,754.6877499999999,1136.5312729677005,-178.92150836609034,-202.9220146016102,51.41693982589659,25.064248312581523,54.55157550221792,20.384176185200552,False,-0.3188801557316987,GULF_OF_LION
591,2011-04-28,658.8671666666667,1129.2111107283563,-125.68909363673474,-344.6548504249549,51.41693982589659,25.064248312581523,54.55157550221792,20.384176185200552,False,-0.3188801557316987,GULF_OF_LION
592,2011-05-04,644.2965,1123.507597189204,-99.54346017545058,-379.6676370137534,51.41693982589659,25.064248312581523,54.55157550221792,20.384176185200552,False,-0.3188801557316987,GULF_OF_LION
593,2011-05-12,612.79275,1119.3876901621647,-131.33993876523917,-375.2550013969257,51.41693982589659,25.064248312581523,54.55157550221792,20.384176185200552,False,-0.3188801557316987,GULF_OF_LION
594,2011-05-20,562.128375,1116.8197521702882,-176.6460518176176,-378.0453253526706,51.41693982589659,25.064248312581523,54.55157550221792,20.384176185200552,False,-0.3188801557316987,GULF_OF_LION
595,2011-05-28,562.128375,1115.758789953951,-183.686066421092,-369.9443485328591,51.41693982589659,25.064248312581523,54.55157550221792,20.384176185200552,False,-0.3188801557316987,GULF_OF_LION
596,2011-06-04,871.79225,1116.1481229357903,79.90141920934873,-324.25729214513905,51.41693982589659,25.064248312581523,54.55157550221792,20.384176185200552,False,-0.3188801557316987,GULF_OF_LION
597,2011-06-12,900.45825,1117.9194095989883,22.52900420221188,-239.9901638012001,51.41693982589659,25.064248312581523,54.55157550221792,20.384176185200552,False,-0.3188801557316987,GULF_OF_LION
598,2011-06-20,887.0588333333334,1121.0005553035094,-83.70284853338897,-150.238873436787,51.41693982589659,25.064248312581523,54.55157550221792,20.384176185200552,False,-0.3188801557316987,GULF_OF_LION
599,2011-06-28,887.0588333333334,1125.319988315492,-207.8598317827461,-30.40132319941236,51.41693982589659,25.064248312581523,54.55157550221792,20.384176185200552,False,-0.3188801557316987,GULF_OF_LION
600,2011-07-04,887.0588333333334,1130.793588278382,-240.22335992855628,-3.511395016492344,51.41693982589659,25.064248312581523,54.55157550221792,20.384176185200552,False,-0.3188801557316987,GULF_OF_LION
601,2011-07-12,901.52525,1137.3232285804731,-355.626355263674,119.82837668320082,51.41693982589659,25.064248312581523,54.55157550221792,20.384176185200552,False,-0.3188801557316987,GULF_OF_LION
602,2011-07-20,1047.5964285714283,1144.8067415647697,-457.6256780991024,360.4153651057614,51.41693982589659,25.064248312581523,54.55157550221792,20.384176185200552,False,-0.3188801557316987,GULF_OF_LION
603,2011-07-28,1047.5964285714283,1153.1430326265722,-492.0143727198795,386.4677686647358,51.41693982589659,25.064248312581523,54.55157550221792,20.384176185200552,False,-0.3188801557316987,GULF_OF_LION
604,2011-08-04,879.7697499999999,1162.232034458917,-603.7734317408878,321.31114728197065,51.41693982589659,25.064248312581523,54.55157550221792,20.384176185200552,False,-0.3188801557316987,GULF_OF_LION
605,2011-08-12,860.936125,1171.9771284120543,-640.7516783407062,329.71067492865166,51.41693982589659,25.064248312581523,54.55157550221792,20.384176185200552,False,-0.3188801557316987,GULF_OF_LION
606,2011-08-20,875.3788571428571,1182.284523337297,-635.8564864953806,328.9508203009407,51.41693982589659,25.064248312581523,54.55157550221792,20.384176185200552,False,-0.3188801557316987,GULF_OF_LION
607,2011-08-28,875.3788571428571,1193.0590412698753,-571.6189714648789,253.93878733786076,51.41693982589659,25.064248312581523,54.55157550221792,20.384176185200552,False,-0.3188801557316987,GULF_OF_LION
608,2011-09-04,875.3788571428571,1204.2032746066652,-588.4595188594741,259.635101395666,51.41693982589659,25.064248312581523,54.55157550221792,20.384176185200552,False,-0.3188801557316987,GULF_OF_LION
609,2011-09-12,881.5995,1215.6200399210773,-588.7060113339076,254.68547141283037,51.41693982589659,25.064248312581523,54.55157550221792,20.384176185200552,False,-0.3188801557316987,GULF_OF_LION
610,2011-09-20,798.119625,1227.2133411160803,-646.401896603552,217.30818048747176,51.41693982589659,25.064248312581523,54.55157550221792,20.384176185200552,False,-0.3188801557316987,GULF_OF_LION
611,2011-09-28,695.029,1238.8903479892197,-621.3161779120064,77.45482992278676,51.41693982589659,25.064248312581523,54.55157550221792,20.384176185200552,False,-0.3188801557316987,GULF_OF_LION
612,2011-10-04,695.029,1250.5554344910545,-496.8407521108413,-58.68568238021294,51.41693982589659,25.064248312581523,54.55157550221792,20.384176185200552,False,-0.3188801557316987,GULF_OF_LION
613,2011-10-12,832.581625,1262.1049886744322,-513.85132728339,84.32796360895782,51.41693982589659,25.064248312581523,54.55157550221792,20.384176185200552,False,-0.3188801557316987,GULF_OF_LION
614,2011-10-20,832.581625,1273.4430423472957,-524.2365795647272,83.37516221743158,51.41693982589659,25.064248312581523,54.55157550221792,20.384176185200552,False,-0.3188801557316987,GULF_OF_LION
615,2011-10-28,832.581625,1284.4943302959498,-412.9183601831775,-38.99434511277229,51.41693982589659,25.064248312581523,54.55157550221792,20.384176185200552,False,-0.3188801557316987,GULF_OF_LION
616,2011-11-04,1576.192375,1295.2107407400251,161.95160449619573,119.03002976377924,51.41693982589659,25.064248312581523,54.55157550221792,20.384176185200552,False,-0.3188801557316987,GULF_OF_LION
617,2011-11-12,1576.192375,1305.5760174737995,203.66211369482923,66.95424383137131,51.41693982589659,25.064248312581523,54.55157550221792,20.384176185200552,False,-0.3188801557316987,GULF_OF_LION
618,2011-11-20,1078.531875,1315.5988534853643,196.2528359712057,-433.31981445656993,51.41693982589659,25.064248312581523,54.55157550221792,20.384176185200552,False,-0.3188801557316987,GULF_OF_LION
619,2011-11-28,1078.531875,1325.2880190656608,280.79250637067514,-527.5486504363358,51.41693982589659,25.064248312581523,54.55157550221792,20.384176185200552,False,-0.3188801557316987,GULF_OF_LION
620,2011-12-04,1313.063875,1334.6543412436863,382.8840728177837,-404.47453906147,51.41693982589659,25.064248312581523,54.55157550221792,20.384176185200552,False,-0.3188801557316987,GULF_OF_LION
621,2011-12-12,2144.009,1343.708306023316,1055.7424267093843,-255.4417327327003,51.41693982589659,25.064248312581523,54.55157550221792,20.384176185200552,False,-0.3188801557316987,GULF_OF_LION
622,2011-12-20,2191.6172857142856,1352.465908534852,1234.6295670851996,-395.47818990576593,51.41693982589659,25.064248312581523,54.55157550221792,20.384176185200552,False,-0.3188801557316987,GULF_OF_LION
623,2011-12-28,2818.668125,1360.9489930609202,1532.0864884844225,-74.36735654534255,51.41693982589659,25.064248312581523,54.55157550221792,20.384176185200552,False,-0.3188801557316987,GULF_OF_LION
624,2012-01-04,2978.5055,1369.1965186300606,1318.767884887484,290.5410964824555,51.41693982589659,25.064248312581523,54.55157550221792,20.384176185200552,False,-0.3188801557316987,GULF_OF_LION
625,2012-01-12,2978.5055,1377.2715933125592,993.3340181995014,607.8998884879396,51.41693982589659,25.064248312581523,54.55157550221792,20.384176185200552,False,-0.3188801557316987,GULF_OF_LION
626,2012-01-20,2440.423,1385.2716067456045,680.0265272999561,375.1248659544392,51.41693982589659,25.064248312581523,54.55157550221792,20.384176185200552,False,-0.3188801557316987,GULF_OF_LION
627,2012-01-28,2129.058625,1393.3060408023798,422.02311756660407,313.72946663101624,51.41693982589659,25.064248312581523,54.55157550221792,20.384176185200552,False,-0.3188801557316987,GULF_OF_LION
628,2012-02-04,1629.084875,1401.4945174459383,274.2770199276362,-46.686662373574734,51.41693982589659,25.064248312581523,54.55157550221792,20.384176185200552,False,-0.3188801557316987,GULF_OF_LION
629,2012-02-12,1251.17375,1409.9362773720218,83.11178806339231,-241.87431543541416,51.41693982589659,25.064248312581523,54.55157550221792,20.384176185200552,False,-0.3188801557316987,GULF_OF_LION
630,2012-02-20,1009.131125,1418.7210570592986,-265.6274887135423,-143.9624433457563,51.41693982589659,25.064248312581523,54.55157550221792,20.384176185200552,False,-0.3188801557316987,GULF_OF_LION
631,2012-02-28,1009.131125,1427.94525919448,-374.5710892916905,-44.24304490278956,51.41693982589659,25.064248312581523,54.55157550221792,20.384176185200552,False,-0.3188801557316987,GULF_OF_LION
632,2012-03-04,914.808625,1437.710906488019,-403.6523457300388,-119.2499357579802,51.41693982589659,25.064248312581523,54.55157550221792,20.384176185200552,False,-0.3188801557316987,GULF_OF_LION
633,2012-03-12,1014.98275,1448.1244414438595,-192.64475527256167,-240.49693617129796,51.41693982589659,25.064248312581523,54.55157550221792,20.384176185200552,False,-0.3188801557316987,GULF_OF_LION
634,2012-03-20,918.169,1459.2777355286923,-151.63751844422885,-389.4712170844636,51.41693982589659,25.064248312581523,54.55157550221792,20.384176185200552,False,-0.3188801557316987,GULF_OF_LION
635,2012-03-28,1140.297875,1471.2413338943584,-84.63131973606393,-246.31213915829449,51.41693982589659,25.064248312581523,54.55157550221792,20.384176185200552,False,-0.3188801557316987,GULF_OF_LION
636,2012-04-04,1191.42975,1484.052381929249,-50.19767902264387,-242.42495290660503,51.41693982589659,25.064248312581523,54.55157550221792,20.384176185200552,False,-0.3188801557316987,GULF_OF_LION
637,2012-04-12,1627.3065,1497.7079727240998,96.10261684409409,33.49591043180601,51.41693982589659,25.064248312581523,54.55157550221792,20.384176185200552,False,-0.3188801557316987,GULF_OF_LION
638,2012-04-20,1872.215625,1512.1819523965487,155.04747414627963,204.9861984571717,51.41693982589659,25.064248312581523,54.55157550221792,20.384176185200552,False,-0.3188801557316987,GULF_OF_LION
639,2012-04-28,2292.3798333333334,1527.4241972110017,423.0231503249874,341.9324857973443,51.41693982589659,25.064248312581523,54.55157550221792,20.384176185200552,False,-0.3188801557316987,GULF_OF_LION
640,2012-05-04,2292.3798333333334,1543.362851339669,518.5483933529201,230.4685886407442,51.41693982589659,25.064248312581523,54.55157550221792,20.384176185200552,False,-0.3188801557316987,GULF_OF_LION
641,2012-05-12,2253.95475,1559.8989886677189,729.8073331419127,-35.75157180963174,51.41693982589659,25.064248312581523,54.55157550221792,20.384176185200552,False,-0.3188801557316987,GULF_OF_LION
642,2012-05-20,2253.95475,1576.9016543322937,461.5261176471727,215.52697802053348,51.41693982589659,25.064248312581523,54.55157550221792,20.384176185200552,False,-0.3188801557316987,GULF_OF_LION
643,2012-05-28,2253.95475,1594.2389405274828,446.1702831172205,213.5455263552966,51.41693982589659,25.064248312581523,54.55157550221792,20.384176185200552,False,-0.3188801557316987,GULF_OF_LION
644,2012-06-04,2366.2858571428574,1611.7842120428445,416.97458650128505,337.5270585987278,51.41693982589659,25.064248312581523,54.55157550221792,20.384176185200552,False,-0.3188801557316987,GULF_OF_LION
645,2012-06-12,1944.830875,1629.4316522784018,122.87557267357158,192.52365004802675,51.41693982589659,25.064248312581523,54.55157550221792,20.384176185200552,False,-0.3188801557316987,GULF_OF_LION
646,2012-06-20,1573.28175,1647.1017178863283,-70.83635088707528,-2.9836169992531296,51.41693982589659,25.064248312581523,54.55157550221792,20.384176185200552,False,-0.3188801557316987,GULF_OF_LION
647,2012-06-28,1573.28175,1664.7400702596374,-274.1274044738162,182.66908421417892,51.41693982589659,25.064248312581523,54.55157550221792,20.384176185200552,False,-0.3188801557316987,GULF_OF_LION
648,2012-07-04,1516.6546666666666,1682.3318803447455,-311.49187677204606,145.81466309396689,51.41693982589659,25.064248312581523,54.55157550221792,20.384176185200552,False,-0.3188801557316987,GULF_OF_LION
649,2012-07-12,1192.152625,1699.8985915754986,-512.3705725714299,4.624605995931233,51.41693982589659,25.064248312581523,54.55157550221792,20.384176185200552,False,-0.3188801557316987,GULF_OF_LION
650,2012-07-20,869.983142857143,1717.4959428184409,-641.4546102384053,-206.0581897228924,51.41693982589659,25.064248312581523,54.55157550221792,20.384176185200552,False,-0.3188801557316987,GULF_OF_LION
651,2012-07-28,814.829375,1735.2077129562151,-658.3404175252018,-262.0379204310133,51.41693982589659,25.064248312581523,54.55157550221792,20.384176185200552,False,-0.3188801557316987,GULF_OF_LION
652,2012-08-04,802.814625,1753.135016489105,-719.0072090247957,-231.31318246430945,51.41693982589659,25.064248312581523,54.55157550221792,20.384176185200552,False,-0.3188801557316987,GULF_OF_LION
653,2012-08-12,672.65275,1771.381759759213,-870.5325780938965,-228.1964316653166,51.41693982589659,25.064248312581523,54.55157550221792,20.384176185200552,False,-0.3188801557316987,GULF_OF_LION
654,2012-08-20,672.65275,1790.0463898843163,-972.3108583912664,-145.0827814930501,51.41693982589659,25.064248312581523,54.55157550221792,20.384176185200552,False,-0.3188801557316987,GULF_OF_LION
655,2012-08-28,725.807125,1809.2227502649357,-961.6449137953836,-121.77071146955154,51.41693982589659,25.064248312581523,54.55157550221792,20.384176185200552,False,-0.3188801557316987,GULF_OF_LION
656,2012-09-04,725.807125,1828.9930051115189,-973.3601427701548,-129.82573734136395,51.41693982589659,25.064248312581523,54.55157550221792,20.384176185200552,False,-0.3188801557316987,GULF_OF_LION
657,2012-09-12,707.305375,1849.4206521975077,-918.8997871156096,-223.215490081898,51.41693982589659,25.064248312581523,54.55157550221792,20.384176185200552,False,-0.3188801557316987,GULF_OF_LION
658,2012-09-20,707.305375,1870.54506444966,-950.4873246435952,-212.75236480606495,51.41693982589659,25.064248312581523,54.55157550221792,20.384176185200552,False,-0.3188801557316987,GULF_OF_LION
659,2012-09-28,1150.86075,1892.381384398707,-740.4373571729266,-1.0832772257804208,51.41693982589659,25.064248312581523,54.55157550221792,20.384176185200552,False,-0.3188801557316987,GULF_OF_LION
660,2012-10-04,1701.2818333333332,1914.921195893963,-476.7733696122701,263.1340070516404,51.41693982589659,25.064248312581523,54.55157550221792,20.384176185200552,False,-0.3188801557316987,GULF_OF_LION
661,2012-10-12,1453.325875,1938.136377616376,-519.2108808474635,34.40037823108753,51.41693982589659,25.064248312581523,54.55157550221792,20.384176185200552,False,-0.3188801557316987,GULF_OF_LION
662,2012-10-20,1453.325875,1961.9785664856445,-306.6529847850935,-201.99970670055097,51.41693982589659,25.064248312581523,54.55157550221792,20.384176185200552,False,-0.3188801557316987,GULF_OF_LION
663,2012-10-28,1453.325875,1986.3696475208,-301.9389651894278,-231.10480733137229,51.41693982589659,25.064248312581523,54.55157550221792,20.384176185200552,False,-0.3188801557316987,GULF_OF_LION
664,2012-11-04,1971.3325,2011.2005437304367,217.79361405079,-257.6616577812267,51.41693982589659,25.064248312581523,54.55157550221792,20.384176185200552,False,-0.3188801557316987,GULF_OF_LION
665,2012-11-12,1971.3325,2036.3468588710327,203.3348525699648,-268.3492114409976,51.41693982589659,25.064248312581523,54.55157550221792,20.384176185200552,False,-0.3188801557316987,GULF_OF_LION
666,2012-11-20,3021.732,2061.676942627392,457.8766375553117,502.1784198172969,51.41693982589659,25.064248312581523,54.55157550221792,20.384176185200552,False,-0.3188801557316987,GULF_OF_LION
667,2012-11-28,3021.732,2087.061447517652,374.0048796507476,560.6656728316007,51.41693982589659,25.064248312581523,54.55157550221792,20.384176185200552,False,-0.3188801557316987,GULF_OF_LION
668,2012-12-04,3021.732,2112.3682822851824,240.83788505536023,668.5258326594573,51.41693982589659,25.064248312581523,54.55157550221792,20.384176185200552,False,-0.3188801557316987,GULF_OF_LION
669,2012-12-12,3163.098625,2137.483234652404,513.6900481023138,511.9253422452828,51.41693982589659,25.064248312581523,54.55157550221792,20.384176185200552,False,-0.3188801557316987,GULF_OF_LION
670,2012-12-20,3755.7072857142857,2162.3134227922715,920.717944511282,672.6759184107322,51.41693982589659,25.064248312581523,54.55157550221792,20.384176185200552,False,-0.3188801557316987,GULF_OF_LION
671,2012-12-28,3755.7072857142857,2186.775537108686,1545.3649413469454,23.566807258654308,51.41693982589659,25.064248312581523,54.55157550221792,20.384176185200552,False,-0.3188801557316987,GULF_OF_LION
672,2013-01-04,2683.423375,2210.7609038303203,1045.0513925734906,-572.3889214038111,51.41693982589659,25.064248312581523,54.55157550221792,20.384176185200552,False,-0.3188801557316987,GULF_OF_LION
673,2013-01-12,2406.877625,2234.146591730521,958.545642543532,-785.8146092740528,51.41693982589659,25.064248312581523,54.55157550221792,20.384176185200552,False,-0.3188801557316987,GULF_OF_LION
674,2013-01-20,2230.090285714286,2256.793302460188,483.9628701033171,-510.6658868492191,51.41693982589659,25.064248312581523,54.55157550221792,20.384176185200552,False,-0.3188801557316987,GULF_OF_LION
675,2013-01-28,2406.877625,2278.5589767956,487.0294981502352,-358.7108499458349,51.41693982589659,25.064248312581523,54.55157550221792,20.384176185200552,False,-0.3188801557316987,GULF_OF_LION
676,2013-02-04,3125.431875,2299.2896688372352,709.4223530308011,116.71985313196387,51.41693982589659,25.064248312581523,54.55157550221792,20.384176185200552,False,-0.3188801557316987,GULF_OF_LION
677,2013-02-12,3125.431875,2318.827118186181,739.5969123808668,67.00784443295242,51.41693982589659,25.064248312581523,54.55157550221792,20.384176185200552,False,-0.3188801557316987,GULF_OF_LION
678,2013-02-20,2206.636125,2336.997494002166,212.6510438707641,-343.01241287293027,51.41693982589659,25.064248312581523,54.55157550221792,20.384176185200552,False,-0.3188801557316987,GULF_OF_LION
679,2013-02-28,1687.737125,2353.6193227597705,-199.68707302738537,-466.195124732385,51.41693982589659,25.064248312581523,54.55157550221792,20.384176185200552,False,-0.3188801557316987,GULF_OF_LION
680,2013-03-04,1687.737125,2368.525713938033,-242.5553235011118,-438.2332654369209,51.41693982589659,25.064248312581523,54.55157550221792,20.384176185200552,False,-0.3188801557316987,GULF_OF_LION
681,2013-03-12,2190.9555,2381.566106843888,-182.9698730640989,-7.64073377978869,51.41693982589659,25.064248312581523,54.55157550221792,20.384176185200552,False,-0.3188801557316987,GULF_OF_LION
682,2013-03-20,2544.4765,2392.6200089818085,-43.34597965843045,195.2024706766217,51.41693982589659,25.064248312581523,54.55157550221792,20.384176185200552,False,-0.3188801557316987,GULF_OF_LION
683,2013-03-28,2544.4765,2401.5983980501514,8.903821097045334,133.974280852803,51.41693982589659,25.064248312581523,54.55157550221792,20.384176185200552,False,-0.3188801557316987,GULF_OF_LION
684,2013-04-04,2608.16925,2408.44667527764,4.457691332709201,195.26488338965092,51.41693982589659,25.064248312581523,54.55157550221792,20.384176185200552,False,-0.3188801557316987,GULF_OF_LION
685,2013-04-12,2608.16925,2413.15563464335,74.37232513825484,120.64129021839516,51.41693982589659,25.064248312581523,54.55157550221792,20.384176185200552,False,-0.3188801557316987,GULF_OF_LION
686,2013-04-20,2646.26725,2415.758292500325,89.36331468999562,141.14564280967943,51.41693982589659,25.064248312581523,54.55157550221792,20.384176185200552,False,-0.3188801557316987,GULF_OF_LION
687,2013-04-28,3015.3581666666664,2416.33451168266,372.24459519501903,226.77905978898747,51.41693982589659,25.064248312581523,54.55157550221792,20.384176185200552,False,-0.3188801557316987,GULF_OF_LION
688,2013-05-04,3447.0460000000003,2415.003152522801,562.6683923351153,469.3744551420836,51.41693982589659,25.064248312581523,54.55157550221792,20.384176185200552,False,-0.3188801557316987,GULF_OF_LION
689,2013-05-12,4430.74925,2411.918028926925,1055.761141712985,963.0700793600896,51.41693982589659,25.064248312581523,54.55157550221792,20.384176185200552,False,-0.3188801557316987,GULF_OF_LION
690,2013-05-20,3447.0460000000003,2407.257763995812,555.3873042982852,484.4009317059033,51.41693982589659,25.064248312581523,54.55157550221792,20.384176185200552,False,-0.3188801557316987,GULF_OF_LION
691,2013-05-28,3428.036714285714,2401.2021837233306,541.7936814520941,485.0408491102893,51.41693982589659,25.064248312581523,54.55157550221792,20.384176185200552,False,-0.3188801557316987,GULF_OF_LION
692,2013-06-04,2802.142,2393.933785280154,182.4763333406109,225.73188137923484,51.41693982589659,25.064248312581523,54.55157550221792,20.384176185200552,False,-0.3188801557316987,GULF_OF_LION
693,2013-06-12,2438.326,2385.6260924499143,-106.5104991778948,159.21040672798057,51.41693982589659,25.064248312581523,54.55157550221792,20.384176185200552,False,-0.3188801557316987,GULF_OF_LION
694,2013-06-20,2410.962,2376.4411089657488,-191.53943289659304,226.06032393084428,51.41693982589659,25.064248312581523,54.55157550221792,20.384176185200552,False,-0.3188801557316987,GULF_OF_LION
695,2013-06-28,1611.9371666666666,2366.5194330157237,-579.447104539319,-175.13516180973772,51.41693982589659,25.064248312581523,54.55157550221792,20.384176185200552,False,-0.3188801557316987,GULF_OF_LION
696,2013-07-04,1591.603875,2355.972652605243,-533.1304962289939,-231.23828137624923,51.41693982589659,25.064248312581523,54.55157550221792,20.384176185200552,False,-0.3188801557316987,GULF_OF_LION
697,2013-07-12,1436.7595,2344.8883011197318,-524.3168013962337,-383.8119997234975,51.41693982589659,25.064248312581523,54.55157550221792,20.384176185200552,False,-0.3188801557316987,GULF_OF_LION
698,2013-07-20,1436.7595,2333.310164263398,-547.1399162903731,-349.4107479730246,51.41693982589659,25.064248312581523,54.55157550221792,20.384176185200552,False,-0.3188801557316987,GULF_OF_LION
699,2013-07-28,1502.803875,2321.240694797176,-538.2476639035157,-280.18915589365963,51.41693982589659,25.064248312581523,54.55157550221792,20.384176185200552,False,-0.3188801557316987,GULF_OF_LION
700,2013-08-04,1502.803875,2308.6538706321408,-543.4856694941836,-262.36432613795705,51.41693982589659,25.064248312581523,54.55157550221792,20.384176185200552,False,-0.3188801557316987,GULF_OF_LION
701,2013-08-12,1252.63275,2295.510322714809,-834.0485812424906,-208.8289914723182,51.41693982589659,25.064248312581523,54.55157550221792,20.384176185200552,False,-0.3188801557316987,GULF_OF_LION
702,2013-08-20,910.9901428571428,2281.774160650999,-1091.10474892226,-279.6792688715959,51.41693982589659,25.064248312581523,54.55157550221792,20.384176185200552,False,-0.3188801557316987,GULF_OF_LION
703,2013-08-28,908.536625,2267.418488327133,-1137.095094943923,-221.78676838321007,51.41693982589659,25.064248312581523,54.55157550221792,20.384176185200552,False,-0.3188801557316987,GULF_OF_LION
704,2013-09-04,910.9901428571428,2252.4308402644965,-1206.5403668346764,-134.90033057267715,51.41693982589659,25.064248312581523,54.55157550221792,20.384176185200552,False,-0.3188801557316987,GULF_OF_LION
705,2013-09-12,1203.363375,2236.815170458597,-1072.650324760291,39.198529301693725,51.41693982589659,25.064248312581523,54.55157550221792,20.384176185200552,False,-0.3188801557316987,GULF_OF_LION
706,2013-09-20,1203.363375,2220.596515754058,-1046.5544288269489,29.32128807289064,51.41693982589659,25.064248312581523,54.55157550221792,20.384176185200552,False,-0.3188801557316987,GULF_OF_LION
707,2013-09-28,1307.126375,2203.816039335325,-883.3517735141003,-13.337890821224732,51.41693982589659,25.064248312581523,54.55157550221792,20.384176185200552,False,-0.3188801557316987,GULF_OF_LION
708,2013-10-04,1307.126375,2186.5344838317824,-743.9477336079924,-135.46037522378992,51.41693982589659,25.064248312581523,54.55157550221792,20.384176185200552,False,-0.3188801557316987,GULF_OF_LION
709,2013-10-12,1537.6065,2168.831050715654,-601.5884449126523,-29.63610580300144,51.41693982589659,25.064248312581523,54.55157550221792,20.384176185200552,False,-0.3188801557316987,GULF_OF_LION
710,2013-10-20,2425.121125,2150.790125633092,-150.37777512292627,424.7087744898344,51.41693982589659,25.064248312581523,54.55157550221792,20.384176185200552,False,-0.3188801557316987,GULF_OF_LION
711,2013-10-28,2480.4757142857147,2132.4955999683616,-112.54160056307072,460.5217148804239,51.41693982589659,25.064248312581523,54.55157550221792,20.384176185200552,False,-0.3188801557316987,GULF_OF_LION
712,2013-11-04,2821.3185000000003,2114.034058095836,577.7760509357124,129.50839096845198,51.41693982589659,25.064248312581523,54.55157550221792,20.384176185200552,False,-0.3188801557316987,GULF_OF_LION
713,2013-11-12,2821.3185000000003,2095.479740576659,688.1998159303307,37.63894349301063,51.41693982589659,25.064248312581523,54.55157550221792,20.384176185200552,False,-0.3188801557316987,GULF_OF_LION
714,2013-11-20,2296.698375,2076.898033894918,703.8344986773869,-484.0341575723052,51.41693982589659,25.064248312581523,54.55157550221792,20.384176185200552,False,-0.3188801557316987,GULF_OF_LION
715,2013-11-28,2011.8866666666663,2058.3542908223408,501.8117275973256,-548.2793517529999,51.41693982589659,25.064248312581523,54.55157550221792,20.384176185200552,False,-0.3188801557316987,GULF_OF_LION
716,2013-12-04,1281.181,2039.9306710479532,-52.525688244516914,-706.2239828034365,51.41693982589659,25.064248312581523,54.55157550221792,20.384176185200552,False,-0.3188801557316987,GULF_OF_LION
717,2013-12-12,1281.181,2021.7080286925277,-2.7213836254285866,-737.8056450670988,51.41693982589659,25.064248312581523,54.55157550221792,20.384176185200552,False,-0.3188801557316987,GULF_OF_LION
718,2013-12-20,1702.626625,2003.757784240999,241.2360423719024,-542.3672016129012,51.41693982589659,25.064248312581523,54.55157550221792,20.384176185200552,False,-0.3188801557316987,GULF_OF_LION
719,2013-12-28,3596.016,1986.142549603097,1244.096699622173,365.7767507747301,51.41693982589659,25.064248312581523,54.55157550221792,20.384176185200552,False,-0.3188801557316987,GULF_OF_LION
720,2014-01-04,3596.016,1968.92346201158,982.5810863670634,644.511451621357,51.41693982589659,25.064248312581523,54.55157550221792,20.384176185200552,False,-0.3188801557316987,GULF_OF_LION
721,2014-01-12,3831.056125,1952.1408309151675,1071.8739245643326,807.0413695205,51.41693982589659,25.064248312581523,54.55157550221792,20.384176185200552,False,-0.3188801557316987,GULF_OF_LION
722,2014-01-20,2864.8685,1935.828132243858,589.0651441243922,339.9752236317497,51.41693982589659,25.064248312581523,54.55157550221792,20.384176185200552,False,-0.3188801557316987,GULF_OF_LION
723,2014-01-28,2880.20275,1920.0170360745672,742.1863391426767,217.99937478275604,51.41693982589659,25.064248312581523,54.55157550221792,20.384176185200552,False,-0.3188801557316987,GULF_OF_LION
724,2014-02-04,2880.20275,1904.7429500920816,817.4489964922416,158.0108034156765,51.41693982589659,25.064248312581523,54.55157550221792,20.384176185200552,False,-0.3188801557316987,GULF_OF_LION
725,2014-02-12,3421.150625,1890.0548892011325,1090.4097374653354,440.6859983335321,51.41693982589659,25.064248312581523,54.55157550221792,20.384176185200552,False,-0.3188801557316987,GULF_OF_LION
726,2014-02-20,3421.150625,1876.015234113844,859.851601436403,685.283789449753,51.41693982589659,25.064248312581523,54.55157550221792,20.384176185200552,False,-0.3188801557316987,GULF_OF_LION
727,2014-02-28,2827.34675,1862.6756478514903,470.7241045640303,493.9469975844791,51.41693982589659,25.064248312581523,54.55157550221792,20.384176185200552,False,-0.3188801557316987,GULF_OF_LION
728,2014-03-04,2761.915875,1850.063546918972,439.06600958549416,472.786318495534,51.41693982589659,25.064248312581523,54.55157550221792,20.384176185200552,False,-0.3188801557316987,GULF_OF_LION
729,2014-03-12,1904.858375,1838.1990355434352,27.98804813819487,38.67129131836992,51.41693982589659,25.064248312581523,54.55157550221792,20.384176185200552,False,-0.3188801557316987,GULF_OF_LION
730,2014-03-20,1868.1452857142856,1827.105290710972,43.86554045940858,-2.825545456094744,51.41693982589659,25.064248312581523,54.55157550221792,20.384176185200552,False,-0.3188801557316987,GULF_OF_LION
731,2014-03-28,1868.1452857142856,1816.8111494316072,45.44327756863368,5.890858714044725,51.41693982589659,25.064248312581523,54.55157550221792,20.384176185200552,False,-0.3188801557316987,GULF_OF_LION
732,2014-04-04,1675.3,1807.341745887248,-30.252742030399972,-101.78900385684804,51.41693982589659,25.064248312581523,54.55157550221792,20.384176185200552,False,-0.3188801557316987,GULF_OF_LION
733,2014-04-12,1522.4215,1798.7162425140268,-120.64859072472557,-155.6461517893013,51.41693982589659,25.064248312581523,54.55157550221792,20.384176185200552,False,-0.3188801557316987,GULF_OF_LION
734,2014-04-20,1279.547125,1790.9548778535109,-225.5458276910984,-285.86192516241243,51.41693982589659,25.064248312581523,54.55157550221792,20.384176185200552,False,-0.3188801557316987,GULF_OF_LION
735,2014-04-28,1279.547125,1784.0797988070865,-51.94612589441981,-452.5865479126664,51.41693982589659,25.064248312581523,54.55157550221792,20.384176185200552,False,-0.3188801557316987,GULF_OF_LION
736,2014-05-04,1210.385,1778.1150881752787,164.30905190261737,-732.0391400778961,51.41693982589659,25.064248312581523,54.55157550221792,20.384176185200552,False,-0.3188801557316987,GULF_OF_LION
737,2014-05-12,1295.67025,1773.0783002618389,458.746579087018,-936.1546293488568,51.41693982589659,25.064248312581523,54.55157550221792,20.384176185200552,False,-0.3188801557316987,GULF_OF_LION
738,2014-05-20,1295.67025,1768.9853334395866,31.201813506338624,-504.5168969459251,51.41693982589659,25.064248312581523,54.55157550221792,20.384176185200552,False,-0.3188801557316987,GULF_OF_LION
739,2014-05-28,1295.67025,1765.8571990646708,-124.23546927241472,-345.95147979225595,51.41693982589659,25.064248312581523,54.55157550221792,20.384176185200552,False,-0.3188801557316987,GULF_OF_LION
740,2014-06-04,989.282125,1763.7029415906902,-426.2654342080014,-348.15538238268886,51.41693982589659,25.064248312581523,54.55157550221792,20.384176185200552,False,-0.3188801557316987,GULF_OF_LION
741,2014-06-12,945.156125,1762.526704633242,-453.58422621812167,-363.7863534151203,51.41693982589659,25.064248312581523,54.55157550221792,20.384176185200552,False,-0.3188801557316987,GULF_OF_LION
742,2014-06-20,976.7315,1762.3134858548954,-431.5140515571312,-354.0679342977642,51.41693982589659,25.064248312581523,54.55157550221792,20.384176185200552,False,-0.3188801557316987,GULF_OF_LION
743,2014-06-28,976.7315,1763.0297743651422,-694.3848578973427,-91.9134164677995,51.41693982589659,25.064248312581523,54.55157550221792,20.384176185200552,False,-0.3188801557316987,GULF_OF_LION
744,2014-07-04,1238.20575,1764.6239956311151,-548.9977897657469,22.579544134631877,51.41693982589659,25.064248312581523,54.55157550221792,20.384176185200552,False,-0.3188801557316987,GULF_OF_LION
745,2014-07-12,1903.72525,1767.0128966825391,-286.5863295199149,423.2986828373758,51.41693982589659,25.064248312581523,54.55157550221792,20.384176185200552,False,-0.3188801557316987,GULF_OF_LION
746,2014-07-20,2137.632571428572,1770.1013507879788,-165.49916890836792,533.0303895489608,51.41693982589659,25.064248312581523,54.55157550221792,20.384176185200552,False,-0.3188801557316987,GULF_OF_LION
747,2014-07-28,2105.19025,1773.7835674615926,-160.91559453996362,492.3222770783712,51.41693982589659,25.064248312581523,54.55157550221792,20.384176185200552,False,-0.3188801557316987,GULF_OF_LION
748,2014-08-04,2105.19025,1777.9484841387064,-156.6557221684455,483.8974880297392,51.41693982589659,25.064248312581523,54.55157550221792,20.384176185200552,False,-0.3188801557316987,GULF_OF_LION
749,2014-08-12,1586.179125,1782.4794491656858,-462.51687541535,266.2165512496641,51.41693982589659,25.064248312581523,54.55157550221792,20.384176185200552,False,-0.3188801557316987,GULF_OF_LION
750,2014-08-20,1276.33575,1787.2460402650293,-693.1136889088692,182.20339864383996,51.41693982589659,25.064248312581523,54.55157550221792,20.384176185200552,False,-0.3188801557316987,GULF_OF_LION
751,2014-08-28,1092.556,1792.1053806473756,-792.5030465856395,92.95366593826397,51.41693982589659,25.064248312581523,54.55157550221792,20.384176185200552,False,-0.3188801557316987,GULF_OF_LION
752,2014-09-04,859.74725,1796.9047775693518,-897.6614904371859,-39.49603713216595,51.41693982589659,25.064248312581523,54.55157550221792,20.384176185200552,False,-0.3188801557316987,GULF_OF_LION
753,2014-09-12,859.74725,1801.4884825500897,-699.7670908005676,-241.974141749522,51.41693982589659,25.064248312581523,54.55157550221792,20.384176185200552,False,-0.3188801557316987,GULF_OF_LION
754,2014-09-20,969.9183333333334,1805.693633445079,-644.736522836202,-191.03877727554368,51.41693982589659,25.064248312581523,54.55157550221792,20.384176185200552,False,-0.3188801557316987,GULF_OF_LION
755,2014-09-28,969.9183333333334,1809.3570226481916,-620.9651873262239,-218.473501988634,51.41693982589659,25.064248312581523,54.55157550221792,20.384176185200552,False,-0.3188801557316987,GULF_OF_LION
756,2014-10-04,969.9183333333334,1812.314601593552,-637.5626696430614,-204.83359861715732,51.41693982589659,25.064248312581523,54.55157550221792,20.384176185200552,False,-0.3188801557316987,GULF_OF_LION
757,2014-10-12,1309.007375,1814.4079194651704,-410.1539075920313,-95.24663687313893,51.41693982589659,25.064248312581523,54.55157550221792,20.384176185200552,False,-0.3188801557316987,GULF_OF_LION
758,2014-10-20,1309.007375,1815.495019617924,-190.24231953339293,-316.2453250845306,51.41693982589659,25.064248312581523,54.55157550221792,20.384176185200552,False,-0.3188801557316987,GULF_OF_LION
759,2014-10-28,1309.007375,1815.458010792562,-210.4548835552869,-295.9957522372749,51.41693982589659,25.064248312581523,54.55157550221792,20.384176185200552,False,-0.3188801557316987,GULF_OF_LION
760,2014-11-04,2824.926625,1814.2040118791124,630.1339335127191,380.58867960816815,51.41693982589659,25.064248312581523,54.55157550221792,20.384176185200552,False,-0.3188801557316987,GULF_OF_LION
761,2014-11-12,3212.13475,1811.657869752224,808.6203773615729,591.8565028862032,51.41693982589659,25.064248312581523,54.55157550221792,20.384176185200552,False,-0.3188801557316987,GULF_OF_LION
762,2014-11-20,3212.13475,1807.757093738986,680.5067346820439,723.8709215789703,51.41693982589659,25.064248312581523,54.55157550221792,20.384176185200552,False,-0.3188801557316987,GULF_OF_LION
763,2014-11-28,2907.888166666666,1802.466075894666,461.382921324646,644.039169447354,51.41693982589659,25.064248312581523,54.55157550221792,20.384176185200552,False,-0.3188801557316987,GULF_OF_LION
764,2014-12-04,2081.47825,1795.762664377167,-146.9019599083913,432.6175455312243,51.41693982589659,25.064248312581523,54.55157550221792,20.384176185200552,False,-0.3188801557316987,GULF_OF_LION
765,2014-12-12,2081.47825,1787.6315620435516,-193.14379565748288,486.99048361393136,51.41693982589659,25.064248312581523,54.55157550221792,20.384176185200552,False,-0.3188801557316987,GULF_OF_LION
766,2014-12-20,1578.90525,1778.072537373349,-362.9080611005946,163.74077372724565,51.41693982589659,25.064248312581523,54.55157550221792,20.384176185200552,False,-0.3188801557316987,GULF_OF_LION
767,2014-12-28,1769.499875,1767.1125346157974,201.86452777159337,-199.4771873873908,51.41693982589659,25.064248312581523,54.55157550221792,20.384176185200552,False,-0.3188801557316987,GULF_OF_LION
768,2015-01-04,1769.499875,1754.8200481982233,349.7109219820021,-335.0310951802254,51.41693982589659,25.064248312581523,54.55157550221792,20.384176185200552,False,-0.3188801557316987,GULF_OF_LION
769,2015-01-12,1919.968,1741.301585969329,612.860184574909,-434.1937705442381,51.41693982589659,25.064248312581523,54.55157550221792,20.384176185200552,False,-0.3188801557316987,GULF_OF_LION
770,2015-01-20,2099.8838571428573,1726.670409284141,470.0953369282756,-96.88188906955928,51.41693982589659,25.064248312581523,54.55157550221792,20.384176185200552,False,-0.3188801557316987,GULF_OF_LION
771,2015-01-28,2511.571,1711.042333372896,690.3292297139952,110.1994369131088,51.41693982589659,25.064248312581523,54.55157550221792,20.384176185200552,False,-0.3188801557316987,GULF_OF_LION
772,2015-02-04,2099.8838571428573,1694.531328452776,688.308893944113,-282.95636525403177,51.41693982589659,25.064248312581523,54.55157550221792,20.384176185200552,False,-0.3188801557316987,GULF_OF_LION
773,2015-02-12,2114.233,1677.255742660544,870.5750945317461,-433.59783719228994,51.41693982589659,25.064248312581523,54.55157550221792,20.384176185200552,False,-0.3188801557316987,GULF_OF_LION
774,2015-02-20,2114.233,1659.3447532903303,878.0856225256512,-423.1973758159813,51.41693982589659,25.064248312581523,54.55157550221792,20.384176185200552,False,-0.3188801557316987,GULF_OF_LION
775,2015-02-28,2265.039,1640.9371571253732,772.3185937531109,-148.2167508784844,51.41693982589659,25.064248312581523,54.55157550221792,20.384176185200552,False,-0.3188801557316987,GULF_OF_LION
776,2015-03-04,2265.039,1622.176999686961,750.3869401595193,-107.52493984648048,51.41693982589659,25.064248312581523,54.55157550221792,20.384176185200552,False,-0.3188801557316987,GULF_OF_LION
777,2015-03-12,1827.527375,1603.209963351006,291.2303163381226,-66.91290468912854,51.41693982589659,25.064248312581523,54.55157550221792,20.384176185200552,False,-0.3188801557316987,GULF_OF_LION
778,2015-03-20,1609.9504285714286,1584.1788143343238,-64.37782333493264,90.14943757203746,51.41693982589659,25.064248312581523,54.55157550221792,20.384176185200552,False,-0.3188801557316987,GULF_OF_LION
779,2015-03-28,1609.9504285714286,1565.2260926774006,-60.81617967949278,105.54051557352072,51.41693982589659,25.064248312581523,54.55157550221792,20.384176185200552,False,-0.3188801557316987,GULF_OF_LION
780,2015-04-04,1609.9504285714286,1546.497209622099,-3.9760932640274618,67.42931221335701,51.41693982589659,25.064248312581523,54.55157550221792,20.384176185200552,False,-0.3188801557316987,GULF_OF_LION
781,2015-04-12,1531.78025,1528.1222708123078,-21.970610511076277,25.628589698768536,51.41693982589659,25.064248312581523,54.55157550221792,20.384176185200552,False,-0.3188801557316987,GULF_OF_LION
782,2015-04-20,1531.78025,1510.2040638906974,22.96362183377348,-1.3874357244708548,51.41693982589659,25.064248312581523,54.55157550221792,20.384176185200552,False,-0.3188801557316987,GULF_OF_LION
783,2015-04-28,1817.8901666666668,1492.813290765473,176.84347677107056,148.23339913012316,51.41693982589659,25.064248312581523,54.55157550221792,20.384176185200552,False,-0.3188801557316987,GULF_OF_LION
784,2015-05-04,2355.486625,1475.9935330363994,383.45161008431336,496.0414818792872,51.41693982589659,25.064248312581523,54.55157550221792,20.384176185200552,False,-0.3188801557316987,GULF_OF_LION
785,2015-05-12,2355.486625,1459.7786209942012,423.2848053576238,472.423198648175,51.41693982589659,25.064248312581523,54.55157550221792,20.384176185200552,False,-0.3188801557316987,GULF_OF_LION
786,2015-05-20,1604.028,1444.1973079202598,63.489932140466045,96.34075993927414,51.41693982589659,25.064248312581523,54.55157550221792,20.384176185200552,False,-0.3188801557316987,GULF_OF_LION
787,2015-05-28,971.4691428571429,1429.2782810175383,-236.2418442521596,-221.56729390823588,51.41693982589659,25.064248312581523,54.55157550221792,20.384176185200552,False,-0.3188801557316987,GULF_OF_LION
788,2015-06-04,971.4691428571429,1415.0593411748453,-205.5293463761108,-238.0608519415916,51.41693982589659,25.064248312581523,54.55157550221792,20.384176185200552,False,-0.3188801557316987,GULF_OF_LION
789,2015-06-12,1280.141125,1401.5710290529742,12.373501563280117,-133.8034056162544,51.41693982589659,25.064248312581523,54.55157550221792,20.384176185200552,False,-0.3188801557316987,GULF_OF_LION
790,2015-06-20,1280.141125,1388.8358943056292,-36.2842571047464,-72.41051220088289,51.41693982589659,25.064248312581523,54.55157550221792,20.384176185200552,False,-0.3188801557316987,GULF_OF_LION
791,2015-06-28,942.4698333333334,1376.8807909267953,-276.81784182178563,-157.5931157716762,51.41693982589659,25.064248312581523,54.55157550221792,20.384176185200552,False,-0.3188801557316987,GULF_OF_LION
792,2015-07-04,937.521,1365.747819009678,-391.6605676320789,-36.56625137759926,51.41693982589659,25.064248312581523,54.55157550221792,20.384176185200552,False,-0.3188801557316987,GULF_OF_LION
793,2015-07-12,753.374375,1355.5135303308946,-382.1126764234941,-220.02647890740047,51.41693982589659,25.064248312581523,54.55157550221792,20.384176185200552,False,-0.3188801557316987,GULF_OF_LION
794,2015-07-20,734.9927142857143,1346.282365303342,-364.8110455624957,-246.478605455132,51.41693982589659,25.064248312581523,54.55157550221792,20.384176185200552,False,-0.3188801557316987,GULF_OF_LION
795,2015-07-28,734.9927142857143,1338.1838189940877,-377.14026951286,-226.0508351955134,51.41693982589659,25.064248312581523,54.55157550221792,20.384176185200552,False,-0.3188801557316987,GULF_OF_LION
796,2015-08-04,734.9927142857143,1331.3525887779974,-390.9378651989414,-205.4220092933417,51.41693982589659,25.064248312581523,54.55157550221792,20.384176185200552,False,-0.3188801557316987,GULF_OF_LION
797,2015-08-12,776.18975,1325.9168161181592,-562.3217802303683,12.59471411220909,51.41693982589659,25.064248312581523,54.55157550221792,20.384176185200552,False,-0.3188801557316987,GULF_OF_LION
798,2015-08-20,798.261125,1321.994486937307,-620.2384691904069,96.5051072530996,51.41693982589659,25.064248312581523,54.55157550221792,20.384176185200552,False,-0.3188801557316987,GULF_OF_LION
799,2015-08-28,776.18975,1319.681581289264,-664.6106522061839,121.11882091691996,51.41693982589659,25.064248312581523,54.55157550221792,20.384176185200552,False,-0.3188801557316987,GULF_OF_LION
800,2015-09-04,837.0437142857144,1319.0507829149135,-671.1020226650262,189.09495403582685,51.41693982589659,25.064248312581523,54.55157550221792,20.384176185200552,False,-0.3188801557316987,GULF_OF_LION
801,2015-09-12,1353.561125,1320.1475935120322,-414.213930570696,447.6274620586637,51.41693982589659,25.064248312581523,54.55157550221792,20.384176185200552,False,-0.3188801557316987,GULF_OF_LION
802,2015-09-20,1353.561125,1322.9931446664498,-387.9968742115066,418.5648545450568,51.41693982589659,25.064248312581523,54.55157550221792,20.384176185200552,False,-0.3188801557316987,GULF_OF_LION
803,2015-09-28,1329.8513750000002,1327.585000147451,-410.3443546381882,412.6107294907375,51.41693982589659,25.064248312581523,54.55157550221792,20.384176185200552,False,-0.3188801557316987,GULF_OF_LION
804,2015-10-04,1254.060375,1333.9049888804811,-446.4801573671747,366.6355434866936,51.41693982589659,25.064248312581523,54.55157550221792,20.384176185200552,False,-0.3188801557316987,GULF_OF_LION
805,2015-10-12,1254.060375,1341.9171682841722,-291.23341489688056,203.37662161270836,51.41693982589659,25.064248312581523,54.55157550221792,20.384176185200552,False,-0.3188801557316987,GULF_OF_LION
806,2015-10-20,1254.060375,1351.5670690584896,-291.10270726612055,193.59601320763105,51.41693982589659,25.064248312581523,54.55157550221792,20.384176185200552,False,-0.3188801557316987,GULF_OF_LION
807,2015-10-28,1130.47725,1362.7870566242773,-336.301284807046,103.99147818276856,51.41693982589659,25.064248312581523,54.55157550221792,20.384176185200552,False,-0.3188801557316987,GULF_OF_LION
808,2015-11-04,1130.47725,1375.4956507674274,72.59203984874337,-317.6104406161708,51.41693982589659,25.064248312581523,54.55157550221792,20.384176185200552,False,-0.3188801557316987,GULF_OF_LION
809,2015-11-12,1067.560375,1389.6134584593667,253.352319297778,-575.4054027571447,51.41693982589659,25.064248312581523,54.55157550221792,20.384176185200552,False,-0.3188801557316987,GULF_OF_LION
810,2015-11-20,1067.560375,1405.067427173109,649.9916718796369,-987.498724052746,51.41693982589659,25.064248312581523,54.55157550221792,20.384176185200552,False,-0.3188801557316987,GULF_OF_LION
811,2015-11-28,1067.560375,1421.7448131017045,566.5918397897562,-920.7762778914608,51.41693982589659,25.064248312581523,54.55157550221792,20.384176185200552,False,-0.3188801557316987,GULF_OF_LION
812,2015-12-04,1007.819375,1439.495856842534,-98.11984334818756,-333.5566384943465,51.41693982589659,25.064248312581523,54.55157550221792,20.384176185200552,False,-0.3188801557316987,GULF_OF_LION
813,2015-12-12,835.5338750000001,1458.163917753178,-297.80682357903163,-324.8232191741462,51.41693982589659,25.064248312581523,54.55157550221792,20.384176185200552,False,-0.3188801557316987,GULF_OF_LION
814,2015-12-20,758.8365,1477.594670047503,-495.4288829322903,-223.3292871152128,51.41693982589659,25.064248312581523,54.55157550221792,20.384176185200552,False,-0.3188801557316987,GULF_OF_LION
815,2015-12-28,758.8365,1497.6338990805968,-528.9092469414398,-209.888152139157,51.41693982589659,25.064248312581523,54.55157550221792,20.384176185200552,False,-0.3188801557316987,GULF_OF_LION
816,2016-01-04,1354.523875,1518.11880816877,-237.5854706295472,73.99053746077738,51.41693982589659,25.064248312581523,54.55157550221792,20.384176185200552,False,-0.3188801557316987,GULF_OF_LION
817,2016-01-12,1852.482875,1538.895648097727,95.78541879067896,217.801808111594,51.41693982589659,25.064248312581523,54.55157550221792,20.384176185200552,False,-0.3188801557316987,GULF_OF_LION
818,2016-01-20,1852.482875,1559.8235747651458,179.1257765688212,113.53352366603286,51.41693982589659,25.064248312581523,54.55157550221792,20.384176185200552,False,-0.3188801557316987,GULF_OF_LION
819,2016-01-28,1852.482875,1580.7706385323336,299.04997071389647,-27.337734246230127,51.41693982589659,25.064248312581523,54.55157550221792,20.384176185200552,False,-0.3188801557316987,GULF_OF_LION
820,2016-02-04,2622.350125,1601.6155351078642,784.1966242672554,236.5379656248804,51.41693982589659,25.064248312581523,54.55157550221792,20.384176185200552,False,-0.3188801557316987,GULF_OF_LION
821,2016-02-12,2739.9835000000003,1622.2242200980334,850.0396541855021,267.71962571646486,51.41693982589659,25.064248312581523,54.55157550221792,20.384176185200552,False,-0.3188801557316987,GULF_OF_LION
822,2016-02-20,2739.9835000000003,1642.432958188992,635.5556884355946,461.99485337541375,51.41693982589659,25.064248312581523,54.55157550221792,20.384176185200552,False,-0.3188801557316987,GULF_OF_LION
823,2016-02-28,2587.132,1662.0760512053996,598.537733592049,326.51821520255146,51.41693982589659,25.064248312581523,54.55157550221792,20.384176185200552,False,-0.3188801557316987,GULF_OF_LION
824,2016-03-04,2547.715,1680.9979551735385,867.9543726993595,-1.2373278728982768,51.41693982589659,25.064248312581523,54.55157550221792,20.384176185200552,False,-0.3188801557316987,GULF_OF_LION
825,2016-03-12,2431.493125,1699.0365419466189,702.1903012280063,30.26628182537479,51.41693982589659,25.064248312581523,54.55157550221792,20.384176185200552,False,-0.3188801557316987,GULF_OF_LION
826,2016-03-20,1469.977875,1716.0276473313393,91.12427712715998,-337.1740494584992,51.41693982589659,25.064248312581523,54.55157550221792,20.384176185200552,False,-0.3188801557316987,GULF_OF_LION
827,2016-03-28,1469.977875,1731.8072155955388,33.63398624916535,-295.46332684470406,51.41693982589659,25.064248312581523,54.55157550221792,20.384176185200552,False,-0.3188801557316987,GULF_OF_LION
828,2016-04-04,1873.1275,1746.2177325492366,119.66417835440824,7.245589096355161,51.41693982589659,25.064248312581523,54.55157550221792,20.384176185200552,False,-0.3188801557316987,GULF_OF_LION
829,2016-04-12,2089.424,1759.118052923233,143.02713358856985,187.27881348819704,51.41693982589659,25.064248312581523,54.55157550221792,20.384176185200552,False,-0.3188801557316987,GULF_OF_LION
830,2016-04-20,2478.9045,1770.3890859416067,342.6332252953228,365.8821887630706,51.41693982589659,25.064248312581523,54.55157550221792,20.384176185200552,False,-0.3188801557316987,GULF_OF_LION
831,2016-04-28,2478.9045,1779.9304734580369,424.2343105870352,274.739715954928,51.41693982589659,25.064248312581523,54.55157550221792,20.384176185200552,False,-0.3188801557316987,GULF_OF_LION
832,2016-05-04,2236.999375,1787.660455743973,552.0147804306011,-102.67586117457428,51.41693982589659,25.064248312581523,54.55157550221792,20.384176185200552,False,-0.3188801557316987,GULF_OF_LION
833,2016-05-12,2230.961375,1793.5081956178174,586.0504286004085,-148.597249218226,51.41693982589659,25.064248312581523,54.55157550221792,20.384176185200552,False,-0.3188801557316987,GULF_OF_LION
834,2016-05-20,2236.999375,1797.4108225389766,405.9358119949583,33.65274046606493,51.41693982589659,25.064248312581523,54.55157550221792,20.384176185200552,False,-0.3188801557316987,GULF_OF_LION
835,2016-05-28,2273.843857142857,1799.2983646976247,257.577555256738,216.9679371884942,51.41693982589659,25.064248312581523,54.55157550221792,20.384176185200552,False,-0.3188801557316987,GULF_OF_LION
836,2016-06-04,2678.157375,1799.092070577892,432.6243259445566,446.44097847755125,51.41693982589659,25.064248312581523,54.55157550221792,20.384176185200552,False,-0.3188801557316987,GULF_OF_LION
837,2016-06-12,2943.887,1796.7240863085167,614.901548480912,532.2613652105711,51.41693982589659,25.064248312581523,54.55157550221792,20.384176185200552,False,-0.3188801557316987,GULF_OF_LION
838,2016-06-20,2678.157375,1792.1523183689708,451.1177541612688,434.8873024697602,51.41693982589659,25.064248312581523,54.55157550221792,20.384176185200552,False,-0.3188801557316987,GULF_OF_LION
839,2016-06-28,2326.305666666666,1785.3532267250423,176.5062474282151,364.446192513409,51.41693982589659,25.064248312581523,54.55157550221792,20.384176185200552,False,-0.3188801557316987,GULF_OF_LION
840,2016-07-04,1531.8695,1776.3121875856082,-257.4832226443034,13.04053505869524,51.41693982589659,25.064248312581523,54.55157550221792,20.384176185200552,False,-0.3188801557316987,GULF_OF_LION
841,2016-07-12,1198.7955,1765.017536495166,-510.29057306248495,-55.93146343268114,51.41693982589659,25.064248312581523,54.55157550221792,20.384176185200552,False,-0.3188801557316987,GULF_OF_LION
842,2016-07-20,1009.824375,1751.4665548665998,-610.87273088334,-130.76944898325996,51.41693982589659,25.064248312581523,54.55157550221792,20.384176185200552,False,-0.3188801557316987,GULF_OF_LION
843,2016-07-28,937.9951428571428,1735.6636948540586,-630.6457462846672,-167.02280571224856,51.41693982589659,25.064248312581523,54.55157550221792,20.384176185200552,False,-0.3188801557316987,GULF_OF_LION
844,2016-08-04,845.00875,1717.631037875013,-668.7274453926127,-203.89484248240024,51.41693982589659,25.064248312581523,54.55157550221792,20.384176185200552,False,-0.3188801557316987,GULF_OF_LION
845,2016-08-12,574.9327499999999,1697.4151914545023,-793.0447438630225,-329.43769759148006,51.41693982589659,25.064248312581523,54.55157550221792,20.384176185200552,False,-0.3188801557316987,GULF_OF_LION
846,2016-08-20,574.9327499999999,1675.0913960768814,-806.1753497031974,-293.9832963736841,51.41693982589659,25.064248312581523,54.55157550221792,20.384176185200552,False,-0.3188801557316987,GULF_OF_LION
847,2016-08-28,586.1595,1650.771530710522,-810.525895577363,-254.08613513315905,51.41693982589659,25.064248312581523,54.55157550221792,20.384176185200552,False,-0.3188801557316987,GULF_OF_LION
848,2016-09-04,648.3408571428571,1624.599842371598,-759.3696341803702,-216.8893510483707,51.41693982589659,25.064248312581523,54.55157550221792,20.384176185200552,False,-0.3188801557316987,GULF_OF_LION
849,2016-09-12,645.48675,1596.75239681828,-639.5655813008782,-311.7000655174017,51.41693982589659,25.064248312581523,54.55157550221792,20.384176185200552,False,-0.3188801557316987,GULF_OF_LION
850,2016-09-20,645.48675,1567.437022431507,-646.5374335527343,-275.41283887877273,51.41693982589659,25.064248312581523,54.55157550221792,20.384176185200552,False,-0.3188801557316987,GULF_OF_LION
851,2016-09-28,596.6918333333333,1536.8890316678478,-684.4146982352179,-255.7825000992966,51.41693982589659,25.064248312581523,54.55157550221792,20.384176185200552,False,-0.3188801557316987,GULF_OF_LION
852,2016-10-04,596.6918333333333,1505.355207274347,-721.6167037788242,-187.0466701621898,51.41693982589659,25.064248312581523,54.55157550221792,20.384176185200552,False,-0.3188801557316987,GULF_OF_LION
853,2016-10-12,875.648625,1473.0884605243498,-582.0520267532404,-15.387808771109349,51.41693982589659,25.064248312581523,54.55157550221792,20.384176185200552,False,-0.3188801557316987,GULF_OF_LION
854,2016-10-20,882.6733750000001,1440.3412304118497,-574.6739089336099,17.00605352176035,51.41693982589659,25.064248312581523,54.55157550221792,20.384176185200552,False,-0.3188801557316987,GULF_OF_LION
855,2016-10-28,960.45825,1407.359107294289,-556.078692577931,109.17783528364193,51.41693982589659,25.064248312581523,54.55157550221792,20.384176185200552,False,-0.3188801557316987,GULF_OF_LION
856,2016-11-04,1086.8544285714286,1374.3771649724176,-468.76994730052354,181.24721089953448,51.41693982589659,25.064248312581523,54.55157550221792,20.384176185200552,False,-0.3188801557316987,GULF_OF_LION
857,2016-11-12,1553.477125,1341.6159290300775,-173.7694449091846,385.6306408791068,51.41693982589659,25.064248312581523,54.55157550221792,20.384176185200552,False,-0.3188801557316987,GULF_OF_LION
858,2016-11-20,3154.00875,1309.2707635325712,644.9517323439353,1199.7862541234936,51.41693982589659,25.064248312581523,54.55157550221792,20.384176185200552,False,-0.3188801557316987,GULF_OF_LION
859,2016-11-28,3154.00875,1277.533584936678,646.2734975232651,1230.2016675400569,51.41693982589659,25.064248312581523,54.55157550221792,20.384176185200552,False,-0.3188801557316987,GULF_OF_LION
860,2016-12-04,1483.991875,1246.594825649713,-166.54272686103934,403.9397762113266,51.41693982589659,25.064248312581523,54.55157550221792,20.384176185200552,False,-0.3188801557316987,GULF_OF_LION
861,2016-12-12,1078.392125,1216.641389942199,-172.50783546609352,34.25857052389449,51.41693982589659,25.064248312581523,54.55157550221792,20.384176185200552,False,-0.3188801557316987,GULF_OF_LION
862,2016-12-20,987.414625,1187.8437307757335,-233.6475989467659,33.21849317103235,51.41693982589659,25.064248312581523,54.55157550221792,20.384176185200552,False,-0.3188801557316987,GULF_OF_LION
863,2016-12-28,701.791125,1160.3443931949496,-372.0630281295677,-86.4902400653819,51.41693982589659,25.064248312581523,54.55157550221792,20.384176185200552,False,-0.3188801557316987,GULF_OF_LION
864,2017-01-04,701.791125,1134.264906813558,93.06689854848142,-525.5406803620396,51.41693982589659,25.064248312581523,54.55157550221792,20.384176185200552,False,-0.3188801557316987,GULF_OF_LION
865,2017-01-12,892.657,1109.6820376175376,313.61281682853826,-530.6378544460758,51.41693982589659,25.064248312581523,54.55157550221792,20.384176185200552,False,-0.3188801557316987,GULF_OF_LION
866,2017-01-20,1035.5741428571428,1086.6479360269068,384.6555529235405,-435.72934609330457,51.41693982589659,25.064248312581523,54.55157550221792,20.384176185200552,False,-0.3188801557316987,GULF_OF_LION
867,2017-01-28,1089.001875,1065.1952529059556,441.9020985495839,-418.0954764555396,51.41693982589659,25.064248312581523,54.55157550221792,20.384176185200552,False,-0.3188801557316987,GULF_OF_LION
868,2017-02-04,1886.473875,1045.3408982203532,1031.2730455658666,-190.1400687862199,51.41693982589659,25.064248312581523,54.55157550221792,20.384176185200552,False,-0.3188801557316987,GULF_OF_LION
869,2017-02-12,1886.473875,1027.1056958106835,855.3442965441939,4.023882645122512,51.41693982589659,25.064248312581523,54.55157550221792,20.384176185200552,False,-0.3188801557316987,GULF_OF_LION
870,2017-02-20,1018.5155,1010.5377772709296,274.40422657935693,-266.42650385028657,51.41693982589659,25.064248312581523,54.55157550221792,20.384176185200552,False,-0.3188801557316987,GULF_OF_LION
871,2017-02-28,1018.5155,995.6984144161752,370.31484245356336,-347.4977568697387,51.41693982589659,25.064248312581523,54.55157550221792,20.384176185200552,False,-0.3188801557316987,GULF_OF_LION
872,2017-03-04,2171.85775,982.646489959974,936.5609414639536,252.65031857607244,51.41693982589659,25.064248312581523,54.55157550221792,20.384176185200552,False,-0.3188801557316987,GULF_OF_LION
873,2017-03-12,2171.85775,971.4370217457002,1088.600629157479,111.82009909682074,51.41693982589659,25.064248312581523,54.55157550221792,20.384176185200552,False,-0.3188801557316987,GULF_OF_LION
874,2017-03-20,1853.9172857142855,962.1088698984308,691.9065886043584,199.9018272114965,51.41693982589659,25.064248312581523,54.55157550221792,20.384176185200552,False,-0.3188801557316987,GULF_OF_LION
875,2017-03-28,1607.64325,954.6934230671228,476.25557845097904,176.69424848189823,51.41693982589659,25.064248312581523,54.55157550221792,20.384176185200552,False,-0.3188801557316987,GULF_OF_LION
876,2017-04-04,1128.3945,949.2160432695816,322.04989457930753,-142.87143784888897,51.41693982589659,25.064248312581523,54.55157550221792,20.384176185200552,False,-0.3188801557316987,GULF_OF_LION
877,2017-04-12,849.206375,945.7080424895892,239.8620509656422,-336.3637184552315,51.41693982589659,25.064248312581523,54.55157550221792,20.384176185200552,False,-0.3188801557316987,GULF_OF_LION
878,2017-04-20,849.206375,944.20958845754,172.19695887394437,-267.2001723314845,51.41693982589659,25.064248312581523,54.55157550221792,20.384176185200552,False,-0.3188801557316987,GULF_OF_LION
879,2017-04-28,871.6601666666667,944.77451306071,159.6836217652722,-232.7979681593154,51.41693982589659,25.064248312581523,54.55157550221792,20.384176185200552,False,-0.3188801557316987,GULF_OF_LION
880,2017-05-04,1298.929625,947.4630857972012,313.5453246489965,37.9212145538022,51.41693982589659,25.064248312581523,54.55157550221792,20.384176185200552,False,-0.3188801557316987,GULF_OF_LION
881,2017-05-12,1407.094125,952.336175319361,418.57284586263455,36.18510381800451,51.41693982589659,25.064248312581523,54.55157550221792,20.384176185200552,False,-0.3188801557316987,GULF_OF_LION
882,2017-05-20,1407.094125,959.4467512353162,423.472321370562,24.17505239412185,51.41693982589659,25.064248312581523,54.55157550221792,20.384176185200552,False,-0.3188801557316987,GULF_OF_LION
883,2017-05-28,1373.543875,968.8521039291196,445.8205758869712,-41.12880481609068,51.41693982589659,25.064248312581523,54.55157550221792,20.384176185200552,False,-0.3188801557316987,GULF_OF_LION
884,2017-06-04,1262.1992857142857,980.6115140319532,564.3873023668175,-282.79953068448515,51.41693982589659,25.064248312581523,54.55157550221792,20.384176185200552,False,-0.3188801557316987,GULF_OF_LION
885,2017-06-12,1148.643625,994.7748589439138,567.1369237376841,-413.2681576815981,51.41693982589659,25.064248312581523,54.55157550221792,20.384176185200552,False,-0.3188801557316987,GULF_OF_LION
886,2017-06-20,1034.439375,1011.3795463364092,250.59565901599944,-227.5358303524088,51.41693982589659,25.064248312581523,54.55157550221792,20.384176185200552,False,-0.3188801557316987,GULF_OF_LION
887,2017-06-28,986.3488333333332,1030.449996717158,0.5015159962520688,-44.60267938007672,51.41693982589659,25.064248312581523,54.55157550221792,20.384176185200552,False,-0.3188801557316987,GULF_OF_LION
888,2017-07-04,854.487625,1051.9902808606118,-318.6894455059873,121.18678964537548,51.41693982589659,25.064248312581523,54.55157550221792,20.384176185200552,False,-0.3188801557316987,GULF_OF_LION
889,2017-07-12,705.31975,1075.9776204003183,-545.1840848235911,174.5262144232728,51.41693982589659,25.064248312581523,54.55157550221792,20.384176185200552,False,-0.3188801557316987,GULF_OF_LION
890,2017-07-20,705.31975,1102.3540281189646,-603.1479251372822,206.1136470183176,51.41693982589659,25.064248312581523,54.55157550221792,20.384176185200552,False,-0.3188801557316987,GULF_OF_LION
891,2017-07-28,772.4851428571428,1131.0338728695028,-614.7402469600594,256.19151694769937,51.41693982589659,25.064248312581523,54.55157550221792,20.384176185200552,False,-0.3188801557316987,GULF_OF_LION
892,2017-08-04,810.28775,1161.9043948714686,-626.4301452707729,274.8135003993042,51.41693982589659,25.064248312581523,54.55157550221792,20.384176185200552,False,-0.3188801557316987,GULF_OF_LION
893,2017-08-12,810.28775,1194.8261602687865,-705.2215945544381,320.6831842856516,51.41693982589659,25.064248312581523,54.55157550221792,20.384176185200552,False,-0.3188801557316987,GULF_OF_LION
894,2017-08-20,708.5595714285715,1229.633762027363,-777.6856702039285,256.611479605137,51.41693982589659,25.064248312581523,54.55157550221792,20.384176185200552,False,-0.3188801557316987,GULF_OF_LION
895,2017-08-28,653.72925,1266.1377129183584,-845.345160592367,232.93669767400863,51.41693982589659,25.064248312581523,54.55157550221792,20.384176185200552,False,-0.3188801557316987,GULF_OF_LION
896,2017-09-04,653.72925,1304.133306044504,-829.6916656373209,179.2876095928168,51.41693982589659,25.064248312581523,54.55157550221792,20.384176185200552,False,-0.3188801557316987,GULF_OF_LION
897,2017-09-12,628.046,1343.3994656792556,-841.2036121858151,125.85014650655955,51.41693982589659,25.064248312581523,54.55157550221792,20.384176185200552,False,-0.3188801557316987,GULF_OF_LION
898,2017-09-20,628.046,1383.700395259471,-846.7507840172907,91.0963887578198,51.41693982589659,25.064248312581523,54.55157550221792,20.384176185200552,False,-0.3188801557316987,GULF_OF_LION
899,2017-09-28,628.046,1424.7888288315298,-869.0600680218761,72.3172391903463,51.41693982589659,25.064248312581523,54.55157550221792,20.384176185200552,False,-0.3188801557316987,GULF_OF_LION
900,2017-10-04,568.798625,1466.4157182122851,-904.838481824032,7.221388611746875,51.41693982589659,25.064248312581523,54.55157550221792,20.384176185200552,False,-0.3188801557316987,GULF_OF_LION
901,2017-10-12,568.798625,1508.3352720189946,-845.7999911253781,-93.73665589361644,51.41693982589659,25.064248312581523,54.55157550221792,20.384176185200552,False,-0.3188801557316987,GULF_OF_LION
902,2017-10-20,568.798625,1550.3142254758388,-776.790234814337,-204.72536566150177,51.41693982589659,25.064248312581523,54.55157550221792,20.384176185200552,False,-0.3188801557316987,GULF_OF_LION
903,2017-10-28,581.252125,1592.1385201188475,-741.4668233445306,-269.4195717743172,51.41693982589659,25.064248312581523,54.55157550221792,20.384176185200552,False,-0.3188801557316987,GULF_OF_LION
904,2017-11-04,645.86075,1633.614509877828,-484.9292818220569,-502.8244780557712,51.41693982589659,25.064248312581523,54.55157550221792,20.384176185200552,False,-0.3188801557316987,GULF_OF_LION
905,2017-11-12,929.184125,1674.5585582870358,-229.02382878821416,-516.3506044988217,51.41693982589659,25.064248312581523,54.55157550221792,20.384176185200552,False,-0.3188801557316987,GULF_OF_LION
906,2017-11-20,988.6415,1714.806290028841,229.13092138418287,-955.295711413024,51.41693982589659,25.064248312581523,54.55157550221792,20.384176185200552,False,-0.3188801557316987,GULF_OF_LION
907,2017-11-28,995.047125,1754.216535464551,239.39309723914727,-998.5625077036982,51.41693982589659,25.064248312581523,54.55157550221792,20.384176185200552,False,-0.3188801557316987,GULF_OF_LION
908,2017-12-04,1150.0666666666666,1792.668519891568,-101.95898772967672,-540.6428654952247,51.41693982589659,25.064248312581523,54.55157550221792,20.384176185200552,False,-0.3188801557316987,GULF_OF_LION
909,2017-12-12,2107.679125,1830.022907711095,285.94380119607086,-8.28758390716581,51.41693982589659,25.064248312581523,54.55157550221792,20.384176185200552,False,-0.3188801557316987,GULF_OF_LION
910,2017-12-20,2107.679125,1866.1148396476688,261.1196481379169,-19.555362785586,51.41693982589659,25.064248312581523,54.55157550221792,20.384176185200552,False,-0.3188801557316987,GULF_OF_LION
911,2017-12-28,2107.679125,1900.7760968542852,189.46090050415532,17.442127641559296,51.41693982589659,25.064248312581523,54.55157550221792,20.384176185200552,False,-0.3188801557316987,GULF_OF_LION
912,2018-01-04,3362.56125,1933.8412058253427,593.897033736557,834.8230104381005,51.41693982589659,25.064248312581523,54.55157550221792,20.384176185200552,False,-0.3188801557316987,GULF_OF_LION
913,2018-01-12,3362.56125,1965.152708480529,639.1500000374547,758.2585414820162,51.41693982589659,25.064248312581523,54.55157550221792,20.384176185200552,False,-0.3188801557316987,GULF_OF_LION
914,2018-01-20,3362.56125,1994.55047803788,701.5790935974969,666.4316783646232,51.41693982589659,25.064248312581523,54.55157550221792,20.384176185200552,False,-0.3188801557316987,GULF_OF_LION
915,2018-01-28,3489.638125,2021.885872142533,849.9742208071206,617.7780320503467,51.41693982589659,25.064248312581523,54.55157550221792,20.384176185200552,False,-0.3188801557316987,GULF_OF_LION
916,2018-02-04,3489.638125,2047.022394389389,1104.7948522884312,337.8208783221796,51.41693982589659,25.064248312581523,54.55157550221792,20.384176185200552,False,-0.3188801557316987,GULF_OF_LION
917,2018-02-12,2679.083625,2069.8371951568806,696.1380702635694,-86.89164042044979,51.41693982589659,25.064248312581523,54.55157550221792,20.384176185200552,False,-0.3188801557316987,GULF_OF_LION
918,2018-02-20,2101.776,2090.2181594171525,102.7334902289742,-91.17564964612684,51.41693982589659,25.064248312581523,54.55157550221792,20.384176185200552,False,-0.3188801557316987,GULF_OF_LION
919,2018-02-28,2644.251375,2108.059340173418,370.0718295303989,166.1202052961828,51.41693982589659,25.064248312581523,54.55157550221792,20.384176185200552,False,-0.3188801557316987,GULF_OF_LION
920,2018-03-04,2644.251375,2123.261451404067,656.9995546562275,-136.00963106029462,51.41693982589659,25.064248312581523,54.55157550221792,20.384176185200552,False,-0.3188801557316987,GULF_OF_LION
921,2018-03-12,3363.8343750000004,2135.7566379680943,1101.1779075652212,126.89982946668488,51.41693982589659,25.064248312581523,54.55157550221792,20.384176185200552,False,-0.3188801557316987,GULF_OF_LION
922,2018-03-20,3363.8343750000004,2145.5132980853214,1019.2648865370724,199.05619037760664,51.41693982589659,25.064248312581523,54.55157550221792,20.384176185200552,False,-0.3188801557316987,GULF_OF_LION
923,2018-03-28,2983.48525,2152.4992585394243,695.3816041544871,135.60438730608826,51.41693982589659,25.064248312581523,54.55157550221792,20.384176185200552,False,-0.3188801557316987,GULF_OF_LION
924,2018-04-04,2912.123375,2156.682601272972,464.4085867180062,291.0321870090223,51.41693982589659,25.064248312581523,54.55157550221792,20.384176185200552,False,-0.3188801557316987,GULF_OF_LION
925,2018-04-12,2912.123375,2158.030388968587,391.8118825728184,362.2811034585948,51.41693982589659,25.064248312581523,54.55157550221792,20.384176185200552,False,-0.3188801557316987,GULF_OF_LION
926,2018-04-20,2237.86425,2156.507265265688,49.29690284869501,32.06008188561738,51.41693982589659,25.064248312581523,54.55157550221792,20.384176185200552,False,-0.3188801557316987,GULF_OF_LION
927,2018-04-28,2132.1383333333333,2152.082271205144,3.749874333602719,-23.693812205412968,51.41693982589659,25.064248312581523,54.55157550221792,20.384176185200552,False,-0.3188801557316987,GULF_OF_LION
928,2018-05-04,2132.1383333333333,2144.740904230121,196.92131810962343,-209.5238890064116,51.41693982589659,25.064248312581523,54.55157550221792,20.384176185200552,False,-0.3188801557316987,GULF_OF_LION
929,2018-05-12,2344.8455,2134.484613109837,293.6957808464575,-83.33489395629465,51.41693982589659,25.064248312581523,54.55157550221792,20.384176185200552,False,-0.3188801557316987,GULF_OF_LION
930,2018-05-20,2344.8455,2121.339717241002,287.0003990665652,-63.49461630756713,51.41693982589659,25.064248312581523,54.55157550221792,20.384176185200552,False,-0.3188801557316987,GULF_OF_LION
931,2018-05-28,2436.267875,2105.3487299155145,235.64191043471965,95.27723464976587,51.41693982589659,25.064248312581523,54.55157550221792,20.384176185200552,False,-0.3188801557316987,GULF_OF_LION
932,2018-06-04,2720.5150000000003,2086.576047234554,340.4299987086192,293.508954056827,51.41693982589659,25.064248312581523,54.55157550221792,20.384176185200552,False,-0.3188801557316987,GULF_OF_LION
933,2018-06-12,2720.5150000000003,2065.108456089995,408.4222360225292,246.9843078874763,51.41693982589659,25.064248312581523,54.55157550221792,20.384176185200552,False,-0.3188801557316987,GULF_OF_LION
934,2018-06-20,1994.349125,2041.0474548418715,3.741459544197113,-50.43978938606867,51.41693982589659,25.064248312581523,54.55157550221792,20.384176185200552,False,-0.3188801557316987,GULF_OF_LION
935,2018-06-28,1492.6798333333334,2014.515021159212,-343.71771629277134,-178.1174715331075,51.41693982589659,25.064248312581523,54.55157550221792,20.384176185200552,False,-0.3188801557316987,GULF_OF_LION
936,2018-07-04,1325.547375,1985.663955747293,-485.460383791104,-174.65619695618904,51.41693982589659,25.064248312581523,54.55157550221792,20.384176185200552,False,-0.3188801557316987,GULF_OF_LION
937,2018-07-12,1093.183625,1954.677149757336,-735.5296078735078,-125.96391688382823,51.41693982589659,25.064248312581523,54.55157550221792,20.384176185200552,False,-0.3188801557316987,GULF_OF_LION
938,2018-07-20,1085.396375,1921.769702620045,-729.4110727312429,-106.96225488880214,51.41693982589659,25.064248312581523,54.55157550221792,20.384176185200552,False,-0.3188801557316987,GULF_OF_LION
939,2018-07-28,1015.5762857142856,1887.182377475277,-746.2926248483794,-125.31346691261194,51.41693982589659,25.064248312581523,54.55157550221792,20.384176185200552,False,-0.3188801557316987,GULF_OF_LION
940,2018-08-04,1015.5762857142856,1851.1786715542507,-731.3859833359313,-104.2164025040338,51.41693982589659,25.064248312581523,54.55157550221792,20.384176185200552,False,-0.3188801557316987,GULF_OF_LION
941,2018-08-12,976.66025,1814.040729587137,-743.4885150812858,-93.89196450585143,51.41693982589659,25.064248312581523,54.55157550221792,20.384176185200552,False,-0.3188801557316987,GULF_OF_LION
942,2018-08-20,886.6655,1776.0630185840994,-804.1123676075573,-85.28515097654213,51.41693982589659,25.064248312581523,54.55157550221792,20.384176185200552,False,-0.3188801557316987,GULF_OF_LION
943,2018-08-28,717.9955714285715,1737.546197673135,-899.6745514954806,-119.87607474908305,51.41693982589659,25.064248312581523,54.55157550221792,20.384176185200552,False,-0.3188801557316987,GULF_OF_LION
944,2018-09-04,717.9955714285715,1698.788959533756,-952.0768444586464,-28.716543646538295,51.41693982589659,25.064248312581523,54.55157550221792,20.384176185200552,False,-0.3188801557316987,GULF_OF_LION
945,2018-09-12,726.8340000000001,1660.0890014212223,-949.9588393780474,16.70383795682517,51.41693982589659,25.064248312581523,54.55157550221792,20.384176185200552,False,-0.3188801557316987,GULF_OF_LION
946,2018-09-20,731.2788333333333,1621.7374309741942,-926.8629108300536,36.40431318919252,51.41693982589659,25.064248312581523,54.55157550221792,20.384176185200552,False,-0.3188801557316987,GULF_OF_LION
947,2018-09-28,726.8340000000001,1584.0134819255145,-918.6284548932048,61.44897296769068,51.41693982589659,25.064248312581523,54.55157550221792,20.384176185200552,False,-0.3188801557316987,GULF_OF_LION
948,2018-10-04,731.2788333333333,1547.1811400638194,-920.1686875686546,104.26638083816852,51.41693982589659,25.064248312581523,54.55157550221792,20.384176185200552,False,-0.3188801557316987,GULF_OF_LION
949,2018-10-12,715.562,1511.4841352720296,-862.2710475627701,66.3489122907406,51.41693982589659,25.064248312581523,54.55157550221792,20.384176185200552,False,-0.3188801557316987,GULF_OF_LION
950,2018-10-20,1001.594375,1477.1352726734065,-504.62727485112816,29.086377177721715,51.41693982589659,25.064248312581523,54.55157550221792,20.384176185200552,False,-0.3188801557316987,GULF_OF_LION
951,2018-10-28,1045.6162857142858,1444.301441029933,-378.18104407025993,-20.504111245386923,51.41693982589659,25.064248312581523,54.55157550221792,20.384176185200552,False,-0.3188801557316987,GULF_OF_LION
952,2018-11-04,1823.199375,1413.102237133323,26.448810247850098,383.6483276188272,51.41693982589659,25.064248312581523,54.55157550221792,20.384176185200552,False,-0.3188801557316987,GULF_OF_LION
953,2018-11-12,1823.199375,1383.6228799217,166.97724816072864,272.5992469175716,51.41693982589659,25.064248312581523,54.55157550221792,20.384176185200552,False,-0.3188801557316987,GULF_OF_LION
954,2018-11-20,1946.402375,1355.90937971091,342.771726745099,247.7212685439908,51.41693982589659,25.064248312581523,54.55157550221792,20.384176185200552,False,-0.3188801557316987,GULF_OF_LION
955,2018-11-28,1982.375,1329.9765185854253,475.3837734759364,177.0147079386383,51.41693982589659,25.064248312581523,54.55157550221792,20.384176185200552,False,-0.3188801557316987,GULF_OF_LION
956,2018-12-04,1982.375,1305.8096900070466,521.6516235645709,154.91368642838256,51.41693982589659,25.064248312581523,54.55157550221792,20.384176185200552,False,-0.3188801557316987,GULF_OF_LION
957,2018-12-12,2033.015875,1283.3981719646476,859.7563367512262,-110.13863371587377,51.41693982589659,25.064248312581523,54.55157550221792,20.384176185200552,False,-0.3188801557316987,GULF_OF_LION
958,2018-12-20,2033.015875,1262.757166153213,969.9762101237468,-199.71750127695972,51.41693982589659,25.064248312581523,54.55157550221792,20.384176185200552,False,-0.3188801557316987,GULF_OF_LION
959,2018-12-28,2033.015875,1243.9228592870925,970.6943359952952,-181.60132028238763,51.41693982589659,25.064248312581523,54.55157550221792,20.384176185200552,False,-0.3188801557316987,GULF_OF_LION
960,2019-01-04,1145.333,1226.9413698032256,417.9846043212895,-499.59297412451497,51.41693982589659,25.064248312581523,54.55157550221792,20.384176185200552,False,-0.3188801557316987,GULF_OF_LION
961,2019-01-12,1145.333,1211.893971093042,234.688675107398,-301.2496462004399,51.41693982589659,25.064248312581523,54.55157550221792,20.384176185200552,False,-0.3188801557316987,GULF_OF_LION
962,2019-01-20,1262.277285714286,1198.908802937997,294.3469182826029,-230.9784355063141,51.41693982589659,25.064248312581523,54.55157550221792,20.384176185200552,False,-0.3188801557316987,GULF_OF_LION
963,2019-01-28,1559.391125,1188.1283756557723,512.1760786218143,-140.91332927758674,51.41693982589659,25.064248312581523,54.55157550221792,20.384176185200552,False,-0.3188801557316987,GULF_OF_LION
964,2019-02-04,1791.80325,1179.6985553786376,762.8229695400769,-150.71827491871454,51.41693982589659,25.064248312581523,54.55157550221792,20.384176185200552,False,-0.3188801557316987,GULF_OF_LION
965,2019-02-12,1791.80325,1173.7495944256498,562.2856524228688,55.768003151481366,51.41693982589659,25.064248312581523,54.55157550221792,20.384176185200552,False,-0.3188801557316987,GULF_OF_LION
966,2019-02-20,1457.17975,1170.3839452154632,185.80725659441052,100.98854819012628,51.41693982589659,25.064248312581523,54.55157550221792,20.384176185200552,False,-0.3188801557316987,GULF_OF_LION
967,2019-02-28,1457.17975,1169.6660039072278,321.4732303186821,-33.95948422590993,51.41693982589659,25.064248312581523,54.55157550221792,20.384176185200552,False,-0.3188801557316987,GULF_OF_LION
968,2019-03-04,1462.902375,1171.6329566042043,652.3923802996998,-361.1229619039042,51.41693982589659,25.064248312581523,54.55157550221792,20.384176185200552,False,-0.3188801557316987,GULF_OF_LION
969,2019-03-12,1809.21075,1176.2745045942884,1005.567577235188,-372.6313318294764,51.41693982589659,25.064248312581523,54.55157550221792,20.384176185200552,False,-0.3188801557316987,GULF_OF_LION
970,2019-03-20,1809.21075,1183.5358175917024,702.4119371618709,-76.73700475357339,51.41693982589659,25.064248312581523,54.55157550221792,20.384176185200552,False,-0.3188801557316987,GULF_OF_LION
971,2019-03-28,1531.319875,1193.3583422444208,311.91731486343406,26.044217892145294,51.41693982589659,25.064248312581523,54.55157550221792,20.384176185200552,False,-0.3188801557316987,GULF_OF_LION
972,2019-04-04,1240.996875,1205.6769039146009,89.40802747408733,-54.08805638868816,51.41693982589659,25.064248312581523,54.55157550221792,20.384176185200552,False,-0.3188801557316987,GULF_OF_LION
973,2019-04-12,1240.996875,1220.4146800164813,85.70834734310849,-65.12615235958971,51.41693982589659,25.064248312581523,54.55157550221792,20.384176185200552,False,-0.3188801557316987,GULF_OF_LION
974,2019-04-20,1240.996875,1237.482218584349,-85.18818726441388,88.70284368006484,51.41693982589659,25.064248312581523,54.55157550221792,20.384176185200552,False,-0.3188801557316987,GULF_OF_LION
975,2019-04-28,1283.834875,1256.7680062190814,-70.85108548085077,97.9179542617694,51.41693982589659,25.064248312581523,54.55157550221792,20.384176185200552,False,-0.3188801557316987,GULF_OF_LION
976,2019-05-04,1674.044,1278.13012169317,208.75306074533648,187.16081756149345,51.41693982589659,25.064248312581523,54.55157550221792,20.384176185200552,False,-0.3188801557316987,GULF_OF_LION
977,2019-05-12,1572.40425,1301.410660264172,214.88132238745024,56.11226734837774,51.41693982589659,25.064248312581523,54.55157550221792,20.384176185200552,False,-0.3188801557316987,GULF_OF_LION
978,2019-05-20,1572.40425,1326.4485033404046,209.30726980443453,36.64847685516091,51.41693982589659,25.064248312581523,54.55157550221792,20.384176185200552,False,-0.3188801557316987,GULF_OF_LION
979,2019-05-28,1236.1644285714283,1353.0850428923702,28.26041296305743,-145.18102728399913,51.41693982589659,25.064248312581523,54.55157550221792,20.384176185200552,False,-0.3188801557316987,GULF_OF_LION
980,2019-06-04,1236.1644285714283,1381.148608628913,91.0848680357282,-236.06904809321276,51.41693982589659,25.064248312581523,54.55157550221792,20.384176185200552,False,-0.3188801557316987,GULF_OF_LION
981,2019-06-12,1671.967,1410.4550408171349,301.7296070377896,-40.21764785492462,51.41693982589659,25.064248312581523,54.55157550221792,20.384176185200552,False,-0.3188801557316987,GULF_OF_LION
982,2019-06-20,1671.967,1440.807526455308,109.74252908451318,121.41694446017858,51.41693982589659,25.064248312581523,54.55157550221792,20.384176185200552,False,-0.3188801557316987,GULF_OF_LION
983,2019-06-28,1393.0608333333332,1471.9869353285485,-243.7698364857584,164.8437344905433,51.41693982589659,25.064248312581523,54.55157550221792,20.384176185200552,False,-0.3188801557316987,GULF_OF_LION
984,2019-07-04,1313.678625,1503.752259883959,-357.51739313728024,167.44375825332156,51.41693982589659,25.064248312581523,54.55157550221792,20.384176185200552,False,-0.3188801557316987,GULF_OF_LION
985,2019-07-12,898.132875,1535.852389978579,-657.2608745483244,19.54135956974551,51.41693982589659,25.064248312581523,54.55157550221792,20.384176185200552,False,-0.3188801557316987,GULF_OF_LION
986,2019-07-20,898.132875,1568.0372616776062,-683.6660924992469,13.761705821640705,51.41693982589659,25.064248312581523,54.55157550221792,20.384176185200552,False,-0.3188801557316987,GULF_OF_LION
987,2019-07-28,864.61125,1600.0604104304714,-720.6241633701904,-14.824997060280907,51.41693982589659,25.064248312581523,54.55157550221792,20.384176185200552,False,-0.3188801557316987,GULF_OF_LION
988,2019-08-04,849.56675,1631.6724315499937,-761.3977721279982,-20.70790942199528,51.41693982589659,25.064248312581523,54.55157550221792,20.384176185200552,False,-0.3188801557316987,GULF_OF_LION
989,2019-08-12,849.56675,1662.6232238048935,-799.8159067894916,-13.240567015402007,51.41693982589659,25.064248312581523,54.55157550221792,20.384176185200552,False,-0.3188801557316987,GULF_OF_LION
990,2019-08-20,876.1045714285714,1692.6670512965534,-817.5672455258474,1.0047656578653914,51.41693982589659,25.064248312581523,54.55157550221792,20.384176185200552,False,-0.3188801557316987,GULF_OF_LION
991,2019-08-28,876.1045714285714,1721.5605538649604,-861.6946204068645,16.23863797047545,51.41693982589659,25.064248312581523,54.55157550221792,20.384176185200552,False,-0.3188801557316987,GULF_OF_LION
992,2019-09-04,652.36025,1749.0674327275897,-983.5438119540069,-113.16337077358288,51.41693982589659,25.064248312581523,54.55157550221792,20.384176185200552,False,-0.3188801557316987,GULF_OF_LION
993,2019-09-12,652.36025,1774.962503507881,-974.2678291036116,-148.33442440426927,51.41693982589659,25.064248312581523,54.55157550221792,20.384176185200552,False,-0.3188801557316987,GULF_OF_LION
994,2019-09-20,706.1210000000001,1799.0398009146663,-927.9302392993563,-164.98856161530978,51.41693982589659,25.064248312581523,54.55157550221792,20.384176185200552,False,-0.3188801557316987,GULF_OF_LION
995,2019-09-28,706.1210000000001,1821.114030597989,-885.4928240646536,-229.50020653333536,51.41693982589659,25.064248312581523,54.55157550221792,20.384176185200552,False,-0.3188801557316987,GULF_OF_LION
996,2019-10-04,706.1210000000001,1841.0207601532777,-855.5034824917816,-279.396277661496,51.41693982589659,25.064248312581523,54.55157550221792,20.384176185200552,False,-0.3188801557316987,GULF_OF_LION
997,2019-10-12,928.398875,1858.6178072084529,-738.1688123093073,-192.05011989914533,51.41693982589659,25.064248312581523,54.55157550221792,20.384176185200552,False,-0.3188801557316987,GULF_OF_LION
998,2019-10-20,1756.525,1873.7897416983024,-243.8130043240688,126.54826262576628,51.41693982589659,25.064248312581523,54.55157550221792,20.384176185200552,False,-0.3188801557316987,GULF_OF_LION
999,2019-10-28,2141.414625,1886.4554710987868,14.624872529862111,240.33428137135095,51.41693982589659,25.064248312581523,54.55157550221792,20.384176185200552,False,-0.3188801557316987,GULF_OF_LION
1000,2019-11-04,2126.0595,1896.5723796755524,205.78979896662332,23.69732135782411,51.41693982589659,25.064248312581523,54.55157550221792,20.384176185200552,False,-0.3188801557316987,GULF_OF_LION
1001,2019-11-12,2390.5281250000003,1904.13578806679,270.66801480137383,215.7243221318365,51.41693982589659,25.064248312581523,54.55157550221792,20.384176185200552,False,-0.3188801557316987,GULF_OF_LION
1002,2019-11-20,2769.784375,1909.1855717832152,482.1876781873711,378.4111250294139,51.41693982589659,25.064248312581523,54.55157550221792,20.384176185200552,False,-0.3188801557316987,GULF_OF_LION
1003,2019-11-28,3198.757,1911.7860546007644,709.0344487466527,577.936496652583,51.41693982589659,25.064248312581523,54.55157550221792,20.384176185200552,False,-0.3188801557316987,GULF_OF_LION
1004,2019-12-04,3198.757,1912.0243856784143,731.9610609926962,554.7715533288896,51.41693982589659,25.064248312581523,54.55157550221792,20.384176185200552,False,-0.3188801557316987,GULF_OF_LION
1005,2019-12-12,3466.2955,1910.0063776820175,1051.0825037702612,505.2066185477213,51.41693982589659,25.064248312581523,54.55157550221792,20.384176185200552,False,-0.3188801557316987,GULF_OF_LION
1006,2019-12-20,3895.782714285714,1905.8391381727365,1414.3746142507962,575.5689618621816,51.41693982589659,25.064248312581523,54.55157550221792,20.384176185200552,False,-0.3188801557316987,GULF_OF_LION
1007,2019-12-28,3895.782714285714,1899.6244352537487,1415.792078504515,580.3662005274498,51.41693982589659,25.064248312581523,54.55157550221792,20.384176185200552,False,-0.3188801557316987,GULF_OF_LION
1008,2020-01-04,2203.561375,1891.4659457058312,234.8033325872754,77.29209670689357,51.41693982589659,25.064248312581523,54.55157550221792,20.384176185200552,False,-0.3188801557316987,GULF_OF_LION
1009,2020-01-12,1468.092875,1881.4631810932417,-136.18343306919687,-277.1868730240448,51.41693982589659,25.064248312581523,54.55157550221792,20.384176185200552,False,-0.3188801557316987,GULF_OF_LION
1010,2020-01-20,1468.092875,1869.70125118983,165.28589505825573,-566.8942712480856,51.41693982589659,25.064248312581523,54.55157550221792,20.384176185200552,False,-0.3188801557316987,GULF_OF_LION
1011,2020-01-28,1612.5604285714285,1856.2419464398072,419.040874409341,-662.7223922777198,51.41693982589659,25.064248312581523,54.55157550221792,20.384176185200552,False,-0.3188801557316987,GULF_OF_LION
1012,2020-02-04,2143.3485,1841.1238226174496,800.5535811549835,-498.328903772433,51.41693982589659,25.064248312581523,54.55157550221792,20.384176185200552,False,-0.3188801557316987,GULF_OF_LION
1013,2020-02-12,2143.3485,1824.3755833443608,799.5711657503587,-480.5982490947192,51.41693982589659,25.064248312581523,54.55157550221792,20.384176185200552,False,-0.3188801557316987,GULF_OF_LION
1014,2020-02-20,1878.247625,1806.029455748299,234.87549157901148,-162.65732232731042,51.41693982589659,25.064248312581523,54.55157550221792,20.384176185200552,False,-0.3188801557316987,GULF_OF_LION
1015,2020-02-28,1878.247625,1786.151858190076,101.19242145309288,-9.096654643168833,51.41693982589659,25.064248312581523,54.55157550221792,20.384176185200552,False,-0.3188801557316987,GULF_OF_LION
1016,2020-03-04,3191.015375,1764.8417783037894,722.4835287622524,703.6900679339582,51.41693982589659,25.064248312581523,54.55157550221792,20.384176185200552,False,-0.3188801557316987,GULF_OF_LION
1017,2020-03-12,3191.015375,1742.2331967857756,809.8308685043623,638.951309709862,51.41693982589659,25.064248312581523,54.55157550221792,20.384176185200552,False,-0.3188801557316987,GULF_OF_LION
1018,2020-03-20,1980.596125,1718.4885973346925,168.3087308259137,93.79879683939409,51.41693982589659,25.064248312581523,54.55157550221792,20.384176185200552,False,-0.3188801557316987,GULF_OF_LION
1019,2020-03-28,1360.6038571428574,1693.795517659208,-264.335654926874,-68.85600558947681,51.41693982589659,25.064248312581523,54.55157550221792,20.384176185200552,False,-0.3188801557316987,GULF_OF_LION
1020,2020-04-04,1132.3965,1668.365529107773,-467.4151348171706,-68.55389429060233,51.41693982589659,25.064248312581523,54.55157550221792,20.384176185200552,False,-0.3188801557316987,GULF_OF_LION
1021,2020-04-12,1132.3965,1642.4210735160607,-488.2010466500501,-21.82352686601058,51.41693982589659,25.064248312581523,54.55157550221792,20.384176185200552,False,-0.3188801557316987,GULF_OF_LION
1022,2020-04-20,1147.111625,1616.1912075432829,-476.4923241505284,7.412741607245493,51.41693982589659,25.064248312581523,54.55157550221792,20.384176185200552,False,-0.3188801557316987,GULF_OF_LION
1023,2020-04-28,1260.707666666667,1589.9131839162292,-389.2245391019581,60.01902185239561,51.41693982589659,25.064248312581523,54.55157550221792,20.384176185200552,False,-0.3188801557316987,GULF_OF_LION
1024,2020-05-04,1632.398,1563.828509539854,78.03129257560022,-9.46180211545402,51.41693982589659,25.064248312581523,54.55157550221792,20.384176185200552,False,-0.3188801557316987,GULF_OF_LION
1025,2020-05-12,1670.1505,1538.1635108431462,441.2530985806064,-309.2661094237527,51.41693982589659,25.064248312581523,54.55157550221792,20.384176185200552,False,-0.3188801557316987,GULF_OF_LION
1026,2020-05-20,1670.1505,1513.1042295933353,456.2999011228456,-299.2536307161809,51.41693982589659,25.064248312581523,54.55157550221792,20.384176185200552,False,-0.3188801557316987,GULF_OF_LION
1027,2020-05-28,1556.014875,1488.7992503677615,66.45614208092442,0.7594825513139369,51.41693982589659,25.064248312581523,54.55157550221792,20.384176185200552,False,-0.3188801557316987,GULF_OF_LION
1028,2020-06-04,1556.014875,1465.388197102105,30.510614640511683,60.116063257383296,51.41693982589659,25.064248312581523,54.55157550221792,20.384176185200552,False,-0.3188801557316987,GULF_OF_LION
1029,2020-06-12,1558.800625,1443.0048166973309,154.54387829249916,-38.74806998983016,51.41693982589659,25.064248312581523,54.55157550221792,20.384176185200552,False,-0.3188801557316987,GULF_OF_LION
1030,2020-06-20,1558.800625,1421.783997331467,165.16049186940506,-28.143864200872144,51.41693982589659,25.064248312581523,54.55157550221792,20.384176185200552,False,-0.3188801557316987,GULF_OF_LION
1031,2020-06-28,1256.5596666666668,1401.8665430424007,-85.01313566723323,-60.293740708500735,51.41693982589659,25.064248312581523,54.55157550221792,20.384176185200552,False,-0.3188801557316987,GULF_OF_LION
1032,2020-07-04,1153.527125,1383.3917334823127,-154.35932267348548,-75.50528580882715,51.41693982589659,25.064248312581523,54.55157550221792,20.384176185200552,False,-0.3188801557316987,GULF_OF_LION
1033,2020-07-12,1009.9975,1366.486582073792,-163.94676686880905,-192.54231520498288,51.41693982589659,25.064248312581523,54.55157550221792,20.384176185200552,False,-0.3188801557316987,GULF_OF_LION
1034,2020-07-20,906.494875,1351.2476598518538,-221.3048506013499,-223.4479342505039,51.41693982589659,25.064248312581523,54.55157550221792,20.384176185200552,False,-0.3188801557316987,GULF_OF_LION
1035,2020-07-28,901.4814285714284,1337.741561792336,-386.6076029788568,-49.6525302420506,51.41693982589659,25.064248312581523,54.55157550221792,20.384176185200552,False,-0.3188801557316987,GULF_OF_LION
1036,2020-08-04,781.19,1326.023536572796,-513.0868022797497,-31.746734293046305,51.41693982589659,25.064248312581523,54.55157550221792,20.384176185200552,False,-0.3188801557316987,GULF_OF_LION
1037,2020-08-12,692.513375,1316.139869976716,-583.3493755398163,-40.27711943689974,51.41693982589659,25.064248312581523,54.55157550221792,20.384176185200552,False,-0.3188801557316987,GULF_OF_LION
1038,2020-08-20,684.3585,1308.1279890152275,-732.6973885819265,108.927899566699,51.41693982589659,25.064248312581523,54.55157550221792,20.384176185200552,False,-0.3188801557316987,GULF_OF_LION
1039,2020-08-28,682.4908750000001,1302.024790272632,-747.1368202550215,127.60290498238965,51.41693982589659,25.064248312581523,54.55157550221792,20.384176185200552,False,-0.3188801557316987,GULF_OF_LION
1040,2020-09-04,648.398142857143,1297.8616948120643,-813.8497914548352,164.3862394999138,51.41693982589659,25.064248312581523,54.55157550221792,20.384176185200552,False,-0.3188801557316987,GULF_OF_LION
1041,2020-09-12,682.4908750000001,1295.6592402879603,-761.5394792197314,148.371113931771,51.41693982589659,25.064248312581523,54.55157550221792,20.384176185200552,False,-0.3188801557316987,GULF_OF_LION
1042,2020-09-20,735.511625,1295.420328448871,-711.2611582530163,151.35245480414528,51.41693982589659,25.064248312581523,54.55157550221792,20.384176185200552,False,-0.3188801557316987,GULF_OF_LION
1043,2020-09-28,872.4145,1297.1331933948209,-634.8924740961462,210.1737807013253,51.41693982589659,25.064248312581523,54.55157550221792,20.384176185200552,False,-0.3188801557316987,GULF_OF_LION
1044,2020-10-04,948.55975,1300.7738652655948,-613.6551570067322,261.4410417411374,51.41693982589659,25.064248312581523,54.55157550221792,20.384176185200552,False,-0.3188801557316987,GULF_OF_LION
1045,2020-10-12,948.55975,1306.3086597068195,-567.0716686614232,209.32275895460373,51.41693982589659,25.064248312581523,54.55157550221792,20.384176185200552,False,-0.3188801557316987,GULF_OF_LION
1046,2020-10-20,948.55975,1313.6996620821308,-359.27109591652425,-5.868816165606518,51.41693982589659,25.064248312581523,54.55157550221792,20.384176185200552,False,-0.3188801557316987,GULF_OF_LION
1047,2020-10-28,1142.047375,1322.909413246675,-60.77990680557022,-120.08213144110474,51.41693982589659,25.064248312581523,54.55157550221792,20.384176185200552,False,-0.3188801557316987,GULF_OF_LION
1048,2020-11-04,1142.047375,1333.8961934297108,-62.69652683654572,-129.152291593165,51.41693982589659,25.064248312581523,54.55157550221792,20.384176185200552,False,-0.3188801557316987,GULF_OF_LION
1049,2020-11-12,875.3547500000001,1346.6070118530392,-157.7919259247486,-313.46033592829053,51.41693982589659,25.064248312581523,54.55157550221792,20.384176185200552,False,-0.3188801557316987,GULF_OF_LION
1050,2020-11-20,855.9449999999999,1360.9764282500046,-101.22854393756914,-403.8028843124355,51.41693982589659,25.064248312581523,54.55157550221792,20.384176185200552,False,-0.3188801557316987,GULF_OF_LION
1051,2020-11-28,875.3547500000001,1376.9393430572854,11.50160601695628,-513.0861990742417,51.41693982589659,25.064248312581523,54.55157550221792,20.384176185200552,False,-0.3188801557316987,GULF_OF_LION
1052,2020-12-04,957.66675,1394.424912726967,229.987143261309,-666.7453059882761,51.41693982589659,25.064248312581523,54.55157550221792,20.384176185200552,False,-0.3188801557316987,GULF_OF_LION
1053,2020-12-12,1629.051125,1413.338529211621,631.6213278974818,-415.90873210910297,51.41693982589659,25.064248312581523,54.55157550221792,20.384176185200552,False,-0.3188801557316987,GULF_OF_LION
1054,2020-12-20,2206.7077142857142,1433.5664849081547,1190.2227539899402,-417.0815246123807,51.41693982589659,25.064248312581523,54.55157550221792,20.384176185200552,False,-0.3188801557316987,GULF_OF_LION
1055,2020-12-28,2206.7077142857142,1454.966679449095,1226.8695579559276,-475.1285231193083,51.41693982589659,25.064248312581523,54.55157550221792,20.384176185200552,False,-0.3188801557316987,GULF_OF_LION
1056,2021-01-04,1754.06375,1477.3648803737258,574.0078615911939,-297.30899196491964,51.41693982589659,25.064248312581523,54.55157550221792,20.384176185200552,False,-0.3188801557316987,GULF_OF_LION
1057,2021-01-12,1754.06375,1500.543492592978,288.13193634976017,-34.611678942738195,51.41693982589659,25.064248312581523,54.55157550221792,20.384176185200552,False,-0.3188801557316987,GULF_OF_LION
1058,2021-01-20,2867.340125,1524.2442224761758,587.3281698615816,755.7677326622428,51.41693982589659,25.064248312581523,54.55157550221792,20.384176185200552,False,-0.3188801557316987,GULF_OF_LION
1059,2021-01-28,3314.3957142857143,1548.2112620225653,788.1703030920839,978.0141491710652,51.41693982589659,25.064248312581523,54.55157550221792,20.384176185200552,False,-0.3188801557316987,GULF_OF_LION
1060,2021-02-04,3555.645,1572.199327369638,1033.3543198776138,950.0913527527482,51.41693982589659,25.064248312581523,54.55157550221792,20.384176185200552,False,-0.3188801557316987,GULF_OF_LION
1061,2021-02-12,3555.645,1595.9813395571143,1157.4304792552648,802.2331811876209,51.41693982589659,25.064248312581523,54.55157550221792,20.384176185200552,False,-0.3188801557316987,GULF_OF_LION
1062,2021-02-20,2158.17525,1619.344996614904,385.95728970043695,152.87296368465934,51.41693982589659,25.064248312581523,54.55157550221792,20.384176185200552,False,-0.3188801557316987,GULF_OF_LION
1063,2021-02-28,1615.00525,1642.0816108859972,101.87669653366238,-128.9530574196596,51.41693982589659,25.064248312581523,54.55157550221792,20.384176185200552,False,-0.3188801557316987,GULF_OF_LION
1064,2021-03-04,1463.11025,1663.9941009754823,294.9681895946808,-495.8520405701631,51.41693982589659,25.064248312581523,54.55157550221792,20.384176185200552,False,-0.3188801557316987,GULF_OF_LION
1065,2021-03-12,1463.11025,1684.8996860092147,273.6160318364686,-495.4054678456834,51.41693982589659,25.064248312581523,54.55157550221792,20.384176185200552,False,-0.3188801557316987,GULF_OF_LION
1066,2021-03-20,1315.491,1704.6397427071483,-164.5285797627138,-224.62016294443453,51.41693982589659,25.064248312581523,54.55157550221792,20.384176185200552,False,-0.3188801557316987,GULF_OF_LION
1067,2021-03-28,1101.4855714285716,1723.0514328055103,-432.0116920530535,-189.55416932388528,51.41693982589659,25.064248312581523,54.55157550221792,20.384176185200552,False,-0.3188801557316987,GULF_OF_LION
1068,2021-04-04,1035.72775,1739.9583364401976,-519.4696144390039,-184.76097200119372,51.41693982589659,25.064248312581523,54.55157550221792,20.384176185200552,False,-0.3188801557316987,GULF_OF_LION
1069,2021-04-12,949.500375,1755.1880093566924,-534.6067929904884,-271.080841366204,51.41693982589659,25.064248312581523,54.55157550221792,20.384176185200552,False,-0.3188801557316987,GULF_OF_LION
1070,2021-04-20,949.500375,1768.577140102202,-486.071186204234,-333.0055788979681,51.41693982589659,25.064248312581523,54.55157550221792,20.384176185200552,False,-0.3188801557316987,GULF_OF_LION
1071,2021-04-28,1001.4281666666666,1779.9713036492456,-475.09982027643673,-303.44331670614224,51.41693982589659,25.064248312581523,54.55157550221792,20.384176185200552,False,-0.3188801557316987,GULF_OF_LION
1072,2021-05-04,1703.8175,1789.2304623721227,-64.31164942263618,-21.101312949486413,51.41693982589659,25.064248312581523,54.55157550221792,20.384176185200552,False,-0.3188801557316987,GULF_OF_LION
1073,2021-05-12,3135.426,1796.2376364938254,663.138304848829,676.0500586573455,51.41693982589659,25.064248312581523,54.55157550221792,20.384176185200552,False,-0.3188801557316987,GULF_OF_LION
1074,2021-05-20,3135.426,1800.905242133358,649.4301675259862,685.0905903406558,51.41693982589659,25.064248312581523,54.55157550221792,20.384176185200552,False,-0.3188801557316987,GULF_OF_LION
1075,2021-05-28,2069.585428571429,1803.1716806232976,91.42071860215307,174.99302934597767,51.41693982589659,25.064248312581523,54.55157550221792,20.384176185200552,False,-0.3188801557316987,GULF_OF_LION
1076,2021-06-04,1858.767875,1803.001133459111,-20.634829651932467,76.40157119282138,51.41693982589659,25.064248312581523,54.55157550221792,20.384176185200552,False,-0.3188801557316987,GULF_OF_LION
1077,2021-06-12,1858.767875,1800.3868701587733,0.6948576489715457,57.68614719225519,51.41693982589659,25.064248312581523,54.55157550221792,20.384176185200552,False,-0.3188801557316987,GULF_OF_LION
1078,2021-06-20,1858.767875,1795.3401013468788,9.89186861780555,53.53590503531567,51.41693982589659,25.064248312581523,54.55157550221792,20.384176185200552,False,-0.3188801557316987,GULF_OF_LION
1079,2021-06-28,1709.257875,1787.885938590489,-130.56073795785346,51.93267436736437,51.41693982589659,25.064248312581523,54.55157550221792,20.384176185200552,False,-0.3188801557316987,GULF_OF_LION
1080,2021-07-04,1709.257875,1778.0632582790074,-188.32950537433075,119.52412209532336,51.41693982589659,25.064248312581523,54.55157550221792,20.384176185200552,False,-0.3188801557316987,GULF_OF_LION
1081,2021-07-12,2391.723875,1765.9255414087097,101.56785671399348,524.2304768772972,51.41693982589659,25.064248312581523,54.55157550221792,20.384176185200552,False,-0.3188801557316987,GULF_OF_LION
1082,2021-07-20,2391.723875,1751.5486838939582,78.23259646406105,561.9425946419808,51.41693982589659,25.064248312581523,54.55157550221792,20.384176185200552,False,-0.3188801557316987,GULF_OF_LION
1083,2021-07-28,1794.9925714285714,1735.0295940157407,-205.87017761327775,265.83315502610844,51.41693982589659,25.064248312581523,54.55157550221792,20.384176185200552,False,-0.3188801557316987,GULF_OF_LION
1084,2021-08-04,1558.589375,1716.4841454144116,-331.41534271983903,173.52057230542744,51.41693982589659,25.064248312581523,54.55157550221792,20.384176185200552,False,-0.3188801557316987,GULF_OF_LION
1085,2021-08-12,1469.22,1696.048751045686,-372.3910823214841,145.5623312757981,51.41693982589659,25.064248312581523,54.55157550221792,20.384176185200552,False,-0.3188801557316987,GULF_OF_LION
1086,2021-08-20,873.499375,1673.8757869576768,-653.3568009581016,-147.0196109995752,51.41693982589659,25.064248312581523,54.55157550221792,20.384176185200552,False,-0.3188801557316987,GULF_OF_LION
1087,2021-08-28,817.48825,1650.1301727785312,-664.6942776705946,-167.94764510793664,51.41693982589659,25.064248312581523,54.55157550221792,20.384176185200552,False,-0.3188801557316987,GULF_OF_LION
1088,2021-09-04,817.48825,1624.9922353033598,-634.8869627853646,-172.61702251799522,51.41693982589659,25.064248312581523,54.55157550221792,20.384176185200552,False,-0.3188801557316987,GULF_OF_LION
1089,2021-09-12,912.17425,1598.6516254352669,-561.5606763459207,-124.91669908934614,51.41693982589659,25.064248312581523,54.55157550221792,20.384176185200552,False,-0.3188801557316987,GULF_OF_LION
1090,2021-09-20,912.17425,1571.307262966752,-535.7029012349223,-123.4301117318297,51.41693982589659,25.064248312581523,54.55157550221792,20.384176185200552,False,-0.3188801557316987,GULF_OF_LION
1091,2021-09-28,918.99175,1543.1640794207117,-463.1254446665611,-161.04688475415043,51.41693982589659,25.064248312581523,54.55157550221792,20.384176185200552,False,-0.3188801557316987,GULF_OF_LION
1092,2021-10-04,839.5685,1514.4285163196444,-477.9737685873156,-196.8862477323288,51.41693982589659,25.064248312581523,54.55157550221792,20.384176185200552,False,-0.3188801557316987,GULF_OF_LION
1093,2021-10-12,797.653375,1485.304918411586,-460.7562445429199,-226.8952988686661,51.41693982589659,25.064248312581523,54.55157550221792,20.384176185200552,False,-0.3188801557316987,GULF_OF_LION
1094,2021-10-20,797.653375,1455.9870597126394,-457.228826396499,-201.1048583161404,51.41693982589659,25.064248312581523,54.55157550221792,20.384176185200552,False,-0.3188801557316987,GULF_OF_LION
1095,2021-10-28,1216.2469999999998,1426.661103717744,-186.1773525832846,-24.23675113445958,51.41693982589659,25.064248312581523,54.55157550221792,20.384176185200552,False,-0.3188801557316987,GULF_OF_LION
1096,2021-11-04,1216.2469999999998,1397.5095028197627,-135.99750965960487,-45.26499316015799,51.41693982589659,25.064248312581523,54.55157550221792,20.384176185200552,False,-0.3188801557316987,GULF_OF_LION
1097,2021-11-12,1111.5965,1368.709904653884,-177.9218525586245,-79.1915520952594,51.41693982589659,25.064248312581523,54.55157550221792,20.384176185200552,False,-0.3188801557316987,GULF_OF_LION
1098,2021-11-20,1020.2528333333332,1340.4276629436863,-209.575766940117,-110.59906267023597,51.41693982589659,25.064248312581523,54.55157550221792,20.384176185200552,False,-0.3188801557316987,GULF_OF_LION
1099,2021-11-28,1020.2528333333332,1312.8079146452794,-213.19206858111409,-79.363012730832,51.41693982589659,25.064248312581523,54.55157550221792,20.384176185200552,False,-0.3188801557316987,GULF_OF_LION
1100,2021-12-04,1738.5604999999998,1285.984954127826,177.9925623221174,274.5829835500563,51.41693982589659,25.064248312581523,54.55157550221792,20.384176185200552,False,-0.3188801557316987,GULF_OF_LION
1101,2021-12-12,1738.5604999999998,1260.0946321006595,512.559175454857,-34.09330755551673,51.41693982589659,25.064248312581523,54.55157550221792,20.384176185200552,False,-0.3188801557316987,GULF_OF_LION
1102,2021-12-20,2389.561125,1235.2640647546475,1014.3669362382408,139.93012400711177,51.41693982589659,25.064248312581523,54.55157550221792,20.384176185200552,False,-0.3188801557316987,GULF_OF_LION
1103,2021-12-28,2543.6677142857143,1211.6232262532335,1098.926621390293,233.1178666421879,51.41693982589659,25.064248312581523,54.55157550221792,20.384176185200552,False,-0.3188801557316987,GULF_OF_LION
1104,2022-01-04,2543.6677142857143,1189.2895653625246,964.8943624411088,389.483786482081,51.41693982589659,25.064248312581523,54.55157550221792,20.384176185200552,False,-0.3188801557316987,GULF_OF_LION
1105,2022-01-12,2163.660375,1168.3760966666348,783.9420549317399,211.34222340162523,51.41693982589659,25.064248312581523,54.55157550221792,20.384176185200552,False,-0.3188801557316987,GULF_OF_LION
1106,2022-01-20,1176.404875,1148.999884416587,578.7525118126952,-551.3475212292823,51.41693982589659,25.064248312581523,54.55157550221792,20.384176185200552,False,-0.3188801557316987,GULF_OF_LION
1107,2022-01-28,979.854,1131.278374845854,436.8463615087484,-588.2707363546023,51.41693982589659,25.064248312581523,54.55157550221792,20.384176185200552,False,-0.3188801557316987,GULF_OF_LION
1108,2022-02-04,979.854,1115.339342234275,394.4819861848468,-529.9673284191217,51.41693982589659,25.064248312581523,54.55157550221792,20.384176185200552,False,-0.3188801557316987,GULF_OF_LION
1109,2022-02-12,1508.18525,1101.2956448897316,628.4575221752507,-221.56791706498237,51.41693982589659,25.064248312581523,54.55157550221792,20.384176185200552,False,-0.3188801557316987,GULF_OF_LION
1110,2022-02-20,1508.18525,1089.2271334851955,262.94878190516323,156.00933460964126,51.41693982589659,25.064248312581523,54.55157550221792,20.384176185200552,False,-0.3188801557316987,GULF_OF_LION
1111,2022-02-28,1477.133,1079.1733203159845,110.1981816276704,287.76149805634515,51.41693982589659,25.064248312581523,54.55157550221792,20.384176185200552,False,-0.3188801557316987,GULF_OF_LION
1112,2022-03-04,1262.302625,1071.1229644144044,-13.001489804700771,204.18115039029647,51.41693982589659,25.064248312581523,54.55157550221792,20.384176185200552,False,-0.3188801557316987,GULF_OF_LION
1113,2022-03-12,1202.362875,1065.026699904715,161.88204457628498,-24.54586948100004,51.41693982589659,25.064248312581523,54.55157550221792,20.384176185200552,False,-0.3188801557316987,GULF_OF_LION
1114,2022-03-20,979.6775,1060.7878848391726,10.254274611926093,-91.36465945109872,51.41693982589659,25.064248312581523,54.55157550221792,20.384176185200552,False,-0.3188801557316987,GULF_OF_LION
1115,2022-03-28,979.6775,1058.2851084093545,-105.63090202401494,27.023293614660677,51.41693982589659,25.064248312581523,54.55157550221792,20.384176185200552,False,-0.3188801557316987,GULF_OF_LION
1116,2022-04-04,1008.462125,1057.3858241595262,-121.80601467208184,72.8823155125556,51.41693982589659,25.064248312581523,54.55157550221792,20.384176185200552,False,-0.3188801557316987,GULF_OF_LION
1117,2022-04-12,1134.89225,1057.9429602129446,-87.86478554493425,164.8140753319895,51.41693982589659,25.064248312581523,54.55157550221792,20.384176185200552,False,-0.3188801557316987,GULF_OF_LION
1118,2022-04-20,1317.25,1059.7946949214995,-17.874026061748005,275.32933114024826,51.41693982589659,25.064248312581523,54.55157550221792,20.384176185200552,False,-0.3188801557316987,GULF_OF_LION
1119,2022-04-28,1134.89225,1062.7723388505844,-107.78792599009368,179.90783713950913,51.41693982589659,25.064248312581523,54.55157550221792,20.384176185200552,False,-0.3188801557316987,GULF_OF_LION
1120,2022-05-04,991.436875,1066.7087136019215,-18.250911376106657,-57.0209272258149,51.41693982589659,25.064248312581523,54.55157550221792,20.384176185200552,False,-0.3188801557316987,GULF_OF_LION
1121,2022-05-12,991.436875,1071.449402608377,292.3867773743597,-372.3993049827369,51.41693982589659,25.064248312581523,54.55157550221792,20.384176185200552,False,-0.3188801557316987,GULF_OF_LION
1122,2022-05-20,922.344375,1076.866250394355,218.444327192009,-372.9662025863639,51.41693982589659,25.064248312581523,54.55157550221792,20.384176185200552,False,-0.3188801557316987,GULF_OF_LION
1123,2022-05-28,909.1345,1082.8510841376744,-75.30312963540564,-98.4134545022688,51.41693982589659,25.064248312581523,54.55157550221792,20.384176185200552,False,-0.3188801557316987,GULF_OF_LION
1124,2022-06-04,854.0964285714286,1089.288435935815,-123.78890479078864,-111.40310257359768,51.41693982589659,25.064248312581523,54.55157550221792,20.384176185200552,False,-0.3188801557316987,GULF_OF_LION
1125,2022-06-12,909.1345,1096.0441529397096,-77.55464583321839,-109.35500710649126,51.41693982589659,25.064248312581523,54.55157550221792,20.384176185200552,False,-0.3188801557316987,GULF_OF_LION
1126,2022-06-20,910.016375,1102.985660228989,-93.07611041203252,-99.89317481695652,51.41693982589659,25.064248312581523,54.55157550221792,20.384176185200552,False,-0.3188801557316987,GULF_OF_LION
1127,2022-06-28,910.016375,1109.988819329398,-191.263129206022,-8.709315123376086,51.41693982589659,25.064248312581523,54.55157550221792,20.384176185200552,False,-0.3188801557316987,GULF_OF_LION
1128,2022-07-04,762.96,1116.9467353549392,-324.14964026493385,-29.83709509000528,51.41693982589659,25.064248312581523,54.55157550221792,20.384176185200552,False,-0.3188801557316987,GULF_OF_LION
1129,2022-07-12,704.765375,1123.7747018370285,-205.8973613616695,-213.11196547535903,51.41693982589659,25.064248312581523,54.55157550221792,20.384176185200552,False,-0.3188801557316987,GULF_OF_LION
1130,2022-07-20,698.2492857142857,1130.412260907321,-222.3936641147211,-209.76931107831425,51.41693982589659,25.064248312581523,54.55157550221792,20.384176185200552,False,-0.3188801557316987,GULF_OF_LION
1131,2022-07-28,704.765375,1136.8171826632138,-402.2571230952302,-29.79468456798361,51.41693982589659,25.064248312581523,54.55157550221792,20.384176185200552,False,-0.3188801557316987,GULF_OF_LION
1132,2022-08-04,710.75675,1142.947327236256,-481.321261994448,49.13068475819188,51.41693982589659,25.064248312581523,54.55157550221792,20.384176185200552,False,-0.3188801557316987,GULF_OF_LION
1133,2022-08-12,719.260625,1148.7544558558754,-493.2216288309741,63.72779797509867,51.41693982589659,25.064248312581523,54.55157550221792,20.384176185200552,False,-0.3188801557316987,GULF_OF_LION
1134,2022-08-20,719.260625,1154.1902940829095,-625.3110233770991,190.3813542941896,51.41693982589659,25.064248312581523,54.55157550221792,20.384176185200552,False,-0.3188801557316987,GULF_OF_LION
1135,2022-08-28,732.815125,1159.2059045557892,-627.229724316055,200.8389447602658,51.41693982589659,25.064248312581523,54.55157550221792,20.384176185200552,False,-0.3188801557316987,GULF_OF_LION
1136,2022-09-04,822.2429999999999,1163.749802672604,-582.442822939759,240.93602026715484,51.41693982589659,25.064248312581523,54.55157550221792,20.384176185200552,False,-0.3188801557316987,GULF_OF_LION
1137,2022-09-12,822.2429999999999,1167.7806100606388,-566.1425622298389,220.60495216920003,51.41693982589659,25.064248312581523,54.55157550221792,20.384176185200552,False,-0.3188801557316987,GULF_OF_LION
1138,2022-09-20,822.2429999999999,1171.2682985738495,-576.7175478230383,227.6922492491888,51.41693982589659,25.064248312581523,54.55157550221792,20.384176185200552,False,-0.3188801557316987,GULF_OF_LION
1139,2022-09-28,929.478,1174.1949349291892,-552.4388392530858,307.72190432389664,51.41693982589659,25.064248312581523,54.55157550221792,20.384176185200552,False,-0.3188801557316987,GULF_OF_LION
1140,2022-10-04,929.478,1176.5592240613837,-593.2415238123051,346.1602997509217,51.41693982589659,25.064248312581523,54.55157550221792,20.384176185200552,False,-0.3188801557316987,GULF_OF_LION
1141,2022-10-12,1064.202125,1178.379121243358,-545.7374428405134,431.5604465971554,51.41693982589659,25.064248312581523,54.55157550221792,20.384176185200552,False,-0.3188801557316987,GULF_OF_LION
1142,2022-10-20,1064.202125,1179.7028653968869,-284.5766857953398,169.07594539845297,51.41693982589659,25.064248312581523,54.55157550221792,20.384176185200552,False,-0.3188801557316987,GULF_OF_LION
1143,2022-10-28,1102.0455714285713,1180.5849929188696,50.3355386264832,-128.8749601167815,51.41693982589659,25.064248312581523,54.55157550221792,20.384176185200552,False,-0.3188801557316987,GULF_OF_LION
1144,2022-11-04,1271.851125,1181.0661979891984,247.64868822381607,-156.86376121301453,51.41693982589659,25.064248312581523,54.55157550221792,20.384176185200552,False,-0.3188801557316987,GULF_OF_LION
1145,2022-11-12,1521.3015,1181.16602281652,394.4543369647393,-54.31885978125917,51.41693982589659,25.064248312581523,54.55157550221792,20.384176185200552,False,-0.3188801557316987,GULF_OF_LION
1146,2022-11-20,1521.3015,1180.886065279935,327.8808365385085,12.534598181556191,51.41693982589659,25.064248312581523,54.55157550221792,20.384176185200552,False,-0.3188801557316987,GULF_OF_LION
1147,2022-11-28,1424.075,1180.225248058184,379.5791729229659,-135.7294209811498,51.41693982589659,25.064248312581523,54.55157550221792,20.384176185200552,False,-0.3188801557316987,GULF_OF_LION
1148,2022-12-04,1424.075,1179.1870408362242,705.8556939496507,-460.9677347858749,51.41693982589659,25.064248312581523,54.55157550221792,20.384176185200552,False,-0.3188801557316987,GULF_OF_LION
1149,2022-12-12,2052.761375,1177.7807434376173,1018.435567929281,-143.4549363668982,51.41693982589659,25.064248312581523,54.55157550221792,20.384176185200552,False,-0.3188801557316987,GULF_OF_LION
1150,2022-12-20,2146.01275,1176.0340036766331,1148.2493240248823,-178.270577701516,51.41693982589659,25.064248312581523,54.55157550221792,20.384176185200552,False,-0.3188801557316987,GULF_OF_LION
1151,2022-12-28,2146.01275,1173.9921293119785,868.3414370183374,103.679183669684,51.41693982589659,25.064248312581523,54.55157550221792,20.384176185200552,False,-0.3188801557316987,GULF_OF_LION
1152,2023-01-04,2034.11625,1171.7494530347913,761.8869940141233,100.4798029510855,51.41693982589659,25.064248312581523,54.55157550221792,20.384176185200552,False,-0.3188801557316987,GULF_OF_LION
1153,2023-01-12,2034.11625,1169.4362898930522,669.3039938614356,195.37596624551225,51.41693982589659,25.064248312581523,54.55157550221792,20.384176185200552,False,-0.3188801557316987,GULF_OF_LION
1154,2023-01-20,2034.11625,1167.203577821315,463.2832907639044,403.6293814147804,51.41693982589659,25.064248312581523,54.55157550221792,20.384176185200552,False,-0.3188801557316987,GULF_OF_LION
1155,2023-01-28,1379.894857142857,1165.2020769136789,94.4561003704386,120.2366798587396,51.41693982589659,25.064248312581523,54.55157550221792,20.384176185200552,False,-0.3188801557316987,GULF_OF_LION
1156,2023-02-04,946.551625,1163.5713713245789,-116.70169742369734,-100.3180489008816,51.41693982589659,25.064248312581523,54.55157550221792,20.384176185200552,False,-0.3188801557316987,GULF_OF_LION
1157,2023-02-12,810.154375,1162.4637269762616,-186.28554707852592,-166.0238048977357,51.41693982589659,25.064248312581523,54.55157550221792,20.384176185200552,False,-0.3188801557316987,GULF_OF_LION
1158,2023-02-20,741.064,1162.0532878019849,-74.8955810015101,-346.0937068004748,51.41693982589659,25.064248312581523,54.55157550221792,20.384176185200552,False,-0.3188801557316987,GULF_OF_LION
1159,2023-02-28,741.064,1162.531911333101,-61.52304868676372,-359.94486264633764,51.41693982589659,25.064248312581523,54.55157550221792,20.384176185200552,False,-0.3188801557316987,GULF_OF_LION
1160,2023-03-04,840.47575,1164.100077689961,-20.08056506813808,-303.5437626218229,51.41693982589659,25.064248312581523,54.55157550221792,20.384176185200552,False,-0.3188801557316987,GULF_OF_LION
1161,2023-03-12,1673.04925,1166.950660818934,342.0520600138674,164.04652916719863,51.41693982589659,25.064248312581523,54.55157550221792,20.384176185200552,False,-0.3188801557316987,GULF_OF_LION
1162,2023-03-20,1673.04925,1171.268367888868,363.4671908822842,138.31369122884786,51.41693982589659,25.064248312581523,54.55157550221792,20.384176185200552,False,-0.3188801557316987,GULF_OF_LION
1163,2023-03-28,1437.376375,1177.222902536937,247.6233026129934,12.530169850069656,51.41693982589659,25.064248312581523,54.55157550221792,20.384176185200552,False,-0.3188801557316987,GULF_OF_LION
1164,2023-04-04,1395.0374285714286,1184.9717458250352,233.05379525970076,-22.988112513307385,51.41693982589659,25.064248312581523,54.55157550221792,20.384176185200552,False,-0.3188801557316987,GULF_OF_LION
1165,2023-04-12,1381.427375,1194.6608805880642,112.46681244160033,74.29968197033548,51.41693982589659,25.064248312581523,54.55157550221792,20.384176185200552,False,-0.3188801557316987,GULF_OF_LION
1166,2023-04-20,1328.2693333333334,1206.422759804915,105.67050500071538,16.176068527703123,51.41693982589659,25.064248312581523,54.55157550221792,20.384176185200552,False,-0.3188801557316987,GULF_OF_LION
1167,2023-04-28,1328.2693333333334,1220.3699413623465,45.737786905742496,62.16160506524466,51.41693982589659,25.064248312581523,54.55157550221792,20.384176185200552,False,-0.3188801557316987,GULF_OF_LION
1168,2023-05-04,1328.2693333333334,1236.586667847649,26.835470776258724,64.84719470942537,51.41693982589659,25.064248312581523,54.55157550221792,20.384176185200552,False,-0.3188801557316987,GULF_OF_LION
1169,2023-05-12,1212.120375,1255.1178696638065,32.01510254974159,-75.01259721354808,51.41693982589659,25.064248312581523,54.55157550221792,20.384176185200552,False,-0.3188801557316987,GULF_OF_LION
1170,2023-05-20,1135.27075,1275.9644012194028,-105.83599910324244,-34.857652116160466,51.41693982589659,25.064248312581523,54.55157550221792,20.384176185200552,False,-0.3188801557316987,GULF_OF_LION
1171,2023-05-28,1135.27075,1299.0928151038893,-105.86674724073242,-57.95531786315695,51.41693982589659,25.064248312581523,54.55157550221792,20.384176185200552,False,-0.3188801557316987,GULF_OF_LION
1172,2023-06-04,1345.381,1324.4491422319395,-82.8797162628689,103.81157403092948,51.41693982589659,25.064248312581523,54.55157550221792,20.384176185200552,False,-0.3188801557316987,GULF_OF_LION
1173,2023-06-12,1500.295,1351.9669323766966,46.09627385713412,102.23179376616936,51.41693982589659,25.064248312581523,54.55157550221792,20.384176185200552,False,-0.3188801557316987,GULF_OF_LION
1174,2023-06-20,1500.295,1381.5575173709535,12.957987745843216,105.77949488320311,51.41693982589659,25.064248312581523,54.55157550221792,20.384176185200552,False,-0.3188801557316987,GULF_OF_LION
1175,2023-06-28,1290.1003333333333,1413.1122720862763,-98.09498184391504,-24.916956909027974,51.41693982589659,25.064248312581523,54.55157550221792,20.384176185200552,False,-0.3188801557316987,GULF_OF_LION
1176,2023-07-04,1071.2275,1446.501852182497,-266.5301283704295,-108.74422381206756,51.41693982589659,25.064248312581523,54.55157550221792,20.384176185200552,False,-0.3188801557316987,GULF_OF_LION
1177,2023-07-12,1000.863125,1481.5767759575533,-341.653730169197,-139.05992078835635,51.41693982589659,25.064248312581523,54.55157550221792,20.384176185200552,False,-0.3188801557316987,GULF_OF_LION
1178,2023-07-20,973.31875,1518.166156006074,-507.4883664485591,-37.35903955751496,51.41693982589659,25.064248312581523,54.55157550221792,20.384176185200552,False,-0.3188801557316987,GULF_OF_LION
1179,2023-07-28,852.2285714285715,1556.08544901989,-652.6795145744472,-51.17736301687114,51.41693982589659,25.064248312581523,54.55157550221792,20.384176185200552,False,-0.3188801557316987,GULF_OF_LION
1180,2023-08-04,757.0445,1595.147962088981,-741.1700465080228,-96.93341558095835,51.41693982589659,25.064248312581523,54.55157550221792,20.384176185200552,False,-0.3188801557316987,GULF_OF_LION
1181,2023-08-12,757.0445,1635.169031490183,-783.8136046379117,-94.31092685227134,51.41693982589659,25.064248312581523,54.55157550221792,20.384176185200552,False,-0.3188801557316987,GULF_OF_LION
1182,2023-08-20,804.971,1675.9636704785817,-790.5140232826436,-80.47864719593804,51.41693982589659,25.064248312581523,54.55157550221792,20.384176185200552,False,-0.3188801557316987,GULF_OF_LION
1183,2023-08-28,831.53325,1717.346900053525,-792.8895811252211,-92.92406892830364,51.41693982589659,25.064248312581523,54.55157550221792,20.384176185200552,False,-0.3188801557316987,GULF_OF_LION
1184,2023-09-04,848.82725,1759.1356204248443,-748.9256933850829,-161.38267703976155,51.41693982589659,25.064248312581523,54.55157550221792,20.384176185200552,False,-0.3188801557316987,GULF_OF_LION
1185,2023-09-12,848.82725,1801.1440345727497,-768.5811717365242,-183.7356128362254,51.41693982589659,25.064248312581523,54.55157550221792,20.384176185200552,False,-0.3188801557316987,GULF_OF_LION
1186,2023-09-20,848.82725,1843.1845398200007,-787.7547473045051,-206.602542515496,51.41693982589659,25.064248312581523,54.55157550221792,20.384176185200552,False,-0.3188801557316987,GULF_OF_LION
1187,2023-09-28,772.0291666666667,1885.06709224478,-701.5650737361866,-411.47285184192674,51.41693982589659,25.064248312581523,54.55157550221792,20.384176185200552,False,-0.3188801557316987,GULF_OF_LION
1188,2023-10-04,733.73325,1926.596050216924,-611.8352309946722,-581.0275692222519,51.41693982589659,25.064248312581523,54.55157550221792,20.384176185200552,False,-0.3188801557316987,GULF_OF_LION
1189,2023-10-12,733.73325,1967.5674564267604,-250.43456138058272,-983.3996450461776,51.41693982589659,25.064248312581523,54.55157550221792,20.384176185200552,False,-0.3188801557316987,GULF_OF_LION
1190,2023-10-20,1805.04025,2007.7567887978164,269.07119145062205,-471.7877302484384,51.41693982589659,25.064248312581523,54.55157550221792,20.384176185200552,False,-0.3188801557316987,GULF_OF_LION
1191,2023-10-28,2674.014571428572,2046.932052537043,460.2953522466344,166.7871666448939,51.41693982589659,25.064248312581523,54.55157550221792,20.384176185200552,False,-0.3188801557316987,GULF_OF_LION
1192,2023-11-04,3142.594625,2084.865364331594,443.45082344324027,614.2784372251656,51.41693982589659,25.064248312581523,54.55157550221792,20.384176185200552,False,-0.3188801557316987,GULF_OF_LION
1193,2023-11-12,3335.375375,2121.35112949158,539.1706053950694,674.8536401133505,51.41693982589659,25.064248312581523,54.55157550221792,20.384176185200552,False,-0.3188801557316987,GULF_OF_LION
1194,2023-11-20,3142.594625,2156.2143365781512,422.4407648537805,563.9395235680679,51.41693982589659,25.064248312581523,54.55157550221792,20.384176185200552,False,-0.3188801557316987,GULF_OF_LION
1195,2023-11-28,3533.31075,2189.3051849333465,717.6490990339175,626.3564660327361,51.41693982589659,25.064248312581523,54.55157550221792,20.384176185200552,False,-0.3188801557316987,GULF_OF_LION
1196,2023-12-04,4122.72275,2220.4897042370053,1043.8261040742186,858.406941688776,51.41693982589659,25.064248312581523,54.55157550221792,20.384176185200552,False,-0.3188801557316987,GULF_OF_LION
1197,2023-12-12,4122.72275,2249.6470133337707,1135.0002290285015,738.0755076377277,51.41693982589659,25.064248312581523,54.55157550221792,20.384176185200552,False,-0.3188801557316987,GULF_OF_LION
1198,2023-12-20,3812.2695,2276.673738826916,1090.8787379594569,444.71702321362704,51.41693982589659,25.064248312581523,54.55157550221792,20.384176185200552,False,-0.3188801557316987,GULF_OF_LION
1199,2023-12-28,2543.2775714285717,2301.491524419847,389.6308755297192,-147.84482852099484,51.41693982589659,25.064248312581523,54.55157550221792,20.384176185200552,False,-0.3188801557316987,GULF_OF_LION
1200,2024-01-04,2342.437125,2324.028798818033,252.6641598547765,-234.2558336728096,51.41693982589659,25.064248312581523,54.55157550221792,20.384176185200552,False,-0.3188801557316987,GULF_OF_LION
1201,2024-01-12,2342.437125,2344.224235047932,233.87486736077344,-235.66197740870535,51.41693982589659,25.064248312581523,54.55157550221792,20.384176185200552,False,-0.3188801557316987,GULF_OF_LION
1202,2024-01-20,2480.780714285714,2362.020553483341,322.9694818685249,-204.20932106615209,51.41693982589659,25.064248312581523,54.55157550221792,20.384176185200552,False,-0.3188801557316987,GULF_OF_LION
1203,2024-01-28,2480.780714285714,2377.366481192734,149.95377324863156,-46.53954015565168,51.41693982589659,25.064248312581523,54.55157550221792,20.384176185200552,False,-0.3188801557316987,GULF_OF_LION
1204,2024-02-04,2475.07775,2390.2093961859205,30.491384993409937,54.37696882066952,51.41693982589659,25.064248312581523,54.55157550221792,20.384176185200552,False,-0.3188801557316987,GULF_OF_LION
1205,2024-02-12,1913.356875,2400.4840376191896,-429.6907790387644,-57.436383580425286,51.41693982589659,25.064248312581523,54.55157550221792,20.384176185200552,False,-0.3188801557316987,GULF_OF_LION
1206,2024-02-20,2475.07775,2408.129021585368,-28.219029536468508,95.16775795110108,51.41693982589659,25.064248312581523,54.55157550221792,20.384176185200552,False,-0.3188801557316987,GULF_OF_LION
1207,2024-02-28,2544.779375,2413.09249441828,23.24198196353806,108.44489861818224,51.41693982589659,25.064248312581523,54.55157550221792,20.384176185200552,False,-0.3188801557316987,GULF_OF_LION
1208,2024-03-04,2713.74,2415.339401419695,174.8557974771035,123.5448011032016,51.41693982589659,25.064248312581523,54.55157550221792,20.384176185200552,False,-0.3188801557316987,GULF_OF_LION
1209,2024-03-12,2544.779375,2414.864606872044,257.0596299805839,-127.14486185262793,51.41693982589659,25.064248312581523,54.55157550221792,20.384176185200552,False,-0.3188801557316987,GULF_OF_LION
1210,2024-03-20,2840.9055714285714,2411.7095163499694,481.0680864741416,-51.87203139553952,51.41693982589659,25.064248312581523,54.55157550221792,20.384176185200552,False,-0.3188801557316987,GULF_OF_LION
1211,2024-03-28,2840.9055714285714,2405.9609751319517,422.7139518330662,12.230644463553972,51.41693982589659,25.064248312581523,54.55157550221792,20.384176185200552,False,-0.3188801557316987,GULF_OF_LION
1212,2024-04-04,2840.9055714285714,2397.7308923663645,408.4220526498544,34.75262641235247,51.41693982589659,25.064248312581523,54.55157550221792,20.384176185200552,False,-0.3188801557316987,GULF_OF_LION
1213,2024-04-12,2282.770125,2387.154613517075,-26.118745541382605,-78.26574297569256,51.41693982589659,25.064248312581523,54.55157550221792,20.384176185200552,False,-0.3188801557316987,GULF_OF_LION
1214,2024-04-20,2229.407333333333,2374.398594115868,-95.26222125720057,-49.72903952533392,51.41693982589659,25.064248312581523,54.55157550221792,20.384176185200552,False,-0.3188801557316987,GULF_OF_LION
1215,2024-04-28,2229.407333333333,2359.658580821284,-100.319488937851,-29.93175855009987,51.41693982589659,25.064248312581523,54.55157550221792,20.384176185200552,False,-0.3188801557316987,GULF_OF_LION
1216,2024-05-04,2342.702,2343.152189363946,-5.125155656622351,4.67496629267654,51.41693982589659,25.064248312581523,54.55157550221792,20.384176185200552,False,-0.3188801557316987,GULF_OF_LION
1217,2024-05-12,2633.6015,2325.1168822435297,204.1459333576426,104.3386843988274,51.41693982589659,25.064248312581523,54.55157550221792,20.384176185200552,False,-0.3188801557316987,GULF_OF_LION
1218,2024-05-20,2342.702,2305.8014843808,-11.242514190362046,48.14302980956222,51.41693982589659,25.064248312581523,54.55157550221792,20.384176185200552,False,-0.3188801557316987,GULF_OF_LION
1219,2024-05-28,2405.72025,2285.4652165864927,55.48382734184312,64.77120607166401,51.41693982589659,25.064248312581523,54.55157550221792,20.384176185200552,False,-0.3188801557316987,GULF_OF_LION
1220,2024-06-04,2196.4177142857143,2264.379761540084,-31.16290695325293,-36.79914030111681,51.41693982589659,25.064248312581523,54.55157550221792,20.384176185200552,False,-0.3188801557316987,GULF_OF_LION
1221,2024-06-12,2405.72025,2242.828619502296,185.4331448317473,-22.54151433404354,51.41693982589659,25.064248312581523,54.55157550221792,20.384176185200552,False,-0.3188801557316987,GULF_OF_LION
1222,2024-06-20,2317.5071666666668,2221.1034773266206,139.8622751139321,-43.45858577388592,51.41693982589659,25.064248312581523,54.55157550221792,20.384176185200552,False,-0.3188801557316987,GULF_OF_LION
1223,2024-06-28,2317.5071666666668,2199.493325682808,102.53991706905636,15.473923914802782,51.41693982589659,25.064248312581523,54.55157550221792,20.384176185200552,False,-0.3188801557316987,GULF_OF_LION
1224,2024-07-04,2237.011625,2178.275925889733,-3.2168040774351,61.95250318770208,51.41693982589659,25.064248312581523,54.55157550221792,20.384176185200552,False,-0.3188801557316987,GULF_OF_LION
1225,2024-07-12,2149.25425,2157.709970507092,-81.07142205121293,72.61570154412105,51.41693982589659,25.064248312581523,54.55157550221792,20.384176185200552,False,-0.3188801557316987,GULF_OF_LION
1226,2024-07-20,1580.322625,2138.035208879072,-509.88140651282106,-47.83117736625081,51.41693982589659,25.064248312581523,54.55157550221792,20.384176185200552,False,-0.3188801557316987,GULF_OF_LION
1227,2024-07-28,1291.889,2119.476697891553,-752.6013374819245,-74.98636040962879,51.41693982589659,25.064248312581523,54.55157550221792,20.384176185200552,False,-0.3188801557316987,GULF_OF_LION
1228,2024-08-04,1194.02875,2102.243063291624,-846.919312273557,-61.29500101806696,51.41693982589659,25.064248312581523,54.55157550221792,20.384176185200552,False,-0.3188801557316987,GULF_OF_LION
1229,2024-08-12,1077.035,2086.5174871231084,-932.8879756453564,-76.5945114777519,51.41693982589659,25.064248312581523,54.55157550221792,20.384176185200552,False,-0.3188801557316987,GULF_OF_LION
1230,2024-08-20,1014.7795,2072.4543808159847,-966.9909808988972,-90.6838999170875,51.41693982589659,25.064248312581523,54.55157550221792,20.384176185200552,False,-0.3188801557316987,GULF_OF_LION
1231,2024-08-28,1014.7795,2060.177952577412,-960.9660716767024,-84.43238090070918,51.41693982589659,25.064248312581523,54.55157550221792,20.384176185200552,False,-0.3188801557316987,GULF_OF_LION
1232,2024-09-04,1150.76475,2049.7787203993707,-856.5226923620812,-42.49127803728948,51.41693982589659,25.064248312581523,54.55157550221792,20.384176185200552,False,-0.3188801557316987,GULF_OF_LION
1233,2024-09-12,1150.76475,2041.30885863665,-859.6491548867705,-30.894953749879505,51.41693982589659,25.064248312581523,54.55157550221792,20.384176185200552,False,-0.3188801557316987,GULF_OF_LION
1234,2024-09-20,1150.76475,2034.780736266328,-864.0094969043496,-20.00648936197831,51.41693982589659,25.064248312581523,54.55157550221792,20.384176185200552,False,-0.3188801557316987,GULF_OF_LION
1235,2024-09-28,1630.4773333333333,2030.169044762104,-528.9692678263793,129.27755639760858,51.41693982589659,25.064248312581523,54.55157550221792,20.384176185200552,False,-0.3188801557316987,GULF_OF_LION
1236,2024-10-04,2157.902,2027.407689237796,-149.62510680936936,280.1194175715737,51.41693982589659,25.064248312581523,54.55157550221792,20.384176185200552,False,-0.3188801557316987,GULF_OF_LION
1237,2024-10-12,3548.48975,2026.3895290616056,885.6684572246097,636.4317637137847,51.41693982589659,25.064248312581523,54.55157550221792,20.384176185200552,False,-0.3188801557316987,GULF_OF_LION
1238,2024-10-20,3548.48975,2026.9706236203576,1144.9900660409648,376.5290603386777,51.41693982589659,25.064248312581523,54.55157550221792,20.384176185200552,False,-0.3188801557316987,GULF_OF_LION
1239,2024-10-28,2601.438142857143,2029.0020539609827,642.7242896011371,-70.28820070497704,51.41693982589659,25.064248312581523,54.55157550221792,20.384176185200552,False,-0.3188801557316987,GULF_OF_LION
1240,2024-11-04,1496.2055,2032.3793781164889,-78.88523812372192,-457.2886399927669,51.41693982589659,25.064248312581523,54.55157550221792,20.384176185200552,False,-0.3188801557316987,GULF_OF_LION
1241,2024-11-12,1323.589875,2037.0479388541885,-170.5296786666472,-542.9283851875414,51.41693982589659,25.064248312581523,54.55157550221792,20.384176185200552,False,-0.3188801557316987,GULF_OF_LION
1242,2024-11-20,1323.589875,2042.981669862931,-229.6194611299101,-489.7723337330211,51.41693982589659,25.064248312581523,54.55157550221792,20.384176185200552,False,-0.3188801557316987,GULF_OF_LION
1243,2024-11-28,1897.464,2050.157757159217,287.075409787469,-439.7691669466861,51.41693982589659,25.064248312581523,54.55157550221792,20.384176185200552,False,-0.3188801557316987,GULF_OF_LION
1244,2024-12-04,2094.9281666666666,2058.545081225868,570.6649944155095,-534.2819089747111,51.41693982589659,25.064248312581523,54.55157550221792,20.384176185200552,False,-0.3188801557316987,GULF_OF_LION
1245,2024-12-12,1897.464,2068.105861987945,410.2586827998701,-580.9005447878155,51.41693982589659,25.064248312581523,54.55157550221792,20.384176185200552,False,-0.3188801557316987,GULF_OF_LION
1246,2024-12-20,2314.14225,2078.787691577369,632.4314988417443,-397.0769404191135,51.41693982589659,25.064248312581523,54.55157550221792,20.384176185200552,False,-0.3188801557316987,GULF_OF_LION
1247,2024-12-28,2111.558991071429,2090.497809468691,150.16653414669264,-129.10535254395455,51.41693982589659,25.064248312581523,54.55157550221792,20.384176185200552,False,-0.3188801557316987,GULF_OF_LION
0,1999-01-04,1185.9816683415663,1038.0642461904442,296.04643765681885,-148.12901550569654,76.19230518678961,17.460878056603,67.76475824903956,14.774363694357426,False,-0.0824051674236387,BAY_OF_BISCAY
1,1999-01-12,1213.594707267354,1040.6966444711602,182.01786809432107,-9.119805298127377,76.19230518678961,17.460878056603,67.76475824903956,14.774363694357426,False,-0.0824051674236387,BAY_OF_BISCAY
2,1999-01-20,1331.418785607637,1043.4314991313397,206.8075887343585,81.17969774193867,76.19230518678961,17.460878056603,67.76475824903956,14.774363694357426,False,-0.0824051674236387,BAY_OF_BISCAY
3,1999-01-28,1347.0991913255275,1046.2352376685976,188.30980737243777,112.55414628449232,76.19230518678961,17.460878056603,67.76475824903956,14.774363694357426,False,-0.0824051674236387,BAY_OF_BISCAY
4,1999-02-04,1347.0991913255275,1049.0905266126183,186.8074911339644,111.20117357894506,76.19230518678961,17.460878056603,67.76475824903956,14.774363694357426,False,-0.0824051674236387,BAY_OF_BISCAY
5,1999-02-12,1703.0680176839087,1051.9889821932416,488.7419154923844,162.3371199982828,76.19230518678961,17.460878056603,67.76475824903956,14.774363694357426,False,-0.0824051674236387,BAY_OF_BISCAY
6,1999-02-20,1813.9598923659912,1054.921729671035,640.3095730421608,118.72858965279534,76.19230518678961,17.460878056603,67.76475824903956,14.774363694357426,False,-0.0824051674236387,BAY_OF_BISCAY
7,1999-02-28,2021.921170804412,1057.8692868328112,941.04441010409,23.007473867510495,76.19230518678961,17.460878056603,67.76475824903956,14.774363694357426,False,-0.0824051674236387,BAY_OF_BISCAY
8,1999-03-04,2021.921170804412,1060.7919497864132,792.442274343863,168.68694667413558,76.19230518678961,17.460878056603,67.76475824903956,14.774363694357426,False,-0.0824051674236387,BAY_OF_BISCAY
9,1999-03-12,1632.3332514713954,1063.6477444123118,497.8807290106616,70.80477804842207,76.19230518678961,17.460878056603,67.76475824903956,14.774363694357426,False,-0.0824051674236387,BAY_OF_BISCAY
10,1999-03-20,1178.6403660114488,1066.401476565074,150.28630486802732,-38.04741542165257,76.19230518678961,17.460878056603,67.76475824903956,14.774363694357426,False,-0.0824051674236387,BAY_OF_BISCAY
11,1999-03-28,1137.824710908809,1069.0114968407534,116.99907688755091,-48.18586281949524,76.19230518678961,17.460878056603,67.76475824903956,14.774363694357426,False,-0.0824051674236387,BAY_OF_BISCAY
12,1999-04-04,805.846053147427,1071.4307310351903,-118.8572287031491,-146.7274491846142,76.19230518678961,17.460878056603,67.76475824903956,14.774363694357426,False,-0.0824051674236387,BAY_OF_BISCAY
13,1999-04-12,805.846053147427,1073.6046255639828,-96.16833746484544,-171.5902349517104,76.19230518678961,17.460878056603,67.76475824903956,14.774363694357426,False,-0.0824051674236387,BAY_OF_BISCAY
14,1999-04-20,1319.6727856141829,1075.470108471701,396.8195391361189,-152.61686199363703,76.19230518678961,17.460878056603,67.76475824903956,14.774363694357426,False,-0.0824051674236387,BAY_OF_BISCAY
15,1999-04-28,1470.0353825911086,1076.9544547028013,506.74318529724206,-113.66225740893476,76.19230518678961,17.460878056603,67.76475824903956,14.774363694357426,False,-0.0824051674236387,BAY_OF_BISCAY
16,1999-05-04,1597.753182344743,1077.9854626995016,489.60517730926176,30.16254233597965,76.19230518678961,17.460878056603,67.76475824903956,14.774363694357426,False,-0.0824051674236387,BAY_OF_BISCAY
17,1999-05-12,1897.094714918822,1078.5080185644124,689.9299816299858,128.65671472442386,76.19230518678961,17.460878056603,67.76475824903956,14.774363694357426,False,-0.0824051674236387,BAY_OF_BISCAY
18,1999-05-20,1597.753182344743,1078.4888180173443,367.82752955887474,151.4368347685239,76.19230518678961,17.460878056603,67.76475824903956,14.774363694357426,False,-0.0824051674236387,BAY_OF_BISCAY
19,1999-05-28,1542.4840697484285,1077.9116997684282,318.54901367645465,146.02335630354543,76.19230518678961,17.460878056603,67.76475824903956,14.774363694357426,False,-0.0824051674236387,BAY_OF_BISCAY
20,1999-06-04,1008.6697781576208,1076.7664059013248,-84.02509321809873,15.92846547439467,76.19230518678961,17.460878056603,67.76475824903956,14.774363694357426,False,-0.0824051674236387,BAY_OF_BISCAY
21,1999-06-12,825.5272780946162,1075.0385484744104,-221.64634411848797,-27.86492626130621,76.19230518678961,17.460878056603,67.76475824903956,14.774363694357426,False,-0.0824051674236387,BAY_OF_BISCAY
22,1999-06-20,496.5247112246087,1072.7081797670958,-470.2871173339396,-105.89635120854746,76.19230518678961,17.460878056603,67.76475824903956,14.774363694357426,False,-0.0824051674236387,BAY_OF_BISCAY
23,1999-06-28,403.7057241076198,1069.7533542518906,-632.1439733151306,-33.903656829140346,76.19230518678961,17.460878056603,67.76475824903956,14.774363694357426,False,-0.0824051674236387,BAY_OF_BISCAY
24,1999-07-04,327.68530748880715,1066.161183726638,-709.4497507563908,-29.026125481439976,76.19230518678961,17.460878056603,67.76475824903956,14.774363694357426,False,-0.0824051674236387,BAY_OF_BISCAY
25,1999-07-12,327.68530748880715,1061.9349596429809,-718.9547065720368,-15.294945582136847,76.19230518678961,17.460878056603,67.76475824903956,14.774363694357426,False,-0.0824051674236387,BAY_OF_BISCAY
26,1999-07-20,290.8863597285564,1057.0919097973976,-748.6742767571494,-17.531273311691848,76.19230518678961,17.460878056603,67.76475824903956,14.774363694357426,False,-0.0824051674236387,BAY_OF_BISCAY
27,1999-07-28,358.2939825499786,1051.6612354409983,-707.639553795657,14.27230090463729,76.19230518678961,17.460878056603,67.76475824903956,14.774363694357426,False,-0.0824051674236387,BAY_OF_BISCAY
28,1999-08-04,373.2053326735179,1045.6830329717243,-711.1675445452834,38.68984424707696,76.19230518678961,17.460878056603,67.76475824903956,14.774363694357426,False,-0.0824051674236387,BAY_OF_BISCAY
29,1999-08-12,373.2053326735179,1039.2082114198497,-725.2302796321993,59.227400885867496,76.19230518678961,17.460878056603,67.76475824903956,14.774363694357426,False,-0.0824051674236387,BAY_OF_BISCAY
30,1999-08-20,243.86209254546384,1032.297970064919,-820.582356278792,32.1464787593369,76.19230518678961,17.460878056603,67.76475824903956,14.774363694357426,False,-0.0824051674236387,BAY_OF_BISCAY
31,1999-08-28,243.86209254546384,1025.020553039965,-813.4890301309513,32.33056963645004,76.19230518678961,17.460878056603,67.76475824903956,14.774363694357426,False,-0.0824051674236387,BAY_OF_BISCAY
32,1999-09-04,323.8732146479068,1017.44931540843,-717.8224048861135,24.246304125590317,76.19230518678961,17.460878056603,67.76475824903956,14.774363694357426,False,-0.0824051674236387,BAY_OF_BISCAY
33,1999-09-12,392.75685771498274,1009.6613708884548,-653.1331642966119,36.22865112313968,76.19230518678961,17.460878056603,67.76475824903956,14.774363694357426,False,-0.0824051674236387,BAY_OF_BISCAY
34,1999-09-20,473.1316777105767,1001.7366220852688,-596.5945833411548,67.98963896646273,76.19230518678961,17.460878056603,67.76475824903956,14.774363694357426,False,-0.0824051674236387,BAY_OF_BISCAY
35,1999-09-28,573.0826438733311,993.7581192954784,-518.437027100676,97.76155167852858,76.19230518678961,17.460878056603,67.76475824903956,14.774363694357426,False,-0.0824051674236387,BAY_OF_BISCAY
36,1999-10-04,573.0826438733311,985.8107004653768,-471.11625457828353,58.38819798623791,76.19230518678961,17.460878056603,67.76475824903956,14.774363694357426,False,-0.0824051674236387,BAY_OF_BISCAY
37,1999-10-12,824.5841326399446,977.9739461119262,-261.2075405812902,107.81772710930858,76.19230518678961,17.460878056603,67.76475824903956,14.774363694357426,False,-0.0824051674236387,BAY_OF_BISCAY
38,1999-10-20,817.606518523311,970.3201143184988,-272.293801270246,119.58020547505834,76.19230518678961,17.460878056603,67.76475824903956,14.774363694357426,False,-0.0824051674236387,BAY_OF_BISCAY
39,1999-10-28,817.606518523311,962.9158358673192,-240.7046147534972,95.39529740948905,76.19230518678961,17.460878056603,67.76475824903956,14.774363694357426,False,-0.0824051674236387,BAY_OF_BISCAY
40,1999-11-04,817.606518523311,955.8163561705126,-109.20341999196114,-29.0064176552404,76.19230518678961,17.460878056603,67.76475824903956,14.774363694357426,False,-0.0824051674236387,BAY_OF_BISCAY
41,1999-11-12,1259.20404832601,949.0547015463762,448.5018441260893,-138.35249734645555,76.19230518678961,17.460878056603,67.76475824903956,14.774363694357426,False,-0.0824051674236387,BAY_OF_BISCAY
42,1999-11-20,1259.20404832601,942.6326565154828,608.8718347098093,-292.300442899282,76.19230518678961,17.460878056603,67.76475824903956,14.774363694357426,False,-0.0824051674236387,BAY_OF_BISCAY
43,1999-11-28,862.5249622969367,936.5215884869722,191.80005523932837,-265.79668142936384,76.19230518678961,17.460878056603,67.76475824903956,14.774363694357426,False,-0.0824051674236387,BAY_OF_BISCAY
44,1999-12-04,862.5249622969367,930.6826020940266,197.1938511107642,-265.3514909078541,76.19230518678961,17.460878056603,67.76475824903956,14.774363694357426,False,-0.0824051674236387,BAY_OF_BISCAY
45,1999-12-12,1453.396701399062,925.0821219426672,463.111616469616,65.20296298677874,76.19230518678961,17.460878056603,67.76475824903956,14.774363694357426,False,-0.0824051674236387,BAY_OF_BISCAY
46,1999-12-20,2333.1417057025787,919.717940812214,1012.9523831930048,400.47138169736,76.19230518678961,17.460878056603,67.76475824903956,14.774363694357426,False,-0.0824051674236387,BAY_OF_BISCAY
47,1999-12-28,2333.1417057025787,914.637204505468,1012.5686488835768,405.9358523135337,76.19230518678961,17.460878056603,67.76475824903956,14.774363694357426,False,-0.0824051674236387,BAY_OF_BISCAY
48,2000-01-04,1678.9828098998546,909.9191741491215,527.7167009334038,241.3469348173292,76.19230518678961,17.460878056603,67.76475824903956,14.774363694357426,False,-0.0824051674236387,BAY_OF_BISCAY
49,2000-01-12,1144.1539376919632,905.6366174293156,264.2099463662845,-25.692626103636822,76.19230518678961,17.460878056603,67.76475824903956,14.774363694357426,False,-0.0824051674236387,BAY_OF_BISCAY
50,2000-01-20,894.612475621071,901.8485090911632,177.19105978952783,-184.42709325962,76.19230518678961,17.460878056603,67.76475824903956,14.774363694357426,False,-0.0824051674236387,BAY_OF_BISCAY
51,2000-01-28,778.9654536553329,898.6158825232334,199.5617361778067,-319.21216504570714,76.19230518678961,17.460878056603,67.76475824903956,14.774363694357426,False,-0.0824051674236387,BAY_OF_BISCAY
52,2000-02-04,778.9654536553329,895.9936547731136,199.67984446358068,-316.7080455813614,76.19230518678961,17.460878056603,67.76475824903956,14.774363694357426,False,-0.0824051674236387,BAY_OF_BISCAY
53,2000-02-12,925.463111892743,894.0311676254131,219.16614346634228,-187.7341991990124,76.19230518678961,17.460878056603,67.76475824903956,14.774363694357426,False,-0.0824051674236387,BAY_OF_BISCAY
54,2000-02-20,1206.4218262007053,892.78501597505,260.6954946761927,52.94131554946256,76.19230518678961,17.460878056603,67.76475824903956,14.774363694357426,False,-0.0824051674236387,BAY_OF_BISCAY
55,2000-02-28,1793.5667176664392,892.331239268366,606.6392393684179,294.5962390296554,76.19230518678961,17.460878056603,67.76475824903956,14.774363694357426,False,-0.0824051674236387,BAY_OF_BISCAY
56,2000-03-04,1207.9572266884757,892.7618640346474,394.6163676198343,-79.42100496600602,76.19230518678961,17.460878056603,67.76475824903956,14.774363694357426,False,-0.0824051674236387,BAY_OF_BISCAY
57,2000-03-12,1207.9572266884757,894.1654939730404,575.4956553272235,-261.70392261178824,76.19230518678961,17.460878056603,67.76475824903956,14.774363694357426,False,-0.0824051674236387,BAY_OF_BISCAY
58,2000-03-20,1188.7913726876789,896.6044413434663,454.2475880577196,-162.060656713507,76.19230518678961,17.460878056603,67.76475824903956,14.774363694357426,False,-0.0824051674236387,BAY_OF_BISCAY
59,2000-03-28,1188.7913726876789,900.1115482022649,443.85361680141904,-155.17379231600506,76.19230518678961,17.460878056603,67.76475824903956,14.774363694357426,False,-0.0824051674236387,BAY_OF_BISCAY
60,2000-04-04,1252.4484367645175,904.694221310176,347.64276409895297,0.1114513553889082,76.19230518678961,17.460878056603,67.76475824903956,14.774363694357426,False,-0.0824051674236387,BAY_OF_BISCAY
61,2000-04-12,1354.6331505981057,910.3459134892058,352.0134544403541,92.27378266854572,76.19230518678961,17.460878056603,67.76475824903956,14.774363694357426,False,-0.0824051674236387,BAY_OF_BISCAY
62,2000-04-20,1796.6212811278874,917.0526001327764,533.1024418314759,346.4662391636351,76.19230518678961,17.460878056603,67.76475824903956,14.774363694357426,False,-0.0824051674236387,BAY_OF_BISCAY
63,2000-04-28,1796.6212811278874,924.8134733629022,573.7335607386119,298.0742470263733,76.19230518678961,17.460878056603,67.76475824903956,14.774363694357426,False,-0.0824051674236387,BAY_OF_BISCAY
64,2000-05-04,1355.985475325714,933.6376738112476,439.38865436609336,-17.04085285162688,76.19230518678961,17.460878056603,67.76475824903956,14.774363694357426,False,-0.0824051674236387,BAY_OF_BISCAY
65,2000-05-12,1269.8574045943997,943.5342229066816,471.4063943335889,-145.0832126458709,76.19230518678961,17.460878056603,67.76475824903956,14.774363694357426,False,-0.0824051674236387,BAY_OF_BISCAY
66,2000-05-20,889.5148641225143,954.5125941345892,137.2696111071533,-202.26734111922812,76.19230518678961,17.460878056603,67.76475824903956,14.774363694357426,False,-0.0824051674236387,BAY_OF_BISCAY
67,2000-05-28,867.6634795231776,966.579632175358,-20.99315831147711,-77.92299434070324,76.19230518678961,17.460878056603,67.76475824903956,14.774363694357426,False,-0.0824051674236387,BAY_OF_BISCAY
68,2000-06-04,867.6634795231776,979.7421567643648,-236.49697611026863,124.41829886908148,76.19230518678961,17.460878056603,67.76475824903956,14.774363694357426,False,-0.0824051674236387,BAY_OF_BISCAY
69,2000-06-12,874.8337192704577,994.0101148946596,-291.2644197538543,172.08802412965247,76.19230518678961,17.460878056603,67.76475824903956,14.774363694357426,False,-0.0824051674236387,BAY_OF_BISCAY
70,2000-06-20,874.8337192704577,1009.3885407732032,-385.9284858867103,251.3736643839649,76.19230518678961,17.460878056603,67.76475824903956,14.774363694357426,False,-0.0824051674236387,BAY_OF_BISCAY
71,2000-06-28,512.6811541565496,1025.8705672624797,-573.0567051161854,59.86729201025537,76.19230518678961,17.460878056603,67.76475824903956,14.774363694357426,False,-0.0824051674236387,BAY_OF_BISCAY
72,2000-07-04,447.2099330400648,1043.4313247245873,-563.2717078688379,-32.94968381568469,76.19230518678961,17.460878056603,67.76475824903956,14.774363694357426,False,-0.0824051674236387,BAY_OF_BISCAY
73,2000-07-12,427.6092826457455,1062.0267513616525,-570.5956456109798,-63.82182310492726,76.19230518678961,17.460878056603,67.76475824903956,14.774363694357426,False,-0.0824051674236387,BAY_OF_BISCAY
74,2000-07-20,426.0518354654084,1081.5928357547757,-611.2880686983549,-44.25293159101216,76.19230518678961,17.460878056603,67.76475824903956,14.774363694357426,False,-0.0824051674236387,BAY_OF_BISCAY
75,2000-07-28,391.2965510304199,1102.0497373286803,-658.8808792438319,-51.87230705442869,76.19230518678961,17.460878056603,67.76475824903956,14.774363694357426,False,-0.0824051674236387,BAY_OF_BISCAY
76,2000-08-04,336.8422455719873,1123.30477489212,-716.5050978592851,-69.95743146084749,76.19230518678961,17.460878056603,67.76475824903956,14.774363694357426,False,-0.0824051674236387,BAY_OF_BISCAY
77,2000-08-12,272.53874796932394,1145.2554488578558,-748.776938298626,-123.93976258990584,76.19230518678961,17.460878056603,67.76475824903956,14.774363694357426,False,-0.0824051674236387,BAY_OF_BISCAY
78,2000-08-20,254.06555123274092,1167.788366981159,-797.0473247442368,-116.67549100418124,76.19230518678961,17.460878056603,67.76475824903956,14.774363694357426,False,-0.0824051674236387,BAY_OF_BISCAY
79,2000-08-28,254.06555123274092,1190.780166052141,-792.7124300675016,-144.00218475189854,76.19230518678961,17.460878056603,67.76475824903956,14.774363694357426,False,-0.0824051674236387,BAY_OF_BISCAY
80,2000-09-04,367.0809070017991,1214.0983234859189,-711.4236021119005,-135.5938143722193,76.19230518678961,17.460878056603,67.76475824903956,14.774363694357426,False,-0.0824051674236387,BAY_OF_BISCAY
81,2000-09-12,406.30796267197553,1237.6040640662163,-675.0089379292995,-156.2871634649414,76.19230518678961,17.460878056603,67.76475824903956,14.774363694357426,False,-0.0824051674236387,BAY_OF_BISCAY
82,2000-09-20,407.3125525737357,1261.1535728265949,-648.1394348141703,-205.70158543868865,76.19230518678961,17.460878056603,67.76475824903956,14.774363694357426,False,-0.0824051674236387,BAY_OF_BISCAY
83,2000-09-28,446.0996912864018,1284.5987583625397,-597.6684007784512,-240.83066629768663,76.19230518678961,17.460878056603,67.76475824903956,14.774363694357426,False,-0.0824051674236387,BAY_OF_BISCAY
84,2000-10-04,667.8913511915168,1307.787809354032,-492.1886792168684,-147.70777894564685,76.19230518678961,17.460878056603,67.76475824903956,14.774363694357426,False,-0.0824051674236387,BAY_OF_BISCAY
85,2000-10-12,790.3822228144436,1330.5674602879626,-371.89083018310095,-168.29440729041806,76.19230518678961,17.460878056603,67.76475824903956,14.774363694357426,False,-0.0824051674236387,BAY_OF_BISCAY
86,2000-10-20,790.3822228144436,1352.7844174370412,-342.88117307868885,-219.52102154390872,76.19230518678961,17.460878056603,67.76475824903956,14.774363694357426,False,-0.0824051674236387,BAY_OF_BISCAY
87,2000-10-28,924.1256103997536,1374.2853305057365,-271.78466158503784,-178.37505852094478,76.19230518678961,17.460878056603,67.76475824903956,14.774363694357426,False,-0.0824051674236387,BAY_OF_BISCAY
88,2000-11-04,1449.7149023725106,1394.9154734341942,-5.6283410909817855,60.42777002929818,76.19230518678961,17.460878056603,67.76475824903956,14.774363694357426,False,-0.0824051674236387,BAY_OF_BISCAY
89,2000-11-12,2343.477322892387,1414.5224711006742,552.2027417757175,376.7521100159951,76.19230518678961,17.460878056603,67.76475824903956,14.774363694357426,False,-0.0824051674236387,BAY_OF_BISCAY
90,2000-11-20,2965.2215132084834,1432.9671981311456,873.5007235425929,658.7535915347449,76.19230518678961,17.460878056603,67.76475824903956,14.774363694357426,False,-0.0824051674236387,BAY_OF_BISCAY
91,2000-11-28,2462.210722068709,1450.1301571570873,523.0418304485272,489.0387344630944,76.19230518678961,17.460878056603,67.76475824903956,14.774363694357426,False,-0.0824051674236387,BAY_OF_BISCAY
92,2000-12-04,2462.210722068709,1465.905713597263,522.7738364388783,473.5311720325676,76.19230518678961,17.460878056603,67.76475824903956,14.774363694357426,False,-0.0824051674236387,BAY_OF_BISCAY
93,2000-12-12,1742.5102706933058,1480.2070142080927,307.4750800447025,-45.17182355948944,76.19230518678961,17.460878056603,67.76475824903956,14.774363694357426,False,-0.0824051674236387,BAY_OF_BISCAY
94,2000-12-20,1300.586816524311,1492.959088524933,294.44671067145214,-486.81898267207407,76.19230518678961,17.460878056603,67.76475824903956,14.774363694357426,False,-0.0824051674236387,BAY_OF_BISCAY
95,2000-12-28,1300.586816524311,1504.0971634970947,292.40791027156416,-495.9182572443479,76.19230518678961,17.460878056603,67.76475824903956,14.774363694357426,False,-0.0824051674236387,BAY_OF_BISCAY
96,2001-01-04,1954.1504183812344,1513.557681243286,432.8838433893381,7.708893748610194,76.19230518678961,17.460878056603,67.76475824903956,14.774363694357426,False,-0.0824051674236387,BAY_OF_BISCAY
97,2001-01-12,1954.1504183812344,1521.2746112422535,306.8353412821996,126.04046585678088,76.19230518678961,17.460878056603,67.76475824903956,14.774363694357426,False,-0.0824051674236387,BAY_OF_BISCAY
98,2001-01-20,1998.042293059139,1527.171394676659,262.49920285610216,208.37169552637775,76.19230518678961,17.460878056603,67.76475824903956,14.774363694357426,False,-0.0824051674236387,BAY_OF_BISCAY
99,2001-01-28,2309.085840563947,1531.1621312717834,387.1187589779359,390.8049503142276,76.19230518678961,17.460878056603,67.76475824903956,14.774363694357426,False,-0.0824051674236387,BAY_OF_BISCAY
100,2001-02-04,2309.085840563947,1533.162536064937,388.003909656232,387.9193948427779,76.19230518678961,17.460878056603,67.76475824903956,14.774363694357426,False,-0.0824051674236387,BAY_OF_BISCAY
101,2001-02-12,1734.173018080786,1533.0962334586852,150.67923571534024,50.39754890676059,76.19230518678961,17.460878056603,67.76475824903956,14.774363694357426,False,-0.0824051674236387,BAY_OF_BISCAY
102,2001-02-20,1224.4505649466876,1530.8955430777658,71.99346900839109,-378.4384471394693,76.19230518678961,17.460878056603,67.76475824903956,14.774363694357426,False,-0.0824051674236387,BAY_OF_BISCAY
103,2001-02-28,1224.4505649466876,1526.489638892955,280.41243847759847,-582.451512423866,76.19230518678961,17.460878056603,67.76475824903956,14.774363694357426,False,-0.0824051674236387,BAY_OF_BISCAY
104,2001-03-04,1545.046685833974,1519.8057139505922,291.8037504700115,-266.5627785866298,76.19230518678961,17.460878056603,67.76475824903956,14.774363694357426,False,-0.0824051674236387,BAY_OF_BISCAY
105,2001-03-12,2653.713178498052,1510.7707048227755,761.2225373864995,381.7199362887769,76.19230518678961,17.460878056603,67.76475824903956,14.774363694357426,False,-0.0824051674236387,BAY_OF_BISCAY
106,2001-03-20,2653.713178498052,1499.3203523875322,753.850928659241,400.5418974512787,76.19230518678961,17.460878056603,67.76475824903956,14.774363694357426,False,-0.0824051674236387,BAY_OF_BISCAY
107,2001-03-28,2643.13048094339,1485.4099993330906,689.5972272240209,468.1232543862785,76.19230518678961,17.460878056603,67.76475824903956,14.774363694357426,False,-0.0824051674236387,BAY_OF_BISCAY
108,2001-04-04,2453.795883418852,1469.026558218173,611.4592047477257,373.31012045295336,76.19230518678961,17.460878056603,67.76475824903956,14.774363694357426,False,-0.0824051674236387,BAY_OF_BISCAY
109,2001-04-12,2255.6287836249785,1450.1851030758924,531.5291166652543,273.9145638838319,76.19230518678961,17.460878056603,67.76475824903956,14.774363694357426,False,-0.0824051674236387,BAY_OF_BISCAY
110,2001-04-20,1567.829999329986,1428.9304586506096,296.57349339087204,-157.67395271149553,76.19230518678961,17.460878056603,67.76475824903956,14.774363694357426,False,-0.0824051674236387,BAY_OF_BISCAY
111,2001-04-28,1567.829999329986,1405.3275604695884,273.00631187302463,-110.50387301262695,76.19230518678961,17.460878056603,67.76475824903956,14.774363694357426,False,-0.0824051674236387,BAY_OF_BISCAY
112,2001-05-04,1778.0766429834755,1379.4620901683058,272.4721145787445,126.14243823642516,76.19230518678961,17.460878056603,67.76475824903956,14.774363694357426,False,-0.0824051674236387,BAY_OF_BISCAY
113,2001-05-12,1778.0766429834755,1351.4302560033364,301.49522671260155,125.1511602675376,76.19230518678961,17.460878056603,67.76475824903956,14.774363694357426,False,-0.0824051674236387,BAY_OF_BISCAY
114,2001-05-20,1507.003975260413,1321.3334691770306,112.605656788291,73.06484929509142,76.19230518678961,17.460878056603,67.76475824903956,14.774363694357426,False,-0.0824051674236387,BAY_OF_BISCAY
115,2001-05-28,987.8826530187292,1289.2851264536168,-143.0007403096019,-158.40173312528572,76.19230518678961,17.460878056603,67.76475824903956,14.774363694357426,False,-0.0824051674236387,BAY_OF_BISCAY
116,2001-06-04,677.406124646541,1255.41361377663,-152.6673003880862,-425.34018874200274,76.19230518678961,17.460878056603,67.76475824903956,14.774363694357426,False,-0.0824051674236387,BAY_OF_BISCAY
117,2001-06-12,624.933554329544,1219.8572149207944,-170.1846020278467,-424.73905856340366,76.19230518678961,17.460878056603,67.76475824903956,14.774363694357426,False,-0.0824051674236387,BAY_OF_BISCAY
118,2001-06-20,529.915602106638,1182.765199876621,-397.44730656058255,-255.4022912094005,76.19230518678961,17.460878056603,67.76475824903956,14.774363694357426,False,-0.0824051674236387,BAY_OF_BISCAY
119,2001-06-28,529.915602106638,1144.3056626168973,-520.4197302228001,-93.9703302874592,76.19230518678961,17.460878056603,67.76475824903956,14.774363694357426,False,-0.0824051674236387,BAY_OF_BISCAY
120,2001-07-04,733.7771723941379,1104.6635937903038,-436.97910522661306,66.09268383044713,76.19230518678961,17.460878056603,67.76475824903956,14.774363694357426,False,-0.0824051674236387,BAY_OF_BISCAY
121,2001-07-12,733.7771723941379,1064.0348838024145,-433.2060527173714,102.9483413090948,76.19230518678961,17.460878056603,67.76475824903956,14.774363694357426,False,-0.0824051674236387,BAY_OF_BISCAY
122,2001-07-20,609.1807382317875,1022.6277884892728,-489.0051305547509,75.55808029726563,76.19230518678961,17.460878056603,67.76475824903956,14.774363694357426,False,-0.0824051674236387,BAY_OF_BISCAY
123,2001-07-28,425.96033753518975,980.6607561971796,-608.846561011435,54.1461423494452,76.19230518678961,17.460878056603,67.76475824903956,14.774363694357426,False,-0.0824051674236387,BAY_OF_BISCAY
124,2001-08-04,299.6477978191333,938.3601197755846,-678.5259054262793,39.81358346982802,76.19230518678961,17.460878056603,67.76475824903956,14.774363694357426,False,-0.0824051674236387,BAY_OF_BISCAY
125,2001-08-12,299.6477978191333,895.954553398436,-688.9547675913727,92.64801201207,76.19230518678961,17.460878056603,67.76475824903956,14.774363694357426,False,-0.0824051674236387,BAY_OF_BISCAY
126,2001-08-20,258.6801255994852,853.6724338870088,-698.3241361373883,103.33182784986468,76.19230518678961,17.460878056603,67.76475824903956,14.774363694357426,False,-0.0824051674236387,BAY_OF_BISCAY
127,2001-08-28,252.2079264001096,811.7388788603141,-671.3226968897314,111.79174442952684,76.19230518678961,17.460878056603,67.76475824903956,14.774363694357426,False,-0.0824051674236387,BAY_OF_BISCAY
128,2001-09-04,252.2079264001096,770.3740517608641,-633.2318589120595,115.06573355130502,76.19230518678961,17.460878056603,67.76475824903956,14.774363694357426,False,-0.0824051674236387,BAY_OF_BISCAY
129,2001-09-12,253.8452586055028,729.7913367374603,-612.4482077158434,136.50212958388596,76.19230518678961,17.460878056603,67.76475824903956,14.774363694357426,False,-0.0824051674236387,BAY_OF_BISCAY
130,2001-09-20,300.0983301736926,690.1977608361962,-575.5748035112022,185.4753728486986,76.19230518678961,17.460878056603,67.76475824903956,14.774363694357426,False,-0.0824051674236387,BAY_OF_BISCAY
131,2001-09-28,349.1832519381769,651.79332665718,-530.2353406421427,227.62526592313952,76.19230518678961,17.460878056603,67.76475824903956,14.774363694357426,False,-0.0824051674236387,BAY_OF_BISCAY
132,2001-10-04,351.7489422393894,614.7717108671229,-456.8545971437211,193.8318285159876,76.19230518678961,17.460878056603,67.76475824903956,14.774363694357426,False,-0.0824051674236387,BAY_OF_BISCAY
133,2001-10-12,358.8054180098838,579.3222609872481,-370.2076080811099,149.6907651037456,76.19230518678961,17.460878056603,67.76475824903956,14.774363694357426,False,-0.0824051674236387,BAY_OF_BISCAY
134,2001-10-20,484.15152855008944,545.6296737571543,-266.9402063438501,205.4620611367853,76.19230518678961,17.460878056603,67.76475824903956,14.774363694357426,False,-0.0824051674236387,BAY_OF_BISCAY
135,2001-10-28,484.15152855008944,513.8710052995549,-231.70004945326204,201.98057270379655,76.19230518678961,17.460878056603,67.76475824903956,14.774363694357426,False,-0.0824051674236387,BAY_OF_BISCAY
136,2001-11-04,484.15152855008944,484.2203935254352,-70.01276441094176,69.94389943559604,76.19230518678961,17.460878056603,67.76475824903956,14.774363694357426,False,-0.0824051674236387,BAY_OF_BISCAY
137,2001-11-12,478.5001931090141,456.85195614369024,307.32999887162,-285.6817619062961,76.19230518678961,17.460878056603,67.76475824903956,14.774363694357426,False,-0.0824051674236387,BAY_OF_BISCAY
138,2001-11-20,517.9609214311937,431.93239535333424,576.8022868757668,-490.7737607979073,76.19230518678961,17.460878056603,67.76475824903956,14.774363694357426,False,-0.0824051674236387,BAY_OF_BISCAY
139,2001-11-28,517.9609214311937,409.6107534429123,473.8965914289399,-365.5464234406585,76.19230518678961,17.460878056603,67.76475824903956,14.774363694357426,False,-0.0824051674236387,BAY_OF_BISCAY
140,2001-12-04,519.8803131206304,390.0130518011572,490.43865271855947,-360.5713913990863,76.19230518678961,17.460878056603,67.76475824903956,14.774363694357426,False,-0.0824051674236387,BAY_OF_BISCAY
141,2001-12-12,519.8803131206304,373.22693218257416,311.21833441014525,-164.56495347208903,76.19230518678961,17.460878056603,67.76475824903956,14.774363694357426,False,-0.0824051674236387,BAY_OF_BISCAY
142,2001-12-20,480.6365010174277,359.30238811289627,110.44996320624742,10.884149698284006,76.19230518678961,17.460878056603,67.76475824903956,14.774363694357426,False,-0.0824051674236387,BAY_OF_BISCAY
143,2001-12-28,478.9642217902744,348.24861284166855,113.60915528089674,17.106453667709047,76.19230518678961,17.460878056603,67.76475824903956,14.774363694357426,False,-0.0824051674236387,BAY_OF_BISCAY
144,2002-01-04,400.57704716888526,340.05130961274506,339.04522705256454,-278.51948949642434,76.19230518678961,17.460878056603,67.76475824903956,14.774363694357426,False,-0.0824051674236387,BAY_OF_BISCAY
145,2002-01-12,447.3420787482058,334.6868634057277,366.5378985560884,-253.88268321361025,76.19230518678961,17.460878056603,67.76475824903956,14.774363694357426,False,-0.0824051674236387,BAY_OF_BISCAY
146,2002-01-20,447.3420787482058,332.1562140234933,380.9435778169041,-265.7577130921916,76.19230518678961,17.460878056603,67.76475824903956,14.774363694357426,False,-0.0824051674236387,BAY_OF_BISCAY
147,2002-01-28,450.8203044114275,332.4638147561656,480.3323001096194,-361.9758104543575,76.19230518678961,17.460878056603,67.76475824903956,14.774363694357426,False,-0.0824051674236387,BAY_OF_BISCAY
148,2002-02-04,461.5898362355063,335.6065751992603,520.1734045438162,-394.1901435075702,76.19230518678961,17.460878056603,67.76475824903956,14.774363694357426,False,-0.0824051674236387,BAY_OF_BISCAY
149,2002-02-12,522.5719261400961,341.5451091578171,407.5444363101961,-226.51761932791703,76.19230518678961,17.460878056603,67.76475824903956,14.774363694357426,False,-0.0824051674236387,BAY_OF_BISCAY
150,2002-02-20,955.3684105860368,350.19006675906667,347.1678419381174,258.0105018888528,76.19230518678961,17.460878056603,67.76475824903956,14.774363694357426,False,-0.0824051674236387,BAY_OF_BISCAY
151,2002-02-28,1213.2208441529413,361.4171755185324,474.8473060465246,376.95636258788426,76.19230518678961,17.460878056603,67.76475824903956,14.774363694357426,False,-0.0824051674236387,BAY_OF_BISCAY
152,2002-03-04,1213.2208441529413,375.08060880154585,542.2139504404598,295.9262849109356,76.19230518678961,17.460878056603,67.76475824903956,14.774363694357426,False,-0.0824051674236387,BAY_OF_BISCAY
153,2002-03-12,880.0854204185204,391.034179360152,651.2114827008854,-162.16024164251706,76.19230518678961,17.460878056603,67.76475824903956,14.774363694357426,False,-0.0824051674236387,BAY_OF_BISCAY
154,2002-03-20,874.1038695456849,409.1460835265184,571.1215038825761,-106.16371786340954,76.19230518678961,17.460878056603,67.76475824903956,14.774363694357426,False,-0.0824051674236387,BAY_OF_BISCAY
155,2002-03-28,640.2102556488535,429.29983557877983,385.6723644599746,-174.76194438990098,76.19230518678961,17.460878056603,67.76475824903956,14.774363694357426,False,-0.0824051674236387,BAY_OF_BISCAY
156,2002-04-04,640.2102556488535,451.3709195403132,319.69869951311125,-130.85936340457096,76.19230518678961,17.460878056603,67.76475824903956,14.774363694357426,False,-0.0824051674236387,BAY_OF_BISCAY
157,2002-04-12,606.4721923050888,475.2212434742117,245.5822152202368,-114.33126638935968,76.19230518678961,17.460878056603,67.76475824903956,14.774363694357426,False,-0.0824051674236387,BAY_OF_BISCAY
158,2002-04-20,591.0184882103185,500.6932487474752,59.62749333850137,30.697746124341972,76.19230518678961,17.460878056603,67.76475824903956,14.774363694357426,False,-0.0824051674236387,BAY_OF_BISCAY
159,2002-04-28,486.75915642510495,527.6102317867983,6.0473734195821285,-46.89844878127548,76.19230518678961,17.460878056603,67.76475824903956,14.774363694357426,False,-0.0824051674236387,BAY_OF_BISCAY
160,2002-05-04,486.75915642510495,555.7746526908594,50.38314114183188,-119.39863740758634,76.19230518678961,17.460878056603,67.76475824903956,14.774363694357426,False,-0.0824051674236387,BAY_OF_BISCAY
161,2002-05-12,656.9086916824982,584.9864988751857,135.92296645913018,-64.00077365181767,76.19230518678961,17.460878056603,67.76475824903956,14.774363694357426,False,-0.0824051674236387,BAY_OF_BISCAY
162,2002-05-20,779.9547094528632,615.0430001165879,129.09638660497896,35.815322731296334,76.19230518678961,17.460878056603,67.76475824903956,14.774363694357426,False,-0.0824051674236387,BAY_OF_BISCAY
163,2002-05-28,779.9547094528632,645.722068539533,-6.832217563089632,141.06485847641986,76.19230518678961,17.460878056603,67.76475824903956,14.774363694357426,False,-0.0824051674236387,BAY_OF_BISCAY
164,2002-06-04,1333.903118821152,676.7786017816663,188.3564215728481,468.7680954666376,76.19230518678961,17.460878056603,67.76475824903956,14.774363694357426,False,-0.0824051674236387,BAY_OF_BISCAY
165,2002-06-12,1333.903118821152,707.9506989501313,128.94649593113346,497.00592393988734,76.19230518678961,17.460878056603,67.76475824903956,14.774363694357426,False,-0.0824051674236387,BAY_OF_BISCAY
166,2002-06-20,579.2481719956611,738.971327015389,-309.88506083707216,150.1619058173443,76.19230518678961,17.460878056603,67.76475824903956,14.774363694357426,False,-0.0824051674236387,BAY_OF_BISCAY
167,2002-06-28,404.60059287717417,769.57738749011,-424.457676401102,59.48088178816613,76.19230518678961,17.460878056603,67.76475824903956,14.774363694357426,False,-0.0824051674236387,BAY_OF_BISCAY
168,2002-07-04,353.2441745748571,799.5181588519655,-415.4517209091638,-30.82226336794463,76.19230518678961,17.460878056603,67.76475824903956,14.774363694357426,False,-0.0824051674236387,BAY_OF_BISCAY
169,2002-07-12,353.2441745748571,828.557193577716,-434.57526068067386,-40.73775832218507,76.19230518678961,17.460878056603,67.76475824903956,14.774363694357426,False,-0.0824051674236387,BAY_OF_BISCAY
170,2002-07-20,353.2441745748571,856.4723502602777,-489.6392343550351,-13.588941330385524,76.19230518678961,17.460878056603,67.76475824903956,14.774363694357426,False,-0.0824051674236387,BAY_OF_BISCAY
171,2002-07-28,247.4028592816489,883.0538462119077,-614.912169035705,-20.73881789455379,76.19230518678961,17.460878056603,67.76475824903956,14.774363694357426,False,-0.0824051674236387,BAY_OF_BISCAY
172,2002-08-04,247.4028592816489,908.1045751845132,-667.3955607004583,6.693844797593897,76.19230518678961,17.460878056603,67.76475824903956,14.774363694357426,False,-0.0824051674236387,BAY_OF_BISCAY
173,2002-08-12,247.4028592816489,931.4449756875712,-675.2313523809496,-8.810764024972514,76.19230518678961,17.460878056603,67.76475824903956,14.774363694357426,False,-0.0824051674236387,BAY_OF_BISCAY
174,2002-08-20,292.81026945125313,952.9175143964252,-658.111270417168,-1.9959745280040124,76.19230518678961,17.460878056603,67.76475824903956,14.774363694357426,False,-0.0824051674236387,BAY_OF_BISCAY
175,2002-08-28,392.8712663578718,972.390285087119,-611.2148559874971,31.69583725824998,76.19230518678961,17.460878056603,67.76475824903956,14.774363694357426,False,-0.0824051674236387,BAY_OF_BISCAY
176,2002-09-04,409.6797570975741,989.7583923449477,-603.4654855035909,23.38685025621737,76.19230518678961,17.460878056603,67.76475824903956,14.774363694357426,False,-0.0824051674236387,BAY_OF_BISCAY
177,2002-09-12,414.6408386080452,1004.9451198137964,-588.1533290514323,-2.1509521543189294,76.19230518678961,17.460878056603,67.76475824903956,14.774363694357426,False,-0.0824051674236387,BAY_OF_BISCAY
178,2002-09-20,414.6408386080452,1017.9016422668816,-567.1158114051503,-36.14499225368604,76.19230518678961,17.460878056603,67.76475824903956,14.774363694357426,False,-0.0824051674236387,BAY_OF_BISCAY
179,2002-09-28,396.8913050594794,1028.6068596838904,-557.7523921224017,-73.96316250200925,76.19230518678961,17.460878056603,67.76475824903956,14.774363694357426,False,-0.0824051674236387,BAY_OF_BISCAY
180,2002-10-04,396.8913050594794,1037.065946384192,-540.927342355244,-99.2472989694686,76.19230518678961,17.460878056603,67.76475824903956,14.774363694357426,False,-0.0824051674236387,BAY_OF_BISCAY
181,2002-10-12,541.3464490309441,1043.3063129177262,-456.74121573078605,-45.21864815599611,76.19230518678961,17.460878056603,67.76475824903956,14.774363694357426,False,-0.0824051674236387,BAY_OF_BISCAY
182,2002-10-20,641.0402019574844,1047.3740553178138,-370.4346368721882,-35.89921648814118,76.19230518678961,17.460878056603,67.76475824903956,14.774363694357426,False,-0.0824051674236387,BAY_OF_BISCAY
183,2002-10-28,587.1322156961899,1049.332510409407,-355.2547698592763,-106.9455248539408,76.19230518678961,17.460878056603,67.76475824903956,14.774363694357426,False,-0.0824051674236387,BAY_OF_BISCAY
184,2002-11-04,648.7847718338955,1049.2563334531476,-321.9911142695585,-78.48044734969352,76.19230518678961,17.460878056603,67.76475824903956,14.774363694357426,False,-0.0824051674236387,BAY_OF_BISCAY
185,2002-11-12,1221.7259502809356,1047.224741545485,-3.4218001288627637,177.92300886431352,76.19230518678961,17.460878056603,67.76475824903956,14.774363694357426,False,-0.0824051674236387,BAY_OF_BISCAY
186,2002-11-20,1556.5830775462114,1043.3179184259254,176.16772339295505,337.0974357273309,76.19230518678961,17.460878056603,67.76475824903956,14.774363694357426,False,-0.0824051674236387,BAY_OF_BISCAY
187,2002-11-28,1620.135862598406,1037.617831951551,382.5914397999789,199.9265908468764,76.19230518678961,17.460878056603,67.76475824903956,14.774363694357426,False,-0.0824051674236387,BAY_OF_BISCAY
188,2002-12-04,1670.36878794119,1030.2069633453432,448.9353601241184,191.2264644717285,76.19230518678961,17.460878056603,67.76475824903956,14.774363694357426,False,-0.0824051674236387,BAY_OF_BISCAY
189,2002-12-12,1670.36878794119,1021.178516030688,455.2227966121632,193.9674752983389,76.19230518678961,17.460878056603,67.76475824903956,14.774363694357426,False,-0.0824051674236387,BAY_OF_BISCAY
190,2002-12-20,1377.1277904851518,1010.6367953668602,235.09923421033412,131.39176090795746,76.19230518678961,17.460878056603,67.76475824903956,14.774363694357426,False,-0.0824051674236387,BAY_OF_BISCAY
191,2002-12-28,1377.1277904851518,998.7048283188776,239.03561267900383,139.3873494872702,76.19230518678961,17.460878056603,67.76475824903956,14.774363694357426,False,-0.0824051674236387,BAY_OF_BISCAY
192,2003-01-04,1766.456902321364,985.5167218242972,429.6881507782536,351.25202971881333,76.19230518678961,17.460878056603,67.76475824903956,14.774363694357426,False,-0.0824051674236387,BAY_OF_BISCAY
193,2003-01-12,1766.456902321364,971.2105133969096,1124.7866791255742,-329.5402902011198,76.19230518678961,17.460878056603,67.76475824903956,14.774363694357426,False,-0.0824051674236387,BAY_OF_BISCAY
194,2003-01-20,1766.456902321364,955.8764460254824,1166.1644024664563,-355.5839461705748,76.19230518678961,17.460878056603,67.76475824903956,14.774363694357426,False,-0.0824051674236387,BAY_OF_BISCAY
195,2003-01-28,1835.8895899393451,939.5823618067208,1207.1874694122637,-310.880241279639,76.19230518678961,17.460878056603,67.76475824903956,14.774363694357426,False,-0.0824051674236387,BAY_OF_BISCAY
196,2003-02-04,1967.5823750252268,922.3868953098522,754.4299130055114,290.76556670986326,76.19230518678961,17.460878056603,67.76475824903956,14.774363694357426,False,-0.0824051674236387,BAY_OF_BISCAY
197,2003-02-12,1967.5823750252268,904.3877899686084,555.1128088591901,508.0817761974285,76.19230518678961,17.460878056603,67.76475824903956,14.774363694357426,False,-0.0824051674236387,BAY_OF_BISCAY
198,2003-02-20,1371.2886951179205,885.7385905089944,361.64883677340754,123.9012678355183,76.19230518678961,17.460878056603,67.76475824903956,14.774363694357426,False,-0.0824051674236387,BAY_OF_BISCAY
199,2003-02-28,1371.2886951179205,866.6395193955452,422.8706980993568,81.7784776230182,76.19230518678961,17.460878056603,67.76475824903956,14.774363694357426,False,-0.0824051674236387,BAY_OF_BISCAY
200,2003-03-04,1326.4480711077708,847.3275766099509,414.0785863739115,65.0419081239084,76.19230518678961,17.460878056603,67.76475824903956,14.774363694357426,False,-0.0824051674236387,BAY_OF_BISCAY
201,2003-03-12,1326.4480711077708,828.048119926575,381.02656977017006,117.37338141102572,76.19230518678961,17.460878056603,67.76475824903956,14.774363694357426,False,-0.0824051674236387,BAY_OF_BISCAY
202,2003-03-20,1025.2246030875483,809.0342237321481,234.1456603317964,-17.955280976395954,76.19230518678961,17.460878056603,67.76475824903956,14.774363694357426,False,-0.0824051674236387,BAY_OF_BISCAY
203,2003-03-28,768.565299658716,790.4981394617554,52.58608203488847,-74.5189218379279,76.19230518678961,17.460878056603,67.76475824903956,14.774363694357426,False,-0.0824051674236387,BAY_OF_BISCAY
204,2003-04-04,698.7257629530687,772.6438814079726,-18.370300709257755,-55.54781774564608,76.19230518678961,17.460878056603,67.76475824903956,14.774363694357426,False,-0.0824051674236387,BAY_OF_BISCAY
205,2003-04-12,672.0063645653614,755.6665550590171,22.842150323132564,-106.50234081678826,76.19230518678961,17.460878056603,67.76475824903956,14.774363694357426,False,-0.0824051674236387,BAY_OF_BISCAY
206,2003-04-20,652.132918540766,739.7528212656388,84.66845363833,-172.28835636320275,76.19230518678961,17.460878056603,67.76475824903956,14.774363694357426,False,-0.0824051674236387,BAY_OF_BISCAY
207,2003-04-28,652.132918540766,725.0756149598137,96.71526714711074,-169.65796356615846,76.19230518678961,17.460878056603,67.76475824903956,14.774363694357426,False,-0.0824051674236387,BAY_OF_BISCAY
208,2003-05-04,620.9683368260157,711.7927753892408,151.47588558821786,-242.3003241514429,76.19230518678961,17.460878056603,67.76475824903956,14.774363694357426,False,-0.0824051674236387,BAY_OF_BISCAY
209,2003-05-12,618.7077855629705,700.0361407703454,197.11220548267093,-278.4405606900458,76.19230518678961,17.460878056603,67.76475824903956,14.774363694357426,False,-0.0824051674236387,BAY_OF_BISCAY
210,2003-05-20,607.5914248415653,689.9183760993698,40.72018761502449,-123.04713887282897,76.19230518678961,17.460878056603,67.76475824903956,14.774363694357426,False,-0.0824051674236387,BAY_OF_BISCAY
211,2003-05-28,584.3093097865891,681.5524205692553,-54.77477161740397,-42.468339165262265,76.19230518678961,17.460878056603,67.76475824903956,14.774363694357426,False,-0.0824051674236387,BAY_OF_BISCAY
212,2003-06-04,584.3093097865891,675.0549464248729,63.221584376495954,-153.9672210147798,76.19230518678961,17.460878056603,67.76475824903956,14.774363694357426,False,-0.0824051674236387,BAY_OF_BISCAY
213,2003-06-12,425.4585504816796,670.5404718535286,-48.7281002849169,-196.35382108693213,76.19230518678961,17.460878056603,67.76475824903956,14.774363694357426,False,-0.0824051674236387,BAY_OF_BISCAY
214,2003-06-20,307.29653623437457,668.1149566851839,-340.21866437281943,-20.599756077989863,76.19230518678961,17.460878056603,67.76475824903956,14.774363694357426,False,-0.0824051674236387,BAY_OF_BISCAY
215,2003-06-28,229.99514717583511,667.8585544921706,-436.56643609269815,-1.2969712236373423,76.19230518678961,17.460878056603,67.76475824903956,14.774363694357426,False,-0.0824051674236387,BAY_OF_BISCAY
216,2003-07-04,194.68382212117504,669.8159476215296,-473.02735226152606,-2.1047732388285567,76.19230518678961,17.460878056603,67.76475824903956,14.774363694357426,False,-0.0824051674236387,BAY_OF_BISCAY
217,2003-07-12,173.67989398065512,674.0036960131704,-504.1771591652148,3.853357132699557,76.19230518678961,17.460878056603,67.76475824903956,14.774363694357426,False,-0.0824051674236387,BAY_OF_BISCAY
218,2003-07-20,161.54498039723146,680.4121715334945,-526.050159486019,7.1829683497559245,76.19230518678961,17.460878056603,67.76475824903956,14.774363694357426,False,-0.0824051674236387,BAY_OF_BISCAY
219,2003-07-28,136.47905812447283,689.0074156055606,-599.0217925705156,46.49343508942775,76.19230518678961,17.460878056603,67.76475824903956,14.774363694357426,False,-0.0824051674236387,BAY_OF_BISCAY
220,2003-08-04,109.7672304114758,699.732888176333,-622.9874547257456,33.02179696088842,76.19230518678961,17.460878056603,67.76475824903956,14.774363694357426,False,-0.0824051674236387,BAY_OF_BISCAY
221,2003-08-12,109.7672304114758,712.5082290656734,-620.356074797282,17.615076143084366,76.19230518678961,17.460878056603,67.76475824903956,14.774363694357426,False,-0.0824051674236387,BAY_OF_BISCAY
222,2003-08-20,148.98158622862357,727.2294975674068,-590.1756833277404,11.927771988957147,76.19230518678961,17.460878056603,67.76475824903956,14.774363694357426,False,-0.0824051674236387,BAY_OF_BISCAY
223,2003-08-28,153.40468902338978,743.7689341560083,-561.9951528814308,-28.36909225118768,76.19230518678961,17.460878056603,67.76475824903956,14.774363694357426,False,-0.0824051674236387,BAY_OF_BISCAY
224,2003-09-04,153.40468902338978,761.9762257129914,-558.4415635314913,-50.12997315811037,76.19230518678961,17.460878056603,67.76475824903956,14.774363694357426,False,-0.0824051674236387,BAY_OF_BISCAY
225,2003-09-12,194.62118774484628,781.6801395518738,-538.2837439031694,-48.775207903858245,76.19230518678961,17.460878056603,67.76475824903956,14.774363694357426,False,-0.0824051674236387,BAY_OF_BISCAY
226,2003-09-20,213.3117312195187,802.6895207714844,-532.4592960590912,-56.9184934928744,76.19230518678961,17.460878056603,67.76475824903956,14.774363694357426,False,-0.0824051674236387,BAY_OF_BISCAY
227,2003-09-28,213.3117312195187,824.7948858365877,-542.2749124231451,-69.20824219392387,76.19230518678961,17.460878056603,67.76475824903956,14.774363694357426,False,-0.0824051674236387,BAY_OF_BISCAY
228,2003-10-04,252.14244718178185,847.7709296021978,-523.6153547557626,-72.01312766465344,76.19230518678961,17.460878056603,67.76475824903956,14.774363694357426,False,-0.0824051674236387,BAY_OF_BISCAY
229,2003-10-12,269.6987993246376,871.3799262959019,-484.0786920010007,-117.60243497026369,76.19230518678961,17.460878056603,67.76475824903956,14.774363694357426,False,-0.0824051674236387,BAY_OF_BISCAY
230,2003-10-20,280.2154710704984,895.3766678109541,-443.6362353193672,-171.52496142108862,76.19230518678961,17.460878056603,67.76475824903956,14.774363694357426,False,-0.0824051674236387,BAY_OF_BISCAY
231,2003-10-28,450.0103167539113,919.5123874581024,-365.5330830649059,-103.96898763928527,76.19230518678961,17.460878056603,67.76475824903956,14.774363694357426,False,-0.0824051674236387,BAY_OF_BISCAY
232,2003-11-04,462.5476225470398,943.5386568864192,-355.81601171628995,-125.17502262308932,76.19230518678961,17.460878056603,67.76475824903956,14.774363694357426,False,-0.0824051674236387,BAY_OF_BISCAY
233,2003-11-12,596.6961856892767,967.2120489622732,-162.5206255062244,-207.9952377667721,76.19230518678961,17.460878056603,67.76475824903956,14.774363694357426,False,-0.0824051674236387,BAY_OF_BISCAY
234,2003-11-20,596.6961856892767,990.3045127635052,-105.23865173021046,-288.369675344018,76.19230518678961,17.460878056603,67.76475824903956,14.774363694357426,False,-0.0824051674236387,BAY_OF_BISCAY
235,2003-11-28,1280.1349948195168,1012.6087855583188,245.24401778349403,22.28219147770409,76.19230518678961,17.460878056603,67.76475824903956,14.774363694357426,False,-0.0824051674236387,BAY_OF_BISCAY
236,2003-12-04,1424.9509593024504,1033.937851940803,332.6037660267426,58.40934133490475,76.19230518678961,17.460878056603,67.76475824903956,14.774363694357426,False,-0.0824051674236387,BAY_OF_BISCAY
237,2003-12-12,1424.9509593024504,1054.1180832445214,350.5869011421793,20.2459749157498,76.19230518678961,17.460878056603,67.76475824903956,14.774363694357426,False,-0.0824051674236387,BAY_OF_BISCAY
238,2003-12-20,1147.3803619360071,1072.9905687373528,195.29991136221463,-120.91011816356028,76.19230518678961,17.460878056603,67.76475824903956,14.774363694357426,False,-0.0824051674236387,BAY_OF_BISCAY
239,2003-12-28,1147.3803619360071,1090.4030896957663,192.0548755913733,-135.07760335113247,76.19230518678961,17.460878056603,67.76475824903956,14.774363694357426,False,-0.0824051674236387,BAY_OF_BISCAY
240,2004-01-04,1189.7571029215087,1106.2108005948903,300.4638697571941,-216.91756743057573,76.19230518678961,17.460878056603,67.76475824903956,14.774363694357426,False,-0.0824051674236387,BAY_OF_BISCAY
241,2004-01-12,3899.6747767386873,1120.2811268755852,1652.8694374635104,1126.5242123995915,76.19230518678961,17.460878056603,67.76475824903956,14.774363694357426,False,-0.0824051674236387,BAY_OF_BISCAY
242,2004-01-20,4041.066338782311,1132.5167923179804,1776.852903553727,1131.696642910603,76.19230518678961,17.460878056603,67.76475824903956,14.774363694357426,False,-0.0824051674236387,BAY_OF_BISCAY
243,2004-01-28,4041.066338782311,1142.8341292214138,1793.017974089223,1105.214235471674,76.19230518678961,17.460878056603,67.76475824903956,14.774363694357426,False,-0.0824051674236387,BAY_OF_BISCAY
244,2004-02-04,1936.366312666864,1151.1871531639554,745.4266611585822,39.75249834432611,76.19230518678961,17.460878056603,67.76475824903956,14.774363694357426,False,-0.0824051674236387,BAY_OF_BISCAY
245,2004-02-12,1059.0630549962043,1157.5526487197335,306.22661729624167,-404.7162110197706,76.19230518678961,17.460878056603,67.76475824903956,14.774363694357426,False,-0.0824051674236387,BAY_OF_BISCAY
246,2004-02-20,1025.852189530964,1161.9303401085522,143.55946736598028,-279.6376179435684,76.19230518678961,17.460878056603,67.76475824903956,14.774363694357426,False,-0.0824051674236387,BAY_OF_BISCAY
247,2004-02-28,992.7608664958442,1164.3239624047828,128.03379702380337,-299.596892932742,76.19230518678961,17.460878056603,67.76475824903956,14.774363694357426,False,-0.0824051674236387,BAY_OF_BISCAY
248,2004-03-04,1025.852189530964,1164.7330227250145,128.15898993078605,-267.03982312483646,76.19230518678961,17.460878056603,67.76475824903956,14.774363694357426,False,-0.0824051674236387,BAY_OF_BISCAY
249,2004-03-12,1205.5370456713997,1163.166239665468,164.751646855874,-122.38084084994236,76.19230518678961,17.460878056603,67.76475824903956,14.774363694357426,False,-0.0824051674236387,BAY_OF_BISCAY
250,2004-03-20,1205.5370456713997,1159.6474537210513,91.49730502461574,-45.60771307426734,76.19230518678961,17.460878056603,67.76475824903956,14.774363694357426,False,-0.0824051674236387,BAY_OF_BISCAY
251,2004-03-28,1205.5370456713997,1154.2140566761746,45.89290575016079,5.430083245064374,76.19230518678961,17.460878056603,67.76475824903956,14.774363694357426,False,-0.0824051674236387,BAY_OF_BISCAY
252,2004-04-04,1041.531888061889,1146.9096384342058,-44.115971529318585,-61.26177884299818,76.19230518678961,17.460878056603,67.76475824903956,14.774363694357426,False,-0.0824051674236387,BAY_OF_BISCAY
253,2004-04-12,1274.0965939088546,1137.7843348590925,156.5458782375343,-20.233619187772177,76.19230518678961,17.460878056603,67.76475824903956,14.774363694357426,False,-0.0824051674236387,BAY_OF_BISCAY
254,2004-04-20,1555.7677083333144,1126.888355071168,337.0431235916496,91.83622967049683,76.19230518678961,17.460878056603,67.76475824903956,14.774363694357426,False,-0.0824051674236387,BAY_OF_BISCAY
255,2004-04-28,1690.5864297485955,1114.2690827818951,409.17067947871,167.14666748799038,76.19230518678961,17.460878056603,67.76475824903956,14.774363694357426,False,-0.0824051674236387,BAY_OF_BISCAY
256,2004-05-04,1958.553438480156,1099.9735396148028,491.0385608778563,367.5413379874967,76.19230518678961,17.460878056603,67.76475824903956,14.774363694357426,False,-0.0824051674236387,BAY_OF_BISCAY
257,2004-05-12,1958.553438480156,1084.0595823212,496.9229244921062,377.5709316668497,76.19230518678961,17.460878056603,67.76475824903956,14.774363694357426,False,-0.0824051674236387,BAY_OF_BISCAY
258,2004-05-20,1207.6577572931749,1066.5959208299057,97.8184426438529,43.24339381941627,76.19230518678961,17.460878056603,67.76475824903956,14.774363694357426,False,-0.0824051674236387,BAY_OF_BISCAY
259,2004-05-28,851.2658576005724,1047.66194038323,-99.40325568412588,-96.9928270985318,76.19230518678961,17.460878056603,67.76475824903956,14.774363694357426,False,-0.0824051674236387,BAY_OF_BISCAY
260,2004-06-04,757.6719058088031,1027.3500508857094,-185.0991453801465,-84.57899969675978,76.19230518678961,17.460878056603,67.76475824903956,14.774363694357426,False,-0.0824051674236387,BAY_OF_BISCAY
261,2004-06-12,619.6700955681731,1005.764352864811,-303.18730491136176,-82.90695238527616,76.19230518678961,17.460878056603,67.76475824903956,14.774363694357426,False,-0.0824051674236387,BAY_OF_BISCAY
262,2004-06-20,442.37039135668994,983.0183606044352,-427.1399120191295,-113.5080572286156,76.19230518678961,17.460878056603,67.76475824903956,14.774363694357426,False,-0.0824051674236387,BAY_OF_BISCAY
263,2004-06-28,388.78460800653465,959.2398169620776,-471.6445574213831,-98.81065153415994,76.19230518678961,17.460878056603,67.76475824903956,14.774363694357426,False,-0.0824051674236387,BAY_OF_BISCAY
264,2004-07-04,366.26420897397287,934.574112919441,-500.19078553550406,-68.11911840996396,76.19230518678961,17.460878056603,67.76475824903956,14.774363694357426,False,-0.0824051674236387,BAY_OF_BISCAY
265,2004-07-12,311.52441943641617,909.1783764070192,-513.6829572625819,-83.97099970802117,76.19230518678961,17.460878056603,67.76475824903956,14.774363694357426,False,-0.0824051674236387,BAY_OF_BISCAY
266,2004-07-20,309.4929176300578,883.2187539242896,-514.3021618859814,-59.42367440825046,76.19230518678961,17.460878056603,67.76475824903956,14.774363694357426,False,-0.0824051674236387,BAY_OF_BISCAY
267,2004-07-28,239.57347687861272,856.8704034246903,-530.6278464044868,-86.66908014159071,76.19230518678961,17.460878056603,67.76475824903956,14.774363694357426,False,-0.0824051674236387,BAY_OF_BISCAY
268,2004-08-04,239.57347687861272,830.3144523324563,-516.9952021032418,-73.74577335060178,76.19230518678961,17.460878056603,67.76475824903956,14.774363694357426,False,-0.0824051674236387,BAY_OF_BISCAY
269,2004-08-12,259.9049750722544,803.7346904724243,-492.939882363087,-50.88983303708301,76.19230518678961,17.460878056603,67.76475824903956,14.774363694357426,False,-0.0824051674236387,BAY_OF_BISCAY
270,2004-08-20,259.9049750722544,777.3127604444277,-475.6451709816774,-41.76261439049591,76.19230518678961,17.460878056603,67.76475824903956,14.774363694357426,False,-0.0824051674236387,BAY_OF_BISCAY
271,2004-08-28,266.7854718208092,751.2251713567142,-467.64006522035663,-16.79963431554836,76.19230518678961,17.460878056603,67.76475824903956,14.774363694357426,False,-0.0824051674236387,BAY_OF_BISCAY
272,2004-09-04,266.13660874277457,725.6404108336112,-447.661148824138,-11.84265326669862,76.19230518678961,17.460878056603,67.76475824903956,14.774363694357426,False,-0.0824051674236387,BAY_OF_BISCAY
273,2004-09-12,266.13660874277457,700.7145224149483,-411.9759312230249,-22.601982449148863,76.19230518678961,17.460878056603,67.76475824903956,14.774363694357426,False,-0.0824051674236387,BAY_OF_BISCAY
274,2004-09-20,266.13660874277457,676.5890879115084,-403.6846256755876,-6.76785349314622,76.19230518678961,17.460878056603,67.76475824903956,14.774363694357426,False,-0.0824051674236387,BAY_OF_BISCAY
275,2004-09-28,268.56929299132946,653.3924604965683,-403.8824185464137,19.059251041174832,76.19230518678961,17.460878056603,67.76475824903956,14.774363694357426,False,-0.0824051674236387,BAY_OF_BISCAY
276,2004-10-04,295.237362716763,631.2379844838521,-390.1370195772965,54.13639781020743,76.19230518678961,17.460878056603,67.76475824903956,14.774363694357426,False,-0.0824051674236387,BAY_OF_BISCAY
277,2004-10-12,309.9338887283237,610.2244253093581,-380.91279738122455,80.62226080019013,76.19230518678961,17.460878056603,67.76475824903956,14.774363694357426,False,-0.0824051674236387,BAY_OF_BISCAY
278,2004-10-20,398.9561492052024,590.4348908578378,-340.04971733290665,148.5709756802712,76.19230518678961,17.460878056603,67.76475824903956,14.774363694357426,False,-0.0824051674236387,BAY_OF_BISCAY
279,2004-10-28,481.0697351878613,571.9374280470682,-235.82911920105647,144.96142634184952,76.19230518678961,17.460878056603,67.76475824903956,14.774363694357426,False,-0.0824051674236387,BAY_OF_BISCAY
280,2004-11-04,491.8204349710983,554.7853473870091,-220.3336776219904,157.3687652060796,76.19230518678961,17.460878056603,67.76475824903956,14.774363694357426,False,-0.0824051674236387,BAY_OF_BISCAY
281,2004-11-12,481.0697351878613,539.0179976709679,-175.1591940417413,117.21093155863466,76.19230518678961,17.460878056603,67.76475824903956,14.774363694357426,False,-0.0824051674236387,BAY_OF_BISCAY
282,2004-11-20,419.7506907514451,524.6587845146385,-203.83751826934943,98.92942450615612,76.19230518678961,17.460878056603,67.76475824903956,14.774363694357426,False,-0.0824051674236387,BAY_OF_BISCAY
283,2004-11-28,419.7506907514451,511.7185902435662,-9.273382364242751,-82.69451712787834,76.19230518678961,17.460878056603,67.76475824903956,14.774363694357426,False,-0.0824051674236387,BAY_OF_BISCAY
284,2004-12-04,443.0022872109827,500.2038614629387,67.35216312729189,-124.55373737924788,76.19230518678961,17.460878056603,67.76475824903956,14.774363694357426,False,-0.0824051674236387,BAY_OF_BISCAY
285,2004-12-12,517.3847351878612,490.12337932580994,104.5137053390822,-77.25234947703092,76.19230518678961,17.460878056603,67.76475824903956,14.774363694357426,False,-0.0824051674236387,BAY_OF_BISCAY
286,2004-12-20,751.1569207266722,481.4790242210672,139.04406762568237,130.63382887992262,76.19230518678961,17.460878056603,67.76475824903956,14.774363694357426,False,-0.0824051674236387,BAY_OF_BISCAY
287,2004-12-28,751.1569207266722,474.267287651326,136.85223183614426,140.03740123920193,76.19230518678961,17.460878056603,67.76475824903956,14.774363694357426,False,-0.0824051674236387,BAY_OF_BISCAY
288,2005-01-04,723.3778883979944,468.4814449757086,153.70167377206562,101.1947696502202,76.19230518678961,17.460878056603,67.76475824903956,14.774363694357426,False,-0.0824051674236387,BAY_OF_BISCAY
289,2005-01-12,723.3778883979944,464.1198340090142,828.6602156554328,-569.4021612664526,76.19230518678961,17.460878056603,67.76475824903956,14.774363694357426,False,-0.0824051674236387,BAY_OF_BISCAY
290,2005-01-20,943.5517611575352,461.1956420699438,971.6012772838476,-489.24515819625617,76.19230518678961,17.460878056603,67.76475824903956,14.774363694357426,False,-0.0824051674236387,BAY_OF_BISCAY
291,2005-01-28,943.5517611575352,459.74945763438,1012.1832163769618,-528.3809128538066,76.19230518678961,17.460878056603,67.76475824903956,14.774363694357426,False,-0.0824051674236387,BAY_OF_BISCAY
292,2005-02-04,834.5295003612716,459.7886329617775,428.7001541412629,-53.95928674176878,76.19230518678961,17.460878056603,67.76475824903956,14.774363694357426,False,-0.0824051674236387,BAY_OF_BISCAY
293,2005-02-12,834.5295003612716,461.27661000914577,268.452557310748,104.80033304137788,76.19230518678961,17.460878056603,67.76475824903956,14.774363694357426,False,-0.0824051674236387,BAY_OF_BISCAY
294,2005-02-20,846.24374783237,464.1192922097477,301.099259567862,81.02519605476039,76.19230518678961,17.460878056603,67.76475824903956,14.774363694357426,False,-0.0824051674236387,BAY_OF_BISCAY
295,2005-02-28,846.24374783237,468.2024789910028,377.9961728606111,0.0450959807561162,76.19230518678961,17.460878056603,67.76475824903956,14.774363694357426,False,-0.0824051674236387,BAY_OF_BISCAY
296,2005-03-04,819.0977901011561,473.4046934845172,369.7842051162178,-24.091108499578866,76.19230518678961,17.460878056603,67.76475824903956,14.774363694357426,False,-0.0824051674236387,BAY_OF_BISCAY
297,2005-03-12,599.1487658959537,479.59754957036967,301.433860955797,-181.88264463021292,76.19230518678961,17.460878056603,67.76475824903956,14.774363694357426,False,-0.0824051674236387,BAY_OF_BISCAY
298,2005-03-20,599.1487658959537,486.6461786591082,325.1964475819844,-212.6938603451389,76.19230518678961,17.460878056603,67.76475824903956,14.774363694357426,False,-0.0824051674236387,BAY_OF_BISCAY
299,2005-03-28,663.7183051197356,494.4093638152031,353.19849934879244,-183.88955804425984,76.19230518678961,17.460878056603,67.76475824903956,14.774363694357426,False,-0.0824051674236387,BAY_OF_BISCAY
300,2005-04-04,690.1948692196532,502.7419464170289,321.3708215602804,-133.91789875765602,76.19230518678961,17.460878056603,67.76475824903956,14.774363694357426,False,-0.0824051674236387,BAY_OF_BISCAY
301,2005-04-12,1039.828595375723,511.498314682032,455.658537853642,72.67174284004864,76.19230518678961,17.460878056603,67.76475824903956,14.774363694357426,False,-0.0824051674236387,BAY_OF_BISCAY
302,2005-04-20,1200.5618161127168,520.5457361851195,518.0632120326256,161.95286789497163,76.19230518678961,17.460878056603,67.76475824903956,14.774363694357426,False,-0.0824051674236387,BAY_OF_BISCAY
303,2005-04-28,1200.5618161127168,529.7749866007416,468.6439626650813,202.14286684689387,76.19230518678961,17.460878056603,67.76475824903956,14.774363694357426,False,-0.0824051674236387,BAY_OF_BISCAY
304,2005-05-04,1003.3464356936416,539.1053339307978,436.0694311510165,28.171670611827324,76.19230518678961,17.460878056603,67.76475824903956,14.774363694357426,False,-0.0824051674236387,BAY_OF_BISCAY
305,2005-05-12,1000.8802326589596,548.4738229075357,418.67164091123936,33.73476884018453,76.19230518678961,17.460878056603,67.76475824903956,14.774363694357426,False,-0.0824051674236387,BAY_OF_BISCAY
306,2005-05-20,877.2304031791907,557.8311671767314,169.2122554217,150.18698058075935,76.19230518678961,17.460878056603,67.76475824903956,14.774363694357426,False,-0.0824051674236387,BAY_OF_BISCAY
307,2005-05-28,772.6658232865401,567.1272435985105,-11.08337552201105,216.62195521004065,76.19230518678961,17.460878056603,67.76475824903956,14.774363694357426,False,-0.0824051674236387,BAY_OF_BISCAY
308,2005-06-04,557.4163240606937,576.3094697452908,-177.56509714731055,158.67195146271342,76.19230518678961,17.460878056603,67.76475824903956,14.774363694357426,False,-0.0824051674236387,BAY_OF_BISCAY
309,2005-06-12,460.0911026011561,585.3302588806249,-264.0451088596029,138.8059525801341,76.19230518678961,17.460878056603,67.76475824903956,14.774363694357426,False,-0.0824051674236387,BAY_OF_BISCAY
310,2005-06-20,385.7152315751445,594.1469598243438,-342.7683161343905,134.33658788519125,76.19230518678961,17.460878056603,67.76475824903956,14.774363694357426,False,-0.0824051674236387,BAY_OF_BISCAY
311,2005-06-28,348.766686416185,602.7178042889944,-370.7155094219135,116.76439154910406,76.19230518678961,17.460878056603,67.76475824903956,14.774363694357426,False,-0.0824051674236387,BAY_OF_BISCAY
312,2005-07-04,267.9150292420118,610.9992448748825,-419.9814292038525,76.89721357098182,76.19230518678961,17.460878056603,67.76475824903956,14.774363694357426,False,-0.0824051674236387,BAY_OF_BISCAY
313,2005-07-12,265.7642870400967,618.9475973349089,-427.5777210496267,74.39441075481449,76.19230518678961,17.460878056603,67.76475824903956,14.774363694357426,False,-0.0824051674236387,BAY_OF_BISCAY
314,2005-07-20,174.034798306349,626.5200109973446,-462.86906279393634,10.383850102940755,76.19230518678961,17.460878056603,67.76475824903956,14.774363694357426,False,-0.0824051674236387,BAY_OF_BISCAY
315,2005-07-28,170.89707404745553,633.6733255657336,-463.6656429572419,0.8893914389637985,76.19230518678961,17.460878056603,67.76475824903956,14.774363694357426,False,-0.0824051674236387,BAY_OF_BISCAY
316,2005-08-04,170.89707404745553,640.3659200512342,-468.54700660186273,-0.9218394019159176,76.19230518678961,17.460878056603,67.76475824903956,14.774363694357426,False,-0.0824051674236387,BAY_OF_BISCAY
317,2005-08-12,177.53252513456582,646.5585749949478,-459.5857456841859,-9.440304176196037,76.19230518678961,17.460878056603,67.76475824903956,14.774363694357426,False,-0.0824051674236387,BAY_OF_BISCAY
318,2005-08-20,179.8990229370912,652.2174047039415,-457.0778242799781,-15.240557486872206,76.19230518678961,17.460878056603,67.76475824903956,14.774363694357426,False,-0.0824051674236387,BAY_OF_BISCAY
319,2005-08-28,179.8990229370912,657.3150396588306,-461.2869545506375,-16.129062171101907,76.19230518678961,17.460878056603,67.76475824903956,14.774363694357426,False,-0.0824051674236387,BAY_OF_BISCAY
320,2005-09-04,252.7395919897933,661.8312333284099,-431.61112416518193,22.519482826565365,76.19230518678961,17.460878056603,67.76475824903956,14.774363694357426,False,-0.0824051674236387,BAY_OF_BISCAY
321,2005-09-12,343.27023379118094,665.7542304410044,-381.90588370828624,59.42188705846274,76.19230518678961,17.460878056603,67.76475824903956,14.774363694357426,False,-0.0824051674236387,BAY_OF_BISCAY
322,2005-09-20,348.63307493689734,669.0808913876009,-329.40867553362136,8.960859082917807,76.19230518678961,17.460878056603,67.76475824903956,14.774363694357426,False,-0.0824051674236387,BAY_OF_BISCAY
323,2005-09-28,343.27023379118094,671.8140654595686,-335.921857983565,7.378026315177351,76.19230518678961,17.460878056603,67.76475824903956,14.774363694357426,False,-0.0824051674236387,BAY_OF_BISCAY
324,2005-10-04,314.1843737141803,673.965567147515,-320.01197061626783,-39.76922281706686,76.19230518678961,17.460878056603,67.76475824903956,14.774363694357426,False,-0.0824051674236387,BAY_OF_BISCAY
325,2005-10-12,314.1843737141803,675.555242928129,-317.90999941261714,-43.46086980133157,76.19230518678961,17.460878056603,67.76475824903956,14.774363694357426,False,-0.0824051674236387,BAY_OF_BISCAY
326,2005-10-20,293.6918887592932,676.611987962279,-288.41109287867755,-94.5090063243083,76.19230518678961,17.460878056603,67.76475824903956,14.774363694357426,False,-0.0824051674236387,BAY_OF_BISCAY
327,2005-10-28,373.3188257664647,677.1726466606842,-221.2318019051789,-82.62201898904064,76.19230518678961,17.460878056603,67.76475824903956,14.774363694357426,False,-0.0824051674236387,BAY_OF_BISCAY
328,2005-11-04,390.1431243465011,677.2818303784611,-255.72620957321368,-31.41249645874632,76.19230518678961,17.460878056603,67.76475824903956,14.774363694357426,False,-0.0824051674236387,BAY_OF_BISCAY
329,2005-11-12,443.15488638774445,676.9915390194162,-222.85137241966635,-10.98528021200542,76.19230518678961,17.460878056603,67.76475824903956,14.774363694357426,False,-0.0824051674236387,BAY_OF_BISCAY
330,2005-11-20,443.15488638774445,676.3590180979136,-204.73099772142143,-28.47313398874769,76.19230518678961,17.460878056603,67.76475824903956,14.774363694357426,False,-0.0824051674236387,BAY_OF_BISCAY
331,2005-11-28,538.9306162959606,675.4416284412966,-59.74112443797866,-76.76988770735738,76.19230518678961,17.460878056603,67.76475824903956,14.774363694357426,False,-0.0824051674236387,BAY_OF_BISCAY
332,2005-12-04,654.3867190002168,674.2893540448551,31.118415531724683,-51.02105057636305,76.19230518678961,17.460878056603,67.76475824903956,14.774363694357426,False,-0.0824051674236387,BAY_OF_BISCAY
333,2005-12-12,654.3867190002168,672.9435095052744,21.85294382475251,-40.409734329810135,76.19230518678961,17.460878056603,67.76475824903956,14.774363694357426,False,-0.0824051674236387,BAY_OF_BISCAY
334,2005-12-20,607.478577323796,671.4483720111748,3.3419983046482344,-67.31179299202702,76.19230518678961,17.460878056603,67.76475824903956,14.774363694357426,False,-0.0824051674236387,BAY_OF_BISCAY
335,2005-12-28,607.478577323796,669.8551479859143,-37.72992169197745,-24.646648970140845,76.19230518678961,17.460878056603,67.76475824903956,14.774363694357426,False,-0.0824051674236387,BAY_OF_BISCAY
336,2006-01-04,697.6963161127168,668.220763677611,-0.0567218286048625,29.532274263710647,76.19230518678961,17.460878056603,67.76475824903956,14.774363694357426,False,-0.0824051674236387,BAY_OF_BISCAY
337,2006-01-12,697.6963161127168,666.5968836940472,74.29694345092689,-43.19751103225728,76.19230518678961,17.460878056603,67.76475824903956,14.774363694357426,False,-0.0824051674236387,BAY_OF_BISCAY
338,2006-01-20,697.6963161127168,665.0221549410255,135.44162172456197,-102.76746055287072,76.19230518678961,17.460878056603,67.76475824903956,14.774363694357426,False,-0.0824051674236387,BAY_OF_BISCAY
339,2006-01-28,870.2532786952933,663.5163097725432,220.8449705401714,-14.108001617421335,76.19230518678961,17.460878056603,67.76475824903956,14.774363694357426,False,-0.0824051674236387,BAY_OF_BISCAY
340,2006-02-04,870.2532786952933,662.1041673787652,270.2826092637326,-62.13349794720449,76.19230518678961,17.460878056603,67.76475824903956,14.774363694357426,False,-0.0824051674236387,BAY_OF_BISCAY
341,2006-02-12,1117.5701499277457,660.8112934085788,521.1365560145855,-64.3776994954186,76.19230518678961,17.460878056603,67.76475824903956,14.774363694357426,False,-0.0824051674236387,BAY_OF_BISCAY
342,2006-02-20,1268.9326466763005,659.6637862525889,744.6072966055277,-135.33843618181618,76.19230518678961,17.460878056603,67.76475824903956,14.774363694357426,False,-0.0824051674236387,BAY_OF_BISCAY
343,2006-02-28,1620.547276734104,658.666246902768,920.0900441085064,41.79098572282976,76.19230518678961,17.460878056603,67.76475824903956,14.774363694357426,False,-0.0824051674236387,BAY_OF_BISCAY
344,2006-03-04,1620.547276734104,657.8039099285352,913.2331517875344,49.51021501803461,76.19230518678961,17.460878056603,67.76475824903956,14.774363694357426,False,-0.0824051674236387,BAY_OF_BISCAY
345,2006-03-12,1620.547276734104,657.0474197885782,741.1170397177051,222.38281722782085,76.19230518678961,17.460878056603,67.76475824903956,14.774363694357426,False,-0.0824051674236387,BAY_OF_BISCAY
346,2006-03-20,1731.4165313790256,656.3718192763539,662.7571725505884,412.2875395520834,76.19230518678961,17.460878056603,67.76475824903956,14.774363694357426,False,-0.0824051674236387,BAY_OF_BISCAY
347,2006-03-28,1731.4165313790256,655.770305662228,640.9171674589734,434.7290582578244,76.19230518678961,17.460878056603,67.76475824903956,14.774363694357426,False,-0.0824051674236387,BAY_OF_BISCAY
348,2006-04-04,1731.4165313790256,655.2615295181672,620.773680752141,455.38132110871743,76.19230518678961,17.460878056603,67.76475824903956,14.774363694357426,False,-0.0824051674236387,BAY_OF_BISCAY
349,2006-04-12,1351.7331622109828,654.8890225289265,512.8716792184472,183.97246046360908,76.19230518678961,17.460878056603,67.76475824903956,14.774363694357426,False,-0.0824051674236387,BAY_OF_BISCAY
350,2006-04-20,1011.0245559971098,654.7139120270413,337.0588235454924,19.25182042457618,76.19230518678961,17.460878056603,67.76475824903956,14.774363694357426,False,-0.0824051674236387,BAY_OF_BISCAY
351,2006-04-28,687.6637668593448,654.8144965191291,197.64343615881236,-164.79416581859658,76.19230518678961,17.460878056603,67.76475824903956,14.774363694357426,False,-0.0824051674236387,BAY_OF_BISCAY
352,2006-05-04,687.6637668593448,655.2705237117691,101.32690073789809,-68.93365759032234,76.19230518678961,17.460878056603,67.76475824903956,14.774363694357426,False,-0.0824051674236387,BAY_OF_BISCAY
353,2006-05-12,622.6658283959538,656.155648137089,81.99151367467438,-115.48133341580956,76.19230518678961,17.460878056603,67.76475824903956,14.774363694357426,False,-0.0824051674236387,BAY_OF_BISCAY
354,2006-05-20,622.6658283959538,657.5284096888577,52.18211602756027,-87.04469732046415,76.19230518678961,17.460878056603,67.76475824903956,14.774363694357426,False,-0.0824051674236387,BAY_OF_BISCAY
355,2006-05-28,465.2665916597853,659.4396288413944,56.0006028724804,-250.1736400540895,76.19230518678961,17.460878056603,67.76475824903956,14.774363694357426,False,-0.0824051674236387,BAY_OF_BISCAY
356,2006-06-04,319.23285838150287,661.933513317392,-72.08951069189321,-270.6111442439959,76.19230518678961,17.460878056603,67.76475824903956,14.774363694357426,False,-0.0824051674236387,BAY_OF_BISCAY
357,2006-06-12,299.65261632947977,665.0425587826377,-158.1244688770547,-207.2654735761032,76.19230518678961,17.460878056603,67.76475824903956,14.774363694357426,False,-0.0824051674236387,BAY_OF_BISCAY
358,2006-06-20,299.65261632947977,668.7826791550359,-223.0526938717197,-146.07736895383644,76.19230518678961,17.460878056603,67.76475824903956,14.774363694357426,False,-0.0824051674236387,BAY_OF_BISCAY
359,2006-06-28,299.65261632947977,673.1554302335196,-291.99881228345544,-81.5040016205844,76.19230518678961,17.460878056603,67.76475824903956,14.774363694357426,False,-0.0824051674236387,BAY_OF_BISCAY
360,2006-07-04,269.67043208092485,678.1508408744619,-342.3521156842229,-66.12829310931409,76.19230518678961,17.460878056603,67.76475824903956,14.774363694357426,False,-0.0824051674236387,BAY_OF_BISCAY
361,2006-07-12,256.38198880057803,683.7472475207667,-356.08561347276407,-71.27964524742458,76.19230518678961,17.460878056603,67.76475824903956,14.774363694357426,False,-0.0824051674236387,BAY_OF_BISCAY
362,2006-07-20,229.75395953757223,689.9115030136854,-418.8030215993982,-41.35452187671496,76.19230518678961,17.460878056603,67.76475824903956,14.774363694357426,False,-0.0824051674236387,BAY_OF_BISCAY
363,2006-07-28,229.75395953757223,696.6011661584868,-435.14923677232,-31.69796984859448,76.19230518678961,17.460878056603,67.76475824903956,14.774363694357426,False,-0.0824051674236387,BAY_OF_BISCAY
364,2006-08-04,164.96984826589596,703.7652092633849,-500.5003656496678,-38.29499534782116,76.19230518678961,17.460878056603,67.76475824903956,14.774363694357426,False,-0.0824051674236387,BAY_OF_BISCAY
365,2006-08-12,164.96984826589596,711.3485366561974,-502.62178977872856,-43.75689861157292,76.19230518678961,17.460878056603,67.76475824903956,14.774363694357426,False,-0.0824051674236387,BAY_OF_BISCAY
366,2006-08-20,192.65651445086704,719.2929035854892,-483.5466209191286,-43.08976821549345,76.19230518678961,17.460878056603,67.76475824903956,14.774363694357426,False,-0.0824051674236387,BAY_OF_BISCAY
367,2006-08-28,202.99967630057805,727.5375313895088,-482.2754277900125,-42.26242729891828,76.19230518678961,17.460878056603,67.76475824903956,14.774363694357426,False,-0.0824051674236387,BAY_OF_BISCAY
368,2006-09-04,214.549382328654,736.0207181368881,-469.5686323662219,-51.90270344201224,76.19230518678961,17.460878056603,67.76475824903956,14.774363694357426,False,-0.0824051674236387,BAY_OF_BISCAY
369,2006-09-12,265.5769031791908,744.681834071035,-424.97088066339455,-54.13405022844972,76.19230518678961,17.460878056603,67.76475824903956,14.774363694357426,False,-0.0824051674236387,BAY_OF_BISCAY
370,2006-09-20,489.2005116562515,753.4624804054944,-304.87770391746307,40.61573516822017,76.19230518678961,17.460878056603,67.76475824903956,14.774363694357426,False,-0.0824051674236387,BAY_OF_BISCAY
371,2006-09-28,489.2005116562515,762.3059030491926,-299.4669349534089,26.36154356046785,76.19230518678961,17.460878056603,67.76475824903956,14.774363694357426,False,-0.0824051674236387,BAY_OF_BISCAY
372,2006-10-04,600.3307816515063,771.1533788263358,-253.3804761560498,82.55787898122028,76.19230518678961,17.460878056603,67.76475824903956,14.774363694357426,False,-0.0824051674236387,BAY_OF_BISCAY
373,2006-10-12,600.3307816515063,779.9460196360731,-256.482878564039,76.86764057947227,76.19230518678961,17.460878056603,67.76475824903956,14.774363694357426,False,-0.0824051674236387,BAY_OF_BISCAY
374,2006-10-20,656.5502506193228,788.6236265951421,-229.84886199001735,97.77548601419808,76.19230518678961,17.460878056603,67.76475824903956,14.774363694357426,False,-0.0824051674236387,BAY_OF_BISCAY
375,2006-10-28,656.5502506193228,797.1256692488532,-227.16580777889243,86.59038914936201,76.19230518678961,17.460878056603,67.76475824903956,14.774363694357426,False,-0.0824051674236387,BAY_OF_BISCAY
376,2006-11-04,440.5311040462428,805.3922237075069,-359.1567211551816,-5.704398506082555,76.19230518678961,17.460878056603,67.76475824903956,14.774363694357426,False,-0.0824051674236387,BAY_OF_BISCAY
377,2006-11-12,440.5311040462428,813.3691277323969,-349.48628860604936,-23.35173508010479,76.19230518678961,17.460878056603,67.76475824903956,14.774363694357426,False,-0.0824051674236387,BAY_OF_BISCAY
378,2006-11-20,547.3925119219653,821.0066049345064,-280.02348436313025,6.40939135058909,76.19230518678961,17.460878056603,67.76475824903956,14.774363694357426,False,-0.0824051674236387,BAY_OF_BISCAY
379,2006-11-28,926.0233283959536,828.2560369363995,-74.28961227346437,172.05690373301863,76.19230518678961,17.460878056603,67.76475824903956,14.774363694357426,False,-0.0824051674236387,BAY_OF_BISCAY
380,2006-12-04,1035.2763381502891,835.0739386453075,10.291887165398933,189.91051233958268,76.19230518678961,17.460878056603,67.76475824903956,14.774363694357426,False,-0.0824051674236387,BAY_OF_BISCAY
381,2006-12-12,926.0233283959536,841.4247032748353,27.819771098909754,56.77885402220865,76.19230518678961,17.460878056603,67.76475824903956,14.774363694357426,False,-0.0824051674236387,BAY_OF_BISCAY
382,2006-12-20,715.4765928468207,847.2728199877163,-98.27374175822808,-33.52248538266747,76.19230518678961,17.460878056603,67.76475824903956,14.774363694357426,False,-0.0824051674236387,BAY_OF_BISCAY
383,2006-12-28,554.2009573699422,852.5790431446305,-185.1854597965131,-113.19262597817522,76.19230518678961,17.460878056603,67.76475824903956,14.774363694357426,False,-0.0824051674236387,BAY_OF_BISCAY
384,2007-01-04,554.2009573699422,857.2962857061822,-122.63675182088024,-180.4585765153597,76.19230518678961,17.460878056603,67.76475824903956,14.774363694357426,False,-0.0824051674236387,BAY_OF_BISCAY
385,2007-01-12,854.366886199422,861.3710882819943,168.64087536753124,-175.64507745010354,76.19230518678961,17.460878056603,67.76475824903956,14.774363694357426,False,-0.0824051674236387,BAY_OF_BISCAY
386,2007-01-20,881.9450148121388,864.7393347046841,179.15298832201552,-161.94730821456085,76.19230518678961,17.460878056603,67.76475824903956,14.774363694357426,False,-0.0824051674236387,BAY_OF_BISCAY
387,2007-01-28,881.9450148121388,867.3374639226499,118.3137304512818,-103.70617956179298,76.19230518678961,17.460878056603,67.76475824903956,14.774363694357426,False,-0.0824051674236387,BAY_OF_BISCAY
388,2007-02-04,1190.7792031379026,869.1172865219424,269.44536561741404,52.21655099854616,76.19230518678961,17.460878056603,67.76475824903956,14.774363694357426,False,-0.0824051674236387,BAY_OF_BISCAY
389,2007-02-12,1699.6225158959537,870.0519253923463,518.1276981784572,311.4428923251502,76.19230518678961,17.460878056603,67.76475824903956,14.774363694357426,False,-0.0824051674236387,BAY_OF_BISCAY
390,2007-02-20,2279.638389450867,870.1394920998875,795.8619313576924,613.6369659932873,76.19230518678961,17.460878056603,67.76475824903956,14.774363694357426,False,-0.0824051674236387,BAY_OF_BISCAY
391,2007-02-28,2279.638389450867,869.4047632875022,852.1398468211769,558.0937793421881,76.19230518678961,17.460878056603,67.76475824903956,14.774363694357426,False,-0.0824051674236387,BAY_OF_BISCAY
392,2007-03-04,2279.638389450867,867.8973287468598,851.8981953112874,559.84286539272,76.19230518678961,17.460878056603,67.76475824903956,14.774363694357426,False,-0.0824051674236387,BAY_OF_BISCAY
393,2007-03-12,1809.821738464359,865.6930955100486,735.1422602456586,208.98638270865183,76.19230518678961,17.460878056603,67.76475824903956,14.774363694357426,False,-0.0824051674236387,BAY_OF_BISCAY
394,2007-03-20,1275.3512533595942,862.8735843624263,598.266958405439,-185.7892894082711,76.19230518678961,17.460878056603,67.76475824903956,14.774363694357426,False,-0.0824051674236387,BAY_OF_BISCAY
395,2007-03-28,1126.9248671924313,859.5156033935158,602.6862479016124,-335.27698410269693,76.19230518678961,17.460878056603,67.76475824903956,14.774363694357426,False,-0.0824051674236387,BAY_OF_BISCAY
396,2007-04-04,1024.6588256615692,855.6832004498007,560.8271142172426,-391.85148900547415,76.19230518678961,17.460878056603,67.76475824903956,14.774363694357426,False,-0.0824051674236387,BAY_OF_BISCAY
397,2007-04-12,1008.2572895337756,851.4230177312494,460.1973027428468,-303.36303094032047,76.19230518678961,17.460878056603,67.76475824903956,14.774363694357426,False,-0.0824051674236387,BAY_OF_BISCAY
398,2007-04-20,830.8643293797616,846.7694132364991,365.8980985017324,-381.80318235846994,76.19230518678961,17.460878056603,67.76475824903956,14.774363694357426,False,-0.0824051674236387,BAY_OF_BISCAY
399,2007-04-28,922.8896597850058,841.7365337382458,333.8322156033708,-252.6790895566108,76.19230518678961,17.460878056603,67.76475824903956,14.774363694357426,False,-0.0824051674236387,BAY_OF_BISCAY
400,2007-05-04,732.0513561749452,836.3323411409881,106.22811343798104,-210.50909840402392,76.19230518678961,17.460878056603,67.76475824903956,14.774363694357426,False,-0.0824051674236387,BAY_OF_BISCAY
401,2007-05-12,780.4867500999466,830.5713251058855,18.342960021915815,-68.42753502785479,76.19230518678961,17.460878056603,67.76475824903956,14.774363694357426,False,-0.0824051674236387,BAY_OF_BISCAY
402,2007-05-20,780.4867500999466,824.482005292694,18.96284754533287,-62.95810273808031,76.19230518678961,17.460878056603,67.76475824903956,14.774363694357426,False,-0.0824051674236387,BAY_OF_BISCAY
403,2007-05-28,1216.518482297688,818.0969747147241,448.56083881598926,-50.1393312330253,76.19230518678961,17.460878056603,67.76475824903956,14.774363694357426,False,-0.0824051674236387,BAY_OF_BISCAY
404,2007-06-04,1216.518482297688,811.436755855406,413.0195392188364,-7.937812776554381,76.19230518678961,17.460878056603,67.76475824903956,14.774363694357426,False,-0.0824051674236387,BAY_OF_BISCAY
405,2007-06-12,1016.2744468930636,804.5106089761751,151.17158347818227,60.592254438706135,76.19230518678961,17.460878056603,67.76475824903956,14.774363694357426,False,-0.0824051674236387,BAY_OF_BISCAY
406,2007-06-20,836.3350924855491,797.3362346126113,-45.265866685316624,84.26472455825446,76.19230518678961,17.460878056603,67.76475824903956,14.774363694357426,False,-0.0824051674236387,BAY_OF_BISCAY
407,2007-06-28,597.6354075144509,789.9473019357796,-248.4652857471682,56.15339132583949,76.19230518678961,17.460878056603,67.76475824903956,14.774363694357426,False,-0.0824051674236387,BAY_OF_BISCAY
408,2007-07-04,537.2855657514451,782.3934835973357,-323.4598397179211,78.35192187203052,76.19230518678961,17.460878056603,67.76475824903956,14.774363694357426,False,-0.0824051674236387,BAY_OF_BISCAY
409,2007-07-12,522.305923049133,774.7386965763008,-358.8615546570222,106.42878112985444,76.19230518678961,17.460878056603,67.76475824903956,14.774363694357426,False,-0.0824051674236387,BAY_OF_BISCAY
410,2007-07-20,435.415287933526,767.0573931480939,-445.446964988276,113.8048597737082,76.19230518678961,17.460878056603,67.76475824903956,14.774363694357426,False,-0.0824051674236387,BAY_OF_BISCAY
411,2007-07-28,384.7131581337738,759.4326564916338,-493.95507126634254,119.23557290848254,76.19230518678961,17.460878056603,67.76475824903956,14.774363694357426,False,-0.0824051674236387,BAY_OF_BISCAY
412,2007-08-04,263.2373179190752,751.9539298918837,-581.3280419633509,92.61142999054232,76.19230518678961,17.460878056603,67.76475824903956,14.774363694357426,False,-0.0824051674236387,BAY_OF_BISCAY
413,2007-08-12,263.2373179190752,744.7124628166657,-584.3408592453138,102.86571434772328,76.19230518678961,17.460878056603,67.76475824903956,14.774363694357426,False,-0.0824051674236387,BAY_OF_BISCAY
414,2007-08-20,299.6397601156069,737.7988424449741,-551.7157804108035,113.55669808143637,76.19230518678961,17.460878056603,67.76475824903956,14.774363694357426,False,-0.0824051674236387,BAY_OF_BISCAY
415,2007-08-28,299.6397601156069,731.3018988627439,-535.8234548796529,104.16131613251594,76.19230518678961,17.460878056603,67.76475824903956,14.774363694357426,False,-0.0824051674236387,BAY_OF_BISCAY
416,2007-09-04,265.82470773121383,725.3073860551004,-534.502500977317,75.01982265343042,76.19230518678961,17.460878056603,67.76475824903956,14.774363694357426,False,-0.0824051674236387,BAY_OF_BISCAY
417,2007-09-12,265.82470773121383,719.8965231354678,-505.71750921455833,51.64569381030441,76.19230518678961,17.460878056603,67.76475824903956,14.774363694357426,False,-0.0824051674236387,BAY_OF_BISCAY
418,2007-09-20,307.850524566474,715.1450880252034,-420.7579653181722,13.463401859442795,76.19230518678961,17.460878056603,67.76475824903956,14.774363694357426,False,-0.0824051674236387,BAY_OF_BISCAY
419,2007-09-28,347.8332355491329,711.1240448820621,-396.7462696548629,33.45546032193374,76.19230518678961,17.460878056603,67.76475824903956,14.774363694357426,False,-0.0824051674236387,BAY_OF_BISCAY
420,2007-10-04,352.1274953034682,707.9005059975949,-364.4531329077526,8.680122213625907,76.19230518678961,17.460878056603,67.76475824903956,14.774363694357426,False,-0.0824051674236387,BAY_OF_BISCAY
421,2007-10-12,352.1274953034682,705.5337413974615,-364.66104772924257,11.254801635249237,76.19230518678961,17.460878056603,67.76475824903956,14.774363694357426,False,-0.0824051674236387,BAY_OF_BISCAY
422,2007-10-20,382.6680776734104,704.0752153085893,-339.70081573444475,18.293678099265836,76.19230518678961,17.460878056603,67.76475824903956,14.774363694357426,False,-0.0824051674236387,BAY_OF_BISCAY
423,2007-10-28,337.4207369942196,703.5655226744918,-356.0073995067172,-10.137386173555,76.19230518678961,17.460878056603,67.76475824903956,14.774363694357426,False,-0.0824051674236387,BAY_OF_BISCAY
424,2007-11-04,247.24044472543352,704.0321476767856,-356.9058745115371,-99.885828439815,76.19230518678961,17.460878056603,67.76475824903956,14.774363694357426,False,-0.0824051674236387,BAY_OF_BISCAY
425,2007-11-12,247.24044472543352,705.4816501717024,-365.9554243007173,-92.2857811455516,76.19230518678961,17.460878056603,67.76475824903956,14.774363694357426,False,-0.0824051674236387,BAY_OF_BISCAY
426,2007-11-20,324.2141900289017,707.9015374236252,-306.81022776493705,-76.87711962978642,76.19230518678961,17.460878056603,67.76475824903956,14.774363694357426,False,-0.0824051674236387,BAY_OF_BISCAY
427,2007-11-28,325.8959918111753,711.266536139622,-150.56910397027988,-234.80144035816676,76.19230518678961,17.460878056603,67.76475824903956,14.774363694357426,False,-0.0824051674236387,BAY_OF_BISCAY
428,2007-12-04,383.3980296242775,715.5375088799257,30.53795189409936,-362.6774311497476,76.19230518678961,17.460878056603,67.76475824903956,14.774363694357426,False,-0.0824051674236387,BAY_OF_BISCAY
429,2007-12-12,721.410214234104,720.6582309104506,165.77945628658682,-165.02747296293336,76.19230518678961,17.460878056603,67.76475824903956,14.774363694357426,False,-0.0824051674236387,BAY_OF_BISCAY
430,2007-12-20,721.410214234104,726.5562736173528,67.8033619013189,-72.9494212845676,76.19230518678961,17.460878056603,67.76475824903956,14.774363694357426,False,-0.0824051674236387,BAY_OF_BISCAY
431,2007-12-28,721.410214234104,733.1463833177498,-92.04054460907052,80.30437552542473,76.19230518678961,17.460878056603,67.76475824903956,14.774363694357426,False,-0.0824051674236387,BAY_OF_BISCAY
432,2008-01-04,899.5548061076361,740.3444587064016,-19.12631665082668,178.33666405206114,76.19230518678961,17.460878056603,67.76475824903956,14.774363694357426,False,-0.0824051674236387,BAY_OF_BISCAY
433,2008-01-12,1480.0420772262412,748.0775230582667,344.39123213740913,387.57332203056535,76.19230518678961,17.460878056603,67.76475824903956,14.774363694357426,False,-0.0824051674236387,BAY_OF_BISCAY
434,2008-01-20,1480.0420772262412,756.2902147459753,547.090801895572,176.66106058469393,76.19230518678961,17.460878056603,67.76475824903956,14.774363694357426,False,-0.0824051674236387,BAY_OF_BISCAY
435,2008-01-28,1074.2099447473645,764.9312149467607,390.81545207504985,-81.53672227444633,76.19230518678961,17.460878056603,67.76475824903956,14.774363694357426,False,-0.0824051674236387,BAY_OF_BISCAY
436,2008-02-04,1068.153911725044,773.9491811542116,463.4796295137052,-169.27489894287277,76.19230518678961,17.460878056603,67.76475824903956,14.774363694357426,False,-0.0824051674236387,BAY_OF_BISCAY
437,2008-02-12,802.9449620528696,783.2990191893412,415.1654421416638,-395.5194992781353,76.19230518678961,17.460878056603,67.76475824903956,14.774363694357426,False,-0.0824051674236387,BAY_OF_BISCAY
438,2008-02-20,606.4808186416185,792.9464979197693,289.9805923225068,-476.4462716006576,76.19230518678961,17.460878056603,67.76475824903956,14.774363694357426,False,-0.0824051674236387,BAY_OF_BISCAY
439,2008-02-28,483.05241006747474,802.8756684552512,183.020724664769,-502.8439830525455,76.19230518678961,17.460878056603,67.76475824903956,14.774363694357426,False,-0.0824051674236387,BAY_OF_BISCAY
440,2008-03-04,483.05241006747474,813.0782562698128,179.0743092895382,-509.1001554918762,76.19230518678961,17.460878056603,67.76475824903956,14.774363694357426,False,-0.0824051674236387,BAY_OF_BISCAY
441,2008-03-12,953.41958615322,823.5346771562457,291.509845324171,-161.6249363271968,76.19230518678961,17.460878056603,67.76475824903956,14.774363694357426,False,-0.0824051674236387,BAY_OF_BISCAY
442,2008-03-20,1357.9184462561502,834.209223568428,328.7030520471219,195.00617064060032,76.19230518678961,17.460878056603,67.76475824903956,14.774363694357426,False,-0.0824051674236387,BAY_OF_BISCAY
443,2008-03-28,1664.4080388613108,845.0448775680089,444.9734097377128,374.3897515555892,76.19230518678961,17.460878056603,67.76475824903956,14.774363694357426,False,-0.0824051674236387,BAY_OF_BISCAY
444,2008-04-04,1692.686169214739,855.9694886593454,445.7752850525071,390.94139550288656,76.19230518678961,17.460878056603,67.76475824903956,14.774363694357426,False,-0.0824051674236387,BAY_OF_BISCAY
445,2008-04-12,1692.686169214739,866.9051499488636,591.371248924045,234.4097703418305,76.19230518678961,17.460878056603,67.76475824903956,14.774363694357426,False,-0.0824051674236387,BAY_OF_BISCAY
446,2008-04-20,2000.7635683138471,877.7620511493319,784.6723949043909,338.32912226012434,76.19230518678961,17.460878056603,67.76475824903956,14.774363694357426,False,-0.0824051674236387,BAY_OF_BISCAY
447,2008-04-28,2000.7635683138471,888.4394143275258,914.230169754188,198.09398423213327,76.19230518678961,17.460878056603,67.76475824903956,14.774363694357426,False,-0.0824051674236387,BAY_OF_BISCAY
448,2008-05-04,1465.842384581644,898.8211220813029,597.07009970982,-30.04883720947896,76.19230518678961,17.460878056603,67.76475824903956,14.774363694357426,False,-0.0824051674236387,BAY_OF_BISCAY
449,2008-05-12,1081.120578798642,908.787213348744,283.56455738268505,-111.23119193278684,76.19230518678961,17.460878056603,67.76475824903956,14.774363694357426,False,-0.0824051674236387,BAY_OF_BISCAY
450,2008-05-20,1081.120578798642,918.2234502127332,190.9281827077728,-28.03105412186397,76.19230518678961,17.460878056603,67.76475824903956,14.774363694357426,False,-0.0824051674236387,BAY_OF_BISCAY
451,2008-05-28,2079.6294802482057,927.028884370398,721.557218165178,431.04337771262976,76.19230518678961,17.460878056603,67.76475824903956,14.774363694357426,False,-0.0824051674236387,BAY_OF_BISCAY
452,2008-06-04,2079.6294802482057,935.1262585803876,666.8757859675483,477.62743570027,76.19230518678961,17.460878056603,67.76475824903956,14.774363694357426,False,-0.0824051674236387,BAY_OF_BISCAY
453,2008-06-12,1456.5505318398089,942.463482857945,285.92577802644126,228.1612709554226,76.19230518678961,17.460878056603,67.76475824903956,14.774363694357426,False,-0.0824051674236387,BAY_OF_BISCAY
454,2008-06-20,1040.2268744943842,949.010445159572,-4.764787321822364,95.98121665663449,76.19230518678961,17.460878056603,67.76475824903956,14.774363694357426,False,-0.0824051674236387,BAY_OF_BISCAY
455,2008-06-28,711.870463114556,954.754161069696,-272.27686840374673,29.393170448606668,76.19230518678961,17.460878056603,67.76475824903956,14.774363694357426,False,-0.0824051674236387,BAY_OF_BISCAY
456,2008-07-04,566.5172474816322,959.6899957564808,-371.6903561370121,-21.48239213783637,76.19230518678961,17.460878056603,67.76475824903956,14.774363694357426,False,-0.0824051674236387,BAY_OF_BISCAY
457,2008-07-12,475.165052167152,963.8181706425464,-436.17439513379367,-52.47872334160081,76.19230518678961,17.460878056603,67.76475824903956,14.774363694357426,False,-0.0824051674236387,BAY_OF_BISCAY
458,2008-07-20,346.9766434091456,967.1444572912416,-527.0046539319839,-93.163159950112,76.19230518678961,17.460878056603,67.76475824903956,14.774363694357426,False,-0.0824051674236387,BAY_OF_BISCAY
459,2008-07-28,275.9630072709361,969.6789232807356,-590.4868432080707,-103.229072801729,76.19230518678961,17.460878056603,67.76475824903956,14.774363694357426,False,-0.0824051674236387,BAY_OF_BISCAY
460,2008-08-04,248.5666048169082,971.435965338188,-639.1074461506253,-83.76191437065438,76.19230518678961,17.460878056603,67.76475824903956,14.774363694357426,False,-0.0824051674236387,BAY_OF_BISCAY
461,2008-08-12,235.38743707534115,972.4341855219012,-648.2511864209371,-88.7955620256231,76.19230518678961,17.460878056603,67.76475824903956,14.774363694357426,False,-0.0824051674236387,BAY_OF_BISCAY
462,2008-08-20,235.38743707534115,972.6960548075192,-631.7022600521009,-105.60635768007704,76.19230518678961,17.460878056603,67.76475824903956,14.774363694357426,False,-0.0824051674236387,BAY_OF_BISCAY
463,2008-08-28,235.38743707534115,972.2486371878892,-627.51483348417,-109.34636662837806,76.19230518678961,17.460878056603,67.76475824903956,14.774363694357426,False,-0.0824051674236387,BAY_OF_BISCAY
464,2008-09-04,237.0487766737108,971.1232033199834,-629.8517582134644,-104.22266843280818,76.19230518678961,17.460878056603,67.76475824903956,14.774363694357426,False,-0.0824051674236387,BAY_OF_BISCAY
465,2008-09-12,251.4665136732464,969.3542468671278,-616.6239294116799,-101.26380378220142,76.19230518678961,17.460878056603,67.76475824903956,14.774363694357426,False,-0.0824051674236387,BAY_OF_BISCAY
466,2008-09-20,251.4665136732464,966.9793348735188,-600.2947824010236,-115.2180387992488,76.19230518678961,17.460878056603,67.76475824903956,14.774363694357426,False,-0.0824051674236387,BAY_OF_BISCAY
467,2008-09-28,248.10225021104648,964.0392832682592,-578.0714584984712,-137.8655745587415,76.19230518678961,17.460878056603,67.76475824903956,14.774363694357426,False,-0.0824051674236387,BAY_OF_BISCAY
468,2008-10-04,245.4146131843562,960.577485051834,-567.388903066713,-147.7739688007647,76.19230518678961,17.460878056603,67.76475824903956,14.774363694357426,False,-0.0824051674236387,BAY_OF_BISCAY
469,2008-10-12,245.4146131843562,956.640597531971,-556.5181577437007,-154.7078266039141,76.19230518678961,17.460878056603,67.76475824903956,14.774363694357426,False,-0.0824051674236387,BAY_OF_BISCAY
470,2008-10-20,252.0280421891204,952.2771917018136,-541.6399017650208,-158.6092477476725,76.19230518678961,17.460878056603,67.76475824903956,14.774363694357426,False,-0.0824051674236387,BAY_OF_BISCAY
471,2008-10-28,321.1462183329336,947.5375182908588,-508.3624513055394,-118.02884865238588,76.19230518678961,17.460878056603,67.76475824903956,14.774363694357426,False,-0.0824051674236387,BAY_OF_BISCAY
472,2008-11-04,761.9607055635838,942.4723698449938,-249.10506068755316,68.5933964061432,76.19230518678961,17.460878056603,67.76475824903956,14.774363694357426,False,-0.0824051674236387,BAY_OF_BISCAY
473,2008-11-12,761.9607055635838,937.1309603391398,-253.09840976984927,77.92815499429324,76.19230518678961,17.460878056603,67.76475824903956,14.774363694357426,False,-0.0824051674236387,BAY_OF_BISCAY
474,2008-11-20,761.9607055635838,931.564234142755,-242.3647354245068,72.76120684533558,76.19230518678961,17.460878056603,67.76475824903956,14.774363694357426,False,-0.0824051674236387,BAY_OF_BISCAY
475,2008-11-28,1030.732544797688,925.8255224039608,-103.08762193897466,207.9946443327017,76.19230518678961,17.460878056603,67.76475824903956,14.774363694357426,False,-0.0824051674236387,BAY_OF_BISCAY
476,2008-12-04,1561.3371311416183,919.9704725318584,249.61161066520117,391.7550479445586,76.19230518678961,17.460878056603,67.76475824903956,14.774363694357426,False,-0.0824051674236387,BAY_OF_BISCAY
477,2008-12-12,1561.3371311416183,914.0530685783536,340.8277443392374,306.45631822402737,76.19230518678961,17.460878056603,67.76475824903956,14.774363694357426,False,-0.0824051674236387,BAY_OF_BISCAY
478,2008-12-20,1397.8011842485548,908.1303549114864,261.11226885369314,228.5585604833753,76.19230518678961,17.460878056603,67.76475824903956,14.774363694357426,False,-0.0824051674236387,BAY_OF_BISCAY
479,2008-12-28,931.622862923204,902.266616277168,33.47854770249373,-4.122301056457644,76.19230518678961,17.460878056603,67.76475824903956,14.774363694357426,False,-0.0824051674236387,BAY_OF_BISCAY
480,2009-01-04,875.8344682080925,896.5222184364968,200.41916783259703,-221.10691806100127,76.19230518678961,17.460878056603,67.76475824903956,14.774363694357426,False,-0.0824051674236387,BAY_OF_BISCAY
481,2009-01-12,875.8344682080925,890.9383835577603,369.9320069513005,-385.03592230096825,76.19230518678961,17.460878056603,67.76475824903956,14.774363694357426,False,-0.0824051674236387,BAY_OF_BISCAY
482,2009-01-20,1664.8781560693642,885.5325806546849,765.096358262812,14.249217151867242,76.19230518678961,17.460878056603,67.76475824903956,14.774363694357426,False,-0.0824051674236387,BAY_OF_BISCAY
483,2009-01-28,1856.4606062138728,880.3043872632168,734.2615193531416,241.89469959751443,76.19230518678961,17.460878056603,67.76475824903956,14.774363694357426,False,-0.0824051674236387,BAY_OF_BISCAY
484,2009-02-04,1856.4606062138728,875.2269485350487,732.0770205557327,249.1566371230914,76.19230518678961,17.460878056603,67.76475824903956,14.774363694357426,False,-0.0824051674236387,BAY_OF_BISCAY
485,2009-02-12,1692.3177026734104,870.2505428253338,582.6211232066917,239.4460366413849,76.19230518678961,17.460878056603,67.76475824903956,14.774363694357426,False,-0.0824051674236387,BAY_OF_BISCAY
486,2009-02-20,1011.3443218930636,865.3100860373312,164.54381029050705,-18.50957443477455,76.19230518678961,17.460878056603,67.76475824903956,14.774363694357426,False,-0.0824051674236387,BAY_OF_BISCAY
487,2009-02-28,836.4953468208092,860.3266330386925,40.81202718034061,-64.64331339822391,76.19230518678961,17.460878056603,67.76475824903956,14.774363694357426,False,-0.0824051674236387,BAY_OF_BISCAY
488,2009-03-04,826.8085444364162,855.22079990487,34.7081156492772,-63.12037111773093,76.19230518678961,17.460878056603,67.76475824903956,14.774363694357426,False,-0.0824051674236387,BAY_OF_BISCAY
489,2009-03-12,811.4775440751445,849.923469540156,82.69246682585867,-121.13839229087024,76.19230518678961,17.460878056603,67.76475824903956,14.774363694357426,False,-0.0824051674236387,BAY_OF_BISCAY
490,2009-03-20,688.2751783649876,844.389850165795,120.83478157474129,-276.94945337554867,76.19230518678961,17.460878056603,67.76475824903956,14.774363694357426,False,-0.0824051674236387,BAY_OF_BISCAY
491,2009-03-28,688.2751783649876,838.6069775005523,200.12701083540824,-350.4588099709729,76.19230518678961,17.460878056603,67.76475824903956,14.774363694357426,False,-0.0824051674236387,BAY_OF_BISCAY
492,2009-04-04,735.2974884393063,832.5870781946401,241.52158602365952,-338.8111757789933,76.19230518678961,17.460878056603,67.76475824903956,14.774363694357426,False,-0.0824051674236387,BAY_OF_BISCAY
493,2009-04-12,1331.1913452063957,826.3551471387833,537.8153515615,-32.97915349388768,76.19230518678961,17.460878056603,67.76475824903956,14.774363694357426,False,-0.0824051674236387,BAY_OF_BISCAY
494,2009-04-20,1661.9175427336188,819.9451834217656,704.9625812213793,137.0097780904739,76.19230518678961,17.460878056603,67.76475824903956,14.774363694357426,False,-0.0824051674236387,BAY_OF_BISCAY
495,2009-04-28,2084.713290600686,813.4024753541402,914.6283219296374,356.6824933169082,76.19230518678961,17.460878056603,67.76475824903956,14.774363694357426,False,-0.0824051674236387,BAY_OF_BISCAY
496,2009-05-04,2084.713290600686,806.7878660280999,880.9783767084435,396.9470478641425,76.19230518678961,17.460878056603,67.76475824903956,14.774363694357426,False,-0.0824051674236387,BAY_OF_BISCAY
497,2009-05-12,1569.3751516187197,800.159569926055,524.2121280668842,245.0034536257804,76.19230518678961,17.460878056603,67.76475824903956,14.774363694357426,False,-0.0824051674236387,BAY_OF_BISCAY
498,2009-05-20,1213.4976992906168,793.5704714496719,261.68514678267366,158.2420810582712,76.19230518678961,17.460878056603,67.76475824903956,14.774363694357426,False,-0.0824051674236387,BAY_OF_BISCAY
499,2009-05-28,913.3522058647376,787.079741275188,326.407790877496,-200.1353262879465,76.19230518678961,17.460878056603,67.76475824903956,14.774363694357426,False,-0.0824051674236387,BAY_OF_BISCAY
500,2009-06-04,709.2825868379579,780.7578913786009,222.94931902189484,-294.4246235625379,76.19230518678961,17.460878056603,67.76475824903956,14.774363694357426,False,-0.0824051674236387,BAY_OF_BISCAY
501,2009-06-12,649.5577568387686,774.6849037284455,156.00443092628137,-281.13157781595834,76.19230518678961,17.460878056603,67.76475824903956,14.774363694357426,False,-0.0824051674236387,BAY_OF_BISCAY
502,2009-06-20,514.1281209754837,768.9218294564262,-15.03208982024682,-239.7616186606956,76.19230518678961,17.460878056603,67.76475824903956,14.774363694357426,False,-0.0824051674236387,BAY_OF_BISCAY
503,2009-06-28,350.7252216090813,763.5044469827208,-305.88224413283353,-106.89698124080591,76.19230518678961,17.460878056603,67.76475824903956,14.774363694357426,False,-0.0824051674236387,BAY_OF_BISCAY
504,2009-07-04,315.17919581847497,758.4586448787962,-407.9331054243624,-35.346343635958874,76.19230518678961,17.460878056603,67.76475824903956,14.774363694357426,False,-0.0824051674236387,BAY_OF_BISCAY
505,2009-07-12,260.6347812163904,753.8061651000727,-496.5853190948965,3.4139352112141523,76.19230518678961,17.460878056603,67.76475824903956,14.774363694357426,False,-0.0824051674236387,BAY_OF_BISCAY
506,2009-07-20,245.1541907851204,749.5670451978339,-554.5256587657375,50.112804353024046,76.19230518678961,17.460878056603,67.76475824903956,14.774363694357426,False,-0.0824051674236387,BAY_OF_BISCAY
507,2009-07-28,200.84477987451848,745.7610587448371,-596.908932138024,51.99265326770546,76.19230518678961,17.460878056603,67.76475824903956,14.774363694357426,False,-0.0824051674236387,BAY_OF_BISCAY
508,2009-08-04,200.84477987451848,742.4067035273777,-607.3397028692656,65.77777921640643,76.19230518678961,17.460878056603,67.76475824903956,14.774363694357426,False,-0.0824051674236387,BAY_OF_BISCAY
509,2009-08-12,200.84477987451848,739.5215227108316,-617.4510103391366,78.77426750282348,76.19230518678961,17.460878056603,67.76475824903956,14.774363694357426,False,-0.0824051674236387,BAY_OF_BISCAY
510,2009-08-20,223.8895204294193,737.1210865317743,-609.208688125352,95.97712202299704,76.19230518678961,17.460878056603,67.76475824903956,14.774363694357426,False,-0.0824051674236387,BAY_OF_BISCAY
511,2009-08-28,220.57012830740155,735.2172426098582,-613.2184164372563,98.57130213479968,76.19230518678961,17.460878056603,67.76475824903956,14.774363694357426,False,-0.0824051674236387,BAY_OF_BISCAY
512,2009-09-04,220.57012830740155,733.8167701061545,-614.4395738093189,101.19293201056588,76.19230518678961,17.460878056603,67.76475824903956,14.774363694357426,False,-0.0824051674236387,BAY_OF_BISCAY
513,2009-09-12,220.57012830740155,732.9208989174648,-602.7339134260454,90.38314281598218,76.19230518678961,17.460878056603,67.76475824903956,14.774363694357426,False,-0.0824051674236387,BAY_OF_BISCAY
514,2009-09-20,217.136473820738,732.5242839825099,-599.7947120924903,84.40690193071828,76.19230518678961,17.460878056603,67.76475824903956,14.774363694357426,False,-0.0824051674236387,BAY_OF_BISCAY
515,2009-09-28,244.7140832460631,732.6145016671903,-581.4349142355362,93.53449581440896,76.19230518678961,17.460878056603,67.76475824903956,14.774363694357426,False,-0.0824051674236387,BAY_OF_BISCAY
516,2009-10-04,260.9275469407572,733.1723342739567,-559.9065700321036,87.66178269890406,76.19230518678961,17.460878056603,67.76475824903956,14.774363694357426,False,-0.0824051674236387,BAY_OF_BISCAY
517,2009-10-12,285.24198290850813,734.1725174308444,-513.8600232066165,64.92948868428016,76.19230518678961,17.460878056603,67.76475824903956,14.774363694357426,False,-0.0824051674236387,BAY_OF_BISCAY
518,2009-10-20,287.6071060690375,735.5846784078298,-496.5536274592942,48.57605512050196,76.19230518678961,17.460878056603,67.76475824903956,14.774363694357426,False,-0.0824051674236387,BAY_OF_BISCAY
519,2009-10-28,317.2971592339345,737.3763627868094,-439.0225886585227,18.943385105647792,76.19230518678961,17.460878056603,67.76475824903956,14.774363694357426,False,-0.0824051674236387,BAY_OF_BISCAY
520,2009-11-04,568.2615858687553,739.5165333153902,-166.62614733148536,-4.628800115149545,76.19230518678961,17.460878056603,67.76475824903956,14.774363694357426,False,-0.0824051674236387,BAY_OF_BISCAY
521,2009-11-12,568.2615858687553,741.9908800207975,-23.35121418977577,-150.37807996226638,76.19230518678961,17.460878056603,67.76475824903956,14.774363694357426,False,-0.0824051674236387,BAY_OF_BISCAY
522,2009-11-20,541.9969457609587,744.7906699443965,-29.72269935266243,-173.07102483077537,76.19230518678961,17.460878056603,67.76475824903956,14.774363694357426,False,-0.0824051674236387,BAY_OF_BISCAY
523,2009-11-28,541.9969457609587,747.9045186845151,64.5247918622949,-270.4323647858513,76.19230518678961,17.460878056603,67.76475824903956,14.774363694357426,False,-0.0824051674236387,BAY_OF_BISCAY
524,2009-12-04,795.5497048265622,751.3158428153508,334.31473580911336,-290.080873797902,76.19230518678961,17.460878056603,67.76475824903956,14.774363694357426,False,-0.0824051674236387,BAY_OF_BISCAY
525,2009-12-12,795.5497048265622,755.0072620923175,354.1342105702098,-313.5917678359652,76.19230518678961,17.460878056603,67.76475824903956,14.774363694357426,False,-0.0824051674236387,BAY_OF_BISCAY
526,2009-12-20,795.5497048265622,758.9560163227183,316.1441186720463,-279.55043016820235,76.19230518678961,17.460878056603,67.76475824903956,14.774363694357426,False,-0.0824051674236387,BAY_OF_BISCAY
527,2009-12-28,813.893588939949,763.1294575151809,210.0574230422675,-159.29329161749934,76.19230518678961,17.460878056603,67.76475824903956,14.774363694357426,False,-0.0824051674236387,BAY_OF_BISCAY
528,2010-01-04,1411.4467711269083,767.4914421810104,432.55832898516434,211.3969999607338,76.19230518678961,17.460878056603,67.76475824903956,14.774363694357426,False,-0.0824051674236387,BAY_OF_BISCAY
529,2010-01-12,1505.2480404272935,772.0045937514539,442.66359995602943,290.57984671981046,76.19230518678961,17.460878056603,67.76475824903956,14.774363694357426,False,-0.0824051674236387,BAY_OF_BISCAY
530,2010-01-20,1505.2480404272935,776.6381284708449,640.731590642848,87.87832131360085,76.19230518678961,17.460878056603,67.76475824903956,14.774363694357426,False,-0.0824051674236387,BAY_OF_BISCAY
531,2010-01-28,1404.677721047252,781.3705700157544,620.6615377402717,2.6456132912260277,76.19230518678961,17.460878056603,67.76475824903956,14.774363694357426,False,-0.0824051674236387,BAY_OF_BISCAY
532,2010-02-04,1404.677721047252,786.1984560301696,607.2758519561393,11.203413060943262,76.19230518678961,17.460878056603,67.76475824903956,14.774363694357426,False,-0.0824051674236387,BAY_OF_BISCAY
533,2010-02-12,1404.677721047252,791.1223087079173,566.0625097314796,47.49290260785517,76.19230518678961,17.460878056603,67.76475824903956,14.774363694357426,False,-0.0824051674236387,BAY_OF_BISCAY
534,2010-02-20,1295.1049048628483,796.1340004416129,362.2086261816468,136.76227823958868,76.19230518678961,17.460878056603,67.76475824903956,14.774363694357426,False,-0.0824051674236387,BAY_OF_BISCAY
535,2010-02-28,1277.7299471451477,801.2084502239765,328.2259270947324,148.2955698264388,76.19230518678961,17.460878056603,67.76475824903956,14.774363694357426,False,-0.0824051674236387,BAY_OF_BISCAY
536,2010-03-04,1277.7299471451477,806.2987334393828,325.36698962481915,146.0642240809457,76.19230518678961,17.460878056603,67.76475824903956,14.774363694357426,False,-0.0824051674236387,BAY_OF_BISCAY
537,2010-03-12,1035.702924992116,811.3455195717472,199.78468413343276,24.57272128693592,76.19230518678961,17.460878056603,67.76475824903956,14.774363694357426,False,-0.0824051674236387,BAY_OF_BISCAY
538,2010-03-20,1035.702924992116,816.278000877895,159.23829559809133,60.18662851612953,76.19230518678961,17.460878056603,67.76475824903956,14.774363694357426,False,-0.0824051674236387,BAY_OF_BISCAY
539,2010-03-28,1051.3084346416908,821.0163185210995,171.3521519187771,58.93996420181424,76.19230518678961,17.460878056603,67.76475824903956,14.774363694357426,False,-0.0824051674236387,BAY_OF_BISCAY
540,2010-04-04,1099.6817011442097,825.4758479404001,189.55580360261217,84.65004960119722,76.19230518678961,17.460878056603,67.76475824903956,14.774363694357426,False,-0.0824051674236387,BAY_OF_BISCAY
541,2010-04-12,1099.6817011442097,829.5789306720811,304.07051211771864,-33.96774164559031,76.19230518678961,17.460878056603,67.76475824903956,14.774363694357426,False,-0.0824051674236387,BAY_OF_BISCAY
542,2010-04-20,805.9857574372205,833.2665506261211,205.54253536584403,-232.82332855474465,76.19230518678961,17.460878056603,67.76475824903956,14.774363694357426,False,-0.0824051674236387,BAY_OF_BISCAY
543,2010-04-28,805.9857574372205,836.5058626803223,305.7324821717257,-336.2525874148274,76.19230518678961,17.460878056603,67.76475824903956,14.774363694357426,False,-0.0824051674236387,BAY_OF_BISCAY
544,2010-05-04,1213.0548330596628,839.2922973525234,497.8722819786213,-124.10974627148198,76.19230518678961,17.460878056603,67.76475824903956,14.774363694357426,False,-0.0824051674236387,BAY_OF_BISCAY
545,2010-05-12,1213.0548330596628,841.641455396848,353.9420998064147,17.471277856400093,76.19230518678961,17.460878056603,67.76475824903956,14.774363694357426,False,-0.0824051674236387,BAY_OF_BISCAY
546,2010-05-20,890.2795028937611,843.5652412285189,75.09558422058313,-28.381322555340887,76.19230518678961,17.460878056603,67.76475824903956,14.774363694357426,False,-0.0824051674236387,BAY_OF_BISCAY
547,2010-05-28,762.7785548753267,845.0599831138582,-69.65278008934312,-12.62864814918835,76.19230518678961,17.460878056603,67.76475824903956,14.774363694357426,False,-0.0824051674236387,BAY_OF_BISCAY
548,2010-06-04,762.7785548753267,846.1053569978171,-103.11183776003404,19.7850356375436,76.19230518678961,17.460878056603,67.76475824903956,14.774363694357426,False,-0.0824051674236387,BAY_OF_BISCAY
549,2010-06-12,1236.236173480465,846.6571814490144,118.91236807730198,270.66662395414835,76.19230518678961,17.460878056603,67.76475824903956,14.774363694357426,False,-0.0824051674236387,BAY_OF_BISCAY
550,2010-06-20,1236.236173480465,846.6667545881642,53.644589655124506,335.924829237176,76.19230518678961,17.460878056603,67.76475824903956,14.774363694357426,False,-0.0824051674236387,BAY_OF_BISCAY
551,2010-06-28,731.2292229327983,846.0883856078063,-261.8829547107135,147.0237920357054,76.19230518678961,17.460878056603,67.76475824903956,14.774363694357426,False,-0.0824051674236387,BAY_OF_BISCAY
552,2010-07-04,549.5279606608069,844.8771027789377,-368.6842494468072,73.33510732867637,76.19230518678961,17.460878056603,67.76475824903956,14.774363694357426,False,-0.0824051674236387,BAY_OF_BISCAY
553,2010-07-12,400.5301778131761,842.9912158241013,-457.99215753352814,15.53111952260292,76.19230518678961,17.460878056603,67.76475824903956,14.774363694357426,False,-0.0824051674236387,BAY_OF_BISCAY
554,2010-07-20,317.68218097709905,840.3907961240318,-486.9435784299951,-35.76503671693763,76.19230518678961,17.460878056603,67.76475824903956,14.774363694357426,False,-0.0824051674236387,BAY_OF_BISCAY
555,2010-07-28,289.2394874849568,837.0372974682743,-505.6536749867537,-42.144134996563935,76.19230518678961,17.460878056603,67.76475824903956,14.774363694357426,False,-0.0824051674236387,BAY_OF_BISCAY
556,2010-08-04,255.81014450595387,832.8963610032922,-517.9266363371003,-59.15958016023808,76.19230518678961,17.460878056603,67.76475824903956,14.774363694357426,False,-0.0824051674236387,BAY_OF_BISCAY
557,2010-08-12,212.92721871683025,827.9393136454999,-551.8110223453373,-63.20107258333235,76.19230518678961,17.460878056603,67.76475824903956,14.774363694357426,False,-0.0824051674236387,BAY_OF_BISCAY
558,2010-08-20,197.06750061034688,822.1468583023008,-548.2486473096181,-76.83071038233572,76.19230518678961,17.460878056603,67.76475824903956,14.774363694357426,False,-0.0824051674236387,BAY_OF_BISCAY
559,2010-08-28,197.06750061034688,815.5104811240068,-545.2704108089922,-73.1725697046677,76.19230518678961,17.460878056603,67.76475824903956,14.774363694357426,False,-0.0824051674236387,BAY_OF_BISCAY
560,2010-09-04,203.3182830508631,808.0335251446747,-538.4661507595654,-66.24909133424626,76.19230518678961,17.460878056603,67.76475824903956,14.774363694357426,False,-0.0824051674236387,BAY_OF_BISCAY
561,2010-09-12,240.9956229211788,799.7317344278474,-515.3493442301134,-43.38676727655525,76.19230518678961,17.460878056603,67.76475824903956,14.774363694357426,False,-0.0824051674236387,BAY_OF_BISCAY
562,2010-09-20,254.0161320419848,790.6333767456953,-507.2460232350007,-29.37122146870973,76.19230518678961,17.460878056603,67.76475824903956,14.774363694357426,False,-0.0824051674236387,BAY_OF_BISCAY
563,2010-09-28,263.6875626924995,780.7783531241155,-492.58838598647407,-24.50240444514185,76.19230518678961,17.460878056603,67.76475824903956,14.774363694357426,False,-0.0824051674236387,BAY_OF_BISCAY
564,2010-10-04,304.08379359087223,770.2174827175609,-464.6993487399098,-1.4343403867788425,76.19230518678961,17.460878056603,67.76475824903956,14.774363694357426,False,-0.0824051674236387,BAY_OF_BISCAY
565,2010-10-12,414.9372592877178,759.0114977604142,-394.732477530035,50.65823905733862,76.19230518678961,17.460878056603,67.76475824903956,14.774363694357426,False,-0.0824051674236387,BAY_OF_BISCAY
566,2010-10-20,429.3398072185529,747.2295172180528,-378.9694367749568,61.07972677545689,76.19230518678961,17.460878056603,67.76475824903956,14.774363694357426,False,-0.0824051674236387,BAY_OF_BISCAY
567,2010-10-28,471.78801344557866,734.9482008985104,-332.2443847975861,69.08419734465434,76.19230518678961,17.460878056603,67.76475824903956,14.774363694357426,False,-0.0824051674236387,BAY_OF_BISCAY
568,2010-11-04,564.3737951170169,722.2481406183683,97.66679632035884,-255.54114182171023,76.19230518678961,17.460878056603,67.76475824903956,14.774363694357426,False,-0.0824051674236387,BAY_OF_BISCAY
569,2010-11-12,1101.7963289716515,709.189185206696,371.6685477698269,20.938595995128537,76.19230518678961,17.460878056603,67.76475824903956,14.774363694357426,False,-0.0824051674236387,BAY_OF_BISCAY
570,2010-11-20,1101.7963289716515,695.8199557701344,292.1960039457427,113.78036925577447,76.19230518678961,17.460878056603,67.76475824903956,14.774363694357426,False,-0.0824051674236387,BAY_OF_BISCAY
571,2010-11-28,1174.0115973510729,682.1839176162122,244.8272295841992,247.00045015066144,76.19230518678961,17.460878056603,67.76475824903956,14.774363694357426,False,-0.0824051674236387,BAY_OF_BISCAY
572,2010-12-04,1174.0115973510729,668.3320061699255,269.9813121525258,235.69827902862156,76.19230518678961,17.460878056603,67.76475824903956,14.774363694357426,False,-0.0824051674236387,BAY_OF_BISCAY
573,2010-12-12,1227.1109418866188,654.3276439917959,301.5752814446993,271.2080164501236,76.19230518678961,17.460878056603,67.76475824903956,14.774363694357426,False,-0.0824051674236387,BAY_OF_BISCAY
574,2010-12-20,1229.4126894293129,640.2511672922525,417.4441568826589,171.71736525440144,76.19230518678961,17.460878056603,67.76475824903956,14.774363694357426,False,-0.0824051674236387,BAY_OF_BISCAY
575,2010-12-28,1229.4126894293129,626.1958538124449,612.6788217531731,-9.461986136305086,76.19230518678961,17.460878056603,67.76475824903956,14.774363694357426,False,-0.0824051674236387,BAY_OF_BISCAY
576,2011-01-04,974.5836113056264,612.2577495371461,496.938411103366,-134.61254933488578,76.19230518678961,17.460878056603,67.76475824903956,14.774363694357426,False,-0.0824051674236387,BAY_OF_BISCAY
577,2011-01-12,822.3594732990655,598.5471547964967,448.6705135692727,-224.8581950667039,76.19230518678961,17.460878056603,67.76475824903956,14.774363694357426,False,-0.0824051674236387,BAY_OF_BISCAY
578,2011-01-20,822.3594732990655,585.1860089465351,351.89883480361146,-114.72537045108112,76.19230518678961,17.460878056603,67.76475824903956,14.774363694357426,False,-0.0824051674236387,BAY_OF_BISCAY
579,2011-01-28,751.2433617979005,572.3113155153342,275.6243363570606,-96.69229007449422,76.19230518678961,17.460878056603,67.76475824903956,14.774363694357426,False,-0.0824051674236387,BAY_OF_BISCAY
580,2011-02-04,698.8425045142966,560.0644510248885,248.14536134639215,-109.3673078569841,76.19230518678961,17.460878056603,67.76475824903956,14.774363694357426,False,-0.0824051674236387,BAY_OF_BISCAY
581,2011-02-12,698.8425045142966,548.5909195819941,233.80576288244657,-83.55417795014404,76.19230518678961,17.460878056603,67.76475824903956,14.774363694357426,False,-0.0824051674236387,BAY_OF_BISCAY
582,2011-02-20,783.6672636141807,538.0394194073809,210.93602341958055,34.69182078721917,76.19230518678961,17.460878056603,67.76475824903956,14.774363694357426,False,-0.0824051674236387,BAY_OF_BISCAY
583,2011-02-28,858.062275757198,528.5550900846813,224.83297578976436,104.67420988275236,76.19230518678961,17.460878056603,67.76475824903956,14.774363694357426,False,-0.0824051674236387,BAY_OF_BISCAY
584,2011-03-04,858.062275757198,520.2724372218414,218.67568400779933,119.11415452755725,76.19230518678961,17.460878056603,67.76475824903956,14.774363694357426,False,-0.0824051674236387,BAY_OF_BISCAY
585,2011-03-12,858.062275757198,513.3081991053087,160.00200837945715,184.7520682724321,76.19230518678961,17.460878056603,67.76475824903956,14.774363694357426,False,-0.0824051674236387,BAY_OF_BISCAY
586,2011-03-20,823.2359933524847,507.7573857675623,139.03470751688437,176.44390006803806,76.19230518678961,17.460878056603,67.76475824903956,14.774363694357426,False,-0.0824051674236387,BAY_OF_BISCAY
587,2011-03-28,845.3182548113467,503.6903216935109,155.18099302298228,186.4469400948536,76.19230518678961,17.460878056603,67.76475824903956,14.774363694357426,False,-0.0824051674236387,BAY_OF_BISCAY
588,2011-04-04,779.9050135912494,501.1580089402006,135.4656007725556,143.28140387849317,76.19230518678961,17.460878056603,67.76475824903956,14.774363694357426,False,-0.0824051674236387,BAY_OF_BISCAY
589,2011-04-12,649.379986075981,500.18948544143086,106.78004545600098,42.4104551785492,76.19230518678961,17.460878056603,67.76475824903956,14.774363694357426,False,-0.0824051674236387,BAY_OF_BISCAY
590,2011-04-20,520.7508828804959,500.7854381751332,66.75144402955607,-46.78599932419337,76.19230518678961,17.460878056603,67.76475824903956,14.774363694357426,False,-0.0824051674236387,BAY_OF_BISCAY
591,2011-04-28,507.9668843143248,502.9029809174575,412.1353579950732,-407.0714545982058,76.19230518678961,17.460878056603,67.76475824903956,14.774363694357426,False,-0.0824051674236387,BAY_OF_BISCAY
592,2011-05-04,478.9437345651552,506.4395635745003,494.972782897175,-522.4686119065202,76.19230518678961,17.460878056603,67.76475824903956,14.774363694357426,False,-0.0824051674236387,BAY_OF_BISCAY
593,2011-05-12,447.9964571881368,511.2541847781268,279.0917410497321,-342.3494686397221,76.19230518678961,17.460878056603,67.76475824903956,14.774363694357426,False,-0.0824051674236387,BAY_OF_BISCAY
594,2011-05-20,366.3343195432776,517.2028535983089,123.22997128747356,-274.0985053425049,76.19230518678961,17.460878056603,67.76475824903956,14.774363694357426,False,-0.0824051674236387,BAY_OF_BISCAY
595,2011-05-28,366.3343195432776,524.1444510584881,89.67025706077692,-247.4803885759875,76.19230518678961,17.460878056603,67.76475824903956,14.774363694357426,False,-0.0824051674236387,BAY_OF_BISCAY
596,2011-06-04,444.9827206672721,531.9425196958795,-18.93121407190552,-68.02858495670182,76.19230518678961,17.460878056603,67.76475824903956,14.774363694357426,False,-0.0824051674236387,BAY_OF_BISCAY
597,2011-06-12,444.9827206672721,540.4804181217606,83.17500065287979,-178.6726981073683,76.19230518678961,17.460878056603,67.76475824903956,14.774363694357426,False,-0.0824051674236387,BAY_OF_BISCAY
598,2011-06-20,325.1161729732732,549.6571500463513,-20.82785478672172,-203.71312228635637,76.19230518678961,17.460878056603,67.76475824903956,14.774363694357426,False,-0.0824051674236387,BAY_OF_BISCAY
599,2011-06-28,260.56407809145225,559.38471546095,-253.12524277819415,-45.6953945913036,76.19230518678961,17.460878056603,67.76475824903956,14.774363694357426,False,-0.0824051674236387,BAY_OF_BISCAY
600,2011-07-04,254.23211745548704,569.5761612900781,-318.74812725946947,3.404083424878422,76.19230518678961,17.460878056603,67.76475824903956,14.774363694357426,False,-0.0824051674236387,BAY_OF_BISCAY
601,2011-07-12,254.23211745548704,580.1373439338596,-377.959525109575,52.054298631202414,76.19230518678961,17.460878056603,67.76475824903956,14.774363694357426,False,-0.0824051674236387,BAY_OF_BISCAY
602,2011-07-20,308.78700237237973,590.970927029844,-398.8596844529147,116.6757597954504,76.19230518678961,17.460878056603,67.76475824903956,14.774363694357426,False,-0.0824051674236387,BAY_OF_BISCAY
603,2011-07-28,308.78700237237973,601.9785926569273,-415.4022197051912,122.2106294206436,76.19230518678961,17.460878056603,67.76475824903956,14.774363694357426,False,-0.0824051674236387,BAY_OF_BISCAY
604,2011-08-04,296.23430485017724,613.0615119776311,-445.4143314834915,128.58712435603763,76.19230518678961,17.460878056603,67.76475824903956,14.774363694357426,False,-0.0824051674236387,BAY_OF_BISCAY
605,2011-08-12,215.5373106778744,624.1207019867077,-511.96008652503775,103.3766952162045,76.19230518678961,17.460878056603,67.76475824903956,14.774363694357426,False,-0.0824051674236387,BAY_OF_BISCAY
606,2011-08-20,214.9789103328104,635.0570880483117,-523.6959690853603,103.617791369859,76.19230518678961,17.460878056603,67.76475824903956,14.774363694357426,False,-0.0824051674236387,BAY_OF_BISCAY
607,2011-08-28,214.9789103328104,645.7724025856066,-526.6069588057277,95.81346655293146,76.19230518678961,17.460878056603,67.76475824903956,14.774363694357426,False,-0.0824051674236387,BAY_OF_BISCAY
608,2011-09-04,214.9789103328104,656.17080818381,-516.6876856403941,75.49578778939451,76.19230518678961,17.460878056603,67.76475824903956,14.774363694357426,False,-0.0824051674236387,BAY_OF_BISCAY
609,2011-09-12,218.6440223651452,666.1606635197343,-506.9992256620925,59.48258450750342,76.19230518678961,17.460878056603,67.76475824903956,14.774363694357426,False,-0.0824051674236387,BAY_OF_BISCAY
610,2011-09-20,217.18943000615468,675.6573834861479,-511.2931033185778,52.82514983858465,76.19230518678961,17.460878056603,67.76475824903956,14.774363694357426,False,-0.0824051674236387,BAY_OF_BISCAY
611,2011-09-28,217.18943000615468,684.5855972150617,-511.40875093208166,44.0125837231746,76.19230518678961,17.460878056603,67.76475824903956,14.774363694357426,False,-0.0824051674236387,BAY_OF_BISCAY
612,2011-10-04,217.18943000615468,692.8800856583966,-502.0719348267386,26.381279174496623,76.19230518678961,17.460878056603,67.76475824903956,14.774363694357426,False,-0.0824051674236387,BAY_OF_BISCAY
613,2011-10-12,227.516999937098,700.4874051454661,-460.6299387642772,-12.340466444090907,76.19230518678961,17.460878056603,67.76475824903956,14.774363694357426,False,-0.0824051674236387,BAY_OF_BISCAY
614,2011-10-20,230.97060043077877,707.3664439330136,-398.3727639348553,-78.02307956737951,76.19230518678961,17.460878056603,67.76475824903956,14.774363694357426,False,-0.0824051674236387,BAY_OF_BISCAY
615,2011-10-28,286.23948707291623,713.4846219644687,-357.9602433163717,-69.28489157518078,76.19230518678961,17.460878056603,67.76475824903956,14.774363694357426,False,-0.0824051674236387,BAY_OF_BISCAY
616,2011-11-04,1557.2402174855492,718.8181463041803,288.1795808675398,550.2424903138291,76.19230518678961,17.460878056603,67.76475824903956,14.774363694357426,False,-0.0824051674236387,BAY_OF_BISCAY
617,2011-11-12,1557.2402174855492,723.3712379515335,414.8276512291693,419.0413283048465,76.19230518678961,17.460878056603,67.76475824903956,14.774363694357426,False,-0.0824051674236387,BAY_OF_BISCAY
618,2011-11-20,1245.3405653901734,727.1760348579676,210.02838997998657,308.1361405522193,76.19230518678961,17.460878056603,67.76475824903956,14.774363694357426,False,-0.0824051674236387,BAY_OF_BISCAY
619,2011-11-28,899.6453029865124,730.3015481233092,44.55861427301045,124.78514059019278,76.19230518678961,17.460878056603,67.76475824903956,14.774363694357426,False,-0.0824051674236387,BAY_OF_BISCAY
620,2011-12-04,735.3687976878613,732.8303604142378,27.116357144549557,-24.57791987092609,76.19230518678961,17.460878056603,67.76475824903956,14.774363694357426,False,-0.0824051674236387,BAY_OF_BISCAY
621,2011-12-12,735.3687976878613,734.8436171120304,89.71960699865298,-89.19442642282212,76.19230518678961,17.460878056603,67.76475824903956,14.774363694357426,False,-0.0824051674236387,BAY_OF_BISCAY
622,2011-12-20,1167.0341997858127,736.4107489844055,411.6845521097608,18.938898691646383,76.19230518678961,17.460878056603,67.76475824903956,14.774363694357426,False,-0.0824051674236387,BAY_OF_BISCAY
623,2011-12-28,1904.0208591040464,737.5865459666051,779.7038572030816,386.7304559343596,76.19230518678961,17.460878056603,67.76475824903956,14.774363694357426,False,-0.0824051674236387,BAY_OF_BISCAY
624,2012-01-04,1332.5793734959182,738.4199011602431,384.78702667573526,209.37244565993984,76.19230518678961,17.460878056603,67.76475824903956,14.774363694357426,False,-0.0824051674236387,BAY_OF_BISCAY
625,2012-01-12,1332.5793734959182,738.9540185347149,347.4977105748935,246.12764438630973,76.19230518678961,17.460878056603,67.76475824903956,14.774363694357426,False,-0.0824051674236387,BAY_OF_BISCAY
626,2012-01-20,930.0549374986095,739.2333532417599,464.9987094493511,-274.1771251925013,76.19230518678961,17.460878056603,67.76475824903956,14.774363694357426,False,-0.0824051674236387,BAY_OF_BISCAY
627,2012-01-28,854.0348362448287,739.2824974796471,440.3125383140616,-325.5601995488799,76.19230518678961,17.460878056603,67.76475824903956,14.774363694357426,False,-0.0824051674236387,BAY_OF_BISCAY
628,2012-02-04,836.410181633177,739.1297242876686,420.5479902836248,-323.26753293811646,76.19230518678961,17.460878056603,67.76475824903956,14.774363694357426,False,-0.0824051674236387,BAY_OF_BISCAY
629,2012-02-12,766.621096241143,738.8074784693542,387.8607461743565,-360.04712840256764,76.19230518678961,17.460878056603,67.76475824903956,14.774363694357426,False,-0.0824051674236387,BAY_OF_BISCAY
630,2012-02-20,602.904999484213,738.3544965290378,177.27087607664467,-312.7203731214694,76.19230518678961,17.460878056603,67.76475824903956,14.774363694357426,False,-0.0824051674236387,BAY_OF_BISCAY
631,2012-02-28,516.1470242318035,737.8226486926254,34.76500347082105,-256.440627931643,76.19230518678961,17.460878056603,67.76475824903956,14.774363694357426,False,-0.0824051674236387,BAY_OF_BISCAY
632,2012-03-04,482.48925083922927,737.2852775003091,-5.196634823749939,-249.5993918373299,76.19230518678961,17.460878056603,67.76475824903956,14.774363694357426,False,-0.0824051674236387,BAY_OF_BISCAY
633,2012-03-12,482.48925083922927,736.8283009256257,-3.3088056582586693,-251.0302444281378,76.19230518678961,17.460878056603,67.76475824903956,14.774363694357426,False,-0.0824051674236387,BAY_OF_BISCAY
634,2012-03-20,462.15251202313954,736.5440465385014,-12.503923356593004,-261.8876111587689,76.19230518678961,17.460878056603,67.76475824903956,14.774363694357426,False,-0.0824051674236387,BAY_OF_BISCAY
635,2012-03-28,462.15251202313954,736.5227407046862,70.06119383176758,-344.4314225133142,76.19230518678961,17.460878056603,67.76475824903956,14.774363694357426,False,-0.0824051674236387,BAY_OF_BISCAY
636,2012-04-04,462.15251202313954,736.8405807477981,110.49866650432328,-385.1867352289818,76.19230518678961,17.460878056603,67.76475824903956,14.774363694357426,False,-0.0824051674236387,BAY_OF_BISCAY
637,2012-04-12,605.7576049872274,737.5548454870695,150.75383185472376,-282.5510723545659,76.19230518678961,17.460878056603,67.76475824903956,14.774363694357426,False,-0.0824051674236387,BAY_OF_BISCAY
638,2012-04-20,997.7043636800656,738.7010929604202,171.14139434308677,87.86187637655857,76.19230518678961,17.460878056603,67.76475824903956,14.774363694357426,False,-0.0824051674236387,BAY_OF_BISCAY
639,2012-04-28,2410.706930705452,740.3060841191715,858.2482507291544,812.1525958571259,76.19230518678961,17.460878056603,67.76475824903956,14.774363694357426,False,-0.0824051674236387,BAY_OF_BISCAY
640,2012-05-04,2410.706930705452,742.3987714470732,804.8234304158443,863.4847288425342,76.19230518678961,17.460878056603,67.76475824903956,14.774363694357426,False,-0.0824051674236387,BAY_OF_BISCAY
641,2012-05-12,1632.4228781835689,745.0072235430896,456.72411627855627,430.691538361923,76.19230518678961,17.460878056603,67.76475824903956,14.774363694357426,False,-0.0824051674236387,BAY_OF_BISCAY
642,2012-05-20,1509.6028314076514,748.1546455109097,489.0159098432269,272.4322760535147,76.19230518678961,17.460878056603,67.76475824903956,14.774363694357426,False,-0.0824051674236387,BAY_OF_BISCAY
643,2012-05-28,1509.6028314076514,751.8569643327806,581.05519906024,176.69066801463066,76.19230518678961,17.460878056603,67.76475824903956,14.774363694357426,False,-0.0824051674236387,BAY_OF_BISCAY
644,2012-06-04,920.0573936184944,756.1144398284338,307.5549181630379,-143.61196437297724,76.19230518678961,17.460878056603,67.76475824903956,14.774363694357426,False,-0.0824051674236387,BAY_OF_BISCAY
645,2012-06-12,858.4580362153562,760.9102752821195,182.452743432422,-84.90498249918534,76.19230518678961,17.460878056603,67.76475824903956,14.774363694357426,False,-0.0824051674236387,BAY_OF_BISCAY
646,2012-06-20,696.8823953243959,766.2221351939152,-7.071245868469717,-62.26849400104952,76.19230518678961,17.460878056603,67.76475824903956,14.774363694357426,False,-0.0824051674236387,BAY_OF_BISCAY
647,2012-06-28,433.3536128687615,772.0228766971187,-265.54411992412133,-73.12514390423593,76.19230518678961,17.460878056603,67.76475824903956,14.774363694357426,False,-0.0824051674236387,BAY_OF_BISCAY
648,2012-07-04,393.080502394976,778.2925842652041,-341.0303675103033,-44.18171435992485,76.19230518678961,17.460878056603,67.76475824903956,14.774363694357426,False,-0.0824051674236387,BAY_OF_BISCAY
649,2012-07-12,322.3546715268194,785.0256843654563,-422.3606109699023,-40.31040186873457,76.19230518678961,17.460878056603,67.76475824903956,14.774363694357426,False,-0.0824051674236387,BAY_OF_BISCAY
650,2012-07-20,239.186661846286,792.2263527135608,-480.5198231666453,-72.51986770062956,76.19230518678961,17.460878056603,67.76475824903956,14.774363694357426,False,-0.0824051674236387,BAY_OF_BISCAY
651,2012-07-28,239.186661846286,799.9056330190069,-501.6251059731668,-59.093865199554216,76.19230518678961,17.460878056603,67.76475824903956,14.774363694357426,False,-0.0824051674236387,BAY_OF_BISCAY
652,2012-08-04,217.62695991643952,808.0782058217105,-570.5920501577018,-19.85919574756917,76.19230518678961,17.460878056603,67.76475824903956,14.774363694357426,False,-0.0824051674236387,BAY_OF_BISCAY
653,2012-08-12,194.8217585363197,816.7601098900507,-626.2137550791431,4.275403725412161,76.19230518678961,17.460878056603,67.76475824903956,14.774363694357426,False,-0.0824051674236387,BAY_OF_BISCAY
654,2012-08-20,194.8217585363197,825.9654496758199,-664.0399684866729,32.89627734717283,76.19230518678961,17.460878056603,67.76475824903956,14.774363694357426,False,-0.0824051674236387,BAY_OF_BISCAY
655,2012-08-28,198.10816590517985,835.7043519977742,-679.0168877321298,41.42070163953542,76.19230518678961,17.460878056603,67.76475824903956,14.774363694357426,False,-0.0824051674236387,BAY_OF_BISCAY
656,2012-09-04,237.67923034116532,845.9813034843258,-673.164435195809,64.86236205264856,76.19230518678961,17.460878056603,67.76475824903956,14.774363694357426,False,-0.0824051674236387,BAY_OF_BISCAY
657,2012-09-12,237.67923034116532,856.7936226309422,-666.6273105844602,47.51291829468346,76.19230518678961,17.460878056603,67.76475824903956,14.774363694357426,False,-0.0824051674236387,BAY_OF_BISCAY
658,2012-09-20,218.52446813864088,868.1294621282879,-688.1430337154578,38.53803972581079,76.19230518678961,17.460878056603,67.76475824903956,14.774363694357426,False,-0.0824051674236387,BAY_OF_BISCAY
659,2012-09-28,218.52446813864088,879.9686454746096,-699.1201924243561,37.67601508838732,76.19230518678961,17.460878056603,67.76475824903956,14.774363694357426,False,-0.0824051674236387,BAY_OF_BISCAY
660,2012-10-04,229.5310928537152,892.2840325786942,-683.1118153322134,20.35887560723438,76.19230518678961,17.460878056603,67.76475824903956,14.774363694357426,False,-0.0824051674236387,BAY_OF_BISCAY
661,2012-10-12,281.8087319067416,905.041574541531,-658.3532059829216,35.12036334813229,76.19230518678961,17.460878056603,67.76475824903956,14.774363694357426,False,-0.0824051674236387,BAY_OF_BISCAY
662,2012-10-20,531.4671924359465,918.2029764345996,-541.5183596162805,154.78257561762746,76.19230518678961,17.460878056603,67.76475824903956,14.774363694357426,False,-0.0824051674236387,BAY_OF_BISCAY
663,2012-10-28,577.3036148076353,931.7307912198288,-501.8411325434772,147.41395613128384,76.19230518678961,17.460878056603,67.76475824903956,14.774363694357426,False,-0.0824051674236387,BAY_OF_BISCAY
664,2012-11-04,571.2811967032417,945.59193449422,12.58547766213896,-386.8962154531173,76.19230518678961,17.460878056603,67.76475824903956,14.774363694357426,False,-0.0824051674236387,BAY_OF_BISCAY
665,2012-11-12,571.2811967032417,959.7497193606004,173.69982549231491,-562.1683481496736,76.19230518678961,17.460878056603,67.76475824903956,14.774363694357426,False,-0.0824051674236387,BAY_OF_BISCAY
666,2012-11-20,407.13628360962775,974.1612746452143,10.074818152323642,-577.0998091879102,76.19230518678961,17.460878056603,67.76475824903956,14.774363694357426,False,-0.0824051674236387,BAY_OF_BISCAY
667,2012-11-28,407.13628360962775,988.7611546714928,-250.99531132647965,-330.62955973538544,76.19230518678961,17.460878056603,67.76475824903956,14.774363694357426,False,-0.0824051674236387,BAY_OF_BISCAY
668,2012-12-04,705.580174132948,1003.4837978131184,-233.80659901003023,-64.09702467014031,76.19230518678961,17.460878056603,67.76475824903956,14.774363694357426,False,-0.0824051674236387,BAY_OF_BISCAY
669,2012-12-12,924.9907940751444,1018.2717842114572,-163.4145096757842,70.13351953947165,76.19230518678961,17.460878056603,67.76475824903956,14.774363694357426,False,-0.0824051674236387,BAY_OF_BISCAY
670,2012-12-20,1355.1108129644922,1033.0793519463716,153.11481835909123,168.91664265902935,76.19230518678961,17.460878056603,67.76475824903956,14.774363694357426,False,-0.0824051674236387,BAY_OF_BISCAY
671,2012-12-28,1355.1108129644922,1047.8773275948008,431.4818421040557,-124.24835673436434,76.19230518678961,17.460878056603,67.76475824903956,14.774363694357426,False,-0.0824051674236387,BAY_OF_BISCAY
672,2013-01-04,1172.242321531792,1062.6445846907002,242.1894398722801,-132.59170303118833,76.19230518678961,17.460878056603,67.76475824903956,14.774363694357426,False,-0.0824051674236387,BAY_OF_BISCAY
673,2013-01-12,1172.242321531792,1077.355077414355,290.102630372691,-195.2153862552541,76.19230518678961,17.460878056603,67.76475824903956,14.774363694357426,False,-0.0824051674236387,BAY_OF_BISCAY
674,2013-01-20,2441.434756812552,1091.95651697971,821.2231062523689,528.255133580473,76.19230518678961,17.460878056603,67.76475824903956,14.774363694357426,False,-0.0824051674236387,BAY_OF_BISCAY
675,2013-01-28,2558.403740968208,1106.3863672302227,1227.1766310706173,224.8407426673682,76.19230518678961,17.460878056603,67.76475824903956,14.774363694357426,False,-0.0824051674236387,BAY_OF_BISCAY
676,2013-02-04,2558.403740968208,1120.5391932326718,1225.3597224179362,212.5048253176003,76.19230518678961,17.460878056603,67.76475824903956,14.774363694357426,False,-0.0824051674236387,BAY_OF_BISCAY
677,2013-02-12,2558.403740968208,1134.2910318936106,1201.4292328924932,222.6834761821044,76.19230518678961,17.460878056603,67.76475824903956,14.774363694357426,False,-0.0824051674236387,BAY_OF_BISCAY
678,2013-02-20,1950.1882709537567,1147.511194769323,676.1965373376001,126.48053884683397,76.19230518678961,17.460878056603,67.76475824903956,14.774363694357426,False,-0.0824051674236387,BAY_OF_BISCAY
679,2013-02-28,1470.2727001445087,1160.074654985489,413.6356685092475,-103.43762335022753,76.19230518678961,17.460878056603,67.76475824903956,14.774363694357426,False,-0.0824051674236387,BAY_OF_BISCAY
680,2013-03-04,1369.2146091040463,1171.8744778657804,255.211261310439,-57.87113007217306,76.19230518678961,17.460878056603,67.76475824903956,14.774363694357426,False,-0.0824051674236387,BAY_OF_BISCAY
681,2013-03-12,1369.2146091040463,1182.8263843206576,238.01703006223744,-51.62880527884869,76.19230518678961,17.460878056603,67.76475824903956,14.774363694357426,False,-0.0824051674236387,BAY_OF_BISCAY
682,2013-03-20,1400.8717633670522,1192.854340653748,136.74216363928636,71.27525907401773,76.19230518678961,17.460878056603,67.76475824903956,14.774363694357426,False,-0.0824051674236387,BAY_OF_BISCAY
683,2013-03-28,1702.216833608588,1201.8986605171017,247.01747308489004,253.3007000065966,76.19230518678961,17.460878056603,67.76475824903956,14.774363694357426,False,-0.0824051674236387,BAY_OF_BISCAY
684,2013-04-04,1923.878044436416,1209.9228662622654,358.03405458437777,355.9211235897729,76.19230518678961,17.460878056603,67.76475824903956,14.774363694357426,False,-0.0824051674236387,BAY_OF_BISCAY
685,2013-04-12,1923.878044436416,1216.916009833535,322.4139678265352,384.5480667763456,76.19230518678961,17.460878056603,67.76475824903956,14.774363694357426,False,-0.0824051674236387,BAY_OF_BISCAY
686,2013-04-20,1348.8602185693642,1222.902228858147,121.6132207741868,4.344768937030324,76.19230518678961,17.460878056603,67.76475824903956,14.774363694357426,False,-0.0824051674236387,BAY_OF_BISCAY
687,2013-04-28,1285.9326789096035,1227.9408722763255,445.3922151814628,-387.4004085481845,76.19230518678961,17.460878056603,67.76475824903956,14.774363694357426,False,-0.0824051674236387,BAY_OF_BISCAY
688,2013-05-04,1097.9125305223704,1232.1312597783162,354.90603566123866,-489.1247649171845,76.19230518678961,17.460878056603,67.76475824903956,14.774363694357426,False,-0.0824051674236387,BAY_OF_BISCAY
689,2013-05-12,1285.9326789096035,1235.5977131533189,208.3080279533522,-157.97306219706732,76.19230518678961,17.460878056603,67.76475824903956,14.774363694357426,False,-0.0824051674236387,BAY_OF_BISCAY
690,2013-05-20,1739.1245384022998,1238.4548293558928,403.201701633481,97.468007412926,76.19230518678961,17.460878056603,67.76475824903956,14.774363694357426,False,-0.0824051674236387,BAY_OF_BISCAY
691,2013-05-28,2102.5290454875685,1240.796504020558,576.9863595052345,284.74618196177585,76.19230518678961,17.460878056603,67.76475824903956,14.774363694357426,False,-0.0824051674236387,BAY_OF_BISCAY
692,2013-06-04,2102.5290454875685,1242.7052569636348,426.5593104985709,433.26447802536273,76.19230518678961,17.460878056603,67.76475824903956,14.774363694357426,False,-0.0824051674236387,BAY_OF_BISCAY
693,2013-06-12,1721.729763978483,1244.251277835324,184.8886939380517,292.5897922051075,76.19230518678961,17.460878056603,67.76475824903956,14.774363694357426,False,-0.0824051674236387,BAY_OF_BISCAY
694,2013-06-20,1404.4324383585297,1245.4894985021642,-23.886212786878357,182.8291526432436,76.19230518678961,17.460878056603,67.76475824903956,14.774363694357426,False,-0.0824051674236387,BAY_OF_BISCAY
695,2013-06-28,957.2716742792114,1246.468740567558,-326.02139676179183,36.82433047344512,76.19230518678961,17.460878056603,67.76475824903956,14.774363694357426,False,-0.0824051674236387,BAY_OF_BISCAY
696,2013-07-04,743.4059093158869,1247.2255915222438,-420.1588891442676,-83.66079306208928,76.19230518678961,17.460878056603,67.76475824903956,14.774363694357426,False,-0.0824051674236387,BAY_OF_BISCAY
697,2013-07-12,574.0199922838027,1247.782014636963,-539.2295177486823,-134.53250460447794,76.19230518678961,17.460878056603,67.76475824903956,14.774363694357426,False,-0.0824051674236387,BAY_OF_BISCAY
698,2013-07-20,489.5208287923813,1248.1484253584176,-612.9620888225473,-145.665507743489,76.19230518678961,17.460878056603,67.76475824903956,14.774363694357426,False,-0.0824051674236387,BAY_OF_BISCAY
699,2013-07-28,477.661721194819,1248.3257339060565,-618.7844958357714,-151.87951687546592,76.19230518678961,17.460878056603,67.76475824903956,14.774363694357426,False,-0.0824051674236387,BAY_OF_BISCAY
700,2013-08-04,349.6935237447093,1248.308141375857,-683.2135737581199,-215.4010438730279,76.19230518678961,17.460878056603,67.76475824903956,14.774363694357426,False,-0.0824051674236387,BAY_OF_BISCAY
701,2013-08-12,347.7781330592704,1248.0860396974008,-695.6368184505636,-204.67108818756677,76.19230518678961,17.460878056603,67.76475824903956,14.774363694357426,False,-0.0824051674236387,BAY_OF_BISCAY
702,2013-08-20,279.407701966283,1247.6485762477048,-750.8445911758535,-217.3962831055684,76.19230518678961,17.460878056603,67.76475824903956,14.774363694357426,False,-0.0824051674236387,BAY_OF_BISCAY
703,2013-08-28,277.9524233388258,1246.9845531953104,-775.2730745904765,-193.759055266008,76.19230518678961,17.460878056603,67.76475824903956,14.774363694357426,False,-0.0824051674236387,BAY_OF_BISCAY
704,2013-09-04,277.9524233388258,1246.0833495895536,-787.602781351513,-180.52814489921468,76.19230518678961,17.460878056603,67.76475824903956,14.774363694357426,False,-0.0824051674236387,BAY_OF_BISCAY
705,2013-09-12,350.95882215139875,1244.934651060357,-764.1628243129833,-129.81300459597503,76.19230518678961,17.460878056603,67.76475824903956,14.774363694357426,False,-0.0824051674236387,BAY_OF_BISCAY
706,2013-09-20,350.95882215139875,1243.5284834043453,-776.4862912281211,-116.0833700248254,76.19230518678961,17.460878056603,67.76475824903956,14.774363694357426,False,-0.0824051674236387,BAY_OF_BISCAY
707,2013-09-28,350.95882215139875,1241.8538606816744,-784.0325209334776,-106.86251759679806,76.19230518678961,17.460878056603,67.76475824903956,14.774363694357426,False,-0.0824051674236387,BAY_OF_BISCAY
708,2013-10-04,441.14350562183256,1239.8982435273629,-738.8984909955972,-59.856246909933134,76.19230518678961,17.460878056603,67.76475824903956,14.774363694357426,False,-0.0824051674236387,BAY_OF_BISCAY
709,2013-10-12,473.26387330994487,1237.646752384807,-700.6599469819714,-63.7229320928908,76.19230518678961,17.460878056603,67.76475824903956,14.774363694357426,False,-0.0824051674236387,BAY_OF_BISCAY
710,2013-10-20,473.26387330994487,1235.0799774755349,-638.1382324790653,-123.67787168652468,76.19230518678961,17.460878056603,67.76475824903956,14.774363694357426,False,-0.0824051674236387,BAY_OF_BISCAY
711,2013-10-28,495.7028140192975,1232.1726906255287,-615.2820646394209,-121.1878119668104,76.19230518678961,17.460878056603,67.76475824903956,14.774363694357426,False,-0.0824051674236387,BAY_OF_BISCAY
712,2013-11-04,1287.8587659708612,1228.891669116807,-216.96101681412856,275.92811366818285,76.19230518678961,17.460878056603,67.76475824903956,14.774363694357426,False,-0.0824051674236387,BAY_OF_BISCAY
713,2013-11-12,1931.9586774212385,1225.194312975882,116.66366642793191,590.1006980174245,76.19230518678961,17.460878056603,67.76475824903956,14.774363694357426,False,-0.0824051674236387,BAY_OF_BISCAY
714,2013-11-20,1931.9586774212385,1221.0272757276168,174.14571831539706,536.7856833782246,76.19230518678961,17.460878056603,67.76475824903956,14.774363694357426,False,-0.0824051674236387,BAY_OF_BISCAY
715,2013-11-28,1257.535139580075,1216.337569781048,-33.68114877257765,74.87871857160482,76.19230518678961,17.460878056603,67.76475824903956,14.774363694357426,False,-0.0824051674236387,BAY_OF_BISCAY
716,2013-12-04,926.0943374189956,1211.070607147457,-115.79163189071188,-169.1846378377495,76.19230518678961,17.460878056603,67.76475824903956,14.774363694357426,False,-0.0824051674236387,BAY_OF_BISCAY
717,2013-12-12,801.0629008896937,1205.1792478575685,-167.06713234253087,-237.049214625344,76.19230518678961,17.460878056603,67.76475824903956,14.774363694357426,False,-0.0824051674236387,BAY_OF_BISCAY
718,2013-12-20,801.0629008896937,1198.6271203333552,-55.86018344382185,-341.7040359998397,76.19230518678961,17.460878056603,67.76475824903956,14.774363694357426,False,-0.0824051674236387,BAY_OF_BISCAY
719,2013-12-28,1199.6922142857145,1191.383531368926,146.93999541245222,-138.63131249566396,76.19230518678961,17.460878056603,67.76475824903956,14.774363694357426,False,-0.0824051674236387,BAY_OF_BISCAY
720,2014-01-04,1398.15625,1183.425270663729,146.969249849887,67.76172948638404,76.19230518678961,17.460878056603,67.76475824903956,14.774363694357426,False,-0.0824051674236387,BAY_OF_BISCAY
721,2014-01-12,1604.8068125,1174.7425787401232,251.5795023837712,178.48473137610554,76.19230518678961,17.460878056603,67.76475824903956,14.774363694357426,False,-0.0824051674236387,BAY_OF_BISCAY
722,2014-01-20,1604.8068125,1165.3586977886637,610.6448907172888,-171.19677600595253,76.19230518678961,17.460878056603,67.76475824903956,14.774363694357426,False,-0.0824051674236387,BAY_OF_BISCAY
723,2014-01-28,3080.1255,1155.3251260236038,1419.4666050147068,505.33376896168943,76.19230518678961,17.460878056603,67.76475824903956,14.774363694357426,False,-0.0824051674236387,BAY_OF_BISCAY
724,2014-02-04,3098.44975,1144.7316564385724,1429.1827576693763,524.5353358920511,76.19230518678961,17.460878056603,67.76475824903956,14.774363694357426,False,-0.0824051674236387,BAY_OF_BISCAY
725,2014-02-12,3080.1255,1133.6708253537208,1500.436579174651,446.0180954716284,76.19230518678961,17.460878056603,67.76475824903956,14.774363694357426,False,-0.0824051674236387,BAY_OF_BISCAY
726,2014-02-20,2365.8085,1122.2444261458463,991.4812506267938,252.08282322735977,76.19230518678961,17.460878056603,67.76475824903956,14.774363694357426,False,-0.0824051674236387,BAY_OF_BISCAY
727,2014-02-28,2365.8085,1110.5509058762232,1220.89624732441,34.361346799366856,76.19230518678961,17.460878056603,67.76475824903956,14.774363694357426,False,-0.0824051674236387,BAY_OF_BISCAY
728,2014-03-04,1969.347375,1098.6566510498344,998.2885683489552,-127.59784439878968,76.19230518678961,17.460878056603,67.76475824903956,14.774363694357426,False,-0.0824051674236387,BAY_OF_BISCAY
729,2014-03-12,1901.086375,1086.599908442093,623.0414213292222,191.44504522868488,76.19230518678961,17.460878056603,67.76475824903956,14.774363694357426,False,-0.0824051674236387,BAY_OF_BISCAY
730,2014-03-20,1453.419214285714,1074.4312815646765,334.91774420846497,44.070188512572656,76.19230518678961,17.460878056603,67.76475824903956,14.774363694357426,False,-0.0824051674236387,BAY_OF_BISCAY
731,2014-03-28,1291.3235625,1062.2066703531411,330.38476203267544,-101.2678698858166,76.19230518678961,17.460878056603,67.76475824903956,14.774363694357426,False,-0.0824051674236387,BAY_OF_BISCAY
732,2014-04-04,1291.3235625,1049.9873040982882,374.1388152349783,-132.80255683326646,76.19230518678961,17.460878056603,67.76475824903956,14.774363694357426,False,-0.0824051674236387,BAY_OF_BISCAY
733,2014-04-12,1004.5759375,1037.837284751041,216.53631907204016,-249.79766632308105,76.19230518678961,17.460878056603,67.76475824903956,14.774363694357426,False,-0.0824051674236387,BAY_OF_BISCAY
734,2014-04-20,955.553671846241,1025.8144890798876,51.60813222034456,-121.86894945399122,76.19230518678961,17.460878056603,67.76475824903956,14.774363694357426,False,-0.0824051674236387,BAY_OF_BISCAY
735,2014-04-28,955.553671846241,1013.962690371966,162.5759337237844,-220.98495224950932,76.19230518678961,17.460878056603,67.76475824903956,14.774363694357426,False,-0.0824051674236387,BAY_OF_BISCAY
736,2014-05-04,955.553671846241,1002.2961744164792,122.17362961515356,-168.91613218539192,76.19230518678961,17.460878056603,67.76475824903956,14.774363694357426,False,-0.0824051674236387,BAY_OF_BISCAY
737,2014-05-12,759.3606381220945,990.8156251481606,-70.10695014859841,-161.34803687746768,76.19230518678961,17.460878056603,67.76475824903956,14.774363694357426,False,-0.0824051674236387,BAY_OF_BISCAY
738,2014-05-20,759.3606381220945,979.5370913354828,1.4086084122111338,-221.5850616255993,76.19230518678961,17.460878056603,67.76475824903956,14.774363694357426,False,-0.0824051674236387,BAY_OF_BISCAY
739,2014-05-28,742.4980878230435,968.507924663286,44.045232927106085,-270.05506976734864,76.19230518678961,17.460878056603,67.76475824903956,14.774363694357426,False,-0.0824051674236387,BAY_OF_BISCAY
740,2014-06-04,742.4980878230435,957.7999267369556,46.180353721719925,-261.4821926356319,76.19230518678961,17.460878056603,67.76475824903956,14.774363694357426,False,-0.0824051674236387,BAY_OF_BISCAY
741,2014-06-12,601.4130402085439,947.4980151978508,-125.06550694383824,-221.0194680454687,76.19230518678961,17.460878056603,67.76475824903956,14.774363694357426,False,-0.0824051674236387,BAY_OF_BISCAY
742,2014-06-20,551.0575562527822,937.6874122609014,-224.8835971350097,-161.7462588731095,76.19230518678961,17.460878056603,67.76475824903956,14.774363694357426,False,-0.0824051674236387,BAY_OF_BISCAY
743,2014-06-28,477.3917457538969,928.4398862012334,-423.2732009682968,-27.774939479039745,76.19230518678961,17.460878056603,67.76475824903956,14.774363694357426,False,-0.0824051674236387,BAY_OF_BISCAY
744,2014-07-04,551.0575562527822,919.8127783864744,-447.46442090572407,78.70919877203187,76.19230518678961,17.460878056603,67.76475824903956,14.774363694357426,False,-0.0824051674236387,BAY_OF_BISCAY
745,2014-07-12,477.3917457538969,911.8469813738286,-534.540447875621,100.08521225568929,76.19230518678961,17.460878056603,67.76475824903956,14.774363694357426,False,-0.0824051674236387,BAY_OF_BISCAY
746,2014-07-20,423.7290202038606,904.5674856929664,-581.1386139607539,100.30014847164809,76.19230518678961,17.460878056603,67.76475824903956,14.774363694357426,False,-0.0824051674236387,BAY_OF_BISCAY
747,2014-07-28,423.7290202038606,897.9846595217277,-567.4906694979726,93.23503018010548,76.19230518678961,17.460878056603,67.76475824903956,14.774363694357426,False,-0.0824051674236387,BAY_OF_BISCAY
748,2014-08-04,461.22754515555977,892.0946557679703,-552.7107798799617,121.8436692675512,76.19230518678961,17.460878056603,67.76475824903956,14.774363694357426,False,-0.0824051674236387,BAY_OF_BISCAY
749,2014-08-12,461.22754515555977,886.8791483101655,-539.9254854210341,114.2738822664283,76.19230518678961,17.460878056603,67.76475824903956,14.774363694357426,False,-0.0824051674236387,BAY_OF_BISCAY
750,2014-08-20,405.7020427408629,882.3058500254873,-580.5517972052546,103.94798992063022,76.19230518678961,17.460878056603,67.76475824903956,14.774363694357426,False,-0.0824051674236387,BAY_OF_BISCAY
751,2014-08-28,358.173808501781,878.3316846464721,-607.1323773381744,86.97450119348332,76.19230518678961,17.460878056603,67.76475824903956,14.774363694357426,False,-0.0824051674236387,BAY_OF_BISCAY
752,2014-09-04,338.4397108254045,874.904182906134,-611.0119428891626,74.5474708084331,76.19230518678961,17.460878056603,67.76475824903956,14.774363694357426,False,-0.0824051674236387,BAY_OF_BISCAY
753,2014-09-12,338.4397108254045,871.9634318947751,-590.8852978290149,57.36157675964432,76.19230518678961,17.460878056603,67.76475824903956,14.774363694357426,False,-0.0824051674236387,BAY_OF_BISCAY
754,2014-09-20,338.4397108254045,869.4440865563963,-572.8988932007156,41.89451746972384,76.19230518678961,17.460878056603,67.76475824903956,14.774363694357426,False,-0.0824051674236387,BAY_OF_BISCAY
755,2014-09-28,326.31748193086025,867.2766087862906,-578.1106898149349,37.15156295950453,76.19230518678961,17.460878056603,67.76475824903956,14.774363694357426,False,-0.0824051674236387,BAY_OF_BISCAY
756,2014-10-04,326.31748193086025,865.3885568580192,-565.7744462440963,26.703371316937364,76.19230518678961,17.460878056603,67.76475824903956,14.774363694357426,False,-0.0824051674236387,BAY_OF_BISCAY
757,2014-10-12,365.8944271517977,863.7082770937749,-537.4580044032596,39.64415446128237,76.19230518678961,17.460878056603,67.76475824903956,14.774363694357426,False,-0.0824051674236387,BAY_OF_BISCAY
758,2014-10-20,365.8944271517977,862.1684407565285,-545.4434067013582,49.16939309662735,76.19230518678961,17.460878056603,67.76475824903956,14.774363694357426,False,-0.0824051674236387,BAY_OF_BISCAY
759,2014-10-28,358.6807838276324,860.7075166440324,-546.2810119479109,44.25427913151094,76.19230518678961,17.460878056603,67.76475824903956,14.774363694357426,False,-0.0824051674236387,BAY_OF_BISCAY
760,2014-11-04,358.6807838276324,859.2724389246747,-353.5146390496732,-147.0770160473691,76.19230518678961,17.460878056603,67.76475824903956,14.774363694357426,False,-0.0824051674236387,BAY_OF_BISCAY
761,2014-11-12,389.5323055885616,857.8245536048,-176.74697552283874,-291.5452724933997,76.19230518678961,17.460878056603,67.76475824903956,14.774363694357426,False,-0.0824051674236387,BAY_OF_BISCAY
762,2014-11-20,759.9848879327288,856.3445162799312,9.184717210146095,-105.54434555734846,76.19230518678961,17.460878056603,67.76475824903956,14.774363694357426,False,-0.0824051674236387,BAY_OF_BISCAY
763,2014-11-28,1241.9229105807865,854.8208365775832,111.85587599946422,275.24619800373904,76.19230518678961,17.460878056603,67.76475824903956,14.774363694357426,False,-0.0824051674236387,BAY_OF_BISCAY
764,2014-12-04,1241.9229105807865,853.2337467440218,33.61354569529653,355.07561814146817,76.19230518678961,17.460878056603,67.76475824903956,14.774363694357426,False,-0.0824051674236387,BAY_OF_BISCAY
765,2014-12-12,1039.5737532239043,851.5483565054848,-97.59347335155816,285.6188700699777,76.19230518678961,17.460878056603,67.76475824903956,14.774363694357426,False,-0.0824051674236387,BAY_OF_BISCAY
766,2014-12-20,1032.6703982869951,849.7261782833061,-125.79733746653967,308.74155747022866,76.19230518678961,17.460878056603,67.76475824903956,14.774363694357426,False,-0.0824051674236387,BAY_OF_BISCAY
767,2014-12-28,1032.6703982869951,847.7362489958311,-25.552207617960956,210.4863569091249,76.19230518678961,17.460878056603,67.76475824903956,14.774363694357426,False,-0.0824051674236387,BAY_OF_BISCAY
768,2015-01-04,810.7324142165613,845.560557290077,28.566228919854527,-63.394371993370186,76.19230518678961,17.460878056603,67.76475824903956,14.774363694357426,False,-0.0824051674236387,BAY_OF_BISCAY
769,2015-01-12,810.7324142165613,843.1926630895668,297.02408694783924,-329.4843358208448,76.19230518678961,17.460878056603,67.76475824903956,14.774363694357426,False,-0.0824051674236387,BAY_OF_BISCAY
770,2015-01-20,973.7319764295852,840.6224737443572,379.7910247933547,-246.6815221081266,76.19230518678961,17.460878056603,67.76475824903956,14.774363694357426,False,-0.0824051674236387,BAY_OF_BISCAY
771,2015-01-28,1137.532118213638,837.8409133368008,747.9777135084473,-448.28650863161,76.19230518678961,17.460878056603,67.76475824903956,14.774363694357426,False,-0.0824051674236387,BAY_OF_BISCAY
772,2015-02-04,1137.532118213638,834.8493765263004,753.9299165238511,-451.2471748365134,76.19230518678961,17.460878056603,67.76475824903956,14.774363694357426,False,-0.0824051674236387,BAY_OF_BISCAY
773,2015-02-12,1458.705837231507,831.6800644043922,1152.723389016402,-525.6976161892871,76.19230518678961,17.460878056603,67.76475824903956,14.774363694357426,False,-0.0824051674236387,BAY_OF_BISCAY
774,2015-02-20,1458.705837231507,828.3544686193841,975.4343543871,-345.08298577497703,76.19230518678961,17.460878056603,67.76475824903956,14.774363694357426,False,-0.0824051674236387,BAY_OF_BISCAY
775,2015-02-28,2854.017342248121,824.8804880295669,1674.1088572029796,355.02799701557456,76.19230518678961,17.460878056603,67.76475824903956,14.774363694357426,False,-0.0824051674236387,BAY_OF_BISCAY
776,2015-03-04,2854.017342248121,821.2658938780816,1528.9479135072136,503.80353486282615,76.19230518678961,17.460878056603,67.76475824903956,14.774363694357426,False,-0.0824051674236387,BAY_OF_BISCAY
777,2015-03-12,1484.795379361538,817.5300373619971,827.9453397343348,-160.67999773479391,76.19230518678961,17.460878056603,67.76475824903956,14.774363694357426,False,-0.0824051674236387,BAY_OF_BISCAY
778,2015-03-20,1191.0594772882778,813.6936360963742,378.3644106845219,-0.9985694926183442,76.19230518678961,17.460878056603,67.76475824903956,14.774363694357426,False,-0.0824051674236387,BAY_OF_BISCAY
779,2015-03-28,1191.0594772882778,809.7910214938425,323.67350206550265,57.59495372893258,76.19230518678961,17.460878056603,67.76475824903956,14.774363694357426,False,-0.0824051674236387,BAY_OF_BISCAY
780,2015-04-04,1137.429728745998,805.8525876902615,287.8991001171333,43.67804093860326,76.19230518678961,17.460878056603,67.76475824903956,14.774363694357426,False,-0.0824051674236387,BAY_OF_BISCAY
781,2015-04-12,1070.9651830959876,801.9056553167995,194.52377807186824,74.53574970731984,76.19230518678961,17.460878056603,67.76475824903956,14.774363694357426,False,-0.0824051674236387,BAY_OF_BISCAY
782,2015-04-20,1070.9651830959876,797.9727358895808,174.2106700856326,98.78177712077424,76.19230518678961,17.460878056603,67.76475824903956,14.774363694357426,False,-0.0824051674236387,BAY_OF_BISCAY
783,2015-04-28,1560.483446260091,794.071386843538,382.8333554512234,383.5787039653295,76.19230518678961,17.460878056603,67.76475824903956,14.774363694357426,False,-0.0824051674236387,BAY_OF_BISCAY
784,2015-05-04,1560.483446260091,790.2260683939411,373.9180522998476,396.3393255663023,76.19230518678961,17.460878056603,67.76475824903956,14.774363694357426,False,-0.0824051674236387,BAY_OF_BISCAY
785,2015-05-12,954.8080642359232,786.4624114937967,-15.112592995527702,183.4582457376542,76.19230518678961,17.460878056603,67.76475824903956,14.774363694357426,False,-0.0824051674236387,BAY_OF_BISCAY
786,2015-05-20,746.1729454060118,782.8068525969665,-63.752170507362045,27.11826331640736,76.19230518678961,17.460878056603,67.76475824903956,14.774363694357426,False,-0.0824051674236387,BAY_OF_BISCAY
787,2015-05-28,564.5382911099088,779.2784797795232,-145.09492558727348,-69.64526308234096,76.19230518678961,17.460878056603,67.76475824903956,14.774363694357426,False,-0.0824051674236387,BAY_OF_BISCAY
788,2015-06-04,564.5382911099088,775.8885157085326,-124.81694559422796,-86.5332790043959,76.19230518678961,17.460878056603,67.76475824903956,14.774363694357426,False,-0.0824051674236387,BAY_OF_BISCAY
789,2015-06-12,531.788747535062,772.6428308066047,-168.99395913255992,-71.86012413898274,76.19230518678961,17.460878056603,67.76475824903956,14.774363694357426,False,-0.0824051674236387,BAY_OF_BISCAY
790,2015-06-20,531.788747535062,769.5457469068753,-182.5723088388504,-55.1846905329628,76.19230518678961,17.460878056603,67.76475824903956,14.774363694357426,False,-0.0824051674236387,BAY_OF_BISCAY
791,2015-06-28,305.15606741471646,766.6034896393876,-385.1687338015952,-76.27868842307595,76.19230518678961,17.460878056603,67.76475824903956,14.774363694357426,False,-0.0824051674236387,BAY_OF_BISCAY
792,2015-07-04,246.56643149723237,763.8307629908375,-442.7034153043418,-74.56091618926337,76.19230518678961,17.460878056603,67.76475824903956,14.774363694357426,False,-0.0824051674236387,BAY_OF_BISCAY
793,2015-07-12,196.8816138282953,761.2545559078903,-505.8675838584373,-58.50535822115779,76.19230518678961,17.460878056603,67.76475824903956,14.774363694357426,False,-0.0824051674236387,BAY_OF_BISCAY
794,2015-07-20,180.7130530238076,758.9107242351348,-543.8286511789506,-34.369020032376625,76.19230518678961,17.460878056603,67.76475824903956,14.774363694357426,False,-0.0824051674236387,BAY_OF_BISCAY
795,2015-07-28,196.8816138282953,756.8394023775666,-540.328871858024,-19.628916691247355,76.19230518678961,17.460878056603,67.76475824903956,14.774363694357426,False,-0.0824051674236387,BAY_OF_BISCAY
796,2015-08-04,241.33168781860115,755.0832043083201,-505.4661169049807,-8.285399584738286,76.19230518678961,17.460878056603,67.76475824903956,14.774363694357426,False,-0.0824051674236387,BAY_OF_BISCAY
797,2015-08-12,241.33168781860115,753.6859942130045,-501.59450941670775,-10.7597969776956,76.19230518678961,17.460878056603,67.76475824903956,14.774363694357426,False,-0.0824051674236387,BAY_OF_BISCAY
798,2015-08-20,233.69014015735164,752.6918067223002,-518.9169719099982,-0.08469465495034,76.19230518678961,17.460878056603,67.76475824903956,14.774363694357426,False,-0.0824051674236387,BAY_OF_BISCAY
799,2015-08-28,233.69014015735164,752.1421860495676,-517.8281052715566,-0.6239406206593685,76.19230518678961,17.460878056603,67.76475824903956,14.774363694357426,False,-0.0824051674236387,BAY_OF_BISCAY
800,2015-09-04,291.1951875,752.0745109849433,-483.9792753772978,23.09995189235445,76.19230518678961,17.460878056603,67.76475824903956,14.774363694357426,False,-0.0824051674236387,BAY_OF_BISCAY
801,2015-09-12,322.822,752.5217969164961,-450.5330824010623,20.833285484566204,76.19230518678961,17.460878056603,67.76475824903956,14.774363694357426,False,-0.0824051674236387,BAY_OF_BISCAY
802,2015-09-20,399.439,753.5109716427667,-410.9188682677122,56.8468966249456,76.19230518678961,17.460878056603,67.76475824903956,14.774363694357426,False,-0.0824051674236387,BAY_OF_BISCAY
803,2015-09-28,399.439,755.0628526984722,-413.36291984955136,57.73906715107921,76.19230518678961,17.460878056603,67.76475824903956,14.774363694357426,False,-0.0824051674236387,BAY_OF_BISCAY
804,2015-10-04,350.4398125,757.1916922785308,-435.08227118653406,28.330391408003265,76.19230518678961,17.460878056603,67.76475824903956,14.774363694357426,False,-0.0824051674236387,BAY_OF_BISCAY
805,2015-10-12,344.1654375,759.9040865605349,-417.18018074946,1.4415316889250676,76.19230518678961,17.460878056603,67.76475824903956,14.774363694357426,False,-0.0824051674236387,BAY_OF_BISCAY
806,2015-10-20,313.10393750000003,763.1977938308369,-427.3765592404699,-22.71729709036697,76.19230518678961,17.460878056603,67.76475824903956,14.774363694357426,False,-0.0824051674236387,BAY_OF_BISCAY
807,2015-10-28,313.10393750000003,767.0616567584419,-425.0627687971704,-28.89495046127155,76.19230518678961,17.460878056603,67.76475824903956,14.774363694357426,False,-0.0824051674236387,BAY_OF_BISCAY
808,2015-11-04,309.0625912469034,771.4753193850822,-421.6357768300566,-40.77695130812219,76.19230518678961,17.460878056603,67.76475824903956,14.774363694357426,False,-0.0824051674236387,BAY_OF_BISCAY
809,2015-11-12,320.6946875,776.4091158325833,-380.928787636028,-74.78564069655533,76.19230518678961,17.460878056603,67.76475824903956,14.774363694357426,False,-0.0824051674236387,BAY_OF_BISCAY
810,2015-11-20,320.6946875,781.8237552410758,-271.5904773991554,-189.5385903419204,76.19230518678961,17.460878056603,67.76475824903956,14.774363694357426,False,-0.0824051674236387,BAY_OF_BISCAY
811,2015-11-28,428.582,787.6782647391663,-95.1046748807633,-263.99158985840296,76.19230518678961,17.460878056603,67.76475824903956,14.774363694357426,False,-0.0824051674236387,BAY_OF_BISCAY
812,2015-12-04,428.582,793.9409301888167,-97.60149977600264,-267.757430412814,76.19230518678961,17.460878056603,67.76475824903956,14.774363694357426,False,-0.0824051674236387,BAY_OF_BISCAY
813,2015-12-12,420.252875,800.5866646521307,-155.22633218418116,-225.10745746794956,76.19230518678961,17.460878056603,67.76475824903956,14.774363694357426,False,-0.0824051674236387,BAY_OF_BISCAY
814,2015-12-20,316.172125,807.585501592697,-225.90603123494657,-265.50734535775047,76.19230518678961,17.460878056603,67.76475824903956,14.774363694357426,False,-0.0824051674236387,BAY_OF_BISCAY
815,2015-12-28,316.172125,814.8945854411526,-214.1268843587998,-284.59557608235275,76.19230518678961,17.460878056603,67.76475824903956,14.774363694357426,False,-0.0824051674236387,BAY_OF_BISCAY
816,2016-01-04,773.4161875,822.4562063733229,-41.33535628439968,-7.704662588923199,76.19230518678961,17.460878056603,67.76475824903956,14.774363694357426,False,-0.0824051674236387,BAY_OF_BISCAY
817,2016-01-12,1634.8208125,830.2092090087782,394.26964747483055,410.34195601639135,76.19230518678961,17.460878056603,67.76475824903956,14.774363694357426,False,-0.0824051674236387,BAY_OF_BISCAY
818,2016-01-20,1634.8208125,838.0888729570696,480.6169130777431,316.11502646518744,76.19230518678961,17.460878056603,67.76475824903956,14.774363694357426,False,-0.0824051674236387,BAY_OF_BISCAY
819,2016-01-28,1299.0636875,846.0240784138813,383.38119589338817,69.65841319273056,76.19230518678961,17.460878056603,67.76475824903956,14.774363694357426,False,-0.0824051674236387,BAY_OF_BISCAY
820,2016-02-04,1299.0636875,853.9377255910488,449.33584919356014,-4.209887284608897,76.19230518678961,17.460878056603,67.76475824903956,14.774363694357426,False,-0.0824051674236387,BAY_OF_BISCAY
821,2016-02-12,2264.9059375,861.7292845375947,1011.911367987002,391.2652849754036,76.19230518678961,17.460878056603,67.76475824903956,14.774363694357426,False,-0.0824051674236387,BAY_OF_BISCAY
822,2016-02-20,2264.9059375,869.2975956293184,970.9752291458487,424.6331127248329,76.19230518678961,17.460878056603,67.76475824903956,14.774363694357426,False,-0.0824051674236387,BAY_OF_BISCAY
823,2016-02-28,2264.9059375,876.5471078822042,1318.8829877010896,69.47584191670626,76.19230518678961,17.460878056603,67.76475824903956,14.774363694357426,False,-0.0824051674236387,BAY_OF_BISCAY
824,2016-03-04,2077.60225,883.398525618285,1413.064256033282,-218.86053165156704,76.19230518678961,17.460878056603,67.76475824903956,14.774363694357426,False,-0.0824051674236387,BAY_OF_BISCAY
825,2016-03-12,2077.60225,889.7740812037572,1069.5587792359036,118.26938956033904,76.19230518678961,17.460878056603,67.76475824903956,14.774363694357426,False,-0.0824051674236387,BAY_OF_BISCAY
826,2016-03-20,1312.132375,895.5751871435643,475.5943603876918,-59.0371725312562,76.19230518678961,17.460878056603,67.76475824903956,14.774363694357426,False,-0.0824051674236387,BAY_OF_BISCAY
827,2016-03-28,1253.468375,900.6807843367075,404.0839407296442,-51.296350066351806,76.19230518678961,17.460878056603,67.76475824903956,14.774363694357426,False,-0.0824051674236387,BAY_OF_BISCAY
828,2016-04-04,1213.6773125,904.9807818196692,369.71140584505264,-61.014875164721786,76.19230518678961,17.460878056603,67.76475824903956,14.774363694357426,False,-0.0824051674236387,BAY_OF_BISCAY
829,2016-04-12,1253.468375,908.375646800488,291.38358238607134,53.7091458134405,76.19230518678961,17.460878056603,67.76475824903956,14.774363694357426,False,-0.0824051674236387,BAY_OF_BISCAY
830,2016-04-20,1213.6773125,910.7820068540988,237.2795859818416,65.61571966405975,76.19230518678961,17.460878056603,67.76475824903956,14.774363694357426,False,-0.0824051674236387,BAY_OF_BISCAY
831,2016-04-28,1060.6751666666669,912.1327929729434,282.14510711358884,-133.6027334198656,76.19230518678961,17.460878056603,67.76475824903956,14.774363694357426,False,-0.0824051674236387,BAY_OF_BISCAY
832,2016-05-04,1007.5545625,912.3753229536918,279.8335729404692,-184.65433339416103,76.19230518678961,17.460878056603,67.76475824903956,14.774363694357426,False,-0.0824051674236387,BAY_OF_BISCAY
833,2016-05-12,826.740125,911.469942080708,46.18354309115784,-130.91336017186586,76.19230518678961,17.460878056603,67.76475824903956,14.774363694357426,False,-0.0824051674236387,BAY_OF_BISCAY
834,2016-05-20,1007.5545625,909.3772630874108,83.4134170687565,14.763882343832536,76.19230518678961,17.460878056603,67.76475824903956,14.774363694357426,False,-0.0824051674236387,BAY_OF_BISCAY
835,2016-05-28,1019.9683571428571,906.0564091403126,68.44374096312299,45.4682070394216,76.19230518678961,17.460878056603,67.76475824903956,14.774363694357426,False,-0.0824051674236387,BAY_OF_BISCAY
836,2016-06-04,1064.935875,901.4692797637928,66.1069869887548,97.35960824745244,76.19230518678961,17.460878056603,67.76475824903956,14.774363694357426,False,-0.0824051674236387,BAY_OF_BISCAY
837,2016-06-12,1064.935875,895.5914688889005,22.09092369088454,147.25348242021505,76.19230518678961,17.460878056603,67.76475824903956,14.774363694357426,False,-0.0824051674236387,BAY_OF_BISCAY
838,2016-06-20,1032.358375,888.4175269489457,-30.98738050223248,174.9282285532868,76.19230518678961,17.460878056603,67.76475824903956,14.774363694357426,False,-0.0824051674236387,BAY_OF_BISCAY
839,2016-06-28,714.7197500000001,879.9571423536026,-247.55568460938625,82.31829225578369,76.19230518678961,17.460878056603,67.76475824903956,14.774363694357426,False,-0.0824051674236387,BAY_OF_BISCAY
840,2016-07-04,495.091375,870.228737760616,-376.11841170090815,0.9810489402921688,76.19230518678961,17.460878056603,67.76475824903956,14.774363694357426,False,-0.0824051674236387,BAY_OF_BISCAY
841,2016-07-12,394.3730625,859.2576477112594,-445.65698975980456,-19.227595451454874,76.19230518678961,17.460878056603,67.76475824903956,14.774363694357426,False,-0.0824051674236387,BAY_OF_BISCAY
842,2016-07-20,314.612625,847.0784163450895,-510.9603979623511,-21.505393382738475,76.19230518678961,17.460878056603,67.76475824903956,14.774363694357426,False,-0.0824051674236387,BAY_OF_BISCAY
843,2016-07-28,263.2519285714285,833.7366389887816,-543.5818442623372,-26.90286615501577,76.19230518678961,17.460878056603,67.76475824903956,14.774363694357426,False,-0.0824051674236387,BAY_OF_BISCAY
844,2016-08-04,226.5793141252593,819.2895384871889,-563.8604860852874,-28.849738276642142,76.19230518678961,17.460878056603,67.76475824903956,14.774363694357426,False,-0.0824051674236387,BAY_OF_BISCAY
845,2016-08-12,201.89619850776805,803.806116874896,-576.9458581690031,-24.9640601981248,76.19230518678961,17.460878056603,67.76475824903956,14.774363694357426,False,-0.0824051674236387,BAY_OF_BISCAY
846,2016-08-20,176.04476757885485,787.367645173272,-590.680236769923,-20.64264082449415,76.19230518678961,17.460878056603,67.76475824903956,14.774363694357426,False,-0.0824051674236387,BAY_OF_BISCAY
847,2016-08-28,191.998438469102,770.0681834874883,-572.15437668331,-5.915368335076323,76.19230518678961,17.460878056603,67.76475824903956,14.774363694357426,False,-0.0824051674236387,BAY_OF_BISCAY
848,2016-09-04,191.998438469102,752.0150639393303,-536.0193937985706,-23.997231671657687,76.19230518678961,17.460878056603,67.76475824903956,14.774363694357426,False,-0.0824051674236387,BAY_OF_BISCAY
849,2016-09-12,247.8137734054342,733.3275994263892,-492.048830788116,6.535004767161013,76.19230518678961,17.460878056603,67.76475824903956,14.774363694357426,False,-0.0824051674236387,BAY_OF_BISCAY
850,2016-09-20,247.8137734054342,714.1369044958229,-464.1308322884058,-2.192298801982929,76.19230518678961,17.460878056603,67.76475824903956,14.774363694357426,False,-0.0824051674236387,BAY_OF_BISCAY
851,2016-09-28,238.9027228663205,694.582556234164,-463.4008966299836,7.721063262139978,76.19230518678961,17.460878056603,67.76475824903956,14.774363694357426,False,-0.0824051674236387,BAY_OF_BISCAY
852,2016-10-04,238.9027228663205,674.8104712594059,-478.81728637393655,42.90953798085116,76.19230518678961,17.460878056603,67.76475824903956,14.774363694357426,False,-0.0824051674236387,BAY_OF_BISCAY
853,2016-10-12,273.9472543016544,654.9693403854748,-464.3356415525731,83.31355546875278,76.19230518678961,17.460878056603,67.76475824903956,14.774363694357426,False,-0.0824051674236387,BAY_OF_BISCAY
854,2016-10-20,285.96928541602307,635.2088387055331,-462.39364938575073,113.15409609624066,76.19230518678961,17.460878056603,67.76475824903956,14.774363694357426,False,-0.0824051674236387,BAY_OF_BISCAY
855,2016-10-28,285.96928541602307,615.677200339032,-456.1164335803865,126.4085186573776,76.19230518678961,17.460878056603,67.76475824903956,14.774363694357426,False,-0.0824051674236387,BAY_OF_BISCAY
856,2016-11-04,285.96928541602307,596.5198365276798,-442.8342163800149,132.28366526835822,76.19230518678961,17.460878056603,67.76475824903956,14.774363694357426,False,-0.0824051674236387,BAY_OF_BISCAY
857,2016-11-12,381.1714300968416,577.8764629649139,-351.7719054900835,155.0668726220112,76.19230518678961,17.460878056603,67.76475824903956,14.774363694357426,False,-0.0824051674236387,BAY_OF_BISCAY
858,2016-11-20,446.4324462026091,559.8762827451687,-318.2888686609195,204.84503211835988,76.19230518678961,17.460878056603,67.76475824903956,14.774363694357426,False,-0.0824051674236387,BAY_OF_BISCAY
859,2016-11-28,461.19580085424536,542.6364634402053,-284.0508232772246,202.6101606912647,76.19230518678961,17.460878056603,67.76475824903956,14.774363694357426,False,-0.0824051674236387,BAY_OF_BISCAY
860,2016-12-04,461.19580085424536,526.2613228364058,-263.07981385902985,198.01429187686935,76.19230518678961,17.460878056603,67.76475824903956,14.774363694357426,False,-0.0824051674236387,BAY_OF_BISCAY
861,2016-12-12,460.2875546012217,510.8457735412448,-149.6985650666305,99.14034612660744,76.19230518678961,17.460878056603,67.76475824903956,14.774363694357426,False,-0.0824051674236387,BAY_OF_BISCAY
862,2016-12-20,403.1686707712017,496.4711892990941,-204.2938520370347,110.99133350914224,76.19230518678961,17.460878056603,67.76475824903956,14.774363694357426,False,-0.0824051674236387,BAY_OF_BISCAY
863,2016-12-28,460.2875546012217,483.2115149970355,-131.71550488543087,108.79154448961704,76.19230518678961,17.460878056603,67.76475824903956,14.774363694357426,False,-0.0824051674236387,BAY_OF_BISCAY
864,2017-01-04,467.24308055673305,471.1333666693395,399.4946101749275,-403.384896287534,76.19230518678961,17.460878056603,67.76475824903956,14.774363694357426,False,-0.0824051674236387,BAY_OF_BISCAY
865,2017-01-12,493.8711126788247,460.271511279228,656.1451353916648,-622.5455339920682,76.19230518678961,17.460878056603,67.76475824903956,14.774363694357426,False,-0.0824051674236387,BAY_OF_BISCAY
866,2017-01-20,683.4707959711584,450.645557741908,773.2876119192292,-540.4623736899788,76.19230518678961,17.460878056603,67.76475824903956,14.774363694357426,False,-0.0824051674236387,BAY_OF_BISCAY
867,2017-01-28,808.3732964975227,442.2640238379646,749.9993060292445,-383.8900333696864,76.19230518678961,17.460878056603,67.76475824903956,14.774363694357426,False,-0.0824051674236387,BAY_OF_BISCAY
868,2017-02-04,1076.3071650743923,435.1211889101845,630.8613353496122,10.324640814595796,76.19230518678961,17.460878056603,67.76475824903956,14.774363694357426,False,-0.0824051674236387,BAY_OF_BISCAY
869,2017-02-12,1076.3071650743923,429.22417297360727,871.0988511712266,-224.01585907044125,76.19230518678961,17.460878056603,67.76475824903956,14.774363694357426,False,-0.0824051674236387,BAY_OF_BISCAY
870,2017-02-20,915.232470765947,424.59831929988457,726.9336141500929,-236.2994626840305,76.19230518678961,17.460878056603,67.76475824903956,14.774363694357426,False,-0.0824051674236387,BAY_OF_BISCAY
871,2017-02-28,915.232470765947,421.2877704674453,735.1459398810055,-241.20123958250375,76.19230518678961,17.460878056603,67.76475824903956,14.774363694357426,False,-0.0824051674236387,BAY_OF_BISCAY
872,2017-03-04,1671.0078461782102,419.3321864857228,1049.117370823864,202.55828886862355,76.19230518678961,17.460878056603,67.76475824903956,14.774363694357426,False,-0.0824051674236387,BAY_OF_BISCAY
873,2017-03-12,1671.0078461782102,418.7655863320168,1002.8081185091024,249.4341413370911,76.19230518678961,17.460878056603,67.76475824903956,14.774363694357426,False,-0.0824051674236387,BAY_OF_BISCAY
874,2017-03-20,1124.345140059751,419.6258681061749,537.2451378928104,167.47413406076566,76.19230518678961,17.460878056603,67.76475824903956,14.774363694357426,False,-0.0824051674236387,BAY_OF_BISCAY
875,2017-03-28,959.6436780250476,421.9573060201568,457.9317109648596,79.7546610400313,76.19230518678961,17.460878056603,67.76475824903956,14.774363694357426,False,-0.0824051674236387,BAY_OF_BISCAY
876,2017-04-04,959.6436780250476,425.7905573235609,482.0568937734835,51.79622692800325,76.19230518678961,17.460878056603,67.76475824903956,14.774363694357426,False,-0.0824051674236387,BAY_OF_BISCAY
877,2017-04-12,637.3651058644451,431.14539859419216,294.9180064679475,-88.69829919769455,76.19230518678961,17.460878056603,67.76475824903956,14.774363694357426,False,-0.0824051674236387,BAY_OF_BISCAY
878,2017-04-20,504.5725989993393,438.030395340591,115.64148801143044,-49.09928435268208,76.19230518678961,17.460878056603,67.76475824903956,14.774363694357426,False,-0.0824051674236387,BAY_OF_BISCAY
879,2017-04-28,504.5725989993393,446.44981186865374,49.46664642808124,8.656140702604354,76.19230518678961,17.460878056603,67.76475824903956,14.774363694357426,False,-0.0824051674236387,BAY_OF_BISCAY
880,2017-05-04,605.5015533876337,456.39850481057886,84.6652561533366,64.43779242371829,76.19230518678961,17.460878056603,67.76475824903956,14.774363694357426,False,-0.0824051674236387,BAY_OF_BISCAY
881,2017-05-12,643.9981947107553,467.8588888995515,92.12871654491292,84.01058926629089,76.19230518678961,17.460878056603,67.76475824903956,14.774363694357426,False,-0.0824051674236387,BAY_OF_BISCAY
882,2017-05-20,643.9981947107553,480.80505221731767,135.31153688741392,27.881605606023754,76.19230518678961,17.460878056603,67.76475824903956,14.774363694357426,False,-0.0824051674236387,BAY_OF_BISCAY
883,2017-05-28,735.1439472744786,495.2064168053254,182.57657675024905,57.3609537189042,76.19230518678961,17.460878056603,67.76475824903956,14.774363694357426,False,-0.0824051674236387,BAY_OF_BISCAY
884,2017-06-04,624.2637217212008,511.028444539358,219.16232174204077,-105.92704456019791,76.19230518678961,17.460878056603,67.76475824903956,14.774363694357426,False,-0.0824051674236387,BAY_OF_BISCAY
885,2017-06-12,476.5464404091596,528.2210429889275,141.8105656451503,-193.4851682249182,76.19230518678961,17.460878056603,67.76475824903956,14.774363694357426,False,-0.0824051674236387,BAY_OF_BISCAY
886,2017-06-20,331.74515252321754,546.717425786864,-97.73645907393674,-117.23581418970976,76.19230518678961,17.460878056603,67.76475824903956,14.774363694357426,False,-0.0824051674236387,BAY_OF_BISCAY
887,2017-06-28,331.74515252321754,566.4432289771715,-268.09984611237894,33.40176965842494,76.19230518678961,17.460878056603,67.76475824903956,14.774363694357426,False,-0.0824051674236387,BAY_OF_BISCAY
888,2017-07-04,335.9769544598043,587.3178071939775,-351.3336519217335,99.99279918756032,76.19230518678961,17.460878056603,67.76475824903956,14.774363694357426,False,-0.0824051674236387,BAY_OF_BISCAY
889,2017-07-12,335.9769544598043,609.2510628198103,-385.33359763717016,112.05948927716418,76.19230518678961,17.460878056603,67.76475824903956,14.774363694357426,False,-0.0824051674236387,BAY_OF_BISCAY
890,2017-07-20,270.2990289602035,632.1443864922953,-473.11320146263336,111.26784393054152,76.19230518678961,17.460878056603,67.76475824903956,14.774363694357426,False,-0.0824051674236387,BAY_OF_BISCAY
891,2017-07-28,249.5879829406043,655.8945717781752,-525.5807946242933,119.2742057867224,76.19230518678961,17.460878056603,67.76475824903956,14.774363694357426,False,-0.0824051674236387,BAY_OF_BISCAY
892,2017-08-04,215.0027541209247,680.3953875435399,-583.1432254297354,117.7505920071202,76.19230518678961,17.460878056603,67.76475824903956,14.774363694357426,False,-0.0824051674236387,BAY_OF_BISCAY
893,2017-08-12,207.61444339280723,705.5387251857314,-599.4117485694234,101.48746677649916,76.19230518678961,17.460878056603,67.76475824903956,14.774363694357426,False,-0.0824051674236387,BAY_OF_BISCAY
894,2017-08-20,189.0415514621068,731.2145480276452,-611.7331626967709,69.56016613123256,76.19230518678961,17.460878056603,67.76475824903956,14.774363694357426,False,-0.0824051674236387,BAY_OF_BISCAY
895,2017-08-28,189.0415514621068,757.3106872926692,-603.6821976736304,35.41306184306802,76.19230518678961,17.460878056603,67.76475824903956,14.774363694357426,False,-0.0824051674236387,BAY_OF_BISCAY
896,2017-09-04,228.2033613062113,783.7130907791003,-574.2492782474637,18.73954877457481,76.19230518678961,17.460878056603,67.76475824903956,14.774363694357426,False,-0.0824051674236387,BAY_OF_BISCAY
897,2017-09-12,233.90992869325763,810.3065751952089,-549.0105012346712,-27.386145267280085,76.19230518678961,17.460878056603,67.76475824903956,14.774363694357426,False,-0.0824051674236387,BAY_OF_BISCAY
898,2017-09-20,259.29819606018424,836.9752207871453,-543.8425159058905,-33.83450882107047,76.19230518678961,17.460878056603,67.76475824903956,14.774363694357426,False,-0.0824051674236387,BAY_OF_BISCAY
899,2017-09-28,275.0443161191138,863.6057769484047,-537.2119269789804,-51.349533850310536,76.19230518678961,17.460878056603,67.76475824903956,14.774363694357426,False,-0.0824051674236387,BAY_OF_BISCAY
900,2017-10-04,259.29819606018424,890.0879031585611,-544.2045922950402,-86.58511480333652,76.19230518678961,17.460878056603,67.76475824903956,14.774363694357426,False,-0.0824051674236387,BAY_OF_BISCAY
901,2017-10-12,248.2136117670917,916.3158935048476,-515.2496481391696,-152.85263359858618,76.19230518678961,17.460878056603,67.76475824903956,14.774363694357426,False,-0.0824051674236387,BAY_OF_BISCAY
902,2017-10-20,248.2136117670917,942.1880934961628,-511.8870253801814,-182.08745634888976,76.19230518678961,17.460878056603,67.76475824903956,14.774363694357426,False,-0.0824051674236387,BAY_OF_BISCAY
903,2017-10-28,249.0358609472392,967.6095295275834,-479.7220886448913,-238.85157993545292,76.19230518678961,17.460878056603,67.76475824903956,14.774363694357426,False,-0.0824051674236387,BAY_OF_BISCAY
904,2017-11-04,279.3835504384035,992.4920761481776,-454.9101195543673,-258.1984061554069,76.19230518678961,17.460878056603,67.76475824903956,14.774363694357426,False,-0.0824051674236387,BAY_OF_BISCAY
905,2017-11-12,427.0702519414828,1016.7610246498168,-357.2026519948793,-232.4881207134549,76.19230518678961,17.460878056603,67.76475824903956,14.774363694357426,False,-0.0824051674236387,BAY_OF_BISCAY
906,2017-11-20,427.0702519414828,1040.3524479898813,-342.1771445691777,-271.10505147922083,76.19230518678961,17.460878056603,67.76475824903956,14.774363694357426,False,-0.0824051674236387,BAY_OF_BISCAY
907,2017-11-28,427.0702519414828,1063.210852295392,-338.3667314269966,-297.77386892691266,76.19230518678961,17.460878056603,67.76475824903956,14.774363694357426,False,-0.0824051674236387,BAY_OF_BISCAY
908,2017-12-04,516.9198772551727,1085.2831683307054,-252.92649892682584,-315.4367921487069,76.19230518678961,17.460878056603,67.76475824903956,14.774363694357426,False,-0.0824051674236387,BAY_OF_BISCAY
909,2017-12-12,988.2485891399184,1106.511913232847,-11.510706633826066,-106.75261745910248,76.19230518678961,17.460878056603,67.76475824903956,14.774363694357426,False,-0.0824051674236387,BAY_OF_BISCAY
910,2017-12-20,988.2485891399184,1126.85109189536,23.838303061014397,-162.44080581645588,76.19230518678961,17.460878056603,67.76475824903956,14.774363694357426,False,-0.0824051674236387,BAY_OF_BISCAY
911,2017-12-28,1160.2039134474728,1146.2512450502052,124.44734698543655,-110.49467858816892,76.19230518678961,17.460878056603,67.76475824903956,14.774363694357426,False,-0.0824051674236387,BAY_OF_BISCAY
912,2018-01-04,2815.210154143609,1164.6505447689678,857.3205566826902,793.2390526919515,76.19230518678961,17.460878056603,67.76475824903956,14.774363694357426,False,-0.0824051674236387,BAY_OF_BISCAY
913,2018-01-12,2933.264404611976,1181.9735083555588,922.6720825837124,828.6188136727045,76.19230518678961,17.460878056603,67.76475824903956,14.774363694357426,False,-0.0824051674236387,BAY_OF_BISCAY
914,2018-01-20,3030.5114208280274,1198.1211909225783,1026.9869971934072,805.4032327120419,76.19230518678961,17.460878056603,67.76475824903956,14.774363694357426,False,-0.0824051674236387,BAY_OF_BISCAY
915,2018-01-28,3030.5114208280274,1212.9891202066367,1189.3122016590576,628.2100989623332,76.19230518678961,17.460878056603,67.76475824903956,14.774363694357426,False,-0.0824051674236387,BAY_OF_BISCAY
916,2018-02-04,2023.872656535999,1226.472398474429,796.8515635973016,0.5486944642685785,76.19230518678961,17.460878056603,67.76475824903956,14.774363694357426,False,-0.0824051674236387,BAY_OF_BISCAY
917,2018-02-12,2023.872656535999,1238.458420868966,795.1596777470304,-9.745442079997249,76.19230518678961,17.460878056603,67.76475824903956,14.774363694357426,False,-0.0824051674236387,BAY_OF_BISCAY
918,2018-02-20,1774.8705680374865,1248.82909042456,544.1875641436977,-18.1460865307713,76.19230518678961,17.460878056603,67.76475824903956,14.774363694357426,False,-0.0824051674236387,BAY_OF_BISCAY
919,2018-02-28,1813.6049108881864,1257.4569449743044,513.8496205610985,42.29834535278371,76.19230518678961,17.460878056603,67.76475824903956,14.774363694357426,False,-0.0824051674236387,BAY_OF_BISCAY
920,2018-03-04,1751.1815464714932,1264.22592526451,668.9413091611589,-181.98568795417577,76.19230518678961,17.460878056603,67.76475824903956,14.774363694357426,False,-0.0824051674236387,BAY_OF_BISCAY
921,2018-03-12,1571.1849950596825,1269.0465433357836,582.3000552444109,-280.16160352051224,76.19230518678961,17.460878056603,67.76475824903956,14.774363694357426,False,-0.0824051674236387,BAY_OF_BISCAY
922,2018-03-20,1571.1849950596825,1271.8570565191926,443.1480248986575,-143.82008635816788,76.19230518678961,17.460878056603,67.76475824903956,14.774363694357426,False,-0.0824051674236387,BAY_OF_BISCAY
923,2018-03-28,1644.6922942747792,1272.5977447813373,408.6596271082401,-36.56507761479816,76.19230518678961,17.460878056603,67.76475824903956,14.774363694357426,False,-0.0824051674236387,BAY_OF_BISCAY
924,2018-04-04,1784.2665672268351,1271.2081749208646,470.5539142770895,42.50447802888107,76.19230518678961,17.460878056603,67.76475824903956,14.774363694357426,False,-0.0824051674236387,BAY_OF_BISCAY
925,2018-04-12,1644.6922942747792,1267.631472879043,317.2136055715925,59.84721582414363,76.19230518678961,17.460878056603,67.76475824903956,14.774363694357426,False,-0.0824051674236387,BAY_OF_BISCAY
926,2018-04-20,1237.880229150504,1261.817880851223,76.81287436709027,-100.75052606780928,76.19230518678961,17.460878056603,67.76475824903956,14.774363694357426,False,-0.0824051674236387,BAY_OF_BISCAY
927,2018-04-28,1132.3792049334595,1253.7246120337195,15.898047411235837,-137.2434545114956,76.19230518678961,17.460878056603,67.76475824903956,14.774363694357426,False,-0.0824051674236387,BAY_OF_BISCAY
928,2018-05-04,1132.3792049334595,1243.3256291596235,31.76425260863699,-142.71067683480078,76.19230518678961,17.460878056603,67.76475824903956,14.774363694357426,False,-0.0824051674236387,BAY_OF_BISCAY
929,2018-05-12,1274.8170310432145,1230.616173992076,101.49428950113284,-57.29343244999441,76.19230518678961,17.460878056603,67.76475824903956,14.774363694357426,False,-0.0824051674236387,BAY_OF_BISCAY
930,2018-05-20,1274.8170310432145,1215.6131001477777,96.00370389105257,-36.7997729956158,76.19230518678961,17.460878056603,67.76475824903956,14.774363694357426,False,-0.0824051674236387,BAY_OF_BISCAY
931,2018-05-28,1274.8170310432145,1198.3505594715964,109.86264653480696,-33.39617496318891,76.19230518678961,17.460878056603,67.76475824903956,14.774363694357426,False,-0.0824051674236387,BAY_OF_BISCAY
932,2018-06-04,1604.4812951457411,1178.8746830330226,236.84596073696176,188.76065137575696,76.19230518678961,17.460878056603,67.76475824903956,14.774363694357426,False,-0.0824051674236387,BAY_OF_BISCAY
933,2018-06-12,1604.4812951457411,1157.249750022693,154.71489980588254,292.51664531716585,76.19230518678961,17.460878056603,67.76475824903956,14.774363694357426,False,-0.0824051674236387,BAY_OF_BISCAY
934,2018-06-20,990.960241396624,1133.558570507686,-224.82388657120444,82.22555746014237,76.19230518678961,17.460878056603,67.76475824903956,14.774363694357426,False,-0.0824051674236387,BAY_OF_BISCAY
935,2018-06-28,653.9484393486379,1107.9040771765217,-440.4856021967319,-13.470035631151973,76.19230518678961,17.460878056603,67.76475824903956,14.774363694357426,False,-0.0824051674236387,BAY_OF_BISCAY
936,2018-07-04,567.8447183349056,1080.4134343514584,-499.9633394461951,-12.605376570357691,76.19230518678961,17.460878056603,67.76475824903956,14.774363694357426,False,-0.0824051674236387,BAY_OF_BISCAY
937,2018-07-12,567.8447183349056,1051.2375516999186,-504.4962320223942,21.10339865738115,76.19230518678961,17.460878056603,67.76475824903956,14.774363694357426,False,-0.0824051674236387,BAY_OF_BISCAY
938,2018-07-20,453.7543804332777,1020.5469793177548,-567.7090131685144,0.9164142840371596,76.19230518678961,17.460878056603,67.76475824903956,14.774363694357426,False,-0.0824051674236387,BAY_OF_BISCAY
939,2018-07-28,368.9253427526672,988.5279224244216,-609.1353526652622,-10.467227006492068,76.19230518678961,17.460878056603,67.76475824903956,14.774363694357426,False,-0.0824051674236387,BAY_OF_BISCAY
940,2018-08-04,272.31932684386453,955.3800738842706,-655.6406566756884,-27.42009036471768,76.19230518678961,17.460878056603,67.76475824903956,14.774363694357426,False,-0.0824051674236387,BAY_OF_BISCAY
941,2018-08-12,252.30101823326544,921.3136561446684,-662.6407425350341,-6.371895376368798,76.19230518678961,17.460878056603,67.76475824903956,14.774363694357426,False,-0.0824051674236387,BAY_OF_BISCAY
942,2018-08-20,256.41273492153204,886.5468232977366,-659.2786649930708,29.14457661686629,76.19230518678961,17.460878056603,67.76475824903956,14.774363694357426,False,-0.0824051674236387,BAY_OF_BISCAY
943,2018-08-28,256.41273492153204,851.3031832486796,-655.7195711692531,60.82912284210545,76.19230518678961,17.460878056603,67.76475824903956,14.774363694357426,False,-0.0824051674236387,BAY_OF_BISCAY
944,2018-09-04,270.82704207313407,815.8095158441665,-633.9617052833836,88.97923151235113,76.19230518678961,17.460878056603,67.76475824903956,14.774363694357426,False,-0.0824051674236387,BAY_OF_BISCAY
945,2018-09-12,270.82704207313407,780.2935801063884,-630.7863712009761,121.31983316772175,76.19230518678961,17.460878056603,67.76475824903956,14.774363694357426,False,-0.0824051674236387,BAY_OF_BISCAY
946,2018-09-20,218.58815908347287,744.9818758735707,-642.7210993110424,116.32738252094452,76.19230518678961,17.460878056603,67.76475824903956,14.774363694357426,False,-0.0824051674236387,BAY_OF_BISCAY
947,2018-09-28,215.654662061904,710.0962647473166,-632.6711143432518,138.22951165783925,76.19230518678961,17.460878056603,67.76475824903956,14.774363694357426,False,-0.0824051674236387,BAY_OF_BISCAY
948,2018-10-04,215.654662061904,675.8532695392913,-625.0307656377992,164.83215816041184,76.19230518678961,17.460878056603,67.76475824903956,14.774363694357426,False,-0.0824051674236387,BAY_OF_BISCAY
949,2018-10-12,318.1021308967007,642.4631749639053,-566.3968962416852,242.03585217448065,76.19230518678961,17.460878056603,67.76475824903956,14.774363694357426,False,-0.0824051674236387,BAY_OF_BISCAY
950,2018-10-20,318.1021308967007,610.1269712243394,-500.9854288110281,208.96058848338944,76.19230518678961,17.460878056603,67.76475824903956,14.774363694357426,False,-0.0824051674236387,BAY_OF_BISCAY
951,2018-10-28,441.7948085384834,579.0292766295066,-340.33757954630124,203.10311145527805,76.19230518678961,17.460878056603,67.76475824903956,14.774363694357426,False,-0.0824051674236387,BAY_OF_BISCAY
952,2018-11-04,477.2067517914276,549.3331450981879,-69.10245251547691,-3.02394079128338,76.19230518678961,17.460878056603,67.76475824903956,14.774363694357426,False,-0.0824051674236387,BAY_OF_BISCAY
953,2018-11-12,477.2067517914276,521.1656205085673,-27.833684413144077,-16.12518430399562,76.19230518678961,17.460878056603,67.76475824903956,14.774363694357426,False,-0.0824051674236387,BAY_OF_BISCAY
954,2018-11-20,473.62286045804217,494.62615262163945,17.737884927596575,-38.741177091193855,76.19230518678961,17.460878056603,67.76475824903956,14.774363694357426,False,-0.0824051674236387,BAY_OF_BISCAY
955,2018-11-28,473.62286045804217,469.79267802298506,-4.347427645973085,8.177610081030195,76.19230518678961,17.460878056603,67.76475824903956,14.774363694357426,False,-0.0824051674236387,BAY_OF_BISCAY
956,2018-12-04,639.0437302541674,446.7307053361367,147.94257975833696,44.37044515969373,76.19230518678961,17.460878056603,67.76475824903956,14.774363694357426,False,-0.0824051674236387,BAY_OF_BISCAY
957,2018-12-12,671.5107895146728,425.5019681946516,770.8307061927718,-524.8218848727506,76.19230518678961,17.460878056603,67.76475824903956,14.774363694357426,False,-0.0824051674236387,BAY_OF_BISCAY
958,2018-12-20,874.428403411757,406.1481952125079,879.6423232160449,-411.3621150167958,76.19230518678961,17.460878056603,67.76475824903956,14.774363694357426,False,-0.0824051674236387,BAY_OF_BISCAY
959,2018-12-28,874.428403411757,388.7150066836632,768.3925930613974,-282.6791963333036,76.19230518678961,17.460878056603,67.76475824903956,14.774363694357426,False,-0.0824051674236387,BAY_OF_BISCAY
960,2019-01-04,487.8761709687637,373.26637839184366,548.6969322603908,-434.0871396834707,76.19230518678961,17.460878056603,67.76475824903956,14.774363694357426,False,-0.0824051674236387,BAY_OF_BISCAY
961,2019-01-12,487.8761709687637,359.9206317504374,505.17955731499086,-377.2240180966645,76.19230518678961,17.460878056603,67.76475824903956,14.774363694357426,False,-0.0824051674236387,BAY_OF_BISCAY
962,2019-01-20,524.3904891700221,348.84821934760373,552.7635111171235,-377.2212412947051,76.19230518678961,17.460878056603,67.76475824903956,14.774363694357426,False,-0.0824051674236387,BAY_OF_BISCAY
963,2019-01-28,1053.388830650885,340.2249807852094,887.7251177043978,-174.5612678387223,76.19230518678961,17.460878056603,67.76475824903956,14.774363694357426,False,-0.0824051674236387,BAY_OF_BISCAY
964,2019-02-04,1234.3676376636067,334.2305544368274,729.6506219577053,170.48646126907408,76.19230518678961,17.460878056603,67.76475824903956,14.774363694357426,False,-0.0824051674236387,BAY_OF_BISCAY
965,2019-02-12,1234.3676376636067,331.028195079666,649.1755987754675,254.1638438084733,76.19230518678961,17.460878056603,67.76475824903956,14.774363694357426,False,-0.0824051674236387,BAY_OF_BISCAY
966,2019-02-20,898.185093671206,330.7534082866835,420.3260356991032,147.10564968541934,76.19230518678961,17.460878056603,67.76475824903956,14.774363694357426,False,-0.0824051674236387,BAY_OF_BISCAY
967,2019-02-28,709.3986422108666,333.50717250307736,386.20692111053467,-10.315451402745452,76.19230518678961,17.460878056603,67.76475824903956,14.774363694357426,False,-0.0824051674236387,BAY_OF_BISCAY
968,2019-03-04,709.3986422108666,339.34357877062484,648.7255980291663,-278.6705345889246,76.19230518678961,17.460878056603,67.76475824903956,14.774363694357426,False,-0.0824051674236387,BAY_OF_BISCAY
969,2019-03-12,733.341835278469,348.2494819148826,615.7016285690007,-230.6092752054143,76.19230518678961,17.460878056603,67.76475824903956,14.774363694357426,False,-0.0824051674236387,BAY_OF_BISCAY
970,2019-03-20,733.341835278469,360.147965888211,363.4153309691177,9.778538421140354,76.19230518678961,17.460878056603,67.76475824903956,14.774363694357426,False,-0.0824051674236387,BAY_OF_BISCAY
971,2019-03-28,622.9412263055023,374.9329702964753,205.7162309760445,42.29202503298248,76.19230518678961,17.460878056603,67.76475824903956,14.774363694357426,False,-0.0824051674236387,BAY_OF_BISCAY
972,2019-04-04,601.9003775800078,392.4837299028965,185.17574425059104,24.24090342652022,76.19230518678961,17.460878056603,67.76475824903956,14.774363694357426,False,-0.0824051674236387,BAY_OF_BISCAY
973,2019-04-12,601.9003775800078,412.6631613382287,145.53589467075855,43.70132157102054,76.19230518678961,17.460878056603,67.76475824903956,14.774363694357426,False,-0.0824051674236387,BAY_OF_BISCAY
974,2019-04-20,601.9003775800078,435.3138263657634,49.97054088736805,116.6160103268763,76.19230518678961,17.460878056603,67.76475824903956,14.774363694357426,False,-0.0824051674236387,BAY_OF_BISCAY
975,2019-04-28,591.7789464711706,460.2532282567205,45.35591314426092,86.16980507018917,76.19230518678961,17.460878056603,67.76475824903956,14.774363694357426,False,-0.0824051674236387,BAY_OF_BISCAY
976,2019-05-04,591.7789464711706,487.27132717562574,110.68584015010214,-6.17822085455731,76.19230518678961,17.460878056603,67.76475824903956,14.774363694357426,False,-0.0824051674236387,BAY_OF_BISCAY
977,2019-05-12,591.7789464711706,516.1349051808394,133.94719634830392,-58.30315505797273,76.19230518678961,17.460878056603,67.76475824903956,14.774363694357426,False,-0.0824051674236387,BAY_OF_BISCAY
978,2019-05-20,611.9438077261929,546.597298486421,85.15285435074786,-19.806345110975982,76.19230518678961,17.460878056603,67.76475824903956,14.774363694357426,False,-0.0824051674236387,BAY_OF_BISCAY
979,2019-05-28,616.9839378398439,578.4081560720056,-45.79087927039886,84.36666103823715,76.19230518678961,17.460878056603,67.76475824903956,14.774363694357426,False,-0.0824051674236387,BAY_OF_BISCAY
980,2019-06-04,616.9839378398439,611.3225000437792,23.703453920040445,-18.042016123975785,76.19230518678961,17.460878056603,67.76475824903956,14.774363694357426,False,-0.0824051674236387,BAY_OF_BISCAY
981,2019-06-12,493.0680251323421,645.1004416549232,-53.51011692302823,-98.52229959955284,76.19230518678961,17.460878056603,67.76475824903956,14.774363694357426,False,-0.0824051674236387,BAY_OF_BISCAY
982,2019-06-20,420.20625537218734,679.5068304328032,-269.36451607308123,10.063941012465364,76.19230518678961,17.460878056603,67.76475824903956,14.774363694357426,False,-0.0824051674236387,BAY_OF_BISCAY
983,2019-06-28,297.0230723630389,714.3029846590767,-468.9168344972797,51.636922201241816,76.19230518678961,17.460878056603,67.76475824903956,14.774363694357426,False,-0.0824051674236387,BAY_OF_BISCAY
984,2019-07-04,241.82989383441577,749.2440024892167,-560.0366319285982,52.62252327379736,76.19230518678961,17.460878056603,67.76475824903956,14.774363694357426,False,-0.0824051674236387,BAY_OF_BISCAY
985,2019-07-12,191.93997148364903,784.0874499955928,-614.9281749976656,22.78069648572182,76.19230518678961,17.460878056603,67.76475824903956,14.774363694357426,False,-0.0824051674236387,BAY_OF_BISCAY
986,2019-07-20,191.93997148364903,818.5985863856537,-653.8762968710051,27.217681969000523,76.19230518678961,17.460878056603,67.76475824903956,14.774363694357426,False,-0.0824051674236387,BAY_OF_BISCAY
987,2019-07-28,178.0986526374948,852.55194757084,-693.9992189597268,19.545924026381613,76.19230518678961,17.460878056603,67.76475824903956,14.774363694357426,False,-0.0824051674236387,BAY_OF_BISCAY
988,2019-08-04,196.09100525250037,885.7292756439114,-723.2525233880834,33.61425299667246,76.19230518678961,17.460878056603,67.76475824903956,14.774363694357426,False,-0.0824051674236387,BAY_OF_BISCAY
989,2019-08-12,196.09100525250037,917.9225290413772,-740.5088276239247,18.67730383504784,76.19230518678961,17.460878056603,67.76475824903956,14.774363694357426,False,-0.0824051674236387,BAY_OF_BISCAY
990,2019-08-20,196.09100525250037,948.9362327624438,-744.9589983441178,-7.886229165825625,76.19230518678961,17.460878056603,67.76475824903956,14.774363694357426,False,-0.0824051674236387,BAY_OF_BISCAY
991,2019-08-28,185.39901112079795,978.590613926372,-752.7739084576581,-40.417694347915926,76.19230518678961,17.460878056603,67.76475824903956,14.774363694357426,False,-0.0824051674236387,BAY_OF_BISCAY
992,2019-09-04,182.07557489116013,1006.724005869456,-756.326126952609,-68.32230402568678,76.19230518678961,17.460878056603,67.76475824903956,14.774363694357426,False,-0.0824051674236387,BAY_OF_BISCAY
993,2019-09-12,171.82685003260605,1033.1946724648255,-766.2899684356452,-95.0778539965744,76.19230518678961,17.460878056603,67.76475824903956,14.774363694357426,False,-0.0824051674236387,BAY_OF_BISCAY
994,2019-09-20,182.07557489116013,1057.8833700966195,-763.7771008750261,-112.03069433043343,76.19230518678961,17.460878056603,67.76475824903956,14.774363694357426,False,-0.0824051674236387,BAY_OF_BISCAY
995,2019-09-28,180.3216746044421,1080.692766711313,-735.2734728617961,-165.09761924507472,76.19230518678961,17.460878056603,67.76475824903956,14.774363694357426,False,-0.0824051674236387,BAY_OF_BISCAY
996,2019-10-04,185.15055819038588,1101.5455177736976,-650.8556986015395,-265.53926098177214,76.19230518678961,17.460878056603,67.76475824903956,14.774363694357426,False,-0.0824051674236387,BAY_OF_BISCAY
997,2019-10-12,185.15055819038588,1120.3794749513945,-620.5025625490495,-314.7263542119589,76.19230518678961,17.460878056603,67.76475824903956,14.774363694357426,False,-0.0824051674236387,BAY_OF_BISCAY
998,2019-10-20,416.5223648197726,1137.1484941817473,-500.7378288340156,-219.8883005279592,76.19230518678961,17.460878056603,67.76475824903956,14.774363694357426,False,-0.0824051674236387,BAY_OF_BISCAY
999,2019-10-28,788.8690356432138,1151.8240934950447,-292.3893203516725,-70.56573750015838,76.19230518678961,17.460878056603,67.76475824903956,14.774363694357426,False,-0.0824051674236387,BAY_OF_BISCAY
1000,2019-11-04,1755.0032897907583,1164.39511214994,199.5251486933089,391.0830289475096,76.19230518678961,17.460878056603,67.76475824903956,14.774363694357426,False,-0.0824051674236387,BAY_OF_BISCAY
1001,2019-11-12,1755.0032897907583,1174.8746565536703,165.9600940109262,414.1685392261616,76.19230518678961,17.460878056603,67.76475824903956,14.774363694357426,False,-0.0824051674236387,BAY_OF_BISCAY
1002,2019-11-20,1923.6041976196527,1183.2951550434827,266.90034556487944,473.408697011291,76.19230518678961,17.460878056603,67.76475824903956,14.774363694357426,False,-0.0824051674236387,BAY_OF_BISCAY
1003,2019-11-28,1807.020092799372,1189.709321493421,213.06074291580512,404.2500283901461,76.19230518678961,17.460878056603,67.76475824903956,14.774363694357426,False,-0.0824051674236387,BAY_OF_BISCAY
1004,2019-12-04,1959.4020497595109,1194.184698945173,369.178738591195,396.0386122231428,76.19230518678961,17.460878056603,67.76475824903956,14.774363694357426,False,-0.0824051674236387,BAY_OF_BISCAY
1005,2019-12-12,3877.191218565561,1196.8006537761787,1571.1149940939206,1109.275570695462,76.19230518678961,17.460878056603,67.76475824903956,14.774363694357426,False,-0.0824051674236387,BAY_OF_BISCAY
1006,2019-12-20,3877.191218565561,1197.6400789407614,1760.570882417018,918.9802572077816,76.19230518678961,17.460878056603,67.76475824903956,14.774363694357426,False,-0.0824051674236387,BAY_OF_BISCAY
1007,2019-12-28,3239.608638190872,1196.775785882926,1445.61124931712,597.2216029908263,76.19230518678961,17.460878056603,67.76475824903956,14.774363694357426,False,-0.0824051674236387,BAY_OF_BISCAY
1008,2020-01-04,1459.1885968922347,1194.284642517642,461.376201162365,-196.47224678777224,76.19230518678961,17.460878056603,67.76475824903956,14.774363694357426,False,-0.0824051674236387,BAY_OF_BISCAY
1009,2020-01-12,1145.8298490072143,1190.2325234708746,242.1399017354388,-286.5425761990992,76.19230518678961,17.460878056603,67.76475824903956,14.774363694357426,False,-0.0824051674236387,BAY_OF_BISCAY
1010,2020-01-20,1145.8298490072143,1184.6770655175385,254.3441786954332,-293.19139520575715,76.19230518678961,17.460878056603,67.76475824903956,14.774363694357426,False,-0.0824051674236387,BAY_OF_BISCAY
1011,2020-01-28,1411.3556431412849,1177.6785034626337,996.7868439465378,-763.1097042678866,76.19230518678961,17.460878056603,67.76475824903956,14.774363694357426,False,-0.0824051674236387,BAY_OF_BISCAY
1012,2020-02-04,1411.3556431412849,1169.2727327812022,1045.775842952029,-803.6929325919464,76.19230518678961,17.460878056603,67.76475824903956,14.774363694357426,False,-0.0824051674236387,BAY_OF_BISCAY
1013,2020-02-12,1080.814453048171,1159.4889226585424,798.6320503468005,-877.3065199571722,76.19230518678961,17.460878056603,67.76475824903956,14.774363694357426,False,-0.0824051674236387,BAY_OF_BISCAY
1014,2020-02-20,1080.814453048171,1148.3614377399429,316.4288367245347,-383.97582141630687,76.19230518678961,17.460878056603,67.76475824903956,14.774363694357426,False,-0.0824051674236387,BAY_OF_BISCAY
1015,2020-02-28,1279.677899414078,1135.956147940744,257.6618193980416,-113.94006792470748,76.19230518678961,17.460878056603,67.76475824903956,14.774363694357426,False,-0.0824051674236387,BAY_OF_BISCAY
1016,2020-03-04,2390.415229211263,1122.3705563096048,760.9278858182314,507.11678708342686,76.19230518678961,17.460878056603,67.76475824903956,14.774363694357426,False,-0.0824051674236387,BAY_OF_BISCAY
1017,2020-03-12,2390.415229211263,1107.7416380148998,713.4526641179583,569.220927078405,76.19230518678961,17.460878056603,67.76475824903956,14.774363694357426,False,-0.0824051674236387,BAY_OF_BISCAY
1018,2020-03-20,1384.5337923999489,1092.245174876067,198.58780795455007,93.70080956933154,76.19230518678961,17.460878056603,67.76475824903956,14.774363694357426,False,-0.0824051674236387,BAY_OF_BISCAY
1019,2020-03-28,908.6368590341348,1076.0884195888834,-97.08672333204056,-70.3648372227081,76.19230518678961,17.460878056603,67.76475824903956,14.774363694357426,False,-0.0824051674236387,BAY_OF_BISCAY
1020,2020-04-04,743.3424830726801,1059.4988197294238,-213.804516670702,-102.35181998604168,76.19230518678961,17.460878056603,67.76475824903956,14.774363694357426,False,-0.0824051674236387,BAY_OF_BISCAY
1021,2020-04-12,743.3424830726801,1042.7105996514645,-225.7947076517061,-73.57340892707822,76.19230518678961,17.460878056603,67.76475824903956,14.774363694357426,False,-0.0824051674236387,BAY_OF_BISCAY
1022,2020-04-20,790.3040137287467,1025.9592570200464,-227.8779617595033,-7.777281531796405,76.19230518678961,17.460878056603,67.76475824903956,14.774363694357426,False,-0.0824051674236387,BAY_OF_BISCAY
1023,2020-04-28,926.309122212184,1009.4796710998008,-159.4455860660198,76.27503717840295,76.19230518678961,17.460878056603,67.76475824903956,14.774363694357426,False,-0.0824051674236387,BAY_OF_BISCAY
1024,2020-05-04,1229.344228164026,993.5013425540948,0.6775712466343506,235.1653143632969,76.19230518678961,17.460878056603,67.76475824903956,14.774363694357426,False,-0.0824051674236387,BAY_OF_BISCAY
1025,2020-05-12,1229.344228164026,978.2422983366118,60.95357580024488,190.1483540271692,76.19230518678961,17.460878056603,67.76475824903956,14.774363694357426,False,-0.0824051674236387,BAY_OF_BISCAY
1026,2020-05-20,1043.793056869723,963.8988728522291,-18.3870871905841,98.28127120807788,76.19230518678961,17.460878056603,67.76475824903956,14.774363694357426,False,-0.0824051674236387,BAY_OF_BISCAY
1027,2020-05-28,561.9833458318202,950.6444820856788,-259.4528097308493,-129.20832652300925,76.19230518678961,17.460878056603,67.76475824903956,14.774363694357426,False,-0.0824051674236387,BAY_OF_BISCAY
1028,2020-06-04,561.9833458318202,938.6263148881588,-270.71991321243803,-105.9230558439006,76.19230518678961,17.460878056603,67.76475824903956,14.774363694357426,False,-0.0824051674236387,BAY_OF_BISCAY
1029,2020-06-12,577.4318562090874,927.9660620238568,-309.4557487640166,-41.078457050752775,76.19230518678961,17.460878056603,67.76475824903956,14.774363694357426,False,-0.0824051674236387,BAY_OF_BISCAY
1030,2020-06-20,577.4318562090874,918.7567539115564,-320.50754225274403,-20.817355449725085,76.19230518678961,17.460878056603,67.76475824903956,14.774363694357426,False,-0.0824051674236387,BAY_OF_BISCAY
1031,2020-06-28,461.6408152683998,911.0669980264292,-364.4815082432671,-84.94467451476237,76.19230518678961,17.460878056603,67.76475824903956,14.774363694357426,False,-0.0824051674236387,BAY_OF_BISCAY
1032,2020-07-04,352.17649852867174,904.941167200044,-437.8696561888103,-114.89501248256192,76.19230518678961,17.460878056603,67.76475824903956,14.774363694357426,False,-0.0824051674236387,BAY_OF_BISCAY
1033,2020-07-12,251.3835992482932,900.3966824244676,-520.2227907815425,-128.79029239463193,76.19230518678961,17.460878056603,67.76475824903956,14.774363694357426,False,-0.0824051674236387,BAY_OF_BISCAY
1034,2020-07-20,219.2974983389802,897.4236222781298,-547.0530305987127,-131.0730933404369,76.19230518678961,17.460878056603,67.76475824903956,14.774363694357426,False,-0.0824051674236387,BAY_OF_BISCAY
1035,2020-07-28,195.5866802975751,895.9854146902195,-633.1543320794327,-67.24440231321171,76.19230518678961,17.460878056603,67.76475824903956,14.774363694357426,False,-0.0824051674236387,BAY_OF_BISCAY
1036,2020-08-04,187.9260507782591,896.0256489341572,-646.9970992887467,-61.10249886715144,76.19230518678961,17.460878056603,67.76475824903956,14.774363694357426,False,-0.0824051674236387,BAY_OF_BISCAY
1037,2020-08-12,187.9260507782591,897.4682999188547,-673.4407882828999,-36.101460857695656,76.19230518678961,17.460878056603,67.76475824903956,14.774363694357426,False,-0.0824051674236387,BAY_OF_BISCAY
1038,2020-08-20,195.8828564228585,900.2198566426206,-693.3327024664428,-11.004297753319292,76.19230518678961,17.460878056603,67.76475824903956,14.774363694357426,False,-0.0824051674236387,BAY_OF_BISCAY
1039,2020-08-28,202.4558032756887,904.1698737981656,-699.8285361597503,-1.8855343627265029,76.19230518678961,17.460878056603,67.76475824903956,14.774363694357426,False,-0.0824051674236387,BAY_OF_BISCAY
1040,2020-09-04,203.93895493977072,909.1915604735132,-700.9116586625537,-4.340946871188862,76.19230518678961,17.460878056603,67.76475824903956,14.774363694357426,False,-0.0824051674236387,BAY_OF_BISCAY
1041,2020-09-12,215.37635229112288,915.1431045356144,-655.8430886235891,-43.92366362090229,76.19230518678961,17.460878056603,67.76475824903956,14.774363694357426,False,-0.0824051674236387,BAY_OF_BISCAY
1042,2020-09-20,274.268757844188,921.867285848912,-625.20179730874,-22.396730695983933,76.19230518678961,17.460878056603,67.76475824903956,14.774363694357426,False,-0.0824051674236387,BAY_OF_BISCAY
1043,2020-09-28,392.9302207720274,929.1956897862768,-556.2321808296886,19.966711815439112,76.19230518678961,17.460878056603,67.76475824903956,14.774363694357426,False,-0.0824051674236387,BAY_OF_BISCAY
1044,2020-10-04,707.1401757583249,936.9529811691292,-417.3785356544616,187.56573024365724,76.19230518678961,17.460878056603,67.76475824903956,14.774363694357426,False,-0.0824051674236387,BAY_OF_BISCAY
1045,2020-10-12,707.1401757583249,944.9649491106434,-438.5508578317508,200.72608447943225,76.19230518678961,17.460878056603,67.76475824903956,14.774363694357426,False,-0.0824051674236387,BAY_OF_BISCAY
1046,2020-10-20,707.1401757583249,953.0651504927094,-397.1027691267766,151.177794392392,76.19230518678961,17.460878056603,67.76475824903956,14.774363694357426,False,-0.0824051674236387,BAY_OF_BISCAY
1047,2020-10-28,660.1960338832424,961.1047308555014,-330.6205613855841,29.711864413325088,76.19230518678961,17.460878056603,67.76475824903956,14.774363694357426,False,-0.0824051674236387,BAY_OF_BISCAY
1048,2020-11-04,652.2860897906535,968.960719554231,-61.9180819798493,-254.75654778372825,76.19230518678961,17.460878056603,67.76475824903956,14.774363694357426,False,-0.0824051674236387,BAY_OF_BISCAY
1049,2020-11-12,512.3495527534689,976.5374141499536,-119.5084275360437,-344.6794338604412,76.19230518678961,17.460878056603,67.76475824903956,14.774363694357426,False,-0.0824051674236387,BAY_OF_BISCAY
1050,2020-11-20,573.7430130011946,983.7660232169446,-47.52831108801681,-362.4946991277332,76.19230518678961,17.460878056603,67.76475824903956,14.774363694357426,False,-0.0824051674236387,BAY_OF_BISCAY
1051,2020-11-28,573.7430130011946,990.5919894894909,-34.133244584645105,-382.7157319036511,76.19230518678961,17.460878056603,67.76475824903956,14.774363694357426,False,-0.0824051674236387,BAY_OF_BISCAY
1052,2020-12-04,699.3118523837309,996.9728392104254,159.69867519940698,-457.3596620261015,76.19230518678961,17.460878056603,67.76475824903956,14.774363694357426,False,-0.0824051674236387,BAY_OF_BISCAY
1053,2020-12-12,1605.4818034580153,1002.869974543554,1090.9053167410923,-488.2934878266309,76.19230518678961,17.460878056603,67.76475824903956,14.774363694357426,False,-0.0824051674236387,BAY_OF_BISCAY
1054,2020-12-20,2133.4828485396765,1008.2607791890422,1500.5229989431102,-375.300929592476,76.19230518678961,17.460878056603,67.76475824903956,14.774363694357426,False,-0.0824051674236387,BAY_OF_BISCAY
1055,2020-12-28,2133.4828485396765,1013.13043869831,1303.789848633736,-183.43743879236945,76.19230518678961,17.460878056603,67.76475824903956,14.774363694357426,False,-0.0824051674236387,BAY_OF_BISCAY
1056,2021-01-04,2133.4828485396765,1017.4371443144636,891.2283978930674,224.81730633214545,76.19230518678961,17.460878056603,67.76475824903956,14.774363694357426,False,-0.0824051674236387,BAY_OF_BISCAY
1057,2021-01-12,1871.5730607188732,1021.1039381772372,643.1024320069041,207.366690534732,76.19230518678961,17.460878056603,67.76475824903956,14.774363694357426,False,-0.0824051674236387,BAY_OF_BISCAY
1058,2021-01-20,1871.5730607188732,1024.0242753988696,569.3627853124976,278.1860000075062,76.19230518678961,17.460878056603,67.76475824903956,14.774363694357426,False,-0.0824051674236387,BAY_OF_BISCAY
1059,2021-01-28,3767.6897583466025,1026.0950014328605,1502.7257383934664,1238.869018520276,76.19230518678961,17.460878056603,67.76475824903956,14.774363694357426,False,-0.0824051674236387,BAY_OF_BISCAY
1060,2021-02-04,3767.6897583466025,1027.2388145093337,1438.728305147537,1301.722638689732,76.19230518678961,17.460878056603,67.76475824903956,14.774363694357426,False,-0.0824051674236387,BAY_OF_BISCAY
1061,2021-02-12,3425.196354238909,1027.3943109952722,1184.110070682505,1213.691972561132,76.19230518678961,17.460878056603,67.76475824903956,14.774363694357426,False,-0.0824051674236387,BAY_OF_BISCAY
1062,2021-02-20,1816.38371144677,1026.5278915936362,458.2838940480571,331.5719258050768,76.19230518678961,17.460878056603,67.76475824903956,14.774363694357426,False,-0.0824051674236387,BAY_OF_BISCAY
1063,2021-02-28,1355.6438693056166,1024.6189225073192,278.1945541940452,52.83039260425216,76.19230518678961,17.460878056603,67.76475824903956,14.774363694357426,False,-0.0824051674236387,BAY_OF_BISCAY
1064,2021-03-04,1130.5645255132629,1021.6720671598852,444.259799624037,-335.3673412706596,76.19230518678961,17.460878056603,67.76475824903956,14.774363694357426,False,-0.0824051674236387,BAY_OF_BISCAY
1065,2021-03-12,902.0268945665612,1017.7082914234348,382.8576109140757,-498.5390077709492,76.19230518678961,17.460878056603,67.76475824903956,14.774363694357426,False,-0.0824051674236387,BAY_OF_BISCAY
1066,2021-03-20,842.8903490672661,1012.765056397851,102.82237639927388,-272.6970837298588,76.19230518678961,17.460878056603,67.76475824903956,14.774363694357426,False,-0.0824051674236387,BAY_OF_BISCAY
1067,2021-03-28,714.3638072317927,1006.8715356241968,-159.53241259152043,-132.9753158008835,76.19230518678961,17.460878056603,67.76475824903956,14.774363694357426,False,-0.0824051674236387,BAY_OF_BISCAY
1068,2021-04-04,596.2922653626985,1000.0420181620416,-269.379540709711,-134.3702120896321,76.19230518678961,17.460878056603,67.76475824903956,14.774363694357426,False,-0.0824051674236387,BAY_OF_BISCAY
1069,2021-04-12,547.2745519571512,992.2915713098852,-289.3679298528858,-155.64908949984806,76.19230518678961,17.460878056603,67.76475824903956,14.774363694357426,False,-0.0824051674236387,BAY_OF_BISCAY
1070,2021-04-20,440.41525,983.6421659328904,-325.3341779422198,-217.8927379906707,76.19230518678961,17.460878056603,67.76475824903956,14.774363694357426,False,-0.0824051674236387,BAY_OF_BISCAY
1071,2021-04-28,440.41525,974.1259476250026,-284.082986901884,-249.62771072311855,76.19230518678961,17.460878056603,67.76475824903956,14.774363694357426,False,-0.0824051674236387,BAY_OF_BISCAY
1072,2021-05-04,449.7365,963.7873407232196,-192.80622662879827,-321.2446140944214,76.19230518678961,17.460878056603,67.76475824903956,14.774363694357426,False,-0.0824051674236387,BAY_OF_BISCAY
1073,2021-05-12,657.39975,952.6825935071558,-124.9079270836889,-170.3749164234669,76.19230518678961,17.460878056603,67.76475824903956,14.774363694357426,False,-0.0824051674236387,BAY_OF_BISCAY
1074,2021-05-20,657.39975,940.8819685993976,-173.3494450680196,-110.13277353137786,76.19230518678961,17.460878056603,67.76475824903956,14.774363694357426,False,-0.0824051674236387,BAY_OF_BISCAY
1075,2021-05-28,622.0826428571428,928.4604059713996,-332.22294135685104,25.845178242594216,76.19230518678961,17.460878056603,67.76475824903956,14.774363694357426,False,-0.0824051674236387,BAY_OF_BISCAY
1076,2021-06-04,554.4371249999999,915.4959960717456,-359.4379286725605,-1.6209423991851963,76.19230518678961,17.460878056603,67.76475824903956,14.774363694357426,False,-0.0824051674236387,BAY_OF_BISCAY
1077,2021-06-12,463.1119375,902.0678424267988,-406.25969979226494,-32.696205134533784,76.19230518678961,17.460878056603,67.76475824903956,14.774363694357426,False,-0.0824051674236387,BAY_OF_BISCAY
1078,2021-06-20,463.1119375,888.2632247488169,-382.0461536848302,-43.105133563986726,76.19230518678961,17.460878056603,67.76475824903956,14.774363694357426,False,-0.0824051674236387,BAY_OF_BISCAY
1079,2021-06-28,630.110625,874.1752312592756,-321.3309504639637,77.2663442046881,76.19230518678961,17.460878056603,67.76475824903956,14.774363694357426,False,-0.0824051674236387,BAY_OF_BISCAY
1080,2021-07-04,630.110625,859.8992418308378,-331.7896970966452,102.0010802658074,76.19230518678961,17.460878056603,67.76475824903956,14.774363694357426,False,-0.0824051674236387,BAY_OF_BISCAY
1081,2021-07-12,596.7313125,845.528770133215,-364.8255099589961,116.02805232578112,76.19230518678961,17.460878056603,67.76475824903956,14.774363694357426,False,-0.0824051674236387,BAY_OF_BISCAY
1082,2021-07-20,595.8016250000001,831.1549000651646,-373.8867570056731,138.53348194050852,76.19230518678961,17.460878056603,67.76475824903956,14.774363694357426,False,-0.0824051674236387,BAY_OF_BISCAY
1083,2021-07-28,361.5494375,816.8667339081632,-484.2002491760394,28.882952767876247,76.19230518678961,17.460878056603,67.76475824903956,14.774363694357426,False,-0.0824051674236387,BAY_OF_BISCAY
1084,2021-08-04,357.7359285714286,802.7501378622009,-475.6708067553401,30.656597464567824,76.19230518678961,17.460878056603,67.76475824903956,14.774363694357426,False,-0.0824051674236387,BAY_OF_BISCAY
1085,2021-08-12,303.03425,788.8897510545777,-480.55654540700135,-5.298955647576349,76.19230518678961,17.460878056603,67.76475824903956,14.774363694357426,False,-0.0824051674236387,BAY_OF_BISCAY
1086,2021-08-20,249.7963125,775.3663884310425,-491.7145348144975,-33.855541116545055,76.19230518678961,17.460878056603,67.76475824903956,14.774363694357426,False,-0.0824051674236387,BAY_OF_BISCAY
1087,2021-08-28,249.7963125,762.2565599636935,-477.0843948524717,-35.375852611221774,76.19230518678961,17.460878056603,67.76475824903956,14.774363694357426,False,-0.0824051674236387,BAY_OF_BISCAY
1088,2021-09-04,256.3103125,749.6309379026482,-462.5145687366785,-30.806056665969663,76.19230518678961,17.460878056603,67.76475824903956,14.774363694357426,False,-0.0824051674236387,BAY_OF_BISCAY
1089,2021-09-12,420.7179375,737.5527611135867,-368.1615630802351,51.32673946664835,76.19230518678961,17.460878056603,67.76475824903956,14.774363694357426,False,-0.0824051674236387,BAY_OF_BISCAY
1090,2021-09-20,421.82,726.0779952323351,-348.81433053213925,44.556335299804175,76.19230518678961,17.460878056603,67.76475824903956,14.774363694357426,False,-0.0824051674236387,BAY_OF_BISCAY
1091,2021-09-28,480.1346875,715.2542758649805,-284.4696411011139,49.35005273613342,76.19230518678961,17.460878056603,67.76475824903956,14.774363694357426,False,-0.0824051674236387,BAY_OF_BISCAY
1092,2021-10-04,421.82,705.1219182582566,-235.34395332380672,-47.95796493444993,76.19230518678961,17.460878056603,67.76475824903956,14.774363694357426,False,-0.0824051674236387,BAY_OF_BISCAY
1093,2021-10-12,356.0065625,695.711990835368,-268.5385112146989,-71.16691712066921,76.19230518678961,17.460878056603,67.76475824903956,14.774363694357426,False,-0.0824051674236387,BAY_OF_BISCAY
1094,2021-10-20,306.639,687.0434771377151,-294.02048255590245,-86.3839945818126,76.19230518678961,17.460878056603,67.76475824903956,14.774363694357426,False,-0.0824051674236387,BAY_OF_BISCAY
1095,2021-10-28,306.639,679.1144152501744,-306.6865382130825,-65.78887703709188,76.19230518678961,17.460878056603,67.76475824903956,14.774363694357426,False,-0.0824051674236387,BAY_OF_BISCAY
1096,2021-11-04,438.3619375,671.9027628366227,-245.7363282125964,12.195502875973688,76.19230518678961,17.460878056603,67.76475824903956,14.774363694357426,False,-0.0824051674236387,BAY_OF_BISCAY
1097,2021-11-12,491.1601875,665.3806804862222,-253.16702264750168,78.94652966127947,76.19230518678961,17.460878056603,67.76475824903956,14.774363694357426,False,-0.0824051674236387,BAY_OF_BISCAY
1098,2021-11-20,491.1601875,659.5095286318245,-205.4181670368903,37.06882590506578,76.19230518678961,17.460878056603,67.76475824903956,14.774363694357426,False,-0.0824051674236387,BAY_OF_BISCAY
1099,2021-11-28,668.05325,654.2349503371427,-71.08741562744852,84.9057152903059,76.19230518678961,17.460878056603,67.76475824903956,14.774363694357426,False,-0.0824051674236387,BAY_OF_BISCAY
1100,2021-12-04,1047.871875,649.4903191424295,153.20306415383598,245.17849170373455,76.19230518678961,17.460878056603,67.76475824903956,14.774363694357426,False,-0.0824051674236387,BAY_OF_BISCAY
1101,2021-12-12,1047.871875,645.2090283775655,400.73688648982034,1.92596013261425,76.19230518678961,17.460878056603,67.76475824903956,14.774363694357426,False,-0.0824051674236387,BAY_OF_BISCAY
1102,2021-12-20,1634.5810714285712,641.327787840759,824.388540674139,168.86474291367324,76.19230518678961,17.460878056603,67.76475824903956,14.774363694357426,False,-0.0824051674236387,BAY_OF_BISCAY
1103,2021-12-28,1492.7210625,637.7999212553331,726.7468613515373,128.17427989312966,76.19230518678961,17.460878056603,67.76475824903956,14.774363694357426,False,-0.0824051674236387,BAY_OF_BISCAY
1104,2022-01-04,1634.5810714285712,634.5948213001142,797.4570425205249,202.52920760793225,76.19230518678961,17.460878056603,67.76475824903956,14.774363694357426,False,-0.0824051674236387,BAY_OF_BISCAY
1105,2022-01-12,1492.7210625,631.7047795916245,761.6704506409353,99.3458322674402,76.19230518678961,17.460878056603,67.76475824903956,14.774363694357426,False,-0.0824051674236387,BAY_OF_BISCAY
1106,2022-01-20,1211.1418125,629.1380632908301,675.9812142834724,-93.97746507430249,76.19230518678961,17.460878056603,67.76475824903956,14.774363694357426,False,-0.0824051674236387,BAY_OF_BISCAY
1107,2022-01-28,896.7007857142856,626.9046747697089,992.1611079233676,-722.3649969787909,76.19230518678961,17.460878056603,67.76475824903956,14.774363694357426,False,-0.0824051674236387,BAY_OF_BISCAY
1108,2022-02-04,646.3960625,625.0193161795542,723.6971140011558,-702.32036768071,76.19230518678961,17.460878056603,67.76475824903956,14.774363694357426,False,-0.0824051674236387,BAY_OF_BISCAY
1109,2022-02-12,646.3960625,623.5154115623545,627.6016224504222,-604.7209715127767,76.19230518678961,17.460878056603,67.76475824903956,14.774363694357426,False,-0.0824051674236387,BAY_OF_BISCAY
1110,2022-02-20,960.701375,622.4069559032445,373.64652289854246,-35.35210380178694,76.19230518678961,17.460878056603,67.76475824903956,14.774363694357426,False,-0.0824051674236387,BAY_OF_BISCAY
1111,2022-02-28,960.701375,621.6791812455007,256.5502436435078,82.47195011099149,76.19230518678961,17.460878056603,67.76475824903956,14.774363694357426,False,-0.0824051674236387,BAY_OF_BISCAY
1112,2022-03-04,960.701375,621.2838141792939,203.7999476264717,135.61761319423434,76.19230518678961,17.460878056603,67.76475824903956,14.774363694357426,False,-0.0824051674236387,BAY_OF_BISCAY
1113,2022-03-12,1168.639125,621.1583496663446,482.4944962002857,64.98627913336958,76.19230518678961,17.460878056603,67.76475824903956,14.774363694357426,False,-0.0824051674236387,BAY_OF_BISCAY
1114,2022-03-20,1168.639125,621.2144095799941,466.6290196732399,80.79569574676589,76.19230518678961,17.460878056603,67.76475824903956,14.774363694357426,False,-0.0824051674236387,BAY_OF_BISCAY
1115,2022-03-28,845.6785625,621.3444178511093,155.6141397558825,68.72000489300825,76.19230518678961,17.460878056603,67.76475824903956,14.774363694357426,False,-0.0824051674236387,BAY_OF_BISCAY
1116,2022-04-04,795.5479375,621.4422916352021,78.24270928506178,95.86293657973611,76.19230518678961,17.460878056603,67.76475824903956,14.774363694357426,False,-0.0824051674236387,BAY_OF_BISCAY
1117,2022-04-12,795.5479375,621.4016734114662,24.143933776807238,150.00233031172658,76.19230518678961,17.460878056603,67.76475824903956,14.774363694357426,False,-0.0824051674236387,BAY_OF_BISCAY
1118,2022-04-20,795.5479375,621.1130317301256,-6.242013033857512,180.6769188037319,76.19230518678961,17.460878056603,67.76475824903956,14.774363694357426,False,-0.0824051674236387,BAY_OF_BISCAY
1119,2022-04-28,794.22625,620.4645722904671,-3.1880532159767934,176.94973092550973,76.19230518678961,17.460878056603,67.76475824903956,14.774363694357426,False,-0.0824051674236387,BAY_OF_BISCAY
1120,2022-05-04,794.22625,619.3457442804672,1.4980522128076756,173.38245350672517,76.19230518678961,17.460878056603,67.76475824903956,14.774363694357426,False,-0.0824051674236387,BAY_OF_BISCAY
1121,2022-05-12,599.4996874999999,617.6626129078865,-45.77721602301221,27.61429061512569,76.19230518678961,17.460878056603,67.76475824903956,14.774363694357426,False,-0.0824051674236387,BAY_OF_BISCAY
1122,2022-05-20,540.511,615.3372283694705,-83.41360283613186,8.58737446666133,76.19230518678961,17.460878056603,67.76475824903956,14.774363694357426,False,-0.0824051674236387,BAY_OF_BISCAY
1123,2022-05-28,410.0448571428572,612.3092519882476,-163.96317997570492,-38.30121486968551,76.19230518678961,17.460878056603,67.76475824903956,14.774363694357426,False,-0.0824051674236387,BAY_OF_BISCAY
1124,2022-06-04,394.9349375,608.5296039432443,-200.27587827585512,-13.318788167389188,76.19230518678961,17.460878056603,67.76475824903956,14.774363694357426,False,-0.0824051674236387,BAY_OF_BISCAY
1125,2022-06-12,305.8911875,603.9592488302172,-272.06673629675583,-26.0013250334614,76.19230518678961,17.460878056603,67.76475824903956,14.774363694357426,False,-0.0824051674236387,BAY_OF_BISCAY
1126,2022-06-20,305.8911875,598.5664549159302,-271.55611435403137,-21.119153061898828,76.19230518678961,17.460878056603,67.76475824903956,14.774363694357426,False,-0.0824051674236387,BAY_OF_BISCAY
1127,2022-06-28,238.5179375,592.3301347094443,-309.78687078013326,-44.025326429311065,76.19230518678961,17.460878056603,67.76475824903956,14.774363694357426,False,-0.0824051674236387,BAY_OF_BISCAY
1128,2022-07-04,238.5179375,585.2474148388545,-327.9069776897517,-18.82249964910278,76.19230518678961,17.460878056603,67.76475824903956,14.774363694357426,False,-0.0824051674236387,BAY_OF_BISCAY
1129,2022-07-12,235.4790625,577.3367416614941,-365.33012978793175,23.47245062643765,76.19230518678961,17.460878056603,67.76475824903956,14.774363694357426,False,-0.0824051674236387,BAY_OF_BISCAY
1130,2022-07-20,203.4054375,568.6353364384695,-398.95515286473466,33.72525392626517,76.19230518678961,17.460878056603,67.76475824903956,14.774363694357426,False,-0.0824051674236387,BAY_OF_BISCAY
1131,2022-07-28,198.89121428571428,559.1976656629922,-451.0014733801813,90.6950220029034,76.19230518678961,17.460878056603,67.76475824903956,14.774363694357426,False,-0.0824051674236387,BAY_OF_BISCAY
1132,2022-08-04,159.3556875,549.0920017850104,-457.22875340665576,67.4924391216453,76.19230518678961,17.460878056603,67.76475824903956,14.774363694357426,False,-0.0824051674236387,BAY_OF_BISCAY
1133,2022-08-12,159.3556875,538.3964114503914,-458.975278017398,79.93455406700662,76.19230518678961,17.460878056603,67.76475824903956,14.774363694357426,False,-0.0824051674236387,BAY_OF_BISCAY
1134,2022-08-20,150.8321875,527.2010960219454,-467.963123123248,91.5942146013026,76.19230518678961,17.460878056603,67.76475824903956,14.774363694357426,False,-0.0824051674236387,BAY_OF_BISCAY
1135,2022-08-28,164.0131875,515.6063280078621,-460.9770172780813,109.38387677021916,76.19230518678961,17.460878056603,67.76475824903956,14.774363694357426,False,-0.0824051674236387,BAY_OF_BISCAY
1136,2022-09-04,164.0131875,503.7221627321169,-463.6727155033674,123.96374027125051,76.19230518678961,17.460878056603,67.76475824903956,14.774363694357426,False,-0.0824051674236387,BAY_OF_BISCAY
1137,2022-09-12,164.0131875,491.6693590136438,-429.8140717711189,102.15790025747508,76.19230518678961,17.460878056603,67.76475824903956,14.774363694357426,False,-0.0824051674236387,BAY_OF_BISCAY
1138,2022-09-20,169.8899375,479.5776259289599,-426.5994467600581,116.9117583310982,76.19230518678961,17.460878056603,67.76475824903956,14.774363694357426,False,-0.0824051674236387,BAY_OF_BISCAY
1139,2022-09-28,192.12316666666663,467.58372303850354,-404.3044124843816,128.8438561125447,76.19230518678961,17.460878056603,67.76475824903956,14.774363694357426,False,-0.0824051674236387,BAY_OF_BISCAY
1140,2022-10-04,192.12316666666663,455.8276371578119,-424.5075371969724,160.80306670582718,76.19230518678961,17.460878056603,67.76475824903956,14.774363694357426,False,-0.0824051674236387,BAY_OF_BISCAY
1141,2022-10-12,193.6298125,444.4513970948052,-442.3390584622628,191.5174738674576,76.19230518678961,17.460878056603,67.76475824903956,14.774363694357426,False,-0.0824051674236387,BAY_OF_BISCAY
1142,2022-10-20,193.6298125,433.5981504411485,-448.70507179388926,208.7367338527408,76.19230518678961,17.460878056603,67.76475824903956,14.774363694357426,False,-0.0824051674236387,BAY_OF_BISCAY
1143,2022-10-28,193.6298125,423.415244565118,-312.2790360303111,82.49360396519307,76.19230518678961,17.460878056603,67.76475824903956,14.774363694357426,False,-0.0824051674236387,BAY_OF_BISCAY
1144,2022-11-04,182.7666875,414.04301287039215,181.73265590025983,-413.008981270652,76.19230518678961,17.460878056603,67.76475824903956,14.774363694357426,False,-0.0824051674236387,BAY_OF_BISCAY
1145,2022-11-12,182.7666875,405.580428045922,188.02076755760203,-410.83450810352406,76.19230518678961,17.460878056603,67.76475824903956,14.774363694357426,False,-0.0824051674236387,BAY_OF_BISCAY
1146,2022-11-20,306.3856875,398.09802991429217,11.484837154455894,-103.19717956874804,76.19230518678961,17.460878056603,67.76475824903956,14.774363694357426,False,-0.0824051674236387,BAY_OF_BISCAY
1147,2022-11-28,490.2761666666666,391.6640443295624,142.79324426250767,-44.18112192540346,76.19230518678961,17.460878056603,67.76475824903956,14.774363694357426,False,-0.0824051674236387,BAY_OF_BISCAY
1148,2022-12-04,507.7511875,386.345637058237,376.704626930036,-255.29907648827293,76.19230518678961,17.460878056603,67.76475824903956,14.774363694357426,False,-0.0824051674236387,BAY_OF_BISCAY
1149,2022-12-12,598.1001875,382.2026750184017,456.20184203782446,-240.3043295562262,76.19230518678961,17.460878056603,67.76475824903956,14.774363694357426,False,-0.0824051674236387,BAY_OF_BISCAY
1150,2022-12-20,598.1001875,379.2880984288543,599.7441732955787,-380.932084224433,76.19230518678961,17.460878056603,67.76475824903956,14.774363694357426,False,-0.0824051674236387,BAY_OF_BISCAY
1151,2022-12-28,495.129504762639,377.6438645097194,269.3990739520422,-151.9134336991226,76.19230518678961,17.460878056603,67.76475824903956,14.774363694357426,False,-0.0824051674236387,BAY_OF_BISCAY
1152,2023-01-04,495.129504762639,377.3248039294965,304.31732746640137,-186.5126266332589,76.19230518678961,17.460878056603,67.76475824903956,14.774363694357426,False,-0.0824051674236387,BAY_OF_BISCAY
1153,2023-01-12,898.7642500000001,378.3848042978121,472.12943533407855,48.25001036810937,76.19230518678961,17.460878056603,67.76475824903956,14.774363694357426,False,-0.0824051674236387,BAY_OF_BISCAY
1154,2023-01-20,1119.642928571429,380.8746138671764,513.6504286713174,225.11788603293496,76.19230518678961,17.460878056603,67.76475824903956,14.774363694357426,False,-0.0824051674236387,BAY_OF_BISCAY
1155,2023-01-28,1119.642928571429,384.8317026902081,342.8381103543685,391.9731155268521,76.19230518678961,17.460878056603,67.76475824903956,14.774363694357426,False,-0.0824051674236387,BAY_OF_BISCAY
1156,2023-02-04,551.538125,390.2782342842664,-2.94305529439462,164.20294601012822,76.19230518678961,17.460878056603,67.76475824903956,14.774363694357426,False,-0.0824051674236387,BAY_OF_BISCAY
1157,2023-02-12,515.2785625,397.2157981349153,65.50999531908015,52.55276904600463,76.19230518678961,17.460878056603,67.76475824903956,14.774363694357426,False,-0.0824051674236387,BAY_OF_BISCAY
1158,2023-02-20,486.49975,405.6481778270066,221.69370624310352,-140.84213407011015,76.19230518678961,17.460878056603,67.76475824903956,14.774363694357426,False,-0.0824051674236387,BAY_OF_BISCAY
1159,2023-02-28,486.49975,415.5843283806652,500.7147119316934,-429.79929031235855,76.19230518678961,17.460878056603,67.76475824903956,14.774363694357426,False,-0.0824051674236387,BAY_OF_BISCAY
1160,2023-03-04,508.52025,427.0339898874837,511.2185094308648,-429.7322493183484,76.19230518678961,17.460878056603,67.76475824903956,14.774363694357426,False,-0.0824051674236387,BAY_OF_BISCAY
1161,2023-03-12,1442.2416875,439.993515306563,1028.3716797232505,-26.123507529813423,76.19230518678961,17.460878056603,67.76475824903956,14.774363694357426,False,-0.0824051674236387,BAY_OF_BISCAY
1162,2023-03-20,1442.2416875,454.45313442140935,720.2627738819895,267.5257791966011,76.19230518678961,17.460878056603,67.76475824903956,14.774363694357426,False,-0.0824051674236387,BAY_OF_BISCAY
1163,2023-03-28,975.085,470.4049434506331,395.47071375289306,109.20934279647388,76.19230518678961,17.460878056603,67.76475824903956,14.774363694357426,False,-0.0824051674236387,BAY_OF_BISCAY
1164,2023-04-04,881.901125,487.8380653094093,326.9986441467351,67.06441554385555,76.19230518678961,17.460878056603,67.76475824903956,14.774363694357426,False,-0.0824051674236387,BAY_OF_BISCAY
1165,2023-04-12,710.1711875,506.7357337288148,131.6428976440849,71.79255612710031,76.19230518678961,17.460878056603,67.76475824903956,14.774363694357426,False,-0.0824051674236387,BAY_OF_BISCAY
1166,2023-04-20,692.2008333333333,527.0767747910369,60.05487548277395,105.06918305952247,76.19230518678961,17.460878056603,67.76475824903956,14.774363694357426,False,-0.0824051674236387,BAY_OF_BISCAY
1167,2023-04-28,710.1711875,548.8345170556447,61.45744437802715,99.87922606632812,76.19230518678961,17.460878056603,67.76475824903956,14.774363694357426,False,-0.0824051674236387,BAY_OF_BISCAY
1168,2023-05-04,746.3570625,571.9721250374946,362.471491840776,-188.08655437827065,76.19230518678961,17.460878056603,67.76475824903956,14.774363694357426,False,-0.0824051674236387,BAY_OF_BISCAY
1169,2023-05-12,784.055875,596.4289196119274,316.81639215651467,-129.18943676844208,76.19230518678961,17.460878056603,67.76475824903956,14.774363694357426,False,-0.0824051674236387,BAY_OF_BISCAY
1170,2023-05-20,787.429375,622.1220274284776,189.2059698117172,-23.898622240194783,76.19230518678961,17.460878056603,67.76475824903956,14.774363694357426,False,-0.0824051674236387,BAY_OF_BISCAY
1171,2023-05-28,787.429375,648.9505318535992,50.12424932769164,88.35459381870925,76.19230518678961,17.460878056603,67.76475824903956,14.774363694357426,False,-0.0824051674236387,BAY_OF_BISCAY
1172,2023-06-04,765.4350625,676.8046065878355,-77.01734831877623,165.64780423094072,76.19230518678961,17.460878056603,67.76475824903956,14.774363694357426,False,-0.0824051674236387,BAY_OF_BISCAY
1173,2023-06-12,765.4350625,705.5695080273715,-122.12437380626032,181.9899282788888,76.19230518678961,17.460878056603,67.76475824903956,14.774363694357426,False,-0.0824051674236387,BAY_OF_BISCAY
1174,2023-06-20,765.4350625,735.1273703702016,-159.7238086929545,190.0315008227529,76.19230518678961,17.460878056603,67.76475824903956,14.774363694357426,False,-0.0824051674236387,BAY_OF_BISCAY
1175,2023-06-28,555.6808333333333,765.357006402822,-293.575732866296,83.89955979680735,76.19230518678961,17.460878056603,67.76475824903956,14.774363694357426,False,-0.0824051674236387,BAY_OF_BISCAY
1176,2023-07-04,446.210125,796.132626050899,-394.9329192027328,45.01041815183379,76.19230518678961,17.460878056603,67.76475824903956,14.774363694357426,False,-0.0824051674236387,BAY_OF_BISCAY
1177,2023-07-12,304.68937500000004,827.3250962113922,-497.5462311046262,-25.089490106765936,76.19230518678961,17.460878056603,67.76475824903956,14.774363694357426,False,-0.0824051674236387,BAY_OF_BISCAY
1178,2023-07-20,216.447125,858.8039815737192,-572.5180400379163,-69.83881653580283,76.19230518678961,17.460878056603,67.76475824903956,14.774363694357426,False,-0.0824051674236387,BAY_OF_BISCAY
1179,2023-07-28,216.447125,890.4383324698572,-600.2379415980092,-73.75326587184793,76.19230518678961,17.460878056603,67.76475824903956,14.774363694357426,False,-0.0824051674236387,BAY_OF_BISCAY
1180,2023-08-04,214.60014285714288,922.0976073869396,-624.5688650116632,-82.92859951813364,76.19230518678961,17.460878056603,67.76475824903956,14.774363694357426,False,-0.0824051674236387,BAY_OF_BISCAY
1181,2023-08-12,205.0184375,953.6530008781488,-641.742695345326,-106.89186803282291,76.19230518678961,17.460878056603,67.76475824903956,14.774363694357426,False,-0.0824051674236387,BAY_OF_BISCAY
1182,2023-08-20,205.0184375,984.9762171672724,-657.9520124819504,-122.00576718532191,76.19230518678961,17.460878056603,67.76475824903956,14.774363694357426,False,-0.0824051674236387,BAY_OF_BISCAY
1183,2023-08-28,205.0184375,1015.9414268209282,-671.9451326453697,-138.97785667555854,76.19230518678961,17.460878056603,67.76475824903956,14.774363694357426,False,-0.0824051674236387,BAY_OF_BISCAY
1184,2023-09-04,204.603625,1046.4257344840414,-654.1228842017701,-187.6992252822713,76.19230518678961,17.460878056603,67.76475824903956,14.774363694357426,False,-0.0824051674236387,BAY_OF_BISCAY
1185,2023-09-12,204.603625,1076.308115079968,-676.3901497782446,-195.31434030172352,76.19230518678961,17.460878056603,67.76475824903956,14.774363694357426,False,-0.0824051674236387,BAY_OF_BISCAY
1186,2023-09-20,231.04908333333333,1105.4698394629845,-674.6790785496584,-199.7416775799928,76.19230518678961,17.460878056603,67.76475824903956,14.774363694357426,False,-0.0824051674236387,BAY_OF_BISCAY
1187,2023-09-28,231.04908333333333,1133.7947936350895,-650.3854876405584,-252.360222661198,76.19230518678961,17.460878056603,67.76475824903956,14.774363694357426,False,-0.0824051674236387,BAY_OF_BISCAY
1188,2023-10-04,222.1175,1161.1698038045602,-634.1172003853433,-304.93510341921683,76.19230518678961,17.460878056603,67.76475824903956,14.774363694357426,False,-0.0824051674236387,BAY_OF_BISCAY
1189,2023-10-12,222.1175,1187.4833087108395,-573.9753651250629,-391.39044358577655,76.19230518678961,17.460878056603,67.76475824903956,14.774363694357426,False,-0.0824051674236387,BAY_OF_BISCAY
1190,2023-10-20,247.709462632908,1212.622730615408,-490.0312469698834,-474.8820210126166,76.19230518678961,17.460878056603,67.76475824903956,14.774363694357426,False,-0.0824051674236387,BAY_OF_BISCAY
1191,2023-10-28,794.3067919368314,1236.470915488419,-221.63322975134008,-220.53089380024755,76.19230518678961,17.460878056603,67.76475824903956,14.774363694357426,False,-0.0824051674236387,BAY_OF_BISCAY
1192,2023-11-04,2674.598125,1258.90939913391,599.7300940954608,815.9586317706292,76.19230518678961,17.460878056603,67.76475824903956,14.774363694357426,False,-0.0824051674236387,BAY_OF_BISCAY
1193,2023-11-12,2674.598125,1279.83429773946,582.5542824292751,812.2095448312649,76.19230518678961,17.460878056603,67.76475824903956,14.774363694357426,False,-0.0824051674236387,BAY_OF_BISCAY
1194,2023-11-20,1746.0611875,1299.151229567318,162.61281005019205,284.29714788248987,76.19230518678961,17.460878056603,67.76475824903956,14.774363694357426,False,-0.0824051674236387,BAY_OF_BISCAY
1195,2023-11-28,1746.0611875,1316.7815090445897,205.53847342593755,223.74120502947292,76.19230518678961,17.460878056603,67.76475824903956,14.774363694357426,False,-0.0824051674236387,BAY_OF_BISCAY
1196,2023-12-04,2280.85,1332.6644891254318,484.387242069958,463.7982688046101,76.19230518678961,17.460878056603,67.76475824903956,14.774363694357426,False,-0.0824051674236387,BAY_OF_BISCAY
1197,2023-12-12,2430.138990678516,1346.7503823993522,609.6828439998081,473.7057642793553,76.19230518678961,17.460878056603,67.76475824903956,14.774363694357426,False,-0.0824051674236387,BAY_OF_BISCAY
1198,2023-12-20,2430.138990678516,1358.9956077217932,663.572533727711,407.5708492290115,76.19230518678961,17.460878056603,67.76475824903956,14.774363694357426,False,-0.0824051674236387,BAY_OF_BISCAY
1199,2023-12-28,1464.7976492304542,1369.3685591081778,121.19374105951924,-25.76465093724282,76.19230518678961,17.460878056603,67.76475824903956,14.774363694357426,False,-0.0824051674236387,BAY_OF_BISCAY
1200,2024-01-04,1464.7976492304542,1377.8435204036175,103.85488413495078,-16.900755308114057,76.19230518678961,17.460878056603,67.76475824903956,14.774363694357426,False,-0.0824051674236387,BAY_OF_BISCAY
1201,2024-01-12,1467.9964077094323,1384.4044985932403,204.12250487559703,-120.530595759405,76.19230518678961,17.460878056603,67.76475824903956,14.774363694357426,False,-0.0824051674236387,BAY_OF_BISCAY
1202,2024-01-20,1467.9964077094323,1389.047867396444,257.2992054803533,-178.35066516736492,76.19230518678961,17.460878056603,67.76475824903956,14.774363694357426,False,-0.0824051674236387,BAY_OF_BISCAY
1203,2024-01-28,1093.8031488938277,1391.7913919269906,-24.11459691127515,-273.873646121888,76.19230518678961,17.460878056603,67.76475824903956,14.774363694357426,False,-0.0824051674236387,BAY_OF_BISCAY
1204,2024-02-04,1093.8031488938277,1392.6711808188973,-165.65670604750466,-133.21132587756512,76.19230518678961,17.460878056603,67.76475824903956,14.774363694357426,False,-0.0824051674236387,BAY_OF_BISCAY
1205,2024-02-12,1437.5908283986666,1391.728401417022,84.41440448266042,-38.55197750101581,76.19230518678961,17.460878056603,67.76475824903956,14.774363694357426,False,-0.0824051674236387,BAY_OF_BISCAY
1206,2024-02-20,1804.4130852825256,1388.9966507205029,354.3726840526265,61.04375050939666,76.19230518678961,17.460878056603,67.76475824903956,14.774363694357426,False,-0.0824051674236387,BAY_OF_BISCAY
1207,2024-02-28,2920.3513346549207,1384.5058768294732,1194.0407721424303,341.8046856830172,76.19230518678961,17.460878056603,67.76475824903956,14.774363694357426,False,-0.0824051674236387,BAY_OF_BISCAY
1208,2024-03-04,2920.3513346549207,1378.2778610352198,1202.0189820166022,340.0544916030988,76.19230518678961,17.460878056603,67.76475824903956,14.774363694357426,False,-0.0824051674236387,BAY_OF_BISCAY
1209,2024-03-12,2916.079389782117,1370.339511850943,1434.486640242131,111.25323768904286,76.19230518678961,17.460878056603,67.76475824903956,14.774363694357426,False,-0.0824051674236387,BAY_OF_BISCAY
1210,2024-03-20,1685.0413922608043,1360.7503903220088,514.1851141832982,-189.89411224450248,76.19230518678961,17.460878056603,67.76475824903956,14.774363694357426,False,-0.0824051674236387,BAY_OF_BISCAY
1211,2024-03-28,1645.4522475557924,1349.619744104687,370.8535367484865,-75.02103329738117,76.19230518678961,17.460878056603,67.76475824903956,14.774363694357426,False,-0.0824051674236387,BAY_OF_BISCAY
1212,2024-04-04,1612.921331273633,1337.0862274854724,325.64751127632314,-49.81240748816242,76.19230518678961,17.460878056603,67.76475824903956,14.774363694357426,False,-0.0824051674236387,BAY_OF_BISCAY
1213,2024-04-12,1185.647971836128,1323.3018983372297,-36.91383819896597,-100.74008830213576,76.19230518678961,17.460878056603,67.76475824903956,14.774363694357426,False,-0.0824051674236387,BAY_OF_BISCAY
1214,2024-04-20,953.9820833333332,1308.436322837064,-216.94922259556,-137.50501690817063,76.19230518678961,17.460878056603,67.76475824903956,14.774363694357426,False,-0.0824051674236387,BAY_OF_BISCAY
1215,2024-04-28,953.9820833333332,1292.6757980406276,-214.11631760981405,-124.5773970974802,76.19230518678961,17.460878056603,67.76475824903956,14.774363694357426,False,-0.0824051674236387,BAY_OF_BISCAY
1216,2024-05-04,2134.929,1276.218565490028,687.6122458162433,171.09818869372884,76.19230518678961,17.460878056603,67.76475824903956,14.774363694357426,False,-0.0824051674236387,BAY_OF_BISCAY
1217,2024-05-12,2134.929,1259.2588910911595,711.1193133298867,164.55079557895365,76.19230518678961,17.460878056603,67.76475824903956,14.774363694357426,False,-0.0824051674236387,BAY_OF_BISCAY
1218,2024-05-20,1730.3425,1241.986397913205,419.8670500242768,68.48905206251789,76.19230518678961,17.460878056603,67.76475824903956,14.774363694357426,False,-0.0824051674236387,BAY_OF_BISCAY
1219,2024-05-28,1345.5582142857145,1224.6015412423826,140.0891530576978,-19.13248001436617,76.19230518678961,17.460878056603,67.76475824903956,14.774363694357426,False,-0.0824051674236387,BAY_OF_BISCAY
1220,2024-06-04,936.4375625,1207.316805565437,-162.25069107654716,-108.62855198889017,76.19230518678961,17.460878056603,67.76475824903956,14.774363694357426,False,-0.0824051674236387,BAY_OF_BISCAY
1221,2024-06-12,890.0974375000001,1190.3539212185533,-186.30442783730425,-113.95205588124898,76.19230518678961,17.460878056603,67.76475824903956,14.774363694357426,False,-0.0824051674236387,BAY_OF_BISCAY
1222,2024-06-20,783.740125,1173.9353743424108,-257.1330745707613,-133.06217477164944,76.19230518678961,17.460878056603,67.76475824903956,14.774363694357426,False,-0.0824051674236387,BAY_OF_BISCAY
1223,2024-06-28,767.5265833333333,1158.276516169407,-316.7594478562883,-73.99048497978532,76.19230518678961,17.460878056603,67.76475824903956,14.774363694357426,False,-0.0824051674236387,BAY_OF_BISCAY
1224,2024-07-04,603.2886874999999,1143.5765392899054,-464.92511251186585,-75.36273927803967,76.19230518678961,17.460878056603,67.76475824903956,14.774363694357426,False,-0.0824051674236387,BAY_OF_BISCAY
1225,2024-07-12,497.192125,1130.0123426513726,-578.0234538210236,-54.79676383034894,76.19230518678961,17.460878056603,67.76475824903956,14.774363694357426,False,-0.0824051674236387,BAY_OF_BISCAY
1226,2024-07-20,422.848,1117.736833118628,-654.8579077238935,-40.0309253947346,76.19230518678961,17.460878056603,67.76475824903956,14.774363694357426,False,-0.0824051674236387,BAY_OF_BISCAY
1227,2024-07-28,330.3423571428571,1106.875895485833,-724.1773989194642,-52.35613942351188,76.19230518678961,17.460878056603,67.76475824903956,14.774363694357426,False,-0.0824051674236387,BAY_OF_BISCAY
1228,2024-08-04,294.887,1097.5285765869603,-752.1315542417053,-50.51002234525527,76.19230518678961,17.460878056603,67.76475824903956,14.774363694357426,False,-0.0824051674236387,BAY_OF_BISCAY
1229,2024-08-12,280.8275625,1089.7665510966035,-766.9511714416242,-41.987817154979325,76.19230518678961,17.460878056603,67.76475824903956,14.774363694357426,False,-0.0824051674236387,BAY_OF_BISCAY
1230,2024-08-20,272.938,1083.6323224933124,-775.7252912507123,-34.96903124260007,76.19230518678961,17.460878056603,67.76475824903956,14.774363694357426,False,-0.0824051674236387,BAY_OF_BISCAY
1231,2024-08-28,280.8275625,1079.138211012549,-773.6216264224232,-24.68902209012572,76.19230518678961,17.460878056603,67.76475824903956,14.774363694357426,False,-0.0824051674236387,BAY_OF_BISCAY
1232,2024-09-04,453.654,1076.2665081163286,-648.8358563860593,26.22334826973065,76.19230518678961,17.460878056603,67.76475824903956,14.774363694357426,False,-0.0824051674236387,BAY_OF_BISCAY
1233,2024-09-12,453.654,1074.9686674731067,-654.4236441918708,33.1089767187641,76.19230518678961,17.460878056603,67.76475824903956,14.774363694357426,False,-0.0824051674236387,BAY_OF_BISCAY
1234,2024-09-20,453.654,1075.1673783139051,-654.1800061885683,32.66662787466316,76.19230518678961,17.460878056603,67.76475824903956,14.774363694357426,False,-0.0824051674236387,BAY_OF_BISCAY
1235,2024-09-28,562.6564166666667,1076.7611667071037,-579.4836693182972,65.3789192778604,76.19230518678961,17.460878056603,67.76475824903956,14.774363694357426,False,-0.0824051674236387,BAY_OF_BISCAY
1236,2024-10-04,688.135625,1079.6270699818836,-495.2453615515686,103.75391656968505,76.19230518678961,17.460878056603,67.76475824903956,14.774363694357426,False,-0.0824051674236387,BAY_OF_BISCAY
1237,2024-10-12,963.5690625,1083.6240560840638,-296.7754263926661,176.72043280860237,76.19230518678961,17.460878056603,67.76475824903956,14.774363694357426,False,-0.0824051674236387,BAY_OF_BISCAY
1238,2024-10-20,1272.7605,1088.5987071777188,-66.93292051948882,251.09471334177013,76.19230518678961,17.460878056603,67.76475824903956,14.774363694357426,False,-0.0824051674236387,BAY_OF_BISCAY
1239,2024-10-28,1272.7605,1094.393160302065,61.04879753012282,117.31854216781196,76.19230518678961,17.460878056603,67.76475824903956,14.774363694357426,False,-0.0824051674236387,BAY_OF_BISCAY
1240,2024-11-04,851.8059375,1100.864233498424,206.63228886547225,-455.6905848638962,76.19230518678961,17.460878056603,67.76475824903956,14.774363694357426,False,-0.0824051674236387,BAY_OF_BISCAY
1241,2024-11-12,851.8059375,1107.9179686838168,197.8235439364024,-453.9355751202191,76.19230518678961,17.460878056603,67.76475824903956,14.774363694357426,False,-0.0824051674236387,BAY_OF_BISCAY
1242,2024-11-20,967.4165625,1115.5034459748406,43.58760420429015,-191.6744876791307,76.19230518678961,17.460878056603,67.76475824903956,14.774363694357426,False,-0.0824051674236387,BAY_OF_BISCAY
1243,2024-11-28,1001.989875,1123.5578507374987,60.74535762401584,-182.31333336151457,76.19230518678961,17.460878056603,67.76475824903956,14.774363694357426,False,-0.0824051674236387,BAY_OF_BISCAY
1244,2024-12-04,1061.568166666667,1131.9989844726404,230.4395128859894,-300.8703306919631,76.19230518678961,17.460878056603,67.76475824903956,14.774363694357426,False,-0.0824051674236387,BAY_OF_BISCAY
1245,2024-12-12,1196.084,1140.7468190592588,360.09128865179184,-304.7541077110505,76.19230518678961,17.460878056603,67.76475824903956,14.774363694357426,False,-0.0824051674236387,BAY_OF_BISCAY
1246,2024-12-20,1430.7776428571428,1149.7242969721528,527.7246758026624,-246.67132991767244,76.19230518678961,17.460878056603,67.76475824903956,14.774363694357426,False,-0.0824051674236387,BAY_OF_BISCAY
1247,2024-12-28,1313.4308214285716,1158.842311224444,190.21150766988947,-35.62299746576198,76.19230518678961,17.460878056603,67.76475824903956,14.774363694357426,False,-0.0824051674236387,BAY_OF_BISCAY
0,1999-01-04,708.881125,615.9444386888288,377.7855514626211,-284.84886515144984,67.55668281722,26.97783778471061,61.40951634165237,11.61264587363702,False,-0.5208701337043296,BAY_OF_SEINE
1,1999-01-12,734.013375,617.97853750193,236.71340541347783,-120.6785679154078,67.55668281722,26.97783778471061,61.40951634165237,11.61264587363702,False,-0.5208701337043296,BAY_OF_SEINE
2,1999-01-20,918.0107142857142,619.9830100465522,293.6046053244431,4.423098914718935,67.55668281722,26.97783778471061,61.40951634165237,11.61264587363702,False,-0.5208701337043296,BAY_OF_SEINE
3,1999-01-28,933.246875,621.9058773578672,277.53042676868574,33.81057087344709,67.55668281722,26.97783778471061,61.40951634165237,11.61264587363702,False,-0.5208701337043296,BAY_OF_SEINE
4,1999-02-04,922.21,623.7113149309705,267.7191048073073,30.77958026172223,67.55668281722,26.97783778471061,61.40951634165237,11.61264587363702,False,-0.5208701337043296,BAY_OF_SEINE
5,1999-02-12,953.95225,625.3739488112946,361.7152936615538,-33.136992472848306,67.55668281722,26.97783778471061,61.40951634165237,11.61264587363702,False,-0.5208701337043296,BAY_OF_SEINE
6,1999-02-20,1069.643625,626.8711448409076,481.109218752397,-38.33673859330469,67.55668281722,26.97783778471061,61.40951634165237,11.61264587363702,False,-0.5208701337043296,BAY_OF_SEINE
7,1999-02-28,1471.387625,628.1786055390559,793.4140379581567,49.79498150278755,67.55668281722,26.97783778471061,61.40951634165237,11.61264587363702,False,-0.5208701337043296,BAY_OF_SEINE
8,1999-03-04,1560.18575,629.2774170163848,846.1966468246939,84.71168615892145,67.55668281722,26.97783778471061,61.40951634165237,11.61264587363702,False,-0.5208701337043296,BAY_OF_SEINE
9,1999-03-12,1471.387625,630.1579496397766,732.3244470344985,108.90522832572503,67.55668281722,26.97783778471061,61.40951634165237,11.61264587363702,False,-0.5208701337043296,BAY_OF_SEINE
10,1999-03-20,1224.72525,630.8239088183448,454.2078235370535,139.69351764460168,67.55668281722,26.97783778471061,61.40951634165237,11.61264587363702,False,-0.5208701337043296,BAY_OF_SEINE
11,1999-03-28,924.8182857142856,631.2983455067189,227.9704660032863,65.54947420428053,67.55668281722,26.97783778471061,61.40951634165237,11.61264587363702,False,-0.5208701337043296,BAY_OF_SEINE
12,1999-04-04,722.668375,631.6136939007167,69.36418087485873,21.69050022442451,67.55668281722,26.97783778471061,61.40951634165237,11.61264587363702,False,-0.5208701337043296,BAY_OF_SEINE
13,1999-04-12,722.668375,631.8023443418431,93.23321373705096,-2.367183078894086,67.55668281722,26.97783778471061,61.40951634165237,11.61264587363702,False,-0.5208701337043296,BAY_OF_SEINE
14,1999-04-20,761.3503333333333,631.8930481938603,121.16968537298192,8.287599766491084,67.55668281722,26.97783778471061,61.40951634165237,11.61264587363702,False,-0.5208701337043296,BAY_OF_SEINE
15,1999-04-28,761.3503333333333,631.9115392201367,119.73617253767408,9.70262157552257,67.55668281722,26.97783778471061,61.40951634165237,11.61264587363702,False,-0.5208701337043296,BAY_OF_SEINE
16,1999-05-04,526.66125,631.8810369271426,-82.05180256508041,-23.16798436206224,67.55668281722,26.97783778471061,61.40951634165237,11.61264587363702,False,-0.5208701337043296,BAY_OF_SEINE
17,1999-05-12,526.66125,631.8199792895606,-89.12870551662198,-16.03002377293862,67.55668281722,26.97783778471061,61.40951634165237,11.61264587363702,False,-0.5208701337043296,BAY_OF_SEINE
18,1999-05-20,472.740875,631.7409454152086,-161.39317332370646,2.393102908497923,67.55668281722,26.97783778471061,61.40951634165237,11.61264587363702,False,-0.5208701337043296,BAY_OF_SEINE
19,1999-05-28,440.87514285714286,631.6512603210641,-186.9208254722293,-3.855291991691957,67.55668281722,26.97783778471061,61.40951634165237,11.61264587363702,False,-0.5208701337043296,BAY_OF_SEINE
20,1999-06-04,406.810125,631.551089075548,-219.99538379550967,-4.745580280038382,67.55668281722,26.97783778471061,61.40951634165237,11.61264587363702,False,-0.5208701337043296,BAY_OF_SEINE
21,1999-06-12,372.171625,631.4334178524043,-247.6752048079113,-11.58658804449297,67.55668281722,26.97783778471061,61.40951634165237,11.61264587363702,False,-0.5208701337043296,BAY_OF_SEINE
22,1999-06-20,306.129,631.2858493709152,-333.6126817218368,8.455832350921582,67.55668281722,26.97783778471061,61.40951634165237,11.61264587363702,False,-0.5208701337043296,BAY_OF_SEINE
23,1999-06-28,306.129,631.0944042773986,-335.35343931631974,10.388035038921204,67.55668281722,26.97783778471061,61.40951634165237,11.61264587363702,False,-0.5208701337043296,BAY_OF_SEINE
24,1999-07-04,347.496375,630.8454897857357,-293.1013770245129,9.752262238777178,67.55668281722,26.97783778471061,61.40951634165237,11.61264587363702,False,-0.5208701337043296,BAY_OF_SEINE
25,1999-07-12,347.496375,630.525828430996,-271.325711092905,-11.703742338090931,67.55668281722,26.97783778471061,61.40951634165237,11.61264587363702,False,-0.5208701337043296,BAY_OF_SEINE
26,1999-07-20,280.247125,630.121196046857,-311.3784442566436,-38.49562679021341,67.55668281722,26.97783778471061,61.40951634165237,11.61264587363702,False,-0.5208701337043296,BAY_OF_SEINE
27,1999-07-28,250.365375,629.6158477080897,-337.5294372383144,-41.721035469775416,67.55668281722,26.97783778471061,61.40951634165237,11.61264587363702,False,-0.5208701337043296,BAY_OF_SEINE
28,1999-08-04,250.365375,628.9944491743888,-338.464589275603,-40.16448489878587,67.55668281722,26.97783778471061,61.40951634165237,11.61264587363702,False,-0.5208701337043296,BAY_OF_SEINE
29,1999-08-12,250.365375,628.2442603126872,-362.283586181728,-15.595299130959177,67.55668281722,26.97783778471061,61.40951634165237,11.61264587363702,False,-0.5208701337043296,BAY_OF_SEINE
30,1999-08-20,249.04225,627.3580167966919,-365.4879158639383,-12.82785093275362,67.55668281722,26.97783778471061,61.40951634165237,11.61264587363702,False,-0.5208701337043296,BAY_OF_SEINE
31,1999-08-28,225.58825,626.3342712163889,-391.8983625202941,-8.847658696094754,67.55668281722,26.97783778471061,61.40951634165237,11.61264587363702,False,-0.5208701337043296,BAY_OF_SEINE
32,1999-09-04,225.58825,625.1773098501664,-388.9039681812376,-10.685091668928749,67.55668281722,26.97783778471061,61.40951634165237,11.61264587363702,False,-0.5208701337043296,BAY_OF_SEINE
33,1999-09-12,244.913,623.8971507829517,-369.7676501671915,-9.216500615760197,67.55668281722,26.97783778471061,61.40951634165237,11.61264587363702,False,-0.5208701337043296,BAY_OF_SEINE
34,1999-09-20,282.456375,622.5093057845517,-343.62481379669225,3.5718830121405745,67.55668281722,26.97783778471061,61.40951634165237,11.61264587363702,False,-0.5208701337043296,BAY_OF_SEINE
35,1999-09-28,317.981,621.0360698622446,-319.11706596754817,16.061996105303535,67.55668281722,26.97783778471061,61.40951634165237,11.61264587363702,False,-0.5208701337043296,BAY_OF_SEINE
36,1999-10-04,403.7335,619.5051002025607,-243.45647516587115,27.68487496331045,67.55668281722,26.97783778471061,61.40951634165237,11.61264587363702,False,-0.5208701337043296,BAY_OF_SEINE
37,1999-10-12,403.7335,617.9467148548788,-195.74691411182536,-18.46630074305344,67.55668281722,26.97783778471061,61.40951634165237,11.61264587363702,False,-0.5208701337043296,BAY_OF_SEINE
38,1999-10-20,365.67525,616.3883738909965,-228.3587016314885,-22.354422259508027,67.55668281722,26.97783778471061,61.40951634165237,11.61264587363702,False,-0.5208701337043296,BAY_OF_SEINE
39,1999-10-28,365.67525,614.8531360833767,-213.50479785914823,-35.67308822422848,67.55668281722,26.97783778471061,61.40951634165237,11.61264587363702,False,-0.5208701337043296,BAY_OF_SEINE
40,1999-11-04,360.2991428571429,613.3599111077075,-222.1419408136392,-30.918827436925483,67.55668281722,26.97783778471061,61.40951634165237,11.61264587363702,False,-0.5208701337043296,BAY_OF_SEINE
41,1999-11-12,334.86375,611.9238671268488,-183.1358660632145,-93.9242510636343,67.55668281722,26.97783778471061,61.40951634165237,11.61264587363702,False,-0.5208701337043296,BAY_OF_SEINE
42,1999-11-20,324.55816666666664,610.5519848027539,-194.2337032817329,-91.76011485435431,67.55668281722,26.97783778471061,61.40951634165237,11.61264587363702,False,-0.5208701337043296,BAY_OF_SEINE
43,1999-11-28,334.86375,609.245404599391,-113.2603292937653,-161.12132530562573,67.55668281722,26.97783778471061,61.40951634165237,11.61264587363702,False,-0.5208701337043296,BAY_OF_SEINE
44,1999-12-04,379.386,607.9990146143384,-80.77260349441683,-147.8404111199216,67.55668281722,26.97783778471061,61.40951634165237,11.61264587363702,False,-0.5208701337043296,BAY_OF_SEINE
45,1999-12-12,796.640875,606.8082531979926,186.12871088605064,3.7039109159568113,67.55668281722,26.97783778471061,61.40951634165237,11.61264587363702,False,-0.5208701337043296,BAY_OF_SEINE
46,1999-12-20,1337.765375,605.6819677964703,549.6497296374179,182.43367756611175,67.55668281722,26.97783778471061,61.40951634165237,11.61264587363702,False,-0.5208701337043296,BAY_OF_SEINE
47,1999-12-28,1819.8985,604.6498749823857,910.8872677026806,304.3613573149338,67.55668281722,26.97783778471061,61.40951634165237,11.61264587363702,False,-0.5208701337043296,BAY_OF_SEINE
48,2000-01-04,1819.8985,603.7584298413219,709.7055876790272,506.4344824796509,67.55668281722,26.97783778471061,61.40951634165237,11.61264587363702,False,-0.5208701337043296,BAY_OF_SEINE
49,2000-01-12,1186.14875,603.0534382477388,397.5641978016433,185.531113950618,67.55668281722,26.97783778471061,61.40951634165237,11.61264587363702,False,-0.5208701337043296,BAY_OF_SEINE
50,2000-01-20,867.83875,602.5640095062412,282.0271866976096,-16.752446203850752,67.55668281722,26.97783778471061,61.40951634165237,11.61264587363702,False,-0.5208701337043296,BAY_OF_SEINE
51,2000-01-28,764.001125,602.3231696314297,230.65432936545727,-68.97637399688693,67.55668281722,26.97783778471061,61.40951634165237,11.61264587363702,False,-0.5208701337043296,BAY_OF_SEINE
52,2000-02-04,764.001125,602.3639671878585,233.33263195510116,-71.69547414295965,67.55668281722,26.97783778471061,61.40951634165237,11.61264587363702,False,-0.5208701337043296,BAY_OF_SEINE
53,2000-02-12,1050.805,602.7159331733222,373.6885344993439,74.40053232733396,67.55668281722,26.97783778471061,61.40951634165237,11.61264587363702,False,-0.5208701337043296,BAY_OF_SEINE
54,2000-02-20,1187.2166,603.4096651271822,367.85801674599736,215.94891812682044,67.55668281722,26.97783778471061,61.40951634165237,11.61264587363702,False,-0.5208701337043296,BAY_OF_SEINE
55,2000-02-28,1236.936875,604.4870508691022,472.07951775723296,160.37030637366496,67.55668281722,26.97783778471061,61.40951634165237,11.61264587363702,False,-0.5208701337043296,BAY_OF_SEINE
56,2000-03-04,1187.2166,606.0030788097705,467.4476929081114,113.7658282821181,67.55668281722,26.97783778471061,61.40951634165237,11.61264587363702,False,-0.5208701337043296,BAY_OF_SEINE
57,2000-03-12,1003.500375,608.0213487665118,480.6798341216978,-85.20080788820962,67.55668281722,26.97783778471061,61.40951634165237,11.61264587363702,False,-0.5208701337043296,BAY_OF_SEINE
58,2000-03-20,636.28425,610.5922688867709,402.5472202018457,-376.8552390886165,67.55668281722,26.97783778471061,61.40951634165237,11.61264587363702,False,-0.5208701337043296,BAY_OF_SEINE
59,2000-03-28,636.28425,613.7380058072021,325.4648388490906,-302.9185946562926,67.55668281722,26.97783778471061,61.40951634165237,11.61264587363702,False,-0.5208701337043296,BAY_OF_SEINE
60,2000-04-04,613.58775,617.4573292132195,215.3131352196282,-219.1827144328477,67.55668281722,26.97783778471061,61.40951634165237,11.61264587363702,False,-0.5208701337043296,BAY_OF_SEINE
61,2000-04-12,714.457375,621.7279490469931,222.06152892079035,-129.3321029677835,67.55668281722,26.97783778471061,61.40951634165237,11.61264587363702,False,-0.5208701337043296,BAY_OF_SEINE
62,2000-04-20,715.707625,626.5158149193566,223.3285450721226,-134.13673499147916,67.55668281722,26.97783778471061,61.40951634165237,11.61264587363702,False,-0.5208701337043296,BAY_OF_SEINE
63,2000-04-28,715.707625,631.7799270396281,226.6342755578613,-142.70657759748937,67.55668281722,26.97783778471061,61.40951634165237,11.61264587363702,False,-0.5208701337043296,BAY_OF_SEINE
64,2000-05-04,618.5577499999999,637.4755274692955,88.75940768518896,-107.67718515448448,67.55668281722,26.97783778471061,61.40951634165237,11.61264587363702,False,-0.5208701337043296,BAY_OF_SEINE
65,2000-05-12,596.388875,643.5572164794787,34.442588083131454,-81.61092956261018,67.55668281722,26.97783778471061,61.40951634165237,11.61264587363702,False,-0.5208701337043296,BAY_OF_SEINE
66,2000-05-20,475.42525,649.9829145769419,-129.0761594393779,-45.48150513756397,67.55668281722,26.97783778471061,61.40951634165237,11.61264587363702,False,-0.5208701337043296,BAY_OF_SEINE
67,2000-05-28,475.42525,656.720242937448,-216.4590796967202,35.16408675927221,67.55668281722,26.97783778471061,61.40951634165237,11.61264587363702,False,-0.5208701337043296,BAY_OF_SEINE
68,2000-06-04,451.995125,663.7501778676973,-281.56193977131767,69.80688690362041,67.55668281722,26.97783778471061,61.40951634165237,11.61264587363702,False,-0.5208701337043296,BAY_OF_SEINE
69,2000-06-12,451.995125,671.0655317905274,-303.6914854121093,84.62107862158189,67.55668281722,26.97783778471061,61.40951634165237,11.61264587363702,False,-0.5208701337043296,BAY_OF_SEINE
70,2000-06-20,313.27275,678.6679023851915,-398.7734377323852,33.37828534719364,67.55668281722,26.97783778471061,61.40951634165237,11.61264587363702,False,-0.5208701337043296,BAY_OF_SEINE
71,2000-06-28,313.27275,686.5641326422577,-390.6465580665695,17.355175424311767,67.55668281722,26.97783778471061,61.40951634165237,11.61264587363702,False,-0.5208701337043296,BAY_OF_SEINE
72,2000-07-04,379.065375,694.7636383430075,-330.4293045240396,14.731041181032085,67.55668281722,26.97783778471061,61.40951634165237,11.61264587363702,False,-0.5208701337043296,BAY_OF_SEINE
73,2000-07-12,493.806875,703.2752141549796,-267.37016843195966,57.90182927698004,67.55668281722,26.97783778471061,61.40951634165237,11.61264587363702,False,-0.5208701337043296,BAY_OF_SEINE
74,2000-07-20,548.656,712.1056279000859,-257.6258604765236,94.17623257643766,67.55668281722,26.97783778471061,61.40951634165237,11.61264587363702,False,-0.5208701337043296,BAY_OF_SEINE
75,2000-07-28,538.373,721.2578761348587,-275.8157430161542,92.93086688129551,67.55668281722,26.97783778471061,61.40951634165237,11.61264587363702,False,-0.5208701337043296,BAY_OF_SEINE
76,2000-08-04,538.373,730.7306037506631,-284.9520075754328,92.5944038247697,67.55668281722,26.97783778471061,61.40951634165237,11.61264587363702,False,-0.5208701337043296,BAY_OF_SEINE
77,2000-08-12,449.266375,740.5184990144347,-335.42512856149835,44.17300454706361,67.55668281722,26.97783778471061,61.40951634165237,11.61264587363702,False,-0.5208701337043296,BAY_OF_SEINE
78,2000-08-20,443.23325,750.6111246907683,-349.6366928794708,42.25881818870249,67.55668281722,26.97783778471061,61.40951634165237,11.61264587363702,False,-0.5208701337043296,BAY_OF_SEINE
79,2000-08-28,396.7857142857143,760.9933047446207,-381.6115344508576,17.403943991951223,67.55668281722,26.97783778471061,61.40951634165237,11.61264587363702,False,-0.5208701337043296,BAY_OF_SEINE
80,2000-09-04,386.43425,771.6438358530052,-384.8048874639066,-0.4046983890985416,67.55668281722,26.97783778471061,61.40951634165237,11.61264587363702,False,-0.5208701337043296,BAY_OF_SEINE
81,2000-09-12,385.48675,782.5348879170944,-375.5757320355892,-21.472405881505157,67.55668281722,26.97783778471061,61.40951634165237,11.61264587363702,False,-0.5208701337043296,BAY_OF_SEINE
82,2000-09-20,371.4648333333334,793.6314227420934,-334.358495242718,-87.808094166042,67.55668281722,26.97783778471061,61.40951634165237,11.61264587363702,False,-0.5208701337043296,BAY_OF_SEINE
83,2000-09-28,371.4648333333334,804.8881451646774,-331.7890806505612,-101.63423118078288,67.55668281722,26.97783778471061,61.40951634165237,11.61264587363702,False,-0.5208701337043296,BAY_OF_SEINE
84,2000-10-04,433.596,816.2511988058619,-287.6792415655253,-94.97595724033664,67.55668281722,26.97783778471061,61.40951634165237,11.61264587363702,False,-0.5208701337043296,BAY_OF_SEINE
85,2000-10-12,642.4785,827.6599529857672,-180.5994306692461,-4.582022316521034,67.55668281722,26.97783778471061,61.40951634165237,11.61264587363702,False,-0.5208701337043296,BAY_OF_SEINE
86,2000-10-20,642.4785,839.049090482599,-198.04819557737417,1.477605094775214,67.55668281722,26.97783778471061,61.40951634165237,11.61264587363702,False,-0.5208701337043296,BAY_OF_SEINE
87,2000-10-28,717.349125,850.349472379504,-164.2293464350768,31.2289990555727,67.55668281722,26.97783778471061,61.40951634165237,11.61264587363702,False,-0.5208701337043296,BAY_OF_SEINE
88,2000-11-04,717.349125,861.4925782633632,-169.83569001360394,25.69223675024074,67.55668281722,26.97783778471061,61.40951634165237,11.61264587363702,False,-0.5208701337043296,BAY_OF_SEINE
89,2000-11-12,968.908375,872.4113719810058,-75.62044500731771,172.11744802631188,67.55668281722,26.97783778471061,61.40951634165237,11.61264587363702,False,-0.5208701337043296,BAY_OF_SEINE
90,2000-11-20,969.02175,883.0468152492845,-67.02401925670944,152.99895400742497,67.55668281722,26.97783778471061,61.40951634165237,11.61264587363702,False,-0.5208701337043296,BAY_OF_SEINE
91,2000-11-28,1269.354375,893.3448257058385,83.23768857844132,292.7718607157203,67.55668281722,26.97783778471061,61.40951634165237,11.61264587363702,False,-0.5208701337043296,BAY_OF_SEINE
92,2000-12-04,1269.354375,903.2587408098418,161.45064604910158,204.64498814105676,67.55668281722,26.97783778471061,61.40951634165237,11.61264587363702,False,-0.5208701337043296,BAY_OF_SEINE
93,2000-12-12,1087.779125,912.7448938851428,173.90228350068512,1.1319476141722191,67.55668281722,26.97783778471061,61.40951634165237,11.61264587363702,False,-0.5208701337043296,BAY_OF_SEINE
94,2000-12-20,920.637375,921.7671438428946,202.398150371788,-203.52791921468256,67.55668281722,26.97783778471061,61.40951634165237,11.61264587363702,False,-0.5208701337043296,BAY_OF_SEINE
95,2000-12-28,920.637375,930.3023830890968,321.2413990096356,-330.90640709873225,67.55668281722,26.97783778471061,61.40951634165237,11.61264587363702,False,-0.5208701337043296,BAY_OF_SEINE
96,2001-01-04,1240.6385,938.3413271679184,505.4723922716136,-203.175219439532,67.55668281722,26.97783778471061,61.40951634165237,11.61264587363702,False,-0.5208701337043296,BAY_OF_SEINE
97,2001-01-12,1240.6385,945.8838086002936,346.0595993776868,-51.30490797798046,67.55668281722,26.97783778471061,61.40951634165237,11.61264587363702,False,-0.5208701337043296,BAY_OF_SEINE
98,2001-01-20,1240.6385,952.9304793473588,264.5912120789556,23.116808573685542,67.55668281722,26.97783778471061,61.40951634165237,11.61264587363702,False,-0.5208701337043296,BAY_OF_SEINE
99,2001-01-28,1239.389875,959.4654529639668,237.1625287005494,42.76189333548382,67.55668281722,26.97783778471061,61.40951634165237,11.61264587363702,False,-0.5208701337043296,BAY_OF_SEINE
100,2001-02-04,1272.9485714285713,965.4650858900288,254.84720336503707,52.63628217350552,67.55668281722,26.97783778471061,61.40951634165237,11.61264587363702,False,-0.5208701337043296,BAY_OF_SEINE
101,2001-02-12,1239.389875,970.9067132328466,356.6189626685269,-88.13580090137344,67.55668281722,26.97783778471061,61.40951634165237,11.61264587363702,False,-0.5208701337043296,BAY_OF_SEINE
102,2001-02-20,836.322375,975.7673009135204,273.47409380169523,-412.9190197152157,67.55668281722,26.97783778471061,61.40951634165237,11.61264587363702,False,-0.5208701337043296,BAY_OF_SEINE
103,2001-02-28,760.155375,980.0124531905992,297.5165119716725,-517.3735901622717,67.55668281722,26.97783778471061,61.40951634165237,11.61264587363702,False,-0.5208701337043296,BAY_OF_SEINE
104,2001-03-04,760.155375,983.5908869595524,283.5617552854095,-506.9972672449619,67.55668281722,26.97783778471061,61.40951634165237,11.61264587363702,False,-0.5208701337043296,BAY_OF_SEINE
105,2001-03-12,1276.89525,986.4321353608688,380.61977983057744,-90.15666519144617,67.55668281722,26.97783778471061,61.40951634165237,11.61264587363702,False,-0.5208701337043296,BAY_OF_SEINE
106,2001-03-20,1953.687375,988.462614527206,625.6591908310793,339.56556964171455,67.55668281722,26.97783778471061,61.40951634165237,11.61264587363702,False,-0.5208701337043296,BAY_OF_SEINE
107,2001-03-28,1953.687375,989.610194976295,624.074019679278,340.003160344427,67.55668281722,26.97783778471061,61.40951634165237,11.61264587363702,False,-0.5208701337043296,BAY_OF_SEINE
108,2001-04-04,1767.183875,989.8086856188464,414.1734905526882,363.2016988284653,67.55668281722,26.97783778471061,61.40951634165237,11.61264587363702,False,-0.5208701337043296,BAY_OF_SEINE
109,2001-04-12,1600.26675,989.0158302799108,314.3284920837437,296.9224276363454,67.55668281722,26.97783778471061,61.40951634165237,11.61264587363702,False,-0.5208701337043296,BAY_OF_SEINE
110,2001-04-20,1574.988375,987.2114509436384,289.21087833205166,298.56604572430984,67.55668281722,26.97783778471061,61.40951634165237,11.61264587363702,False,-0.5208701337043296,BAY_OF_SEINE
111,2001-04-28,1600.26675,984.3940123753372,296.6257888715631,319.24694875309973,67.55668281722,26.97783778471061,61.40951634165237,11.61264587363702,False,-0.5208701337043296,BAY_OF_SEINE
112,2001-05-04,1490.46,980.5762173221988,215.52433148322623,294.3594511945751,67.55668281722,26.97783778471061,61.40951634165237,11.61264587363702,False,-0.5208701337043296,BAY_OF_SEINE
113,2001-05-12,1332.33675,975.7828793010832,128.22925440651176,228.3246162924051,67.55668281722,26.97783778471061,61.40951634165237,11.61264587363702,False,-0.5208701337043296,BAY_OF_SEINE
114,2001-05-20,991.696375,970.049934542351,-81.11163865396347,102.75807911161245,67.55668281722,26.97783778471061,61.40951634165237,11.61264587363702,False,-0.5208701337043296,BAY_OF_SEINE
115,2001-05-28,695.0044285714285,963.4205656676332,-230.2063469145058,-38.20979018169891,67.55668281722,26.97783778471061,61.40951634165237,11.61264587363702,False,-0.5208701337043296,BAY_OF_SEINE
116,2001-06-04,540.982625,955.942942937981,-317.338254789291,-97.62206314869002,67.55668281722,26.97783778471061,61.40951634165237,11.61264587363702,False,-0.5208701337043296,BAY_OF_SEINE
117,2001-06-12,503.586375,947.669414543785,-344.9042521573009,-99.17878738648416,67.55668281722,26.97783778471061,61.40951634165237,11.61264587363702,False,-0.5208701337043296,BAY_OF_SEINE
118,2001-06-20,458.437125,938.654959985567,-398.5574196193195,-81.66041536624749,67.55668281722,26.97783778471061,61.40951634165237,11.61264587363702,False,-0.5208701337043296,BAY_OF_SEINE
119,2001-06-28,458.437125,928.9554886045432,-406.0799548293064,-64.43840877523695,67.55668281722,26.97783778471061,61.40951634165237,11.61264587363702,False,-0.5208701337043296,BAY_OF_SEINE
120,2001-07-04,499.73375,918.6281544532744,-366.4065781215188,-52.48782633175552,67.55668281722,26.97783778471061,61.40951634165237,11.61264587363702,False,-0.5208701337043296,BAY_OF_SEINE
121,2001-07-12,518.23775,907.7337545968423,-324.53543219385404,-64.9605724029883,67.55668281722,26.97783778471061,61.40951634165237,11.61264587363702,False,-0.5208701337043296,BAY_OF_SEINE
122,2001-07-20,518.23775,896.337225045285,-313.5137887323797,-64.5856863129053,67.55668281722,26.97783778471061,61.40951634165237,11.61264587363702,False,-0.5208701337043296,BAY_OF_SEINE
123,2001-07-28,501.7554285714286,884.5082329069209,-319.5033173635675,-63.2494869719248,67.55668281722,26.97783778471061,61.40951634165237,11.61264587363702,False,-0.5208701337043296,BAY_OF_SEINE
124,2001-08-04,472.646375,872.3186623967825,-332.1389220080155,-67.53336538876704,67.55668281722,26.97783778471061,61.40951634165237,11.61264587363702,False,-0.5208701337043296,BAY_OF_SEINE
125,2001-08-12,455.482125,859.8400484842906,-361.24486229251823,-43.11306119177237,67.55668281722,26.97783778471061,61.40951634165237,11.61264587363702,False,-0.5208701337043296,BAY_OF_SEINE
126,2001-08-20,413.8645,847.1423877711532,-380.0193297356879,-53.25855803546523,67.55668281722,26.97783778471061,61.40951634165237,11.61264587363702,False,-0.5208701337043296,BAY_OF_SEINE
127,2001-08-28,397.82275,834.2926566476011,-390.607526131894,-45.86238051570712,67.55668281722,26.97783778471061,61.40951634165237,11.61264587363702,False,-0.5208701337043296,BAY_OF_SEINE
128,2001-09-04,397.82275,821.3551716044473,-393.03403489998993,-30.49838670445729,67.55668281722,26.97783778471061,61.40951634165237,11.61264587363702,False,-0.5208701337043296,BAY_OF_SEINE
129,2001-09-12,412.8125,808.3910007038539,-386.4274063320367,-9.151094371817235,67.55668281722,26.97783778471061,61.40951634165237,11.61264587363702,False,-0.5208701337043296,BAY_OF_SEINE
130,2001-09-20,580.9833333333333,795.4587388947542,-315.11623938743685,100.64083382601598,67.55668281722,26.97783778471061,61.40951634165237,11.61264587363702,False,-0.5208701337043296,BAY_OF_SEINE
131,2001-09-28,585.4891250000001,782.6173219138592,-306.4778942946279,109.34969738076876,67.55668281722,26.97783778471061,61.40951634165237,11.61264587363702,False,-0.5208701337043296,BAY_OF_SEINE
132,2001-10-04,580.9833333333333,769.9258603621788,-286.23441278803665,97.2918857591912,67.55668281722,26.97783778471061,61.40951634165237,11.61264587363702,False,-0.5208701337043296,BAY_OF_SEINE
133,2001-10-12,612.265625,757.4459328486646,-207.11731382914536,61.93700598048076,67.55668281722,26.97783778471061,61.40951634165237,11.61264587363702,False,-0.5208701337043296,BAY_OF_SEINE
134,2001-10-20,595.8544285714286,745.2424016023053,-189.82792181499957,40.43994878412278,67.55668281722,26.97783778471061,61.40951634165237,11.61264587363702,False,-0.5208701337043296,BAY_OF_SEINE
135,2001-10-28,595.8544285714286,733.382288178702,-118.33410321447948,-19.19375639279393,67.55668281722,26.97783778471061,61.40951634165237,11.61264587363702,False,-0.5208701337043296,BAY_OF_SEINE
136,2001-11-04,595.8544285714286,721.9285447405472,-89.66321250310484,-36.410903666013766,67.55668281722,26.97783778471061,61.40951634165237,11.61264587363702,False,-0.5208701337043296,BAY_OF_SEINE
137,2001-11-12,513.0699999999999,710.939600732574,6.654920591038037,-204.5245213236121,67.55668281722,26.97783778471061,61.40951634165237,11.61264587363702,False,-0.5208701337043296,BAY_OF_SEINE
138,2001-11-20,572.1961666666667,700.4637901380673,40.967533409062,-169.23515688046265,67.55668281722,26.97783778471061,61.40951634165237,11.61264587363702,False,-0.5208701337043296,BAY_OF_SEINE
139,2001-11-28,572.1961666666667,690.5427653721325,54.27759769855611,-172.62419640402192,67.55668281722,26.97783778471061,61.40951634165237,11.61264587363702,False,-0.5208701337043296,BAY_OF_SEINE
140,2001-12-04,846.483,681.2109235834345,192.73287165970203,-27.460795243136545,67.55668281722,26.97783778471061,61.40951634165237,11.61264587363702,False,-0.5208701337043296,BAY_OF_SEINE
141,2001-12-12,846.483,672.496370828017,148.58635291060827,25.40027626137467,67.55668281722,26.97783778471061,61.40951634165237,11.61264587363702,False,-0.5208701337043296,BAY_OF_SEINE
142,2001-12-20,759.1657142857142,664.4108195741933,102.3139514446862,-7.559056733165264,67.55668281722,26.97783778471061,61.40951634165237,11.61264587363702,False,-0.5208701337043296,BAY_OF_SEINE
143,2001-12-28,759.1657142857142,656.9442890550233,209.62632854685992,-107.40490331616904,67.55668281722,26.97783778471061,61.40951634165237,11.61264587363702,False,-0.5208701337043296,BAY_OF_SEINE
144,2002-01-04,861.64225,650.0638980743582,394.0487188548544,-182.47036692921264,67.55668281722,26.97783778471061,61.40951634165237,11.61264587363702,False,-0.5208701337043296,BAY_OF_SEINE
145,2002-01-12,861.64225,643.7228485070358,395.56491545174384,-177.64551395877965,67.55668281722,26.97783778471061,61.40951634165237,11.61264587363702,False,-0.5208701337043296,BAY_OF_SEINE
146,2002-01-20,857.0525714285715,637.8740777108593,300.3502198372586,-81.1717261195464,67.55668281722,26.97783778471061,61.40951634165237,11.61264587363702,False,-0.5208701337043296,BAY_OF_SEINE
147,2002-01-28,857.0525714285715,632.4807854748935,302.19905845444964,-77.62727250077171,67.55668281722,26.97783778471061,61.40951634165237,11.61264587363702,False,-0.5208701337043296,BAY_OF_SEINE
148,2002-02-04,864.218,627.5089754381012,355.62110586397654,-118.91208130207777,67.55668281722,26.97783778471061,61.40951634165237,11.61264587363702,False,-0.5208701337043296,BAY_OF_SEINE
149,2002-02-12,1055.694125,622.9169107304845,444.6206384334305,-11.84342416391496,67.55668281722,26.97783778471061,61.40951634165237,11.61264587363702,False,-0.5208701337043296,BAY_OF_SEINE
150,2002-02-20,1397.42775,618.651757016695,409.8814214421328,368.8945715411723,67.55668281722,26.97783778471061,61.40951634165237,11.61264587363702,False,-0.5208701337043296,BAY_OF_SEINE
151,2002-02-28,1601.41175,614.657666741408,471.74216832514094,515.0119149334511,67.55668281722,26.97783778471061,61.40951634165237,11.61264587363702,False,-0.5208701337043296,BAY_OF_SEINE
152,2002-03-04,1601.41175,610.8818184852241,457.21072005206014,533.3192114627157,67.55668281722,26.97783778471061,61.40951634165237,11.61264587363702,False,-0.5208701337043296,BAY_OF_SEINE
153,2002-03-12,1145.6955,607.2883734113333,340.7089982040821,197.6981283845846,67.55668281722,26.97783778471061,61.40951634165237,11.61264587363702,False,-0.5208701337043296,BAY_OF_SEINE
154,2002-03-20,1145.6955,603.864213160098,499.05687905201887,42.774407787883206,67.55668281722,26.97783778471061,61.40951634165237,11.61264587363702,False,-0.5208701337043296,BAY_OF_SEINE
155,2002-03-28,1145.6955,600.6268664763279,496.1710203291086,48.89761319456352,67.55668281722,26.97783778471061,61.40951634165237,11.61264587363702,False,-0.5208701337043296,BAY_OF_SEINE
156,2002-04-04,705.68925,597.613280734978,229.5403461476108,-121.4643768825888,67.55668281722,26.97783778471061,61.40951634165237,11.61264587363702,False,-0.5208701337043296,BAY_OF_SEINE
157,2002-04-12,539.25575,594.8584867102263,98.4540945656326,-154.05683127585888,67.55668281722,26.97783778471061,61.40951634165237,11.61264587363702,False,-0.5208701337043296,BAY_OF_SEINE
158,2002-04-20,486.64475,592.393282619676,66.54211402116385,-172.2906466408399,67.55668281722,26.97783778471061,61.40951634165237,11.61264587363702,False,-0.5208701337043296,BAY_OF_SEINE
159,2002-04-28,465.6215,590.2415551834129,65.93841920633251,-190.55847438974536,67.55668281722,26.97783778471061,61.40951634165237,11.61264587363702,False,-0.5208701337043296,BAY_OF_SEINE
160,2002-05-04,459.139625,588.4212185206111,38.36765395472288,-167.64924747533394,67.55668281722,26.97783778471061,61.40951634165237,11.61264587363702,False,-0.5208701337043296,BAY_OF_SEINE
161,2002-05-12,449.374375,586.9428116968354,6.546147027153553,-144.11458372398897,67.55668281722,26.97783778471061,61.40951634165237,11.61264587363702,False,-0.5208701337043296,BAY_OF_SEINE
162,2002-05-20,414.8955,585.8054751578618,-101.74736849361608,-69.1626066642457,67.55668281722,26.97783778471061,61.40951634165237,11.61264587363702,False,-0.5208701337043296,BAY_OF_SEINE
163,2002-05-28,406.6448571428572,584.9952376943456,-175.8980716271204,-2.4523089243680545,67.55668281722,26.97783778471061,61.40951634165237,11.61264587363702,False,-0.5208701337043296,BAY_OF_SEINE
164,2002-06-04,380.127,584.4844464124959,-233.4788778349221,29.121431422426213,67.55668281722,26.97783778471061,61.40951634165237,11.61264587363702,False,-0.5208701337043296,BAY_OF_SEINE
165,2002-06-12,334.490375,584.2352009388118,-267.75527675382114,18.010450815009335,67.55668281722,26.97783778471061,61.40951634165237,11.61264587363702,False,-0.5208701337043296,BAY_OF_SEINE
166,2002-06-20,332.488,584.2049965762274,-287.09976499834363,35.38276842211627,67.55668281722,26.97783778471061,61.40951634165237,11.61264587363702,False,-0.5208701337043296,BAY_OF_SEINE
167,2002-06-28,281.67833333333334,584.3507270336132,-311.7272653823502,9.054871682070312,67.55668281722,26.97783778471061,61.40951634165237,11.61264587363702,False,-0.5208701337043296,BAY_OF_SEINE
168,2002-07-04,270.138875,584.6291624150169,-307.7962378155932,-6.694049599423749,67.55668281722,26.97783778471061,61.40951634165237,11.61264587363702,False,-0.5208701337043296,BAY_OF_SEINE
169,2002-07-12,270.138875,584.997533917761,-311.291915550773,-3.566743366987964,67.55668281722,26.97783778471061,61.40951634165237,11.61264587363702,False,-0.5208701337043296,BAY_OF_SEINE
170,2002-07-20,249.224875,585.4149102906803,-321.595374919779,-14.594660370901297,67.55668281722,26.97783778471061,61.40951634165237,11.61264587363702,False,-0.5208701337043296,BAY_OF_SEINE
171,2002-07-28,258.526,585.8417379132944,-324.1396770851822,-3.176060828112213,67.55668281722,26.97783778471061,61.40951634165237,11.61264587363702,False,-0.5208701337043296,BAY_OF_SEINE
172,2002-08-04,258.526,586.2408823554722,-331.226381690456,3.511499334983796,67.55668281722,26.97783778471061,61.40951634165237,11.61264587363702,False,-0.5208701337043296,BAY_OF_SEINE
173,2002-08-12,258.526,586.5780215182685,-333.3874879213224,5.335466403053886,67.55668281722,26.97783778471061,61.40951634165237,11.61264587363702,False,-0.5208701337043296,BAY_OF_SEINE
174,2002-08-20,266.985625,586.8224938974791,-329.4364847125617,9.599615815082586,67.55668281722,26.97783778471061,61.40951634165237,11.61264587363702,False,-0.5208701337043296,BAY_OF_SEINE
175,2002-08-28,300.9655,586.9480534441966,-309.73330138596657,23.750747941769987,67.55668281722,26.97783778471061,61.40951634165237,11.61264587363702,False,-0.5208701337043296,BAY_OF_SEINE
176,2002-09-04,300.9655,586.9327595082135,-306.92413687335073,20.956877365137245,67.55668281722,26.97783778471061,61.40951634165237,11.61264587363702,False,-0.5208701337043296,BAY_OF_SEINE
177,2002-09-12,288.851,586.7600046580432,-304.1953775929254,6.286372934882252,67.55668281722,26.97783778471061,61.40951634165237,11.61264587363702,False,-0.5208701337043296,BAY_OF_SEINE
178,2002-09-20,229.83333333333331,586.4185537349865,-281.3210825891544,-75.26413781249875,67.55668281722,26.97783778471061,61.40951634165237,11.61264587363702,False,-0.5208701337043296,BAY_OF_SEINE
179,2002-09-28,229.83333333333331,585.9017127894034,-267.91549624756726,-88.15288320850277,67.55668281722,26.97783778471061,61.40951634165237,11.61264587363702,False,-0.5208701337043296,BAY_OF_SEINE
180,2002-10-04,229.83333333333331,585.2068258803754,-256.241709030862,-99.13178351618,67.55668281722,26.97783778471061,61.40951634165237,11.61264587363702,False,-0.5208701337043296,BAY_OF_SEINE
181,2002-10-12,243.513375,584.3300479030984,-232.78187815707497,-108.0347947460234,67.55668281722,26.97783778471061,61.40951634165237,11.61264587363702,False,-0.5208701337043296,BAY_OF_SEINE
182,2002-10-20,312.80025,583.2646640486829,-194.9140240090893,-75.5503900395936,67.55668281722,26.97783778471061,61.40951634165237,11.61264587363702,False,-0.5208701337043296,BAY_OF_SEINE
183,2002-10-28,490.8777142857143,582.0009312674275,-98.25207461607908,7.128857634365886,67.55668281722,26.97783778471061,61.40951634165237,11.61264587363702,False,-0.5208701337043296,BAY_OF_SEINE
184,2002-11-04,574.76625,580.5269249617276,-43.46381028472622,37.70313532299868,67.55668281722,26.97783778471061,61.40951634165237,11.61264587363702,False,-0.5208701337043296,BAY_OF_SEINE
185,2002-11-12,848.193,578.8272818454882,78.39243640621943,190.9732817482924,67.55668281722,26.97783778471061,61.40951634165237,11.61264587363702,False,-0.5208701337043296,BAY_OF_SEINE
186,2002-11-20,848.193,576.8858133994053,99.8540606846896,171.4531259159051,67.55668281722,26.97783778471061,61.40951634165237,11.61264587363702,False,-0.5208701337043296,BAY_OF_SEINE
187,2002-11-28,590.0120000000001,574.6830028001618,-20.84103073041734,36.17002793025557,67.55668281722,26.97783778471061,61.40951634165237,11.61264587363702,False,-0.5208701337043296,BAY_OF_SEINE
188,2002-12-04,588.9449999999999,572.1998736270285,54.358506032007085,-37.61337965903567,67.55668281722,26.97783778471061,61.40951634165237,11.61264587363702,False,-0.5208701337043296,BAY_OF_SEINE
189,2002-12-12,588.9449999999999,569.4178539857506,63.46375264667793,-43.93660663242864,67.55668281722,26.97783778471061,61.40951634165237,11.61264587363702,False,-0.5208701337043296,BAY_OF_SEINE
190,2002-12-20,742.27075,566.3207782671428,119.58164392191496,56.36832781094225,67.55668281722,26.97783778471061,61.40951634165237,11.61264587363702,False,-0.5208701337043296,BAY_OF_SEINE
191,2002-12-28,1169.5667142857144,562.8933607452001,345.1705769964034,261.50277654411093,67.55668281722,26.97783778471061,61.40951634165237,11.61264587363702,False,-0.5208701337043296,BAY_OF_SEINE
192,2003-01-04,1378.934,559.1219744806413,495.5232293471553,324.28879617220343,67.55668281722,26.97783778471061,61.40951634165237,11.61264587363702,False,-0.5208701337043296,BAY_OF_SEINE
193,2003-01-12,1378.934,554.994754220651,577.9040791486102,246.0351666307388,67.55668281722,26.97783778471061,61.40951634165237,11.61264587363702,False,-0.5208701337043296,BAY_OF_SEINE
194,2003-01-20,998.934875,550.4994289976295,522.3738217574671,-73.93837575509656,67.55668281722,26.97783778471061,61.40951634165237,11.61264587363702,False,-0.5208701337043296,BAY_OF_SEINE
195,2003-01-28,998.934875,545.6170243325345,523.5473060914043,-70.2294554239387,67.55668281722,26.97783778471061,61.40951634165237,11.61264587363702,False,-0.5208701337043296,BAY_OF_SEINE
196,2003-02-04,1156.742875,540.3299561574382,533.2264416240566,83.18647721850505,67.55668281722,26.97783778471061,61.40951634165237,11.61264587363702,False,-0.5208701337043296,BAY_OF_SEINE
197,2003-02-12,1156.742875,534.6321580501157,486.0486722170094,136.06204473287482,67.55668281722,26.97783778471061,61.40951634165237,11.61264587363702,False,-0.5208701337043296,BAY_OF_SEINE
198,2003-02-20,732.55125,528.5392598819654,326.14652903572124,-122.13453891768673,67.55668281722,26.97783778471061,61.40951634165237,11.61264587363702,False,-0.5208701337043296,BAY_OF_SEINE
199,2003-02-28,644.9105000000001,522.0906441745905,333.6281013446789,-210.80824551926932,67.55668281722,26.97783778471061,61.40951634165237,11.61264587363702,False,-0.5208701337043296,BAY_OF_SEINE
200,2003-03-04,584.0532499999999,515.3461323655912,294.4934043870044,-225.78628675259563,67.55668281722,26.97783778471061,61.40951634165237,11.61264587363702,False,-0.5208701337043296,BAY_OF_SEINE
201,2003-03-12,509.060875,508.3691888129846,143.58722856756583,-142.8955423805504,67.55668281722,26.97783778471061,61.40951634165237,11.61264587363702,False,-0.5208701337043296,BAY_OF_SEINE
202,2003-03-20,458.844125,501.2149841384896,120.5979396618404,-162.96879880032998,67.55668281722,26.97783778471061,61.40951634165237,11.61264587363702,False,-0.5208701337043296,BAY_OF_SEINE
203,2003-03-28,437.68642857142856,493.9221625252497,110.76143443317254,-166.99716838699368,67.55668281722,26.97783778471061,61.40951634165237,11.61264587363702,False,-0.5208701337043296,BAY_OF_SEINE
204,2003-04-04,426.991875,486.5208073344292,-12.217671206223107,-47.311261128206105,67.55668281722,26.97783778471061,61.40951634165237,11.61264587363702,False,-0.5208701337043296,BAY_OF_SEINE
205,2003-04-12,388.402625,479.03663461224295,-78.20531904566329,-12.42869056657966,67.55668281722,26.97783778471061,61.40951634165237,11.61264587363702,False,-0.5208701337043296,BAY_OF_SEINE
206,2003-04-20,375.3248333333333,471.48878022456,-95.9802882694276,-0.1836586217990117,67.55668281722,26.97783778471061,61.40951634165237,11.61264587363702,False,-0.5208701337043296,BAY_OF_SEINE
207,2003-04-28,375.3248333333333,463.8954850368453,-98.75276114322276,10.182109439710755,67.55668281722,26.97783778471061,61.40951634165237,11.61264587363702,False,-0.5208701337043296,BAY_OF_SEINE
208,2003-05-04,375.3248333333333,456.2755256122968,-88.26925115457372,7.318558875610265,67.55668281722,26.97783778471061,61.40951634165237,11.61264587363702,False,-0.5208701337043296,BAY_OF_SEINE
209,2003-05-12,415.1225,448.6486051489936,-67.13797181227223,33.611866663278605,67.55668281722,26.97783778471061,61.40951634165237,11.61264587363702,False,-0.5208701337043296,BAY_OF_SEINE
210,2003-05-20,381.29028571428574,441.0376009748898,-97.00046611442426,37.25315085382013,67.55668281722,26.97783778471061,61.40951634165237,11.61264587363702,False,-0.5208701337043296,BAY_OF_SEINE
211,2003-05-28,381.29028571428574,433.4695614894528,-107.50170061096324,55.32242483579616,67.55668281722,26.97783778471061,61.40951634165237,11.61264587363702,False,-0.5208701337043296,BAY_OF_SEINE
212,2003-06-04,332.987375,425.9763954454284,-148.65681214045694,55.66779169502857,67.55668281722,26.97783778471061,61.40951634165237,11.61264587363702,False,-0.5208701337043296,BAY_OF_SEINE
213,2003-06-12,298.86675,418.5934083303174,-172.10821255355864,52.38155422324127,67.55668281722,26.97783778471061,61.40951634165237,11.61264587363702,False,-0.5208701337043296,BAY_OF_SEINE
214,2003-06-20,251.20725,411.356071585352,-193.9246438570323,33.77582227168031,67.55668281722,26.97783778471061,61.40951634165237,11.61264587363702,False,-0.5208701337043296,BAY_OF_SEINE
215,2003-06-28,243.819125,404.2981427518654,-213.58954019255145,53.110522440686026,67.55668281722,26.97783778471061,61.40951634165237,11.61264587363702,False,-0.5208701337043296,BAY_OF_SEINE
216,2003-07-04,234.0848333333333,397.45228531721017,-214.429658315108,51.06220633123112,67.55668281722,26.97783778471061,61.40951634165237,11.61264587363702,False,-0.5208701337043296,BAY_OF_SEINE
217,2003-07-12,196.10125,390.8489589845385,-212.7370980304129,17.98938904587439,67.55668281722,26.97783778471061,61.40951634165237,11.61264587363702,False,-0.5208701337043296,BAY_OF_SEINE
218,2003-07-20,196.10125,384.5154712293241,-214.27070747529768,25.8564862459736,67.55668281722,26.97783778471061,61.40951634165237,11.61264587363702,False,-0.5208701337043296,BAY_OF_SEINE
219,2003-07-28,184.72825,378.47644167147627,-216.87612078874048,23.127929117264216,67.55668281722,26.97783778471061,61.40951634165237,11.61264587363702,False,-0.5208701337043296,BAY_OF_SEINE
220,2003-08-04,184.505,372.7536844629267,-214.69934477792,26.45066031499329,67.55668281722,26.97783778471061,61.40951634165237,11.61264587363702,False,-0.5208701337043296,BAY_OF_SEINE
221,2003-08-12,184.505,367.3667237708765,-200.77206272940623,17.910338958529735,67.55668281722,26.97783778471061,61.40951634165237,11.61264587363702,False,-0.5208701337043296,BAY_OF_SEINE
222,2003-08-20,205.585,362.3316626795116,-174.94462374310243,18.197961063590867,67.55668281722,26.97783778471061,61.40951634165237,11.61264587363702,False,-0.5208701337043296,BAY_OF_SEINE
223,2003-08-28,205.585,357.66055109953385,-159.78370810902737,7.708157009493533,67.55668281722,26.97783778471061,61.40951634165237,11.61264587363702,False,-0.5208701337043296,BAY_OF_SEINE
224,2003-09-04,186.65925,353.3611890055399,-167.55631204576292,0.8543730402229812,67.55668281722,26.97783778471061,61.40951634165237,11.61264587363702,False,-0.5208701337043296,BAY_OF_SEINE
225,2003-09-12,174.242875,349.43708164806765,-177.9212341571186,2.727027509050941,67.55668281722,26.97783778471061,61.40951634165237,11.61264587363702,False,-0.5208701337043296,BAY_OF_SEINE
226,2003-09-20,174.15183333333334,345.88679000155344,-191.12831188957963,19.393355221359545,67.55668281722,26.97783778471061,61.40951634165237,11.61264587363702,False,-0.5208701337043296,BAY_OF_SEINE
227,2003-09-28,174.15183333333334,342.70353106050214,-188.4846765958531,19.9329788686843,67.55668281722,26.97783778471061,61.40951634165237,11.61264587363702,False,-0.5208701337043296,BAY_OF_SEINE
228,2003-10-04,182.186875,339.8753434210499,-181.57438137218253,23.88591295113264,67.55668281722,26.97783778471061,61.40951634165237,11.61264587363702,False,-0.5208701337043296,BAY_OF_SEINE
229,2003-10-12,183.2605,337.3886318836802,-170.9838784892737,16.85574660559348,67.55668281722,26.97783778471061,61.40951634165237,11.61264587363702,False,-0.5208701337043296,BAY_OF_SEINE
230,2003-10-20,182.186875,335.2293552849245,-133.74840739589075,-19.29407288903377,67.55668281722,26.97783778471061,61.40951634165237,11.61264587363702,False,-0.5208701337043296,BAY_OF_SEINE
231,2003-10-28,183.2605,333.3835239848671,-82.987890583649,-67.13513340121813,67.55668281722,26.97783778471061,61.40951634165237,11.61264587363702,False,-0.5208701337043296,BAY_OF_SEINE
232,2003-11-04,207.134,331.83983319369315,-44.87364885997568,-79.83218433371749,67.55668281722,26.97783778471061,61.40951634165237,11.61264587363702,False,-0.5208701337043296,BAY_OF_SEINE
233,2003-11-12,207.134,330.5909726315343,23.628127040088263,-147.0850996716226,67.55668281722,26.97783778471061,61.40951634165237,11.61264587363702,False,-0.5208701337043296,BAY_OF_SEINE
234,2003-11-20,216.252,329.63250304617435,8.438954701360073,-121.8194577475344,67.55668281722,26.97783778471061,61.40951634165237,11.61264587363702,False,-0.5208701337043296,BAY_OF_SEINE
235,2003-11-28,238.471,328.96463569851653,-46.155373059569385,-44.33826263894714,67.55668281722,26.97783778471061,61.40951634165237,11.61264587363702,False,-0.5208701337043296,BAY_OF_SEINE
236,2003-12-04,259.56475,328.5859841478891,-44.16119813895116,-24.86003600893796,67.55668281722,26.97783778471061,61.40951634165237,11.61264587363702,False,-0.5208701337043296,BAY_OF_SEINE
237,2003-12-12,290.08775,328.49421835240025,-28.101223133434956,-10.305245218965272,67.55668281722,26.97783778471061,61.40951634165237,11.61264587363702,False,-0.5208701337043296,BAY_OF_SEINE
238,2003-12-20,290.08775,328.6905377052499,48.53295981104529,-87.13574751629514,67.55668281722,26.97783778471061,61.40951634165237,11.61264587363702,False,-0.5208701337043296,BAY_OF_SEINE
239,2003-12-28,333.008625,329.17995100938805,191.261252895165,-187.43257890455305,67.55668281722,26.97783778471061,61.40951634165237,11.61264587363702,False,-0.5208701337043296,BAY_OF_SEINE
240,2004-01-04,408.283,329.97281830462083,281.3235890135313,-203.01340731815213,67.55668281722,26.97783778471061,61.40951634165237,11.61264587363702,False,-0.5208701337043296,BAY_OF_SEINE
241,2004-01-12,732.63,331.0833299630726,443.1271363206755,-41.58046628374808,67.55668281722,26.97783778471061,61.40951634165237,11.61264587363702,False,-0.5208701337043296,BAY_OF_SEINE
242,2004-01-20,1270.230857142857,332.52355349350046,619.3498415181872,318.3574621311694,67.55668281722,26.97783778471061,61.40951634165237,11.61264587363702,False,-0.5208701337043296,BAY_OF_SEINE
243,2004-01-28,1270.230857142857,334.2993751521191,618.616358309149,317.31512368158894,67.55668281722,26.97783778471061,61.40951634165237,11.61264587363702,False,-0.5208701337043296,BAY_OF_SEINE
244,2004-02-04,981.631375,336.40704221724485,528.3526277087466,116.87170507400845,67.55668281722,26.97783778471061,61.40951634165237,11.61264587363702,False,-0.5208701337043296,BAY_OF_SEINE
245,2004-02-12,597.6065,338.83839518553486,335.39386851855147,-76.62576370408635,67.55668281722,26.97783778471061,61.40951634165237,11.61264587363702,False,-0.5208701337043296,BAY_OF_SEINE
246,2004-02-20,461.988875,341.5773931729321,160.446633725626,-40.03515189855807,67.55668281722,26.97783778471061,61.40951634165237,11.61264587363702,False,-0.5208701337043296,BAY_OF_SEINE
247,2004-02-28,460.9438,344.5955467567515,128.0822535219766,-11.734000278728104,67.55668281722,26.97783778471061,61.40951634165237,11.61264587363702,False,-0.5208701337043296,BAY_OF_SEINE
248,2004-03-04,422.956875,347.8488200185786,81.64073560710254,-6.532680625681152,67.55668281722,26.97783778471061,61.40951634165237,11.61264587363702,False,-0.5208701337043296,BAY_OF_SEINE
249,2004-03-12,420.730375,351.2871776554693,54.741519097134805,14.701678247395826,67.55668281722,26.97783778471061,61.40951634165237,11.61264587363702,False,-0.5208701337043296,BAY_OF_SEINE
250,2004-03-20,422.956875,354.8609266024905,42.09394787241198,26.00200052509748,67.55668281722,26.97783778471061,61.40951634165237,11.61264587363702,False,-0.5208701337043296,BAY_OF_SEINE
251,2004-03-28,418.093125,358.5234861149981,30.21333746528888,29.35630141971296,67.55668281722,26.97783778471061,61.40951634165237,11.61264587363702,False,-0.5208701337043296,BAY_OF_SEINE
252,2004-04-04,379.562875,362.2292813259886,6.974367194202266,10.359226479809143,67.55668281722,26.97783778471061,61.40951634165237,11.61264587363702,False,-0.5208701337043296,BAY_OF_SEINE
253,2004-04-12,350.933375,365.93550014703584,-14.191022548433736,-0.8111025986020906,67.55668281722,26.97783778471061,61.40951634165237,11.61264587363702,False,-0.5208701337043296,BAY_OF_SEINE
254,2004-04-20,350.1765,369.6010930021026,-14.103752692363509,-5.320840309739145,67.55668281722,26.97783778471061,61.40951634165237,11.61264587363702,False,-0.5208701337043296,BAY_OF_SEINE
255,2004-04-28,350.1765,373.183297516853,-14.7366596159662,-8.270137900886798,67.55668281722,26.97783778471061,61.40951634165237,11.61264587363702,False,-0.5208701337043296,BAY_OF_SEINE
256,2004-05-04,386.4675,376.63789171205104,-8.036541620832924,17.866149908781853,67.55668281722,26.97783778471061,61.40951634165237,11.61264587363702,False,-0.5208701337043296,BAY_OF_SEINE
257,2004-05-12,386.4675,379.9220224164309,-9.20355850929142,15.749036092860514,67.55668281722,26.97783778471061,61.40951634165237,11.61264587363702,False,-0.5208701337043296,BAY_OF_SEINE
258,2004-05-20,350.947375,382.996507820464,-39.752191517162494,7.70305869669847,67.55668281722,26.97783778471061,61.40951634165237,11.61264587363702,False,-0.5208701337043296,BAY_OF_SEINE
259,2004-05-28,300.29775,385.82709325358286,-89.69970464692268,4.170361393339832,67.55668281722,26.97783778471061,61.40951634165237,11.61264587363702,False,-0.5208701337043296,BAY_OF_SEINE
260,2004-06-04,241.576125,388.38508502317,-134.79312790871322,-12.015832114456742,67.55668281722,26.97783778471061,61.40951634165237,11.61264587363702,False,-0.5208701337043296,BAY_OF_SEINE
261,2004-06-12,241.576125,390.6465030980912,-151.70762896379858,2.637250865707415,67.55668281722,26.97783778471061,61.40951634165237,11.61264587363702,False,-0.5208701337043296,BAY_OF_SEINE
262,2004-06-20,232.622625,392.5913496386818,-166.99890189310534,7.030177254423563,67.55668281722,26.97783778471061,61.40951634165237,11.61264587363702,False,-0.5208701337043296,BAY_OF_SEINE
263,2004-06-28,197.885125,394.2034342122563,-182.897127330782,-13.421181881474295,67.55668281722,26.97783778471061,61.40951634165237,11.61264587363702,False,-0.5208701337043296,BAY_OF_SEINE
264,2004-07-04,197.885125,395.4702892178052,-170.16871635728947,-27.41644786051572,67.55668281722,26.97783778471061,61.40951634165237,11.61264587363702,False,-0.5208701337043296,BAY_OF_SEINE
265,2004-07-12,253.809375,396.3834510475537,-145.32871349043666,2.754637442882995,67.55668281722,26.97783778471061,61.40951634165237,11.61264587363702,False,-0.5208701337043296,BAY_OF_SEINE
266,2004-07-20,254.83414285714284,396.93842169958185,-142.16240901975257,0.0581301773135578,67.55668281722,26.97783778471061,61.40951634165237,11.61264587363702,False,-0.5208701337043296,BAY_OF_SEINE
267,2004-07-28,253.809375,397.1348070729948,-137.1349303487663,-6.190501724228483,67.55668281722,26.97783778471061,61.40951634165237,11.61264587363702,False,-0.5208701337043296,BAY_OF_SEINE
268,2004-08-04,254.83414285714284,396.9775245378248,-128.57845529281934,-13.564926387862585,67.55668281722,26.97783778471061,61.40951634165237,11.61264587363702,False,-0.5208701337043296,BAY_OF_SEINE
269,2004-08-12,292.375125,396.47635526441496,-103.01508360735482,-1.0861466570601124,67.55668281722,26.97783778471061,61.40951634165237,11.61264587363702,False,-0.5208701337043296,BAY_OF_SEINE
270,2004-08-20,320.42775,395.64639831709735,-80.16893289596776,4.950284578870409,67.55668281722,26.97783778471061,61.40951634165237,11.61264587363702,False,-0.5208701337043296,BAY_OF_SEINE
271,2004-08-28,320.42775,394.5077225339455,-79.24417639524765,5.164203861302127,67.55668281722,26.97783778471061,61.40951634165237,11.61264587363702,False,-0.5208701337043296,BAY_OF_SEINE
272,2004-09-04,298.8645,393.0845786995209,-91.22058546410288,-2.9994932354179724,67.55668281722,26.97783778471061,61.40951634165237,11.61264587363702,False,-0.5208701337043296,BAY_OF_SEINE
273,2004-09-12,271.256,391.4037893102607,-107.82907569065716,-12.3187136196036,67.55668281722,26.97783778471061,61.40951634165237,11.61264587363702,False,-0.5208701337043296,BAY_OF_SEINE
274,2004-09-20,260.569625,389.4937226196554,-114.36474162956196,-14.559355990093508,67.55668281722,26.97783778471061,61.40951634165237,11.61264587363702,False,-0.5208701337043296,BAY_OF_SEINE
275,2004-09-28,254.9473333333333,387.38379472492136,-116.56083185130892,-15.875629540279109,67.55668281722,26.97783778471061,61.40951634165237,11.61264587363702,False,-0.5208701337043296,BAY_OF_SEINE
276,2004-10-04,254.9473333333333,385.1036124343427,-116.28708139543272,-13.86919770557668,67.55668281722,26.97783778471061,61.40951634165237,11.61264587363702,False,-0.5208701337043296,BAY_OF_SEINE
277,2004-10-12,276.5,382.6825383129516,-106.56044248639957,0.3779041734479875,67.55668281722,26.97783778471061,61.40951634165237,11.61264587363702,False,-0.5208701337043296,BAY_OF_SEINE
278,2004-10-20,356.497,380.1485679873155,-73.56864587651418,49.91707788919862,67.55668281722,26.97783778471061,61.40951634165237,11.61264587363702,False,-0.5208701337043296,BAY_OF_SEINE
279,2004-10-28,378.890875,377.5281093920756,-63.28615383538345,64.64891944330788,67.55668281722,26.97783778471061,61.40951634165237,11.61264587363702,False,-0.5208701337043296,BAY_OF_SEINE
280,2004-11-04,399.740875,374.8444027728904,-49.70837241802023,74.60484464512982,67.55668281722,26.97783778471061,61.40951634165237,11.61264587363702,False,-0.5208701337043296,BAY_OF_SEINE
281,2004-11-12,399.740875,372.1173217344556,-51.03484521482496,78.65839848036936,67.55668281722,26.97783778471061,61.40951634165237,11.61264587363702,False,-0.5208701337043296,BAY_OF_SEINE
282,2004-11-20,319.645625,369.3644985903159,-88.41544741455616,38.69657382424023,67.55668281722,26.97783778471061,61.40951634165237,11.61264587363702,False,-0.5208701337043296,BAY_OF_SEINE
283,2004-11-28,312.647,366.601065432482,-82.76236560191981,28.80830016943784,67.55668281722,26.97783778471061,61.40951634165237,11.61264587363702,False,-0.5208701337043296,BAY_OF_SEINE
284,2004-12-04,275.75,363.8446249741901,-74.1859246858865,-13.908700288303578,67.55668281722,26.97783778471061,61.40951634165237,11.61264587363702,False,-0.5208701337043296,BAY_OF_SEINE
285,2004-12-12,275.75,361.1131976607767,-65.77467816604165,-19.588519494735024,67.55668281722,26.97783778471061,61.40951634165237,11.61264587363702,False,-0.5208701337043296,BAY_OF_SEINE
286,2004-12-20,426.75,358.4221139176523,3.328366134949569,64.9995199473981,67.55668281722,26.97783778471061,61.40951634165237,11.61264587363702,False,-0.5208701337043296,BAY_OF_SEINE
287,2004-12-28,483.125,355.78388929910375,42.88465957555065,84.45645112534561,67.55668281722,26.97783778471061,61.40951634165237,11.61264587363702,False,-0.5208701337043296,BAY_OF_SEINE
288,2005-01-04,483.125,353.20790978045227,76.354406812312,53.56268340723573,67.55668281722,26.97783778471061,61.40951634165237,11.61264587363702,False,-0.5208701337043296,BAY_OF_SEINE
289,2005-01-12,483.125,350.7036612517768,187.02446718630964,-54.60312843808643,67.55668281722,26.97783778471061,61.40951634165237,11.61264587363702,False,-0.5208701337043296,BAY_OF_SEINE
290,2005-01-20,495.5,348.28629817187965,303.643194046401,-156.42949221828064,67.55668281722,26.97783778471061,61.40951634165237,11.61264587363702,False,-0.5208701337043296,BAY_OF_SEINE
291,2005-01-28,495.5,345.9830498122951,303.7823103202767,-154.2653601325718,67.55668281722,26.97783778471061,61.40951634165237,11.61264587363702,False,-0.5208701337043296,BAY_OF_SEINE
292,2005-02-04,557.0081250000001,343.82846767691944,249.602630772464,-36.42297344938336,67.55668281722,26.97783778471061,61.40951634165237,11.61264587363702,False,-0.5208701337043296,BAY_OF_SEINE
293,2005-02-12,557.0081250000001,341.84977053211134,153.43541660378557,61.72293786410316,67.55668281722,26.97783778471061,61.40951634165237,11.61264587363702,False,-0.5208701337043296,BAY_OF_SEINE
294,2005-02-20,557.0081250000001,340.0630181248373,200.1308752969029,16.814231578259864,67.55668281722,26.97783778471061,61.40951634165237,11.61264587363702,False,-0.5208701337043296,BAY_OF_SEINE
295,2005-02-28,521.45625,338.4715179581573,202.58081006561648,-19.5960780237738,67.55668281722,26.97783778471061,61.40951634165237,11.61264587363702,False,-0.5208701337043296,BAY_OF_SEINE
296,2005-03-04,476.594125,337.0743202488723,169.94939507978148,-30.42959032865383,67.55668281722,26.97783778471061,61.40951634165237,11.61264587363702,False,-0.5208701337043296,BAY_OF_SEINE
297,2005-03-12,452.717375,335.8660720239535,196.4874126863888,-79.63610971034231,67.55668281722,26.97783778471061,61.40951634165237,11.61264587363702,False,-0.5208701337043296,BAY_OF_SEINE
298,2005-03-20,452.717375,334.8343131554986,216.21611848557697,-98.33305664107556,67.55668281722,26.97783778471061,61.40951634165237,11.61264587363702,False,-0.5208701337043296,BAY_OF_SEINE
299,2005-03-28,441.4285714285714,333.9564326586398,205.64150194093293,-98.16936317100132,67.55668281722,26.97783778471061,61.40951634165237,11.61264587363702,False,-0.5208701337043296,BAY_OF_SEINE
300,2005-04-04,441.4285714285714,333.20234330731216,194.4320042507242,-86.20577612946491,67.55668281722,26.97783778471061,61.40951634165237,11.61264587363702,False,-0.5208701337043296,BAY_OF_SEINE
301,2005-04-12,457.625,332.53688378872874,115.35676891293046,9.731347298340792,67.55668281722,26.97783778471061,61.40951634165237,11.61264587363702,False,-0.5208701337043296,BAY_OF_SEINE
302,2005-04-20,477.25,331.92525840119805,93.06782796338514,52.25691363541681,67.55668281722,26.97783778471061,61.40951634165237,11.61264587363702,False,-0.5208701337043296,BAY_OF_SEINE
303,2005-04-28,477.25,331.33584749887086,72.35666562972962,73.55748687139952,67.55668281722,26.97783778471061,61.40951634165237,11.61264587363702,False,-0.5208701337043296,BAY_OF_SEINE
304,2005-05-04,430.875,330.7419092094638,57.559935073203,42.57315571733319,67.55668281722,26.97783778471061,61.40951634165237,11.61264587363702,False,-0.5208701337043296,BAY_OF_SEINE
305,2005-05-12,381.375,330.1210818784414,42.07902301744534,9.17489510411329,67.55668281722,26.97783778471061,61.40951634165237,11.61264587363702,False,-0.5208701337043296,BAY_OF_SEINE
306,2005-05-20,354.625,329.4546578532773,19.263176048054067,5.907166098668636,67.55668281722,26.97783778471061,61.40951634165237,11.61264587363702,False,-0.5208701337043296,BAY_OF_SEINE
307,2005-05-28,247.7142857142857,328.72672569367427,-59.89214783232852,-21.120292147060027,67.55668281722,26.97783778471061,61.40951634165237,11.61264587363702,False,-0.5208701337043296,BAY_OF_SEINE
308,2005-06-04,226.875,327.92418871764187,-105.37626995047933,4.3270812328374575,67.55668281722,26.97783778471061,61.40951634165237,11.61264587363702,False,-0.5208701337043296,BAY_OF_SEINE
309,2005-06-12,186.5,327.0378095173222,-153.16124699510064,12.623437477778424,67.55668281722,26.97783778471061,61.40951634165237,11.61264587363702,False,-0.5208701337043296,BAY_OF_SEINE
310,2005-06-20,182.83333333333331,326.0633767863303,-164.79498853187735,21.564945078880385,67.55668281722,26.97783778471061,61.40951634165237,11.61264587363702,False,-0.5208701337043296,BAY_OF_SEINE
311,2005-06-28,182.83333333333331,325.0020994023043,-173.78718208217728,31.618416013206343,67.55668281722,26.97783778471061,61.40951634165237,11.61264587363702,False,-0.5208701337043296,BAY_OF_SEINE
312,2005-07-04,223.0,323.8594069195385,-153.601179052954,52.74177213341548,67.55668281722,26.97783778471061,61.40951634165237,11.61264587363702,False,-0.5208701337043296,BAY_OF_SEINE
313,2005-07-12,223.0,322.64434885412544,-139.88985729681625,40.245508442690806,67.55668281722,26.97783778471061,61.40951634165237,11.61264587363702,False,-0.5208701337043296,BAY_OF_SEINE
314,2005-07-20,203.0,321.36967101560043,-151.91453631951984,33.54486530391941,67.55668281722,26.97783778471061,61.40951634165237,11.61264587363702,False,-0.5208701337043296,BAY_OF_SEINE
315,2005-07-28,203.0,320.0518503113555,-149.14672778912362,32.09487747776811,67.55668281722,26.97783778471061,61.40951634165237,11.61264587363702,False,-0.5208701337043296,BAY_OF_SEINE
316,2005-08-04,203.0,318.7091685759141,-145.9981509106419,30.28898233472782,67.55668281722,26.97783778471061,61.40951634165237,11.61264587363702,False,-0.5208701337043296,BAY_OF_SEINE
317,2005-08-12,202.970875,317.3610490413166,-123.71985928055165,9.329685239235031,67.55668281722,26.97783778471061,61.40951634165237,11.61264587363702,False,-0.5208701337043296,BAY_OF_SEINE
318,2005-08-20,202.970875,316.0270597057657,-106.0220319984291,-7.034152707336574,67.55668281722,26.97783778471061,61.40951634165237,11.61264587363702,False,-0.5208701337043296,BAY_OF_SEINE
319,2005-08-28,202.970875,314.7271776824537,-107.8221571484122,-3.934145534041505,67.55668281722,26.97783778471061,61.40951634165237,11.61264587363702,False,-0.5208701337043296,BAY_OF_SEINE
320,2005-09-04,215.35214285714284,313.4811061298093,-111.74229288769128,13.613329615024838,67.55668281722,26.97783778471061,61.40951634165237,11.61264587363702,False,-0.5208701337043296,BAY_OF_SEINE
321,2005-09-12,217.586,312.307172087206,-128.3637500328787,33.64257794567274,67.55668281722,26.97783778471061,61.40951634165237,11.61264587363702,False,-0.5208701337043296,BAY_OF_SEINE
322,2005-09-20,217.586,311.2224062822047,-135.95406247735482,42.317656195150136,67.55668281722,26.97783778471061,61.40951634165237,11.61264587363702,False,-0.5208701337043296,BAY_OF_SEINE
323,2005-09-28,226.25,310.2430694000976,-135.9776038596409,51.98453445954334,67.55668281722,26.97783778471061,61.40951634165237,11.61264587363702,False,-0.5208701337043296,BAY_OF_SEINE
324,2005-10-04,226.25,309.3854622278349,-110.77710316762574,27.64164093979082,67.55668281722,26.97783778471061,61.40951634165237,11.61264587363702,False,-0.5208701337043296,BAY_OF_SEINE
325,2005-10-12,226.25,308.6648970891801,-107.994020115054,25.579123025873912,67.55668281722,26.97783778471061,61.40951634165237,11.61264587363702,False,-0.5208701337043296,BAY_OF_SEINE
326,2005-10-20,201.5,308.0969148199829,-94.63078757838838,-11.966127241594506,67.55668281722,26.97783778471061,61.40951634165237,11.61264587363702,False,-0.5208701337043296,BAY_OF_SEINE
327,2005-10-28,197.5,307.6972275432087,-97.01505859737836,-13.182168945830355,67.55668281722,26.97783778471061,61.40951634165237,11.61264587363702,False,-0.5208701337043296,BAY_OF_SEINE
328,2005-11-04,185.57142857142856,307.4828465660527,-109.9061336644518,-12.005284330172271,67.55668281722,26.97783778471061,61.40951634165237,11.61264587363702,False,-0.5208701337043296,BAY_OF_SEINE
329,2005-11-12,178.5,307.471287186352,-112.66871448597908,-16.30257270037289,67.55668281722,26.97783778471061,61.40951634165237,11.61264587363702,False,-0.5208701337043296,BAY_OF_SEINE
330,2005-11-20,178.5,307.6797702254908,-121.37413549992222,-7.805634725568595,67.55668281722,26.97783778471061,61.40951634165237,11.61264587363702,False,-0.5208701337043296,BAY_OF_SEINE
331,2005-11-28,191.0235,308.1238526004226,-56.839973656783,-60.26037894363958,67.55668281722,26.97783778471061,61.40951634165237,11.61264587363702,False,-0.5208701337043296,BAY_OF_SEINE
332,2005-12-04,275.5535,308.8126346467498,-12.304824871193487,-20.95430977555634,67.55668281722,26.97783778471061,61.40951634165237,11.61264587363702,False,-0.5208701337043296,BAY_OF_SEINE
333,2005-12-12,275.5535,309.75377784165914,-24.30266804033493,-9.897609801324226,67.55668281722,26.97783778471061,61.40951634165237,11.61264587363702,False,-0.5208701337043296,BAY_OF_SEINE
334,2005-12-20,246.349625,310.9560593801825,-37.80353466632573,-26.80289971385679,67.55668281722,26.97783778471061,61.40951634165237,11.61264587363702,False,-0.5208701337043296,BAY_OF_SEINE
335,2005-12-28,246.349625,312.432444769449,-23.846227078432516,-42.23659269101646,67.55668281722,26.97783778471061,61.40951634165237,11.61264587363702,False,-0.5208701337043296,BAY_OF_SEINE
336,2006-01-04,303.708125,314.1960449728989,29.03737155891513,-39.525291531814034,67.55668281722,26.97783778471061,61.40951634165237,11.61264587363702,False,-0.5208701337043296,BAY_OF_SEINE
337,2006-01-12,421.49325,316.2546632713669,134.84886845454912,-29.610281725916025,67.55668281722,26.97783778471061,61.40951634165237,11.61264587363702,False,-0.5208701337043296,BAY_OF_SEINE
338,2006-01-20,324.88714285714286,318.6085377503204,109.29738241472546,-103.018777307903,67.55668281722,26.97783778471061,61.40951634165237,11.61264587363702,False,-0.5208701337043296,BAY_OF_SEINE
339,2006-01-28,324.88714285714286,321.2480538997629,109.24862884577068,-105.60953988839071,67.55668281722,26.97783778471061,61.40951634165237,11.61264587363702,False,-0.5208701337043296,BAY_OF_SEINE
340,2006-02-04,273.789125,324.1587092468305,107.5837156820241,-157.95329992885456,67.55668281722,26.97783778471061,61.40951634165237,11.61264587363702,False,-0.5208701337043296,BAY_OF_SEINE
341,2006-02-12,273.789125,327.3267328492112,139.85624783180256,-193.3938556810137,67.55668281722,26.97783778471061,61.40951634165237,11.61264587363702,False,-0.5208701337043296,BAY_OF_SEINE
342,2006-02-20,597.4405,330.7390314389216,301.0891106074413,-34.38764204636283,67.55668281722,26.97783778471061,61.40951634165237,11.61264587363702,False,-0.5208701337043296,BAY_OF_SEINE
343,2006-02-28,681.179625,334.380534838125,383.2601283466824,-36.46103818480736,67.55668281722,26.97783778471061,61.40951634165237,11.61264587363702,False,-0.5208701337043296,BAY_OF_SEINE
344,2006-03-04,681.179625,338.2280943787713,372.5549328468162,-29.6034022255875,67.55668281722,26.97783778471061,61.40951634165237,11.61264587363702,False,-0.5208701337043296,BAY_OF_SEINE
345,2006-03-12,841.20925,342.2535150239332,446.26336031188896,52.69237466417786,67.55668281722,26.97783778471061,61.40951634165237,11.61264587363702,False,-0.5208701337043296,BAY_OF_SEINE
346,2006-03-20,922.3567142857144,346.4284997300393,380.749155635799,195.17905891987613,67.55668281722,26.97783778471061,61.40951634165237,11.61264587363702,False,-0.5208701337043296,BAY_OF_SEINE
347,2006-03-28,912.414,350.736350373052,368.8651945861671,192.8124550407809,67.55668281722,26.97783778471061,61.40951634165237,11.61264587363702,False,-0.5208701337043296,BAY_OF_SEINE
348,2006-04-04,912.414,355.1722971990946,367.985604056593,189.2560987443124,67.55668281722,26.97783778471061,61.40951634165237,11.61264587363702,False,-0.5208701337043296,BAY_OF_SEINE
349,2006-04-12,599.548125,359.7416047393038,150.1802664167175,89.62625384397873,67.55668281722,26.97783778471061,61.40951634165237,11.61264587363702,False,-0.5208701337043296,BAY_OF_SEINE
350,2006-04-20,477.972,364.45849313564366,64.83925531982459,48.67425154453173,67.55668281722,26.97783778471061,61.40951634165237,11.61264587363702,False,-0.5208701337043296,BAY_OF_SEINE
351,2006-04-28,399.7036666666666,369.3445012959152,13.288717105168406,17.070448265583035,67.55668281722,26.97783778471061,61.40951634165237,11.61264587363702,False,-0.5208701337043296,BAY_OF_SEINE
352,2006-05-04,399.7036666666666,374.4214984740595,-6.1536317935117575,31.435799986118877,67.55668281722,26.97783778471061,61.40951634165237,11.61264587363702,False,-0.5208701337043296,BAY_OF_SEINE
353,2006-05-12,438.1135,379.7081314331604,0.8693161373936213,57.536052429445945,67.55668281722,26.97783778471061,61.40951634165237,11.61264587363702,False,-0.5208701337043296,BAY_OF_SEINE
354,2006-05-20,438.1135,385.2154641883259,-3.666213760311127,56.56424957198523,67.55668281722,26.97783778471061,61.40951634165237,11.61264587363702,False,-0.5208701337043296,BAY_OF_SEINE
355,2006-05-28,391.6435714285714,390.9472021167632,-55.02643379730343,55.722803109111645,67.55668281722,26.97783778471061,61.40951634165237,11.61264587363702,False,-0.5208701337043296,BAY_OF_SEINE
356,2006-06-04,319.546125,396.90060657486407,-108.5195415687435,31.165059993879453,67.55668281722,26.97783778471061,61.40951634165237,11.61264587363702,False,-0.5208701337043296,BAY_OF_SEINE
357,2006-06-12,219.046625,403.06704162123975,-173.0823464047219,-10.938070216517843,67.55668281722,26.97783778471061,61.40951634165237,11.61264587363702,False,-0.5208701337043296,BAY_OF_SEINE
358,2006-06-20,194.18666666666664,409.4327968459901,-188.54384443212848,-26.70228574719502,67.55668281722,26.97783778471061,61.40951634165237,11.61264587363702,False,-0.5208701337043296,BAY_OF_SEINE
359,2006-06-28,193.613875,415.9779167410063,-186.5288570458676,-35.83518469513871,67.55668281722,26.97783778471061,61.40951634165237,11.61264587363702,False,-0.5208701337043296,BAY_OF_SEINE
360,2006-07-04,194.18666666666664,422.6763578400159,-174.08858003500507,-54.40111113834419,67.55668281722,26.97783778471061,61.40951634165237,11.61264587363702,False,-0.5208701337043296,BAY_OF_SEINE
361,2006-07-12,193.613875,429.4968919371679,-172.76555632293554,-63.1174606142323,67.55668281722,26.97783778471061,61.40951634165237,11.61264587363702,False,-0.5208701337043296,BAY_OF_SEINE
362,2006-07-20,178.596,436.4039570558627,-188.27957936048955,-69.52837769537314,67.55668281722,26.97783778471061,61.40951634165237,11.61264587363702,False,-0.5208701337043296,BAY_OF_SEINE
363,2006-07-28,178.596,443.3574653104366,-192.76790698667315,-71.9935583237635,67.55668281722,26.97783778471061,61.40951634165237,11.61264587363702,False,-0.5208701337043296,BAY_OF_SEINE
364,2006-08-04,179.982125,450.314504300366,-196.56117266490773,-73.7712066354583,67.55668281722,26.97783778471061,61.40951634165237,11.61264587363702,False,-0.5208701337043296,BAY_OF_SEINE
365,2006-08-12,228.703625,457.2304471321477,-172.3465236633513,-56.1802984687964,67.55668281722,26.97783778471061,61.40951634165237,11.61264587363702,False,-0.5208701337043296,BAY_OF_SEINE
366,2006-08-20,278.41275,464.06018987610366,-125.2617512567064,-60.38568861939724,67.55668281722,26.97783778471061,61.40951634165237,11.61264587363702,False,-0.5208701337043296,BAY_OF_SEINE
367,2006-08-28,286.065125,470.7577020486042,-124.6610921872389,-60.03148486136537,67.55668281722,26.97783778471061,61.40951634165237,11.61264587363702,False,-0.5208701337043296,BAY_OF_SEINE
368,2006-09-04,286.065125,477.2784116188176,-150.62509245245698,-40.58819416636069,67.55668281722,26.97783778471061,61.40951634165237,11.61264587363702,False,-0.5208701337043296,BAY_OF_SEINE
369,2006-09-12,264.23975,483.5831026774165,-178.76439219582488,-40.5789604815916,67.55668281722,26.97783778471061,61.40951634165237,11.61264587363702,False,-0.5208701337043296,BAY_OF_SEINE
370,2006-09-20,264.23975,489.6396762326534,-184.5385904975197,-40.861335735133736,67.55668281722,26.97783778471061,61.40951634165237,11.61264587363702,False,-0.5208701337043296,BAY_OF_SEINE
371,2006-09-28,268.2565,495.422531772938,-183.98052674762704,-43.18550502531093,67.55668281722,26.97783778471061,61.40951634165237,11.61264587363702,False,-0.5208701337043296,BAY_OF_SEINE
372,2006-10-04,385.022875,500.91094690650425,-118.5625015289916,2.6744296224873523,67.55668281722,26.97783778471061,61.40951634165237,11.61264587363702,False,-0.5208701337043296,BAY_OF_SEINE
373,2006-10-12,385.022875,506.0882220633333,-122.37912254704496,1.3137754837116518,67.55668281722,26.97783778471061,61.40951634165237,11.61264587363702,False,-0.5208701337043296,BAY_OF_SEINE
374,2006-10-20,409.82914285714287,510.9402368096326,-132.99013322267206,31.87903927018232,67.55668281722,26.97783778471061,61.40951634165237,11.61264587363702,False,-0.5208701337043296,BAY_OF_SEINE
375,2006-10-28,383.701875,515.4564913852511,-152.26033483778463,20.50571845253356,67.55668281722,26.97783778471061,61.40951634165237,11.61264587363702,False,-0.5208701337043296,BAY_OF_SEINE
376,2006-11-04,331.368875,519.6295799958405,-190.6682085245182,2.40750352867775,67.55668281722,26.97783778471061,61.40951634165237,11.61264587363702,False,-0.5208701337043296,BAY_OF_SEINE
377,2006-11-12,331.368875,523.4559254937471,-193.8034394513679,1.716388957620751,67.55668281722,26.97783778471061,61.40951634165237,11.61264587363702,False,-0.5208701337043296,BAY_OF_SEINE
378,2006-11-20,375.23375,526.9346060809851,-164.74255289353923,13.041696812554136,67.55668281722,26.97783778471061,61.40951634165237,11.61264587363702,False,-0.5208701337043296,BAY_OF_SEINE
379,2006-11-28,615.86125,530.0657491709055,-40.3962191275557,126.19171995665022,67.55668281722,26.97783778471061,61.40951634165237,11.61264587363702,False,-0.5208701337043296,BAY_OF_SEINE
380,2006-12-04,663.281,532.8518023585234,81.92788853675349,48.50130910472306,67.55668281722,26.97783778471061,61.40951634165237,11.61264587363702,False,-0.5208701337043296,BAY_OF_SEINE
381,2006-12-12,615.86125,535.2921998908417,102.65034867407176,-22.081298564913467,67.55668281722,26.97783778471061,61.40951634165237,11.61264587363702,False,-0.5208701337043296,BAY_OF_SEINE
382,2006-12-20,469.232625,537.3820768628962,19.508869399757323,-87.65832126265349,67.55668281722,26.97783778471061,61.40951634165237,11.61264587363702,False,-0.5208701337043296,BAY_OF_SEINE
383,2006-12-28,469.232625,539.1102754982657,-66.48701835074813,-3.390632147517536,67.55668281722,26.97783778471061,61.40951634165237,11.61264587363702,False,-0.5208701337043296,BAY_OF_SEINE
384,2007-01-04,566.9696250000001,540.4654669177662,-5.155163257610226,31.659321339844084,67.55668281722,26.97783778471061,61.40951634165237,11.61264587363702,False,-0.5208701337043296,BAY_OF_SEINE
385,2007-01-12,754.9702500000001,541.4365825333964,175.145483633599,38.38818383300466,67.55668281722,26.97783778471061,61.40951634165237,11.61264587363702,False,-0.5208701337043296,BAY_OF_SEINE
386,2007-01-20,833.6565,542.0109027096183,188.67119330000983,102.97440399037188,67.55668281722,26.97783778471061,61.40951634165237,11.61264587363702,False,-0.5208701337043296,BAY_OF_SEINE
387,2007-01-28,833.6565,542.177501259337,196.48001164911088,94.9989870915522,67.55668281722,26.97783778471061,61.40951634165237,11.61264587363702,False,-0.5208701337043296,BAY_OF_SEINE
388,2007-02-04,867.9541428571429,541.926010650027,228.77294917390387,97.25518303321198,67.55668281722,26.97783778471061,61.40951634165237,11.61264587363702,False,-0.5208701337043296,BAY_OF_SEINE
389,2007-02-12,997.7165,541.2500591237833,292.4877877059794,163.9786531702373,67.55668281722,26.97783778471061,61.40951634165237,11.61264587363702,False,-0.5208701337043296,BAY_OF_SEINE
390,2007-02-20,997.7165,540.1485677249979,287.44404060047736,170.12389167452477,67.55668281722,26.97783778471061,61.40951634165237,11.61264587363702,False,-0.5208701337043296,BAY_OF_SEINE
391,2007-02-28,1198.255125,538.6352909594491,407.4641882126616,252.15564582788943,67.55668281722,26.97783778471061,61.40951634165237,11.61264587363702,False,-0.5208701337043296,BAY_OF_SEINE
392,2007-03-04,1203.17775,536.7409320129356,417.6228243715844,248.8139936154801,67.55668281722,26.97783778471061,61.40951634165237,11.61264587363702,False,-0.5208701337043296,BAY_OF_SEINE
393,2007-03-12,1203.17775,534.5060822735368,485.6641650264141,183.00750270004917,67.55668281722,26.97783778471061,61.40951634165237,11.61264587363702,False,-0.5208701337043296,BAY_OF_SEINE
394,2007-03-20,779.60075,531.978842396091,379.936660280152,-132.31475267624302,67.55668281722,26.97783778471061,61.40951634165237,11.61264587363702,False,-0.5208701337043296,BAY_OF_SEINE
395,2007-03-28,763.9822857142857,529.2056706083446,409.2782353823145,-174.50162027637333,67.55668281722,26.97783778471061,61.40951634165237,11.61264587363702,False,-0.5208701337043296,BAY_OF_SEINE
396,2007-04-04,762.844,526.2290626252776,408.9406454129887,-172.3257080382662,67.55668281722,26.97783778471061,61.40951634165237,11.61264587363702,False,-0.5208701337043296,BAY_OF_SEINE
397,2007-04-12,504.9615,523.0844244362156,173.23841950047537,-191.361343936691,67.55668281722,26.97783778471061,61.40951634165237,11.61264587363702,False,-0.5208701337043296,BAY_OF_SEINE
398,2007-04-20,389.830625,519.8007047431914,67.79095112041412,-197.76103086360555,67.55668281722,26.97783778471061,61.40951634165237,11.61264587363702,False,-0.5208701337043296,BAY_OF_SEINE
399,2007-04-28,341.479,516.4015063604887,-19.821015424542274,-155.10149093594646,67.55668281722,26.97783778471061,61.40951634165237,11.61264587363702,False,-0.5208701337043296,BAY_OF_SEINE
400,2007-05-04,310.005875,512.9122325679281,-55.11093175979958,-147.7954258081285,67.55668281722,26.97783778471061,61.40951634165237,11.61264587363702,False,-0.5208701337043296,BAY_OF_SEINE
401,2007-05-12,310.005875,509.3629131350143,-104.6288831796428,-94.7281549553715,67.55668281722,26.97783778471061,61.40951634165237,11.61264587363702,False,-0.5208701337043296,BAY_OF_SEINE
402,2007-05-20,319.762625,505.7933086742084,-99.9041217126674,-86.12656196154097,67.55668281722,26.97783778471061,61.40951634165237,11.61264587363702,False,-0.5208701337043296,BAY_OF_SEINE
403,2007-05-28,319.762625,502.2503583363872,-106.88742728948118,-75.60030604690594,67.55668281722,26.97783778471061,61.40951634165237,11.61264587363702,False,-0.5208701337043296,BAY_OF_SEINE
404,2007-06-04,282.582625,498.7836866918759,-140.4815909424835,-75.7194707493924,67.55668281722,26.97783778471061,61.40951634165237,11.61264587363702,False,-0.5208701337043296,BAY_OF_SEINE
405,2007-06-12,282.582625,495.4429936694201,-166.91437999933808,-45.94598867008196,67.55668281722,26.97783778471061,61.40951634165237,11.61264587363702,False,-0.5208701337043296,BAY_OF_SEINE
406,2007-06-20,290.0466666666667,492.2756999295526,-195.9007899150129,-6.328243347873041,67.55668281722,26.97783778471061,61.40951634165237,11.61264587363702,False,-0.5208701337043296,BAY_OF_SEINE
407,2007-06-28,308.704875,489.3277820001308,-204.21046494999908,23.587557949868284,67.55668281722,26.97783778471061,61.40951634165237,11.61264587363702,False,-0.5208701337043296,BAY_OF_SEINE
408,2007-07-04,323.361625,486.64420342174304,-199.65209348484225,36.369515063099215,67.55668281722,26.97783778471061,61.40951634165237,11.61264587363702,False,-0.5208701337043296,BAY_OF_SEINE
409,2007-07-12,340.0135,484.2676741320227,-190.25939486904036,46.00522073701765,67.55668281722,26.97783778471061,61.40951634165237,11.61264587363702,False,-0.5208701337043296,BAY_OF_SEINE
410,2007-07-20,343.4788571428571,482.2373399178946,-203.1303500064516,64.37186723141411,67.55668281722,26.97783778471061,61.40951634165237,11.61264587363702,False,-0.5208701337043296,BAY_OF_SEINE
411,2007-07-28,343.4788571428571,480.5892108489084,-203.3359113405861,66.22555763453482,67.55668281722,26.97783778471061,61.40951634165237,11.61264587363702,False,-0.5208701337043296,BAY_OF_SEINE
412,2007-08-04,345.69625,479.3550199428712,-209.5035243555916,75.84475441272039,67.55668281722,26.97783778471061,61.40951634165237,11.61264587363702,False,-0.5208701337043296,BAY_OF_SEINE
413,2007-08-12,368.436125,478.5615702980799,-184.1213984382928,73.99595314021295,67.55668281722,26.97783778471061,61.40951634165237,11.61264587363702,False,-0.5208701337043296,BAY_OF_SEINE
414,2007-08-20,475.364625,478.2297577473388,-117.635013396621,114.7698806492822,67.55668281722,26.97783778471061,61.40951634165237,11.61264587363702,False,-0.5208701337043296,BAY_OF_SEINE
415,2007-08-28,475.364625,478.3751085681874,-112.27641256107032,109.26592899288288,67.55668281722,26.97783778471061,61.40951634165237,11.61264587363702,False,-0.5208701337043296,BAY_OF_SEINE
416,2007-09-04,374.64275,479.0065408723477,-157.4155262851843,53.05173541283656,67.55668281722,26.97783778471061,61.40951634165237,11.61264587363702,False,-0.5208701337043296,BAY_OF_SEINE
417,2007-09-12,319.75775,480.1254580777966,-173.26258166672915,12.894873588932512,67.55668281722,26.97783778471061,61.40951634165237,11.61264587363702,False,-0.5208701337043296,BAY_OF_SEINE
418,2007-09-20,311.0681666666667,481.7248715117228,-174.5766009859975,3.919896140941347,67.55668281722,26.97783778471061,61.40951634165237,11.61264587363702,False,-0.5208701337043296,BAY_OF_SEINE
419,2007-09-28,311.0681666666667,483.78958145134,-182.1346439911681,9.413229206494805,67.55668281722,26.97783778471061,61.40951634165237,11.61264587363702,False,-0.5208701337043296,BAY_OF_SEINE
420,2007-10-04,355.35025,486.2979601556396,-131.8055036168117,0.857793461172065,67.55668281722,26.97783778471061,61.40951634165237,11.61264587363702,False,-0.5208701337043296,BAY_OF_SEINE
421,2007-10-12,355.35025,489.2237175773975,-132.51227152131264,-1.361196056084907,67.55668281722,26.97783778471061,61.40951634165237,11.61264587363702,False,-0.5208701337043296,BAY_OF_SEINE
422,2007-10-20,301.524625,492.5369816223541,-155.45792656984855,-35.55443005250555,67.55668281722,26.97783778471061,61.40951634165237,11.61264587363702,False,-0.5208701337043296,BAY_OF_SEINE
423,2007-10-28,291.63771428571425,496.2026870630215,-144.8554334574486,-59.70953931985861,67.55668281722,26.97783778471061,61.40951634165237,11.61264587363702,False,-0.5208701337043296,BAY_OF_SEINE
424,2007-11-04,263.213125,500.1797356047971,-158.76017166972343,-78.20643893507366,67.55668281722,26.97783778471061,61.40951634165237,11.61264587363702,False,-0.5208701337043296,BAY_OF_SEINE
425,2007-11-12,263.213125,504.4200742781448,-160.54165630913167,-80.66529296901314,67.55668281722,26.97783778471061,61.40951634165237,11.61264587363702,False,-0.5208701337043296,BAY_OF_SEINE
426,2007-11-20,295.0768333333333,508.8708520558396,-143.2362418845256,-70.55777683798061,67.55668281722,26.97783778471061,61.40951634165237,11.61264587363702,False,-0.5208701337043296,BAY_OF_SEINE
427,2007-11-28,304.0,513.4777036530896,-79.72798871090083,-129.7497149421888,67.55668281722,26.97783778471061,61.40951634165237,11.61264587363702,False,-0.5208701337043296,BAY_OF_SEINE
428,2007-12-04,621.50775,518.1869503510529,135.33577585732715,-32.01497620838009,67.55668281722,26.97783778471061,61.40951634165237,11.61264587363702,False,-0.5208701337043296,BAY_OF_SEINE
429,2007-12-12,808.762,522.9465154108893,215.19707667427764,70.61840791483297,67.55668281722,26.97783778471061,61.40951634165237,11.61264587363702,False,-0.5208701337043296,BAY_OF_SEINE
430,2007-12-20,808.762,527.7031949572596,156.57786352440365,124.48094151833672,67.55668281722,26.97783778471061,61.40951634165237,11.61264587363702,False,-0.5208701337043296,BAY_OF_SEINE
431,2007-12-28,473.4851428571429,532.406608236525,-38.74195805127217,-20.17950732810997,67.55668281722,26.97783778471061,61.40951634165237,11.61264587363702,False,-0.5208701337043296,BAY_OF_SEINE
432,2008-01-04,473.4851428571429,537.0136539553231,-38.31965297063285,-25.20885812754737,67.55668281722,26.97783778471061,61.40951634165237,11.61264587363702,False,-0.5208701337043296,BAY_OF_SEINE
433,2008-01-12,707.83325,541.4934181764696,124.95971320516254,41.38011861836786,67.55668281722,26.97783778471061,61.40951634165237,11.61264587363702,False,-0.5208701337043296,BAY_OF_SEINE
434,2008-01-20,707.83325,545.8250161811769,203.40060196968128,-41.392368150858175,67.55668281722,26.97783778471061,61.40951634165237,11.61264587363702,False,-0.5208701337043296,BAY_OF_SEINE
435,2008-01-28,745.25325,549.9912378222701,226.486184073616,-31.22417189588612,67.55668281722,26.97783778471061,61.40951634165237,11.61264587363702,False,-0.5208701337043296,BAY_OF_SEINE
436,2008-02-04,862.426875,553.979627298305,345.5784901327319,-37.13124243103687,67.55668281722,26.97783778471061,61.40951634165237,11.61264587363702,False,-0.5208701337043296,BAY_OF_SEINE
437,2008-02-12,862.426875,557.7794486880464,351.1766856367296,-46.52925932477598,67.55668281722,26.97783778471061,61.40951634165237,11.61264587363702,False,-0.5208701337043296,BAY_OF_SEINE
438,2008-02-20,523.271125,561.3841153602616,181.783819278962,-219.8968096392236,67.55668281722,26.97783778471061,61.40951634165237,11.61264587363702,False,-0.5208701337043296,BAY_OF_SEINE
439,2008-02-28,523.271125,564.7882563007909,188.5524806186116,-230.0696119194025,67.55668281722,26.97783778471061,61.40951634165237,11.61264587363702,False,-0.5208701337043296,BAY_OF_SEINE
440,2008-03-04,557.1555000000001,567.9876828244716,203.14513077460143,-213.97731359907291,67.55668281722,26.97783778471061,61.40951634165237,11.61264587363702,False,-0.5208701337043296,BAY_OF_SEINE
441,2008-03-12,671.02625,570.9773722141757,251.68279826472457,-151.63392047890028,67.55668281722,26.97783778471061,61.40951634165237,11.61264587363702,False,-0.5208701337043296,BAY_OF_SEINE
442,2008-03-20,1015.611,573.7435377150545,311.08019474704133,130.7872675379042,67.55668281722,26.97783778471061,61.40951634165237,11.61264587363702,False,-0.5208701337043296,BAY_OF_SEINE
443,2008-03-28,1174.777375,576.2625021322249,383.92237289250346,214.59249997527155,67.55668281722,26.97783778471061,61.40951634165237,11.61264587363702,False,-0.5208701337043296,BAY_OF_SEINE
444,2008-04-04,1174.777375,578.4996382082185,375.98802625279217,220.28971053898923,67.55668281722,26.97783778471061,61.40951634165237,11.61264587363702,False,-0.5208701337043296,BAY_OF_SEINE
445,2008-04-12,1058.680875,580.4194799679917,238.48030667350707,239.7810883585012,67.55668281722,26.97783778471061,61.40951634165237,11.61264587363702,False,-0.5208701337043296,BAY_OF_SEINE
446,2008-04-20,986.094,581.9866336866204,173.82512246286285,230.2822438505168,67.55668281722,26.97783778471061,61.40951634165237,11.61264587363702,False,-0.5208701337043296,BAY_OF_SEINE
447,2008-04-28,808.5245,583.1639947633591,70.8374255015322,154.52307973510864,67.55668281722,26.97783778471061,61.40951634165237,11.61264587363702,False,-0.5208701337043296,BAY_OF_SEINE
448,2008-05-04,730.373375,583.9127982411835,28.74417414175102,117.71640261706548,67.55668281722,26.97783778471061,61.40951634165237,11.61264587363702,False,-0.5208701337043296,BAY_OF_SEINE
449,2008-05-12,494.968625,584.1940386212167,-84.39840689577015,-4.827006725446566,67.55668281722,26.97783778471061,61.40951634165237,11.61264587363702,False,-0.5208701337043296,BAY_OF_SEINE
450,2008-05-20,494.968625,583.966872958094,-82.62145717881567,-6.376790779278323,67.55668281722,26.97783778471061,61.40951634165237,11.61264587363702,False,-0.5208701337043296,BAY_OF_SEINE
451,2008-05-28,511.0777142857143,583.1914128295779,-97.87353567312104,25.75983712925748,67.55668281722,26.97783778471061,61.40951634165237,11.61264587363702,False,-0.5208701337043296,BAY_OF_SEINE
452,2008-06-04,522.047375,581.831422744956,-100.53923291374792,40.75518516879197,67.55668281722,26.97783778471061,61.40951634165237,11.61264587363702,False,-0.5208701337043296,BAY_OF_SEINE
453,2008-06-12,522.047375,579.8561839926209,-108.18561269581218,50.37680370319126,67.55668281722,26.97783778471061,61.40951634165237,11.61264587363702,False,-0.5208701337043296,BAY_OF_SEINE
454,2008-06-20,424.795625,577.242658666426,-152.63012170259842,0.1830880361723927,67.55668281722,26.97783778471061,61.40951634165237,11.61264587363702,False,-0.5208701337043296,BAY_OF_SEINE
455,2008-06-28,360.1075,573.9761834701744,-189.0106019030964,-24.858081567078017,67.55668281722,26.97783778471061,61.40951634165237,11.61264587363702,False,-0.5208701337043296,BAY_OF_SEINE
456,2008-07-04,346.744875,570.0511203424991,-194.848326827588,-28.45791851491109,67.55668281722,26.97783778471061,61.40951634165237,11.61264587363702,False,-0.5208701337043296,BAY_OF_SEINE
457,2008-07-12,346.744875,565.4707017362531,-188.4506578199086,-30.275168916344512,67.55668281722,26.97783778471061,61.40951634165237,11.61264587363702,False,-0.5208701337043296,BAY_OF_SEINE
458,2008-07-20,300.651,560.2466346402003,-198.0192111513253,-61.576423488875065,67.55668281722,26.97783778471061,61.40951634165237,11.61264587363702,False,-0.5208701337043296,BAY_OF_SEINE
459,2008-07-28,300.651,554.3981670945601,-194.74263738193375,-59.00452971262632,67.55668281722,26.97783778471061,61.40951634165237,11.61264587363702,False,-0.5208701337043296,BAY_OF_SEINE
460,2008-08-04,275.44,547.952443118124,-211.10685484949545,-61.405588268628605,67.55668281722,26.97783778471061,61.40951634165237,11.61264587363702,False,-0.5208701337043296,BAY_OF_SEINE
461,2008-08-12,289.459375,540.9444517761295,-201.43729528134884,-50.04778149478068,67.55668281722,26.97783778471061,61.40951634165237,11.61264587363702,False,-0.5208701337043296,BAY_OF_SEINE
462,2008-08-20,289.459375,533.4176913492247,-173.7820302159198,-70.17628613330487,67.55668281722,26.97783778471061,61.40951634165237,11.61264587363702,False,-0.5208701337043296,BAY_OF_SEINE
463,2008-08-28,289.459375,525.4237245566541,-171.30565805881034,-64.6586914978437,67.55668281722,26.97783778471061,61.40951634165237,11.61264587363702,False,-0.5208701337043296,BAY_OF_SEINE
464,2008-09-04,292.213,517.0209790091932,-189.53756854936708,-35.27041045982608,67.55668281722,26.97783778471061,61.40951634165237,11.61264587363702,False,-0.5208701337043296,BAY_OF_SEINE
465,2008-09-12,341.915,508.27114263863234,-173.32195668709443,6.96581404846205,67.55668281722,26.97783778471061,61.40951634165237,11.61264587363702,False,-0.5208701337043296,BAY_OF_SEINE
466,2008-09-20,341.915,499.2374414034889,-170.04728598655456,12.724844583065618,67.55668281722,26.97783778471061,61.40951634165237,11.61264587363702,False,-0.5208701337043296,BAY_OF_SEINE
467,2008-09-28,304.569875,489.9852267157462,-181.93398627273717,-3.4813654430090253,67.55668281722,26.97783778471061,61.40951634165237,11.61264587363702,False,-0.5208701337043296,BAY_OF_SEINE
468,2008-10-04,299.287875,480.5823885189668,-159.84205712965462,-21.452456389312147,67.55668281722,26.97783778471061,61.40951634165237,11.61264587363702,False,-0.5208701337043296,BAY_OF_SEINE
469,2008-10-12,299.287875,471.0977810327557,-153.26800661802196,-18.54189941473373,67.55668281722,26.97783778471061,61.40951634165237,11.61264587363702,False,-0.5208701337043296,BAY_OF_SEINE
470,2008-10-20,299.287875,461.5991431784293,-164.4168994785987,2.105631300169449,67.55668281722,26.97783778471061,61.40951634165237,11.61264587363702,False,-0.5208701337043296,BAY_OF_SEINE
471,2008-10-28,397.9248571428572,452.15228426639305,-112.64901745643212,58.421590332896216,67.55668281722,26.97783778471061,61.40951634165237,11.61264587363702,False,-0.5208701337043296,BAY_OF_SEINE
472,2008-11-04,461.22275,442.8206894210145,-76.014413426503,94.41647400548852,67.55668281722,26.97783778471061,61.40951634165237,11.61264587363702,False,-0.5208701337043296,BAY_OF_SEINE
473,2008-11-12,461.22275,433.6655261461296,-69.93298976546447,97.49021361933497,67.55668281722,26.97783778471061,61.40951634165237,11.61264587363702,False,-0.5208701337043296,BAY_OF_SEINE
474,2008-11-20,427.5016666666667,424.7485747401424,-76.36727107467496,79.12036300119925,67.55668281722,26.97783778471061,61.40951634165237,11.61264587363702,False,-0.5208701337043296,BAY_OF_SEINE
475,2008-11-28,427.5016666666667,416.1310174974942,-54.51274577859367,65.88339494776618,67.55668281722,26.97783778471061,61.40951634165237,11.61264587363702,False,-0.5208701337043296,BAY_OF_SEINE
476,2008-12-04,610.887125,407.8699969372433,135.6028564401912,67.41427162256548,67.55668281722,26.97783778471061,61.40951634165237,11.61264587363702,False,-0.5208701337043296,BAY_OF_SEINE
477,2008-12-12,610.887125,400.0187090867385,185.15600104353987,25.712414869721584,67.55668281722,26.97783778471061,61.40951634165237,11.61264587363702,False,-0.5208701337043296,BAY_OF_SEINE
478,2008-12-20,530.652375,392.63333066046846,147.56503972847156,-9.545995388940014,67.55668281722,26.97783778471061,61.40951634165237,11.61264587363702,False,-0.5208701337043296,BAY_OF_SEINE
479,2008-12-28,425.57642857142855,385.7677452368416,90.71163841895348,-50.90295508436654,67.55668281722,26.97783778471061,61.40951634165237,11.61264587363702,False,-0.5208701337043296,BAY_OF_SEINE
480,2009-01-04,333.602,379.4631549861768,46.78313870522415,-92.64429369140096,67.55668281722,26.97783778471061,61.40951634165237,11.61264587363702,False,-0.5208701337043296,BAY_OF_SEINE
481,2009-01-12,333.602,373.7452534916695,77.1242674667356,-117.2675209584051,67.55668281722,26.97783778471061,61.40951634165237,11.61264587363702,False,-0.5208701337043296,BAY_OF_SEINE
482,2009-01-20,572.20325,368.6300805053967,189.07776838965265,14.495401104950702,67.55668281722,26.97783778471061,61.40951634165237,11.61264587363702,False,-0.5208701337043296,BAY_OF_SEINE
483,2009-01-28,593.3395,364.1264494220341,219.0795681053463,10.13348247261962,67.55668281722,26.97783778471061,61.40951634165237,11.61264587363702,False,-0.5208701337043296,BAY_OF_SEINE
484,2009-02-04,804.186875,360.2272327542358,406.10570819563975,37.85393405012445,67.55668281722,26.97783778471061,61.40951634165237,11.61264587363702,False,-0.5208701337043296,BAY_OF_SEINE
485,2009-02-12,698.571625,356.9090550968349,354.1257015176063,-12.463131614441124,67.55668281722,26.97783778471061,61.40951634165237,11.61264587363702,False,-0.5208701337043296,BAY_OF_SEINE
486,2009-02-20,698.571625,354.13227204051736,287.3106309783457,57.12872198113695,67.55668281722,26.97783778471061,61.40951634165237,11.61264587363702,False,-0.5208701337043296,BAY_OF_SEINE
487,2009-02-28,522.61075,351.842461235004,200.09166586833075,-29.323377103334707,67.55668281722,26.97783778471061,61.40951634165237,11.61264587363702,False,-0.5208701337043296,BAY_OF_SEINE
488,2009-03-04,506.869125,349.9722682955886,201.02848866907132,-44.13163196465996,67.55668281722,26.97783778471061,61.40951634165237,11.61264587363702,False,-0.5208701337043296,BAY_OF_SEINE
489,2009-03-12,474.316625,348.4531559852562,137.96722961954347,-12.103760604799705,67.55668281722,26.97783778471061,61.40951634165237,11.61264587363702,False,-0.5208701337043296,BAY_OF_SEINE
490,2009-03-20,448.6924285714285,347.22611801452666,196.20693294565888,-94.740622388757,67.55668281722,26.97783778471061,61.40951634165237,11.61264587363702,False,-0.5208701337043296,BAY_OF_SEINE
491,2009-03-28,439.29175,346.2466302943509,230.6665476794884,-137.6214279738393,67.55668281722,26.97783778471061,61.40951634165237,11.61264587363702,False,-0.5208701337043296,BAY_OF_SEINE
492,2009-04-04,408.64375,345.4864052323828,214.36966577559792,-151.21232100798068,67.55668281722,26.97783778471061,61.40951634165237,11.61264587363702,False,-0.5208701337043296,BAY_OF_SEINE
493,2009-04-12,347.03175,344.9240033881917,151.04379458353864,-148.9360479717304,67.55668281722,26.97783778471061,61.40951634165237,11.61264587363702,False,-0.5208701337043296,BAY_OF_SEINE
494,2009-04-20,347.03175,344.54046785048394,102.97273302816238,-100.48145087864631,67.55668281722,26.97783778471061,61.40951634165237,11.61264587363702,False,-0.5208701337043296,BAY_OF_SEINE
495,2009-04-28,338.2015,344.319959639645,40.69922216135049,-46.81768180099547,67.55668281722,26.97783778471061,61.40951634165237,11.61264587363702,False,-0.5208701337043296,BAY_OF_SEINE
496,2009-05-04,360.14900000000006,344.2476607905561,29.017590483009634,-13.11625127356573,67.55668281722,26.97783778471061,61.40951634165237,11.61264587363702,False,-0.5208701337043296,BAY_OF_SEINE
497,2009-05-12,382.504375,344.30766301025733,-23.760418653343336,61.95713064308599,67.55668281722,26.97783778471061,61.40951634165237,11.61264587363702,False,-0.5208701337043296,BAY_OF_SEINE
498,2009-05-20,382.504375,344.4836976371299,-35.45507287064661,73.47575023351666,67.55668281722,26.97783778471061,61.40951634165237,11.61264587363702,False,-0.5208701337043296,BAY_OF_SEINE
499,2009-05-28,288.3772857142857,344.7590428631382,-81.45522623460772,25.07346908575522,67.55668281722,26.97783778471061,61.40951634165237,11.61264587363702,False,-0.5208701337043296,BAY_OF_SEINE
500,2009-06-04,288.3772857142857,345.1194816693745,-79.49584299775422,22.753647042665374,67.55668281722,26.97783778471061,61.40951634165237,11.61264587363702,False,-0.5208701337043296,BAY_OF_SEINE
501,2009-06-12,249.934375,345.5532600421375,-101.4587090599396,5.839824017802101,67.55668281722,26.97783778471061,61.40951634165237,11.61264587363702,False,-0.5208701337043296,BAY_OF_SEINE
502,2009-06-20,249.934375,346.0492383478556,-133.79227059171825,37.67740724386266,67.55668281722,26.97783778471061,61.40951634165237,11.61264587363702,False,-0.5208701337043296,BAY_OF_SEINE
503,2009-06-28,211.52,346.5957917315573,-177.9171006628356,42.84130893127826,67.55668281722,26.97783778471061,61.40951634165237,11.61264587363702,False,-0.5208701337043296,BAY_OF_SEINE
504,2009-07-04,199.60075,347.17895024400497,-194.4642127648688,46.88601252086386,67.55668281722,26.97783778471061,61.40951634165237,11.61264587363702,False,-0.5208701337043296,BAY_OF_SEINE
505,2009-07-12,199.60075,347.783102100204,-202.58948639202197,54.407134291817925,67.55668281722,26.97783778471061,61.40951634165237,11.61264587363702,False,-0.5208701337043296,BAY_OF_SEINE
506,2009-07-20,236.0877142857143,348.3916845914418,-200.3874948298487,88.0835245241212,67.55668281722,26.97783778471061,61.40951634165237,11.61264587363702,False,-0.5208701337043296,BAY_OF_SEINE
507,2009-07-28,236.0877142857143,348.9878696464606,-203.51286879493895,90.6127134341927,67.55668281722,26.97783778471061,61.40951634165237,11.61264587363702,False,-0.5208701337043296,BAY_OF_SEINE
508,2009-08-04,208.07525,349.5545974964681,-223.87698576268028,82.3976382662122,67.55668281722,26.97783778471061,61.40951634165237,11.61264587363702,False,-0.5208701337043296,BAY_OF_SEINE
509,2009-08-12,184.944,350.0757756976881,-223.34363873665865,58.21186303897056,67.55668281722,26.97783778471061,61.40951634165237,11.61264587363702,False,-0.5208701337043296,BAY_OF_SEINE
510,2009-08-20,178.873,350.5360603555737,-210.04711085481665,38.38405049924296,67.55668281722,26.97783778471061,61.40951634165237,11.61264587363702,False,-0.5208701337043296,BAY_OF_SEINE
511,2009-08-28,178.873,350.9207700038108,-211.08005120484785,39.03228120103702,67.55668281722,26.97783778471061,61.40951634165237,11.61264587363702,False,-0.5208701337043296,BAY_OF_SEINE
512,2009-09-04,186.367375,351.21673023130734,-209.5535941594593,44.704238928152,67.55668281722,26.97783778471061,61.40951634165237,11.61264587363702,False,-0.5208701337043296,BAY_OF_SEINE
513,2009-09-12,186.367375,351.4145290893643,-203.0691382400564,38.021984150692106,67.55668281722,26.97783778471061,61.40951634165237,11.61264587363702,False,-0.5208701337043296,BAY_OF_SEINE
514,2009-09-20,182.839375,351.5097667338067,-195.97426399474324,27.303872260936515,67.55668281722,26.97783778471061,61.40951634165237,11.61264587363702,False,-0.5208701337043296,BAY_OF_SEINE
515,2009-09-28,182.839375,351.5023569742465,-182.05547843260467,13.39249645835818,67.55668281722,26.97783778471061,61.40951634165237,11.61264587363702,False,-0.5208701337043296,BAY_OF_SEINE
516,2009-10-04,208.35875,351.39400051109345,-165.77250681327348,22.73725630218001,67.55668281722,26.97783778471061,61.40951634165237,11.61264587363702,False,-0.5208701337043296,BAY_OF_SEINE
517,2009-10-12,208.35875,351.1889710861465,-175.4660930891049,32.635872002958365,67.55668281722,26.97783778471061,61.40951634165237,11.61264587363702,False,-0.5208701337043296,BAY_OF_SEINE
518,2009-10-20,195.26275,350.8965281446759,-180.9787073195279,25.344929174851984,67.55668281722,26.97783778471061,61.40951634165237,11.61264587363702,False,-0.5208701337043296,BAY_OF_SEINE
519,2009-10-28,195.26275,350.5322183985157,-151.53394753541977,-3.7355208630959,67.55668281722,26.97783778471061,61.40951634165237,11.61264587363702,False,-0.5208701337043296,BAY_OF_SEINE
520,2009-11-04,227.190375,350.1183192199063,-113.29839337398649,-9.629550845919807,67.55668281722,26.97783778471061,61.40951634165237,11.61264587363702,False,-0.5208701337043296,BAY_OF_SEINE
521,2009-11-12,239.2095,349.6835493811355,-10.8163915888986,-99.6576577922369,67.55668281722,26.97783778471061,61.40951634165237,11.61264587363702,False,-0.5208701337043296,BAY_OF_SEINE
522,2009-11-20,239.2095,349.2540685481628,-15.36811198151997,-94.6764565666428,67.55668281722,26.97783778471061,61.40951634165237,11.61264587363702,False,-0.5208701337043296,BAY_OF_SEINE
523,2009-11-28,306.6893333333333,348.852763670484,-15.10247419913984,-27.060956138010877,67.55668281722,26.97783778471061,61.40951634165237,11.61264587363702,False,-0.5208701337043296,BAY_OF_SEINE
524,2009-12-04,371.5135,348.5027320428123,66.85637268713295,-43.84560472994521,67.55668281722,26.97783778471061,61.40951634165237,11.61264587363702,False,-0.5208701337043296,BAY_OF_SEINE
525,2009-12-12,371.5135,348.22812816599566,187.79111928391416,-164.5057474499098,67.55668281722,26.97783778471061,61.40951634165237,11.61264587363702,False,-0.5208701337043296,BAY_OF_SEINE
526,2009-12-20,371.5135,348.04753633350344,183.29234152847695,-159.8263778619804,67.55668281722,26.97783778471061,61.40951634165237,11.61264587363702,False,-0.5208701337043296,BAY_OF_SEINE
527,2009-12-28,680.7298571428572,347.9765790619097,372.8541180317619,-40.10083995081442,67.55668281722,26.97783778471061,61.40951634165237,11.61264587363702,False,-0.5208701337043296,BAY_OF_SEINE
528,2010-01-04,680.7298571428572,348.0288702199583,398.5003643498856,-65.79937742698667,67.55668281722,26.97783778471061,61.40951634165237,11.61264587363702,False,-0.5208701337043296,BAY_OF_SEINE
529,2010-01-12,559.983875,348.21507607652904,311.77086539533,-100.002066471859,67.55668281722,26.97783778471061,61.40951634165237,11.61264587363702,False,-0.5208701337043296,BAY_OF_SEINE
530,2010-01-20,524.2914285714286,348.5462059935353,356.0607882547826,-180.3155656768893,67.55668281722,26.97783778471061,61.40951634165237,11.61264587363702,False,-0.5208701337043296,BAY_OF_SEINE
531,2010-01-28,559.983875,349.0330563772545,269.77479506560167,-58.82397644285618,67.55668281722,26.97783778471061,61.40951634165237,11.61264587363702,False,-0.5208701337043296,BAY_OF_SEINE
532,2010-02-04,765.40425,349.69654161847546,364.0549533876039,51.65275499392072,67.55668281722,26.97783778471061,61.40951634165237,11.61264587363702,False,-0.5208701337043296,BAY_OF_SEINE
533,2010-02-12,765.40425,350.56513644883614,315.0539478797608,99.78516567140308,67.55668281722,26.97783778471061,61.40951634165237,11.61264587363702,False,-0.5208701337043296,BAY_OF_SEINE
534,2010-02-20,833.9995,351.6720191874243,345.4494247668189,136.8780560457568,67.55668281722,26.97783778471061,61.40951634165237,11.61264587363702,False,-0.5208701337043296,BAY_OF_SEINE
535,2010-02-28,833.9995,353.0511530999132,301.1978741766439,179.75047272344295,67.55668281722,26.97783778471061,61.40951634165237,11.61264587363702,False,-0.5208701337043296,BAY_OF_SEINE
536,2010-03-04,833.9995,354.7360056583068,298.0313846110763,181.2321097306169,67.55668281722,26.97783778471061,61.40951634165237,11.61264587363702,False,-0.5208701337043296,BAY_OF_SEINE
537,2010-03-12,533.040875,356.7533754257769,117.24428930524373,59.04321026897944,67.55668281722,26.97783778471061,61.40951634165237,11.61264587363702,False,-0.5208701337043296,BAY_OF_SEINE
538,2010-03-20,473.30271428571433,359.12288831832603,79.07342536249595,35.10640060489234,67.55668281722,26.97783778471061,61.40951634165237,11.61264587363702,False,-0.5208701337043296,BAY_OF_SEINE
539,2010-03-28,473.30271428571433,361.8555360333897,72.9649122856743,38.482265966650345,67.55668281722,26.97783778471061,61.40951634165237,11.61264587363702,False,-0.5208701337043296,BAY_OF_SEINE
540,2010-04-04,473.30271428571433,364.9510822488153,65.29035670743798,43.06127532946107,67.55668281722,26.97783778471061,61.40951634165237,11.61264587363702,False,-0.5208701337043296,BAY_OF_SEINE
541,2010-04-12,462.735,368.4006393232344,30.50521773576392,63.82914294100166,67.55668281722,26.97783778471061,61.40951634165237,11.61264587363702,False,-0.5208701337043296,BAY_OF_SEINE
542,2010-04-20,346.321625,372.1899724661637,-38.86512340563196,12.9967759394682,67.55668281722,26.97783778471061,61.40951634165237,11.61264587363702,False,-0.5208701337043296,BAY_OF_SEINE
543,2010-04-28,295.2183333333333,376.301045065293,-70.62231706070311,-10.460394671256594,67.55668281722,26.97783778471061,61.40951634165237,11.61264587363702,False,-0.5208701337043296,BAY_OF_SEINE
544,2010-05-04,284.700375,380.7160265888425,-75.76929630412819,-20.246355284714312,67.55668281722,26.97783778471061,61.40951634165237,11.61264587363702,False,-0.5208701337043296,BAY_OF_SEINE
545,2010-05-12,270.258125,385.4179004598183,-86.14391023118253,-29.01586522863579,67.55668281722,26.97783778471061,61.40951634165237,11.61264587363702,False,-0.5208701337043296,BAY_OF_SEINE
546,2010-05-20,233.379125,390.3890988095423,-109.58177090116514,-47.42820290837717,67.55668281722,26.97783778471061,61.40951634165237,11.61264587363702,False,-0.5208701337043296,BAY_OF_SEINE
547,2010-05-28,230.3557142857143,395.6090585643775,-135.9590177522518,-29.2943265264114,67.55668281722,26.97783778471061,61.40951634165237,11.61264587363702,False,-0.5208701337043296,BAY_OF_SEINE
548,2010-06-04,230.3557142857143,401.0507385975012,-135.69819252150145,-34.99683179028543,67.55668281722,26.97783778471061,61.40951634165237,11.61264587363702,False,-0.5208701337043296,BAY_OF_SEINE
549,2010-06-12,220.636125,406.6789426097664,-150.44489653057698,-35.59792107918943,67.55668281722,26.97783778471061,61.40951634165237,11.61264587363702,False,-0.5208701337043296,BAY_OF_SEINE
550,2010-06-20,193.735,412.4529525221256,-171.14231122417343,-47.57564129795213,67.55668281722,26.97783778471061,61.40951634165237,11.61264587363702,False,-0.5208701337043296,BAY_OF_SEINE
551,2010-06-28,175.10433333333333,418.3274600701203,-201.1097371996165,-42.11338953717049,67.55668281722,26.97783778471061,61.40951634165237,11.61264587363702,False,-0.5208701337043296,BAY_OF_SEINE
552,2010-07-04,175.10433333333333,424.25493948233407,-218.44341497124785,-30.70719117775292,67.55668281722,26.97783778471061,61.40951634165237,11.61264587363702,False,-0.5208701337043296,BAY_OF_SEINE
553,2010-07-12,169.023875,430.186308789865,-231.56555179217585,-29.59688199768911,67.55668281722,26.97783778471061,61.40951634165237,11.61264587363702,False,-0.5208701337043296,BAY_OF_SEINE
554,2010-07-20,169.023875,436.0720395564905,-219.8684880842116,-47.17967647227894,67.55668281722,26.97783778471061,61.40951634165237,11.61264587363702,False,-0.5208701337043296,BAY_OF_SEINE
555,2010-07-28,166.2155,441.8623663851728,-223.2641935560798,-52.38267282909297,67.55668281722,26.97783778471061,61.40951634165237,11.61264587363702,False,-0.5208701337043296,BAY_OF_SEINE
556,2010-08-04,166.2155,447.5072951854759,-232.2375738204991,-49.05422136497685,67.55668281722,26.97783778471061,61.40951634165237,11.61264587363702,False,-0.5208701337043296,BAY_OF_SEINE
557,2010-08-12,196.28375,452.9561525791965,-222.23639457738184,-34.43600800181463,67.55668281722,26.97783778471061,61.40951634165237,11.61264587363702,False,-0.5208701337043296,BAY_OF_SEINE
558,2010-08-20,260.6865714285714,458.15818239088287,-188.55183277357364,-8.919778188737808,67.55668281722,26.97783778471061,61.40951634165237,11.61264587363702,False,-0.5208701337043296,BAY_OF_SEINE
559,2010-08-28,260.6865714285714,463.0637505128781,-185.56460210869076,-16.81257697561597,67.55668281722,26.97783778471061,61.40951634165237,11.61264587363702,False,-0.5208701337043296,BAY_OF_SEINE
560,2010-09-04,254.00475,467.6256158595231,-186.06528002718176,-27.555585832341364,67.55668281722,26.97783778471061,61.40951634165237,11.61264587363702,False,-0.5208701337043296,BAY_OF_SEINE
561,2010-09-12,229.288875,471.80033610766975,-204.7121333891824,-37.799327718487405,67.55668281722,26.97783778471061,61.40951634165237,11.61264587363702,False,-0.5208701337043296,BAY_OF_SEINE
562,2010-09-20,254.00475,475.54908942634336,-193.98254395471577,-27.56179547162759,67.55668281722,26.97783778471061,61.40951634165237,11.61264587363702,False,-0.5208701337043296,BAY_OF_SEINE
563,2010-09-28,329.771,478.8377823164369,-160.6790243174421,11.6122420010052,67.55668281722,26.97783778471061,61.40951634165237,11.61264587363702,False,-0.5208701337043296,BAY_OF_SEINE
564,2010-10-04,329.771,481.6384875036923,-153.96104569438165,2.0935581906893503,67.55668281722,26.97783778471061,61.40951634165237,11.61264587363702,False,-0.5208701337043296,BAY_OF_SEINE
565,2010-10-12,272.431375,483.9292021816618,-179.08025173458887,-32.41757544707295,67.55668281722,26.97783778471061,61.40951634165237,11.61264587363702,False,-0.5208701337043296,BAY_OF_SEINE
566,2010-10-20,257.6382857142857,485.6944223258217,-188.94710364981904,-39.109032961716935,67.55668281722,26.97783778471061,61.40951634165237,11.61264587363702,False,-0.5208701337043296,BAY_OF_SEINE
567,2010-10-28,257.6382857142857,486.92342185318114,-185.77444069876643,-43.51069544012898,67.55668281722,26.97783778471061,61.40951634165237,11.61264587363702,False,-0.5208701337043296,BAY_OF_SEINE
568,2010-11-04,265.325625,487.60881680629257,-169.91955897055195,-52.36363283574062,67.55668281722,26.97783778471061,61.40951634165237,11.61264587363702,False,-0.5208701337043296,BAY_OF_SEINE
569,2010-11-12,634.7408750000001,487.7448504030869,16.41599296108833,130.58003163582484,67.55668281722,26.97783778471061,61.40951634165237,11.61264587363702,False,-0.5208701337043296,BAY_OF_SEINE
570,2010-11-20,634.7408750000001,487.3303381206028,6.003959120080273,141.406577759317,67.55668281722,26.97783778471061,61.40951634165237,11.61264587363702,False,-0.5208701337043296,BAY_OF_SEINE
571,2010-11-28,485.4258333333333,486.3668356155433,-52.16673931275589,51.22573703054585,67.55668281722,26.97783778471061,61.40951634165237,11.61264587363702,False,-0.5208701337043296,BAY_OF_SEINE
572,2010-12-04,485.4258333333333,484.8594913795944,-18.82765801504528,19.393999968784197,67.55668281722,26.97783778471061,61.40951634165237,11.61264587363702,False,-0.5208701337043296,BAY_OF_SEINE
573,2010-12-12,954.656625,482.8155868171002,287.062253584301,184.77878459859875,67.55668281722,26.97783778471061,61.40951634165237,11.61264587363702,False,-0.5208701337043296,BAY_OF_SEINE
574,2010-12-20,1003.49875,480.2422554113214,404.0065946502437,119.24989993843496,67.55668281722,26.97783778471061,61.40951634165237,11.61264587363702,False,-0.5208701337043296,BAY_OF_SEINE
575,2010-12-28,1236.515875,477.14447240940194,635.9545302613341,123.41687232926404,67.55668281722,26.97783778471061,61.40951634165237,11.61264587363702,False,-0.5208701337043296,BAY_OF_SEINE
576,2011-01-04,1420.158,473.5325144809703,763.2408290441979,183.38465647483167,67.55668281722,26.97783778471061,61.40951634165237,11.61264587363702,False,-0.5208701337043296,BAY_OF_SEINE
577,2011-01-12,1304.019875,469.422768191424,675.7930593166409,158.80404749193508,67.55668281722,26.97783778471061,61.40951634165237,11.61264587363702,False,-0.5208701337043296,BAY_OF_SEINE
578,2011-01-20,1304.019875,464.8307606218529,590.7945377970059,248.3945765811412,67.55668281722,26.97783778471061,61.40951634165237,11.61264587363702,False,-0.5208701337043296,BAY_OF_SEINE
579,2011-01-28,857.4042857142857,459.7791665831364,352.0616267770696,45.5634923540797,67.55668281722,26.97783778471061,61.40951634165237,11.61264587363702,False,-0.5208701337043296,BAY_OF_SEINE
580,2011-02-04,604.898875,454.2979122871574,220.62141851630025,-70.02045580345765,67.55668281722,26.97783778471061,61.40951634165237,11.61264587363702,False,-0.5208701337043296,BAY_OF_SEINE
581,2011-02-12,507.917875,448.436512575682,139.05607817119727,-79.57471574687929,67.55668281722,26.97783778471061,61.40951634165237,11.61264587363702,False,-0.5208701337043296,BAY_OF_SEINE
582,2011-02-20,487.37775,442.2609697631869,143.42873706763777,-98.3119568308246,67.55668281722,26.97783778471061,61.40951634165237,11.61264587363702,False,-0.5208701337043296,BAY_OF_SEINE
583,2011-02-28,482.78825,435.84542775180535,143.22063721110402,-96.27781496290936,67.55668281722,26.97783778471061,61.40951634165237,11.61264587363702,False,-0.5208701337043296,BAY_OF_SEINE
584,2011-03-04,482.78825,429.2667761008557,145.29424254632076,-91.77276864717643,67.55668281722,26.97783778471061,61.40951634165237,11.61264587363702,False,-0.5208701337043296,BAY_OF_SEINE
585,2011-03-12,390.421375,422.6007701188289,22.74378978700138,-54.92318490583027,67.55668281722,26.97783778471061,61.40951634165237,11.61264587363702,False,-0.5208701337043296,BAY_OF_SEINE
586,2011-03-20,379.018375,415.9182148071285,-2.054818396659624,-34.84502141046882,67.55668281722,26.97783778471061,61.40951634165237,11.61264587363702,False,-0.5208701337043296,BAY_OF_SEINE
587,2011-03-28,362.1054285714286,409.283881715048,-18.6839538190262,-28.494499324593235,67.55668281722,26.97783778471061,61.40951634165237,11.61264587363702,False,-0.5208701337043296,BAY_OF_SEINE
588,2011-04-04,361.66225,402.7603129546101,-23.263926026465576,-17.834136928144524,67.55668281722,26.97783778471061,61.40951634165237,11.61264587363702,False,-0.5208701337043296,BAY_OF_SEINE
589,2011-04-12,304.922625,396.4071436483718,-53.03920847882015,-38.44531016955167,67.55668281722,26.97783778471061,61.40951634165237,11.61264587363702,False,-0.5208701337043296,BAY_OF_SEINE
590,2011-04-20,260.182,390.27961613721226,-101.63976698397649,-28.45784915323577,67.55668281722,26.97783778471061,61.40951634165237,11.61264587363702,False,-0.5208701337043296,BAY_OF_SEINE
591,2011-04-28,243.9548333333333,384.42695995377096,-50.42572139876743,-90.0464052216702,67.55668281722,26.97783778471061,61.40951634165237,11.61264587363702,False,-0.5208701337043296,BAY_OF_SEINE
592,2011-05-04,221.37575,378.8854592638564,-29.46536793287438,-128.04434133098198,67.55668281722,26.97783778471061,61.40951634165237,11.61264587363702,False,-0.5208701337043296,BAY_OF_SEINE
593,2011-05-12,189.063125,373.6807567063896,-48.87579174289495,-135.74183996349467,67.55668281722,26.97783778471061,61.40951634165237,11.61264587363702,False,-0.5208701337043296,BAY_OF_SEINE
594,2011-05-20,176.073,368.8297780087396,-96.66564974366432,-96.09112826507526,67.55668281722,26.97783778471061,61.40951634165237,11.61264587363702,False,-0.5208701337043296,BAY_OF_SEINE
595,2011-05-28,176.073,364.34483693957606,-114.32324016712988,-73.94859677244618,67.55668281722,26.97783778471061,61.40951634165237,11.61264587363702,False,-0.5208701337043296,BAY_OF_SEINE
596,2011-06-04,178.913625,360.23544722051287,-147.0389156408984,-34.28290657961446,67.55668281722,26.97783778471061,61.40951634165237,11.61264587363702,False,-0.5208701337043296,BAY_OF_SEINE
597,2011-06-12,186.109875,356.510707732165,-145.45997024172345,-24.94086249044156,67.55668281722,26.97783778471061,61.40951634165237,11.61264587363702,False,-0.5208701337043296,BAY_OF_SEINE
598,2011-06-20,178.913625,353.17577072252726,-167.26227516108716,-6.999870561440105,67.55668281722,26.97783778471061,61.40951634165237,11.61264587363702,False,-0.5208701337043296,BAY_OF_SEINE
599,2011-06-28,163.95066666666665,350.2328293479436,-183.83828765613097,-2.443875025145985,67.55668281722,26.97783778471061,61.40951634165237,11.61264587363702,False,-0.5208701337043296,BAY_OF_SEINE
600,2011-07-04,142.265875,347.6805680939202,-197.25455060729053,-8.160142486629695,67.55668281722,26.97783778471061,61.40951634165237,11.61264587363702,False,-0.5208701337043296,BAY_OF_SEINE
601,2011-07-12,142.265875,345.51331336993064,-196.95791670620284,-6.289521663727811,67.55668281722,26.97783778471061,61.40951634165237,11.61264587363702,False,-0.5208701337043296,BAY_OF_SEINE
602,2011-07-20,187.76242857142856,343.7203248635499,-175.7046595672541,19.746763275132796,67.55668281722,26.97783778471061,61.40951634165237,11.61264587363702,False,-0.5208701337043296,BAY_OF_SEINE
603,2011-07-28,203.412625,342.2867130071396,-190.50551044408303,51.63142243694344,67.55668281722,26.97783778471061,61.40951634165237,11.61264587363702,False,-0.5208701337043296,BAY_OF_SEINE
604,2011-08-04,203.412625,341.19508423464134,-201.00950949634392,63.22705026170257,67.55668281722,26.97783778471061,61.40951634165237,11.61264587363702,False,-0.5208701337043296,BAY_OF_SEINE
605,2011-08-12,203.412625,340.42683069228315,-206.75514167326432,69.74093598098116,67.55668281722,26.97783778471061,61.40951634165237,11.61264587363702,False,-0.5208701337043296,BAY_OF_SEINE
606,2011-08-20,209.706,339.9629216998312,-195.3845934804104,65.12767178057922,67.55668281722,26.97783778471061,61.40951634165237,11.61264587363702,False,-0.5208701337043296,BAY_OF_SEINE
607,2011-08-28,216.275125,339.7842798260117,-196.48868152425297,72.97952669824122,67.55668281722,26.97783778471061,61.40951634165237,11.61264587363702,False,-0.5208701337043296,BAY_OF_SEINE
608,2011-09-04,216.275125,339.87139610892854,-198.83087243541445,75.23460132648592,67.55668281722,26.97783778471061,61.40951634165237,11.61264587363702,False,-0.5208701337043296,BAY_OF_SEINE
609,2011-09-12,189.277875,340.2035458947108,-217.8276217115624,66.90195081685164,67.55668281722,26.97783778471061,61.40951634165237,11.61264587363702,False,-0.5208701337043296,BAY_OF_SEINE
610,2011-09-20,186.752875,340.7587608045634,-215.2180687333697,61.2121829288063,67.55668281722,26.97783778471061,61.40951634165237,11.61264587363702,False,-0.5208701337043296,BAY_OF_SEINE
611,2011-09-28,168.2485,341.514948761729,-195.6557991878533,22.38935042612428,67.55668281722,26.97783778471061,61.40951634165237,11.61264587363702,False,-0.5208701337043296,BAY_OF_SEINE
612,2011-10-04,168.2485,342.44988426130925,-194.2314416604412,20.03005739913192,67.55668281722,26.97783778471061,61.40951634165237,11.61264587363702,False,-0.5208701337043296,BAY_OF_SEINE
613,2011-10-12,180.55175,343.5416816380314,-160.86816231683733,-2.121769321194052,67.55668281722,26.97783778471061,61.40951634165237,11.61264587363702,False,-0.5208701337043296,BAY_OF_SEINE
614,2011-10-20,182.0915,344.76622138043786,-166.57946630804494,3.904744927607084,67.55668281722,26.97783778471061,61.40951634165237,11.61264587363702,False,-0.5208701337043296,BAY_OF_SEINE
615,2011-10-28,196.61714285714285,346.10043966529327,-145.6493523852381,-3.8339444229123103,67.55668281722,26.97783778471061,61.40951634165237,11.61264587363702,False,-0.5208701337043296,BAY_OF_SEINE
616,2011-11-04,218.342875,347.5255181098899,-138.9230978619503,9.7404547520604,67.55668281722,26.97783778471061,61.40951634165237,11.61264587363702,False,-0.5208701337043296,BAY_OF_SEINE
617,2011-11-12,218.342875,349.03065468806983,-53.74595574222277,-76.94182394584706,67.55668281722,26.97783778471061,61.40951634165237,11.61264587363702,False,-0.5208701337043296,BAY_OF_SEINE
618,2011-11-20,179.859375,350.6159460277377,-91.3324320992018,-79.42413892853592,67.55668281722,26.97783778471061,61.40951634165237,11.61264587363702,False,-0.5208701337043296,BAY_OF_SEINE
619,2011-11-28,179.859375,352.2940289087816,-135.33317930050225,-37.10147460827932,67.55668281722,26.97783778471061,61.40951634165237,11.61264587363702,False,-0.5208701337043296,BAY_OF_SEINE
620,2011-12-04,248.052875,354.08062835064226,-103.9219208085653,-2.105832542076953,67.55668281722,26.97783778471061,61.40951634165237,11.61264587363702,False,-0.5208701337043296,BAY_OF_SEINE
621,2011-12-12,531.294,355.9917882281383,191.86359556802796,-16.561383796166268,67.55668281722,26.97783778471061,61.40951634165237,11.61264587363702,False,-0.5208701337043296,BAY_OF_SEINE
622,2011-12-20,899.2604285714286,358.0459285369856,494.8970771952638,46.31742283917925,67.55668281722,26.97783778471061,61.40951634165237,11.61264587363702,False,-0.5208701337043296,BAY_OF_SEINE
623,2011-12-28,1049.246375,360.2621696770011,677.3704196467205,11.613785676278326,67.55668281722,26.97783778471061,61.40951634165237,11.61264587363702,False,-0.5208701337043296,BAY_OF_SEINE
624,2012-01-04,1188.265875,362.65648818973153,789.7741039691842,35.83528284108422,67.55668281722,26.97783778471061,61.40951634165237,11.61264587363702,False,-0.5208701337043296,BAY_OF_SEINE
625,2012-01-12,1188.265875,365.2459019413733,685.1067424012307,137.91323065739607,67.55668281722,26.97783778471061,61.40951634165237,11.61264587363702,False,-0.5208701337043296,BAY_OF_SEINE
626,2012-01-20,880.5771428571428,368.0518565260427,514.6449448299273,-2.1196584988272207,67.55668281722,26.97783778471061,61.40951634165237,11.61264587363702,False,-0.5208701337043296,BAY_OF_SEINE
627,2012-01-28,778.79175,371.0936958917174,350.7468885437698,56.95116556451279,67.55668281722,26.97783778471061,61.40951634165237,11.61264587363702,False,-0.5208701337043296,BAY_OF_SEINE
628,2012-02-04,547.1895,374.3883771781892,303.53967395100085,-130.73855112919006,67.55668281722,26.97783778471061,61.40951634165237,11.61264587363702,False,-0.5208701337043296,BAY_OF_SEINE
629,2012-02-12,408.7175,377.9318806199591,209.55903392661935,-178.7734145465785,67.55668281722,26.97783778471061,61.40951634165237,11.61264587363702,False,-0.5208701337043296,BAY_OF_SEINE
630,2012-02-20,391.1652,381.7068951248737,121.5754045042902,-112.11709962916387,67.55668281722,26.97783778471061,61.40951634165237,11.61264587363702,False,-0.5208701337043296,BAY_OF_SEINE
631,2012-02-28,391.1652,385.6947951326708,60.69754342629904,-55.22713855896978,67.55668281722,26.97783778471061,61.40951634165237,11.61264587363702,False,-0.5208701337043296,BAY_OF_SEINE
632,2012-03-04,391.1652,389.8812073483736,25.59888052261402,-24.314887870987544,67.55668281722,26.97783778471061,61.40951634165237,11.61264587363702,False,-0.5208701337043296,BAY_OF_SEINE
633,2012-03-12,378.657,394.25814132451217,-3.5921619526372424,-12.008979371874942,67.55668281722,26.97783778471061,61.40951634165237,11.61264587363702,False,-0.5208701337043296,BAY_OF_SEINE
634,2012-03-20,354.2015,398.82030657858826,-1.359827446647734,-43.258979131940514,67.55668281722,26.97783778471061,61.40951634165237,11.61264587363702,False,-0.5208701337043296,BAY_OF_SEINE
635,2012-03-28,313.49128571428577,403.5618850862885,-25.98063728910938,-64.08996208289335,67.55668281722,26.97783778471061,61.40951634165237,11.61264587363702,False,-0.5208701337043296,BAY_OF_SEINE
636,2012-04-04,288.03875,408.4750945458218,-67.60673557136398,-52.8296089744578,67.55668281722,26.97783778471061,61.40951634165237,11.61264587363702,False,-0.5208701337043296,BAY_OF_SEINE
637,2012-04-12,288.03875,413.5511633050069,-82.72693638679065,-42.78547691821628,67.55668281722,26.97783778471061,61.40951634165237,11.61264587363702,False,-0.5208701337043296,BAY_OF_SEINE
638,2012-04-20,298.129375,418.7794646162937,-91.0998873934988,-29.550202222794923,67.55668281722,26.97783778471061,61.40951634165237,11.61264587363702,False,-0.5208701337043296,BAY_OF_SEINE
639,2012-04-28,587.0718333333333,424.146950131614,47.51578395116366,115.4090992505557,67.55668281722,26.97783778471061,61.40951634165237,11.61264587363702,False,-0.5208701337043296,BAY_OF_SEINE
640,2012-05-04,728.575,429.6413184978825,167.1571048588159,131.77657664330167,67.55668281722,26.97783778471061,61.40951634165237,11.61264587363702,False,-0.5208701337043296,BAY_OF_SEINE
641,2012-05-12,728.575,435.2464630177802,155.7715203579104,137.55701662430943,67.55668281722,26.97783778471061,61.40951634165237,11.61264587363702,False,-0.5208701337043296,BAY_OF_SEINE
642,2012-05-20,594.7335,440.9447881105525,89.88727931532843,63.90143257411911,67.55668281722,26.97783778471061,61.40951634165237,11.61264587363702,False,-0.5208701337043296,BAY_OF_SEINE
643,2012-05-28,522.2638571428571,446.7176973713573,49.89148059114459,25.65467918035525,67.55668281722,26.97783778471061,61.40951634165237,11.61264587363702,False,-0.5208701337043296,BAY_OF_SEINE
644,2012-06-04,382.5305,452.5473939809338,-42.22043645557037,-27.79645752536341,67.55668281722,26.97783778471061,61.40951634165237,11.61264587363702,False,-0.5208701337043296,BAY_OF_SEINE
645,2012-06-12,381.543375,458.4177222779874,-105.69520237964872,28.820855101661323,67.55668281722,26.97783778471061,61.40951634165237,11.61264587363702,False,-0.5208701337043296,BAY_OF_SEINE
646,2012-06-20,341.2715,464.31966827940914,-127.0889007073894,4.040732427980274,67.55668281722,26.97783778471061,61.40951634165237,11.61264587363702,False,-0.5208701337043296,BAY_OF_SEINE
647,2012-06-28,335.7163333333333,470.2490026589975,-145.37824455022755,10.84557522456342,67.55668281722,26.97783778471061,61.40951634165237,11.61264587363702,False,-0.5208701337043296,BAY_OF_SEINE
648,2012-07-04,335.7163333333333,476.207018199205,-187.8637780938926,47.373093228020906,67.55668281722,26.97783778471061,61.40951634165237,11.61264587363702,False,-0.5208701337043296,BAY_OF_SEINE
649,2012-07-12,352.635375,482.2024060494281,-205.42189021122655,75.85485916179846,67.55668281722,26.97783778471061,61.40951634165237,11.61264587363702,False,-0.5208701337043296,BAY_OF_SEINE
650,2012-07-20,352.635375,488.2524716915752,-192.81681411383644,57.199717422261216,67.55668281722,26.97783778471061,61.40951634165237,11.61264587363702,False,-0.5208701337043296,BAY_OF_SEINE
651,2012-07-28,271.00842857142857,494.3816232423786,-242.66391511859132,19.29072044764129,67.55668281722,26.97783778471061,61.40951634165237,11.61264587363702,False,-0.5208701337043296,BAY_OF_SEINE
652,2012-08-04,242.154625,500.619958820895,-262.7180241598379,4.252690338942898,67.55668281722,26.97783778471061,61.40951634165237,11.61264587363702,False,-0.5208701337043296,BAY_OF_SEINE
653,2012-08-12,205.66825,507.0006483387462,-293.01318957607793,-8.319208762668268,67.55668281722,26.97783778471061,61.40951634165237,11.61264587363702,False,-0.5208701337043296,BAY_OF_SEINE
654,2012-08-20,186.720125,513.5581145789913,-308.5911900956552,-18.246799483336133,67.55668281722,26.97783778471061,61.40951634165237,11.61264587363702,False,-0.5208701337043296,BAY_OF_SEINE
655,2012-08-28,175.661,520.3256244999178,-323.34309963320874,-21.32152486670907,67.55668281722,26.97783778471061,61.40951634165237,11.61264587363702,False,-0.5208701337043296,BAY_OF_SEINE
656,2012-09-04,175.661,527.3334672829078,-321.69895166075287,-29.97351562215493,67.55668281722,26.97783778471061,61.40951634165237,11.61264587363702,False,-0.5208701337043296,BAY_OF_SEINE
657,2012-09-12,183.646125,534.6064667327732,-327.9909729333553,-22.969368799417964,67.55668281722,26.97783778471061,61.40951634165237,11.61264587363702,False,-0.5208701337043296,BAY_OF_SEINE
658,2012-09-20,184.898625,542.1624168431102,-322.6889006503018,-34.57489119280842,67.55668281722,26.97783778471061,61.40951634165237,11.61264587363702,False,-0.5208701337043296,BAY_OF_SEINE
659,2012-09-28,235.8263333333333,550.0105948486347,-305.5985737623528,-8.585687752948616,67.55668281722,26.97783778471061,61.40951634165237,11.61264587363702,False,-0.5208701337043296,BAY_OF_SEINE
660,2012-10-04,251.19875,558.152152578298,-301.38526402562684,-5.568138552671144,67.55668281722,26.97783778471061,61.40951634165237,11.61264587363702,False,-0.5208701337043296,BAY_OF_SEINE
661,2012-10-12,426.1955,566.5799145368071,-186.67272844169685,46.28831390488972,67.55668281722,26.97783778471061,61.40951634165237,11.61264587363702,False,-0.5208701337043296,BAY_OF_SEINE
662,2012-10-20,426.1955,575.2812229158411,-150.1285805460902,1.042857630249074,67.55668281722,26.97783778471061,61.40951634165237,11.61264587363702,False,-0.5208701337043296,BAY_OF_SEINE
663,2012-10-28,497.33125,584.2346630229673,-68.57472463682065,-18.32868838614671,67.55668281722,26.97783778471061,61.40951634165237,11.61264587363702,False,-0.5208701337043296,BAY_OF_SEINE
664,2012-11-04,497.33125,593.4087482019183,-14.305223151021057,-81.77227505089733,67.55668281722,26.97783778471061,61.40951634165237,11.61264587363702,False,-0.5208701337043296,BAY_OF_SEINE
665,2012-11-12,497.33125,602.759827708193,30.56219784047611,-135.99077554866918,67.55668281722,26.97783778471061,61.40951634165237,11.61264587363702,False,-0.5208701337043296,BAY_OF_SEINE
666,2012-11-20,452.286875,612.2327794887847,-4.994038530856765,-154.9518659579279,67.55668281722,26.97783778471061,61.40951634165237,11.61264587363702,False,-0.5208701337043296,BAY_OF_SEINE
667,2012-11-28,452.286875,621.7632389950905,-56.90659803076885,-112.56976596432168,67.55668281722,26.97783778471061,61.40951634165237,11.61264587363702,False,-0.5208701337043296,BAY_OF_SEINE
668,2012-12-04,464.79225,631.2868355928191,-87.81923628173344,-78.6753493110857,67.55668281722,26.97783778471061,61.40951634165237,11.61264587363702,False,-0.5208701337043296,BAY_OF_SEINE
669,2012-12-12,630.082375,640.7456501948878,25.272535727514818,-35.93581092240271,67.55668281722,26.97783778471061,61.40951634165237,11.61264587363702,False,-0.5208701337043296,BAY_OF_SEINE
670,2012-12-20,1072.14275,650.092086375357,335.5959837723128,86.45467985233023,67.55668281722,26.97783778471061,61.40951634165237,11.61264587363702,False,-0.5208701337043296,BAY_OF_SEINE
671,2012-12-28,1283.04725,659.2932038429259,573.9060931127618,49.84795304431236,67.55668281722,26.97783778471061,61.40951634165237,11.61264587363702,False,-0.5208701337043296,BAY_OF_SEINE
672,2013-01-04,1283.04725,668.3228158936398,606.564823365692,8.159610740668313,67.55668281722,26.97783778471061,61.40951634165237,11.61264587363702,False,-0.5208701337043296,BAY_OF_SEINE
673,2013-01-12,989.9595,677.1572650580964,420.7404133543316,-107.938178412428,67.55668281722,26.97783778471061,61.40951634165237,11.61264587363702,False,-0.5208701337043296,BAY_OF_SEINE
674,2013-01-20,931.1765714285714,685.7760557846932,313.2718396169551,-67.87132397307693,67.55668281722,26.97783778471061,61.40951634165237,11.61264587363702,False,-0.5208701337043296,BAY_OF_SEINE
675,2013-01-28,931.1765714285714,694.1585549999929,344.8125166021271,-107.79450017354868,67.55668281722,26.97783778471061,61.40951634165237,11.61264587363702,False,-0.5208701337043296,BAY_OF_SEINE
676,2013-02-04,1461.4205,702.2742779034714,550.9445384362072,208.20168366032132,67.55668281722,26.97783778471061,61.40951634165237,11.61264587363702,False,-0.5208701337043296,BAY_OF_SEINE
677,2013-02-12,1461.4205,710.0906308079635,515.3227755525401,236.0070936394964,67.55668281722,26.97783778471061,61.40951634165237,11.61264587363702,False,-0.5208701337043296,BAY_OF_SEINE
678,2013-02-20,1165.178,717.5679341021602,358.20070605601967,89.40935984182028,67.55668281722,26.97783778471061,61.40951634165237,11.61264587363702,False,-0.5208701337043296,BAY_OF_SEINE
679,2013-02-28,924.85925,724.6643594213816,239.27743526024324,-39.08254468162488,67.55668281722,26.97783778471061,61.40951634165237,11.61264587363702,False,-0.5208701337043296,BAY_OF_SEINE
680,2013-03-04,782.931375,731.3392314157314,151.85704622837375,-100.26490264410518,67.55668281722,26.97783778471061,61.40951634165237,11.61264587363702,False,-0.5208701337043296,BAY_OF_SEINE
681,2013-03-12,782.931375,737.5529581710632,76.2011668959344,-30.822750066997614,67.55668281722,26.97783778471061,61.40951634165237,11.61264587363702,False,-0.5208701337043296,BAY_OF_SEINE
682,2013-03-20,852.2942857142858,743.2698484236532,54.59390756385597,54.43052972677662,67.55668281722,26.97783778471061,61.40951634165237,11.61264587363702,False,-0.5208701337043296,BAY_OF_SEINE
683,2013-03-28,852.2942857142858,748.4596011294018,28.94115466057831,74.89352992430572,67.55668281722,26.97783778471061,61.40951634165237,11.61264587363702,False,-0.5208701337043296,BAY_OF_SEINE
684,2013-04-04,737.3285,753.0973698194522,-54.57948902834508,38.81061920889286,67.55668281722,26.97783778471061,61.40951634165237,11.61264587363702,False,-0.5208701337043296,BAY_OF_SEINE
685,2013-04-12,737.3285,757.1653164307445,-70.06380730296044,50.22699087221591,67.55668281722,26.97783778471061,61.40951634165237,11.61264587363702,False,-0.5208701337043296,BAY_OF_SEINE
686,2013-04-20,737.3285,760.6544792049531,-69.45589120923283,46.12991200427972,67.55668281722,26.97783778471061,61.40951634165237,11.61264587363702,False,-0.5208701337043296,BAY_OF_SEINE
687,2013-04-28,743.31625,763.5636940551391,10.966342256315649,-31.21378631145476,67.55668281722,26.97783778471061,61.40951634165237,11.61264587363702,False,-0.5208701337043296,BAY_OF_SEINE
688,2013-05-04,978.9515,765.8993622873955,161.1744084126187,51.87772929998576,67.55668281722,26.97783778471061,61.40951634165237,11.61264587363702,False,-0.5208701337043296,BAY_OF_SEINE
689,2013-05-12,983.208375,767.6808623446113,150.7437341864084,64.7837784689803,67.55668281722,26.97783778471061,61.40951634165237,11.61264587363702,False,-0.5208701337043296,BAY_OF_SEINE
690,2013-05-20,1015.91,768.9334739219629,117.60540282565896,129.3711232523782,67.55668281722,26.97783778471061,61.40951634165237,11.61264587363702,False,-0.5208701337043296,BAY_OF_SEINE
691,2013-05-28,1015.91,769.6831551021888,90.2375165382855,155.98932835952576,67.55668281722,26.97783778471061,61.40951634165237,11.61264587363702,False,-0.5208701337043296,BAY_OF_SEINE
692,2013-06-04,936.000375,769.9529820196855,7.769436544002275,158.27795643631222,67.55668281722,26.97783778471061,61.40951634165237,11.61264587363702,False,-0.5208701337043296,BAY_OF_SEINE
693,2013-06-12,678.43975,769.7636714352906,-125.29415925988506,33.97023782459449,67.55668281722,26.97783778471061,61.40951634165237,11.61264587363702,False,-0.5208701337043296,BAY_OF_SEINE
694,2013-06-20,674.737875,769.1321918700785,-153.11007315520243,58.71575628512397,67.55668281722,26.97783778471061,61.40951634165237,11.61264587363702,False,-0.5208701337043296,BAY_OF_SEINE
695,2013-06-28,624.3000000000001,768.0761017206161,-177.20258516643705,33.42648344582105,67.55668281722,26.97783778471061,61.40951634165237,11.61264587363702,False,-0.5208701337043296,BAY_OF_SEINE
696,2013-07-04,471.588875,766.6112273366393,-247.95787132391487,-47.06448101272443,67.55668281722,26.97783778471061,61.40951634165237,11.61264587363702,False,-0.5208701337043296,BAY_OF_SEINE
697,2013-07-12,356.284875,764.7516323090096,-286.4429231230242,-122.02383418598538,67.55668281722,26.97783778471061,61.40951634165237,11.61264587363702,False,-0.5208701337043296,BAY_OF_SEINE
698,2013-07-20,349.1832857142857,762.5087084161801,-289.2588805018261,-124.06654220006824,67.55668281722,26.97783778471061,61.40951634165237,11.61264587363702,False,-0.5208701337043296,BAY_OF_SEINE
699,2013-07-28,296.1705,759.8909579272947,-337.62041785938914,-126.10004006790558,67.55668281722,26.97783778471061,61.40951634165237,11.61264587363702,False,-0.5208701337043296,BAY_OF_SEINE
700,2013-08-04,291.25525,756.9029240417678,-348.2156851832643,-117.43198885850352,67.55668281722,26.97783778471061,61.40951634165237,11.61264587363702,False,-0.5208701337043296,BAY_OF_SEINE
701,2013-08-12,273.8585,753.546216708364,-341.0112720558278,-138.6764446525362,67.55668281722,26.97783778471061,61.40951634165237,11.61264587363702,False,-0.5208701337043296,BAY_OF_SEINE
702,2013-08-20,273.8585,749.8195678051593,-347.1631845683107,-128.79788323684858,67.55668281722,26.97783778471061,61.40951634165237,11.61264587363702,False,-0.5208701337043296,BAY_OF_SEINE
703,2013-08-28,256.254125,745.7206265035809,-365.1229861873209,-124.34351531625998,67.55668281722,26.97783778471061,61.40951634165237,11.61264587363702,False,-0.5208701337043296,BAY_OF_SEINE
704,2013-09-04,284.5802857142857,741.2475290896798,-374.54336831195,-82.12387506344407,67.55668281722,26.97783778471061,61.40951634165237,11.61264587363702,False,-0.5208701337043296,BAY_OF_SEINE
705,2013-09-12,288.577125,736.4016988036151,-383.3718790369553,-64.45269476665982,67.55668281722,26.97783778471061,61.40951634165237,11.61264587363702,False,-0.5208701337043296,BAY_OF_SEINE
706,2013-09-20,325.51783333333333,731.1885107607698,-366.8605499732633,-38.81012745417314,67.55668281722,26.97783778471061,61.40951634165237,11.61264587363702,False,-0.5208701337043296,BAY_OF_SEINE
707,2013-09-28,325.710875,725.6177033738189,-352.8503470098295,-47.05648136398946,67.55668281722,26.97783778471061,61.40951634165237,11.61264587363702,False,-0.5208701337043296,BAY_OF_SEINE
708,2013-10-04,325.710875,719.7025409831442,-348.66263249236096,-45.32903349078328,67.55668281722,26.97783778471061,61.40951634165237,11.61264587363702,False,-0.5208701337043296,BAY_OF_SEINE
709,2013-10-12,434.848625,713.4597089308542,-192.75560250984415,-85.85548142101001,67.55668281722,26.97783778471061,61.40951634165237,11.61264587363702,False,-0.5208701337043296,BAY_OF_SEINE
710,2013-10-20,592.809125,706.9046785908332,-113.6830475251295,-0.4125060657037238,67.55668281722,26.97783778471061,61.40951634165237,11.61264587363702,False,-0.5208701337043296,BAY_OF_SEINE
711,2013-10-28,773.7928571428572,700.0532124742151,-14.129920186820897,87.86956485546298,67.55668281722,26.97783778471061,61.40951634165237,11.61264587363702,False,-0.5208701337043296,BAY_OF_SEINE
712,2013-11-04,979.7505,692.9206645791724,90.75276596642009,196.0770694544076,67.55668281722,26.97783778471061,61.40951634165237,11.61264587363702,False,-0.5208701337043296,BAY_OF_SEINE
713,2013-11-12,1171.289125,685.5236516107847,215.31418136713225,270.45129202208307,67.55668281722,26.97783778471061,61.40951634165237,11.61264587363702,False,-0.5208701337043296,BAY_OF_SEINE
714,2013-11-20,1171.289125,677.878736646986,207.05914263027967,286.35124572273435,67.55668281722,26.97783778471061,61.40951634165237,11.61264587363702,False,-0.5208701337043296,BAY_OF_SEINE
715,2013-11-28,979.3181666666666,670.0048618463884,85.87797165764029,223.4353331626379,67.55668281722,26.97783778471061,61.40951634165237,11.61264587363702,False,-0.5208701337043296,BAY_OF_SEINE
716,2013-12-04,779.08,661.9256433776094,-7.127992925026556,124.2823495474172,67.55668281722,26.97783778471061,61.40951634165237,11.61264587363702,False,-0.5208701337043296,BAY_OF_SEINE
717,2013-12-12,631.685625,653.6687115542145,-18.500054356603695,-3.48303219761084,67.55668281722,26.97783778471061,61.40951634165237,11.61264587363702,False,-0.5208701337043296,BAY_OF_SEINE
718,2013-12-20,631.685625,645.2621917923686,185.7357440569652,-199.3123108493339,67.55668281722,26.97783778471061,61.40951634165237,11.61264587363702,False,-0.5208701337043296,BAY_OF_SEINE
719,2013-12-28,1023.209125,636.7289122679823,437.3339251599133,-50.85371242789552,67.55668281722,26.97783778471061,61.40951634165237,11.61264587363702,False,-0.5208701337043296,BAY_OF_SEINE
720,2014-01-04,1023.209125,628.0918234624819,440.1482026461332,-45.03090110861501,67.55668281722,26.97783778471061,61.40951634165237,11.61264587363702,False,-0.5208701337043296,BAY_OF_SEINE
721,2014-01-12,872.236375,619.3708099714814,317.43184629850555,-64.56628126998703,67.55668281722,26.97783778471061,61.40951634165237,11.61264587363702,False,-0.5208701337043296,BAY_OF_SEINE
722,2014-01-20,872.236375,610.5823589977701,304.7002289270844,-43.04621292485456,67.55668281722,26.97783778471061,61.40951634165237,11.61264587363702,False,-0.5208701337043296,BAY_OF_SEINE
723,2014-01-28,1104.269142857143,601.7423069249228,448.5183874032906,54.008448528929534,67.55668281722,26.97783778471061,61.40951634165237,11.61264587363702,False,-0.5208701337043296,BAY_OF_SEINE
724,2014-02-04,1104.269142857143,592.872783614503,538.7582344757242,-27.36187523308422,67.55668281722,26.97783778471061,61.40951634165237,11.61264587363702,False,-0.5208701337043296,BAY_OF_SEINE
725,2014-02-12,1105.984375,584.0081459881555,517.9465009972317,4.029728014612715,67.55668281722,26.97783778471061,61.40951634165237,11.61264587363702,False,-0.5208701337043296,BAY_OF_SEINE
726,2014-02-20,1094.46525,575.2026045876119,438.9343815150783,80.3282638973098,67.55668281722,26.97783778471061,61.40951634165237,11.61264587363702,False,-0.5208701337043296,BAY_OF_SEINE
727,2014-02-28,1105.984375,566.514185751205,421.3460984031458,118.12409084564922,67.55668281722,26.97783778471061,61.40951634165237,11.61264587363702,False,-0.5208701337043296,BAY_OF_SEINE
728,2014-03-04,1045.71425,557.9948423890905,356.7613304789349,130.9580771319745,67.55668281722,26.97783778471061,61.40951634165237,11.61264587363702,False,-0.5208701337043296,BAY_OF_SEINE
729,2014-03-12,760.2246250000001,549.6928697716274,158.8650656096554,51.666689618717214,67.55668281722,26.97783778471061,61.40951634165237,11.61264587363702,False,-0.5208701337043296,BAY_OF_SEINE
730,2014-03-20,564.048875,541.6585417463004,28.90611988763615,-6.515786633936642,67.55668281722,26.97783778471061,61.40951634165237,11.61264587363702,False,-0.5208701337043296,BAY_OF_SEINE
731,2014-03-28,506.42171428571424,533.9457747725218,2.232825368070234,-29.756885854877748,67.55668281722,26.97783778471061,61.40951634165237,11.61264587363702,False,-0.5208701337043296,BAY_OF_SEINE
732,2014-04-04,431.262125,526.6095220097966,-50.7917473594989,-44.55564965029773,67.55668281722,26.97783778471061,61.40951634165237,11.61264587363702,False,-0.5208701337043296,BAY_OF_SEINE
733,2014-04-12,374.028875,519.7016696774215,-76.79700086559731,-68.8757938118242,67.55668281722,26.97783778471061,61.40951634165237,11.61264587363702,False,-0.5208701337043296,BAY_OF_SEINE
734,2014-04-20,374.028875,513.2693079909815,-94.9405451676707,-44.2998878233108,67.55668281722,26.97783778471061,61.40951634165237,11.61264587363702,False,-0.5208701337043296,BAY_OF_SEINE
735,2014-04-28,404.4328333333333,507.3566707636687,-73.88268584824506,-29.041151582090365,67.55668281722,26.97783778471061,61.40951634165237,11.61264587363702,False,-0.5208701337043296,BAY_OF_SEINE
736,2014-05-04,404.4328333333333,502.00366646771954,75.87315689718322,-173.44399003156946,67.55668281722,26.97783778471061,61.40951634165237,11.61264587363702,False,-0.5208701337043296,BAY_OF_SEINE
737,2014-05-12,371.02275,497.2398820681096,66.66864145555873,-192.8857735236684,67.55668281722,26.97783778471061,61.40951634165237,11.61264587363702,False,-0.5208701337043296,BAY_OF_SEINE
738,2014-05-20,327.633125,493.0902576957185,-18.57461787404886,-146.88251482166962,67.55668281722,26.97783778471061,61.40951634165237,11.61264587363702,False,-0.5208701337043296,BAY_OF_SEINE
739,2014-05-28,308.9992857142857,489.58023358969086,-58.96265373916951,-121.61829413623566,67.55668281722,26.97783778471061,61.40951634165237,11.61264587363702,False,-0.5208701337043296,BAY_OF_SEINE
740,2014-06-04,290.956125,486.73754309056346,-98.47240910298214,-97.30900898758134,67.55668281722,26.97783778471061,61.40951634165237,11.61264587363702,False,-0.5208701337043296,BAY_OF_SEINE
741,2014-06-12,278.806625,484.5925067227748,-177.99109217572467,-27.7947895470501,67.55668281722,26.97783778471061,61.40951634165237,11.61264587363702,False,-0.5208701337043296,BAY_OF_SEINE
742,2014-06-20,209.265,483.1724190627426,-212.49243594193572,-61.41498312080688,67.55668281722,26.97783778471061,61.40951634165237,11.61264587363702,False,-0.5208701337043296,BAY_OF_SEINE
743,2014-06-28,209.265,482.4952069045908,-226.16606105158957,-47.06414585300129,67.55668281722,26.97783778471061,61.40951634165237,11.61264587363702,False,-0.5208701337043296,BAY_OF_SEINE
744,2014-07-04,220.754375,482.56776195673,-257.9550251438307,-3.858361812899318,67.55668281722,26.97783778471061,61.40951634165237,11.61264587363702,False,-0.5208701337043296,BAY_OF_SEINE
745,2014-07-12,270.932375,483.3805129068267,-257.3846679991867,44.93653009235999,67.55668281722,26.97783778471061,61.40951634165237,11.61264587363702,False,-0.5208701337043296,BAY_OF_SEINE
746,2014-07-20,270.932375,484.9058848755417,-256.41838840288165,42.44487852733994,67.55668281722,26.97783778471061,61.40951634165237,11.61264587363702,False,-0.5208701337043296,BAY_OF_SEINE
747,2014-07-28,270.932375,487.1003870204414,-267.61175955748854,51.4437475370471,67.55668281722,26.97783778471061,61.40951634165237,11.61264587363702,False,-0.5208701337043296,BAY_OF_SEINE
748,2014-08-04,273.008375,489.90828433295445,-264.49018141292174,47.59027207996729,67.55668281722,26.97783778471061,61.40951634165237,11.61264587363702,False,-0.5208701337043296,BAY_OF_SEINE
749,2014-08-12,374.79225,493.2629459340264,-214.552631518984,96.08193558495752,67.55668281722,26.97783778471061,61.40951634165237,11.61264587363702,False,-0.5208701337043296,BAY_OF_SEINE
750,2014-08-20,374.79225,497.08905483521306,-210.24087383201197,87.94406899679885,67.55668281722,26.97783778471061,61.40951634165237,11.61264587363702,False,-0.5208701337043296,BAY_OF_SEINE
751,2014-08-28,362.42928571428575,501.30343320250313,-216.85731473696703,77.98316724874965,67.55668281722,26.97783778471061,61.40951634165237,11.61264587363702,False,-0.5208701337043296,BAY_OF_SEINE
752,2014-09-04,286.511,505.8173370201309,-243.04635801676923,23.74002099663832,67.55668281722,26.97783778471061,61.40951634165237,11.61264587363702,False,-0.5208701337043296,BAY_OF_SEINE
753,2014-09-12,249.4685,510.5375492561302,-262.76925864844816,1.7002093923179586,67.55668281722,26.97783778471061,61.40951634165237,11.61264587363702,False,-0.5208701337043296,BAY_OF_SEINE
754,2014-09-20,244.926,515.369003385161,-257.4555334020764,-12.987469983084624,67.55668281722,26.97783778471061,61.40951634165237,11.61264587363702,False,-0.5208701337043296,BAY_OF_SEINE
755,2014-09-28,249.4685,520.2161067442281,-256.0789327314455,-14.668674012782615,67.55668281722,26.97783778471061,61.40951634165237,11.61264587363702,False,-0.5208701337043296,BAY_OF_SEINE
756,2014-10-04,251.648125,524.9848137500735,-259.5006817394261,-13.836007010647393,67.55668281722,26.97783778471061,61.40951634165237,11.61264587363702,False,-0.5208701337043296,BAY_OF_SEINE
757,2014-10-12,483.313875,529.5844461523993,-118.37231900877184,72.10174785637251,67.55668281722,26.97783778471061,61.40951634165237,11.61264587363702,False,-0.5208701337043296,BAY_OF_SEINE
758,2014-10-20,483.313875,533.9325828130089,-82.68782264964587,32.06911483663693,67.55668281722,26.97783778471061,61.40951634165237,11.61264587363702,False,-0.5208701337043296,BAY_OF_SEINE
759,2014-10-28,444.1545,537.9572823102915,-60.1469754996464,-33.655806810645096,67.55668281722,26.97783778471061,61.40951634165237,11.61264587363702,False,-0.5208701337043296,BAY_OF_SEINE
760,2014-11-04,444.1545,541.6012148017353,-15.747964087041971,-81.69875071469335,67.55668281722,26.97783778471061,61.40951634165237,11.61264587363702,False,-0.5208701337043296,BAY_OF_SEINE
761,2014-11-12,550.66475,544.8211440342991,83.54473528042561,-77.70112931472468,67.55668281722,26.97783778471061,61.40951634165237,11.61264587363702,False,-0.5208701337043296,BAY_OF_SEINE
762,2014-11-20,550.66475,547.5870500668941,109.9627647570226,-106.8850648239167,67.55668281722,26.97783778471061,61.40951634165237,11.61264587363702,False,-0.5208701337043296,BAY_OF_SEINE
763,2014-11-28,433.86466666666666,549.8754313638563,5.876363834766161,-121.88712853195575,67.55668281722,26.97783778471061,61.40951634165237,11.61264587363702,False,-0.5208701337043296,BAY_OF_SEINE
764,2014-12-04,433.86466666666666,551.6632719546907,-46.339849734858255,-71.45875555316576,67.55668281722,26.97783778471061,61.40951634165237,11.61264587363702,False,-0.5208701337043296,BAY_OF_SEINE
765,2014-12-12,504.941,552.9243525268237,-63.60590577949948,15.622553252675786,67.55668281722,26.97783778471061,61.40951634165237,11.61264587363702,False,-0.5208701337043296,BAY_OF_SEINE
766,2014-12-20,868.0127142857143,553.6299862253767,110.79614707749536,203.5865809828423,67.55668281722,26.97783778471061,61.40951634165237,11.61264587363702,False,-0.5208701337043296,BAY_OF_SEINE
767,2014-12-28,868.0127142857143,553.7540229828156,204.86686734303905,109.39182395985966,67.55668281722,26.97783778471061,61.40951634165237,11.61264587363702,False,-0.5208701337043296,BAY_OF_SEINE
768,2015-01-04,868.0127142857143,553.2758191629089,222.97477018145364,91.7621249413518,67.55668281722,26.97783778471061,61.40951634165237,11.61264587363702,False,-0.5208701337043296,BAY_OF_SEINE
769,2015-01-12,963.31875,552.1871955383775,262.70443414128243,148.42712032034007,67.55668281722,26.97783778471061,61.40951634165237,11.61264587363702,False,-0.5208701337043296,BAY_OF_SEINE
770,2015-01-20,963.31875,550.4868801558608,261.6962092736675,151.1356605704717,67.55668281722,26.97783778471061,61.40951634165237,11.61264587363702,False,-0.5208701337043296,BAY_OF_SEINE
771,2015-01-28,1067.51025,548.1811398048866,370.9883843418494,148.34072585326408,67.55668281722,26.97783778471061,61.40951634165237,11.61264587363702,False,-0.5208701337043296,BAY_OF_SEINE
772,2015-02-04,892.3169999999999,545.2865013635078,345.03185013961456,1.998648496877536,67.55668281722,26.97783778471061,61.40951634165237,11.61264587363702,False,-0.5208701337043296,BAY_OF_SEINE
773,2015-02-12,801.0755,541.8248143188961,408.3355851065766,-149.08489942547266,67.55668281722,26.97783778471061,61.40951634165237,11.61264587363702,False,-0.5208701337043296,BAY_OF_SEINE
774,2015-02-20,801.0755,537.8124544337549,405.7949004215198,-142.53185485527462,67.55668281722,26.97783778471061,61.40951634165237,11.61264587363702,False,-0.5208701337043296,BAY_OF_SEINE
775,2015-02-28,944.87175,533.2668305007085,446.95140360784166,-35.3464841085501,67.55668281722,26.97783778471061,61.40951634165237,11.61264587363702,False,-0.5208701337043296,BAY_OF_SEINE
776,2015-03-04,944.87175,528.2125598651052,432.3258927382029,-15.666702603308067,67.55668281722,26.97783778471061,61.40951634165237,11.61264587363702,False,-0.5208701337043296,BAY_OF_SEINE
777,2015-03-12,718.338125,522.6826131891777,244.77731017209453,-49.12179836127223,67.55668281722,26.97783778471061,61.40951634165237,11.61264587363702,False,-0.5208701337043296,BAY_OF_SEINE
778,2015-03-20,514.2014285714286,516.7134954959713,13.739945334404696,-16.252012258947445,67.55668281722,26.97783778471061,61.40951634165237,11.61264587363702,False,-0.5208701337043296,BAY_OF_SEINE
779,2015-03-28,514.2014285714286,510.34597875759226,0.1637903569268921,3.6916594569093952,67.55668281722,26.97783778471061,61.40951634165237,11.61264587363702,False,-0.5208701337043296,BAY_OF_SEINE
780,2015-04-04,557.846,503.62475361978096,26.148307262679957,28.07293911753909,67.55668281722,26.97783778471061,61.40951634165237,11.61264587363702,False,-0.5208701337043296,BAY_OF_SEINE
781,2015-04-12,557.846,496.5962525745536,14.0006690768974,47.24907834854906,67.55668281722,26.97783778471061,61.40951634165237,11.61264587363702,False,-0.5208701337043296,BAY_OF_SEINE
782,2015-04-20,472.572,489.3079611416867,-51.05125729828026,34.31529615659352,67.55668281722,26.97783778471061,61.40951634165237,11.61264587363702,False,-0.5208701337043296,BAY_OF_SEINE
783,2015-04-28,472.572,481.80904368145735,-69.94910257070777,60.71205888925036,67.55668281722,26.97783778471061,61.40951634165237,11.61264587363702,False,-0.5208701337043296,BAY_OF_SEINE
784,2015-05-04,813.21375,474.152620155282,96.57677559999456,242.48435424472345,67.55668281722,26.97783778471061,61.40951634165237,11.61264587363702,False,-0.5208701337043296,BAY_OF_SEINE
785,2015-05-12,813.21375,466.3965586588656,95.089065969465,251.72812537166936,67.55668281722,26.97783778471061,61.40951634165237,11.61264587363702,False,-0.5208701337043296,BAY_OF_SEINE
786,2015-05-20,501.689625,458.59964354140936,-32.99367140260218,76.0836528611928,67.55668281722,26.97783778471061,61.40951634165237,11.61264587363702,False,-0.5208701337043296,BAY_OF_SEINE
787,2015-05-28,355.81042857142853,450.8205354649327,-82.09775845672553,-12.912348436778617,67.55668281722,26.97783778471061,61.40951634165237,11.61264587363702,False,-0.5208701337043296,BAY_OF_SEINE
788,2015-06-04,295.6565,443.1165525773236,24.488938426976983,-171.94899100430052,67.55668281722,26.97783778471061,61.40951634165237,11.61264587363702,False,-0.5208701337043296,BAY_OF_SEINE
789,2015-06-12,244.083375,435.53413672901786,0.5113694056675344,-191.9621311346854,67.55668281722,26.97783778471061,61.40951634165237,11.61264587363702,False,-0.5208701337043296,BAY_OF_SEINE
790,2015-06-20,233.485,428.112862509827,-23.346047883676043,-171.28181462615092,67.55668281722,26.97783778471061,61.40951634165237,11.61264587363702,False,-0.5208701337043296,BAY_OF_SEINE
791,2015-06-28,207.58233333333337,420.8894950044493,-114.98624414830284,-98.3209175228131,67.55668281722,26.97783778471061,61.40951634165237,11.61264587363702,False,-0.5208701337043296,BAY_OF_SEINE
792,2015-07-04,184.09525,413.90456547866927,-187.57894171920023,-42.230373759469046,67.55668281722,26.97783778471061,61.40951634165237,11.61264587363702,False,-0.5208701337043296,BAY_OF_SEINE
793,2015-07-12,184.09525,407.20958184882807,-205.19142905646845,-17.922902792359622,67.55668281722,26.97783778471061,61.40951634165237,11.61264587363702,False,-0.5208701337043296,BAY_OF_SEINE
794,2015-07-20,186.45342857142856,400.86823169866864,-210.896240214516,-3.518562912724093,67.55668281722,26.97783778471061,61.40951634165237,11.61264587363702,False,-0.5208701337043296,BAY_OF_SEINE
795,2015-07-28,186.45342857142856,394.95355040231794,-205.5314690369426,-2.9686527939467737,67.55668281722,26.97783778471061,61.40951634165237,11.61264587363702,False,-0.5208701337043296,BAY_OF_SEINE
796,2015-08-04,186.45342857142856,389.5434859626778,-201.6494153012462,-1.440642090003081,67.55668281722,26.97783778471061,61.40951634165237,11.61264587363702,False,-0.5208701337043296,BAY_OF_SEINE
797,2015-08-12,186.62775,384.7185438060737,-180.47876415631032,-17.61202964976337,67.55668281722,26.97783778471061,61.40951634165237,11.61264587363702,False,-0.5208701337043296,BAY_OF_SEINE
798,2015-08-20,198.218,380.5596197737305,-175.11131928456874,-7.230300489161721,67.55668281722,26.97783778471061,61.40951634165237,11.61264587363702,False,-0.5208701337043296,BAY_OF_SEINE
799,2015-08-28,215.006,377.14608332123805,-172.30197045082195,10.161887129583905,67.55668281722,26.97783778471061,61.40951634165237,11.61264587363702,False,-0.5208701337043296,BAY_OF_SEINE
800,2015-09-04,240.082,374.5516494203051,-176.30324927433958,41.83359985403448,67.55668281722,26.97783778471061,61.40951634165237,11.61264587363702,False,-0.5208701337043296,BAY_OF_SEINE
801,2015-09-12,240.922625,372.84193200660405,-183.30715963926608,51.38785263266203,67.55668281722,26.97783778471061,61.40951634165237,11.61264587363702,False,-0.5208701337043296,BAY_OF_SEINE
802,2015-09-20,240.922625,372.0726920400218,-184.04989081549704,52.899823775475255,67.55668281722,26.97783778471061,61.40951634165237,11.61264587363702,False,-0.5208701337043296,BAY_OF_SEINE
803,2015-09-28,240.72325,372.2893549398497,-185.65169310933675,54.08558816948704,67.55668281722,26.97783778471061,61.40951634165237,11.61264587363702,False,-0.5208701337043296,BAY_OF_SEINE
804,2015-10-04,230.612875,373.5260640062052,-190.4537793666718,47.54059036046664,67.55668281722,26.97783778471061,61.40951634165237,11.61264587363702,False,-0.5208701337043296,BAY_OF_SEINE
805,2015-10-12,234.838375,375.8047336269245,-129.83595420896106,-11.130404417963462,67.55668281722,26.97783778471061,61.40951634165237,11.61264587363702,False,-0.5208701337043296,BAY_OF_SEINE
806,2015-10-20,230.612875,379.1344823539272,-127.8991951724297,-20.622412181497538,67.55668281722,26.97783778471061,61.40951634165237,11.61264587363702,False,-0.5208701337043296,BAY_OF_SEINE
807,2015-10-28,225.55414285714284,383.51099404322525,-135.00174158824038,-22.95510959784204,67.55668281722,26.97783778471061,61.40951634165237,11.61264587363702,False,-0.5208701337043296,BAY_OF_SEINE
808,2015-11-04,203.6635,388.9120015542499,-142.83769371317058,-42.41080784107933,67.55668281722,26.97783778471061,61.40951634165237,11.61264587363702,False,-0.5208701337043296,BAY_OF_SEINE
809,2015-11-12,203.6635,395.2982055350061,-98.94094112503164,-92.69376440997446,67.55668281722,26.97783778471061,61.40951634165237,11.61264587363702,False,-0.5208701337043296,BAY_OF_SEINE
810,2015-11-20,315.035375,402.61661343999583,-31.225656530996403,-56.35558190899944,67.55668281722,26.97783778471061,61.40951634165237,11.61264587363702,False,-0.5208701337043296,BAY_OF_SEINE
811,2015-11-28,327.510125,410.804542030711,-55.34289576084923,-27.951521269861743,67.55668281722,26.97783778471061,61.40951634165237,11.61264587363702,False,-0.5208701337043296,BAY_OF_SEINE
812,2015-12-04,327.510125,419.7918589564706,-73.87140785978703,-18.41032609668356,67.55668281722,26.97783778471061,61.40951634165237,11.61264587363702,False,-0.5208701337043296,BAY_OF_SEINE
813,2015-12-12,280.282125,429.5061479760588,-103.11878030686724,-46.10524266919154,67.55668281722,26.97783778471061,61.40951634165237,11.61264587363702,False,-0.5208701337043296,BAY_OF_SEINE
814,2015-12-20,270.518375,439.8782903115116,-23.87188498938269,-145.4880303221289,67.55668281722,26.97783778471061,61.40951634165237,11.61264587363702,False,-0.5208701337043296,BAY_OF_SEINE
815,2015-12-28,270.518375,450.84267595441474,-31.96346813254287,-148.3608328218719,67.55668281722,26.97783778471061,61.40951634165237,11.61264587363702,False,-0.5208701337043296,BAY_OF_SEINE
816,2016-01-04,352.439625,462.3350588247068,4.997705432099208,-114.89313925680608,67.55668281722,26.97783778471061,61.40951634165237,11.61264587363702,False,-0.5208701337043296,BAY_OF_SEINE
817,2016-01-12,477.851375,474.288450788055,100.04066218038376,-96.47773796843872,67.55668281722,26.97783778471061,61.40951634165237,11.61264587363702,False,-0.5208701337043296,BAY_OF_SEINE
818,2016-01-20,477.851375,486.6351668685472,97.61905568249912,-106.40284755104626,67.55668281722,26.97783778471061,61.40951634165237,11.61264587363702,False,-0.5208701337043296,BAY_OF_SEINE
819,2016-01-28,477.851375,499.30545712519614,122.7872692235513,-144.24135134874743,67.55668281722,26.97783778471061,61.40951634165237,11.61264587363702,False,-0.5208701337043296,BAY_OF_SEINE
820,2016-02-04,727.21325,512.2259889495126,233.8102663140008,-18.82300526351341,67.55668281722,26.97783778471061,61.40951634165237,11.61264587363702,False,-0.5208701337043296,BAY_OF_SEINE
821,2016-02-12,1161.86675,525.315265014685,426.1413723907382,210.41011259457676,67.55668281722,26.97783778471061,61.40951634165237,11.61264587363702,False,-0.5208701337043296,BAY_OF_SEINE
822,2016-02-20,1161.86675,538.4802488748385,400.683938148302,222.70256297685944,67.55668281722,26.97783778471061,61.40951634165237,11.61264587363702,False,-0.5208701337043296,BAY_OF_SEINE
823,2016-02-28,1025.4504000000002,551.6201051081053,366.5314354373304,107.29885945456442,67.55668281722,26.97783778471061,61.40951634165237,11.61264587363702,False,-0.5208701337043296,BAY_OF_SEINE
824,2016-03-04,1025.4504000000002,564.6286916511364,457.7887936274892,3.0329147213746523,67.55668281722,26.97783778471061,61.40951634165237,11.61264587363702,False,-0.5208701337043296,BAY_OF_SEINE
825,2016-03-12,1012.379375,577.3891735644349,392.1078959398435,42.88230549572154,67.55668281722,26.97783778471061,61.40951634165237,11.61264587363702,False,-0.5208701337043296,BAY_OF_SEINE
826,2016-03-20,690.563375,589.7750032716247,156.65336041029116,-55.86498868191586,67.55668281722,26.97783778471061,61.40951634165237,11.61264587363702,False,-0.5208701337043296,BAY_OF_SEINE
827,2016-03-28,690.563375,601.6532358232173,137.03141664565396,-48.12127746887131,67.55668281722,26.97783778471061,61.40951634165237,11.61264587363702,False,-0.5208701337043296,BAY_OF_SEINE
828,2016-04-04,778.0405,612.891650878966,151.3807294914038,13.768119629630206,67.55668281722,26.97783778471061,61.40951634165237,11.61264587363702,False,-0.5208701337043296,BAY_OF_SEINE
829,2016-04-12,778.0405,623.3642117266648,127.40333457896028,27.272953694374834,67.55668281722,26.97783778471061,61.40951634165237,11.61264587363702,False,-0.5208701337043296,BAY_OF_SEINE
830,2016-04-20,674.0625,632.9533859407834,39.95589172609123,1.1532223331253777,67.55668281722,26.97783778471061,61.40951634165237,11.61264587363702,False,-0.5208701337043296,BAY_OF_SEINE
831,2016-04-28,550.2461666666667,641.5482592507567,-25.243060998782003,-66.05903158530802,67.55668281722,26.97783778471061,61.40951634165237,11.61264587363702,False,-0.5208701337043296,BAY_OF_SEINE
832,2016-05-04,512.98325,649.0439182712464,37.23437650301881,-173.29504477426522,67.55668281722,26.97783778471061,61.40951634165237,11.61264587363702,False,-0.5208701337043296,BAY_OF_SEINE
833,2016-05-12,512.98325,655.3444190483586,36.71445888294706,-179.07562793130572,67.55668281722,26.97783778471061,61.40951634165237,11.61264587363702,False,-0.5208701337043296,BAY_OF_SEINE
834,2016-05-20,638.239125,660.3635759504571,18.98873019167762,-41.113181142134735,67.55668281722,26.97783778471061,61.40951634165237,11.61264587363702,False,-0.5208701337043296,BAY_OF_SEINE
835,2016-05-28,727.8497142857143,664.0192662029726,13.317087060730422,50.513361022011246,67.55668281722,26.97783778471061,61.40951634165237,11.61264587363702,False,-0.5208701337043296,BAY_OF_SEINE
836,2016-06-04,1272.54825,666.2328510461266,264.5583536685702,341.75704528530326,67.55668281722,26.97783778471061,61.40951634165237,11.61264587363702,False,-0.5208701337043296,BAY_OF_SEINE
837,2016-06-12,1272.54825,666.9391738089994,248.5617831240301,357.0472930669705,67.55668281722,26.97783778471061,61.40951634165237,11.61264587363702,False,-0.5208701337043296,BAY_OF_SEINE
838,2016-06-20,1243.744625,666.0874392982971,223.4098115116039,354.24737419009904,67.55668281722,26.97783778471061,61.40951634165237,11.61264587363702,False,-0.5208701337043296,BAY_OF_SEINE
839,2016-06-28,896.4356666666666,663.6462443720584,42.35571053138786,190.4337117632204,67.55668281722,26.97783778471061,61.40951634165237,11.61264587363702,False,-0.5208701337043296,BAY_OF_SEINE
840,2016-07-04,605.366875,659.6008706201839,-106.44238045987126,52.208384839687454,67.55668281722,26.97783778471061,61.40951634165237,11.61264587363702,False,-0.5208701337043296,BAY_OF_SEINE
841,2016-07-12,451.545,653.951672797409,-185.90270241353744,-16.50397038387149,67.55668281722,26.97783778471061,61.40951634165237,11.61264587363702,False,-0.5208701337043296,BAY_OF_SEINE
842,2016-07-20,393.026125,646.7125439433714,-220.474982514398,-33.21143642897346,67.55668281722,26.97783778471061,61.40951634165237,11.61264587363702,False,-0.5208701337043296,BAY_OF_SEINE
843,2016-07-28,379.9941428571428,637.9106783041052,-230.3303756434174,-27.586159803544973,67.55668281722,26.97783778471061,61.40951634165237,11.61264587363702,False,-0.5208701337043296,BAY_OF_SEINE
844,2016-08-04,361.321375,627.5870174576557,-243.5566301204496,-22.70901233720616,67.55668281722,26.97783778471061,61.40951634165237,11.61264587363702,False,-0.5208701337043296,BAY_OF_SEINE
845,2016-08-12,323.11287500000003,615.7962951085332,-260.6855669446268,-31.997853163906317,67.55668281722,26.97783778471061,61.40951634165237,11.61264587363702,False,-0.5208701337043296,BAY_OF_SEINE
846,2016-08-20,305.472875,602.6069644321072,-263.3570022524922,-33.77708717961508,67.55668281722,26.97783778471061,61.40951634165237,11.61264587363702,False,-0.5208701337043296,BAY_OF_SEINE
847,2016-08-28,276.002,588.1016304631389,-271.6559145004844,-40.44371596265455,67.55668281722,26.97783778471061,61.40951634165237,11.61264587363702,False,-0.5208701337043296,BAY_OF_SEINE
848,2016-09-04,268.17675,572.3778293403043,-266.55878763458765,-37.642291705716616,67.55668281722,26.97783778471061,61.40951634165237,11.61264587363702,False,-0.5208701337043296,BAY_OF_SEINE
849,2016-09-12,268.17675,555.547912063128,-240.2216132550124,-47.14954880811561,67.55668281722,26.97783778471061,61.40951634165237,11.61264587363702,False,-0.5208701337043296,BAY_OF_SEINE
850,2016-09-20,268.17675,537.7364303162688,-240.24963588245063,-29.310044433818064,67.55668281722,26.97783778471061,61.40951634165237,11.61264587363702,False,-0.5208701337043296,BAY_OF_SEINE
851,2016-09-28,256.610125,519.0784542702314,-252.0000653233033,-10.468263946928149,67.55668281722,26.97783778471061,61.40951634165237,11.61264587363702,False,-0.5208701337043296,BAY_OF_SEINE
852,2016-10-04,254.7638333333333,499.7182212459289,-263.1683145210188,18.21392660842315,67.55668281722,26.97783778471061,61.40951634165237,11.61264587363702,False,-0.5208701337043296,BAY_OF_SEINE
853,2016-10-12,256.610125,479.8078049730647,-261.1751450443457,37.97746507128102,67.55668281722,26.97783778471061,61.40951634165237,11.61264587363702,False,-0.5208701337043296,BAY_OF_SEINE
854,2016-10-20,272.11675,459.5047448654802,-254.22909870628376,66.84110384080356,67.55668281722,26.97783778471061,61.40951634165237,11.61264587363702,False,-0.5208701337043296,BAY_OF_SEINE
855,2016-10-28,290.781375,438.9697236953051,-247.8622434675974,99.67389477229231,67.55668281722,26.97783778471061,61.40951634165237,11.61264587363702,False,-0.5208701337043296,BAY_OF_SEINE
856,2016-11-04,296.21500000000003,418.36678600100805,-246.30376224628367,124.15197624527563,67.55668281722,26.97783778471061,61.40951634165237,11.61264587363702,False,-0.5208701337043296,BAY_OF_SEINE
857,2016-11-12,355.57675,397.8612342567932,-178.2589089136914,135.9744246568982,67.55668281722,26.97783778471061,61.40951634165237,11.61264587363702,False,-0.5208701337043296,BAY_OF_SEINE
858,2016-11-20,400.278625,377.61531737581055,-111.4807453304636,134.1440529546531,67.55668281722,26.97783778471061,61.40951634165237,11.61264587363702,False,-0.5208701337043296,BAY_OF_SEINE
859,2016-11-28,400.278625,357.7869034913651,-88.91472710239574,131.4064486110307,67.55668281722,26.97783778471061,61.40951634165237,11.61264587363702,False,-0.5208701337043296,BAY_OF_SEINE
860,2016-12-04,340.151625,338.52926275050896,-89.6928204783336,91.31518272782466,67.55668281722,26.97783778471061,61.40951634165237,11.61264587363702,False,-0.5208701337043296,BAY_OF_SEINE
861,2016-12-12,268.358375,319.9876363746779,-74.72696472535684,23.09770335067897,67.55668281722,26.97783778471061,61.40951634165237,11.61264587363702,False,-0.5208701337043296,BAY_OF_SEINE
862,2016-12-20,265.360125,302.2933055840346,-47.441706409197394,10.508525825162764,67.55668281722,26.97783778471061,61.40951634165237,11.61264587363702,False,-0.5208701337043296,BAY_OF_SEINE
863,2016-12-28,254.28371428571427,285.5617374944348,-32.10027728437253,0.8222540756520047,67.55668281722,26.97783778471061,61.40951634165237,11.61264587363702,False,-0.5208701337043296,BAY_OF_SEINE
864,2017-01-04,254.28371428571427,269.8925819442141,111.49113269808429,-127.1000003565841,67.55668281722,26.97783778471061,61.40951634165237,11.61264587363702,False,-0.5208701337043296,BAY_OF_SEINE
865,2017-01-12,300.2165,255.36626597137985,207.23546887905692,-162.38523485043677,67.55668281722,26.97783778471061,61.40951634165237,11.61264587363702,False,-0.5208701337043296,BAY_OF_SEINE
866,2017-01-20,300.2165,242.04706767924043,231.33764787881205,-173.16821555805248,67.55668281722,26.97783778471061,61.40951634165237,11.61264587363702,False,-0.5208701337043296,BAY_OF_SEINE
867,2017-01-28,306.12575000000004,229.9860268897715,348.52321285845665,-272.3834897482281,67.55668281722,26.97783778471061,61.40951634165237,11.61264587363702,False,-0.5208701337043296,BAY_OF_SEINE
868,2017-02-04,436.37875,219.21816424077755,477.9785369746932,-260.8179512154707,67.55668281722,26.97783778471061,61.40951634165237,11.61264587363702,False,-0.5208701337043296,BAY_OF_SEINE
869,2017-02-12,436.37875,209.7730570701858,492.4922877651815,-265.8865948353673,67.55668281722,26.97783778471061,61.40951634165237,11.61264587363702,False,-0.5208701337043296,BAY_OF_SEINE
870,2017-02-20,342.27675,201.68812444298217,410.7645804345303,-270.1759548775125,67.55668281722,26.97783778471061,61.40951634165237,11.61264587363702,False,-0.5208701337043296,BAY_OF_SEINE
871,2017-02-28,342.27675,195.0047349103804,307.4095228786503,-160.13750778903068,67.55668281722,26.97783778471061,61.40951634165237,11.61264587363702,False,-0.5208701337043296,BAY_OF_SEINE
872,2017-03-04,715.29,189.7620208857197,447.5725319718909,77.9554471423894,67.55668281722,26.97783778471061,61.40951634165237,11.61264587363702,False,-0.5208701337043296,BAY_OF_SEINE
873,2017-03-12,715.29,185.998567019426,445.0421737418201,84.2492592387539,67.55668281722,26.97783778471061,61.40951634165237,11.61264587363702,False,-0.5208701337043296,BAY_OF_SEINE
874,2017-03-20,632.851125,183.75250491558015,351.4146626853602,97.68395739905964,67.55668281722,26.97783778471061,61.40951634165237,11.61264587363702,False,-0.5208701337043296,BAY_OF_SEINE
875,2017-03-28,565.6724285714286,183.05836672406372,318.0163092047688,64.59775264259605,67.55668281722,26.97783778471061,61.40951634165237,11.61264587363702,False,-0.5208701337043296,BAY_OF_SEINE
876,2017-04-04,415.05725,183.94190794385133,249.1067806625072,-17.991438606358543,67.55668281722,26.97783778471061,61.40951634165237,11.61264587363702,False,-0.5208701337043296,BAY_OF_SEINE
877,2017-04-12,326.76725,186.42063965704963,180.31035727157297,-39.96374692862261,67.55668281722,26.97783778471061,61.40951634165237,11.61264587363702,False,-0.5208701337043296,BAY_OF_SEINE
878,2017-04-20,275.13125,190.50367417794328,49.109304733980856,35.518271088075885,67.55668281722,26.97783778471061,61.40951634165237,11.61264587363702,False,-0.5208701337043296,BAY_OF_SEINE
879,2017-04-28,267.056625,196.19309227149435,-24.501368830921837,95.36490155942748,67.55668281722,26.97783778471061,61.40951634165237,11.61264587363702,False,-0.5208701337043296,BAY_OF_SEINE
880,2017-05-04,256.196,203.48312565055716,-48.46836860500528,101.18124295444818,67.55668281722,26.97783778471061,61.40951634165237,11.61264587363702,False,-0.5208701337043296,BAY_OF_SEINE
881,2017-05-12,260.076875,212.35912306237265,-62.99026348709742,110.70801542472478,67.55668281722,26.97783778471061,61.40951634165237,11.61264587363702,False,-0.5208701337043296,BAY_OF_SEINE
882,2017-05-20,256.196,222.8008194288819,-34.39351302643284,67.78869359755096,67.55668281722,26.97783778471061,61.40951634165237,11.61264587363702,False,-0.5208701337043296,BAY_OF_SEINE
883,2017-05-28,206.987875,234.78667393608973,-32.12582164170634,4.3270227056166135,67.55668281722,26.97783778471061,61.40951634165237,11.61264587363702,False,-0.5208701337043296,BAY_OF_SEINE
884,2017-06-04,190.84757142857143,248.2943456780717,98.08617138116938,-155.53294563066962,67.55668281722,26.97783778471061,61.40951634165237,11.61264587363702,False,-0.5208701337043296,BAY_OF_SEINE
885,2017-06-12,187.452625,263.2970519973045,92.48418671808032,-168.32861371538485,67.55668281722,26.97783778471061,61.40951634165237,11.61264587363702,False,-0.5208701337043296,BAY_OF_SEINE
886,2017-06-20,161.84733333333332,279.7613741772249,49.368228167140295,-167.2822690110319,67.55668281722,26.97783778471061,61.40951634165237,11.61264587363702,False,-0.5208701337043296,BAY_OF_SEINE
887,2017-06-28,161.84733333333332,297.6354845405892,-76.72332647596326,-59.06482473129259,67.55668281722,26.97783778471061,61.40951634165237,11.61264587363702,False,-0.5208701337043296,BAY_OF_SEINE
888,2017-07-04,179.609125,316.84732588700274,-157.96276652142174,20.724565634419008,67.55668281722,26.97783778471061,61.40951634165237,11.61264587363702,False,-0.5208701337043296,BAY_OF_SEINE
889,2017-07-12,179.609125,337.30147022750725,-208.945823286916,51.253478059408735,67.55668281722,26.97783778471061,61.40951634165237,11.61264587363702,False,-0.5208701337043296,BAY_OF_SEINE
890,2017-07-20,165.84857142857143,358.88289269499205,-240.42598581910624,47.3916645526856,67.55668281722,26.97783778471061,61.40951634165237,11.61264587363702,False,-0.5208701337043296,BAY_OF_SEINE
891,2017-07-28,165.84857142857143,381.4614334877046,-253.975752518226,38.36289045909285,67.55668281722,26.97783778471061,61.40951634165237,11.61264587363702,False,-0.5208701337043296,BAY_OF_SEINE
892,2017-08-04,166.840125,404.89506805068623,-273.4024294557783,35.34748640509207,67.55668281722,26.97783778471061,61.40951634165237,11.61264587363702,False,-0.5208701337043296,BAY_OF_SEINE
893,2017-08-12,183.109,429.0322177927103,-287.95243233809,42.02921454537969,67.55668281722,26.97783778471061,61.40951634165237,11.61264587363702,False,-0.5208701337043296,BAY_OF_SEINE
894,2017-08-20,193.60485714285716,453.7135015062542,-289.18324979471294,29.074605431315888,67.55668281722,26.97783778471061,61.40951634165237,11.61264587363702,False,-0.5208701337043296,BAY_OF_SEINE
895,2017-08-28,193.60485714285716,478.7726945145212,-305.19188030526385,20.024042933599787,67.55668281722,26.97783778471061,61.40951634165237,11.61264587363702,False,-0.5208701337043296,BAY_OF_SEINE
896,2017-09-04,193.60485714285716,504.0385795749384,-309.61930222001445,-0.8144202120668069,67.55668281722,26.97783778471061,61.40951634165237,11.61264587363702,False,-0.5208701337043296,BAY_OF_SEINE
897,2017-09-12,290.717375,529.3371301952825,-264.34466727676784,25.724912081485343,67.55668281722,26.97783778471061,61.40951634165237,11.61264587363702,False,-0.5208701337043296,BAY_OF_SEINE
898,2017-09-20,290.717375,554.495123947891,-267.81729926255446,4.039550314663472,67.55668281722,26.97783778471061,61.40951634165237,11.61264587363702,False,-0.5208701337043296,BAY_OF_SEINE
899,2017-09-28,271.5575,579.3423096893868,-284.3794682362285,-23.405341453158258,67.55668281722,26.97783778471061,61.40951634165237,11.61264587363702,False,-0.5208701337043296,BAY_OF_SEINE
900,2017-10-04,240.33216666666667,603.7144333377407,-303.59660456494083,-59.7856621061332,67.55668281722,26.97783778471061,61.40951634165237,11.61264587363702,False,-0.5208701337043296,BAY_OF_SEINE
901,2017-10-12,234.024875,627.454908147313,-309.62031917951447,-83.80971396779847,67.55668281722,26.97783778471061,61.40951634165237,11.61264587363702,False,-0.5208701337043296,BAY_OF_SEINE
902,2017-10-20,224.474875,650.4168948415604,-315.5076218061482,-110.4343980354122,67.55668281722,26.97783778471061,61.40951634165237,11.61264587363702,False,-0.5208701337043296,BAY_OF_SEINE
903,2017-10-28,204.600875,672.4650789968572,-322.2442028285858,-145.6200011682714,67.55668281722,26.97783778471061,61.40951634165237,11.61264587363702,False,-0.5208701337043296,BAY_OF_SEINE
904,2017-11-04,204.600875,693.4763905245907,-320.5971952684834,-168.2783202561073,67.55668281722,26.97783778471061,61.40951634165237,11.61264587363702,False,-0.5208701337043296,BAY_OF_SEINE
905,2017-11-12,336.5085,713.3405929665031,-240.79636136966752,-136.0357315968356,67.55668281722,26.97783778471061,61.40951634165237,11.61264587363702,False,-0.5208701337043296,BAY_OF_SEINE
906,2017-11-20,382.663,731.9606014142644,-201.60032864091627,-147.6972727733481,67.55668281722,26.97783778471061,61.40951634165237,11.61264587363702,False,-0.5208701337043296,BAY_OF_SEINE
907,2017-11-28,442.6544999999999,749.2508309834175,-167.66875598880551,-138.92757499461203,67.55668281722,26.97783778471061,61.40951634165237,11.61264587363702,False,-0.5208701337043296,BAY_OF_SEINE
908,2017-12-04,537.53675,765.1356368632026,-100.97998624841564,-126.61890061478704,67.55668281722,26.97783778471061,61.40951634165237,11.61264587363702,False,-0.5208701337043296,BAY_OF_SEINE
909,2017-12-12,761.794375,779.5468004228757,17.319105704757465,-35.07153112763318,67.55668281722,26.97783778471061,61.40951634165237,11.61264587363702,False,-0.5208701337043296,BAY_OF_SEINE
910,2017-12-20,860.6568571428571,792.424583129829,78.94483744765101,-10.71256343462288,67.55668281722,26.97783778471061,61.40951634165237,11.61264587363702,False,-0.5208701337043296,BAY_OF_SEINE
911,2017-12-28,920.5955,803.7201586655368,101.4915575161998,15.38378381826341,67.55668281722,26.97783778471061,61.40951634165237,11.61264587363702,False,-0.5208701337043296,BAY_OF_SEINE
912,2018-01-04,1395.602875,813.3955114720485,320.8311178913633,261.37624563658824,67.55668281722,26.97783778471061,61.40951634165237,11.61264587363702,False,-0.5208701337043296,BAY_OF_SEINE
913,2018-01-12,1548.95075,821.4243913887564,411.4785278654021,316.0478307458415,67.55668281722,26.97783778471061,61.40951634165237,11.61264587363702,False,-0.5208701337043296,BAY_OF_SEINE
914,2018-01-20,1635.447,827.7868157177063,470.3471573611103,337.3130269211836,67.55668281722,26.97783778471061,61.40951634165237,11.61264587363702,False,-0.5208701337043296,BAY_OF_SEINE
915,2018-01-28,2083.61575,832.4687331656007,722.4093123341312,528.737704500268,67.55668281722,26.97783778471061,61.40951634165237,11.61264587363702,False,-0.5208701337043296,BAY_OF_SEINE
916,2018-02-04,2083.61575,835.4643189395829,824.949520620338,423.201910440079,67.55668281722,26.97783778471061,61.40951634165237,11.61264587363702,False,-0.5208701337043296,BAY_OF_SEINE
917,2018-02-12,1700.096,836.7756214126599,635.3435994134985,227.9767791738416,67.55668281722,26.97783778471061,61.40951634165237,11.61264587363702,False,-0.5208701337043296,BAY_OF_SEINE
918,2018-02-20,1555.78375,836.4137816318105,478.3917186213263,240.9782497468633,67.55668281722,26.97783778471061,61.40951634165237,11.61264587363702,False,-0.5208701337043296,BAY_OF_SEINE
919,2018-02-28,1274.0675,834.4035491497135,313.58431460482944,126.07963624545717,67.55668281722,26.97783778471061,61.40951634165237,11.61264587363702,False,-0.5208701337043296,BAY_OF_SEINE
920,2018-03-04,1084.36925,830.7841606305319,314.3605291956919,-60.775439826223874,67.55668281722,26.97783778471061,61.40951634165237,11.61264587363702,False,-0.5208701337043296,BAY_OF_SEINE
921,2018-03-12,1084.36925,825.612509936435,359.87816013642964,-101.12142007286468,67.55668281722,26.97783778471061,61.40951634165237,11.61264587363702,False,-0.5208701337043296,BAY_OF_SEINE
922,2018-03-20,1195.1751428571429,818.9577417004077,397.7510321437673,-21.533630987032154,67.55668281722,26.97783778471061,61.40951634165237,11.61264587363702,False,-0.5208701337043296,BAY_OF_SEINE
923,2018-03-28,1195.1751428571429,810.8921870994656,383.6726306197818,0.6103251378954724,67.55668281722,26.97783778471061,61.40951634165237,11.61264587363702,False,-0.5208701337043296,BAY_OF_SEINE
924,2018-04-04,1133.006875,801.4865910278836,278.6394575977178,52.88082637439862,67.55668281722,26.97783778471061,61.40951634165237,11.61264587363702,False,-0.5208701337043296,BAY_OF_SEINE
925,2018-04-12,1034.5345,790.8096570350255,196.69494682271772,47.02989614225677,67.55668281722,26.97783778471061,61.40951634165237,11.61264587363702,False,-0.5208701337043296,BAY_OF_SEINE
926,2018-04-20,717.3645,778.928767460186,13.470883153833157,-75.03515061401914,67.55668281722,26.97783778471061,61.40951634165237,11.61264587363702,False,-0.5208701337043296,BAY_OF_SEINE
927,2018-04-28,563.295,765.9122960406413,-74.83734130488602,-127.77995473575533,67.55668281722,26.97783778471061,61.40951634165237,11.61264587363702,False,-0.5208701337043296,BAY_OF_SEINE
928,2018-05-04,527.38375,751.8322435599562,-94.2221080795332,-130.226385480423,67.55668281722,26.97783778471061,61.40951634165237,11.61264587363702,False,-0.5208701337043296,BAY_OF_SEINE
929,2018-05-12,464.158125,736.7629302590202,-99.34440145099414,-173.26040380802607,67.55668281722,26.97783778471061,61.40951634165237,11.61264587363702,False,-0.5208701337043296,BAY_OF_SEINE
930,2018-05-20,464.158125,720.7770715017022,-98.40635478566185,-158.21259171604032,67.55668281722,26.97783778471061,61.40951634165237,11.61264587363702,False,-0.5208701337043296,BAY_OF_SEINE
931,2018-05-28,485.4938571428571,703.9455882689641,-122.41942257973449,-96.03230854637252,67.55668281722,26.97783778471061,61.40951634165237,11.61264587363702,False,-0.5208701337043296,BAY_OF_SEINE
932,2018-06-04,501.583,686.3385124359424,-119.76312192415978,-64.9923905117827,67.55668281722,26.97783778471061,61.40951634165237,11.61264587363702,False,-0.5208701337043296,BAY_OF_SEINE
933,2018-06-12,501.583,668.0259705652066,-125.90921427180852,-40.53375629339816,67.55668281722,26.97783778471061,61.40951634165237,11.61264587363702,False,-0.5208701337043296,BAY_OF_SEINE
934,2018-06-20,431.2725,649.0800099533047,-176.15313313358084,-41.65437681972392,67.55668281722,26.97783778471061,61.40951634165237,11.61264587363702,False,-0.5208701337043296,BAY_OF_SEINE
935,2018-06-28,298.8068333333334,629.5809512677899,-255.84546738180688,-74.92865055264969,67.55668281722,26.97783778471061,61.40951634165237,11.61264587363702,False,-0.5208701337043296,BAY_OF_SEINE
936,2018-07-04,258.076,609.6188155165822,-273.64269728138714,-77.90011823519507,67.55668281722,26.97783778471061,61.40951634165237,11.61264587363702,False,-0.5208701337043296,BAY_OF_SEINE
937,2018-07-12,240.11475,589.2946812837662,-279.9354698095224,-69.24446147424379,67.55668281722,26.97783778471061,61.40951634165237,11.61264587363702,False,-0.5208701337043296,BAY_OF_SEINE
938,2018-07-20,234.0324285714286,568.717132913949,-281.73982893835625,-52.94487540416412,67.55668281722,26.97783778471061,61.40951634165237,11.61264587363702,False,-0.5208701337043296,BAY_OF_SEINE
939,2018-07-28,234.0324285714286,547.9989015474408,-276.3477735408459,-37.61869943516638,67.55668281722,26.97783778471061,61.40951634165237,11.61264587363702,False,-0.5208701337043296,BAY_OF_SEINE
940,2018-08-04,218.858625,527.2546783132309,-276.6919303031566,-31.704123010074284,67.55668281722,26.97783778471061,61.40951634165237,11.61264587363702,False,-0.5208701337043296,BAY_OF_SEINE
941,2018-08-12,202.59425,506.5995470754473,-274.11605933867463,-29.889237736772717,67.55668281722,26.97783778471061,61.40951634165237,11.61264587363702,False,-0.5208701337043296,BAY_OF_SEINE
942,2018-08-20,218.858625,486.1472456220058,-262.933555509936,-4.355065112069781,67.55668281722,26.97783778471061,61.40951634165237,11.61264587363702,False,-0.5208701337043296,BAY_OF_SEINE
943,2018-08-28,202.91275,466.008889601066,-286.266574350811,23.17043474974497,67.55668281722,26.97783778471061,61.40951634165237,11.61264587363702,False,-0.5208701337043296,BAY_OF_SEINE
944,2018-09-04,202.91275,446.2918399595617,-287.25785224863534,43.87876228907365,67.55668281722,26.97783778471061,61.40951634165237,11.61264587363702,False,-0.5208701337043296,BAY_OF_SEINE
945,2018-09-12,195.353625,427.09801084024656,-268.2988699004177,36.55448406017112,67.55668281722,26.97783778471061,61.40951634165237,11.61264587363702,False,-0.5208701337043296,BAY_OF_SEINE
946,2018-09-20,193.842875,408.522038839346,-270.579209038875,55.90004519952902,67.55668281722,26.97783778471061,61.40951634165237,11.61264587363702,False,-0.5208701337043296,BAY_OF_SEINE
947,2018-09-28,195.353625,390.650343029105,-267.2286171415247,71.9318991124197,67.55668281722,26.97783778471061,61.40951634165237,11.61264587363702,False,-0.5208701337043296,BAY_OF_SEINE
948,2018-10-04,199.087875,373.5580936646286,-271.0241766440432,96.55395797941463,67.55668281722,26.97783778471061,61.40951634165237,11.61264587363702,False,-0.5208701337043296,BAY_OF_SEINE
949,2018-10-12,199.087875,357.3090843710421,-264.1169446498435,105.8957352788014,67.55668281722,26.97783778471061,61.40951634165237,11.61264587363702,False,-0.5208701337043296,BAY_OF_SEINE
950,2018-10-20,188.7722857142857,341.95462160664334,-253.29279115788336,100.11045526552576,67.55668281722,26.97783778471061,61.40951634165237,11.61264587363702,False,-0.5208701337043296,BAY_OF_SEINE
951,2018-10-28,188.7722857142857,327.53290658372663,-254.985642811597,116.22502194215608,67.55668281722,26.97783778471061,61.40951634165237,11.61264587363702,False,-0.5208701337043296,BAY_OF_SEINE
952,2018-11-04,194.3585,314.0694330587551,-232.3101475211541,112.599214462399,67.55668281722,26.97783778471061,61.40951634165237,11.61264587363702,False,-0.5208701337043296,BAY_OF_SEINE
953,2018-11-12,194.3585,301.5773172024279,-194.3567695601513,87.13795235772338,67.55668281722,26.97783778471061,61.40951634165237,11.61264587363702,False,-0.5208701337043296,BAY_OF_SEINE
954,2018-11-20,216.252625,290.0597168610367,-169.00204677243832,95.19495491140162,67.55668281722,26.97783778471061,61.40951634165237,11.61264587363702,False,-0.5208701337043296,BAY_OF_SEINE
955,2018-11-28,230.75016666666667,279.5132253806876,-146.71023053929417,97.94717182527329,67.55668281722,26.97783778471061,61.40951634165237,11.61264587363702,False,-0.5208701337043296,BAY_OF_SEINE
956,2018-12-04,359.075125,269.92985507248136,-39.57090253324184,128.7161724607605,67.55668281722,26.97783778471061,61.40951634165237,11.61264587363702,False,-0.5208701337043296,BAY_OF_SEINE
957,2018-12-12,440.241625,261.30085884945254,125.7977539143815,53.14301223616596,67.55668281722,26.97783778471061,61.40951634165237,11.61264587363702,False,-0.5208701337043296,BAY_OF_SEINE
958,2018-12-20,475.19725,253.6172010951202,274.88086013375886,-53.30081122887907,67.55668281722,26.97783778471061,61.40951634165237,11.61264587363702,False,-0.5208701337043296,BAY_OF_SEINE
959,2018-12-28,440.241625,246.8685678883142,272.8705399538082,-79.4974828421224,67.55668281722,26.97783778471061,61.40951634165237,11.61264587363702,False,-0.5208701337043296,BAY_OF_SEINE
960,2019-01-04,354.585,241.04912989697007,312.061606442793,-198.52573633976309,67.55668281722,26.97783778471061,61.40951634165237,11.61264587363702,False,-0.5208701337043296,BAY_OF_SEINE
961,2019-01-12,354.585,236.1633054741737,291.09414442375623,-172.67244989793,67.55668281722,26.97783778471061,61.40951634165237,11.61264587363702,False,-0.5208701337043296,BAY_OF_SEINE
962,2019-01-20,408.554625,232.2327872898188,287.5111480017316,-111.18931029155044,67.55668281722,26.97783778471061,61.40951634165237,11.61264587363702,False,-0.5208701337043296,BAY_OF_SEINE
963,2019-01-28,506.2645714285714,229.29375253393889,448.8756641631967,-171.90484526856417,67.55668281722,26.97783778471061,61.40951634165237,11.61264587363702,False,-0.5208701337043296,BAY_OF_SEINE
964,2019-02-04,777.5973749999999,227.39378930614745,738.9431979404899,-188.7396122466373,67.55668281722,26.97783778471061,61.40951634165237,11.61264587363702,False,-0.5208701337043296,BAY_OF_SEINE
965,2019-02-12,777.5973749999999,226.5801733622142,665.9645184495965,-114.94731681181077,67.55668281722,26.97783778471061,61.40951634165237,11.61264587363702,False,-0.5208701337043296,BAY_OF_SEINE
966,2019-02-20,524.0828750000001,226.88526204059391,503.4750255064572,-206.27741254705109,67.55668281722,26.97783778471061,61.40951634165237,11.61264587363702,False,-0.5208701337043296,BAY_OF_SEINE
967,2019-02-28,419.364375,228.3172808635248,381.2023365567808,-190.15524242030557,67.55668281722,26.97783778471061,61.40951634165237,11.61264587363702,False,-0.5208701337043296,BAY_OF_SEINE
968,2019-03-04,419.364375,230.86296366366875,400.4388440465152,-211.937432710184,67.55668281722,26.97783778471061,61.40951634165237,11.61264587363702,False,-0.5208701337043296,BAY_OF_SEINE
969,2019-03-12,590.87825,234.48100591529365,487.0386004803431,-130.64135639563676,67.55668281722,26.97783778471061,61.40951634165237,11.61264587363702,False,-0.5208701337043296,BAY_OF_SEINE
970,2019-03-20,591.5752857142858,239.1105436105051,476.7987814938753,-124.33403939009465,67.55668281722,26.97783778471061,61.40951634165237,11.61264587363702,False,-0.5208701337043296,BAY_OF_SEINE
971,2019-03-28,591.5752857142858,244.6842185968169,360.7987011709728,-13.907634053503898,67.55668281722,26.97783778471061,61.40951634165237,11.61264587363702,False,-0.5208701337043296,BAY_OF_SEINE
972,2019-04-04,436.7815,251.14075096632763,191.97419696740613,-6.3334479337337655,67.55668281722,26.97783778471061,61.40951634165237,11.61264587363702,False,-0.5208701337043296,BAY_OF_SEINE
973,2019-04-12,385.603,258.42380924004016,108.6480533122702,18.53113744768966,67.55668281722,26.97783778471061,61.40951634165237,11.61264587363702,False,-0.5208701337043296,BAY_OF_SEINE
974,2019-04-20,331.2025,266.4805299325004,-15.14692718140732,79.86889724890695,67.55668281722,26.97783778471061,61.40951634165237,11.61264587363702,False,-0.5208701337043296,BAY_OF_SEINE
975,2019-04-28,287.712625,275.2559556113926,-83.82220793037996,96.27887731898736,67.55668281722,26.97783778471061,61.40951634165237,11.61264587363702,False,-0.5208701337043296,BAY_OF_SEINE
976,2019-05-04,287.712625,284.6894262071077,-93.99780056788605,97.02099936077832,67.55668281722,26.97783778471061,61.40951634165237,11.61264587363702,False,-0.5208701337043296,BAY_OF_SEINE
977,2019-05-12,384.09925,294.71713062060536,-63.469765027541,152.85188440693562,67.55668281722,26.97783778471061,61.40951634165237,11.61264587363702,False,-0.5208701337043296,BAY_OF_SEINE
978,2019-05-20,384.09925,305.2744626796193,-77.77736623833246,156.60215355871313,67.55668281722,26.97783778471061,61.40951634165237,11.61264587363702,False,-0.5208701337043296,BAY_OF_SEINE
979,2019-05-28,286.319,316.29696430032425,-133.97456844267091,103.99660414234668,67.55668281722,26.97783778471061,61.40951634165237,11.61264587363702,False,-0.5208701337043296,BAY_OF_SEINE
980,2019-06-04,274.35225,327.72168368466373,-135.4716995393942,82.10226585473049,67.55668281722,26.97783778471061,61.40951634165237,11.61264587363702,False,-0.5208701337043296,BAY_OF_SEINE
981,2019-06-12,250.8885,339.48667469706123,-150.9356312498368,62.33745655277556,67.55668281722,26.97783778471061,61.40951634165237,11.61264587363702,False,-0.5208701337043296,BAY_OF_SEINE
982,2019-06-20,220.174125,351.5287603244407,-191.34779370799723,59.993158383556505,67.55668281722,26.97783778471061,61.40951634165237,11.61264587363702,False,-0.5208701337043296,BAY_OF_SEINE
983,2019-06-28,173.70950000000002,363.7826073367026,-253.05715093009871,62.98404359339614,67.55668281722,26.97783778471061,61.40951634165237,11.61264587363702,False,-0.5208701337043296,BAY_OF_SEINE
984,2019-07-04,165.751375,376.1795801924303,-272.3171958070489,61.88899061461865,67.55668281722,26.97783778471061,61.40951634165237,11.61264587363702,False,-0.5208701337043296,BAY_OF_SEINE
985,2019-07-12,164.492375,388.6479824170452,-283.06285666487963,58.90724924783447,67.55668281722,26.97783778471061,61.40951634165237,11.61264587363702,False,-0.5208701337043296,BAY_OF_SEINE
986,2019-07-20,164.492375,401.1160219754988,-283.6348097618679,47.01116278636917,67.55668281722,26.97783778471061,61.40951634165237,11.61264587363702,False,-0.5208701337043296,BAY_OF_SEINE
987,2019-07-28,161.4985,413.5146613273287,-283.59648060208133,31.580319274752668,67.55668281722,26.97783778471061,61.40951634165237,11.61264587363702,False,-0.5208701337043296,BAY_OF_SEINE
988,2019-08-04,169.46742857142857,425.777442071161,-282.03401355565074,25.72400005591834,67.55668281722,26.97783778471061,61.40951634165237,11.61264587363702,False,-0.5208701337043296,BAY_OF_SEINE
989,2019-08-12,189.203875,437.8381087176882,-278.4647750695326,29.830541351844403,67.55668281722,26.97783778471061,61.40951634165237,11.61264587363702,False,-0.5208701337043296,BAY_OF_SEINE
990,2019-08-20,189.203875,449.63120244239695,-276.6207571949982,16.19342975260122,67.55668281722,26.97783778471061,61.40951634165237,11.61264587363702,False,-0.5208701337043296,BAY_OF_SEINE
991,2019-08-28,128.0627142857143,461.0930287794206,-312.9961807163692,-20.03413377733716,67.55668281722,26.97783778471061,61.40951634165237,11.61264587363702,False,-0.5208701337043296,BAY_OF_SEINE
992,2019-09-04,127.371375,472.1630912410803,-316.0639052326123,-28.727811008467995,67.55668281722,26.97783778471061,61.40951634165237,11.61264587363702,False,-0.5208701337043296,BAY_OF_SEINE
993,2019-09-12,127.371375,482.78555051269785,-320.5956745786903,-34.818500934007545,67.55668281722,26.97783778471061,61.40951634165237,11.61264587363702,False,-0.5208701337043296,BAY_OF_SEINE
994,2019-09-20,127.5105,492.9103193486913,-319.5150101555412,-45.88480919315009,67.55668281722,26.97783778471061,61.40951634165237,11.61264587363702,False,-0.5208701337043296,BAY_OF_SEINE
995,2019-09-28,157.384,502.4937235695696,-290.54927383775146,-54.56044973181815,67.55668281722,26.97783778471061,61.40951634165237,11.61264587363702,False,-0.5208701337043296,BAY_OF_SEINE
996,2019-10-04,159.70933333333332,511.4996537114218,-261.16084618471183,-90.62947419337668,67.55668281722,26.97783778471061,61.40951634165237,11.61264587363702,False,-0.5208701337043296,BAY_OF_SEINE
997,2019-10-12,184.98075,519.8982967881598,-245.32616566598327,-89.59138112217644,67.55668281722,26.97783778471061,61.40951634165237,11.61264587363702,False,-0.5208701337043296,BAY_OF_SEINE
998,2019-10-20,252.47925,527.6672553547825,-204.48282300632297,-70.70518234845952,67.55668281722,26.97783778471061,61.40951634165237,11.61264587363702,False,-0.5208701337043296,BAY_OF_SEINE
999,2019-10-28,263.1225714285714,534.7914147418782,-204.45410074988692,-67.2147425634198,67.55668281722,26.97783778471061,61.40951634165237,11.61264587363702,False,-0.5208701337043296,BAY_OF_SEINE
1000,2019-11-04,341.5675,541.2633769215277,-163.07188279926066,-36.62399412226699,67.55668281722,26.97783778471061,61.40951634165237,11.61264587363702,False,-0.5208701337043296,BAY_OF_SEINE
1001,2019-11-12,362.370625,547.0841562956589,-164.05916455996856,-20.654366735690303,67.55668281722,26.97783778471061,61.40951634165237,11.61264587363702,False,-0.5208701337043296,BAY_OF_SEINE
1002,2019-11-20,375.6483333333333,552.2624758625113,-159.19186708177676,-17.42227544740126,67.55668281722,26.97783778471061,61.40951634165237,11.61264587363702,False,-0.5208701337043296,BAY_OF_SEINE
1003,2019-11-28,375.6483333333333,556.8135876545442,-155.14313290862972,-26.022121412581185,67.55668281722,26.97783778471061,61.40951634165237,11.61264587363702,False,-0.5208701337043296,BAY_OF_SEINE
1004,2019-12-04,450.885,560.7580990190742,-80.72112732502632,-29.15197169404786,67.55668281722,26.97783778471061,61.40951634165237,11.61264587363702,False,-0.5208701337043296,BAY_OF_SEINE
1005,2019-12-12,723.2090000000001,564.1221933468498,104.03187183399808,55.054934819152166,67.55668281722,26.97783778471061,61.40951634165237,11.61264587363702,False,-0.5208701337043296,BAY_OF_SEINE
1006,2019-12-20,1147.941125,566.9340883204927,362.21518443955625,218.79185223995108,67.55668281722,26.97783778471061,61.40951634165237,11.61264587363702,False,-0.5208701337043296,BAY_OF_SEINE
1007,2019-12-28,1147.941125,569.21993526698,439.7928387876491,138.928350945371,67.55668281722,26.97783778471061,61.40951634165237,11.61264587363702,False,-0.5208701337043296,BAY_OF_SEINE
1008,2020-01-04,999.604,570.9960111372383,342.97160578682264,85.63638307593902,67.55668281722,26.97783778471061,61.40951634165237,11.61264587363702,False,-0.5208701337043296,BAY_OF_SEINE
1009,2020-01-12,760.6635,572.2736421160315,221.891507597001,-33.50164971303252,67.55668281722,26.97783778471061,61.40951634165237,11.61264587363702,False,-0.5208701337043296,BAY_OF_SEINE
1010,2020-01-20,550.059625,573.0566437011697,204.42150824559872,-227.41852694676845,67.55668281722,26.97783778471061,61.40951634165237,11.61264587363702,False,-0.5208701337043296,BAY_OF_SEINE
1011,2020-01-28,550.059625,573.3382137140514,294.1765321205672,-317.45512083461864,67.55668281722,26.97783778471061,61.40951634165237,11.61264587363702,False,-0.5208701337043296,BAY_OF_SEINE
1012,2020-02-04,1165.895875,573.095864156553,754.8753480612123,-162.07533721776542,67.55668281722,26.97783778471061,61.40951634165237,11.61264587363702,False,-0.5208701337043296,BAY_OF_SEINE
1013,2020-02-12,1256.157625,572.2938963374094,798.3993223653399,-114.53559370274922,67.55668281722,26.97783778471061,61.40951634165237,11.61264587363702,False,-0.5208701337043296,BAY_OF_SEINE
1014,2020-02-20,1256.157625,570.8922403102272,572.1751676401558,113.09021704961708,67.55668281722,26.97783778471061,61.40951634165237,11.61264587363702,False,-0.5208701337043296,BAY_OF_SEINE
1015,2020-02-28,1256.157625,568.8634229169271,459.1753639000773,228.1188381829956,67.55668281722,26.97783778471061,61.40951634165237,11.61264587363702,False,-0.5208701337043296,BAY_OF_SEINE
1016,2020-03-04,1520.322,566.1952548130164,539.8053205831533,414.3214246038305,67.55668281722,26.97783778471061,61.40951634165237,11.61264587363702,False,-0.5208701337043296,BAY_OF_SEINE
1017,2020-03-12,1520.322,562.897322363092,581.7488085162213,375.6758691206868,67.55668281722,26.97783778471061,61.40951634165237,11.61264587363702,False,-0.5208701337043296,BAY_OF_SEINE
1018,2020-03-20,1363.024375,558.9970277373126,497.93834016029416,306.0890071023932,67.55668281722,26.97783778471061,61.40951634165237,11.61264587363702,False,-0.5208701337043296,BAY_OF_SEINE
1019,2020-03-28,896.0668571428571,554.5379955770267,263.57212275091786,77.95673881491257,67.55668281722,26.97783778471061,61.40951634165237,11.61264587363702,False,-0.5208701337043296,BAY_OF_SEINE
1020,2020-04-04,591.95425,549.5720528179797,39.15678690518556,3.225410276834708,67.55668281722,26.97783778471061,61.40951634165237,11.61264587363702,False,-0.5208701337043296,BAY_OF_SEINE
1021,2020-04-12,460.6,544.1600208426531,-42.55714937604881,-41.00287146660429,67.55668281722,26.97783778471061,61.40951634165237,11.61264587363702,False,-0.5208701337043296,BAY_OF_SEINE
1022,2020-04-20,394.0825,538.3678446321765,-111.24647573308872,-33.03886889908776,67.55668281722,26.97783778471061,61.40951634165237,11.61264587363702,False,-0.5208701337043296,BAY_OF_SEINE
1023,2020-04-28,364.402,532.2678480641139,-149.30906652854586,-18.55678153556798,67.55668281722,26.97783778471061,61.40951634165237,11.61264587363702,False,-0.5208701337043296,BAY_OF_SEINE
1024,2020-05-04,364.402,525.9379133098353,-149.50775802492876,-12.02815528490646,67.55668281722,26.97783778471061,61.40951634165237,11.61264587363702,False,-0.5208701337043296,BAY_OF_SEINE
1025,2020-05-12,360.873625,519.4584861598564,-118.69894589987278,-39.88591525998363,67.55668281722,26.97783778471061,61.40951634165237,11.61264587363702,False,-0.5208701337043296,BAY_OF_SEINE
1026,2020-05-20,305.008125,512.9104815163433,-129.93074193234162,-77.97161458400171,67.55668281722,26.97783778471061,61.40951634165237,11.61264587363702,False,-0.5208701337043296,BAY_OF_SEINE
1027,2020-05-28,254.141625,506.3731979278404,-178.8817427906427,-73.34983013719773,67.55668281722,26.97783778471061,61.40951634165237,11.61264587363702,False,-0.5208701337043296,BAY_OF_SEINE
1028,2020-06-04,253.55471428571428,499.9213758563542,-183.7527305337052,-62.6139310369347,67.55668281722,26.97783778471061,61.40951634165237,11.61264587363702,False,-0.5208701337043296,BAY_OF_SEINE
1029,2020-06-12,235.626125,493.6242871525432,-201.24855372474093,-56.749608427802286,67.55668281722,26.97783778471061,61.40951634165237,11.61264587363702,False,-0.5208701337043296,BAY_OF_SEINE
1030,2020-06-20,208.071,487.5472448680648,-220.4014191439829,-59.07482572408185,67.55668281722,26.97783778471061,61.40951634165237,11.61264587363702,False,-0.5208701337043296,BAY_OF_SEINE
1031,2020-06-28,196.86366666666663,481.7517124956189,-232.7426228009205,-52.14542302803176,67.55668281722,26.97783778471061,61.40951634165237,11.61264587363702,False,-0.5208701337043296,BAY_OF_SEINE
1032,2020-07-04,184.402,476.2955636019161,-240.66800793436045,-51.22555566755568,67.55668281722,26.97783778471061,61.40951634165237,11.61264587363702,False,-0.5208701337043296,BAY_OF_SEINE
1033,2020-07-12,160.06975,471.2328089284622,-233.3906766595146,-77.77238226894758,67.55668281722,26.97783778471061,61.40951634165237,11.61264587363702,False,-0.5208701337043296,BAY_OF_SEINE
1034,2020-07-20,157.417625,466.6108381551456,-177.03787120192823,-132.15534195321737,67.55668281722,26.97783778471061,61.40951634165237,11.61264587363702,False,-0.5208701337043296,BAY_OF_SEINE
1035,2020-07-28,153.74828571428571,462.46626719714624,-184.52440146326063,-124.19358001959988,67.55668281722,26.97783778471061,61.40951634165237,11.61264587363702,False,-0.5208701337043296,BAY_OF_SEINE
1036,2020-08-04,153.74828571428571,458.8264767155512,-252.6814405320765,-52.39675046918899,67.55668281722,26.97783778471061,61.40951634165237,11.61264587363702,False,-0.5208701337043296,BAY_OF_SEINE
1037,2020-08-12,151.42675,455.71594566007326,-267.4256486448368,-36.86354701523646,67.55668281722,26.97783778471061,61.40951634165237,11.61264587363702,False,-0.5208701337043296,BAY_OF_SEINE
1038,2020-08-20,151.42675,453.15739649363184,-286.64172998019785,-15.088916513434016,67.55668281722,26.97783778471061,61.40951634165237,11.61264587363702,False,-0.5208701337043296,BAY_OF_SEINE
1039,2020-08-28,150.8462857142857,451.17211718788417,-307.9764096689333,7.650578195334845,67.55668281722,26.97783778471061,61.40951634165237,11.61264587363702,False,-0.5208701337043296,BAY_OF_SEINE
1040,2020-09-04,149.69425,449.7784272627224,-305.6558830791969,5.571705816474491,67.55668281722,26.97783778471061,61.40951634165237,11.61264587363702,False,-0.5208701337043296,BAY_OF_SEINE
1041,2020-09-12,149.69425,448.9901367636672,-298.63126094938025,-0.6646258142869783,67.55668281722,26.97783778471061,61.40951634165237,11.61264587363702,False,-0.5208701337043296,BAY_OF_SEINE
1042,2020-09-20,161.06525,448.8164016146953,-287.3367741952234,-0.4143774194718617,67.55668281722,26.97783778471061,61.40951634165237,11.61264587363702,False,-0.5208701337043296,BAY_OF_SEINE
1043,2020-09-28,213.68533333333332,449.2609246914683,-249.18669487980003,13.611103521665086,67.55668281722,26.97783778471061,61.40951634165237,11.61264587363702,False,-0.5208701337043296,BAY_OF_SEINE
1044,2020-10-04,313.815,450.3216390664609,-201.7846282497077,65.27798918324677,67.55668281722,26.97783778471061,61.40951634165237,11.61264587363702,False,-0.5208701337043296,BAY_OF_SEINE
1045,2020-10-12,315.50925,451.99130538062974,-194.09960519257703,57.61754981194733,67.55668281722,26.97783778471061,61.40951634165237,11.61264587363702,False,-0.5208701337043296,BAY_OF_SEINE
1046,2020-10-20,345.6317142857143,454.2565824722001,-164.23200284643949,55.60713465995369,67.55668281722,26.97783778471061,61.40951634165237,11.61264587363702,False,-0.5208701337043296,BAY_OF_SEINE
1047,2020-10-28,319.60275,457.09979308570087,-174.9328113559427,37.43576827024185,67.55668281722,26.97783778471061,61.40951634165237,11.61264587363702,False,-0.5208701337043296,BAY_OF_SEINE
1048,2020-11-04,319.60275,460.4983888450474,-152.45117447817248,11.555535633125118,67.55668281722,26.97783778471061,61.40951634165237,11.61264587363702,False,-0.5208701337043296,BAY_OF_SEINE
1049,2020-11-12,271.521125,464.4239114450125,-171.23752090320917,-21.66526554180328,67.55668281722,26.97783778471061,61.40951634165237,11.61264587363702,False,-0.5208701337043296,BAY_OF_SEINE
1050,2020-11-20,240.269375,468.8420715965946,-186.6810627764196,-41.891633820175,67.55668281722,26.97783778471061,61.40951634165237,11.61264587363702,False,-0.5208701337043296,BAY_OF_SEINE
1051,2020-11-28,240.269375,473.7128544578473,-187.49900866759992,-45.94447079024738,67.55668281722,26.97783778471061,61.40951634165237,11.61264587363702,False,-0.5208701337043296,BAY_OF_SEINE
1052,2020-12-04,257.817875,478.9906251647328,-85.45918620912211,-135.7135639556107,67.55668281722,26.97783778471061,61.40951634165237,11.61264587363702,False,-0.5208701337043296,BAY_OF_SEINE
1053,2020-12-12,369.677625,484.61932369887575,37.119629671680485,-152.0613283705562,67.55668281722,26.97783778471061,61.40951634165237,11.61264587363702,False,-0.5208701337043296,BAY_OF_SEINE
1054,2020-12-20,517.5695000000001,490.5369545376034,229.96788597386865,-202.935340511472,67.55668281722,26.97783778471061,61.40951634165237,11.61264587363702,False,-0.5208701337043296,BAY_OF_SEINE
1055,2020-12-28,865.287875,496.6793167745716,401.73148152759984,-33.12292330217144,67.55668281722,26.97783778471061,61.40951634165237,11.61264587363702,False,-0.5208701337043296,BAY_OF_SEINE
1056,2021-01-04,865.287875,502.983327614709,460.0948115578457,-97.79026417255476,67.55668281722,26.97783778471061,61.40951634165237,11.61264587363702,False,-0.5208701337043296,BAY_OF_SEINE
1057,2021-01-12,865.287875,509.3722800459243,397.6502613975187,-41.73466644344302,67.55668281722,26.97783778471061,61.40951634165237,11.61264587363702,False,-0.5208701337043296,BAY_OF_SEINE
1058,2021-01-20,1172.727375,515.7601892227281,463.39779287415706,193.5693929031148,67.55668281722,26.97783778471061,61.40951634165237,11.61264587363702,False,-0.5208701337043296,BAY_OF_SEINE
1059,2021-01-28,1446.797857142857,522.0590551022415,505.1443474026399,419.5944546379757,67.55668281722,26.97783778471061,61.40951634165237,11.61264587363702,False,-0.5208701337043296,BAY_OF_SEINE
1060,2021-02-04,1796.6055,528.1915745752613,830.4758424378962,437.9380829868427,67.55668281722,26.97783778471061,61.40951634165237,11.61264587363702,False,-0.5208701337043296,BAY_OF_SEINE
1061,2021-02-12,1796.6055,534.0981024281485,859.500114389332,403.0072831825195,67.55668281722,26.97783778471061,61.40951634165237,11.61264587363702,False,-0.5208701337043296,BAY_OF_SEINE
1062,2021-02-20,1149.7415,539.7403607923932,544.2106451209967,65.79049408661024,67.55668281722,26.97783778471061,61.40951634165237,11.61264587363702,False,-0.5208701337043296,BAY_OF_SEINE
1063,2021-02-28,806.271,545.0912163569863,370.4944312786681,-109.3146476356544,67.55668281722,26.97783778471061,61.40951634165237,11.61264587363702,False,-0.5208701337043296,BAY_OF_SEINE
1064,2021-03-04,604.4422500000001,550.1341954937557,303.25348007179707,-248.94542556555268,67.55668281722,26.97783778471061,61.40951634165237,11.61264587363702,False,-0.5208701337043296,BAY_OF_SEINE
1065,2021-03-12,604.4422500000001,554.8585440591413,277.309601305712,-227.7258953648532,67.55668281722,26.97783778471061,61.40951634165237,11.61264587363702,False,-0.5208701337043296,BAY_OF_SEINE
1066,2021-03-20,586.7081428571429,559.2592185788518,219.88799732927825,-192.4390730509872,67.55668281722,26.97783778471061,61.40951634165237,11.61264587363702,False,-0.5208701337043296,BAY_OF_SEINE
1067,2021-03-28,586.7081428571429,563.3270057057349,90.01115028395486,-66.63001313254688,67.55668281722,26.97783778471061,61.40951634165237,11.61264587363702,False,-0.5208701337043296,BAY_OF_SEINE
1068,2021-04-04,456.188125,567.0466049572998,-52.578252658652666,-58.28022729864711,67.55668281722,26.97783778471061,61.40951634165237,11.61264587363702,False,-0.5208701337043296,BAY_OF_SEINE
1069,2021-04-12,447.457125,570.3946577748901,-75.26506828217035,-47.6724644927198,67.55668281722,26.97783778471061,61.40951634165237,11.61264587363702,False,-0.5208701337043296,BAY_OF_SEINE
1070,2021-04-20,363.404875,573.3450413837684,-134.5155170922588,-75.42464929150958,67.55668281722,26.97783778471061,61.40951634165237,11.61264587363702,False,-0.5208701337043296,BAY_OF_SEINE
1071,2021-04-28,316.20983333333334,575.8698641869821,-185.24979218597784,-74.41023866767094,67.55668281722,26.97783778471061,61.40951634165237,11.61264587363702,False,-0.5208701337043296,BAY_OF_SEINE
1072,2021-05-04,316.20983333333334,577.9423484865357,-195.91308446762253,-65.81943068557985,67.55668281722,26.97783778471061,61.40951634165237,11.61264587363702,False,-0.5208701337043296,BAY_OF_SEINE
1073,2021-05-12,349.2155,579.5376377117302,-190.0584435051508,-40.26369420657943,67.55668281722,26.97783778471061,61.40951634165237,11.61264587363702,False,-0.5208701337043296,BAY_OF_SEINE
1074,2021-05-20,413.4052857142857,580.6323506187949,-176.67860058186483,9.451535677355594,67.55668281722,26.97783778471061,61.40951634165237,11.61264587363702,False,-0.5208701337043296,BAY_OF_SEINE
1075,2021-05-28,413.4052857142857,581.2043096986351,-189.2993132854503,21.50028930110085,67.55668281722,26.97783778471061,61.40951634165237,11.61264587363702,False,-0.5208701337043296,BAY_OF_SEINE
1076,2021-06-04,404.34325,581.2322878701226,-197.6795791407152,20.7905412705926,67.55668281722,26.97783778471061,61.40951634165237,11.61264587363702,False,-0.5208701337043296,BAY_OF_SEINE
1077,2021-06-12,389.6285,580.6975403016037,-208.89278667564287,17.823746374039217,67.55668281722,26.97783778471061,61.40951634165237,11.61264587363702,False,-0.5208701337043296,BAY_OF_SEINE
1078,2021-06-20,389.6285,579.5840561056833,-215.8335869378436,25.87803083216022,67.55668281722,26.97783778471061,61.40951634165237,11.61264587363702,False,-0.5208701337043296,BAY_OF_SEINE
1079,2021-06-28,401.3056666666666,577.8788160713935,-209.49180535559157,32.91865595086463,67.55668281722,26.97783778471061,61.40951634165237,11.61264587363702,False,-0.5208701337043296,BAY_OF_SEINE
1080,2021-07-04,405.2145,575.5720490631574,-206.9302806287432,36.57273156558583,67.55668281722,26.97783778471061,61.40951634165237,11.61264587363702,False,-0.5208701337043296,BAY_OF_SEINE
1081,2021-07-12,496.070875,572.6574927254703,-178.49952934409296,101.91291161862264,67.55668281722,26.97783778471061,61.40951634165237,11.61264587363702,False,-0.5208701337043296,BAY_OF_SEINE
1082,2021-07-20,744.72175,569.1336867119463,-54.32295425298455,229.91101754103823,67.55668281722,26.97783778471061,61.40951634165237,11.61264587363702,False,-0.5208701337043296,BAY_OF_SEINE
1083,2021-07-28,744.72175,565.0057027724619,-52.51171429319135,232.22776152072956,67.55668281722,26.97783778471061,61.40951634165237,11.61264587363702,False,-0.5208701337043296,BAY_OF_SEINE
1084,2021-08-04,476.313375,560.285966012448,-178.3293734328614,94.35678242041344,67.55668281722,26.97783778471061,61.40951634165237,11.61264587363702,False,-0.5208701337043296,BAY_OF_SEINE
1085,2021-08-12,408.409375,554.9942890007426,-200.3432468428233,53.75833284208073,67.55668281722,26.97783778471061,61.40951634165237,11.61264587363702,False,-0.5208701337043296,BAY_OF_SEINE
1086,2021-08-20,333.6345,549.1579995582599,-226.1183012517764,10.5948016935165,67.55668281722,26.97783778471061,61.40951634165237,11.61264587363702,False,-0.5208701337043296,BAY_OF_SEINE
1087,2021-08-28,306.713,542.8087455765558,-228.28511263717348,-7.810632939382287,67.55668281722,26.97783778471061,61.40951634165237,11.61264587363702,False,-0.5208701337043296,BAY_OF_SEINE
1088,2021-09-04,306.713,535.9819560897022,-220.1181953055605,-9.150760784141651,67.55668281722,26.97783778471061,61.40951634165237,11.61264587363702,False,-0.5208701337043296,BAY_OF_SEINE
1089,2021-09-12,313.8765,528.7162226205935,-202.6230186949217,-12.216703925671794,67.55668281722,26.97783778471061,61.40951634165237,11.61264587363702,False,-0.5208701337043296,BAY_OF_SEINE
1090,2021-09-20,313.8765,521.0521636868615,-189.6783295865384,-17.497334100323144,67.55668281722,26.97783778471061,61.40951634165237,11.61264587363702,False,-0.5208701337043296,BAY_OF_SEINE
1091,2021-09-28,314.908625,513.0323512609233,-163.87202189023105,-34.251704370692266,67.55668281722,26.97783778471061,61.40951634165237,11.61264587363702,False,-0.5208701337043296,BAY_OF_SEINE
1092,2021-10-04,293.622,504.701328948922,-142.28068663737622,-68.79864231154579,67.55668281722,26.97783778471061,61.40951634165237,11.61264587363702,False,-0.5208701337043296,BAY_OF_SEINE
1093,2021-10-12,293.622,496.1052906590111,-139.12122117329412,-63.362069485716944,67.55668281722,26.97783778471061,61.40951634165237,11.61264587363702,False,-0.5208701337043296,BAY_OF_SEINE
1094,2021-10-20,286.4857142857143,487.2916631036912,-118.12727349845706,-82.67867531951985,67.55668281722,26.97783778471061,61.40951634165237,11.61264587363702,False,-0.5208701337043296,BAY_OF_SEINE
1095,2021-10-28,286.4857142857143,478.3058484212792,-123.27765635228134,-68.54247778328356,67.55668281722,26.97783778471061,61.40951634165237,11.61264587363702,False,-0.5208701337043296,BAY_OF_SEINE
1096,2021-11-04,298.800375,469.1926344802123,-122.13389806371984,-48.25836141649249,67.55668281722,26.97783778471061,61.40951634165237,11.61264587363702,False,-0.5208701337043296,BAY_OF_SEINE
1097,2021-11-12,298.800375,459.99715952844855,-132.17805301272165,-29.018731515726927,67.55668281722,26.97783778471061,61.40951634165237,11.61264587363702,False,-0.5208701337043296,BAY_OF_SEINE
1098,2021-11-20,286.48583333333335,450.7643380049447,-129.7138204192986,-34.56468425231276,67.55668281722,26.97783778471061,61.40951634165237,11.61264587363702,False,-0.5208701337043296,BAY_OF_SEINE
1099,2021-11-28,286.48583333333335,441.53921706540746,-127.00167131769491,-28.051712414379185,67.55668281722,26.97783778471061,61.40951634165237,11.61264587363702,False,-0.5208701337043296,BAY_OF_SEINE
1100,2021-12-04,589.456,432.3664108739176,17.017188172719507,140.07240095336294,67.55668281722,26.97783778471061,61.40951634165237,11.61264587363702,False,-0.5208701337043296,BAY_OF_SEINE
1101,2021-12-12,589.456,423.2932255124183,47.802355531297366,118.3604189562844,67.55668281722,26.97783778471061,61.40951634165237,11.61264587363702,False,-0.5208701337043296,BAY_OF_SEINE
1102,2021-12-20,647.2105714285715,414.369690646164,129.95838562706743,102.88249515534008,67.55668281722,26.97783778471061,61.40951634165237,11.61264587363702,False,-0.5208701337043296,BAY_OF_SEINE
1103,2021-12-28,647.2105714285715,405.6499931558944,271.8964956813423,-30.335917408665185,67.55668281722,26.97783778471061,61.40951634165237,11.61264587363702,False,-0.5208701337043296,BAY_OF_SEINE
1104,2022-01-04,1038.624125,397.1892434475978,481.22519115896193,160.20969039344027,67.55668281722,26.97783778471061,61.40951634165237,11.61264587363702,False,-0.5208701337043296,BAY_OF_SEINE
1105,2022-01-12,1038.624125,389.0503797005986,517.2933018817404,132.2804434176611,67.55668281722,26.97783778471061,61.40951634165237,11.61264587363702,False,-0.5208701337043296,BAY_OF_SEINE
1106,2022-01-20,911.641375,381.2960370445208,540.6636224195987,-10.318284464119529,67.55668281722,26.97783778471061,61.40951634165237,11.61264587363702,False,-0.5208701337043296,BAY_OF_SEINE
1107,2022-01-28,547.4898571428572,373.9906886175085,430.8072639515156,-257.3080954261669,67.55668281722,26.97783778471061,61.40951634165237,11.61264587363702,False,-0.5208701337043296,BAY_OF_SEINE
1108,2022-02-04,547.4898571428572,367.1974267425458,445.588499021942,-265.29606862163064,67.55668281722,26.97783778471061,61.40951634165237,11.61264587363702,False,-0.5208701337043296,BAY_OF_SEINE
1109,2022-02-12,583.568125,360.9759374818592,440.2970998982517,-217.70491238011084,67.55668281722,26.97783778471061,61.40951634165237,11.61264587363702,False,-0.5208701337043296,BAY_OF_SEINE
1110,2022-02-20,624.56475,355.3731241622614,291.3166983941764,-22.12507255643777,67.55668281722,26.97783778471061,61.40951634165237,11.61264587363702,False,-0.5208701337043296,BAY_OF_SEINE
1111,2022-02-28,624.56475,350.416575387058,201.31520789105755,72.83296672188445,67.55668281722,26.97783778471061,61.40951634165237,11.61264587363702,False,-0.5208701337043296,BAY_OF_SEINE
1112,2022-03-04,503.265125,346.11187964658325,90.30091701307492,66.85232834034186,67.55668281722,26.97783778471061,61.40951634165237,11.61264587363702,False,-0.5208701337043296,BAY_OF_SEINE
1113,2022-03-12,407.709625,342.4486747790561,93.41076317341914,-28.149812952475216,67.55668281722,26.97783778471061,61.40951634165237,11.61264587363702,False,-0.5208701337043296,BAY_OF_SEINE
1114,2022-03-20,378.9985,339.3989283497696,74.21816898860101,-34.61859733837065,67.55668281722,26.97783778471061,61.40951634165237,11.61264587363702,False,-0.5208701337043296,BAY_OF_SEINE
1115,2022-03-28,333.7287142857143,336.9225651650666,53.71715713131898,-56.91100801067127,67.55668281722,26.97783778471061,61.40951634165237,11.61264587363702,False,-0.5208701337043296,BAY_OF_SEINE
1116,2022-04-04,333.7287142857143,334.9703254779353,47.16178245980979,-48.40339365203079,67.55668281722,26.97783778471061,61.40951634165237,11.61264587363702,False,-0.5208701337043296,BAY_OF_SEINE
1117,2022-04-12,395.253125,333.4866204516444,75.32316701405307,-13.556662465697457,67.55668281722,26.97783778471061,61.40951634165237,11.61264587363702,False,-0.5208701337043296,BAY_OF_SEINE
1118,2022-04-20,395.253125,332.40822755432964,33.52636931651359,29.318528129156785,67.55668281722,26.97783778471061,61.40951634165237,11.61264587363702,False,-0.5208701337043296,BAY_OF_SEINE
1119,2022-04-28,318.0595,331.6641118570522,-29.555331742412854,15.950719885360662,67.55668281722,26.97783778471061,61.40951634165237,11.61264587363702,False,-0.5208701337043296,BAY_OF_SEINE
1120,2022-05-04,275.8045,331.17692251588454,-53.68147900277748,-1.690943513107101,67.55668281722,26.97783778471061,61.40951634165237,11.61264587363702,False,-0.5208701337043296,BAY_OF_SEINE
1121,2022-05-12,235.942375,330.866957734984,-89.32174499194002,-5.6028377430439775,67.55668281722,26.97783778471061,61.40951634165237,11.61264587363702,False,-0.5208701337043296,BAY_OF_SEINE
1122,2022-05-20,216.516125,330.6572673635599,-99.70055968159544,-14.440582681964486,67.55668281722,26.97783778471061,61.40951634165237,11.61264587363702,False,-0.5208701337043296,BAY_OF_SEINE
1123,2022-05-28,216.516125,330.47654426347134,-128.94224677142324,14.981827507951891,67.55668281722,26.97783778471061,61.40951634165237,11.61264587363702,False,-0.5208701337043296,BAY_OF_SEINE
1124,2022-06-04,202.2755,330.26079519671936,-155.2001891598209,27.21489396310153,67.55668281722,26.97783778471061,61.40951634165237,11.61264587363702,False,-0.5208701337043296,BAY_OF_SEINE
1125,2022-06-12,202.2755,329.95318653073724,-162.94496459681127,35.26727806607403,67.55668281722,26.97783778471061,61.40951634165237,11.61264587363702,False,-0.5208701337043296,BAY_OF_SEINE
1126,2022-06-20,190.1005,329.50401059119974,-173.1338870293694,33.73037643816966,67.55668281722,26.97783778471061,61.40951634165237,11.61264587363702,False,-0.5208701337043296,BAY_OF_SEINE
1127,2022-06-28,184.450625,328.8715827564458,-176.07411145369946,31.65315369725369,67.55668281722,26.97783778471061,61.40951634165237,11.61264587363702,False,-0.5208701337043296,BAY_OF_SEINE
1128,2022-07-04,184.450625,328.0235309231275,-179.04308679816336,35.47018087503585,67.55668281722,26.97783778471061,61.40951634165237,11.61264587363702,False,-0.5208701337043296,BAY_OF_SEINE
1129,2022-07-12,135.2095,326.9376311741112,-188.48547247726293,-3.2426586968482525,67.55668281722,26.97783778471061,61.40951634165237,11.61264587363702,False,-0.5208701337043296,BAY_OF_SEINE
1130,2022-07-20,132.859625,325.60234685269626,-127.89004885656836,-64.8526729961279,67.55668281722,26.97783778471061,61.40951634165237,11.61264587363702,False,-0.5208701337043296,BAY_OF_SEINE
1131,2022-07-28,130.041375,324.0163974498605,-110.80909624859687,-83.16592620126364,67.55668281722,26.97783778471061,61.40951634165237,11.61264587363702,False,-0.5208701337043296,BAY_OF_SEINE
1132,2022-08-04,129.43457142857145,322.1853035477715,-163.63905512199352,-29.11167699720656,67.55668281722,26.97783778471061,61.40951634165237,11.61264587363702,False,-0.5208701337043296,BAY_OF_SEINE
1133,2022-08-12,130.041375,320.1145071700654,-176.10307203810038,-13.970060131965027,67.55668281722,26.97783778471061,61.40951634165237,11.61264587363702,False,-0.5208701337043296,BAY_OF_SEINE
1134,2022-08-20,131.76414285714284,317.80675585251225,-202.5353173227792,16.49270432740977,67.55668281722,26.97783778471061,61.40951634165237,11.61264587363702,False,-0.5208701337043296,BAY_OF_SEINE
1135,2022-08-28,142.574875,315.2668278452684,-205.49574692881404,32.803794083545654,67.55668281722,26.97783778471061,61.40951634165237,11.61264587363702,False,-0.5208701337043296,BAY_OF_SEINE
1136,2022-09-04,142.574875,312.5024680353385,-211.8711346243469,41.94354158900839,67.55668281722,26.97783778471061,61.40951634165237,11.61264587363702,False,-0.5208701337043296,BAY_OF_SEINE
1137,2022-09-12,163.34575,309.5256713462633,-203.2561871637544,57.07626581749108,67.55668281722,26.97783778471061,61.40951634165237,11.61264587363702,False,-0.5208701337043296,BAY_OF_SEINE
1138,2022-09-20,171.314625,306.35311089458804,-204.0842390595176,69.04575316492955,67.55668281722,26.97783778471061,61.40951634165237,11.61264587363702,False,-0.5208701337043296,BAY_OF_SEINE
1139,2022-09-28,193.30266666666668,303.00614590704924,-195.30563575093777,85.6021565105552,67.55668281722,26.97783778471061,61.40951634165237,11.61264587363702,False,-0.5208701337043296,BAY_OF_SEINE
1140,2022-10-04,205.62375,299.5114606980873,-201.6086643262592,107.72095362817188,67.55668281722,26.97783778471061,61.40951634165237,11.61264587363702,False,-0.5208701337043296,BAY_OF_SEINE
1141,2022-10-12,207.8135,295.90135647377616,-204.96920629501855,116.88134982124242,67.55668281722,26.97783778471061,61.40951634165237,11.61264587363702,False,-0.5208701337043296,BAY_OF_SEINE
1142,2022-10-20,270.095375,292.21513997885614,-169.17012176791246,147.0503567890563,67.55668281722,26.97783778471061,61.40951634165237,11.61264587363702,False,-0.5208701337043296,BAY_OF_SEINE
1143,2022-10-28,270.095375,288.49881151646315,-124.513188996735,106.10975248027184,67.55668281722,26.97783778471061,61.40951634165237,11.61264587363702,False,-0.5208701337043296,BAY_OF_SEINE
1144,2022-11-04,243.9045,284.79845062076737,-89.90605015391182,49.01209953314444,67.55668281722,26.97783778471061,61.40951634165237,11.61264587363702,False,-0.5208701337043296,BAY_OF_SEINE
1145,2022-11-12,243.9045,281.15760585060525,-70.33043718327816,33.0773313326729,67.55668281722,26.97783778471061,61.40951634165237,11.61264587363702,False,-0.5208701337043296,BAY_OF_SEINE
1146,2022-11-20,299.6828333333333,277.6180851267276,21.5360001428849,0.5287480637208688,67.55668281722,26.97783778471061,61.40951634165237,11.61264587363702,False,-0.5208701337043296,BAY_OF_SEINE
1147,2022-11-28,299.6828333333333,274.2185180950587,20.9904209881064,4.47389425016825,67.55668281722,26.97783778471061,61.40951634165237,11.61264587363702,False,-0.5208701337043296,BAY_OF_SEINE
1148,2022-12-04,240.7955,270.9982028219222,67.54101034448496,-97.74371316640712,67.55668281722,26.97783778471061,61.40951634165237,11.61264587363702,False,-0.5208701337043296,BAY_OF_SEINE
1149,2022-12-12,240.7955,268.00028712559765,128.51472028679694,-155.7195074123946,67.55668281722,26.97783778471061,61.40951634165237,11.61264587363702,False,-0.5208701337043296,BAY_OF_SEINE
1150,2022-12-20,295.669875,265.2697892938696,171.0885182144316,-140.68843250830116,67.55668281722,26.97783778471061,61.40951634165237,11.61264587363702,False,-0.5208701337043296,BAY_OF_SEINE
1151,2022-12-28,505.924875,262.8497533079945,274.5200606164542,-31.444938924448707,67.55668281722,26.97783778471061,61.40951634165237,11.61264587363702,False,-0.5208701337043296,BAY_OF_SEINE
1152,2023-01-04,551.0877142857142,260.7828839873794,392.005213773222,-101.7003834748872,67.55668281722,26.97783778471061,61.40951634165237,11.61264587363702,False,-0.5208701337043296,BAY_OF_SEINE
1153,2023-01-12,685.1225,259.113176444111,459.9779541936941,-33.96863063780518,67.55668281722,26.97783778471061,61.40951634165237,11.61264587363702,False,-0.5208701337043296,BAY_OF_SEINE
1154,2023-01-20,711.4561428571429,257.8905032666736,420.87320435195153,32.69243523851782,67.55668281722,26.97783778471061,61.40951634165237,11.61264587363702,False,-0.5208701337043296,BAY_OF_SEINE
1155,2023-01-28,711.4561428571429,257.1607632006053,307.6794662641741,146.6159133923635,67.55668281722,26.97783778471061,61.40951634165237,11.61264587363702,False,-0.5208701337043296,BAY_OF_SEINE
1156,2023-02-04,410.7825,256.9631203774149,159.04304203152572,-5.223662408940697,67.55668281722,26.97783778471061,61.40951634165237,11.61264587363702,False,-0.5208701337043296,BAY_OF_SEINE
1157,2023-02-12,312.334125,257.3292175378676,152.7831157438276,-97.7782082816952,67.55668281722,26.97783778471061,61.40951634165237,11.61264587363702,False,-0.5208701337043296,BAY_OF_SEINE
1158,2023-02-20,278.113375,258.2911215373228,147.53868596504338,-127.71643250236616,67.55668281722,26.97783778471061,61.40951634165237,11.61264587363702,False,-0.5208701337043296,BAY_OF_SEINE
1159,2023-02-28,260.0225,259.8840033728688,232.56935758808456,-232.4308609609534,67.55668281722,26.97783778471061,61.40951634165237,11.61264587363702,False,-0.5208701337043296,BAY_OF_SEINE
1160,2023-03-04,260.0225,262.1437220486182,202.6685906473544,-204.7898126959726,67.55668281722,26.97783778471061,61.40951634165237,11.61264587363702,False,-0.5208701337043296,BAY_OF_SEINE
1161,2023-03-12,464.191125,265.10146639218965,224.81275472886287,-25.72309612105252,67.55668281722,26.97783778471061,61.40951634165237,11.61264587363702,False,-0.5208701337043296,BAY_OF_SEINE
1162,2023-03-20,464.191125,268.7840249030157,155.408715242875,39.99838485410933,67.55668281722,26.97783778471061,61.40951634165237,11.61264587363702,False,-0.5208701337043296,BAY_OF_SEINE
1163,2023-03-28,474.814,273.21439312248754,149.33882986144832,52.26077701606417,67.55668281722,26.97783778471061,61.40951634165237,11.61264587363702,False,-0.5208701337043296,BAY_OF_SEINE
1164,2023-04-04,580.870375,278.41383246048485,253.61864760475063,48.83789493476445,67.55668281722,26.97783778471061,61.40951634165237,11.61264587363702,False,-0.5208701337043296,BAY_OF_SEINE
1165,2023-04-12,580.870375,284.4001505986541,267.308809247536,29.161415153809912,67.55668281722,26.97783778471061,61.40951634165237,11.61264587363702,False,-0.5208701337043296,BAY_OF_SEINE
1166,2023-04-20,500.86325,291.1882226836996,125.62653878190272,84.04848853439765,67.55668281722,26.97783778471061,61.40951634165237,11.61264587363702,False,-0.5208701337043296,BAY_OF_SEINE
1167,2023-04-28,456.7848333333333,298.79230237936497,53.48401661742975,104.5085143365386,67.55668281722,26.97783778471061,61.40951634165237,11.61264587363702,False,-0.5208701337043296,BAY_OF_SEINE
1168,2023-05-04,455.584625,307.2241723547751,39.80312098612335,108.5573316591016,67.55668281722,26.97783778471061,61.40951634165237,11.61264587363702,False,-0.5208701337043296,BAY_OF_SEINE
1169,2023-05-12,373.7055,316.4900076340178,5.984126748814305,51.23136561716794,67.55668281722,26.97783778471061,61.40951634165237,11.61264587363702,False,-0.5208701337043296,BAY_OF_SEINE
1170,2023-05-20,326.204125,326.588244401174,-26.92102599850324,26.53690659732922,67.55668281722,26.97783778471061,61.40951634165237,11.61264587363702,False,-0.5208701337043296,BAY_OF_SEINE
1171,2023-05-28,232.45457142857143,337.50956747689463,-109.39938333345852,4.344387285135326,67.55668281722,26.97783778471061,61.40951634165237,11.61264587363702,False,-0.5208701337043296,BAY_OF_SEINE
1172,2023-06-04,184.086625,349.2374024492216,-151.26902349298422,-13.88175395623736,67.55668281722,26.97783778471061,61.40951634165237,11.61264587363702,False,-0.5208701337043296,BAY_OF_SEINE
1173,2023-06-12,184.086625,361.7483631959793,-170.2150141516626,-7.446724044316738,67.55668281722,26.97783778471061,61.40951634165237,11.61264587363702,False,-0.5208701337043296,BAY_OF_SEINE
1174,2023-06-20,183.36916666666664,375.0117494239825,-181.0924422443652,-10.550140512950604,67.55668281722,26.97783778471061,61.40951634165237,11.61264587363702,False,-0.5208701337043296,BAY_OF_SEINE
1175,2023-06-28,183.36916666666664,388.9889962883283,-184.58565771962444,-21.0341719020372,67.55668281722,26.97783778471061,61.40951634165237,11.61264587363702,False,-0.5208701337043296,BAY_OF_SEINE
1176,2023-07-04,173.904625,403.6331252048346,-195.1080217061898,-34.62047849864484,67.55668281722,26.97783778471061,61.40951634165237,11.61264587363702,False,-0.5208701337043296,BAY_OF_SEINE
1177,2023-07-12,147.12462499999998,418.888774637296,-227.13888562924524,-44.625264008050806,67.55668281722,26.97783778471061,61.40951634165237,11.61264587363702,False,-0.5208701337043296,BAY_OF_SEINE
1178,2023-07-20,147.12462499999998,434.6922405854096,-261.16516500467435,-26.402450580735263,67.55668281722,26.97783778471061,61.40951634165237,11.61264587363702,False,-0.5208701337043296,BAY_OF_SEINE
1179,2023-07-28,219.3302857142857,450.9725683371588,-230.62606465298865,-1.0162179698844511,67.55668281722,26.97783778471061,61.40951634165237,11.61264587363702,False,-0.5208701337043296,BAY_OF_SEINE
1180,2023-08-04,268.3055,467.6539652642685,-212.44715311279143,13.098687848522928,67.55668281722,26.97783778471061,61.40951634165237,11.61264587363702,False,-0.5208701337043296,BAY_OF_SEINE
1181,2023-08-12,268.3055,484.65961785146266,-235.3191104802524,18.96499262878973,67.55668281722,26.97783778471061,61.40951634165237,11.61264587363702,False,-0.5208701337043296,BAY_OF_SEINE
1182,2023-08-20,222.31725,501.91454295966776,-274.46299887075526,-5.1342940889124975,67.55668281722,26.97783778471061,61.40951634165237,11.61264587363702,False,-0.5208701337043296,BAY_OF_SEINE
1183,2023-08-28,216.72642857142856,519.3447103118168,-285.3404782588095,-17.2778034815787,67.55668281722,26.97783778471061,61.40951634165237,11.61264587363702,False,-0.5208701337043296,BAY_OF_SEINE
1184,2023-09-04,202.080875,536.8776912827717,-305.8501070932599,-28.946709189511807,67.55668281722,26.97783778471061,61.40951634165237,11.61264587363702,False,-0.5208701337043296,BAY_OF_SEINE
1185,2023-09-12,202.080875,554.4425109630804,-312.72316925111187,-39.63846671196853,67.55668281722,26.97783778471061,61.40951634165237,11.61264587363702,False,-0.5208701337043296,BAY_OF_SEINE
1186,2023-09-20,194.98616666666663,571.9700659492869,-317.5341744270972,-59.449724855523016,67.55668281722,26.97783778471061,61.40951634165237,11.61264587363702,False,-0.5208701337043296,BAY_OF_SEINE
1187,2023-09-28,194.98616666666663,589.3934647703016,-292.2518695616961,-102.15542854193887,67.55668281722,26.97783778471061,61.40951634165237,11.61264587363702,False,-0.5208701337043296,BAY_OF_SEINE
1188,2023-10-04,180.825875,606.6473867936343,-280.7900614192844,-145.0314503743499,67.55668281722,26.97783778471061,61.40951634165237,11.61264587363702,False,-0.5208701337043296,BAY_OF_SEINE
1189,2023-10-12,180.825875,623.6676868790762,-229.2258200702033,-213.6159918088729,67.55668281722,26.97783778471061,61.40951634165237,11.61264587363702,False,-0.5208701337043296,BAY_OF_SEINE
1190,2023-10-20,219.151625,640.3896912237461,-202.11148259272937,-219.1265836310168,67.55668281722,26.97783778471061,61.40951634165237,11.61264587363702,False,-0.5208701337043296,BAY_OF_SEINE
1191,2023-10-28,405.3224285714286,656.7489067110123,-176.98256260874544,-74.44391553083827,67.55668281722,26.97783778471061,61.40951634165237,11.61264587363702,False,-0.5208701337043296,BAY_OF_SEINE
1192,2023-11-04,590.917375,672.6849301758789,-130.86543048088774,49.09787530500884,67.55668281722,26.97783778471061,61.40951634165237,11.61264587363702,False,-0.5208701337043296,BAY_OF_SEINE
1193,2023-11-12,676.32625,688.1414678273825,-94.02804852894398,82.21283070156146,67.55668281722,26.97783778471061,61.40951634165237,11.61264587363702,False,-0.5208701337043296,BAY_OF_SEINE
1194,2023-11-20,950.3161666666666,703.0659998407408,73.72557491322425,173.52459191270157,67.55668281722,26.97783778471061,61.40951634165237,11.61264587363702,False,-0.5208701337043296,BAY_OF_SEINE
1195,2023-11-28,950.3161666666666,717.4112492161618,101.82888002931143,131.0760374211934,67.55668281722,26.97783778471061,61.40951634165237,11.61264587363702,False,-0.5208701337043296,BAY_OF_SEINE
1196,2023-12-04,950.3161666666666,731.1321661530557,110.44582250516882,108.73817800844212,67.55668281722,26.97783778471061,61.40951634165237,11.61264587363702,False,-0.5208701337043296,BAY_OF_SEINE
1197,2023-12-12,1191.921875,744.1846281893149,241.4954436947457,206.2418031159394,67.55668281722,26.97783778471061,61.40951634165237,11.61264587363702,False,-0.5208701337043296,BAY_OF_SEINE
1198,2023-12-20,1191.921875,756.5257675782681,279.5890688698124,155.8070385519195,67.55668281722,26.97783778471061,61.40951634165237,11.61264587363702,False,-0.5208701337043296,BAY_OF_SEINE
1199,2023-12-28,1182.40625,768.1162591478118,307.67521066585044,106.61478018633778,67.55668281722,26.97783778471061,61.40951634165237,11.61264587363702,False,-0.5208701337043296,BAY_OF_SEINE
1200,2024-01-04,1167.743125,778.9239428996606,364.5303835515455,24.288798548793864,67.55668281722,26.97783778471061,61.40951634165237,11.61264587363702,False,-0.5208701337043296,BAY_OF_SEINE
1201,2024-01-12,1167.743125,788.9212837741535,390.9732588854076,-12.151417659561105,67.55668281722,26.97783778471061,61.40951634165237,11.61264587363702,False,-0.5208701337043296,BAY_OF_SEINE
1202,2024-01-20,1077.33025,798.0836253208931,323.46981542793446,-44.22319074882762,67.55668281722,26.97783778471061,61.40951634165237,11.61264587363702,False,-0.5208701337043296,BAY_OF_SEINE
1203,2024-01-28,977.5618571428572,806.3940217289083,243.50241689001268,-72.33458147606393,67.55668281722,26.97783778471061,61.40951634165237,11.61264587363702,False,-0.5208701337043296,BAY_OF_SEINE
1204,2024-02-04,977.5618571428572,813.8420115791822,163.8537392419207,-0.133893678245812,67.55668281722,26.97783778471061,61.40951634165237,11.61264587363702,False,-0.5208701337043296,BAY_OF_SEINE
1205,2024-02-12,1110.252375,820.4177709669019,235.07414476677687,54.76045926632125,67.55668281722,26.97783778471061,61.40951634165237,11.61264587363702,False,-0.5208701337043296,BAY_OF_SEINE
1206,2024-02-20,1114.05525,826.1044696406278,226.40573246090275,61.545047898469534,67.55668281722,26.97783778471061,61.40951634165237,11.61264587363702,False,-0.5208701337043296,BAY_OF_SEINE
1207,2024-02-28,1488.2158,830.8838425724865,499.95905908685097,157.37289834066246,67.55668281722,26.97783778471061,61.40951634165237,11.61264587363702,False,-0.5208701337043296,BAY_OF_SEINE
1208,2024-03-04,1488.2158,834.737811116195,497.7575235123983,155.7204653714067,67.55668281722,26.97783778471061,61.40951634165237,11.61264587363702,False,-0.5208701337043296,BAY_OF_SEINE
1209,2024-03-12,1262.37775,837.6528543022255,377.61029620913786,47.11459948863677,67.55668281722,26.97783778471061,61.40951634165237,11.61264587363702,False,-0.5208701337043296,BAY_OF_SEINE
1210,2024-03-20,1012.1665,839.6319721837423,188.44086486009093,-15.906337043833162,67.55668281722,26.97783778471061,61.40951634165237,11.61264587363702,False,-0.5208701337043296,BAY_OF_SEINE
1211,2024-03-28,1012.1665,840.6989254581623,189.28805411950364,-17.820479577665907,67.55668281722,26.97783778471061,61.40951634165237,11.61264587363702,False,-0.5208701337043296,BAY_OF_SEINE
1212,2024-04-04,1219.882375,840.892158441889,369.0658180837327,9.924398474378222,67.55668281722,26.97783778471061,61.40951634165237,11.61264587363702,False,-0.5208701337043296,BAY_OF_SEINE
1213,2024-04-12,1219.882375,840.2607434126288,365.0632960917934,14.558335495577694,67.55668281722,26.97783778471061,61.40951634165237,11.61264587363702,False,-0.5208701337043296,BAY_OF_SEINE
1214,2024-04-20,822.8602500000001,838.8630887407305,42.55493727720718,-58.557776017937634,67.55668281722,26.97783778471061,61.40951634165237,11.61264587363702,False,-0.5208701337043296,BAY_OF_SEINE
1215,2024-04-28,709.111125,836.7688460245384,-56.250305485756,-71.40741553878243,67.55668281722,26.97783778471061,61.40951634165237,11.61264587363702,False,-0.5208701337043296,BAY_OF_SEINE
1216,2024-05-04,709.111125,834.0585556386983,-55.92594067253388,-69.02148996616441,67.55668281722,26.97783778471061,61.40951634165237,11.61264587363702,False,-0.5208701337043296,BAY_OF_SEINE
1217,2024-05-12,789.699125,830.8193048734943,-13.850777579525245,-27.26940229396905,67.55668281722,26.97783778471061,61.40951634165237,11.61264587363702,False,-0.5208701337043296,BAY_OF_SEINE
1218,2024-05-20,789.699125,827.1398939684805,-22.968917398110516,-14.47185157036997,67.55668281722,26.97783778471061,61.40951634165237,11.61264587363702,False,-0.5208701337043296,BAY_OF_SEINE
1219,2024-05-28,669.9744285714286,823.1078897799035,-133.77771538247742,-19.35574582599753,67.55668281722,26.97783778471061,61.40951634165237,11.61264587363702,False,-0.5208701337043296,BAY_OF_SEINE
1220,2024-06-04,636.95375,818.8101406334921,-169.7249661211976,-12.131424512294473,67.55668281722,26.97783778471061,61.40951634165237,11.61264587363702,False,-0.5208701337043296,BAY_OF_SEINE
1221,2024-06-12,587.17425,814.3318913105678,-206.68469827006516,-20.472943040502656,67.55668281722,26.97783778471061,61.40951634165237,11.61264587363702,False,-0.5208701337043296,BAY_OF_SEINE
1222,2024-06-20,587.17425,809.7566630724807,-206.7751368797657,-15.807276192714966,67.55668281722,26.97783778471061,61.40951634165237,11.61264587363702,False,-0.5208701337043296,BAY_OF_SEINE
1223,2024-06-28,606.5621666666667,805.1656525012179,-191.9441004993907,-6.6593853351604935,67.55668281722,26.97783778471061,61.40951634165237,11.61264587363702,False,-0.5208701337043296,BAY_OF_SEINE
1224,2024-07-04,606.5621666666667,800.636098312973,-194.23207237570483,0.1581407293985535,67.55668281722,26.97783778471061,61.40951634165237,11.61264587363702,False,-0.5208701337043296,BAY_OF_SEINE
1225,2024-07-12,601.2402500000001,796.2402048998697,-205.8963629071946,10.896408007324965,67.55668281722,26.97783778471061,61.40951634165237,11.61264587363702,False,-0.5208701337043296,BAY_OF_SEINE
1226,2024-07-20,485.6627142857143,792.0444067497689,-293.7758209214406,-12.605871542614013,67.55668281722,26.97783778471061,61.40951634165237,11.61264587363702,False,-0.5208701337043296,BAY_OF_SEINE
1227,2024-07-28,485.6627142857143,788.1102533274308,-277.1607840791736,-25.286754962542886,67.55668281722,26.97783778471061,61.40951634165237,11.61264587363702,False,-0.5208701337043296,BAY_OF_SEINE
1228,2024-08-04,485.6627142857143,784.4946829969183,-266.61120317214863,-32.22076553905538,67.55668281722,26.97783778471061,61.40951634165237,11.61264587363702,False,-0.5208701337043296,BAY_OF_SEINE
1229,2024-08-12,425.04525,781.2488230663616,-314.040491349597,-42.16308171676462,67.55668281722,26.97783778471061,61.40951634165237,11.61264587363702,False,-0.5208701337043296,BAY_OF_SEINE
1230,2024-08-20,393.879375,778.4163082689948,-351.16017212028726,-33.3767611487076,67.55668281722,26.97783778471061,61.40951634165237,11.61264587363702,False,-0.5208701337043296,BAY_OF_SEINE
1231,2024-08-28,394.092625,776.0310928477392,-354.9324372421005,-27.00603060563867,67.55668281722,26.97783778471061,61.40951634165237,11.61264587363702,False,-0.5208701337043296,BAY_OF_SEINE
1232,2024-09-04,394.092625,774.1157172901808,-361.4120587378569,-18.611033552323875,67.55668281722,26.97783778471061,61.40951634165237,11.61264587363702,False,-0.5208701337043296,BAY_OF_SEINE
1233,2024-09-12,394.092625,772.6809916172779,-364.50448145916937,-14.0838851581085,67.55668281722,26.97783778471061,61.40951634165237,11.61264587363702,False,-0.5208701337043296,BAY_OF_SEINE
1234,2024-09-20,418.60825,771.7257463532301,-351.2414936768124,-1.87600267641767,67.55668281722,26.97783778471061,61.40951634165237,11.61264587363702,False,-0.5208701337043296,BAY_OF_SEINE
1235,2024-09-28,530.69625,771.236607534289,-270.7595290880879,30.2191715537989,67.55668281722,26.97783778471061,61.40951634165237,11.61264587363702,False,-0.5208701337043296,BAY_OF_SEINE
1236,2024-10-04,628.9638333333334,771.1874598313584,-204.38560933632863,62.16198283830357,67.55668281722,26.97783778471061,61.40951634165237,11.61264587363702,False,-0.5208701337043296,BAY_OF_SEINE
1237,2024-10-12,871.849625,771.5400174568332,-26.171946298126294,126.48155384129304,67.55668281722,26.97783778471061,61.40951634165237,11.61264587363702,False,-0.5208701337043296,BAY_OF_SEINE
1238,2024-10-20,871.849625,772.2451756015079,-20.65971280351308,120.26416220200517,67.55668281722,26.97783778471061,61.40951634165237,11.61264587363702,False,-0.5208701337043296,BAY_OF_SEINE
1239,2024-10-28,621.6128571428571,773.2483571856692,-165.93416768517375,14.298667642361693,67.55668281722,26.97783778471061,61.40951634165237,11.61264587363702,False,-0.5208701337043296,BAY_OF_SEINE
1240,2024-11-04,481.609125,774.5002494797073,-228.70623439451225,-64.18489008519512,67.55668281722,26.97783778471061,61.40951634165237,11.61264587363702,False,-0.5208701337043296,BAY_OF_SEINE
1241,2024-11-12,481.609125,775.9635761110604,-211.5196281749131,-82.83482293614733,67.55668281722,26.97783778471061,61.40951634165237,11.61264587363702,False,-0.5208701337043296,BAY_OF_SEINE
1242,2024-11-20,575.48325,777.6102463335021,-76.75774343554387,-125.36925289795823,67.55668281722,26.97783778471061,61.40951634165237,11.61264587363702,False,-0.5208701337043296,BAY_OF_SEINE
1243,2024-11-28,713.1743749999999,779.4185709091655,22.408976629180344,-88.65317253834591,67.55668281722,26.97783778471061,61.40951634165237,11.61264587363702,False,-0.5208701337043296,BAY_OF_SEINE
1244,2024-12-04,829.7158333333333,781.3701411102263,105.76457279385347,-57.41888057074648,67.55668281722,26.97783778471061,61.40951634165237,11.61264587363702,False,-0.5208701337043296,BAY_OF_SEINE
1245,2024-12-12,892.260125,783.4442913644261,209.08758034647664,-100.27174671090276,67.55668281722,26.97783778471061,61.40951634165237,11.61264587363702,False,-0.5208701337043296,BAY_OF_SEINE
1246,2024-12-20,1009.8414285714284,785.6206607585515,293.3629664967761,-69.1421986838991,67.55668281722,26.97783778471061,61.40951634165237,11.61264587363702,False,-0.5208701337043296,BAY_OF_SEINE
1247,2024-12-28,951.0507767857144,787.8782445997006,243.068595538169,-79.89606335215524,67.55668281722,26.97783778471061,61.40951634165237,11.61264587363702,False,-0.5208701337043296,BAY_OF_SEINE
