,lat,lon,analysed_spim
54260,42.5,3.51,0.3299999926239252
54261,42.5,3.525,0.3399999924004078
54262,42.5,3.54,0.3399999924004078
54263,42.5,3.555,0.3399999924004078
54264,42.5,3.57,0.35999999195337296
54265,42.5,3.585,0.35999999195337296
54266,42.5,3.6,0.3799999915063381
54267,42.5,3.615,0.40999999083578587
54268,42.5,3.63,0.41999999061226845
54269,42.5,3.645,0.3999999910593033
54270,42.5,3.66,0.3299999926239252
54271,42.5,3.675,0.3299999926239252
54272,42.5,3.69,0.3399999924004078
54273,42.5,3.705,0.2699999939650297
54274,42.5,3.72,0.11999999731779099
54275,42.5,3.735,0.14999999664723873
54276,42.5,3.75,0.13999999687075615
54277,42.5,3.765,0.14999999664723873
54278,42.5,3.78,0.13999999687075615
54279,42.5,3.795,0.13999999687075615
54280,42.5,3.81,0.14999999664723873
54281,42.5,3.825,0.14999999664723873
54282,42.5,3.84,0.1599999964237213
54283,42.5,3.855,0.1699999962002039
54284,42.5,3.87,0.19999999552965164
54285,42.5,3.885,0.2199999950826168
54286,42.5,3.9,0.23999999463558197
54287,42.5,3.915,0.25999999418854713
54288,42.5,3.93,0.2799999937415123
54289,42.5,3.945,0.25999999418854713
54290,42.5,3.96,0.25999999418854713
54291,42.5,3.975,0.25999999418854713
54292,42.5,3.99,0.2699999939650297
54293,42.5,4.005,0.2799999937415123
54294,42.5,4.02,0.2799999937415123
54295,42.5,4.035,0.2799999937415123
54296,42.5,4.05,0.2799999937415123
54297,42.5,4.065,0.2799999937415123
54298,42.5,4.08,0.2799999937415123
54299,42.5,4.095,0.2899999935179949
54300,42.5,4.11,0.2799999937415123
54301,42.5,4.125,0.2899999935179949
54302,42.5,4.14,0.2899999935179949
54303,42.5,4.155,0.2799999937415123
54304,42.5,4.17,0.2799999937415123
54305,42.5,4.185,0.2799999937415123
54306,42.5,4.2,0.2899999935179949
54307,42.5,4.215,0.2799999937415123
54308,42.5,4.23,0.2799999937415123
54309,42.5,4.245,0.2699999939650297
54310,42.5,4.26,0.25999999418854713
54311,42.5,4.275,0.25999999418854713
54312,42.5,4.29,0.25999999418854713
54313,42.5,4.305,0.2699999939650297
54314,42.5,4.32,0.25999999418854713
54315,42.5,4.335,0.2699999939650297
54316,42.5,4.35,0.2699999939650297
54317,42.5,4.365,0.2899999935179949
54318,42.5,4.38,0.2799999937415123
54319,42.5,4.395,0.2799999937415123
54320,42.5,4.41,0.2799999937415123
54321,42.5,4.425,0.25999999418854713
54322,42.5,4.44,0.25999999418854713
54323,42.5,4.455,0.24999999441206455
54324,42.5,4.47,0.24999999441206455
54325,42.5,4.485,0.24999999441206455
54326,42.5,4.5,0.24999999441206455
54327,42.5,4.515,0.24999999441206455
54328,42.5,4.53,0.23999999463558197
54329,42.5,4.545,0.23999999463558197
54330,42.5,4.56,0.20999999530613422
54331,42.5,4.575,0.2299999948590994
54332,42.5,4.59,0.20999999530613422
54333,42.5,4.605,0.2199999950826168
54334,42.5,4.62,0.2199999950826168
54335,42.5,4.635,0.2199999950826168
54336,42.5,4.65,0.2299999948590994
54337,42.5,4.665,0.19999999552965164
54338,42.5,4.68,0.20999999530613422
54339,42.5,4.695,0.19999999552965164
54340,42.5,4.71,0.19999999552965164
54341,42.5,4.725,0.19999999552965164
54342,42.5,4.74,0.20999999530613422
54343,42.5,4.755,0.2199999950826168
54344,42.5,4.77,0.23999999463558197
54345,42.5,4.785,0.23999999463558197
54346,42.5,4.8,0.23999999463558197
54347,42.5,4.815,0.23999999463558197
54348,42.5,4.83,0.24999999441206455
54349,42.5,4.845,0.25999999418854713
54350,42.5,4.86,0.25999999418854713
54351,42.5,4.875,0.2699999939650297
54352,42.5,4.89,0.2699999939650297
54353,42.5,4.905,0.2799999937415123
54354,42.5,4.92,0.2799999937415123
54355,42.5,4.935,0.2799999937415123
54356,42.5,4.95,0.2899999935179949
54357,42.5,4.965,0.2899999935179949
54358,42.5,4.98,0.2899999935179949
54359,42.5,4.995,0.2899999935179949
54360,42.5,5.01,0.2899999935179949
54361,42.5,5.025,0.2799999937415123
54362,42.5,5.04,0.2899999935179949
54363,42.5,5.055,0.29999999329447746
54364,42.5,5.07,0.29999999329447746
54365,42.5,5.085,0.29999999329447746
54366,42.5,5.1,0.29999999329447746
54367,42.5,5.115,0.30999999307096004
54368,42.5,5.13,0.2899999935179949
54369,42.5,5.145,0.29999999329447746
54370,42.5,5.16,0.2899999935179949
54371,42.5,5.175,0.2799999937415123
54372,42.5,5.19,0.2799999937415123
54373,42.5,5.205,0.2699999939650297
54374,42.5,5.22,0.2699999939650297
54375,42.5,5.235,0.2699999939650297
54376,42.5,5.25,0.25999999418854713
54377,42.5,5.265,0.2699999939650297
54378,42.5,5.28,0.2699999939650297
54379,42.5,5.295,0.2699999939650297
54380,42.5,5.31,0.2699999939650297
54381,42.5,5.325,0.2699999939650297
54382,42.5,5.34,0.25999999418854713
54383,42.5,5.355,0.24999999441206455
54384,42.5,5.37,0.25999999418854713
54385,42.5,5.385,0.25999999418854713
54386,42.5,5.4,0.2699999939650297
54387,42.5,5.415,0.2699999939650297
54388,42.5,5.43,0.2899999935179949
54389,42.5,5.445,0.29999999329447746
54390,42.5,5.46,0.30999999307096004
54391,42.5,5.475,0.30999999307096004
54392,42.5,5.49,0.30999999307096004
54677,42.51,3.51,0.3399999924004078
54678,42.51,3.525,0.35999999195337296
54679,42.51,3.54,0.3499999921768904
54680,42.51,3.555,0.35999999195337296
54681,42.51,3.57,0.36999999172985554
54682,42.51,3.585,0.36999999172985554
54683,42.51,3.6,0.3899999912828207
54684,42.51,3.615,0.3999999910593033
54685,42.51,3.63,0.3999999910593033
54686,42.51,3.645,0.3999999910593033
54687,42.51,3.66,0.40999999083578587
54688,42.51,3.675,0.40999999083578587
54689,42.51,3.69,0.40999999083578587
54690,42.51,3.705,0.3199999928474426
54691,42.51,3.72,0.25999999418854713
54692,42.51,3.735,0.1599999964237213
54693,42.51,3.75,0.1599999964237213
54694,42.51,3.765,0.13999999687075615
54695,42.51,3.78,0.13999999687075615
54696,42.51,3.795,0.14999999664723873
54697,42.51,3.81,0.14999999664723873
54698,42.51,3.825,0.14999999664723873
54699,42.51,3.84,0.1599999964237213
54700,42.51,3.855,0.1699999962002039
54701,42.51,3.87,0.19999999552965164
54702,42.51,3.885,0.2199999950826168
54703,42.51,3.9,0.2199999950826168
54704,42.51,3.915,0.2299999948590994
54705,42.51,3.93,0.23999999463558197
54706,42.51,3.945,0.24999999441206455
54707,42.51,3.96,0.25999999418854713
54708,42.51,3.975,0.25999999418854713
54709,42.51,3.99,0.2699999939650297
54710,42.51,4.005,0.2699999939650297
54711,42.51,4.02,0.2799999937415123
54712,42.51,4.035,0.2799999937415123
54713,42.51,4.05,0.2799999937415123
54714,42.51,4.065,0.2899999935179949
54715,42.51,4.08,0.29999999329447746
54716,42.51,4.095,0.2799999937415123
54717,42.51,4.11,0.2799999937415123
54718,42.51,4.125,0.2799999937415123
54719,42.51,4.14,0.2899999935179949
54720,42.51,4.155,0.2899999935179949
54721,42.51,4.17,0.2799999937415123
54722,42.51,4.185,0.2799999937415123
54723,42.51,4.2,0.2799999937415123
54724,42.51,4.215,0.2799999937415123
54725,42.51,4.23,0.2799999937415123
54726,42.51,4.245,0.2699999939650297
54727,42.51,4.26,0.25999999418854713
54728,42.51,4.275,0.25999999418854713
54729,42.51,4.29,0.25999999418854713
54730,42.51,4.305,0.24999999441206455
54731,42.51,4.32,0.25999999418854713
54732,42.51,4.335,0.2699999939650297
54733,42.51,4.35,0.2699999939650297
54734,42.51,4.365,0.2799999937415123
54735,42.51,4.38,0.2699999939650297
54736,42.51,4.395,0.2699999939650297
54737,42.51,4.41,0.25999999418854713
54738,42.51,4.425,0.25999999418854713
54739,42.51,4.44,0.25999999418854713
54740,42.51,4.455,0.2699999939650297
54741,42.51,4.47,0.25999999418854713
54742,42.51,4.485,0.25999999418854713
54743,42.51,4.5,0.24999999441206455
54744,42.51,4.515,0.24999999441206455
54745,42.51,4.53,0.23999999463558197
54746,42.51,4.545,0.24999999441206455
54747,42.51,4.56,0.25999999418854713
54748,42.51,4.575,0.25999999418854713
54749,42.51,4.59,0.23999999463558197
54750,42.51,4.605,0.2299999948590994
54751,42.51,4.62,0.23999999463558197
54752,42.51,4.635,0.2299999948590994
54753,42.51,4.65,0.23999999463558197
54754,42.51,4.665,0.20999999530613422
54755,42.51,4.68,0.19999999552965164
54756,42.51,4.695,0.20999999530613422
54757,42.51,4.71,0.19999999552965164
54758,42.51,4.725,0.19999999552965164
54759,42.51,4.74,0.20999999530613422
54760,42.51,4.755,0.2299999948590994
54761,42.51,4.77,0.23999999463558197
54762,42.51,4.785,0.23999999463558197
54763,42.51,4.8,0.23999999463558197
54764,42.51,4.815,0.24999999441206455
54765,42.51,4.83,0.24999999441206455
54766,42.51,4.845,0.2699999939650297
54767,42.51,4.86,0.2699999939650297
54768,42.51,4.875,0.2699999939650297
54769,42.51,4.89,0.2799999937415123
54770,42.51,4.905,0.2799999937415123
54771,42.51,4.92,0.2799999937415123
54772,42.51,4.935,0.2899999935179949
54773,42.51,4.95,0.2899999935179949
54774,42.51,4.965,0.2899999935179949
54775,42.51,4.98,0.2899999935179949
54776,42.51,4.995,0.2899999935179949
54777,42.51,5.01,0.2799999937415123
54778,42.51,5.025,0.2899999935179949
54779,42.51,5.04,0.2899999935179949
54780,42.51,5.055,0.2899999935179949
54781,42.51,5.07,0.29999999329447746
54782,42.51,5.085,0.29999999329447746
54783,42.51,5.1,0.29999999329447746
54784,42.51,5.115,0.29999999329447746
54785,42.51,5.13,0.2899999935179949
54786,42.51,5.145,0.2799999937415123
54787,42.51,5.16,0.2899999935179949
54788,42.51,5.175,0.2799999937415123
54789,42.51,5.19,0.2799999937415123
54790,42.51,5.205,0.2699999939650297
54791,42.51,5.22,0.25999999418854713
54792,42.51,5.235,0.2699999939650297
54793,42.51,5.25,0.2699999939650297
54794,42.51,5.265,0.2699999939650297
54795,42.51,5.28,0.2799999937415123
54796,42.51,5.295,0.2799999937415123
54797,42.51,5.31,0.2699999939650297
54798,42.51,5.325,0.25999999418854713
54799,42.51,5.34,0.24999999441206455
54800,42.51,5.355,0.25999999418854713
54801,42.51,5.37,0.24999999441206455
54802,42.51,5.385,0.25999999418854713
54803,42.51,5.4,0.2699999939650297
54804,42.51,5.415,0.2799999937415123
54805,42.51,5.43,0.2899999935179949
54806,42.51,5.445,0.30999999307096004
54807,42.51,5.46,0.29999999329447746
54808,42.51,5.475,0.29999999329447746
54809,42.51,5.49,0.2899999935179949
55094,42.52,3.51,0.3499999921768904
55095,42.52,3.525,0.36999999172985554
55096,42.52,3.54,0.2699999939650297
55097,42.52,3.555,0.29999999329447746
55098,42.52,3.57,0.35999999195337296
55099,42.52,3.585,0.3799999915063381
55100,42.52,3.6,0.3899999912828207
55101,42.52,3.615,0.3899999912828207
55102,42.52,3.63,0.3899999912828207
55103,42.52,3.645,0.3899999912828207
55104,42.52,3.66,0.3899999912828207
55105,42.52,3.675,0.40999999083578587
55106,42.52,3.69,0.40999999083578587
55107,42.52,3.705,0.3199999928474426
55108,42.52,3.72,0.25999999418854713
55109,42.52,3.735,0.14999999664723873
55110,42.52,3.75,0.1599999964237213
55111,42.52,3.765,0.13999999687075615
55112,42.52,3.78,0.12999999709427357
55113,42.52,3.795,0.13999999687075615
55114,42.52,3.81,0.14999999664723873
55115,42.52,3.825,0.13999999687075615
55116,42.52,3.84,0.1599999964237213
55117,42.52,3.855,0.1699999962002039
55118,42.52,3.87,0.18999999575316906
55119,42.52,3.885,0.19999999552965164
55120,42.52,3.9,0.20999999530613422
55121,42.52,3.915,0.19999999552965164
55122,42.52,3.93,0.2199999950826168
55123,42.52,3.945,0.23999999463558197
55124,42.52,3.96,0.23999999463558197
55125,42.52,3.975,0.24999999441206455
55126,42.52,3.99,0.25999999418854713
55127,42.52,4.005,0.25999999418854713
55128,42.52,4.02,0.25999999418854713
55129,42.52,4.035,0.2699999939650297
55130,42.52,4.05,0.2899999935179949
55131,42.52,4.065,0.2899999935179949
55132,42.52,4.08,0.2899999935179949
55133,42.52,4.095,0.2899999935179949
55134,42.52,4.11,0.2899999935179949
55135,42.52,4.125,0.2899999935179949
55136,42.52,4.14,0.2899999935179949
55137,42.52,4.155,0.2799999937415123
55138,42.52,4.17,0.2799999937415123
55139,42.52,4.185,0.2699999939650297
55140,42.52,4.2,0.2799999937415123
55141,42.52,4.215,0.2899999935179949
55142,42.52,4.23,0.2799999937415123
55143,42.52,4.245,0.2799999937415123
55144,42.52,4.26,0.25999999418854713
55145,42.52,4.275,0.25999999418854713
55146,42.52,4.29,0.25999999418854713
55147,42.52,4.305,0.23999999463558197
55148,42.52,4.32,0.24999999441206455
55149,42.52,4.335,0.25999999418854713
55150,42.52,4.35,0.25999999418854713
55151,42.52,4.365,0.2699999939650297
55152,42.52,4.38,0.25999999418854713
55153,42.52,4.395,0.25999999418854713
55154,42.52,4.41,0.25999999418854713
55155,42.52,4.425,0.25999999418854713
55156,42.52,4.44,0.25999999418854713
55157,42.52,4.455,0.25999999418854713
55158,42.52,4.47,0.25999999418854713
55159,42.52,4.485,0.25999999418854713
55160,42.52,4.5,0.25999999418854713
55161,42.52,4.515,0.24999999441206455
55162,42.52,4.53,0.24999999441206455
55163,42.52,4.545,0.23999999463558197
55164,42.52,4.56,0.2699999939650297
55165,42.52,4.575,0.2699999939650297
55166,42.52,4.59,0.23999999463558197
55167,42.52,4.605,0.2199999950826168
55168,42.52,4.62,0.2699999939650297
55169,42.52,4.635,0.24999999441206455
55170,42.52,4.65,0.2299999948590994
55171,42.52,4.665,0.19999999552965164
55172,42.52,4.68,0.20999999530613422
55173,42.52,4.695,0.20999999530613422
55174,42.52,4.71,0.2199999950826168
55175,42.52,4.725,0.20999999530613422
55176,42.52,4.74,0.2199999950826168
55177,42.52,4.755,0.23999999463558197
55178,42.52,4.77,0.23999999463558197
55179,42.52,4.785,0.23999999463558197
55180,42.52,4.8,0.23999999463558197
55181,42.52,4.815,0.23999999463558197
55182,42.52,4.83,0.25999999418854713
55183,42.52,4.845,0.2699999939650297
55184,42.52,4.86,0.2799999937415123
55185,42.52,4.875,0.2799999937415123
55186,42.52,4.89,0.2799999937415123
55187,42.52,4.905,0.2699999939650297
55188,42.52,4.92,0.2899999935179949
55189,42.52,4.935,0.29999999329447746
55190,42.52,4.95,0.2899999935179949
55191,42.52,4.965,0.2899999935179949
55192,42.52,4.98,0.2899999935179949
55193,42.52,4.995,0.29999999329447746
55194,42.52,5.01,0.2899999935179949
55195,42.52,5.025,0.2899999935179949
55196,42.52,5.04,0.2899999935179949
55197,42.52,5.055,0.2899999935179949
55198,42.52,5.07,0.2899999935179949
55199,42.52,5.085,0.29999999329447746
55200,42.52,5.1,0.29999999329447746
55201,42.52,5.115,0.29999999329447746
55202,42.52,5.13,0.2899999935179949
55203,42.52,5.145,0.2899999935179949
55204,42.52,5.16,0.2899999935179949
55205,42.52,5.175,0.2799999937415123
55206,42.52,5.19,0.2699999939650297
55207,42.52,5.205,0.2699999939650297
55208,42.52,5.22,0.2699999939650297
55209,42.52,5.235,0.2699999939650297
55210,42.52,5.25,0.2699999939650297
55211,42.52,5.265,0.2799999937415123
55212,42.52,5.28,0.2899999935179949
55213,42.52,5.295,0.2899999935179949
55214,42.52,5.31,0.2799999937415123
55215,42.52,5.325,0.2699999939650297
55216,42.52,5.34,0.25999999418854713
55217,42.52,5.355,0.24999999441206455
55218,42.52,5.37,0.24999999441206455
55219,42.52,5.385,0.25999999418854713
55220,42.52,5.4,0.2799999937415123
55221,42.52,5.415,0.2899999935179949
55222,42.52,5.43,0.2899999935179949
55223,42.52,5.445,0.30999999307096004
55224,42.52,5.46,0.29999999329447746
55225,42.52,5.475,0.2899999935179949
55226,42.52,5.49,0.2899999935179949
55511,42.53,3.51,0.3199999928474426
55512,42.53,3.525,0.3499999921768904
55513,42.53,3.54,0.2899999935179949
55514,42.53,3.555,0.2799999937415123
55515,42.53,3.57,0.35999999195337296
55516,42.53,3.585,0.3299999926239252
55517,42.53,3.6,0.3499999921768904
55518,42.53,3.615,0.36999999172985554
55519,42.53,3.63,0.3899999912828207
55520,42.53,3.645,0.3899999912828207
55521,42.53,3.66,0.3899999912828207
55522,42.53,3.675,0.3899999912828207
55523,42.53,3.69,0.3999999910593033
55524,42.53,3.705,0.3199999928474426
55525,42.53,3.72,0.2699999939650297
55526,42.53,3.735,0.14999999664723873
55527,42.53,3.75,0.1699999962002039
55528,42.53,3.765,0.14999999664723873
55529,42.53,3.78,0.12999999709427357
55530,42.53,3.795,0.13999999687075615
55531,42.53,3.81,0.12999999709427357
55532,42.53,3.825,0.13999999687075615
55533,42.53,3.84,0.1599999964237213
55534,42.53,3.855,0.1699999962002039
55535,42.53,3.87,0.18999999575316906
55536,42.53,3.885,0.19999999552965164
55537,42.53,3.9,0.19999999552965164
55538,42.53,3.915,0.18999999575316906
55539,42.53,3.93,0.19999999552965164
55540,42.53,3.945,0.2199999950826168
55541,42.53,3.96,0.23999999463558197
55542,42.53,3.975,0.25999999418854713
55543,42.53,3.99,0.2699999939650297
55544,42.53,4.005,0.25999999418854713
55545,42.53,4.02,0.24999999441206455
55546,42.53,4.035,0.2699999939650297
55547,42.53,4.05,0.2899999935179949
55548,42.53,4.065,0.2899999935179949
55549,42.53,4.08,0.29999999329447746
55550,42.53,4.095,0.2899999935179949
55551,42.53,4.11,0.2899999935179949
55552,42.53,4.125,0.29999999329447746
55553,42.53,4.14,0.2799999937415123
55554,42.53,4.155,0.2799999937415123
55555,42.53,4.17,0.2799999937415123
55556,42.53,4.185,0.2699999939650297
55557,42.53,4.2,0.2799999937415123
55558,42.53,4.215,0.2799999937415123
55559,42.53,4.23,0.2799999937415123
55560,42.53,4.245,0.2699999939650297
55561,42.53,4.26,0.25999999418854713
55562,42.53,4.275,0.24999999441206455
55563,42.53,4.29,0.2299999948590994
55564,42.53,4.305,0.23999999463558197
55565,42.53,4.32,0.24999999441206455
55566,42.53,4.335,0.24999999441206455
55567,42.53,4.35,0.24999999441206455
55568,42.53,4.365,0.24999999441206455
55569,42.53,4.38,0.23999999463558197
55570,42.53,4.395,0.23999999463558197
55571,42.53,4.41,0.24999999441206455
55572,42.53,4.425,0.25999999418854713
55573,42.53,4.44,0.2699999939650297
55574,42.53,4.455,0.25999999418854713
55575,42.53,4.47,0.24999999441206455
55576,42.53,4.485,0.25999999418854713
55577,42.53,4.5,0.24999999441206455
55578,42.53,4.515,0.23999999463558197
55579,42.53,4.53,0.25999999418854713
55580,42.53,4.545,0.23999999463558197
55581,42.53,4.56,0.25999999418854713
55582,42.53,4.575,0.24999999441206455
55583,42.53,4.59,0.2299999948590994
55584,42.53,4.605,0.2299999948590994
55585,42.53,4.62,0.24999999441206455
55586,42.53,4.635,0.24999999441206455
55587,42.53,4.65,0.2199999950826168
55588,42.53,4.665,0.2199999950826168
55589,42.53,4.68,0.2199999950826168
55590,42.53,4.695,0.2299999948590994
55591,42.53,4.71,0.23999999463558197
55592,42.53,4.725,0.23999999463558197
55593,42.53,4.74,0.2299999948590994
55594,42.53,4.755,0.23999999463558197
55595,42.53,4.77,0.23999999463558197
55596,42.53,4.785,0.23999999463558197
55597,42.53,4.8,0.23999999463558197
55598,42.53,4.815,0.24999999441206455
55599,42.53,4.83,0.24999999441206455
55600,42.53,4.845,0.2699999939650297
55601,42.53,4.86,0.2799999937415123
55602,42.53,4.875,0.2799999937415123
55603,42.53,4.89,0.2799999937415123
55604,42.53,4.905,0.2799999937415123
55605,42.53,4.92,0.2899999935179949
55606,42.53,4.935,0.2899999935179949
55607,42.53,4.95,0.2899999935179949
55608,42.53,4.965,0.2899999935179949
55609,42.53,4.98,0.2899999935179949
55610,42.53,4.995,0.2899999935179949
55611,42.53,5.01,0.2899999935179949
55612,42.53,5.025,0.29999999329447746
55613,42.53,5.04,0.2899999935179949
55614,42.53,5.055,0.2899999935179949
55615,42.53,5.07,0.2899999935179949
55616,42.53,5.085,0.29999999329447746
55617,42.53,5.1,0.29999999329447746
55618,42.53,5.115,0.2899999935179949
55619,42.53,5.13,0.2899999935179949
55620,42.53,5.145,0.29999999329447746
55621,42.53,5.16,0.2899999935179949
55622,42.53,5.175,0.2899999935179949
55623,42.53,5.19,0.2799999937415123
55624,42.53,5.205,0.2699999939650297
55625,42.53,5.22,0.2699999939650297
55626,42.53,5.235,0.2799999937415123
55627,42.53,5.25,0.2799999937415123
55628,42.53,5.265,0.2899999935179949
55629,42.53,5.28,0.29999999329447746
55630,42.53,5.295,0.29999999329447746
55631,42.53,5.31,0.2799999937415123
55632,42.53,5.325,0.2699999939650297
55633,42.53,5.34,0.25999999418854713
55634,42.53,5.355,0.25999999418854713
55635,42.53,5.37,0.25999999418854713
55636,42.53,5.385,0.2699999939650297
55637,42.53,5.4,0.2799999937415123
55638,42.53,5.415,0.29999999329447746
55639,42.53,5.43,0.30999999307096004
55640,42.53,5.445,0.30999999307096004
55641,42.53,5.46,0.29999999329447746
55642,42.53,5.475,0.2899999935179949
55643,42.53,5.49,0.2899999935179949
55928,42.54,3.51,0.3499999921768904
55929,42.54,3.525,0.3499999921768904
55930,42.54,3.54,0.2899999935179949
55931,42.54,3.555,0.2899999935179949
55932,42.54,3.57,0.29999999329447746
55933,42.54,3.585,0.3199999928474426
55934,42.54,3.6,0.3399999924004078
55935,42.54,3.615,0.35999999195337296
55936,42.54,3.63,0.35999999195337296
55937,42.54,3.645,0.3799999915063381
55938,42.54,3.66,0.3799999915063381
55939,42.54,3.675,0.3899999912828207
55940,42.54,3.69,0.3999999910593033
55941,42.54,3.705,0.3199999928474426
55942,42.54,3.72,0.2699999939650297
55943,42.54,3.735,0.1599999964237213
55944,42.54,3.75,0.17999999597668648
55945,42.54,3.765,0.1599999964237213
55946,42.54,3.78,0.13999999687075615
55947,42.54,3.795,0.13999999687075615
55948,42.54,3.81,0.12999999709427357
55949,42.54,3.825,0.13999999687075615
55950,42.54,3.84,0.1599999964237213
55951,42.54,3.855,0.1699999962002039
55952,42.54,3.87,0.17999999597668648
55953,42.54,3.885,0.18999999575316906
55954,42.54,3.9,0.19999999552965164
55955,42.54,3.915,0.17999999597668648
55956,42.54,3.93,0.19999999552965164
55957,42.54,3.945,0.20999999530613422
55958,42.54,3.96,0.23999999463558197
55959,42.54,3.975,0.23999999463558197
55960,42.54,3.99,0.24999999441206455
55961,42.54,4.005,0.24999999441206455
55962,42.54,4.02,0.24999999441206455
55963,42.54,4.035,0.25999999418854713
55964,42.54,4.05,0.2899999935179949
55965,42.54,4.065,0.29999999329447746
55966,42.54,4.08,0.3199999928474426
55967,42.54,4.095,0.30999999307096004
55968,42.54,4.11,0.2899999935179949
55969,42.54,4.125,0.2899999935179949
55970,42.54,4.14,0.29999999329447746
55971,42.54,4.155,0.2799999937415123
55972,42.54,4.17,0.25999999418854713
55973,42.54,4.185,0.2799999937415123
55974,42.54,4.2,0.2699999939650297
55975,42.54,4.215,0.2799999937415123
55976,42.54,4.23,0.2799999937415123
55977,42.54,4.245,0.2799999937415123
55978,42.54,4.26,0.25999999418854713
55979,42.54,4.275,0.25999999418854713
55980,42.54,4.29,0.23999999463558197
55981,42.54,4.305,0.24999999441206455
55982,42.54,4.32,0.23999999463558197
55983,42.54,4.335,0.24999999441206455
55984,42.54,4.35,0.23999999463558197
55985,42.54,4.365,0.23999999463558197
55986,42.54,4.38,0.2299999948590994
55987,42.54,4.395,0.23999999463558197
55988,42.54,4.41,0.24999999441206455
55989,42.54,4.425,0.25999999418854713
55990,42.54,4.44,0.2699999939650297
55991,42.54,4.455,0.25999999418854713
55992,42.54,4.47,0.24999999441206455
55993,42.54,4.485,0.24999999441206455
55994,42.54,4.5,0.23999999463558197
55995,42.54,4.515,0.23999999463558197
55996,42.54,4.53,0.23999999463558197
55997,42.54,4.545,0.24999999441206455
55998,42.54,4.56,0.24999999441206455
55999,42.54,4.575,0.23999999463558197
56000,42.54,4.59,0.2299999948590994
56001,42.54,4.605,0.2299999948590994
56002,42.54,4.62,0.23999999463558197
56003,42.54,4.635,0.23999999463558197
56004,42.54,4.65,0.20999999530613422
56005,42.54,4.665,0.2299999948590994
56006,42.54,4.68,0.2299999948590994
56007,42.54,4.695,0.23999999463558197
56008,42.54,4.71,0.24999999441206455
56009,42.54,4.725,0.25999999418854713
56010,42.54,4.74,0.24999999441206455
56011,42.54,4.755,0.24999999441206455
56012,42.54,4.77,0.24999999441206455
56013,42.54,4.785,0.24999999441206455
56014,42.54,4.8,0.24999999441206455
56015,42.54,4.815,0.25999999418854713
56016,42.54,4.83,0.25999999418854713
56017,42.54,4.845,0.2699999939650297
56018,42.54,4.86,0.2699999939650297
56019,42.54,4.875,0.2799999937415123
56020,42.54,4.89,0.2699999939650297
56021,42.54,4.905,0.2799999937415123
56022,42.54,4.92,0.2799999937415123
56023,42.54,4.935,0.2899999935179949
56024,42.54,4.95,0.2799999937415123
56025,42.54,4.965,0.2899999935179949
56026,42.54,4.98,0.2899999935179949
56027,42.54,4.995,0.2799999937415123
56028,42.54,5.01,0.2799999937415123
56029,42.54,5.025,0.29999999329447746
56030,42.54,5.04,0.29999999329447746
56031,42.54,5.055,0.29999999329447746
56032,42.54,5.07,0.29999999329447746
56033,42.54,5.085,0.29999999329447746
56034,42.54,5.1,0.29999999329447746
56035,42.54,5.115,0.29999999329447746
56036,42.54,5.13,0.2899999935179949
56037,42.54,5.145,0.29999999329447746
56038,42.54,5.16,0.2899999935179949
56039,42.54,5.175,0.2799999937415123
56040,42.54,5.19,0.2799999937415123
56041,42.54,5.205,0.2699999939650297
56042,42.54,5.22,0.2699999939650297
56043,42.54,5.235,0.2799999937415123
56044,42.54,5.25,0.2799999937415123
56045,42.54,5.265,0.29999999329447746
56046,42.54,5.28,0.30999999307096004
56047,42.54,5.295,0.29999999329447746
56048,42.54,5.31,0.2799999937415123
56049,42.54,5.325,0.2799999937415123
56050,42.54,5.34,0.2799999937415123
56051,42.54,5.355,0.2699999939650297
56052,42.54,5.37,0.2799999937415123
56053,42.54,5.385,0.2799999937415123
56054,42.54,5.4,0.2899999935179949
56055,42.54,5.415,0.30999999307096004
56056,42.54,5.43,0.30999999307096004
56057,42.54,5.445,0.30999999307096004
56058,42.54,5.46,0.2899999935179949
56059,42.54,5.475,0.2899999935179949
56060,42.54,5.49,0.2799999937415123
56345,42.55,3.51,0.24999999441206455
56346,42.55,3.525,0.3499999921768904
56347,42.55,3.54,0.36999999172985554
56348,42.55,3.555,0.29999999329447746
56349,42.55,3.57,0.29999999329447746
56350,42.55,3.585,0.3299999926239252
56351,42.55,3.6,0.3399999924004078
56352,42.55,3.615,0.3299999926239252
56353,42.55,3.63,0.3499999921768904
56354,42.55,3.645,0.35999999195337296
56355,42.55,3.66,0.36999999172985554
56356,42.55,3.675,0.3799999915063381
56357,42.55,3.69,0.3999999910593033
56358,42.55,3.705,0.3299999926239252
56359,42.55,3.72,0.20999999530613422
56360,42.55,3.735,0.1599999964237213
56361,42.55,3.75,0.18999999575316906
56362,42.55,3.765,0.1699999962002039
56363,42.55,3.78,0.1599999964237213
56364,42.55,3.795,0.13999999687075615
56365,42.55,3.81,0.12999999709427357
56366,42.55,3.825,0.13999999687075615
56367,42.55,3.84,0.14999999664723873
56368,42.55,3.855,0.1599999964237213
56369,42.55,3.87,0.1699999962002039
56370,42.55,3.885,0.19999999552965164
56371,42.55,3.9,0.17999999597668648
56372,42.55,3.915,0.17999999597668648
56373,42.55,3.93,0.17999999597668648
56374,42.55,3.945,0.19999999552965164
56375,42.55,3.96,0.2199999950826168
56376,42.55,3.975,0.23999999463558197
56377,42.55,3.99,0.23999999463558197
56378,42.55,4.005,0.23999999463558197
56379,42.55,4.02,0.23999999463558197
56380,42.55,4.035,0.25999999418854713
56381,42.55,4.05,0.2799999937415123
56382,42.55,4.065,0.30999999307096004
56383,42.55,4.08,0.3199999928474426
56384,42.55,4.095,0.3199999928474426
56385,42.55,4.11,0.30999999307096004
56386,42.55,4.125,0.29999999329447746
56387,42.55,4.14,0.2899999935179949
56388,42.55,4.155,0.2799999937415123
56389,42.55,4.17,0.2699999939650297
56390,42.55,4.185,0.2699999939650297
56391,42.55,4.2,0.25999999418854713
56392,42.55,4.215,0.2699999939650297
56393,42.55,4.23,0.2799999937415123
56394,42.55,4.245,0.2699999939650297
56395,42.55,4.26,0.25999999418854713
56396,42.55,4.275,0.25999999418854713
56397,42.55,4.29,0.24999999441206455
56398,42.55,4.305,0.24999999441206455
56399,42.55,4.32,0.23999999463558197
56400,42.55,4.335,0.24999999441206455
56401,42.55,4.35,0.2299999948590994
56402,42.55,4.365,0.23999999463558197
56403,42.55,4.38,0.23999999463558197
56404,42.55,4.395,0.23999999463558197
56405,42.55,4.41,0.25999999418854713
56406,42.55,4.425,0.25999999418854713
56407,42.55,4.44,0.25999999418854713
56408,42.55,4.455,0.24999999441206455
56409,42.55,4.47,0.23999999463558197
56410,42.55,4.485,0.2299999948590994
56411,42.55,4.5,0.23999999463558197
56412,42.55,4.515,0.23999999463558197
56413,42.55,4.53,0.23999999463558197
56414,42.55,4.545,0.23999999463558197
56415,42.55,4.56,0.24999999441206455
56416,42.55,4.575,0.2299999948590994
56417,42.55,4.59,0.2299999948590994
56418,42.55,4.605,0.20999999530613422
56419,42.55,4.62,0.2299999948590994
56420,42.55,4.635,0.20999999530613422
56421,42.55,4.65,0.20999999530613422
56422,42.55,4.665,0.2199999950826168
56423,42.55,4.68,0.2299999948590994
56424,42.55,4.695,0.23999999463558197
56425,42.55,4.71,0.24999999441206455
56426,42.55,4.725,0.25999999418854713
56427,42.55,4.74,0.25999999418854713
56428,42.55,4.755,0.24999999441206455
56429,42.55,4.77,0.24999999441206455
56430,42.55,4.785,0.24999999441206455
56431,42.55,4.8,0.24999999441206455
56432,42.55,4.815,0.2699999939650297
56433,42.55,4.83,0.25999999418854713
56434,42.55,4.845,0.25999999418854713
56435,42.55,4.86,0.2799999937415123
56436,42.55,4.875,0.2699999939650297
56437,42.55,4.89,0.2699999939650297
56438,42.55,4.905,0.2799999937415123
56439,42.55,4.92,0.2799999937415123
56440,42.55,4.935,0.2799999937415123
56441,42.55,4.95,0.2799999937415123
56442,42.55,4.965,0.2799999937415123
56443,42.55,4.98,0.2799999937415123
56444,42.55,4.995,0.2799999937415123
56445,42.55,5.01,0.2799999937415123
56446,42.55,5.025,0.2899999935179949
56447,42.55,5.04,0.29999999329447746
56448,42.55,5.055,0.2899999935179949
56449,42.55,5.07,0.29999999329447746
56450,42.55,5.085,0.30999999307096004
56451,42.55,5.1,0.29999999329447746
56452,42.55,5.115,0.2899999935179949
56453,42.55,5.13,0.29999999329447746
56454,42.55,5.145,0.2899999935179949
56455,42.55,5.16,0.2799999937415123
56456,42.55,5.175,0.2799999937415123
56457,42.55,5.19,0.2799999937415123
56458,42.55,5.205,0.2799999937415123
56459,42.55,5.22,0.2699999939650297
56460,42.55,5.235,0.2699999939650297
56461,42.55,5.25,0.2899999935179949
56462,42.55,5.265,0.30999999307096004
56463,42.55,5.28,0.29999999329447746
56464,42.55,5.295,0.29999999329447746
56465,42.55,5.31,0.2899999935179949
56466,42.55,5.325,0.2899999935179949
56467,42.55,5.34,0.2799999937415123
56468,42.55,5.355,0.2899999935179949
56469,42.55,5.37,0.2899999935179949
56470,42.55,5.385,0.29999999329447746
56471,42.55,5.4,0.29999999329447746
56472,42.55,5.415,0.3199999928474426
56473,42.55,5.43,0.30999999307096004
56474,42.55,5.445,0.29999999329447746
56475,42.55,5.46,0.2899999935179949
56476,42.55,5.475,0.2799999937415123
56477,42.55,5.49,0.2699999939650297
56762,42.56,3.51,0.25999999418854713
56763,42.56,3.525,0.25999999418854713
56764,42.56,3.54,0.3799999915063381
56765,42.56,3.555,0.30999999307096004
56766,42.56,3.57,0.3199999928474426
56767,42.56,3.585,0.3299999926239252
56768,42.56,3.6,0.3299999926239252
56769,42.56,3.615,0.3299999926239252
56770,42.56,3.63,0.3499999921768904
56771,42.56,3.645,0.3499999921768904
56772,42.56,3.66,0.36999999172985554
56773,42.56,3.675,0.3799999915063381
56774,42.56,3.69,0.3899999912828207
56775,42.56,3.705,0.3299999926239252
56776,42.56,3.72,0.2199999950826168
56777,42.56,3.735,0.1599999964237213
56778,42.56,3.75,0.18999999575316906
56779,42.56,3.765,0.17999999597668648
56780,42.56,3.78,0.1699999962002039
56781,42.56,3.795,0.1699999962002039
56782,42.56,3.81,0.14999999664723873
56783,42.56,3.825,0.14999999664723873
56784,42.56,3.84,0.1599999964237213
56785,42.56,3.855,0.1599999964237213
56786,42.56,3.87,0.1699999962002039
56787,42.56,3.885,0.17999999597668648
56788,42.56,3.9,0.17999999597668648
56789,42.56,3.915,0.17999999597668648
56790,42.56,3.93,0.17999999597668648
56791,42.56,3.945,0.18999999575316906
56792,42.56,3.96,0.20999999530613422
56793,42.56,3.975,0.2199999950826168
56794,42.56,3.99,0.2199999950826168
56795,42.56,4.005,0.2299999948590994
56796,42.56,4.02,0.23999999463558197
56797,42.56,4.035,0.24999999441206455
56798,42.56,4.05,0.2799999937415123
56799,42.56,4.065,0.30999999307096004
56800,42.56,4.08,0.3299999926239252
56801,42.56,4.095,0.3499999921768904
56802,42.56,4.11,0.3299999926239252
56803,42.56,4.125,0.29999999329447746
56804,42.56,4.14,0.2899999935179949
56805,42.56,4.155,0.2699999939650297
56806,42.56,4.17,0.2699999939650297
56807,42.56,4.185,0.2699999939650297
56808,42.56,4.2,0.2699999939650297
56809,42.56,4.215,0.2699999939650297
56810,42.56,4.23,0.2699999939650297
56811,42.56,4.245,0.2699999939650297
56812,42.56,4.26,0.2699999939650297
56813,42.56,4.275,0.25999999418854713
56814,42.56,4.29,0.2699999939650297
56815,42.56,4.305,0.24999999441206455
56816,42.56,4.32,0.23999999463558197
56817,42.56,4.335,0.23999999463558197
56818,42.56,4.35,0.2299999948590994
56819,42.56,4.365,0.23999999463558197
56820,42.56,4.38,0.24999999441206455
56821,42.56,4.395,0.24999999441206455
56822,42.56,4.41,0.25999999418854713
56823,42.56,4.425,0.25999999418854713
56824,42.56,4.44,0.25999999418854713
56825,42.56,4.455,0.24999999441206455
56826,42.56,4.47,0.2299999948590994
56827,42.56,4.485,0.2299999948590994
56828,42.56,4.5,0.2299999948590994
56829,42.56,4.515,0.23999999463558197
56830,42.56,4.53,0.2299999948590994
56831,42.56,4.545,0.2299999948590994
56832,42.56,4.56,0.2299999948590994
56833,42.56,4.575,0.2199999950826168
56834,42.56,4.59,0.20999999530613422
56835,42.56,4.605,0.20999999530613422
56836,42.56,4.62,0.20999999530613422
56837,42.56,4.635,0.2199999950826168
56838,42.56,4.65,0.20999999530613422
56839,42.56,4.665,0.2199999950826168
56840,42.56,4.68,0.2299999948590994
56841,42.56,4.695,0.24999999441206455
56842,42.56,4.71,0.24999999441206455
56843,42.56,4.725,0.25999999418854713
56844,42.56,4.74,0.24999999441206455
56845,42.56,4.755,0.24999999441206455
56846,42.56,4.77,0.24999999441206455
56847,42.56,4.785,0.24999999441206455
56848,42.56,4.8,0.24999999441206455
56849,42.56,4.815,0.25999999418854713
56850,42.56,4.83,0.25999999418854713
56851,42.56,4.845,0.25999999418854713
56852,42.56,4.86,0.2699999939650297
56853,42.56,4.875,0.2699999939650297
56854,42.56,4.89,0.25999999418854713
56855,42.56,4.905,0.2699999939650297
56856,42.56,4.92,0.2699999939650297
56857,42.56,4.935,0.2799999937415123
56858,42.56,4.95,0.2799999937415123
56859,42.56,4.965,0.2799999937415123
56860,42.56,4.98,0.2899999935179949
56861,42.56,4.995,0.2899999935179949
56862,42.56,5.01,0.2899999935179949
56863,42.56,5.025,0.2899999935179949
56864,42.56,5.04,0.2899999935179949
56865,42.56,5.055,0.2899999935179949
56866,42.56,5.07,0.29999999329447746
56867,42.56,5.085,0.30999999307096004
56868,42.56,5.1,0.29999999329447746
56869,42.56,5.115,0.29999999329447746
56870,42.56,5.13,0.2799999937415123
56871,42.56,5.145,0.2899999935179949
56872,42.56,5.16,0.2799999937415123
56873,42.56,5.175,0.2699999939650297
56874,42.56,5.19,0.2699999939650297
56875,42.56,5.205,0.2799999937415123
56876,42.56,5.22,0.2699999939650297
56877,42.56,5.235,0.2799999937415123
56878,42.56,5.25,0.2799999937415123
56879,42.56,5.265,0.2899999935179949
56880,42.56,5.28,0.29999999329447746
56881,42.56,5.295,0.29999999329447746
56882,42.56,5.31,0.29999999329447746
56883,42.56,5.325,0.2899999935179949
56884,42.56,5.34,0.2899999935179949
56885,42.56,5.355,0.29999999329447746
56886,42.56,5.37,0.29999999329447746
56887,42.56,5.385,0.29999999329447746
56888,42.56,5.4,0.30999999307096004
56889,42.56,5.415,0.30999999307096004
56890,42.56,5.43,0.30999999307096004
56891,42.56,5.445,0.2899999935179949
56892,42.56,5.46,0.2799999937415123
56893,42.56,5.475,0.2799999937415123
56894,42.56,5.49,0.2699999939650297
57179,42.57,3.51,0.2299999948590994
57180,42.57,3.525,0.23999999463558197
57181,42.57,3.54,0.3799999915063381
57182,42.57,3.555,0.3799999915063381
57183,42.57,3.57,0.3199999928474426
57184,42.57,3.585,0.3299999926239252
57185,42.57,3.6,0.3199999928474426
57186,42.57,3.615,0.3299999926239252
57187,42.57,3.63,0.3399999924004078
57188,42.57,3.645,0.3499999921768904
57189,42.57,3.66,0.35999999195337296
57190,42.57,3.675,0.36999999172985554
57191,42.57,3.69,0.3799999915063381
57192,42.57,3.705,0.3899999912828207
57193,42.57,3.72,0.24999999441206455
57194,42.57,3.735,0.20999999530613422
57195,42.57,3.75,0.1699999962002039
57196,42.57,3.765,0.18999999575316906
57197,42.57,3.78,0.1699999962002039
57198,42.57,3.795,0.1599999964237213
57199,42.57,3.81,0.1599999964237213
57200,42.57,3.825,0.1599999964237213
57201,42.57,3.84,0.1599999964237213
57202,42.57,3.855,0.1599999964237213
57203,42.57,3.87,0.1699999962002039
57204,42.57,3.885,0.17999999597668648
57205,42.57,3.9,0.17999999597668648
57206,42.57,3.915,0.1699999962002039
57207,42.57,3.93,0.17999999597668648
57208,42.57,3.945,0.17999999597668648
57209,42.57,3.96,0.18999999575316906
57210,42.57,3.975,0.20999999530613422
57211,42.57,3.99,0.19999999552965164
57212,42.57,4.005,0.2199999950826168
57213,42.57,4.02,0.2299999948590994
57214,42.57,4.035,0.23999999463558197
57215,42.57,4.05,0.2699999939650297
57216,42.57,4.065,0.30999999307096004
57217,42.57,4.08,0.3299999926239252
57218,42.57,4.095,0.3499999921768904
57219,42.57,4.11,0.3399999924004078
57220,42.57,4.125,0.30999999307096004
57221,42.57,4.14,0.2899999935179949
57222,42.57,4.155,0.2799999937415123
57223,42.57,4.17,0.2699999939650297
57224,42.57,4.185,0.2699999939650297
57225,42.57,4.2,0.2799999937415123
57226,42.57,4.215,0.25999999418854713
57227,42.57,4.23,0.2699999939650297
57228,42.57,4.245,0.2799999937415123
57229,42.57,4.26,0.2699999939650297
57230,42.57,4.275,0.2699999939650297
57231,42.57,4.29,0.25999999418854713
57232,42.57,4.305,0.24999999441206455
57233,42.57,4.32,0.24999999441206455
57234,42.57,4.335,0.23999999463558197
57235,42.57,4.35,0.23999999463558197
57236,42.57,4.365,0.24999999441206455
57237,42.57,4.38,0.24999999441206455
57238,42.57,4.395,0.25999999418854713
57239,42.57,4.41,0.24999999441206455
57240,42.57,4.425,0.25999999418854713
57241,42.57,4.44,0.25999999418854713
57242,42.57,4.455,0.25999999418854713
57243,42.57,4.47,0.23999999463558197
57244,42.57,4.485,0.2199999950826168
57245,42.57,4.5,0.2299999948590994
57246,42.57,4.515,0.2299999948590994
57247,42.57,4.53,0.2299999948590994
57248,42.57,4.545,0.2299999948590994
57249,42.57,4.56,0.2199999950826168
57250,42.57,4.575,0.2199999950826168
57251,42.57,4.59,0.20999999530613422
57252,42.57,4.605,0.20999999530613422
57253,42.57,4.62,0.20999999530613422
57254,42.57,4.635,0.2199999950826168
57255,42.57,4.65,0.20999999530613422
57256,42.57,4.665,0.20999999530613422
57257,42.57,4.68,0.2199999950826168
57258,42.57,4.695,0.24999999441206455
57259,42.57,4.71,0.24999999441206455
57260,42.57,4.725,0.25999999418854713
57261,42.57,4.74,0.25999999418854713
57262,42.57,4.755,0.25999999418854713
57263,42.57,4.77,0.24999999441206455
57264,42.57,4.785,0.24999999441206455
57265,42.57,4.8,0.24999999441206455
57266,42.57,4.815,0.24999999441206455
57267,42.57,4.83,0.24999999441206455
57268,42.57,4.845,0.24999999441206455
57269,42.57,4.86,0.25999999418854713
57270,42.57,4.875,0.2699999939650297
57271,42.57,4.89,0.2699999939650297
57272,42.57,4.905,0.2699999939650297
57273,42.57,4.92,0.2699999939650297
57274,42.57,4.935,0.2699999939650297
57275,42.57,4.95,0.2699999939650297
57276,42.57,4.965,0.2699999939650297
57277,42.57,4.98,0.2699999939650297
57278,42.57,4.995,0.2799999937415123
57279,42.57,5.01,0.2799999937415123
57280,42.57,5.025,0.2899999935179949
57281,42.57,5.04,0.2899999935179949
57282,42.57,5.055,0.2899999935179949
57283,42.57,5.07,0.29999999329447746
57284,42.57,5.085,0.29999999329447746
57285,42.57,5.1,0.29999999329447746
57286,42.57,5.115,0.2899999935179949
57287,42.57,5.13,0.2799999937415123
57288,42.57,5.145,0.2699999939650297
57289,42.57,5.16,0.2799999937415123
57290,42.57,5.175,0.2699999939650297
57291,42.57,5.19,0.2699999939650297
57292,42.57,5.205,0.2699999939650297
57293,42.57,5.22,0.2699999939650297
57294,42.57,5.235,0.2699999939650297
57295,42.57,5.25,0.2699999939650297
57296,42.57,5.265,0.2799999937415123
57297,42.57,5.28,0.2899999935179949
57298,42.57,5.295,0.29999999329447746
57299,42.57,5.31,0.29999999329447746
57300,42.57,5.325,0.29999999329447746
57301,42.57,5.34,0.29999999329447746
57302,42.57,5.355,0.30999999307096004
57303,42.57,5.37,0.30999999307096004
57304,42.57,5.385,0.30999999307096004
57305,42.57,5.4,0.29999999329447746
57306,42.57,5.415,0.29999999329447746
57307,42.57,5.43,0.29999999329447746
57308,42.57,5.445,0.2799999937415123
57309,42.57,5.46,0.2699999939650297
57310,42.57,5.475,0.2699999939650297
57311,42.57,5.49,0.25999999418854713
57596,42.58,3.51,0.1599999964237213
57597,42.58,3.525,0.20999999530613422
57598,42.58,3.54,0.19999999552965164
57599,42.58,3.555,0.2299999948590994
57600,42.58,3.57,0.23999999463558197
57601,42.58,3.585,0.25999999418854713
57602,42.58,3.6,0.3399999924004078
57603,42.58,3.615,0.3399999924004078
57604,42.58,3.63,0.3299999926239252
57605,42.58,3.645,0.3399999924004078
57606,42.58,3.66,0.3499999921768904
57607,42.58,3.675,0.3899999912828207
57608,42.58,3.69,0.3899999912828207
57609,42.58,3.705,0.3799999915063381
57610,42.58,3.72,0.2899999935179949
57611,42.58,3.735,0.2299999948590994
57612,42.58,3.75,0.18999999575316906
57613,42.58,3.765,0.18999999575316906
57614,42.58,3.78,0.18999999575316906
57615,42.58,3.795,0.1699999962002039
57616,42.58,3.81,0.1599999964237213
57617,42.58,3.825,0.1599999964237213
57618,42.58,3.84,0.1599999964237213
57619,42.58,3.855,0.1699999962002039
57620,42.58,3.87,0.1699999962002039
57621,42.58,3.885,0.17999999597668648
57622,42.58,3.9,0.17999999597668648
57623,42.58,3.915,0.1699999962002039
57624,42.58,3.93,0.17999999597668648
57625,42.58,3.945,0.1699999962002039
57626,42.58,3.96,0.17999999597668648
57627,42.58,3.975,0.18999999575316906
57628,42.58,3.99,0.19999999552965164
57629,42.58,4.005,0.20999999530613422
57630,42.58,4.02,0.2199999950826168
57631,42.58,4.035,0.23999999463558197
57632,42.58,4.05,0.25999999418854713
57633,42.58,4.065,0.30999999307096004
57634,42.58,4.08,0.3199999928474426
57635,42.58,4.095,0.3499999921768904
57636,42.58,4.11,0.3499999921768904
57637,42.58,4.125,0.3199999928474426
57638,42.58,4.14,0.29999999329447746
57639,42.58,4.155,0.2899999935179949
57640,42.58,4.17,0.2799999937415123
57641,42.58,4.185,0.2699999939650297
57642,42.58,4.2,0.2699999939650297
57643,42.58,4.215,0.2699999939650297
57644,42.58,4.23,0.2699999939650297
57645,42.58,4.245,0.2699999939650297
57646,42.58,4.26,0.25999999418854713
57647,42.58,4.275,0.2699999939650297
57648,42.58,4.29,0.2699999939650297
57649,42.58,4.305,0.25999999418854713
57650,42.58,4.32,0.24999999441206455
57651,42.58,4.335,0.24999999441206455
57652,42.58,4.35,0.25999999418854713
57653,42.58,4.365,0.25999999418854713
57654,42.58,4.38,0.25999999418854713
57655,42.58,4.395,0.25999999418854713
57656,42.58,4.41,0.24999999441206455
57657,42.58,4.425,0.24999999441206455
57658,42.58,4.44,0.24999999441206455
57659,42.58,4.455,0.2299999948590994
57660,42.58,4.47,0.2299999948590994
57661,42.58,4.485,0.2199999950826168
57662,42.58,4.5,0.2299999948590994
57663,42.58,4.515,0.2199999950826168
57664,42.58,4.53,0.2199999950826168
57665,42.58,4.545,0.2199999950826168
57666,42.58,4.56,0.2199999950826168
57667,42.58,4.575,0.2199999950826168
57668,42.58,4.59,0.19999999552965164
57669,42.58,4.605,0.20999999530613422
57670,42.58,4.62,0.20999999530613422
57671,42.58,4.635,0.20999999530613422
57672,42.58,4.65,0.2199999950826168
57673,42.58,4.665,0.2199999950826168
57674,42.58,4.68,0.2299999948590994
57675,42.58,4.695,0.23999999463558197
57676,42.58,4.71,0.24999999441206455
57677,42.58,4.725,0.24999999441206455
57678,42.58,4.74,0.25999999418854713
57679,42.58,4.755,0.25999999418854713
57680,42.58,4.77,0.24999999441206455
57681,42.58,4.785,0.23999999463558197
57682,42.58,4.8,0.24999999441206455
57683,42.58,4.815,0.24999999441206455
57684,42.58,4.83,0.24999999441206455
57685,42.58,4.845,0.24999999441206455
57686,42.58,4.86,0.25999999418854713
57687,42.58,4.875,0.2699999939650297
57688,42.58,4.89,0.25999999418854713
57689,42.58,4.905,0.2699999939650297
57690,42.58,4.92,0.25999999418854713
57691,42.58,4.935,0.25999999418854713
57692,42.58,4.95,0.25999999418854713
57693,42.58,4.965,0.25999999418854713
57694,42.58,4.98,0.2699999939650297
57695,42.58,4.995,0.2699999939650297
57696,42.58,5.01,0.2799999937415123
57697,42.58,5.025,0.2899999935179949
57698,42.58,5.04,0.2899999935179949
57699,42.58,5.055,0.2899999935179949
57700,42.58,5.07,0.2899999935179949
57701,42.58,5.085,0.2899999935179949
57702,42.58,5.1,0.2899999935179949
57703,42.58,5.115,0.2899999935179949
57704,42.58,5.13,0.2799999937415123
57705,42.58,5.145,0.2699999939650297
57706,42.58,5.16,0.2699999939650297
57707,42.58,5.175,0.25999999418854713
57708,42.58,5.19,0.2699999939650297
57709,42.58,5.205,0.2699999939650297
57710,42.58,5.22,0.2699999939650297
57711,42.58,5.235,0.2699999939650297
57712,42.58,5.25,0.25999999418854713
57713,42.58,5.265,0.2799999937415123
57714,42.58,5.28,0.2799999937415123
57715,42.58,5.295,0.29999999329447746
57716,42.58,5.31,0.29999999329447746
57717,42.58,5.325,0.29999999329447746
57718,42.58,5.34,0.29999999329447746
57719,42.58,5.355,0.30999999307096004
57720,42.58,5.37,0.30999999307096004
57721,42.58,5.385,0.30999999307096004
57722,42.58,5.4,0.30999999307096004
57723,42.58,5.415,0.29999999329447746
57724,42.58,5.43,0.2899999935179949
57725,42.58,5.445,0.2799999937415123
57726,42.58,5.46,0.2699999939650297
57727,42.58,5.475,0.2699999939650297
57728,42.58,5.49,0.25999999418854713
58013,42.59,3.51,0.11999999731779099
58014,42.59,3.525,0.1099999975413084
58015,42.59,3.54,0.14999999664723873
58016,42.59,3.555,0.1599999964237213
58017,42.59,3.57,0.18999999575316906
58018,42.59,3.585,0.18999999575316906
58019,42.59,3.6,0.29999999329447746
58020,42.59,3.615,0.3899999912828207
58021,42.59,3.63,0.3899999912828207
58022,42.59,3.645,0.3799999915063381
58023,42.59,3.66,0.3899999912828207
58024,42.59,3.675,0.3799999915063381
58025,42.59,3.69,0.3199999928474426
58026,42.59,3.705,0.30999999307096004
58027,42.59,3.72,0.30999999307096004
58028,42.59,3.735,0.2299999948590994
58029,42.59,3.75,0.20999999530613422
58030,42.59,3.765,0.17999999597668648
58031,42.59,3.78,0.18999999575316906
58032,42.59,3.795,0.17999999597668648
58033,42.59,3.81,0.1699999962002039
58034,42.59,3.825,0.1599999964237213
58035,42.59,3.84,0.1699999962002039
58036,42.59,3.855,0.1699999962002039
58037,42.59,3.87,0.17999999597668648
58038,42.59,3.885,0.17999999597668648
58039,42.59,3.9,0.1699999962002039
58040,42.59,3.915,0.1699999962002039
58041,42.59,3.93,0.1699999962002039
58042,42.59,3.945,0.1599999964237213
58043,42.59,3.96,0.1599999964237213
58044,42.59,3.975,0.17999999597668648
58045,42.59,3.99,0.19999999552965164
58046,42.59,4.005,0.19999999552965164
58047,42.59,4.02,0.20999999530613422
58048,42.59,4.035,0.2299999948590994
58049,42.59,4.05,0.24999999441206455
58050,42.59,4.065,0.2799999937415123
58051,42.59,4.08,0.30999999307096004
58052,42.59,4.095,0.3299999926239252
58053,42.59,4.11,0.3299999926239252
58054,42.59,4.125,0.3199999928474426
58055,42.59,4.14,0.30999999307096004
58056,42.59,4.155,0.29999999329447746
58057,42.59,4.17,0.2799999937415123
58058,42.59,4.185,0.2699999939650297
58059,42.59,4.2,0.2699999939650297
58060,42.59,4.215,0.2699999939650297
58061,42.59,4.23,0.2699999939650297
58062,42.59,4.245,0.2699999939650297
58063,42.59,4.26,0.2699999939650297
58064,42.59,4.275,0.2799999937415123
58065,42.59,4.29,0.2899999935179949
58066,42.59,4.305,0.2699999939650297
58067,42.59,4.32,0.2699999939650297
58068,42.59,4.335,0.2699999939650297
58069,42.59,4.35,0.25999999418854713
58070,42.59,4.365,0.25999999418854713
58071,42.59,4.38,0.25999999418854713
58072,42.59,4.395,0.25999999418854713
58073,42.59,4.41,0.2699999939650297
58074,42.59,4.425,0.25999999418854713
58075,42.59,4.44,0.2199999950826168
58076,42.59,4.455,0.23999999463558197
58077,42.59,4.47,0.2299999948590994
58078,42.59,4.485,0.2199999950826168
58079,42.59,4.5,0.2199999950826168
58080,42.59,4.515,0.20999999530613422
58081,42.59,4.53,0.2199999950826168
58082,42.59,4.545,0.2199999950826168
58083,42.59,4.56,0.2199999950826168
58084,42.59,4.575,0.2199999950826168
58085,42.59,4.59,0.20999999530613422
58086,42.59,4.605,0.20999999530613422
58087,42.59,4.62,0.19999999552965164
58088,42.59,4.635,0.20999999530613422
58089,42.59,4.65,0.20999999530613422
58090,42.59,4.665,0.2299999948590994
58091,42.59,4.68,0.2299999948590994
58092,42.59,4.695,0.23999999463558197
58093,42.59,4.71,0.24999999441206455
58094,42.59,4.725,0.25999999418854713
58095,42.59,4.74,0.25999999418854713
58096,42.59,4.755,0.24999999441206455
58097,42.59,4.77,0.24999999441206455
58098,42.59,4.785,0.24999999441206455
58099,42.59,4.8,0.24999999441206455
58100,42.59,4.815,0.24999999441206455
58101,42.59,4.83,0.23999999463558197
58102,42.59,4.845,0.24999999441206455
58103,42.59,4.86,0.24999999441206455
58104,42.59,4.875,0.2699999939650297
58105,42.59,4.89,0.25999999418854713
58106,42.59,4.905,0.25999999418854713
58107,42.59,4.92,0.24999999441206455
58108,42.59,4.935,0.25999999418854713
58109,42.59,4.95,0.24999999441206455
58110,42.59,4.965,0.25999999418854713
58111,42.59,4.98,0.25999999418854713
58112,42.59,4.995,0.2799999937415123
58113,42.59,5.01,0.2799999937415123
58114,42.59,5.025,0.2899999935179949
58115,42.59,5.04,0.2899999935179949
58116,42.59,5.055,0.2899999935179949
58117,42.59,5.07,0.2899999935179949
58118,42.59,5.085,0.2899999935179949
58119,42.59,5.1,0.2799999937415123
58120,42.59,5.115,0.2799999937415123
58121,42.59,5.13,0.2699999939650297
58122,42.59,5.145,0.25999999418854713
58123,42.59,5.16,0.25999999418854713
58124,42.59,5.175,0.25999999418854713
58125,42.59,5.19,0.2699999939650297
58126,42.59,5.205,0.25999999418854713
58127,42.59,5.22,0.2699999939650297
58128,42.59,5.235,0.25999999418854713
58129,42.59,5.25,0.25999999418854713
58130,42.59,5.265,0.2799999937415123
58131,42.59,5.28,0.2799999937415123
58132,42.59,5.295,0.2899999935179949
58133,42.59,5.31,0.29999999329447746
58134,42.59,5.325,0.29999999329447746
58135,42.59,5.34,0.29999999329447746
58136,42.59,5.355,0.29999999329447746
58137,42.59,5.37,0.29999999329447746
58138,42.59,5.385,0.29999999329447746
58139,42.59,5.4,0.29999999329447746
58140,42.59,5.415,0.29999999329447746
58141,42.59,5.43,0.2799999937415123
58142,42.59,5.445,0.2699999939650297
58143,42.59,5.46,0.25999999418854713
58144,42.59,5.475,0.25999999418854713
58145,42.59,5.49,0.25999999418854713
58430,42.6,3.51,0.12999999709427357
58431,42.6,3.525,0.09999999776482582
58432,42.6,3.54,0.12999999709427357
58433,42.6,3.555,0.13999999687075615
58434,42.6,3.57,0.08999999798834324
58435,42.6,3.585,0.13999999687075615
58436,42.6,3.6,0.2299999948590994
58437,42.6,3.615,0.24999999441206455
58438,42.6,3.63,0.24999999441206455
58439,42.6,3.645,0.2799999937415123
58440,42.6,3.66,0.3799999915063381
58441,42.6,3.675,0.3199999928474426
58442,42.6,3.69,0.2899999935179949
58443,42.6,3.705,0.2799999937415123
58444,42.6,3.72,0.2799999937415123
58445,42.6,3.735,0.24999999441206455
58446,42.6,3.75,0.2299999948590994
58447,42.6,3.765,0.17999999597668648
58448,42.6,3.78,0.18999999575316906
58449,42.6,3.795,0.1599999964237213
58450,42.6,3.81,0.1599999964237213
58451,42.6,3.825,0.1599999964237213
58452,42.6,3.84,0.1699999962002039
58453,42.6,3.855,0.17999999597668648
58454,42.6,3.87,0.17999999597668648
58455,42.6,3.885,0.17999999597668648
58456,42.6,3.9,0.1699999962002039
58457,42.6,3.915,0.1699999962002039
58458,42.6,3.93,0.1599999964237213
58459,42.6,3.945,0.1599999964237213
58460,42.6,3.96,0.1699999962002039
58461,42.6,3.975,0.1699999962002039
58462,42.6,3.99,0.17999999597668648
58463,42.6,4.005,0.18999999575316906
58464,42.6,4.02,0.18999999575316906
58465,42.6,4.035,0.20999999530613422
58466,42.6,4.05,0.2299999948590994
58467,42.6,4.065,0.24999999441206455
58468,42.6,4.08,0.2899999935179949
58469,42.6,4.095,0.29999999329447746
58470,42.6,4.11,0.3199999928474426
58471,42.6,4.125,0.3199999928474426
58472,42.6,4.14,0.29999999329447746
58473,42.6,4.155,0.2899999935179949
58474,42.6,4.17,0.2699999939650297
58475,42.6,4.185,0.25999999418854713
58476,42.6,4.2,0.25999999418854713
58477,42.6,4.215,0.24999999441206455
58478,42.6,4.23,0.25999999418854713
58479,42.6,4.245,0.24999999441206455
58480,42.6,4.26,0.2799999937415123
58481,42.6,4.275,0.2799999937415123
58482,42.6,4.29,0.2899999935179949
58483,42.6,4.305,0.2799999937415123
58484,42.6,4.32,0.2699999939650297
58485,42.6,4.335,0.2699999939650297
58486,42.6,4.35,0.2799999937415123
58487,42.6,4.365,0.2799999937415123
58488,42.6,4.38,0.2699999939650297
58489,42.6,4.395,0.2699999939650297
58490,42.6,4.41,0.2799999937415123
58491,42.6,4.425,0.25999999418854713
58492,42.6,4.44,0.2299999948590994
58493,42.6,4.455,0.23999999463558197
58494,42.6,4.47,0.2299999948590994
58495,42.6,4.485,0.2199999950826168
58496,42.6,4.5,0.2199999950826168
58497,42.6,4.515,0.20999999530613422
58498,42.6,4.53,0.2199999950826168
58499,42.6,4.545,0.2199999950826168
58500,42.6,4.56,0.2299999948590994
58501,42.6,4.575,0.2199999950826168
58502,42.6,4.59,0.20999999530613422
58503,42.6,4.605,0.20999999530613422
58504,42.6,4.62,0.19999999552965164
58505,42.6,4.635,0.19999999552965164
58506,42.6,4.65,0.20999999530613422
58507,42.6,4.665,0.2199999950826168
58508,42.6,4.68,0.2299999948590994
58509,42.6,4.695,0.23999999463558197
58510,42.6,4.71,0.24999999441206455
58511,42.6,4.725,0.24999999441206455
58512,42.6,4.74,0.24999999441206455
58513,42.6,4.755,0.23999999463558197
58514,42.6,4.77,0.24999999441206455
58515,42.6,4.785,0.23999999463558197
58516,42.6,4.8,0.24999999441206455
58517,42.6,4.815,0.24999999441206455
58518,42.6,4.83,0.23999999463558197
58519,42.6,4.845,0.24999999441206455
58520,42.6,4.86,0.24999999441206455
58521,42.6,4.875,0.25999999418854713
58522,42.6,4.89,0.25999999418854713
58523,42.6,4.905,0.25999999418854713
58524,42.6,4.92,0.25999999418854713
58525,42.6,4.935,0.25999999418854713
58526,42.6,4.95,0.24999999441206455
58527,42.6,4.965,0.2699999939650297
58528,42.6,4.98,0.25999999418854713
58529,42.6,4.995,0.2699999939650297
58530,42.6,5.01,0.2799999937415123
58531,42.6,5.025,0.2899999935179949
58532,42.6,5.04,0.2899999935179949
58533,42.6,5.055,0.29999999329447746
58534,42.6,5.07,0.29999999329447746
58535,42.6,5.085,0.2899999935179949
58536,42.6,5.1,0.2899999935179949
58537,42.6,5.115,0.2799999937415123
58538,42.6,5.13,0.2699999939650297
58539,42.6,5.145,0.2699999939650297
58540,42.6,5.16,0.25999999418854713
58541,42.6,5.175,0.2699999939650297
58542,42.6,5.19,0.2699999939650297
58543,42.6,5.205,0.2799999937415123
58544,42.6,5.22,0.2699999939650297
58545,42.6,5.235,0.2699999939650297
58546,42.6,5.25,0.2699999939650297
58547,42.6,5.265,0.2799999937415123
58548,42.6,5.28,0.2799999937415123
58549,42.6,5.295,0.2899999935179949
58550,42.6,5.31,0.2899999935179949
58551,42.6,5.325,0.2899999935179949
58552,42.6,5.34,0.2899999935179949
58553,42.6,5.355,0.2899999935179949
58554,42.6,5.37,0.29999999329447746
58555,42.6,5.385,0.29999999329447746
58556,42.6,5.4,0.29999999329447746
58557,42.6,5.415,0.2899999935179949
58558,42.6,5.43,0.2799999937415123
58559,42.6,5.445,0.2699999939650297
58560,42.6,5.46,0.25999999418854713
58561,42.6,5.475,0.25999999418854713
58562,42.6,5.49,0.24999999441206455
58847,42.61,3.51,0.12999999709427357
58848,42.61,3.525,0.1099999975413084
58849,42.61,3.54,0.09999999776482582
58850,42.61,3.555,0.13999999687075615
58851,42.61,3.57,0.13999999687075615
58852,42.61,3.585,0.13999999687075615
58853,42.61,3.6,0.19999999552965164
58854,42.61,3.615,0.2199999950826168
58855,42.61,3.63,0.2199999950826168
58856,42.61,3.645,0.24999999441206455
58857,42.61,3.66,0.30999999307096004
58858,42.61,3.675,0.2899999935179949
58859,42.61,3.69,0.2699999939650297
58860,42.61,3.705,0.2699999939650297
58861,42.61,3.72,0.25999999418854713
58862,42.61,3.735,0.25999999418854713
58863,42.61,3.75,0.23999999463558197
58864,42.61,3.765,0.20999999530613422
58865,42.61,3.78,0.1599999964237213
58866,42.61,3.795,0.1599999964237213
58867,42.61,3.81,0.1699999962002039
58868,42.61,3.825,0.1699999962002039
58869,42.61,3.84,0.17999999597668648
58870,42.61,3.855,0.18999999575316906
58871,42.61,3.87,0.18999999575316906
58872,42.61,3.885,0.18999999575316906
58873,42.61,3.9,0.17999999597668648
58874,42.61,3.915,0.1699999962002039
58875,42.61,3.93,0.1699999962002039
58876,42.61,3.945,0.1699999962002039
58877,42.61,3.96,0.1599999964237213
58878,42.61,3.975,0.1599999964237213
58879,42.61,3.99,0.1699999962002039
58880,42.61,4.005,0.17999999597668648
58881,42.61,4.02,0.18999999575316906
58882,42.61,4.035,0.19999999552965164
58883,42.61,4.05,0.20999999530613422
58884,42.61,4.065,0.2299999948590994
58885,42.61,4.08,0.24999999441206455
58886,42.61,4.095,0.2799999937415123
58887,42.61,4.11,0.30999999307096004
58888,42.61,4.125,0.3199999928474426
58889,42.61,4.14,0.30999999307096004
58890,42.61,4.155,0.2899999935179949
58891,42.61,4.17,0.2699999939650297
58892,42.61,4.185,0.25999999418854713
58893,42.61,4.2,0.25999999418854713
58894,42.61,4.215,0.24999999441206455
58895,42.61,4.23,0.24999999441206455
58896,42.61,4.245,0.25999999418854713
58897,42.61,4.26,0.2699999939650297
58898,42.61,4.275,0.2899999935179949
58899,42.61,4.29,0.2899999935179949
58900,42.61,4.305,0.29999999329447746
58901,42.61,4.32,0.2799999937415123
58902,42.61,4.335,0.2799999937415123
58903,42.61,4.35,0.2799999937415123
58904,42.61,4.365,0.2899999935179949
58905,42.61,4.38,0.2899999935179949
58906,42.61,4.395,0.2699999939650297
58907,42.61,4.41,0.2799999937415123
58908,42.61,4.425,0.23999999463558197
58909,42.61,4.44,0.2799999937415123
58910,42.61,4.455,0.23999999463558197
58911,42.61,4.47,0.2199999950826168
58912,42.61,4.485,0.20999999530613422
58913,42.61,4.5,0.20999999530613422
58914,42.61,4.515,0.20999999530613422
58915,42.61,4.53,0.2299999948590994
58916,42.61,4.545,0.2299999948590994
58917,42.61,4.56,0.2199999950826168
58918,42.61,4.575,0.2199999950826168
58919,42.61,4.59,0.2199999950826168
58920,42.61,4.605,0.2199999950826168
58921,42.61,4.62,0.20999999530613422
58922,42.61,4.635,0.2299999948590994
58923,42.61,4.65,0.2199999950826168
58924,42.61,4.665,0.2299999948590994
58925,42.61,4.68,0.23999999463558197
58926,42.61,4.695,0.23999999463558197
58927,42.61,4.71,0.23999999463558197
58928,42.61,4.725,0.23999999463558197
58929,42.61,4.74,0.23999999463558197
58930,42.61,4.755,0.23999999463558197
58931,42.61,4.77,0.23999999463558197
58932,42.61,4.785,0.23999999463558197
58933,42.61,4.8,0.24999999441206455
58934,42.61,4.815,0.24999999441206455
58935,42.61,4.83,0.24999999441206455
58936,42.61,4.845,0.24999999441206455
58937,42.61,4.86,0.24999999441206455
58938,42.61,4.875,0.25999999418854713
58939,42.61,4.89,0.2699999939650297
58940,42.61,4.905,0.2699999939650297
58941,42.61,4.92,0.25999999418854713
58942,42.61,4.935,0.25999999418854713
58943,42.61,4.95,0.25999999418854713
58944,42.61,4.965,0.25999999418854713
58945,42.61,4.98,0.2699999939650297
58946,42.61,4.995,0.2699999939650297
58947,42.61,5.01,0.2799999937415123
58948,42.61,5.025,0.2899999935179949
58949,42.61,5.04,0.2899999935179949
58950,42.61,5.055,0.2899999935179949
58951,42.61,5.07,0.29999999329447746
58952,42.61,5.085,0.29999999329447746
58953,42.61,5.1,0.2899999935179949
58954,42.61,5.115,0.2799999937415123
58955,42.61,5.13,0.2799999937415123
58956,42.61,5.145,0.2699999939650297
58957,42.61,5.16,0.2699999939650297
58958,42.61,5.175,0.2699999939650297
58959,42.61,5.19,0.25999999418854713
58960,42.61,5.205,0.25999999418854713
58961,42.61,5.22,0.2699999939650297
58962,42.61,5.235,0.2799999937415123
58963,42.61,5.25,0.2899999935179949
58964,42.61,5.265,0.2899999935179949
58965,42.61,5.28,0.2899999935179949
58966,42.61,5.295,0.2899999935179949
58967,42.61,5.31,0.2899999935179949
58968,42.61,5.325,0.2899999935179949
58969,42.61,5.34,0.2799999937415123
58970,42.61,5.355,0.2899999935179949
58971,42.61,5.37,0.2899999935179949
58972,42.61,5.385,0.2899999935179949
58973,42.61,5.4,0.29999999329447746
58974,42.61,5.415,0.2899999935179949
58975,42.61,5.43,0.2799999937415123
58976,42.61,5.445,0.2699999939650297
58977,42.61,5.46,0.25999999418854713
58978,42.61,5.475,0.24999999441206455
58979,42.61,5.49,0.24999999441206455
59264,42.62,3.51,0.11999999731779099
59265,42.62,3.525,0.12999999709427357
59266,42.62,3.54,0.1099999975413084
59267,42.62,3.555,0.09999999776482582
59268,42.62,3.57,0.09999999776482582
59269,42.62,3.585,0.12999999709427357
59270,42.62,3.6,0.17999999597668648
59271,42.62,3.615,0.20999999530613422
59272,42.62,3.63,0.19999999552965164
59273,42.62,3.645,0.20999999530613422
59274,42.62,3.66,0.2199999950826168
59275,42.62,3.675,0.2199999950826168
59276,42.62,3.69,0.2299999948590994
59277,42.62,3.705,0.2199999950826168
59278,42.62,3.72,0.25999999418854713
59279,42.62,3.735,0.24999999441206455
59280,42.62,3.75,0.2199999950826168
59281,42.62,3.765,0.1599999964237213
59282,42.62,3.78,0.1599999964237213
59283,42.62,3.795,0.1599999964237213
59284,42.62,3.81,0.1599999964237213
59285,42.62,3.825,0.1699999962002039
59286,42.62,3.84,0.18999999575316906
59287,42.62,3.855,0.18999999575316906
59288,42.62,3.87,0.19999999552965164
59289,42.62,3.885,0.19999999552965164
59290,42.62,3.9,0.18999999575316906
59291,42.62,3.915,0.17999999597668648
59292,42.62,3.93,0.17999999597668648
59293,42.62,3.945,0.1699999962002039
59294,42.62,3.96,0.1699999962002039
59295,42.62,3.975,0.1599999964237213
59296,42.62,3.99,0.1699999962002039
59297,42.62,4.005,0.17999999597668648
59298,42.62,4.02,0.18999999575316906
59299,42.62,4.035,0.18999999575316906
59300,42.62,4.05,0.19999999552965164
59301,42.62,4.065,0.2199999950826168
59302,42.62,4.08,0.23999999463558197
59303,42.62,4.095,0.2699999939650297
59304,42.62,4.11,0.29999999329447746
59305,42.62,4.125,0.29999999329447746
59306,42.62,4.14,0.30999999307096004
59307,42.62,4.155,0.2699999939650297
59308,42.62,4.17,0.2699999939650297
59309,42.62,4.185,0.25999999418854713
59310,42.62,4.2,0.2699999939650297
59311,42.62,4.215,0.24999999441206455
59312,42.62,4.23,0.25999999418854713
59313,42.62,4.245,0.25999999418854713
59314,42.62,4.26,0.2699999939650297
59315,42.62,4.275,0.2799999937415123
59316,42.62,4.29,0.29999999329447746
59317,42.62,4.305,0.29999999329447746
59318,42.62,4.32,0.2899999935179949
59319,42.62,4.335,0.29999999329447746
59320,42.62,4.35,0.2899999935179949
59321,42.62,4.365,0.29999999329447746
59322,42.62,4.38,0.30999999307096004
59323,42.62,4.395,0.2699999939650297
59324,42.62,4.41,0.25999999418854713
59325,42.62,4.425,0.25999999418854713
59326,42.62,4.44,0.24999999441206455
59327,42.62,4.455,0.24999999441206455
59328,42.62,4.47,0.20999999530613422
59329,42.62,4.485,0.20999999530613422
59330,42.62,4.5,0.19999999552965164
59331,42.62,4.515,0.19999999552965164
59332,42.62,4.53,0.20999999530613422
59333,42.62,4.545,0.2199999950826168
59334,42.62,4.56,0.2199999950826168
59335,42.62,4.575,0.2199999950826168
59336,42.62,4.59,0.2199999950826168
59337,42.62,4.605,0.2199999950826168
59338,42.62,4.62,0.2199999950826168
59339,42.62,4.635,0.23999999463558197
59340,42.62,4.65,0.23999999463558197
59341,42.62,4.665,0.2299999948590994
59342,42.62,4.68,0.23999999463558197
59343,42.62,4.695,0.23999999463558197
59344,42.62,4.71,0.23999999463558197
59345,42.62,4.725,0.23999999463558197
59346,42.62,4.74,0.23999999463558197
59347,42.62,4.755,0.23999999463558197
59348,42.62,4.77,0.23999999463558197
59349,42.62,4.785,0.23999999463558197
59350,42.62,4.8,0.24999999441206455
59351,42.62,4.815,0.24999999441206455
59352,42.62,4.83,0.24999999441206455
59353,42.62,4.845,0.24999999441206455
59354,42.62,4.86,0.24999999441206455
59355,42.62,4.875,0.25999999418854713
59356,42.62,4.89,0.25999999418854713
59357,42.62,4.905,0.25999999418854713
59358,42.62,4.92,0.2699999939650297
59359,42.62,4.935,0.25999999418854713
59360,42.62,4.95,0.25999999418854713
59361,42.62,4.965,0.2699999939650297
59362,42.62,4.98,0.2699999939650297
59363,42.62,4.995,0.2699999939650297
59364,42.62,5.01,0.2699999939650297
59365,42.62,5.025,0.2799999937415123
59366,42.62,5.04,0.2799999937415123
59367,42.62,5.055,0.2799999937415123
59368,42.62,5.07,0.29999999329447746
59369,42.62,5.085,0.29999999329447746
59370,42.62,5.1,0.29999999329447746
59371,42.62,5.115,0.2899999935179949
59372,42.62,5.13,0.2799999937415123
59373,42.62,5.145,0.2799999937415123
59374,42.62,5.16,0.2799999937415123
59375,42.62,5.175,0.2699999939650297
59376,42.62,5.19,0.2699999939650297
59377,42.62,5.205,0.2699999939650297
59378,42.62,5.22,0.2799999937415123
59379,42.62,5.235,0.2899999935179949
59380,42.62,5.25,0.2899999935179949
59381,42.62,5.265,0.2899999935179949
59382,42.62,5.28,0.2899999935179949
59383,42.62,5.295,0.2899999935179949
59384,42.62,5.31,0.2899999935179949
59385,42.62,5.325,0.2899999935179949
59386,42.62,5.34,0.2799999937415123
59387,42.62,5.355,0.2899999935179949
59388,42.62,5.37,0.2799999937415123
59389,42.62,5.385,0.2799999937415123
59390,42.62,5.4,0.2899999935179949
59391,42.62,5.415,0.2899999935179949
59392,42.62,5.43,0.2699999939650297
59393,42.62,5.445,0.25999999418854713
59394,42.62,5.46,0.24999999441206455
59395,42.62,5.475,0.24999999441206455
59396,42.62,5.49,0.23999999463558197
59681,42.63,3.51,0.13999999687075615
59682,42.63,3.525,0.12999999709427357
59683,42.63,3.54,0.11999999731779099
59684,42.63,3.555,0.1099999975413084
59685,42.63,3.57,0.1099999975413084
59686,42.63,3.585,0.11999999731779099
59687,42.63,3.6,0.1099999975413084
59688,42.63,3.615,0.13999999687075615
59689,42.63,3.63,0.14999999664723873
59690,42.63,3.645,0.1699999962002039
59691,42.63,3.66,0.17999999597668648
59692,42.63,3.675,0.19999999552965164
59693,42.63,3.69,0.20999999530613422
59694,42.63,3.705,0.1599999964237213
59695,42.63,3.72,0.1599999964237213
59696,42.63,3.735,0.14999999664723873
59697,42.63,3.75,0.1599999964237213
59698,42.63,3.765,0.1699999962002039
59699,42.63,3.78,0.1599999964237213
59700,42.63,3.795,0.1699999962002039
59701,42.63,3.81,0.1699999962002039
59702,42.63,3.825,0.1699999962002039
59703,42.63,3.84,0.18999999575316906
59704,42.63,3.855,0.19999999552965164
59705,42.63,3.87,0.20999999530613422
59706,42.63,3.885,0.20999999530613422
59707,42.63,3.9,0.20999999530613422
59708,42.63,3.915,0.19999999552965164
59709,42.63,3.93,0.17999999597668648
59710,42.63,3.945,0.17999999597668648
59711,42.63,3.96,0.1699999962002039
59712,42.63,3.975,0.1599999964237213
59713,42.63,3.99,0.1599999964237213
59714,42.63,4.005,0.17999999597668648
59715,42.63,4.02,0.19999999552965164
59716,42.63,4.035,0.19999999552965164
59717,42.63,4.05,0.19999999552965164
59718,42.63,4.065,0.2299999948590994
59719,42.63,4.08,0.23999999463558197
59720,42.63,4.095,0.2699999939650297
59721,42.63,4.11,0.2899999935179949
59722,42.63,4.125,0.30999999307096004
59723,42.63,4.14,0.29999999329447746
59724,42.63,4.155,0.2799999937415123
59725,42.63,4.17,0.2699999939650297
59726,42.63,4.185,0.2699999939650297
59727,42.63,4.2,0.24999999441206455
59728,42.63,4.215,0.24999999441206455
59729,42.63,4.23,0.2799999937415123
59730,42.63,4.245,0.2699999939650297
59731,42.63,4.26,0.2799999937415123
59732,42.63,4.275,0.2799999937415123
59733,42.63,4.29,0.29999999329447746
59734,42.63,4.305,0.29999999329447746
59735,42.63,4.32,0.30999999307096004
59736,42.63,4.335,0.3399999924004078
59737,42.63,4.35,0.29999999329447746
59738,42.63,4.365,0.30999999307096004
59739,42.63,4.38,0.2799999937415123
59740,42.63,4.395,0.2799999937415123
59741,42.63,4.41,0.25999999418854713
59742,42.63,4.425,0.25999999418854713
59743,42.63,4.44,0.24999999441206455
59744,42.63,4.455,0.23999999463558197
59745,42.63,4.47,0.2199999950826168
59746,42.63,4.485,0.19999999552965164
59747,42.63,4.5,0.18999999575316906
59748,42.63,4.515,0.18999999575316906
59749,42.63,4.53,0.19999999552965164
59750,42.63,4.545,0.20999999530613422
59751,42.63,4.56,0.2199999950826168
59752,42.63,4.575,0.19999999552965164
59753,42.63,4.59,0.2199999950826168
59754,42.63,4.605,0.2199999950826168
59755,42.63,4.62,0.2299999948590994
59756,42.63,4.635,0.23999999463558197
59757,42.63,4.65,0.23999999463558197
59758,42.63,4.665,0.2299999948590994
59759,42.63,4.68,0.23999999463558197
59760,42.63,4.695,0.2299999948590994
59761,42.63,4.71,0.23999999463558197
59762,42.63,4.725,0.23999999463558197
59763,42.63,4.74,0.23999999463558197
59764,42.63,4.755,0.24999999441206455
59765,42.63,4.77,0.23999999463558197
59766,42.63,4.785,0.23999999463558197
59767,42.63,4.8,0.24999999441206455
59768,42.63,4.815,0.24999999441206455
59769,42.63,4.83,0.23999999463558197
59770,42.63,4.845,0.24999999441206455
59771,42.63,4.86,0.24999999441206455
59772,42.63,4.875,0.25999999418854713
59773,42.63,4.89,0.2699999939650297
59774,42.63,4.905,0.25999999418854713
59775,42.63,4.92,0.25999999418854713
59776,42.63,4.935,0.25999999418854713
59777,42.63,4.95,0.2699999939650297
59778,42.63,4.965,0.24999999441206455
59779,42.63,4.98,0.25999999418854713
59780,42.63,4.995,0.25999999418854713
59781,42.63,5.01,0.2699999939650297
59782,42.63,5.025,0.2799999937415123
59783,42.63,5.04,0.2799999937415123
59784,42.63,5.055,0.2799999937415123
59785,42.63,5.07,0.2899999935179949
59786,42.63,5.085,0.29999999329447746
59787,42.63,5.1,0.29999999329447746
59788,42.63,5.115,0.29999999329447746
59789,42.63,5.13,0.2899999935179949
59790,42.63,5.145,0.2899999935179949
59791,42.63,5.16,0.2699999939650297
59792,42.63,5.175,0.25999999418854713
59793,42.63,5.19,0.2699999939650297
59794,42.63,5.205,0.2799999937415123
59795,42.63,5.22,0.2799999937415123
59796,42.63,5.235,0.2899999935179949
59797,42.63,5.25,0.29999999329447746
59798,42.63,5.265,0.29999999329447746
59799,42.63,5.28,0.29999999329447746
59800,42.63,5.295,0.2899999935179949
59801,42.63,5.31,0.2799999937415123
59802,42.63,5.325,0.2799999937415123
59803,42.63,5.34,0.2799999937415123
59804,42.63,5.355,0.2799999937415123
59805,42.63,5.37,0.2799999937415123
59806,42.63,5.385,0.2799999937415123
59807,42.63,5.4,0.2799999937415123
59808,42.63,5.415,0.2699999939650297
59809,42.63,5.43,0.2699999939650297
59810,42.63,5.445,0.25999999418854713
59811,42.63,5.46,0.24999999441206455
59812,42.63,5.475,0.24999999441206455
59813,42.63,5.49,0.2299999948590994
60098,42.64,3.51,0.13999999687075615
60099,42.64,3.525,0.14999999664723873
60100,42.64,3.54,0.13999999687075615
60101,42.64,3.555,0.12999999709427357
60102,42.64,3.57,0.12999999709427357
60103,42.64,3.585,0.12999999709427357
60104,42.64,3.6,0.11999999731779099
60105,42.64,3.615,0.1099999975413084
60106,42.64,3.63,0.12999999709427357
60107,42.64,3.645,0.12999999709427357
60108,42.64,3.66,0.1599999964237213
60109,42.64,3.675,0.14999999664723873
60110,42.64,3.69,0.13999999687075615
60111,42.64,3.705,0.13999999687075615
60112,42.64,3.72,0.14999999664723873
60113,42.64,3.735,0.1599999964237213
60114,42.64,3.75,0.1599999964237213
60115,42.64,3.765,0.1699999962002039
60116,42.64,3.78,0.1599999964237213
60117,42.64,3.795,0.1699999962002039
60118,42.64,3.81,0.1699999962002039
60119,42.64,3.825,0.17999999597668648
60120,42.64,3.84,0.18999999575316906
60121,42.64,3.855,0.19999999552965164
60122,42.64,3.87,0.20999999530613422
60123,42.64,3.885,0.2299999948590994
60124,42.64,3.9,0.2299999948590994
60125,42.64,3.915,0.20999999530613422
60126,42.64,3.93,0.18999999575316906
60127,42.64,3.945,0.17999999597668648
60128,42.64,3.96,0.17999999597668648
60129,42.64,3.975,0.1699999962002039
60130,42.64,3.99,0.17999999597668648
60131,42.64,4.005,0.18999999575316906
60132,42.64,4.02,0.19999999552965164
60133,42.64,4.035,0.19999999552965164
60134,42.64,4.05,0.20999999530613422
60135,42.64,4.065,0.2199999950826168
60136,42.64,4.08,0.23999999463558197
60137,42.64,4.095,0.2699999939650297
60138,42.64,4.11,0.2799999937415123
60139,42.64,4.125,0.2899999935179949
60140,42.64,4.14,0.2799999937415123
60141,42.64,4.155,0.2799999937415123
60142,42.64,4.17,0.2699999939650297
60143,42.64,4.185,0.24999999441206455
60144,42.64,4.2,0.24999999441206455
60145,42.64,4.215,0.2299999948590994
60146,42.64,4.23,0.25999999418854713
60147,42.64,4.245,0.29999999329447746
60148,42.64,4.26,0.2799999937415123
60149,42.64,4.275,0.2899999935179949
60150,42.64,4.29,0.29999999329447746
60151,42.64,4.305,0.30999999307096004
60152,42.64,4.32,0.30999999307096004
60153,42.64,4.335,0.3399999924004078
60154,42.64,4.35,0.30999999307096004
60155,42.64,4.365,0.30999999307096004
60156,42.64,4.38,0.2899999935179949
60157,42.64,4.395,0.2799999937415123
60158,42.64,4.41,0.2699999939650297
60159,42.64,4.425,0.24999999441206455
60160,42.64,4.44,0.25999999418854713
60161,42.64,4.455,0.2299999948590994
60162,42.64,4.47,0.20999999530613422
60163,42.64,4.485,0.2199999950826168
60164,42.64,4.5,0.18999999575316906
60165,42.64,4.515,0.18999999575316906
60166,42.64,4.53,0.18999999575316906
60167,42.64,4.545,0.20999999530613422
60168,42.64,4.56,0.20999999530613422
60169,42.64,4.575,0.20999999530613422
60170,42.64,4.59,0.19999999552965164
60171,42.64,4.605,0.2199999950826168
60172,42.64,4.62,0.2299999948590994
60173,42.64,4.635,0.23999999463558197
60174,42.64,4.65,0.2299999948590994
60175,42.64,4.665,0.23999999463558197
60176,42.64,4.68,0.2299999948590994
60177,42.64,4.695,0.2299999948590994
60178,42.64,4.71,0.2299999948590994
60179,42.64,4.725,0.23999999463558197
60180,42.64,4.74,0.23999999463558197
60181,42.64,4.755,0.24999999441206455
60182,42.64,4.77,0.23999999463558197
60183,42.64,4.785,0.24999999441206455
60184,42.64,4.8,0.24999999441206455
60185,42.64,4.815,0.23999999463558197
60186,42.64,4.83,0.23999999463558197
60187,42.64,4.845,0.24999999441206455
60188,42.64,4.86,0.24999999441206455
60189,42.64,4.875,0.24999999441206455
60190,42.64,4.89,0.25999999418854713
60191,42.64,4.905,0.25999999418854713
60192,42.64,4.92,0.2699999939650297
60193,42.64,4.935,0.25999999418854713
60194,42.64,4.95,0.25999999418854713
60195,42.64,4.965,0.25999999418854713
60196,42.64,4.98,0.25999999418854713
60197,42.64,4.995,0.2699999939650297
60198,42.64,5.01,0.2699999939650297
60199,42.64,5.025,0.2799999937415123
60200,42.64,5.04,0.2799999937415123
60201,42.64,5.055,0.2799999937415123
60202,42.64,5.07,0.2899999935179949
60203,42.64,5.085,0.29999999329447746
60204,42.64,5.1,0.2899999935179949
60205,42.64,5.115,0.29999999329447746
60206,42.64,5.13,0.29999999329447746
60207,42.64,5.145,0.2899999935179949
60208,42.64,5.16,0.2899999935179949
60209,42.64,5.175,0.2699999939650297
60210,42.64,5.19,0.2699999939650297
60211,42.64,5.205,0.2799999937415123
60212,42.64,5.22,0.2799999937415123
60213,42.64,5.235,0.2899999935179949
60214,42.64,5.25,0.2899999935179949
60215,42.64,5.265,0.29999999329447746
60216,42.64,5.28,0.29999999329447746
60217,42.64,5.295,0.2899999935179949
60218,42.64,5.31,0.2899999935179949
60219,42.64,5.325,0.2799999937415123
60220,42.64,5.34,0.2799999937415123
60221,42.64,5.355,0.2799999937415123
60222,42.64,5.37,0.2799999937415123
60223,42.64,5.385,0.2799999937415123
60224,42.64,5.4,0.2799999937415123
60225,42.64,5.415,0.2699999939650297
60226,42.64,5.43,0.2699999939650297
60227,42.64,5.445,0.25999999418854713
60228,42.64,5.46,0.24999999441206455
60229,42.64,5.475,0.24999999441206455
60230,42.64,5.49,0.2299999948590994
60515,42.65,3.51,0.1599999964237213
60516,42.65,3.525,0.1599999964237213
60517,42.65,3.54,0.1599999964237213
60518,42.65,3.555,0.14999999664723873
60519,42.65,3.57,0.13999999687075615
60520,42.65,3.585,0.13999999687075615
60521,42.65,3.6,0.12999999709427357
60522,42.65,3.615,0.13999999687075615
60523,42.65,3.63,0.12999999709427357
60524,42.65,3.645,0.13999999687075615
60525,42.65,3.66,0.13999999687075615
60526,42.65,3.675,0.14999999664723873
60527,42.65,3.69,0.14999999664723873
60528,42.65,3.705,0.14999999664723873
60529,42.65,3.72,0.14999999664723873
60530,42.65,3.735,0.1599999964237213
60531,42.65,3.75,0.1699999962002039
60532,42.65,3.765,0.1599999964237213
60533,42.65,3.78,0.1699999962002039
60534,42.65,3.795,0.1699999962002039
60535,42.65,3.81,0.17999999597668648
60536,42.65,3.825,0.17999999597668648
60537,42.65,3.84,0.19999999552965164
60538,42.65,3.855,0.19999999552965164
60539,42.65,3.87,0.2199999950826168
60540,42.65,3.885,0.2299999948590994
60541,42.65,3.9,0.2299999948590994
60542,42.65,3.915,0.2199999950826168
60543,42.65,3.93,0.19999999552965164
60544,42.65,3.945,0.19999999552965164
60545,42.65,3.96,0.18999999575316906
60546,42.65,3.975,0.1699999962002039
60547,42.65,3.99,0.17999999597668648
60548,42.65,4.005,0.18999999575316906
60549,42.65,4.02,0.2199999950826168
60550,42.65,4.035,0.20999999530613422
60551,42.65,4.05,0.2199999950826168
60552,42.65,4.065,0.2299999948590994
60553,42.65,4.08,0.23999999463558197
60554,42.65,4.095,0.24999999441206455
60555,42.65,4.11,0.2699999939650297
60556,42.65,4.125,0.2799999937415123
60557,42.65,4.14,0.2899999935179949
60558,42.65,4.155,0.2799999937415123
60559,42.65,4.17,0.24999999441206455
60560,42.65,4.185,0.25999999418854713
60561,42.65,4.2,0.23999999463558197
60562,42.65,4.215,0.2299999948590994
60563,42.65,4.23,0.24999999441206455
60564,42.65,4.245,0.2799999937415123
60565,42.65,4.26,0.2799999937415123
60566,42.65,4.275,0.30999999307096004
60567,42.65,4.29,0.3399999924004078
60568,42.65,4.305,0.3299999926239252
60569,42.65,4.32,0.3199999928474426
60570,42.65,4.335,0.3299999926239252
60571,42.65,4.35,0.2899999935179949
60572,42.65,4.365,0.29999999329447746
60573,42.65,4.38,0.2899999935179949
60574,42.65,4.395,0.2699999939650297
60575,42.65,4.41,0.25999999418854713
60576,42.65,4.425,0.24999999441206455
60577,42.65,4.44,0.23999999463558197
60578,42.65,4.455,0.2299999948590994
60579,42.65,4.47,0.20999999530613422
60580,42.65,4.485,0.2199999950826168
60581,42.65,4.5,0.18999999575316906
60582,42.65,4.515,0.18999999575316906
60583,42.65,4.53,0.18999999575316906
60584,42.65,4.545,0.18999999575316906
60585,42.65,4.56,0.19999999552965164
60586,42.65,4.575,0.20999999530613422
60587,42.65,4.59,0.20999999530613422
60588,42.65,4.605,0.20999999530613422
60589,42.65,4.62,0.2199999950826168
60590,42.65,4.635,0.23999999463558197
60591,42.65,4.65,0.24999999441206455
60592,42.65,4.665,0.24999999441206455
60593,42.65,4.68,0.23999999463558197
60594,42.65,4.695,0.23999999463558197
60595,42.65,4.71,0.23999999463558197
60596,42.65,4.725,0.23999999463558197
60597,42.65,4.74,0.23999999463558197
60598,42.65,4.755,0.23999999463558197
60599,42.65,4.77,0.24999999441206455
60600,42.65,4.785,0.23999999463558197
60601,42.65,4.8,0.23999999463558197
60602,42.65,4.815,0.24999999441206455
60603,42.65,4.83,0.23999999463558197
60604,42.65,4.845,0.23999999463558197
60605,42.65,4.86,0.24999999441206455
60606,42.65,4.875,0.25999999418854713
60607,42.65,4.89,0.24999999441206455
60608,42.65,4.905,0.25999999418854713
60609,42.65,4.92,0.2699999939650297
60610,42.65,4.935,0.2699999939650297
60611,42.65,4.95,0.2699999939650297
60612,42.65,4.965,0.25999999418854713
60613,42.65,4.98,0.2699999939650297
60614,42.65,4.995,0.2699999939650297
60615,42.65,5.01,0.2699999939650297
60616,42.65,5.025,0.2699999939650297
60617,42.65,5.04,0.2699999939650297
60618,42.65,5.055,0.2799999937415123
60619,42.65,5.07,0.2799999937415123
60620,42.65,5.085,0.2899999935179949
60621,42.65,5.1,0.2899999935179949
60622,42.65,5.115,0.2899999935179949
60623,42.65,5.13,0.29999999329447746
60624,42.65,5.145,0.29999999329447746
60625,42.65,5.16,0.2799999937415123
60626,42.65,5.175,0.2799999937415123
60627,42.65,5.19,0.2899999935179949
60628,42.65,5.205,0.2799999937415123
60629,42.65,5.22,0.2899999935179949
60630,42.65,5.235,0.2899999935179949
60631,42.65,5.25,0.2899999935179949
60632,42.65,5.265,0.29999999329447746
60633,42.65,5.28,0.2899999935179949
60634,42.65,5.295,0.2899999935179949
60635,42.65,5.31,0.2799999937415123
60636,42.65,5.325,0.2799999937415123
60637,42.65,5.34,0.2799999937415123
60638,42.65,5.355,0.2899999935179949
60639,42.65,5.37,0.2899999935179949
60640,42.65,5.385,0.2799999937415123
60641,42.65,5.4,0.2799999937415123
60642,42.65,5.415,0.2699999939650297
60643,42.65,5.43,0.2699999939650297
60644,42.65,5.445,0.2699999939650297
60645,42.65,5.46,0.25999999418854713
60646,42.65,5.475,0.24999999441206455
60647,42.65,5.49,0.24999999441206455
60932,42.66,3.51,0.1699999962002039
60933,42.66,3.525,0.1599999964237213
60934,42.66,3.54,0.1599999964237213
60935,42.66,3.555,0.1599999964237213
60936,42.66,3.57,0.1599999964237213
60937,42.66,3.585,0.1599999964237213
60938,42.66,3.6,0.14999999664723873
60939,42.66,3.615,0.13999999687075615
60940,42.66,3.63,0.13999999687075615
60941,42.66,3.645,0.14999999664723873
60942,42.66,3.66,0.13999999687075615
60943,42.66,3.675,0.14999999664723873
60944,42.66,3.69,0.14999999664723873
60945,42.66,3.705,0.14999999664723873
60946,42.66,3.72,0.1699999962002039
60947,42.66,3.735,0.1699999962002039
60948,42.66,3.75,0.1699999962002039
60949,42.66,3.765,0.1699999962002039
60950,42.66,3.78,0.17999999597668648
60951,42.66,3.795,0.17999999597668648
60952,42.66,3.81,0.18999999575316906
60953,42.66,3.825,0.18999999575316906
60954,42.66,3.84,0.19999999552965164
60955,42.66,3.855,0.19999999552965164
60956,42.66,3.87,0.20999999530613422
60957,42.66,3.885,0.2199999950826168
60958,42.66,3.9,0.2299999948590994
60959,42.66,3.915,0.2199999950826168
60960,42.66,3.93,0.20999999530613422
60961,42.66,3.945,0.19999999552965164
60962,42.66,3.96,0.18999999575316906
60963,42.66,3.975,0.19999999552965164
60964,42.66,3.99,0.19999999552965164
60965,42.66,4.005,0.19999999552965164
60966,42.66,4.02,0.20999999530613422
60967,42.66,4.035,0.20999999530613422
60968,42.66,4.05,0.2199999950826168
60969,42.66,4.065,0.2299999948590994
60970,42.66,4.08,0.23999999463558197
60971,42.66,4.095,0.24999999441206455
60972,42.66,4.11,0.2699999939650297
60973,42.66,4.125,0.2799999937415123
60974,42.66,4.14,0.2899999935179949
60975,42.66,4.155,0.2899999935179949
60976,42.66,4.17,0.25999999418854713
60977,42.66,4.185,0.25999999418854713
60978,42.66,4.2,0.23999999463558197
60979,42.66,4.215,0.23999999463558197
60980,42.66,4.23,0.25999999418854713
60981,42.66,4.245,0.2799999937415123
60982,42.66,4.26,0.2899999935179949
60983,42.66,4.275,0.30999999307096004
60984,42.66,4.29,0.3299999926239252
60985,42.66,4.305,0.3399999924004078
60986,42.66,4.32,0.3199999928474426
60987,42.66,4.335,0.3299999926239252
60988,42.66,4.35,0.30999999307096004
60989,42.66,4.365,0.29999999329447746
60990,42.66,4.38,0.29999999329447746
60991,42.66,4.395,0.2699999939650297
60992,42.66,4.41,0.24999999441206455
60993,42.66,4.425,0.23999999463558197
60994,42.66,4.44,0.2299999948590994
60995,42.66,4.455,0.23999999463558197
60996,42.66,4.47,0.20999999530613422
60997,42.66,4.485,0.2199999950826168
60998,42.66,4.5,0.20999999530613422
60999,42.66,4.515,0.19999999552965164
61000,42.66,4.53,0.18999999575316906
61001,42.66,4.545,0.18999999575316906
61002,42.66,4.56,0.18999999575316906
61003,42.66,4.575,0.19999999552965164
61004,42.66,4.59,0.19999999552965164
61005,42.66,4.605,0.20999999530613422
61006,42.66,4.62,0.23999999463558197
61007,42.66,4.635,0.23999999463558197
61008,42.66,4.65,0.24999999441206455
61009,42.66,4.665,0.23999999463558197
61010,42.66,4.68,0.23999999463558197
61011,42.66,4.695,0.23999999463558197
61012,42.66,4.71,0.23999999463558197
61013,42.66,4.725,0.2299999948590994
61014,42.66,4.74,0.23999999463558197
61015,42.66,4.755,0.23999999463558197
61016,42.66,4.77,0.23999999463558197
61017,42.66,4.785,0.23999999463558197
61018,42.66,4.8,0.23999999463558197
61019,42.66,4.815,0.23999999463558197
61020,42.66,4.83,0.2299999948590994
61021,42.66,4.845,0.23999999463558197
61022,42.66,4.86,0.23999999463558197
61023,42.66,4.875,0.25999999418854713
61024,42.66,4.89,0.24999999441206455
61025,42.66,4.905,0.24999999441206455
61026,42.66,4.92,0.25999999418854713
61027,42.66,4.935,0.25999999418854713
61028,42.66,4.95,0.2699999939650297
61029,42.66,4.965,0.2699999939650297
61030,42.66,4.98,0.25999999418854713
61031,42.66,4.995,0.2699999939650297
61032,42.66,5.01,0.25999999418854713
61033,42.66,5.025,0.25999999418854713
61034,42.66,5.04,0.25999999418854713
61035,42.66,5.055,0.2699999939650297
61036,42.66,5.07,0.2799999937415123
61037,42.66,5.085,0.2799999937415123
61038,42.66,5.1,0.2799999937415123
61039,42.66,5.115,0.2899999935179949
61040,42.66,5.13,0.2899999935179949
61041,42.66,5.145,0.29999999329447746
61042,42.66,5.16,0.2899999935179949
61043,42.66,5.175,0.2899999935179949
61044,42.66,5.19,0.2899999935179949
61045,42.66,5.205,0.2899999935179949
61046,42.66,5.22,0.2899999935179949
61047,42.66,5.235,0.2799999937415123
61048,42.66,5.25,0.2899999935179949
61049,42.66,5.265,0.2899999935179949
61050,42.66,5.28,0.2899999935179949
61051,42.66,5.295,0.2899999935179949
61052,42.66,5.31,0.2899999935179949
61053,42.66,5.325,0.2799999937415123
61054,42.66,5.34,0.2799999937415123
61055,42.66,5.355,0.2799999937415123
61056,42.66,5.37,0.2799999937415123
61057,42.66,5.385,0.2799999937415123
61058,42.66,5.4,0.2799999937415123
61059,42.66,5.415,0.2799999937415123
61060,42.66,5.43,0.2799999937415123
61061,42.66,5.445,0.2799999937415123
61062,42.66,5.46,0.25999999418854713
61063,42.66,5.475,0.25999999418854713
61064,42.66,5.49,0.24999999441206455
61349,42.67,3.51,0.1699999962002039
61350,42.67,3.525,0.1699999962002039
61351,42.67,3.54,0.17999999597668648
61352,42.67,3.555,0.1699999962002039
61353,42.67,3.57,0.17999999597668648
61354,42.67,3.585,0.1599999964237213
61355,42.67,3.6,0.1699999962002039
61356,42.67,3.615,0.1599999964237213
61357,42.67,3.63,0.1599999964237213
61358,42.67,3.645,0.1599999964237213
61359,42.67,3.66,0.14999999664723873
61360,42.67,3.675,0.14999999664723873
61361,42.67,3.69,0.1699999962002039
61362,42.67,3.705,0.1599999964237213
61363,42.67,3.72,0.1599999964237213
61364,42.67,3.735,0.1699999962002039
61365,42.67,3.75,0.1699999962002039
61366,42.67,3.765,0.17999999597668648
61367,42.67,3.78,0.18999999575316906
61368,42.67,3.795,0.18999999575316906
61369,42.67,3.81,0.19999999552965164
61370,42.67,3.825,0.19999999552965164
61371,42.67,3.84,0.20999999530613422
61372,42.67,3.855,0.2199999950826168
61373,42.67,3.87,0.2299999948590994
61374,42.67,3.885,0.23999999463558197
61375,42.67,3.9,0.2299999948590994
61376,42.67,3.915,0.2299999948590994
61377,42.67,3.93,0.2199999950826168
61378,42.67,3.945,0.20999999530613422
61379,42.67,3.96,0.20999999530613422
61380,42.67,3.975,0.2199999950826168
61381,42.67,3.99,0.20999999530613422
61382,42.67,4.005,0.20999999530613422
61383,42.67,4.02,0.20999999530613422
61384,42.67,4.035,0.19999999552965164
61385,42.67,4.05,0.2199999950826168
61386,42.67,4.065,0.2199999950826168
61387,42.67,4.08,0.23999999463558197
61388,42.67,4.095,0.24999999441206455
61389,42.67,4.11,0.2699999939650297
61390,42.67,4.125,0.2799999937415123
61391,42.67,4.14,0.2899999935179949
61392,42.67,4.155,0.25999999418854713
61393,42.67,4.17,0.25999999418854713
61394,42.67,4.185,0.2699999939650297
61395,42.67,4.2,0.23999999463558197
61396,42.67,4.215,0.25999999418854713
61397,42.67,4.23,0.25999999418854713
61398,42.67,4.245,0.2699999939650297
61399,42.67,4.26,0.2899999935179949
61400,42.67,4.275,0.29999999329447746
61401,42.67,4.29,0.3299999926239252
61402,42.67,4.305,0.3199999928474426
61403,42.67,4.32,0.30999999307096004
61404,42.67,4.335,0.30999999307096004
61405,42.67,4.35,0.30999999307096004
61406,42.67,4.365,0.2899999935179949
61407,42.67,4.38,0.2699999939650297
61408,42.67,4.395,0.2299999948590994
61409,42.67,4.41,0.23999999463558197
61410,42.67,4.425,0.2199999950826168
61411,42.67,4.44,0.2299999948590994
61412,42.67,4.455,0.19999999552965164
61413,42.67,4.47,0.20999999530613422
61414,42.67,4.485,0.2199999950826168
61415,42.67,4.5,0.2199999950826168
61416,42.67,4.515,0.20999999530613422
61417,42.67,4.53,0.18999999575316906
61418,42.67,4.545,0.17999999597668648
61419,42.67,4.56,0.17999999597668648
61420,42.67,4.575,0.18999999575316906
61421,42.67,4.59,0.19999999552965164
61422,42.67,4.605,0.19999999552965164
61423,42.67,4.62,0.2199999950826168
61424,42.67,4.635,0.23999999463558197
61425,42.67,4.65,0.24999999441206455
61426,42.67,4.665,0.24999999441206455
61427,42.67,4.68,0.23999999463558197
61428,42.67,4.695,0.23999999463558197
61429,42.67,4.71,0.23999999463558197
61430,42.67,4.725,0.2299999948590994
61431,42.67,4.74,0.23999999463558197
61432,42.67,4.755,0.2299999948590994
61433,42.67,4.77,0.23999999463558197
61434,42.67,4.785,0.23999999463558197
61435,42.67,4.8,0.23999999463558197
61436,42.67,4.815,0.2299999948590994
61437,42.67,4.83,0.23999999463558197
61438,42.67,4.845,0.23999999463558197
61439,42.67,4.86,0.24999999441206455
61440,42.67,4.875,0.24999999441206455
61441,42.67,4.89,0.24999999441206455
61442,42.67,4.905,0.24999999441206455
61443,42.67,4.92,0.24999999441206455
61444,42.67,4.935,0.25999999418854713
61445,42.67,4.95,0.25999999418854713
61446,42.67,4.965,0.25999999418854713
61447,42.67,4.98,0.25999999418854713
61448,42.67,4.995,0.25999999418854713
61449,42.67,5.01,0.25999999418854713
61450,42.67,5.025,0.25999999418854713
61451,42.67,5.04,0.24999999441206455
61452,42.67,5.055,0.25999999418854713
61453,42.67,5.07,0.25999999418854713
61454,42.67,5.085,0.25999999418854713
61455,42.67,5.1,0.2699999939650297
61456,42.67,5.115,0.2799999937415123
61457,42.67,5.13,0.2899999935179949
61458,42.67,5.145,0.2899999935179949
61459,42.67,5.16,0.2899999935179949
61460,42.67,5.175,0.2899999935179949
61461,42.67,5.19,0.2799999937415123
61462,42.67,5.205,0.2799999937415123
61463,42.67,5.22,0.2899999935179949
61464,42.67,5.235,0.2799999937415123
61465,42.67,5.25,0.2699999939650297
61466,42.67,5.265,0.2899999935179949
61467,42.67,5.28,0.2899999935179949
61468,42.67,5.295,0.2899999935179949
61469,42.67,5.31,0.2899999935179949
61470,42.67,5.325,0.2799999937415123
61471,42.67,5.34,0.2799999937415123
61472,42.67,5.355,0.2799999937415123
61473,42.67,5.37,0.2799999937415123
61474,42.67,5.385,0.2899999935179949
61475,42.67,5.4,0.2799999937415123
61476,42.67,5.415,0.2799999937415123
61477,42.67,5.43,0.2799999937415123
61478,42.67,5.445,0.2799999937415123
61479,42.67,5.46,0.2699999939650297
61480,42.67,5.475,0.2699999939650297
61481,42.67,5.49,0.24999999441206455
61766,42.68,3.51,0.17999999597668648
61767,42.68,3.525,0.17999999597668648
61768,42.68,3.54,0.17999999597668648
61769,42.68,3.555,0.18999999575316906
61770,42.68,3.57,0.18999999575316906
61771,42.68,3.585,0.17999999597668648
61772,42.68,3.6,0.18999999575316906
61773,42.68,3.615,0.1699999962002039
61774,42.68,3.63,0.1699999962002039
61775,42.68,3.645,0.1699999962002039
61776,42.68,3.66,0.1599999964237213
61777,42.68,3.675,0.1599999964237213
61778,42.68,3.69,0.1699999962002039
61779,42.68,3.705,0.1699999962002039
61780,42.68,3.72,0.1699999962002039
61781,42.68,3.735,0.1699999962002039
61782,42.68,3.75,0.17999999597668648
61783,42.68,3.765,0.18999999575316906
61784,42.68,3.78,0.18999999575316906
61785,42.68,3.795,0.20999999530613422
61786,42.68,3.81,0.20999999530613422
61787,42.68,3.825,0.2199999950826168
61788,42.68,3.84,0.2199999950826168
61789,42.68,3.855,0.2299999948590994
61790,42.68,3.87,0.23999999463558197
61791,42.68,3.885,0.23999999463558197
61792,42.68,3.9,0.2299999948590994
61793,42.68,3.915,0.2299999948590994
61794,42.68,3.93,0.2299999948590994
61795,42.68,3.945,0.2199999950826168
61796,42.68,3.96,0.2299999948590994
61797,42.68,3.975,0.2199999950826168
61798,42.68,3.99,0.20999999530613422
61799,42.68,4.005,0.20999999530613422
61800,42.68,4.02,0.2199999950826168
61801,42.68,4.035,0.20999999530613422
61802,42.68,4.05,0.20999999530613422
61803,42.68,4.065,0.2199999950826168
61804,42.68,4.08,0.23999999463558197
61805,42.68,4.095,0.23999999463558197
61806,42.68,4.11,0.2699999939650297
61807,42.68,4.125,0.2699999939650297
61808,42.68,4.14,0.2699999939650297
61809,42.68,4.155,0.25999999418854713
61810,42.68,4.17,0.25999999418854713
61811,42.68,4.185,0.24999999441206455
61812,42.68,4.2,0.25999999418854713
61813,42.68,4.215,0.2699999939650297
61814,42.68,4.23,0.25999999418854713
61815,42.68,4.245,0.2799999937415123
61816,42.68,4.26,0.2799999937415123
61817,42.68,4.275,0.30999999307096004
61818,42.68,4.29,0.3199999928474426
61819,42.68,4.305,0.3199999928474426
61820,42.68,4.32,0.30999999307096004
61821,42.68,4.335,0.29999999329447746
61822,42.68,4.35,0.2799999937415123
61823,42.68,4.365,0.2899999935179949
61824,42.68,4.38,0.25999999418854713
61825,42.68,4.395,0.2299999948590994
61826,42.68,4.41,0.24999999441206455
61827,42.68,4.425,0.24999999441206455
61828,42.68,4.44,0.23999999463558197
61829,42.68,4.455,0.20999999530613422
61830,42.68,4.47,0.20999999530613422
61831,42.68,4.485,0.2199999950826168
61832,42.68,4.5,0.20999999530613422
61833,42.68,4.515,0.2299999948590994
61834,42.68,4.53,0.2199999950826168
61835,42.68,4.545,0.18999999575316906
61836,42.68,4.56,0.18999999575316906
61837,42.68,4.575,0.20999999530613422
61838,42.68,4.59,0.18999999575316906
61839,42.68,4.605,0.20999999530613422
61840,42.68,4.62,0.2299999948590994
61841,42.68,4.635,0.23999999463558197
61842,42.68,4.65,0.24999999441206455
61843,42.68,4.665,0.24999999441206455
61844,42.68,4.68,0.23999999463558197
61845,42.68,4.695,0.23999999463558197
61846,42.68,4.71,0.2299999948590994
61847,42.68,4.725,0.2299999948590994
61848,42.68,4.74,0.2299999948590994
61849,42.68,4.755,0.23999999463558197
61850,42.68,4.77,0.2299999948590994
61851,42.68,4.785,0.23999999463558197
61852,42.68,4.8,0.23999999463558197
61853,42.68,4.815,0.23999999463558197
61854,42.68,4.83,0.23999999463558197
61855,42.68,4.845,0.23999999463558197
61856,42.68,4.86,0.23999999463558197
61857,42.68,4.875,0.24999999441206455
61858,42.68,4.89,0.24999999441206455
61859,42.68,4.905,0.24999999441206455
61860,42.68,4.92,0.24999999441206455
61861,42.68,4.935,0.25999999418854713
61862,42.68,4.95,0.25999999418854713
61863,42.68,4.965,0.24999999441206455
61864,42.68,4.98,0.24999999441206455
61865,42.68,4.995,0.24999999441206455
61866,42.68,5.01,0.25999999418854713
61867,42.68,5.025,0.24999999441206455
61868,42.68,5.04,0.24999999441206455
61869,42.68,5.055,0.24999999441206455
61870,42.68,5.07,0.24999999441206455
61871,42.68,5.085,0.25999999418854713
61872,42.68,5.1,0.25999999418854713
61873,42.68,5.115,0.2699999939650297
61874,42.68,5.13,0.2799999937415123
61875,42.68,5.145,0.2799999937415123
61876,42.68,5.16,0.2799999937415123
61877,42.68,5.175,0.2799999937415123
61878,42.68,5.19,0.2799999937415123
61879,42.68,5.205,0.2799999937415123
61880,42.68,5.22,0.2799999937415123
61881,42.68,5.235,0.2799999937415123
61882,42.68,5.25,0.2799999937415123
61883,42.68,5.265,0.2899999935179949
61884,42.68,5.28,0.2799999937415123
61885,42.68,5.295,0.2899999935179949
61886,42.68,5.31,0.2799999937415123
61887,42.68,5.325,0.2799999937415123
61888,42.68,5.34,0.2799999937415123
61889,42.68,5.355,0.2799999937415123
61890,42.68,5.37,0.2799999937415123
61891,42.68,5.385,0.2799999937415123
61892,42.68,5.4,0.2699999939650297
61893,42.68,5.415,0.2799999937415123
61894,42.68,5.43,0.2799999937415123
61895,42.68,5.445,0.2799999937415123
61896,42.68,5.46,0.2699999939650297
61897,42.68,5.475,0.25999999418854713
61898,42.68,5.49,0.25999999418854713
62183,42.69,3.51,0.20999999530613422
62184,42.69,3.525,0.18999999575316906
62185,42.69,3.54,0.19999999552965164
62186,42.69,3.555,0.2299999948590994
62187,42.69,3.57,0.24999999441206455
62188,42.69,3.585,0.2199999950826168
62189,42.69,3.6,0.2199999950826168
62190,42.69,3.615,0.19999999552965164
62191,42.69,3.63,0.18999999575316906
62192,42.69,3.645,0.1699999962002039
62193,42.69,3.66,0.1599999964237213
62194,42.69,3.675,0.17999999597668648
62195,42.69,3.69,0.17999999597668648
62196,42.69,3.705,0.17999999597668648
62197,42.69,3.72,0.17999999597668648
62198,42.69,3.735,0.19999999552965164
62199,42.69,3.75,0.19999999552965164
62200,42.69,3.765,0.19999999552965164
62201,42.69,3.78,0.19999999552965164
62202,42.69,3.795,0.20999999530613422
62203,42.69,3.81,0.2199999950826168
62204,42.69,3.825,0.2299999948590994
62205,42.69,3.84,0.2299999948590994
62206,42.69,3.855,0.2299999948590994
62207,42.69,3.87,0.23999999463558197
62208,42.69,3.885,0.23999999463558197
62209,42.69,3.9,0.2299999948590994
62210,42.69,3.915,0.2299999948590994
62211,42.69,3.93,0.23999999463558197
62212,42.69,3.945,0.24999999441206455
62213,42.69,3.96,0.2299999948590994
62214,42.69,3.975,0.2299999948590994
62215,42.69,3.99,0.23999999463558197
62216,42.69,4.005,0.2299999948590994
62217,42.69,4.02,0.2299999948590994
62218,42.69,4.035,0.2299999948590994
62219,42.69,4.05,0.20999999530613422
62220,42.69,4.065,0.2199999950826168
62221,42.69,4.08,0.23999999463558197
62222,42.69,4.095,0.23999999463558197
62223,42.69,4.11,0.24999999441206455
62224,42.69,4.125,0.25999999418854713
62225,42.69,4.14,0.2699999939650297
62226,42.69,4.155,0.2699999939650297
62227,42.69,4.17,0.24999999441206455
62228,42.69,4.185,0.25999999418854713
62229,42.69,4.2,0.23999999463558197
62230,42.69,4.215,0.2699999939650297
62231,42.69,4.23,0.2699999939650297
62232,42.69,4.245,0.2699999939650297
62233,42.69,4.26,0.30999999307096004
62234,42.69,4.275,0.3299999926239252
62235,42.69,4.29,0.3299999926239252
62236,42.69,4.305,0.3299999926239252
62237,42.69,4.32,0.3199999928474426
62238,42.69,4.335,0.2899999935179949
62239,42.69,4.35,0.2799999937415123
62240,42.69,4.365,0.24999999441206455
62241,42.69,4.38,0.2299999948590994
62242,42.69,4.395,0.2299999948590994
62243,42.69,4.41,0.2299999948590994
62244,42.69,4.425,0.23999999463558197
62245,42.69,4.44,0.24999999441206455
62246,42.69,4.455,0.2299999948590994
62247,42.69,4.47,0.2299999948590994
62248,42.69,4.485,0.2299999948590994
62249,42.69,4.5,0.2199999950826168
62250,42.69,4.515,0.24999999441206455
62251,42.69,4.53,0.2299999948590994
62252,42.69,4.545,0.20999999530613422
62253,42.69,4.56,0.19999999552965164
62254,42.69,4.575,0.18999999575316906
62255,42.69,4.59,0.18999999575316906
62256,42.69,4.605,0.20999999530613422
62257,42.69,4.62,0.23999999463558197
62258,42.69,4.635,0.24999999441206455
62259,42.69,4.65,0.23999999463558197
62260,42.69,4.665,0.24999999441206455
62261,42.69,4.68,0.23999999463558197
62262,42.69,4.695,0.24999999441206455
62263,42.69,4.71,0.23999999463558197
62264,42.69,4.725,0.23999999463558197
62265,42.69,4.74,0.23999999463558197
62266,42.69,4.755,0.23999999463558197
62267,42.69,4.77,0.2299999948590994
62268,42.69,4.785,0.23999999463558197
62269,42.69,4.8,0.23999999463558197
62270,42.69,4.815,0.24999999441206455
62271,42.69,4.83,0.24999999441206455
62272,42.69,4.845,0.23999999463558197
62273,42.69,4.86,0.2299999948590994
62274,42.69,4.875,0.24999999441206455
62275,42.69,4.89,0.24999999441206455
62276,42.69,4.905,0.24999999441206455
62277,42.69,4.92,0.24999999441206455
62278,42.69,4.935,0.24999999441206455
62279,42.69,4.95,0.24999999441206455
62280,42.69,4.965,0.24999999441206455
62281,42.69,4.98,0.24999999441206455
62282,42.69,4.995,0.24999999441206455
62283,42.69,5.01,0.25999999418854713
62284,42.69,5.025,0.25999999418854713
62285,42.69,5.04,0.24999999441206455
62286,42.69,5.055,0.24999999441206455
62287,42.69,5.07,0.24999999441206455
62288,42.69,5.085,0.24999999441206455
62289,42.69,5.1,0.25999999418854713
62290,42.69,5.115,0.25999999418854713
62291,42.69,5.13,0.2699999939650297
62292,42.69,5.145,0.2799999937415123
62293,42.69,5.16,0.2699999939650297
62294,42.69,5.175,0.2799999937415123
62295,42.69,5.19,0.2799999937415123
62296,42.69,5.205,0.2799999937415123
62297,42.69,5.22,0.2699999939650297
62298,42.69,5.235,0.2699999939650297
62299,42.69,5.25,0.2699999939650297
62300,42.69,5.265,0.2699999939650297
62301,42.69,5.28,0.2799999937415123
62302,42.69,5.295,0.2799999937415123
62303,42.69,5.31,0.2799999937415123
62304,42.69,5.325,0.2799999937415123
62305,42.69,5.34,0.2799999937415123
62306,42.69,5.355,0.2699999939650297
62307,42.69,5.37,0.2699999939650297
62308,42.69,5.385,0.2699999939650297
62309,42.69,5.4,0.2699999939650297
62310,42.69,5.415,0.2699999939650297
62311,42.69,5.43,0.25999999418854713
62312,42.69,5.445,0.2699999939650297
62313,42.69,5.46,0.25999999418854713
62314,42.69,5.475,0.25999999418854713
62315,42.69,5.49,0.25999999418854713
62600,42.7,3.51,0.24999999441206455
62601,42.7,3.525,0.23999999463558197
62602,42.7,3.54,0.25999999418854713
62603,42.7,3.555,0.2899999935179949
62604,42.7,3.57,0.29999999329447746
62605,42.7,3.585,0.29999999329447746
62606,42.7,3.6,0.2699999939650297
62607,42.7,3.615,0.23999999463558197
62608,42.7,3.63,0.20999999530613422
62609,42.7,3.645,0.19999999552965164
62610,42.7,3.66,0.17999999597668648
62611,42.7,3.675,0.17999999597668648
62612,42.7,3.69,0.18999999575316906
62613,42.7,3.705,0.18999999575316906
62614,42.7,3.72,0.19999999552965164
62615,42.7,3.735,0.20999999530613422
62616,42.7,3.75,0.20999999530613422
62617,42.7,3.765,0.19999999552965164
62618,42.7,3.78,0.2199999950826168
62619,42.7,3.795,0.20999999530613422
62620,42.7,3.81,0.2199999950826168
62621,42.7,3.825,0.2299999948590994
62622,42.7,3.84,0.2199999950826168
62623,42.7,3.855,0.2299999948590994
62624,42.7,3.87,0.2299999948590994
62625,42.7,3.885,0.2299999948590994
62626,42.7,3.9,0.2299999948590994
62627,42.7,3.915,0.2299999948590994
62628,42.7,3.93,0.23999999463558197
62629,42.7,3.945,0.23999999463558197
62630,42.7,3.96,0.2299999948590994
62631,42.7,3.975,0.23999999463558197
62632,42.7,3.99,0.2299999948590994
62633,42.7,4.005,0.2299999948590994
62634,42.7,4.02,0.2299999948590994
62635,42.7,4.035,0.23999999463558197
62636,42.7,4.05,0.2199999950826168
62637,42.7,4.065,0.2199999950826168
62638,42.7,4.08,0.2199999950826168
62639,42.7,4.095,0.2299999948590994
62640,42.7,4.11,0.2299999948590994
62641,42.7,4.125,0.23999999463558197
62642,42.7,4.14,0.25999999418854713
62643,42.7,4.155,0.2699999939650297
62644,42.7,4.17,0.2699999939650297
62645,42.7,4.185,0.2799999937415123
62646,42.7,4.2,0.2699999939650297
62647,42.7,4.215,0.23999999463558197
62648,42.7,4.23,0.30999999307096004
62649,42.7,4.245,0.29999999329447746
62650,42.7,4.26,0.30999999307096004
62651,42.7,4.275,0.3199999928474426
62652,42.7,4.29,0.3299999926239252
62653,42.7,4.305,0.3299999926239252
62654,42.7,4.32,0.30999999307096004
62655,42.7,4.335,0.2799999937415123
62656,42.7,4.35,0.2799999937415123
62657,42.7,4.365,0.25999999418854713
62658,42.7,4.38,0.2299999948590994
62659,42.7,4.395,0.2299999948590994
62660,42.7,4.41,0.2299999948590994
62661,42.7,4.425,0.2299999948590994
62662,42.7,4.44,0.24999999441206455
62663,42.7,4.455,0.2199999950826168
62664,42.7,4.47,0.2299999948590994
62665,42.7,4.485,0.2199999950826168
62666,42.7,4.5,0.23999999463558197
62667,42.7,4.515,0.23999999463558197
62668,42.7,4.53,0.2299999948590994
62669,42.7,4.545,0.2199999950826168
62670,42.7,4.56,0.19999999552965164
62671,42.7,4.575,0.2199999950826168
62672,42.7,4.59,0.20999999530613422
62673,42.7,4.605,0.2299999948590994
62674,42.7,4.62,0.23999999463558197
62675,42.7,4.635,0.24999999441206455
62676,42.7,4.65,0.23999999463558197
62677,42.7,4.665,0.24999999441206455
62678,42.7,4.68,0.23999999463558197
62679,42.7,4.695,0.23999999463558197
62680,42.7,4.71,0.23999999463558197
62681,42.7,4.725,0.23999999463558197
62682,42.7,4.74,0.23999999463558197
62683,42.7,4.755,0.23999999463558197
62684,42.7,4.77,0.23999999463558197
62685,42.7,4.785,0.23999999463558197
62686,42.7,4.8,0.23999999463558197
62687,42.7,4.815,0.2299999948590994
62688,42.7,4.83,0.23999999463558197
62689,42.7,4.845,0.23999999463558197
62690,42.7,4.86,0.23999999463558197
62691,42.7,4.875,0.23999999463558197
62692,42.7,4.89,0.24999999441206455
62693,42.7,4.905,0.24999999441206455
62694,42.7,4.92,0.24999999441206455
62695,42.7,4.935,0.24999999441206455
62696,42.7,4.95,0.24999999441206455
62697,42.7,4.965,0.25999999418854713
62698,42.7,4.98,0.24999999441206455
62699,42.7,4.995,0.25999999418854713
62700,42.7,5.01,0.24999999441206455
62701,42.7,5.025,0.24999999441206455
62702,42.7,5.04,0.24999999441206455
62703,42.7,5.055,0.24999999441206455
62704,42.7,5.07,0.24999999441206455
62705,42.7,5.085,0.24999999441206455
62706,42.7,5.1,0.24999999441206455
62707,42.7,5.115,0.25999999418854713
62708,42.7,5.13,0.2699999939650297
62709,42.7,5.145,0.2699999939650297
62710,42.7,5.16,0.25999999418854713
62711,42.7,5.175,0.2699999939650297
62712,42.7,5.19,0.2799999937415123
62713,42.7,5.205,0.2799999937415123
62714,42.7,5.22,0.2699999939650297
62715,42.7,5.235,0.2699999939650297
62716,42.7,5.25,0.2699999939650297
62717,42.7,5.265,0.2699999939650297
62718,42.7,5.28,0.2699999939650297
62719,42.7,5.295,0.2699999939650297
62720,42.7,5.31,0.2799999937415123
62721,42.7,5.325,0.2799999937415123
62722,42.7,5.34,0.2699999939650297
62723,42.7,5.355,0.2699999939650297
62724,42.7,5.37,0.2699999939650297
62725,42.7,5.385,0.25999999418854713
62726,42.7,5.4,0.25999999418854713
62727,42.7,5.415,0.2699999939650297
62728,42.7,5.43,0.2699999939650297
62729,42.7,5.445,0.2699999939650297
62730,42.7,5.46,0.25999999418854713
62731,42.7,5.475,0.24999999441206455
62732,42.7,5.49,0.24999999441206455
63017,42.71,3.51,0.30999999307096004
63018,42.71,3.525,0.30999999307096004
63019,42.71,3.54,0.3299999926239252
63020,42.71,3.555,0.35999999195337296
63021,42.71,3.57,0.35999999195337296
63022,42.71,3.585,0.35999999195337296
63023,42.71,3.6,0.3299999926239252
63024,42.71,3.615,0.29999999329447746
63025,42.71,3.63,0.2699999939650297
63026,42.71,3.645,0.2299999948590994
63027,42.71,3.66,0.20999999530613422
63028,42.71,3.675,0.19999999552965164
63029,42.71,3.69,0.19999999552965164
63030,42.71,3.705,0.20999999530613422
63031,42.71,3.72,0.2199999950826168
63032,42.71,3.735,0.20999999530613422
63033,42.71,3.75,0.20999999530613422
63034,42.71,3.765,0.2199999950826168
63035,42.71,3.78,0.2199999950826168
63036,42.71,3.795,0.2199999950826168
63037,42.71,3.81,0.2199999950826168
63038,42.71,3.825,0.2199999950826168
63039,42.71,3.84,0.2299999948590994
63040,42.71,3.855,0.2299999948590994
63041,42.71,3.87,0.2299999948590994
63042,42.71,3.885,0.2199999950826168
63043,42.71,3.9,0.2299999948590994
63044,42.71,3.915,0.2299999948590994
63045,42.71,3.93,0.23999999463558197
63046,42.71,3.945,0.23999999463558197
63047,42.71,3.96,0.2299999948590994
63048,42.71,3.975,0.2299999948590994
63049,42.71,3.99,0.2299999948590994
63050,42.71,4.005,0.2299999948590994
63051,42.71,4.02,0.2199999950826168
63052,42.71,4.035,0.23999999463558197
63053,42.71,4.05,0.2299999948590994
63054,42.71,4.065,0.20999999530613422
63055,42.71,4.08,0.19999999552965164
63056,42.71,4.095,0.2199999950826168
63057,42.71,4.11,0.2299999948590994
63058,42.71,4.125,0.2199999950826168
63059,42.71,4.14,0.2299999948590994
63060,42.71,4.155,0.25999999418854713
63061,42.71,4.17,0.2699999939650297
63062,42.71,4.185,0.2799999937415123
63063,42.71,4.2,0.2899999935179949
63064,42.71,4.215,0.2899999935179949
63065,42.71,4.23,0.29999999329447746
63066,42.71,4.245,0.30999999307096004
63067,42.71,4.26,0.30999999307096004
63068,42.71,4.275,0.3199999928474426
63069,42.71,4.29,0.3299999926239252
63070,42.71,4.305,0.3199999928474426
63071,42.71,4.32,0.29999999329447746
63072,42.71,4.335,0.2799999937415123
63073,42.71,4.35,0.2699999939650297
63074,42.71,4.365,0.23999999463558197
63075,42.71,4.38,0.23999999463558197
63076,42.71,4.395,0.2299999948590994
63077,42.71,4.41,0.2199999950826168
63078,42.71,4.425,0.19999999552965164
63079,42.71,4.44,0.24999999441206455
63080,42.71,4.455,0.19999999552965164
63081,42.71,4.47,0.20999999530613422
63082,42.71,4.485,0.23999999463558197
63083,42.71,4.5,0.25999999418854713
63084,42.71,4.515,0.2699999939650297
63085,42.71,4.53,0.24999999441206455
63086,42.71,4.545,0.23999999463558197
63087,42.71,4.56,0.23999999463558197
63088,42.71,4.575,0.2199999950826168
63089,42.71,4.59,0.2299999948590994
63090,42.71,4.605,0.23999999463558197
63091,42.71,4.62,0.24999999441206455
63092,42.71,4.635,0.24999999441206455
63093,42.71,4.65,0.23999999463558197
63094,42.71,4.665,0.23999999463558197
63095,42.71,4.68,0.23999999463558197
63096,42.71,4.695,0.23999999463558197
63097,42.71,4.71,0.23999999463558197
63098,42.71,4.725,0.23999999463558197
63099,42.71,4.74,0.23999999463558197
63100,42.71,4.755,0.23999999463558197
63101,42.71,4.77,0.2299999948590994
63102,42.71,4.785,0.23999999463558197
63103,42.71,4.8,0.24999999441206455
63104,42.71,4.815,0.2299999948590994
63105,42.71,4.83,0.23999999463558197
63106,42.71,4.845,0.23999999463558197
63107,42.71,4.86,0.24999999441206455
63108,42.71,4.875,0.23999999463558197
63109,42.71,4.89,0.23999999463558197
63110,42.71,4.905,0.24999999441206455
63111,42.71,4.92,0.24999999441206455
63112,42.71,4.935,0.25999999418854713
63113,42.71,4.95,0.25999999418854713
63114,42.71,4.965,0.24999999441206455
63115,42.71,4.98,0.25999999418854713
63116,42.71,4.995,0.24999999441206455
63117,42.71,5.01,0.24999999441206455
63118,42.71,5.025,0.24999999441206455
63119,42.71,5.04,0.24999999441206455
63120,42.71,5.055,0.24999999441206455
63121,42.71,5.07,0.24999999441206455
63122,42.71,5.085,0.23999999463558197
63123,42.71,5.1,0.24999999441206455
63124,42.71,5.115,0.25999999418854713
63125,42.71,5.13,0.2699999939650297
63126,42.71,5.145,0.25999999418854713
63127,42.71,5.16,0.2699999939650297
63128,42.71,5.175,0.2699999939650297
63129,42.71,5.19,0.2799999937415123
63130,42.71,5.205,0.2799999937415123
63131,42.71,5.22,0.2699999939650297
63132,42.71,5.235,0.2699999939650297
63133,42.71,5.25,0.2699999939650297
63134,42.71,5.265,0.25999999418854713
63135,42.71,5.28,0.2699999939650297
63136,42.71,5.295,0.2699999939650297
63137,42.71,5.31,0.2699999939650297
63138,42.71,5.325,0.2699999939650297
63139,42.71,5.34,0.2699999939650297
63140,42.71,5.355,0.2699999939650297
63141,42.71,5.37,0.2699999939650297
63142,42.71,5.385,0.25999999418854713
63143,42.71,5.4,0.25999999418854713
63144,42.71,5.415,0.2699999939650297
63145,42.71,5.43,0.2699999939650297
63146,42.71,5.445,0.25999999418854713
63147,42.71,5.46,0.25999999418854713
63148,42.71,5.475,0.24999999441206455
63149,42.71,5.49,0.24999999441206455
63434,42.72,3.51,0.36999999172985554
63435,42.72,3.525,0.3899999912828207
63436,42.72,3.54,0.41999999061226845
63437,42.72,3.555,0.40999999083578587
63438,42.72,3.57,0.42999999038875103
63439,42.72,3.585,0.40999999083578587
63440,42.72,3.6,0.3799999915063381
63441,42.72,3.615,0.3399999924004078
63442,42.72,3.63,0.3199999928474426
63443,42.72,3.645,0.2699999939650297
63444,42.72,3.66,0.23999999463558197
63445,42.72,3.675,0.2199999950826168
63446,42.72,3.69,0.20999999530613422
63447,42.72,3.705,0.20999999530613422
63448,42.72,3.72,0.2199999950826168
63449,42.72,3.735,0.2199999950826168
63450,42.72,3.75,0.2299999948590994
63451,42.72,3.765,0.2199999950826168
63452,42.72,3.78,0.2199999950826168
63453,42.72,3.795,0.2199999950826168
63454,42.72,3.81,0.23999999463558197
63455,42.72,3.825,0.2299999948590994
63456,42.72,3.84,0.2299999948590994
63457,42.72,3.855,0.2199999950826168
63458,42.72,3.87,0.2299999948590994
63459,42.72,3.885,0.2299999948590994
63460,42.72,3.9,0.23999999463558197
63461,42.72,3.915,0.23999999463558197
63462,42.72,3.93,0.2299999948590994
63463,42.72,3.945,0.2299999948590994
63464,42.72,3.96,0.2299999948590994
63465,42.72,3.975,0.2199999950826168
63466,42.72,3.99,0.2299999948590994
63467,42.72,4.005,0.23999999463558197
63468,42.72,4.02,0.2299999948590994
63469,42.72,4.035,0.2199999950826168
63470,42.72,4.05,0.20999999530613422
63471,42.72,4.065,0.20999999530613422
63472,42.72,4.08,0.2199999950826168
63473,42.72,4.095,0.2299999948590994
63474,42.72,4.11,0.2199999950826168
63475,42.72,4.125,0.19999999552965164
63476,42.72,4.14,0.24999999441206455
63477,42.72,4.155,0.2699999939650297
63478,42.72,4.17,0.2699999939650297
63479,42.72,4.185,0.2799999937415123
63480,42.72,4.2,0.2899999935179949
63481,42.72,4.215,0.30999999307096004
63482,42.72,4.23,0.3199999928474426
63483,42.72,4.245,0.30999999307096004
63484,42.72,4.26,0.29999999329447746
63485,42.72,4.275,0.3199999928474426
63486,42.72,4.29,0.30999999307096004
63487,42.72,4.305,0.29999999329447746
63488,42.72,4.32,0.2899999935179949
63489,42.72,4.335,0.2799999937415123
63490,42.72,4.35,0.2699999939650297
63491,42.72,4.365,0.2699999939650297
63492,42.72,4.38,0.23999999463558197
63493,42.72,4.395,0.2299999948590994
63494,42.72,4.41,0.20999999530613422
63495,42.72,4.425,0.17999999597668648
63496,42.72,4.44,0.2199999950826168
63497,42.72,4.455,0.18999999575316906
63498,42.72,4.47,0.20999999530613422
63499,42.72,4.485,0.24999999441206455
63500,42.72,4.5,0.2799999937415123
63501,42.72,4.515,0.2799999937415123
63502,42.72,4.53,0.25999999418854713
63503,42.72,4.545,0.25999999418854713
63504,42.72,4.56,0.24999999441206455
63505,42.72,4.575,0.23999999463558197
63506,42.72,4.59,0.23999999463558197
63507,42.72,4.605,0.24999999441206455
63508,42.72,4.62,0.25999999418854713
63509,42.72,4.635,0.25999999418854713
63510,42.72,4.65,0.24999999441206455
63511,42.72,4.665,0.25999999418854713
63512,42.72,4.68,0.23999999463558197
63513,42.72,4.695,0.23999999463558197
63514,42.72,4.71,0.23999999463558197
63515,42.72,4.725,0.2299999948590994
63516,42.72,4.74,0.24999999441206455
63517,42.72,4.755,0.23999999463558197
63518,42.72,4.77,0.2299999948590994
63519,42.72,4.785,0.23999999463558197
63520,42.72,4.8,0.23999999463558197
63521,42.72,4.815,0.2299999948590994
63522,42.72,4.83,0.23999999463558197
63523,42.72,4.845,0.23999999463558197
63524,42.72,4.86,0.24999999441206455
63525,42.72,4.875,0.23999999463558197
63526,42.72,4.89,0.23999999463558197
63527,42.72,4.905,0.24999999441206455
63528,42.72,4.92,0.24999999441206455
63529,42.72,4.935,0.24999999441206455
63530,42.72,4.95,0.24999999441206455
63531,42.72,4.965,0.25999999418854713
63532,42.72,4.98,0.24999999441206455
63533,42.72,4.995,0.24999999441206455
63534,42.72,5.01,0.25999999418854713
63535,42.72,5.025,0.24999999441206455
63536,42.72,5.04,0.24999999441206455
63537,42.72,5.055,0.24999999441206455
63538,42.72,5.07,0.24999999441206455
63539,42.72,5.085,0.24999999441206455
63540,42.72,5.1,0.24999999441206455
63541,42.72,5.115,0.24999999441206455
63542,42.72,5.13,0.24999999441206455
63543,42.72,5.145,0.24999999441206455
63544,42.72,5.16,0.25999999418854713
63545,42.72,5.175,0.25999999418854713
63546,42.72,5.19,0.25999999418854713
63547,42.72,5.205,0.2699999939650297
63548,42.72,5.22,0.2699999939650297
63549,42.72,5.235,0.2699999939650297
63550,42.72,5.25,0.25999999418854713
63551,42.72,5.265,0.25999999418854713
63552,42.72,5.28,0.2699999939650297
63553,42.72,5.295,0.2699999939650297
63554,42.72,5.31,0.2699999939650297
63555,42.72,5.325,0.2699999939650297
63556,42.72,5.34,0.25999999418854713
63557,42.72,5.355,0.25999999418854713
63558,42.72,5.37,0.2699999939650297
63559,42.72,5.385,0.25999999418854713
63560,42.72,5.4,0.25999999418854713
63561,42.72,5.415,0.25999999418854713
63562,42.72,5.43,0.25999999418854713
63563,42.72,5.445,0.24999999441206455
63564,42.72,5.46,0.24999999441206455
63565,42.72,5.475,0.24999999441206455
63566,42.72,5.49,0.23999999463558197
63851,42.73,3.51,0.3999999910593033
63852,42.73,3.525,0.42999999038875103
63853,42.73,3.54,0.4599999897181988
63854,42.73,3.555,0.4999999888241291
63855,42.73,3.57,0.46999998949468136
63856,42.73,3.585,0.4499999899417162
63857,42.73,3.6,0.41999999061226845
63858,42.73,3.615,0.3799999915063381
63859,42.73,3.63,0.35999999195337296
63860,42.73,3.645,0.3199999928474426
63861,42.73,3.66,0.2699999939650297
63862,42.73,3.675,0.24999999441206455
63863,42.73,3.69,0.2299999948590994
63864,42.73,3.705,0.2199999950826168
63865,42.73,3.72,0.2299999948590994
63866,42.73,3.735,0.2299999948590994
63867,42.73,3.75,0.23999999463558197
63868,42.73,3.765,0.2299999948590994
63869,42.73,3.78,0.2299999948590994
63870,42.73,3.795,0.2299999948590994
63871,42.73,3.81,0.2299999948590994
63872,42.73,3.825,0.2299999948590994
63873,42.73,3.84,0.23999999463558197
63874,42.73,3.855,0.2299999948590994
63875,42.73,3.87,0.2299999948590994
63876,42.73,3.885,0.2299999948590994
63877,42.73,3.9,0.2299999948590994
63878,42.73,3.915,0.23999999463558197
63879,42.73,3.93,0.23999999463558197
63880,42.73,3.945,0.23999999463558197
63881,42.73,3.96,0.23999999463558197
63882,42.73,3.975,0.23999999463558197
63883,42.73,3.99,0.2199999950826168
63884,42.73,4.005,0.2299999948590994
63885,42.73,4.02,0.2299999948590994
63886,42.73,4.035,0.2299999948590994
63887,42.73,4.05,0.20999999530613422
63888,42.73,4.065,0.20999999530613422
63889,42.73,4.08,0.20999999530613422
63890,42.73,4.095,0.2199999950826168
63891,42.73,4.11,0.2199999950826168
63892,42.73,4.125,0.2199999950826168
63893,42.73,4.14,0.25999999418854713
63894,42.73,4.155,0.2799999937415123
63895,42.73,4.17,0.2899999935179949
63896,42.73,4.185,0.3199999928474426
63897,42.73,4.2,0.3399999924004078
63898,42.73,4.215,0.35999999195337296
63899,42.73,4.23,0.42999999038875103
63900,42.73,4.245,0.30999999307096004
63901,42.73,4.26,0.30999999307096004
63902,42.73,4.275,0.30999999307096004
63903,42.73,4.29,0.3199999928474426
63904,42.73,4.305,0.29999999329447746
63905,42.73,4.32,0.2899999935179949
63906,42.73,4.335,0.2699999939650297
63907,42.73,4.35,0.24999999441206455
63908,42.73,4.365,0.23999999463558197
63909,42.73,4.38,0.2199999950826168
63910,42.73,4.395,0.2199999950826168
63911,42.73,4.41,0.2199999950826168
63912,42.73,4.425,0.18999999575316906
63913,42.73,4.44,0.2199999950826168
63914,42.73,4.455,0.19999999552965164
63915,42.73,4.47,0.20999999530613422
63916,42.73,4.485,0.25999999418854713
63917,42.73,4.5,0.29999999329447746
63918,42.73,4.515,0.2899999935179949
63919,42.73,4.53,0.2799999937415123
63920,42.73,4.545,0.2799999937415123
63921,42.73,4.56,0.25999999418854713
63922,42.73,4.575,0.25999999418854713
63923,42.73,4.59,0.24999999441206455
63924,42.73,4.605,0.24999999441206455
63925,42.73,4.62,0.2699999939650297
63926,42.73,4.635,0.2799999937415123
63927,42.73,4.65,0.2799999937415123
63928,42.73,4.665,0.25999999418854713
63929,42.73,4.68,0.24999999441206455
63930,42.73,4.695,0.23999999463558197
63931,42.73,4.71,0.23999999463558197
63932,42.73,4.725,0.23999999463558197
63933,42.73,4.74,0.23999999463558197
63934,42.73,4.755,0.23999999463558197
63935,42.73,4.77,0.23999999463558197
63936,42.73,4.785,0.2299999948590994
63937,42.73,4.8,0.23999999463558197
63938,42.73,4.815,0.2299999948590994
63939,42.73,4.83,0.23999999463558197
63940,42.73,4.845,0.23999999463558197
63941,42.73,4.86,0.23999999463558197
63942,42.73,4.875,0.23999999463558197
63943,42.73,4.89,0.2299999948590994
63944,42.73,4.905,0.23999999463558197
63945,42.73,4.92,0.24999999441206455
63946,42.73,4.935,0.25999999418854713
63947,42.73,4.95,0.24999999441206455
63948,42.73,4.965,0.24999999441206455
63949,42.73,4.98,0.24999999441206455
63950,42.73,4.995,0.24999999441206455
63951,42.73,5.01,0.24999999441206455
63952,42.73,5.025,0.24999999441206455
63953,42.73,5.04,0.24999999441206455
63954,42.73,5.055,0.24999999441206455
63955,42.73,5.07,0.24999999441206455
63956,42.73,5.085,0.24999999441206455
63957,42.73,5.1,0.24999999441206455
63958,42.73,5.115,0.24999999441206455
63959,42.73,5.13,0.24999999441206455
63960,42.73,5.145,0.24999999441206455
63961,42.73,5.16,0.24999999441206455
63962,42.73,5.175,0.25999999418854713
63963,42.73,5.19,0.25999999418854713
63964,42.73,5.205,0.2699999939650297
63965,42.73,5.22,0.2699999939650297
63966,42.73,5.235,0.2699999939650297
63967,42.73,5.25,0.25999999418854713
63968,42.73,5.265,0.25999999418854713
63969,42.73,5.28,0.25999999418854713
63970,42.73,5.295,0.25999999418854713
63971,42.73,5.31,0.2699999939650297
63972,42.73,5.325,0.25999999418854713
63973,42.73,5.34,0.25999999418854713
63974,42.73,5.355,0.25999999418854713
63975,42.73,5.37,0.25999999418854713
63976,42.73,5.385,0.25999999418854713
63977,42.73,5.4,0.25999999418854713
63978,42.73,5.415,0.25999999418854713
63979,42.73,5.43,0.25999999418854713
63980,42.73,5.445,0.23999999463558197
63981,42.73,5.46,0.23999999463558197
63982,42.73,5.475,0.23999999463558197
63983,42.73,5.49,0.2299999948590994
64268,42.74,3.51,0.41999999061226845
64269,42.74,3.525,0.46999998949468136
64270,42.74,3.54,0.5099999886006117
64271,42.74,3.555,0.5199999883770943
64272,42.74,3.57,0.5099999886006117
64273,42.74,3.585,0.46999998949468136
64274,42.74,3.6,0.4399999901652336
64275,42.74,3.615,0.40999999083578587
64276,42.74,3.63,0.3799999915063381
64277,42.74,3.645,0.3799999915063381
64278,42.74,3.66,0.3199999928474426
64279,42.74,3.675,0.2699999939650297
64280,42.74,3.69,0.24999999441206455
64281,42.74,3.705,0.2299999948590994
64282,42.74,3.72,0.2299999948590994
64283,42.74,3.735,0.2299999948590994
64284,42.74,3.75,0.24999999441206455
64285,42.74,3.765,0.23999999463558197
64286,42.74,3.78,0.2299999948590994
64287,42.74,3.795,0.2299999948590994
64288,42.74,3.81,0.23999999463558197
64289,42.74,3.825,0.2299999948590994
64290,42.74,3.84,0.2299999948590994
64291,42.74,3.855,0.2299999948590994
64292,42.74,3.87,0.2299999948590994
64293,42.74,3.885,0.2299999948590994
64294,42.74,3.9,0.2299999948590994
64295,42.74,3.915,0.2299999948590994
64296,42.74,3.93,0.24999999441206455
64297,42.74,3.945,0.24999999441206455
64298,42.74,3.96,0.2299999948590994
64299,42.74,3.975,0.23999999463558197
64300,42.74,3.99,0.23999999463558197
64301,42.74,4.005,0.23999999463558197
64302,42.74,4.02,0.23999999463558197
64303,42.74,4.035,0.2299999948590994
64304,42.74,4.05,0.20999999530613422
64305,42.74,4.065,0.2199999950826168
64306,42.74,4.08,0.2199999950826168
64307,42.74,4.095,0.2199999950826168
64308,42.74,4.11,0.2299999948590994
64309,42.74,4.125,0.2299999948590994
64310,42.74,4.14,0.2699999939650297
64311,42.74,4.155,0.2899999935179949
64312,42.74,4.17,0.29999999329447746
64313,42.74,4.185,0.3299999926239252
64314,42.74,4.2,0.3399999924004078
64315,42.74,4.215,0.3499999921768904
64316,42.74,4.23,0.40999999083578587
64317,42.74,4.245,0.3299999926239252
64318,42.74,4.26,0.30999999307096004
64319,42.74,4.275,0.30999999307096004
64320,42.74,4.29,0.30999999307096004
64321,42.74,4.305,0.2899999935179949
64322,42.74,4.32,0.2799999937415123
64323,42.74,4.335,0.2699999939650297
64324,42.74,4.35,0.24999999441206455
64325,42.74,4.365,0.23999999463558197
64326,42.74,4.38,0.2299999948590994
64327,42.74,4.395,0.2199999950826168
64328,42.74,4.41,0.2199999950826168
64329,42.74,4.425,0.18999999575316906
64330,42.74,4.44,0.18999999575316906
64331,42.74,4.455,0.19999999552965164
64332,42.74,4.47,0.20999999530613422
64333,42.74,4.485,0.23999999463558197
64334,42.74,4.5,0.2899999935179949
64335,42.74,4.515,0.29999999329447746
64336,42.74,4.53,0.29999999329447746
64337,42.74,4.545,0.2699999939650297
64338,42.74,4.56,0.25999999418854713
64339,42.74,4.575,0.24999999441206455
64340,42.74,4.59,0.2299999948590994
64341,42.74,4.605,0.24999999441206455
64342,42.74,4.62,0.2699999939650297
64343,42.74,4.635,0.2899999935179949
64344,42.74,4.65,0.29999999329447746
64345,42.74,4.665,0.2899999935179949
64346,42.74,4.68,0.2799999937415123
64347,42.74,4.695,0.25999999418854713
64348,42.74,4.71,0.25999999418854713
64349,42.74,4.725,0.24999999441206455
64350,42.74,4.74,0.23999999463558197
64351,42.74,4.755,0.2299999948590994
64352,42.74,4.77,0.2299999948590994
64353,42.74,4.785,0.2299999948590994
64354,42.74,4.8,0.23999999463558197
64355,42.74,4.815,0.23999999463558197
64356,42.74,4.83,0.2299999948590994
64357,42.74,4.845,0.2299999948590994
64358,42.74,4.86,0.23999999463558197
64359,42.74,4.875,0.23999999463558197
64360,42.74,4.89,0.2299999948590994
64361,42.74,4.905,0.2299999948590994
64362,42.74,4.92,0.24999999441206455
64363,42.74,4.935,0.24999999441206455
64364,42.74,4.95,0.23999999463558197
64365,42.74,4.965,0.23999999463558197
64366,42.74,4.98,0.23999999463558197
64367,42.74,4.995,0.24999999441206455
64368,42.74,5.01,0.23999999463558197
64369,42.74,5.025,0.2299999948590994
64370,42.74,5.04,0.24999999441206455
64371,42.74,5.055,0.23999999463558197
64372,42.74,5.07,0.24999999441206455
64373,42.74,5.085,0.23999999463558197
64374,42.74,5.1,0.23999999463558197
64375,42.74,5.115,0.23999999463558197
64376,42.74,5.13,0.23999999463558197
64377,42.74,5.145,0.24999999441206455
64378,42.74,5.16,0.24999999441206455
64379,42.74,5.175,0.24999999441206455
64380,42.74,5.19,0.24999999441206455
64381,42.74,5.205,0.25999999418854713
64382,42.74,5.22,0.25999999418854713
64383,42.74,5.235,0.25999999418854713
64384,42.74,5.25,0.25999999418854713
64385,42.74,5.265,0.25999999418854713
64386,42.74,5.28,0.2699999939650297
64387,42.74,5.295,0.2699999939650297
64388,42.74,5.31,0.2699999939650297
64389,42.74,5.325,0.25999999418854713
64390,42.74,5.34,0.25999999418854713
64391,42.74,5.355,0.25999999418854713
64392,42.74,5.37,0.24999999441206455
64393,42.74,5.385,0.25999999418854713
64394,42.74,5.4,0.25999999418854713
64395,42.74,5.415,0.24999999441206455
64396,42.74,5.43,0.24999999441206455
64397,42.74,5.445,0.23999999463558197
64398,42.74,5.46,0.23999999463558197
64399,42.74,5.475,0.2299999948590994
64400,42.74,5.49,0.2299999948590994
64685,42.75,3.51,0.4599999897181988
64686,42.75,3.525,0.47999998927116394
64687,42.75,3.54,0.5299999881535769
64688,42.75,3.555,0.5399999879300594
64689,42.75,3.57,0.5199999883770943
64690,42.75,3.585,0.4999999888241291
64691,42.75,3.6,0.4599999897181988
64692,42.75,3.615,0.4399999901652336
64693,42.75,3.63,0.42999999038875103
64694,42.75,3.645,0.3999999910593033
64695,42.75,3.66,0.3499999921768904
64696,42.75,3.675,0.2799999937415123
64697,42.75,3.69,0.23999999463558197
64698,42.75,3.705,0.23999999463558197
64699,42.75,3.72,0.23999999463558197
64700,42.75,3.735,0.23999999463558197
64701,42.75,3.75,0.23999999463558197
64702,42.75,3.765,0.23999999463558197
64703,42.75,3.78,0.2299999948590994
64704,42.75,3.795,0.2299999948590994
64705,42.75,3.81,0.2299999948590994
64706,42.75,3.825,0.2299999948590994
64707,42.75,3.84,0.2299999948590994
64708,42.75,3.855,0.2299999948590994
64709,42.75,3.87,0.2199999950826168
64710,42.75,3.885,0.2299999948590994
64711,42.75,3.9,0.2299999948590994
64712,42.75,3.915,0.23999999463558197
64713,42.75,3.93,0.2299999948590994
64714,42.75,3.945,0.24999999441206455
64715,42.75,3.96,0.23999999463558197
64716,42.75,3.975,0.24999999441206455
64717,42.75,3.99,0.24999999441206455
64718,42.75,4.005,0.24999999441206455
64719,42.75,4.02,0.23999999463558197
64720,42.75,4.035,0.23999999463558197
64721,42.75,4.05,0.2299999948590994
64722,42.75,4.065,0.2299999948590994
64723,42.75,4.08,0.23999999463558197
64724,42.75,4.095,0.24999999441206455
64725,42.75,4.11,0.24999999441206455
64726,42.75,4.125,0.25999999418854713
64727,42.75,4.14,0.2699999939650297
64728,42.75,4.155,0.2899999935179949
64729,42.75,4.17,0.29999999329447746
64730,42.75,4.185,0.3199999928474426
64731,42.75,4.2,0.3399999924004078
64732,42.75,4.215,0.3499999921768904
64733,42.75,4.23,0.41999999061226845
64734,42.75,4.245,0.3399999924004078
64735,42.75,4.26,0.3199999928474426
64736,42.75,4.275,0.30999999307096004
64737,42.75,4.29,0.2899999935179949
64738,42.75,4.305,0.2899999935179949
64739,42.75,4.32,0.2799999937415123
64740,42.75,4.335,0.2799999937415123
64741,42.75,4.35,0.23999999463558197
64742,42.75,4.365,0.2299999948590994
64743,42.75,4.38,0.2299999948590994
64744,42.75,4.395,0.23999999463558197
64745,42.75,4.41,0.19999999552965164
64746,42.75,4.425,0.19999999552965164
64747,42.75,4.44,0.17999999597668648
64748,42.75,4.455,0.18999999575316906
64749,42.75,4.47,0.20999999530613422
64750,42.75,4.485,0.23999999463558197
64751,42.75,4.5,0.2899999935179949
64752,42.75,4.515,0.30999999307096004
64753,42.75,4.53,0.30999999307096004
64754,42.75,4.545,0.2899999935179949
64755,42.75,4.56,0.25999999418854713
64756,42.75,4.575,0.24999999441206455
64757,42.75,4.59,0.23999999463558197
64758,42.75,4.605,0.25999999418854713
64759,42.75,4.62,0.2899999935179949
64760,42.75,4.635,0.3199999928474426
64761,42.75,4.65,0.3399999924004078
64762,42.75,4.665,0.3399999924004078
64763,42.75,4.68,0.3199999928474426
64764,42.75,4.695,0.29999999329447746
64765,42.75,4.71,0.2899999935179949
64766,42.75,4.725,0.25999999418854713
64767,42.75,4.74,0.25999999418854713
64768,42.75,4.755,0.24999999441206455
64769,42.75,4.77,0.23999999463558197
64770,42.75,4.785,0.23999999463558197
64771,42.75,4.8,0.2299999948590994
64772,42.75,4.815,0.2299999948590994
64773,42.75,4.83,0.2299999948590994
64774,42.75,4.845,0.2299999948590994
64775,42.75,4.86,0.2299999948590994
64776,42.75,4.875,0.2299999948590994
64777,42.75,4.89,0.2299999948590994
64778,42.75,4.905,0.2299999948590994
64779,42.75,4.92,0.23999999463558197
64780,42.75,4.935,0.23999999463558197
64781,42.75,4.95,0.2299999948590994
64782,42.75,4.965,0.23999999463558197
64783,42.75,4.98,0.23999999463558197
64784,42.75,4.995,0.23999999463558197
64785,42.75,5.01,0.23999999463558197
64786,42.75,5.025,0.23999999463558197
64787,42.75,5.04,0.2299999948590994
64788,42.75,5.055,0.23999999463558197
64789,42.75,5.07,0.2299999948590994
64790,42.75,5.085,0.23999999463558197
64791,42.75,5.1,0.23999999463558197
64792,42.75,5.115,0.23999999463558197
64793,42.75,5.13,0.24999999441206455
64794,42.75,5.145,0.24999999441206455
64795,42.75,5.16,0.24999999441206455
64796,42.75,5.175,0.24999999441206455
64797,42.75,5.19,0.23999999463558197
64798,42.75,5.205,0.25999999418854713
64799,42.75,5.22,0.25999999418854713
64800,42.75,5.235,0.24999999441206455
64801,42.75,5.25,0.24999999441206455
64802,42.75,5.265,0.25999999418854713
64803,42.75,5.28,0.25999999418854713
64804,42.75,5.295,0.25999999418854713
64805,42.75,5.31,0.25999999418854713
64806,42.75,5.325,0.24999999441206455
64807,42.75,5.34,0.24999999441206455
64808,42.75,5.355,0.25999999418854713
64809,42.75,5.37,0.25999999418854713
64810,42.75,5.385,0.24999999441206455
64811,42.75,5.4,0.25999999418854713
64812,42.75,5.415,0.23999999463558197
64813,42.75,5.43,0.23999999463558197
64814,42.75,5.445,0.23999999463558197
64815,42.75,5.46,0.23999999463558197
64816,42.75,5.475,0.2299999948590994
64817,42.75,5.49,0.23999999463558197
65102,42.76,3.51,0.5399999879300594
65103,42.76,3.525,0.5199999883770943
65104,42.76,3.54,0.5399999879300594
65105,42.76,3.555,0.5699999872595072
65106,42.76,3.57,0.5199999883770943
65107,42.76,3.585,0.4999999888241291
65108,42.76,3.6,0.47999998927116394
65109,42.76,3.615,0.4499999899417162
65110,42.76,3.63,0.4399999901652336
65111,42.76,3.645,0.3899999912828207
65112,42.76,3.66,0.3299999926239252
65113,42.76,3.675,0.2799999937415123
65114,42.76,3.69,0.25999999418854713
65115,42.76,3.705,0.24999999441206455
65116,42.76,3.72,0.24999999441206455
65117,42.76,3.735,0.23999999463558197
65118,42.76,3.75,0.2299999948590994
65119,42.76,3.765,0.23999999463558197
65120,42.76,3.78,0.23999999463558197
65121,42.76,3.795,0.23999999463558197
65122,42.76,3.81,0.23999999463558197
65123,42.76,3.825,0.2299999948590994
65124,42.76,3.84,0.2199999950826168
65125,42.76,3.855,0.2199999950826168
65126,42.76,3.87,0.2199999950826168
65127,42.76,3.885,0.2299999948590994
65128,42.76,3.9,0.23999999463558197
65129,42.76,3.915,0.2299999948590994
65130,42.76,3.93,0.23999999463558197
65131,42.76,3.945,0.23999999463558197
65132,42.76,3.96,0.24999999441206455
65133,42.76,3.975,0.24999999441206455
65134,42.76,3.99,0.25999999418854713
65135,42.76,4.005,0.25999999418854713
65136,42.76,4.02,0.24999999441206455
65137,42.76,4.035,0.25999999418854713
65138,42.76,4.05,0.25999999418854713
65139,42.76,4.065,0.2699999939650297
65140,42.76,4.08,0.2699999939650297
65141,42.76,4.095,0.2699999939650297
65142,42.76,4.11,0.2699999939650297
65143,42.76,4.125,0.29999999329447746
65144,42.76,4.14,0.29999999329447746
65145,42.76,4.155,0.29999999329447746
65146,42.76,4.17,0.30999999307096004
65147,42.76,4.185,0.3499999921768904
65148,42.76,4.2,0.35999999195337296
65149,42.76,4.215,0.35999999195337296
65150,42.76,4.23,0.41999999061226845
65151,42.76,4.245,0.3299999926239252
65152,42.76,4.26,0.3199999928474426
65153,42.76,4.275,0.29999999329447746
65154,42.76,4.29,0.2799999937415123
65155,42.76,4.305,0.2899999935179949
65156,42.76,4.32,0.2899999935179949
65157,42.76,4.335,0.2699999939650297
65158,42.76,4.35,0.24999999441206455
65159,42.76,4.365,0.2299999948590994
65160,42.76,4.38,0.2299999948590994
65161,42.76,4.395,0.2199999950826168
65162,42.76,4.41,0.19999999552965164
65163,42.76,4.425,0.19999999552965164
65164,42.76,4.44,0.18999999575316906
65165,42.76,4.455,0.19999999552965164
65166,42.76,4.47,0.20999999530613422
65167,42.76,4.485,0.23999999463558197
65168,42.76,4.5,0.2799999937415123
65169,42.76,4.515,0.30999999307096004
65170,42.76,4.53,0.30999999307096004
65171,42.76,4.545,0.30999999307096004
65172,42.76,4.56,0.2799999937415123
65173,42.76,4.575,0.25999999418854713
65174,42.76,4.59,0.25999999418854713
65175,42.76,4.605,0.2699999939650297
65176,42.76,4.62,0.30999999307096004
65177,42.76,4.635,0.36999999172985554
65178,42.76,4.65,0.3899999912828207
65179,42.76,4.665,0.3899999912828207
65180,42.76,4.68,0.36999999172985554
65181,42.76,4.695,0.35999999195337296
65182,42.76,4.71,0.3299999926239252
65183,42.76,4.725,0.29999999329447746
65184,42.76,4.74,0.2799999937415123
65185,42.76,4.755,0.2699999939650297
65186,42.76,4.77,0.24999999441206455
65187,42.76,4.785,0.23999999463558197
65188,42.76,4.8,0.2299999948590994
65189,42.76,4.815,0.23999999463558197
65190,42.76,4.83,0.23999999463558197
65191,42.76,4.845,0.2299999948590994
65192,42.76,4.86,0.23999999463558197
65193,42.76,4.875,0.23999999463558197
65194,42.76,4.89,0.23999999463558197
65195,42.76,4.905,0.23999999463558197
65196,42.76,4.92,0.23999999463558197
65197,42.76,4.935,0.23999999463558197
65198,42.76,4.95,0.23999999463558197
65199,42.76,4.965,0.23999999463558197
65200,42.76,4.98,0.2299999948590994
65201,42.76,4.995,0.23999999463558197
65202,42.76,5.01,0.23999999463558197
65203,42.76,5.025,0.2299999948590994
65204,42.76,5.04,0.2299999948590994
65205,42.76,5.055,0.2299999948590994
65206,42.76,5.07,0.2299999948590994
65207,42.76,5.085,0.2299999948590994
65208,42.76,5.1,0.2299999948590994
65209,42.76,5.115,0.2299999948590994
65210,42.76,5.13,0.24999999441206455
65211,42.76,5.145,0.24999999441206455
65212,42.76,5.16,0.24999999441206455
65213,42.76,5.175,0.24999999441206455
65214,42.76,5.19,0.23999999463558197
65215,42.76,5.205,0.24999999441206455
65216,42.76,5.22,0.23999999463558197
65217,42.76,5.235,0.24999999441206455
65218,42.76,5.25,0.24999999441206455
65219,42.76,5.265,0.24999999441206455
65220,42.76,5.28,0.24999999441206455
65221,42.76,5.295,0.24999999441206455
65222,42.76,5.31,0.24999999441206455
65223,42.76,5.325,0.24999999441206455
65224,42.76,5.34,0.24999999441206455
65225,42.76,5.355,0.24999999441206455
65226,42.76,5.37,0.24999999441206455
65227,42.76,5.385,0.24999999441206455
65228,42.76,5.4,0.24999999441206455
65229,42.76,5.415,0.23999999463558197
65230,42.76,5.43,0.2299999948590994
65231,42.76,5.445,0.2299999948590994
65232,42.76,5.46,0.2299999948590994
65233,42.76,5.475,0.2299999948590994
65234,42.76,5.49,0.23999999463558197
65519,42.77,3.51,0.6099999863654375
65520,42.77,3.525,0.5999999865889549
65521,42.77,3.54,0.5999999865889549
65522,42.77,3.555,0.5699999872595072
65523,42.77,3.57,0.5399999879300594
65524,42.77,3.585,0.4999999888241291
65525,42.77,3.6,0.46999998949468136
65526,42.77,3.615,0.46999998949468136
65527,42.77,3.63,0.4399999901652336
65528,42.77,3.645,0.3899999912828207
65529,42.77,3.66,0.3199999928474426
65530,42.77,3.675,0.2699999939650297
65531,42.77,3.69,0.25999999418854713
65532,42.77,3.705,0.24999999441206455
65533,42.77,3.72,0.24999999441206455
65534,42.77,3.735,0.23999999463558197
65535,42.77,3.75,0.2299999948590994
65536,42.77,3.765,0.23999999463558197
65537,42.77,3.78,0.23999999463558197
65538,42.77,3.795,0.2299999948590994
65539,42.77,3.81,0.23999999463558197
65540,42.77,3.825,0.2299999948590994
65541,42.77,3.84,0.2299999948590994
65542,42.77,3.855,0.2299999948590994
65543,42.77,3.87,0.23999999463558197
65544,42.77,3.885,0.23999999463558197
65545,42.77,3.9,0.2299999948590994
65546,42.77,3.915,0.23999999463558197
65547,42.77,3.93,0.23999999463558197
65548,42.77,3.945,0.24999999441206455
65549,42.77,3.96,0.25999999418854713
65550,42.77,3.975,0.25999999418854713
65551,42.77,3.99,0.25999999418854713
65552,42.77,4.005,0.25999999418854713
65553,42.77,4.02,0.24999999441206455
65554,42.77,4.035,0.2699999939650297
65555,42.77,4.05,0.2699999939650297
65556,42.77,4.065,0.2899999935179949
65557,42.77,4.08,0.29999999329447746
65558,42.77,4.095,0.29999999329447746
65559,42.77,4.11,0.29999999329447746
65560,42.77,4.125,0.29999999329447746
65561,42.77,4.14,0.3199999928474426
65562,42.77,4.155,0.3199999928474426
65563,42.77,4.17,0.35999999195337296
65564,42.77,4.185,0.3899999912828207
65565,42.77,4.2,0.3799999915063381
65566,42.77,4.215,0.3799999915063381
65567,42.77,4.23,0.4399999901652336
65568,42.77,4.245,0.3199999928474426
65569,42.77,4.26,0.29999999329447746
65570,42.77,4.275,0.29999999329447746
65571,42.77,4.29,0.2699999939650297
65572,42.77,4.305,0.2899999935179949
65573,42.77,4.32,0.25999999418854713
65574,42.77,4.335,0.23999999463558197
65575,42.77,4.35,0.2299999948590994
65576,42.77,4.365,0.2299999948590994
65577,42.77,4.38,0.2299999948590994
65578,42.77,4.395,0.20999999530613422
65579,42.77,4.41,0.19999999552965164
65580,42.77,4.425,0.20999999530613422
65581,42.77,4.44,0.19999999552965164
65582,42.77,4.455,0.20999999530613422
65583,42.77,4.47,0.20999999530613422
65584,42.77,4.485,0.23999999463558197
65585,42.77,4.5,0.2799999937415123
65586,42.77,4.515,0.2899999935179949
65587,42.77,4.53,0.3199999928474426
65588,42.77,4.545,0.3199999928474426
65589,42.77,4.56,0.29999999329447746
65590,42.77,4.575,0.2799999937415123
65591,42.77,4.59,0.2699999939650297
65592,42.77,4.605,0.2799999937415123
65593,42.77,4.62,0.3299999926239252
65594,42.77,4.635,0.3899999912828207
65595,42.77,4.65,0.41999999061226845
65596,42.77,4.665,0.42999999038875103
65597,42.77,4.68,0.40999999083578587
65598,42.77,4.695,0.3999999910593033
65599,42.77,4.71,0.3799999915063381
65600,42.77,4.725,0.3399999924004078
65601,42.77,4.74,0.3199999928474426
65602,42.77,4.755,0.29999999329447746
65603,42.77,4.77,0.2699999939650297
65604,42.77,4.785,0.25999999418854713
65605,42.77,4.8,0.23999999463558197
65606,42.77,4.815,0.2299999948590994
65607,42.77,4.83,0.23999999463558197
65608,42.77,4.845,0.2299999948590994
65609,42.77,4.86,0.2299999948590994
65610,42.77,4.875,0.23999999463558197
65611,42.77,4.89,0.23999999463558197
65612,42.77,4.905,0.23999999463558197
65613,42.77,4.92,0.23999999463558197
65614,42.77,4.935,0.2299999948590994
65615,42.77,4.95,0.23999999463558197
65616,42.77,4.965,0.2299999948590994
65617,42.77,4.98,0.2299999948590994
65618,42.77,4.995,0.2299999948590994
65619,42.77,5.01,0.2299999948590994
65620,42.77,5.025,0.2299999948590994
65621,42.77,5.04,0.2299999948590994
65622,42.77,5.055,0.2299999948590994
65623,42.77,5.07,0.2299999948590994
65624,42.77,5.085,0.2299999948590994
65625,42.77,5.1,0.2299999948590994
65626,42.77,5.115,0.2299999948590994
65627,42.77,5.13,0.23999999463558197
65628,42.77,5.145,0.24999999441206455
65629,42.77,5.16,0.24999999441206455
65630,42.77,5.175,0.23999999463558197
65631,42.77,5.19,0.23999999463558197
65632,42.77,5.205,0.23999999463558197
65633,42.77,5.22,0.23999999463558197
65634,42.77,5.235,0.23999999463558197
65635,42.77,5.25,0.23999999463558197
65636,42.77,5.265,0.24999999441206455
65637,42.77,5.28,0.24999999441206455
65638,42.77,5.295,0.23999999463558197
65639,42.77,5.31,0.23999999463558197
65640,42.77,5.325,0.23999999463558197
65641,42.77,5.34,0.23999999463558197
65642,42.77,5.355,0.23999999463558197
65643,42.77,5.37,0.23999999463558197
65644,42.77,5.385,0.23999999463558197
65645,42.77,5.4,0.2299999948590994
65646,42.77,5.415,0.2299999948590994
65647,42.77,5.43,0.2199999950826168
65648,42.77,5.445,0.2299999948590994
65649,42.77,5.46,0.2299999948590994
65650,42.77,5.475,0.2299999948590994
65651,42.77,5.49,0.2299999948590994
65936,42.78,3.51,0.6599999852478504
65937,42.78,3.525,0.6499999854713678
65938,42.78,3.54,0.6399999856948853
65939,42.78,3.555,0.5899999868124723
65940,42.78,3.57,0.549999987706542
65941,42.78,3.585,0.5199999883770943
65942,42.78,3.6,0.4999999888241291
65943,42.78,3.615,0.47999998927116394
65944,42.78,3.63,0.4499999899417162
65945,42.78,3.645,0.3799999915063381
65946,42.78,3.66,0.3199999928474426
65947,42.78,3.675,0.2699999939650297
65948,42.78,3.69,0.25999999418854713
65949,42.78,3.705,0.2699999939650297
65950,42.78,3.72,0.25999999418854713
65951,42.78,3.735,0.24999999441206455
65952,42.78,3.75,0.23999999463558197
65953,42.78,3.765,0.23999999463558197
65954,42.78,3.78,0.23999999463558197
65955,42.78,3.795,0.23999999463558197
65956,42.78,3.81,0.23999999463558197
65957,42.78,3.825,0.2199999950826168
65958,42.78,3.84,0.2299999948590994
65959,42.78,3.855,0.2299999948590994
65960,42.78,3.87,0.23999999463558197
65961,42.78,3.885,0.2299999948590994
65962,42.78,3.9,0.2299999948590994
65963,42.78,3.915,0.23999999463558197
65964,42.78,3.93,0.24999999441206455
65965,42.78,3.945,0.2699999939650297
65966,42.78,3.96,0.25999999418854713
65967,42.78,3.975,0.25999999418854713
65968,42.78,3.99,0.25999999418854713
65969,42.78,4.005,0.25999999418854713
65970,42.78,4.02,0.2699999939650297
65971,42.78,4.035,0.2699999939650297
65972,42.78,4.05,0.2799999937415123
65973,42.78,4.065,0.29999999329447746
65974,42.78,4.08,0.3199999928474426
65975,42.78,4.095,0.3299999926239252
65976,42.78,4.11,0.3199999928474426
65977,42.78,4.125,0.30999999307096004
65978,42.78,4.14,0.3499999921768904
65979,42.78,4.155,0.3399999924004078
65980,42.78,4.17,0.3799999915063381
65981,42.78,4.185,0.41999999061226845
65982,42.78,4.2,0.40999999083578587
65983,42.78,4.215,0.3999999910593033
65984,42.78,4.23,0.3499999921768904
65985,42.78,4.245,0.3199999928474426
65986,42.78,4.26,0.29999999329447746
65987,42.78,4.275,0.2799999937415123
65988,42.78,4.29,0.2699999939650297
65989,42.78,4.305,0.25999999418854713
65990,42.78,4.32,0.24999999441206455
65991,42.78,4.335,0.2199999950826168
65992,42.78,4.35,0.20999999530613422
65993,42.78,4.365,0.2299999948590994
65994,42.78,4.38,0.2299999948590994
65995,42.78,4.395,0.19999999552965164
65996,42.78,4.41,0.2199999950826168
65997,42.78,4.425,0.20999999530613422
65998,42.78,4.44,0.19999999552965164
65999,42.78,4.455,0.23999999463558197
66000,42.78,4.47,0.20999999530613422
66001,42.78,4.485,0.2299999948590994
66002,42.78,4.5,0.24999999441206455
66003,42.78,4.515,0.2799999937415123
66004,42.78,4.53,0.30999999307096004
66005,42.78,4.545,0.3199999928474426
66006,42.78,4.56,0.29999999329447746
66007,42.78,4.575,0.2799999937415123
66008,42.78,4.59,0.2799999937415123
66009,42.78,4.605,0.2899999935179949
66010,42.78,4.62,0.3499999921768904
66011,42.78,4.635,0.3799999915063381
66012,42.78,4.65,0.42999999038875103
66013,42.78,4.665,0.42999999038875103
66014,42.78,4.68,0.4399999901652336
66015,42.78,4.695,0.42999999038875103
66016,42.78,4.71,0.40999999083578587
66017,42.78,4.725,0.3999999910593033
66018,42.78,4.74,0.3799999915063381
66019,42.78,4.755,0.3399999924004078
66020,42.78,4.77,0.29999999329447746
66021,42.78,4.785,0.2699999939650297
66022,42.78,4.8,0.25999999418854713
66023,42.78,4.815,0.23999999463558197
66024,42.78,4.83,0.23999999463558197
66025,42.78,4.845,0.23999999463558197
66026,42.78,4.86,0.23999999463558197
66027,42.78,4.875,0.2299999948590994
66028,42.78,4.89,0.23999999463558197
66029,42.78,4.905,0.23999999463558197
66030,42.78,4.92,0.23999999463558197
66031,42.78,4.935,0.23999999463558197
66032,42.78,4.95,0.23999999463558197
66033,42.78,4.965,0.2299999948590994
66034,42.78,4.98,0.23999999463558197
66035,42.78,4.995,0.2299999948590994
66036,42.78,5.01,0.2299999948590994
66037,42.78,5.025,0.2299999948590994
66038,42.78,5.04,0.23999999463558197
66039,42.78,5.055,0.2299999948590994
66040,42.78,5.07,0.2299999948590994
66041,42.78,5.085,0.2299999948590994
66042,42.78,5.1,0.2299999948590994
66043,42.78,5.115,0.2299999948590994
66044,42.78,5.13,0.23999999463558197
66045,42.78,5.145,0.23999999463558197
66046,42.78,5.16,0.23999999463558197
66047,42.78,5.175,0.23999999463558197
66048,42.78,5.19,0.23999999463558197
66049,42.78,5.205,0.2299999948590994
66050,42.78,5.22,0.2199999950826168
66051,42.78,5.235,0.2299999948590994
66052,42.78,5.25,0.2299999948590994
66053,42.78,5.265,0.2299999948590994
66054,42.78,5.28,0.2299999948590994
66055,42.78,5.295,0.23999999463558197
66056,42.78,5.31,0.23999999463558197
66057,42.78,5.325,0.23999999463558197
66058,42.78,5.34,0.23999999463558197
66059,42.78,5.355,0.23999999463558197
66060,42.78,5.37,0.23999999463558197
66061,42.78,5.385,0.2299999948590994
66062,42.78,5.4,0.2299999948590994
66063,42.78,5.415,0.2299999948590994
66064,42.78,5.43,0.2299999948590994
66065,42.78,5.445,0.2199999950826168
66066,42.78,5.46,0.2199999950826168
66067,42.78,5.475,0.2199999950826168
66068,42.78,5.49,0.2299999948590994
66353,42.79,3.51,0.669999985024333
66354,42.79,3.525,0.6799999848008156
66355,42.79,3.54,0.6299999859184027
66356,42.79,3.555,0.6099999863654375
66357,42.79,3.57,0.5999999865889549
66358,42.79,3.585,0.5799999870359898
66359,42.79,3.6,0.5399999879300594
66360,42.79,3.615,0.5099999886006117
66361,42.79,3.63,0.46999998949468136
66362,42.79,3.645,0.3999999910593033
66363,42.79,3.66,0.3399999924004078
66364,42.79,3.675,0.29999999329447746
66365,42.79,3.69,0.2899999935179949
66366,42.79,3.705,0.2699999939650297
66367,42.79,3.72,0.25999999418854713
66368,42.79,3.735,0.24999999441206455
66369,42.79,3.75,0.23999999463558197
66370,42.79,3.765,0.23999999463558197
66371,42.79,3.78,0.23999999463558197
66372,42.79,3.795,0.2299999948590994
66373,42.79,3.81,0.2299999948590994
66374,42.79,3.825,0.2299999948590994
66375,42.79,3.84,0.2299999948590994
66376,42.79,3.855,0.2299999948590994
66377,42.79,3.87,0.23999999463558197
66378,42.79,3.885,0.23999999463558197
66379,42.79,3.9,0.2299999948590994
66380,42.79,3.915,0.24999999441206455
66381,42.79,3.93,0.24999999441206455
66382,42.79,3.945,0.25999999418854713
66383,42.79,3.96,0.2799999937415123
66384,42.79,3.975,0.2699999939650297
66385,42.79,3.99,0.25999999418854713
66386,42.79,4.005,0.25999999418854713
66387,42.79,4.02,0.2699999939650297
66388,42.79,4.035,0.2699999939650297
66389,42.79,4.05,0.2799999937415123
66390,42.79,4.065,0.29999999329447746
66391,42.79,4.08,0.3199999928474426
66392,42.79,4.095,0.3399999924004078
66393,42.79,4.11,0.3399999924004078
66394,42.79,4.125,0.3299999926239252
66395,42.79,4.14,0.3399999924004078
66396,42.79,4.155,0.3499999921768904
66397,42.79,4.17,0.36999999172985554
66398,42.79,4.185,0.3899999912828207
66399,42.79,4.2,0.3799999915063381
66400,42.79,4.215,0.35999999195337296
66401,42.79,4.23,0.3399999924004078
66402,42.79,4.245,0.30999999307096004
66403,42.79,4.26,0.2899999935179949
66404,42.79,4.275,0.2799999937415123
66405,42.79,4.29,0.2699999939650297
66406,42.79,4.305,0.24999999441206455
66407,42.79,4.32,0.2299999948590994
66408,42.79,4.335,0.2199999950826168
66409,42.79,4.35,0.2199999950826168
66410,42.79,4.365,0.2299999948590994
66411,42.79,4.38,0.2299999948590994
66412,42.79,4.395,0.20999999530613422
66413,42.79,4.41,0.19999999552965164
66414,42.79,4.425,0.2299999948590994
66415,42.79,4.44,0.20999999530613422
66416,42.79,4.455,0.18999999575316906
66417,42.79,4.47,0.19999999552965164
66418,42.79,4.485,0.20999999530613422
66419,42.79,4.5,0.2299999948590994
66420,42.79,4.515,0.25999999418854713
66421,42.79,4.53,0.2799999937415123
66422,42.79,4.545,0.2799999937415123
66423,42.79,4.56,0.2899999935179949
66424,42.79,4.575,0.24999999441206455
66425,42.79,4.59,0.25999999418854713
66426,42.79,4.605,0.2899999935179949
66427,42.79,4.62,0.3299999926239252
66428,42.79,4.635,0.35999999195337296
66429,42.79,4.65,0.3999999910593033
66430,42.79,4.665,0.42999999038875103
66431,42.79,4.68,0.4599999897181988
66432,42.79,4.695,0.46999998949468136
66433,42.79,4.71,0.4599999897181988
66434,42.79,4.725,0.4399999901652336
66435,42.79,4.74,0.42999999038875103
66436,42.79,4.755,0.3899999912828207
66437,42.79,4.77,0.3499999921768904
66438,42.79,4.785,0.29999999329447746
66439,42.79,4.8,0.2799999937415123
66440,42.79,4.815,0.25999999418854713
66441,42.79,4.83,0.23999999463558197
66442,42.79,4.845,0.2299999948590994
66443,42.79,4.86,0.2299999948590994
66444,42.79,4.875,0.2299999948590994
66445,42.79,4.89,0.23999999463558197
66446,42.79,4.905,0.24999999441206455
66447,42.79,4.92,0.2299999948590994
66448,42.79,4.935,0.24999999441206455
66449,42.79,4.95,0.24999999441206455
66450,42.79,4.965,0.23999999463558197
66451,42.79,4.98,0.24999999441206455
66452,42.79,4.995,0.2299999948590994
66453,42.79,5.01,0.2299999948590994
66454,42.79,5.025,0.2199999950826168
66455,42.79,5.04,0.2299999948590994
66456,42.79,5.055,0.23999999463558197
66457,42.79,5.07,0.2299999948590994
66458,42.79,5.085,0.23999999463558197
66459,42.79,5.1,0.2299999948590994
66460,42.79,5.115,0.2299999948590994
66461,42.79,5.13,0.23999999463558197
66462,42.79,5.145,0.23999999463558197
66463,42.79,5.16,0.23999999463558197
66464,42.79,5.175,0.23999999463558197
66465,42.79,5.19,0.23999999463558197
66466,42.79,5.205,0.2199999950826168
66467,42.79,5.22,0.2199999950826168
66468,42.79,5.235,0.2199999950826168
66469,42.79,5.25,0.2299999948590994
66470,42.79,5.265,0.2299999948590994
66471,42.79,5.28,0.2299999948590994
66472,42.79,5.295,0.23999999463558197
66473,42.79,5.31,0.2299999948590994
66474,42.79,5.325,0.2299999948590994
66475,42.79,5.34,0.2299999948590994
66476,42.79,5.355,0.2299999948590994
66477,42.79,5.37,0.2299999948590994
66478,42.79,5.385,0.2299999948590994
66479,42.79,5.4,0.2199999950826168
66480,42.79,5.415,0.2299999948590994
66481,42.79,5.43,0.2299999948590994
66482,42.79,5.445,0.2199999950826168
66483,42.79,5.46,0.2199999950826168
66484,42.79,5.475,0.2299999948590994
66485,42.79,5.49,0.2199999950826168
66770,42.8,3.51,0.6599999852478504
66771,42.8,3.525,0.6599999852478504
66772,42.8,3.54,0.6399999856948853
66773,42.8,3.555,0.5799999870359898
66774,42.8,3.57,0.5799999870359898
66775,42.8,3.585,0.5999999865889549
66776,42.8,3.6,0.5599999874830246
66777,42.8,3.615,0.5299999881535769
66778,42.8,3.63,0.4999999888241291
66779,42.8,3.645,0.41999999061226845
66780,42.8,3.66,0.36999999172985554
66781,42.8,3.675,0.3499999921768904
66782,42.8,3.69,0.3199999928474426
66783,42.8,3.705,0.3199999928474426
66784,42.8,3.72,0.2899999935179949
66785,42.8,3.735,0.2699999939650297
66786,42.8,3.75,0.24999999441206455
66787,42.8,3.765,0.24999999441206455
66788,42.8,3.78,0.23999999463558197
66789,42.8,3.795,0.2299999948590994
66790,42.8,3.81,0.2299999948590994
66791,42.8,3.825,0.2299999948590994
66792,42.8,3.84,0.2299999948590994
66793,42.8,3.855,0.2299999948590994
66794,42.8,3.87,0.23999999463558197
66795,42.8,3.885,0.23999999463558197
66796,42.8,3.9,0.23999999463558197
66797,42.8,3.915,0.25999999418854713
66798,42.8,3.93,0.25999999418854713
66799,42.8,3.945,0.2699999939650297
66800,42.8,3.96,0.25999999418854713
66801,42.8,3.975,0.25999999418854713
66802,42.8,3.99,0.2699999939650297
66803,42.8,4.005,0.2699999939650297
66804,42.8,4.02,0.2799999937415123
66805,42.8,4.035,0.2799999937415123
66806,42.8,4.05,0.2899999935179949
66807,42.8,4.065,0.3199999928474426
66808,42.8,4.08,0.3399999924004078
66809,42.8,4.095,0.35999999195337296
66810,42.8,4.11,0.35999999195337296
66811,42.8,4.125,0.35999999195337296
66812,42.8,4.14,0.3899999912828207
66813,42.8,4.155,0.35999999195337296
66814,42.8,4.17,0.3799999915063381
66815,42.8,4.185,0.3799999915063381
66816,42.8,4.2,0.36999999172985554
66817,42.8,4.215,0.35999999195337296
66818,42.8,4.23,0.3199999928474426
66819,42.8,4.245,0.30999999307096004
66820,42.8,4.26,0.2799999937415123
66821,42.8,4.275,0.2699999939650297
66822,42.8,4.29,0.2799999937415123
66823,42.8,4.305,0.2699999939650297
66824,42.8,4.32,0.2299999948590994
66825,42.8,4.335,0.2199999950826168
66826,42.8,4.35,0.20999999530613422
66827,42.8,4.365,0.2299999948590994
66828,42.8,4.38,0.2299999948590994
66829,42.8,4.395,0.19999999552965164
66830,42.8,4.41,0.20999999530613422
66831,42.8,4.425,0.2199999950826168
66832,42.8,4.44,0.2199999950826168
66833,42.8,4.455,0.20999999530613422
66834,42.8,4.47,0.19999999552965164
66835,42.8,4.485,0.19999999552965164
66836,42.8,4.5,0.19999999552965164
66837,42.8,4.515,0.2299999948590994
66838,42.8,4.53,0.23999999463558197
66839,42.8,4.545,0.2299999948590994
66840,42.8,4.56,0.2299999948590994
66841,42.8,4.575,0.2199999950826168
66842,42.8,4.59,0.2199999950826168
66843,42.8,4.605,0.24999999441206455
66844,42.8,4.62,0.29999999329447746
66845,42.8,4.635,0.3199999928474426
66846,42.8,4.65,0.36999999172985554
66847,42.8,4.665,0.42999999038875103
66848,42.8,4.68,0.4599999897181988
66849,42.8,4.695,0.5199999883770943
66850,42.8,4.71,0.4999999888241291
66851,42.8,4.725,0.4899999890476465
66852,42.8,4.74,0.4599999897181988
66853,42.8,4.755,0.4399999901652336
66854,42.8,4.77,0.3999999910593033
66855,42.8,4.785,0.3399999924004078
66856,42.8,4.8,0.29999999329447746
66857,42.8,4.815,0.2699999939650297
66858,42.8,4.83,0.24999999441206455
66859,42.8,4.845,0.24999999441206455
66860,42.8,4.86,0.23999999463558197
66861,42.8,4.875,0.23999999463558197
66862,42.8,4.89,0.2299999948590994
66863,42.8,4.905,0.23999999463558197
66864,42.8,4.92,0.24999999441206455
66865,42.8,4.935,0.24999999441206455
66866,42.8,4.95,0.25999999418854713
66867,42.8,4.965,0.24999999441206455
66868,42.8,4.98,0.23999999463558197
66869,42.8,4.995,0.23999999463558197
66870,42.8,5.01,0.23999999463558197
66871,42.8,5.025,0.2299999948590994
66872,42.8,5.04,0.2299999948590994
66873,42.8,5.055,0.2299999948590994
66874,42.8,5.07,0.23999999463558197
66875,42.8,5.085,0.23999999463558197
66876,42.8,5.1,0.2299999948590994
66877,42.8,5.115,0.2299999948590994
66878,42.8,5.13,0.23999999463558197
66879,42.8,5.145,0.23999999463558197
66880,42.8,5.16,0.23999999463558197
66881,42.8,5.175,0.23999999463558197
66882,42.8,5.19,0.2299999948590994
66883,42.8,5.205,0.2299999948590994
66884,42.8,5.22,0.2199999950826168
66885,42.8,5.235,0.2299999948590994
66886,42.8,5.25,0.2199999950826168
66887,42.8,5.265,0.2299999948590994
66888,42.8,5.28,0.2299999948590994
66889,42.8,5.295,0.2299999948590994
66890,42.8,5.31,0.2199999950826168
66891,42.8,5.325,0.2299999948590994
66892,42.8,5.34,0.2199999950826168
66893,42.8,5.355,0.2199999950826168
66894,42.8,5.37,0.2199999950826168
66895,42.8,5.385,0.2199999950826168
66896,42.8,5.4,0.2199999950826168
66897,42.8,5.415,0.2199999950826168
66898,42.8,5.43,0.2199999950826168
66899,42.8,5.445,0.20999999530613422
66900,42.8,5.46,0.2199999950826168
66901,42.8,5.475,0.2299999948590994
66902,42.8,5.49,0.2199999950826168
67187,42.81,3.51,0.6299999859184027
67188,42.81,3.525,0.6099999863654375
67189,42.81,3.54,0.5599999874830246
67190,42.81,3.555,0.549999987706542
67191,42.81,3.57,0.549999987706542
67192,42.81,3.585,0.5899999868124723
67193,42.81,3.6,0.5699999872595072
67194,42.81,3.615,0.549999987706542
67195,42.81,3.63,0.5299999881535769
67196,42.81,3.645,0.47999998927116394
67197,42.81,3.66,0.4399999901652336
67198,42.81,3.675,0.41999999061226845
67199,42.81,3.69,0.3999999910593033
67200,42.81,3.705,0.3899999912828207
67201,42.81,3.72,0.36999999172985554
67202,42.81,3.735,0.3199999928474426
67203,42.81,3.75,0.29999999329447746
67204,42.81,3.765,0.2699999939650297
67205,42.81,3.78,0.2699999939650297
67206,42.81,3.795,0.25999999418854713
67207,42.81,3.81,0.23999999463558197
67208,42.81,3.825,0.2299999948590994
67209,42.81,3.84,0.2299999948590994
67210,42.81,3.855,0.2299999948590994
67211,42.81,3.87,0.2299999948590994
67212,42.81,3.885,0.2299999948590994
67213,42.81,3.9,0.24999999441206455
67214,42.81,3.915,0.24999999441206455
67215,42.81,3.93,0.2799999937415123
67216,42.81,3.945,0.2799999937415123
67217,42.81,3.96,0.2799999937415123
67218,42.81,3.975,0.2699999939650297
67219,42.81,3.99,0.2699999939650297
67220,42.81,4.005,0.2799999937415123
67221,42.81,4.02,0.2799999937415123
67222,42.81,4.035,0.2899999935179949
67223,42.81,4.05,0.30999999307096004
67224,42.81,4.065,0.3299999926239252
67225,42.81,4.08,0.35999999195337296
67226,42.81,4.095,0.36999999172985554
67227,42.81,4.11,0.36999999172985554
67228,42.81,4.125,0.3799999915063381
67229,42.81,4.14,0.40999999083578587
67230,42.81,4.155,0.41999999061226845
67231,42.81,4.17,0.36999999172985554
67232,42.81,4.185,0.36999999172985554
67233,42.81,4.2,0.3499999921768904
67234,42.81,4.215,0.3499999921768904
67235,42.81,4.23,0.30999999307096004
67236,42.81,4.245,0.29999999329447746
67237,42.81,4.26,0.2699999939650297
67238,42.81,4.275,0.25999999418854713
67239,42.81,4.29,0.2299999948590994
67240,42.81,4.305,0.20999999530613422
67241,42.81,4.32,0.20999999530613422
67242,42.81,4.335,0.20999999530613422
67243,42.81,4.35,0.19999999552965164
67244,42.81,4.365,0.2299999948590994
67245,42.81,4.38,0.2299999948590994
67246,42.81,4.395,0.23999999463558197
67247,42.81,4.41,0.19999999552965164
67248,42.81,4.425,0.2199999950826168
67249,42.81,4.44,0.20999999530613422
67250,42.81,4.455,0.18999999575316906
67251,42.81,4.47,0.18999999575316906
67252,42.81,4.485,0.20999999530613422
67253,42.81,4.5,0.20999999530613422
67254,42.81,4.515,0.18999999575316906
67255,42.81,4.53,0.20999999530613422
67256,42.81,4.545,0.19999999552965164
67257,42.81,4.56,0.20999999530613422
67258,42.81,4.575,0.19999999552965164
67259,42.81,4.59,0.20999999530613422
67260,42.81,4.605,0.2299999948590994
67261,42.81,4.62,0.24999999441206455
67262,42.81,4.635,0.2799999937415123
67263,42.81,4.65,0.3199999928474426
67264,42.81,4.665,0.3999999910593033
67265,42.81,4.68,0.46999998949468136
67266,42.81,4.695,0.4999999888241291
67267,42.81,4.71,0.549999987706542
67268,42.81,4.725,0.5099999886006117
67269,42.81,4.74,0.4999999888241291
67270,42.81,4.755,0.46999998949468136
67271,42.81,4.77,0.4399999901652336
67272,42.81,4.785,0.3899999912828207
67273,42.81,4.8,0.3299999926239252
67274,42.81,4.815,0.29999999329447746
67275,42.81,4.83,0.2699999939650297
67276,42.81,4.845,0.25999999418854713
67277,42.81,4.86,0.24999999441206455
67278,42.81,4.875,0.23999999463558197
67279,42.81,4.89,0.23999999463558197
67280,42.81,4.905,0.23999999463558197
67281,42.81,4.92,0.2299999948590994
67282,42.81,4.935,0.23999999463558197
67283,42.81,4.95,0.23999999463558197
67284,42.81,4.965,0.23999999463558197
67285,42.81,4.98,0.24999999441206455
67286,42.81,4.995,0.24999999441206455
67287,42.81,5.01,0.24999999441206455
67288,42.81,5.025,0.2299999948590994
67289,42.81,5.04,0.2299999948590994
67290,42.81,5.055,0.2299999948590994
67291,42.81,5.07,0.2299999948590994
67292,42.81,5.085,0.2299999948590994
67293,42.81,5.1,0.23999999463558197
67294,42.81,5.115,0.23999999463558197
67295,42.81,5.13,0.23999999463558197
67296,42.81,5.145,0.23999999463558197
67297,42.81,5.16,0.23999999463558197
67298,42.81,5.175,0.23999999463558197
67299,42.81,5.19,0.2299999948590994
67300,42.81,5.205,0.2299999948590994
67301,42.81,5.22,0.2199999950826168
67302,42.81,5.235,0.2199999950826168
67303,42.81,5.25,0.2199999950826168
67304,42.81,5.265,0.2199999950826168
67305,42.81,5.28,0.2199999950826168
67306,42.81,5.295,0.2299999948590994
67307,42.81,5.31,0.2299999948590994
67308,42.81,5.325,0.2199999950826168
67309,42.81,5.34,0.2299999948590994
67310,42.81,5.355,0.2199999950826168
67311,42.81,5.37,0.2199999950826168
67312,42.81,5.385,0.2199999950826168
67313,42.81,5.4,0.2199999950826168
67314,42.81,5.415,0.2199999950826168
67315,42.81,5.43,0.2199999950826168
67316,42.81,5.445,0.2199999950826168
67317,42.81,5.46,0.2199999950826168
67318,42.81,5.475,0.2199999950826168
67319,42.81,5.49,0.2199999950826168
67604,42.82,3.51,0.6299999859184027
67605,42.82,3.525,0.5899999868124723
67606,42.82,3.54,0.5299999881535769
67607,42.82,3.555,0.5199999883770943
67608,42.82,3.57,0.5399999879300594
67609,42.82,3.585,0.549999987706542
67610,42.82,3.6,0.5999999865889549
67611,42.82,3.615,0.5799999870359898
67612,42.82,3.63,0.5699999872595072
67613,42.82,3.645,0.5299999881535769
67614,42.82,3.66,0.5099999886006117
67615,42.82,3.675,0.4899999890476465
67616,42.82,3.69,0.47999998927116394
67617,42.82,3.705,0.4599999897181988
67618,42.82,3.72,0.4499999899417162
67619,42.82,3.735,0.40999999083578587
67620,42.82,3.75,0.36999999172985554
67621,42.82,3.765,0.3499999921768904
67622,42.82,3.78,0.3399999924004078
67623,42.82,3.795,0.30999999307096004
67624,42.82,3.81,0.2799999937415123
67625,42.82,3.825,0.23999999463558197
67626,42.82,3.84,0.23999999463558197
67627,42.82,3.855,0.2299999948590994
67628,42.82,3.87,0.2299999948590994
67629,42.82,3.885,0.23999999463558197
67630,42.82,3.9,0.24999999441206455
67631,42.82,3.915,0.2699999939650297
67632,42.82,3.93,0.25999999418854713
67633,42.82,3.945,0.2799999937415123
67634,42.82,3.96,0.2799999937415123
67635,42.82,3.975,0.2799999937415123
67636,42.82,3.99,0.2799999937415123
67637,42.82,4.005,0.2899999935179949
67638,42.82,4.02,0.2899999935179949
67639,42.82,4.035,0.29999999329447746
67640,42.82,4.05,0.3199999928474426
67641,42.82,4.065,0.3399999924004078
67642,42.82,4.08,0.35999999195337296
67643,42.82,4.095,0.3799999915063381
67644,42.82,4.11,0.3799999915063381
67645,42.82,4.125,0.35999999195337296
67646,42.82,4.14,0.40999999083578587
67647,42.82,4.155,0.4499999899417162
67648,42.82,4.17,0.35999999195337296
67649,42.82,4.185,0.35999999195337296
67650,42.82,4.2,0.3299999926239252
67651,42.82,4.215,0.3199999928474426
67652,42.82,4.23,0.30999999307096004
67653,42.82,4.245,0.2699999939650297
67654,42.82,4.26,0.25999999418854713
67655,42.82,4.275,0.25999999418854713
67656,42.82,4.29,0.2299999948590994
67657,42.82,4.305,0.20999999530613422
67658,42.82,4.32,0.2299999948590994
67659,42.82,4.335,0.20999999530613422
67660,42.82,4.35,0.19999999552965164
67661,42.82,4.365,0.19999999552965164
67662,42.82,4.38,0.19999999552965164
67663,42.82,4.395,0.24999999441206455
67664,42.82,4.41,0.20999999530613422
67665,42.82,4.425,0.19999999552965164
67666,42.82,4.44,0.18999999575316906
67667,42.82,4.455,0.19999999552965164
67668,42.82,4.47,0.18999999575316906
67669,42.82,4.485,0.19999999552965164
67670,42.82,4.5,0.20999999530613422
67671,42.82,4.515,0.18999999575316906
67672,42.82,4.53,0.17999999597668648
67673,42.82,4.545,0.17999999597668648
67674,42.82,4.56,0.17999999597668648
67675,42.82,4.575,0.17999999597668648
67676,42.82,4.59,0.18999999575316906
67677,42.82,4.605,0.19999999552965164
67678,42.82,4.62,0.23999999463558197
67679,42.82,4.635,0.24999999441206455
67680,42.82,4.65,0.29999999329447746
67681,42.82,4.665,0.3799999915063381
67682,42.82,4.68,0.46999998949468136
67683,42.82,4.695,0.5199999883770943
67684,42.82,4.71,0.5299999881535769
67685,42.82,4.725,0.549999987706542
67686,42.82,4.74,0.5199999883770943
67687,42.82,4.755,0.5099999886006117
67688,42.82,4.77,0.47999998927116394
67689,42.82,4.785,0.42999999038875103
67690,42.82,4.8,0.3799999915063381
67691,42.82,4.815,0.3299999926239252
67692,42.82,4.83,0.2899999935179949
67693,42.82,4.845,0.25999999418854713
67694,42.82,4.86,0.25999999418854713
67695,42.82,4.875,0.23999999463558197
67696,42.82,4.89,0.23999999463558197
67697,42.82,4.905,0.23999999463558197
67698,42.82,4.92,0.2299999948590994
67699,42.82,4.935,0.2299999948590994
67700,42.82,4.95,0.23999999463558197
67701,42.82,4.965,0.23999999463558197
67702,42.82,4.98,0.24999999441206455
67703,42.82,4.995,0.24999999441206455
67704,42.82,5.01,0.24999999441206455
67705,42.82,5.025,0.23999999463558197
67706,42.82,5.04,0.2299999948590994
67707,42.82,5.055,0.2299999948590994
67708,42.82,5.07,0.2299999948590994
67709,42.82,5.085,0.2299999948590994
67710,42.82,5.1,0.2299999948590994
67711,42.82,5.115,0.2299999948590994
67712,42.82,5.13,0.23999999463558197
67713,42.82,5.145,0.23999999463558197
67714,42.82,5.16,0.23999999463558197
67715,42.82,5.175,0.23999999463558197
67716,42.82,5.19,0.23999999463558197
67717,42.82,5.205,0.2299999948590994
67718,42.82,5.22,0.2299999948590994
67719,42.82,5.235,0.2299999948590994
67720,42.82,5.25,0.2199999950826168
67721,42.82,5.265,0.2199999950826168
67722,42.82,5.28,0.2199999950826168
67723,42.82,5.295,0.2199999950826168
67724,42.82,5.31,0.2199999950826168
67725,42.82,5.325,0.2299999948590994
67726,42.82,5.34,0.2199999950826168
67727,42.82,5.355,0.2299999948590994
67728,42.82,5.37,0.2199999950826168
67729,42.82,5.385,0.2299999948590994
67730,42.82,5.4,0.2199999950826168
67731,42.82,5.415,0.20999999530613422
67732,42.82,5.43,0.20999999530613422
67733,42.82,5.445,0.20999999530613422
67734,42.82,5.46,0.20999999530613422
67735,42.82,5.475,0.20999999530613422
67736,42.82,5.49,0.2199999950826168
68021,42.83,3.51,0.6599999852478504
68022,42.83,3.525,0.5999999865889549
68023,42.83,3.54,0.5199999883770943
68024,42.83,3.555,0.5399999879300594
68025,42.83,3.57,0.549999987706542
68026,42.83,3.585,0.549999987706542
68027,42.83,3.6,0.6199999861419201
68028,42.83,3.615,0.5999999865889549
68029,42.83,3.63,0.5999999865889549
68030,42.83,3.645,0.5699999872595072
68031,42.83,3.66,0.5399999879300594
68032,42.83,3.675,0.5199999883770943
68033,42.83,3.69,0.5199999883770943
68034,42.83,3.705,0.5199999883770943
68035,42.83,3.72,0.5099999886006117
68036,42.83,3.735,0.4899999890476465
68037,42.83,3.75,0.46999998949468136
68038,42.83,3.765,0.4599999897181988
68039,42.83,3.78,0.4399999901652336
68040,42.83,3.795,0.3999999910593033
68041,42.83,3.81,0.35999999195337296
68042,42.83,3.825,0.30999999307096004
68043,42.83,3.84,0.2799999937415123
68044,42.83,3.855,0.25999999418854713
68045,42.83,3.87,0.23999999463558197
68046,42.83,3.885,0.24999999441206455
68047,42.83,3.9,0.25999999418854713
68048,42.83,3.915,0.2699999939650297
68049,42.83,3.93,0.2799999937415123
68050,42.83,3.945,0.2899999935179949
68051,42.83,3.96,0.29999999329447746
68052,42.83,3.975,0.2899999935179949
68053,42.83,3.99,0.29999999329447746
68054,42.83,4.005,0.2899999935179949
68055,42.83,4.02,0.29999999329447746
68056,42.83,4.035,0.3199999928474426
68057,42.83,4.05,0.3299999926239252
68058,42.83,4.065,0.3299999926239252
68059,42.83,4.08,0.35999999195337296
68060,42.83,4.095,0.35999999195337296
68061,42.83,4.11,0.35999999195337296
68062,42.83,4.125,0.3799999915063381
68063,42.83,4.14,0.3899999912828207
68064,42.83,4.155,0.36999999172985554
68065,42.83,4.17,0.3399999924004078
68066,42.83,4.185,0.3299999926239252
68067,42.83,4.2,0.29999999329447746
68068,42.83,4.215,0.30999999307096004
68069,42.83,4.23,0.29999999329447746
68070,42.83,4.245,0.30999999307096004
68071,42.83,4.26,0.2799999937415123
68072,42.83,4.275,0.23999999463558197
68073,42.83,4.29,0.2199999950826168
68074,42.83,4.305,0.20999999530613422
68075,42.83,4.32,0.20999999530613422
68076,42.83,4.335,0.19999999552965164
68077,42.83,4.35,0.19999999552965164
68078,42.83,4.365,0.18999999575316906
68079,42.83,4.38,0.19999999552965164
68080,42.83,4.395,0.19999999552965164
68081,42.83,4.41,0.19999999552965164
68082,42.83,4.425,0.18999999575316906
68083,42.83,4.44,0.19999999552965164
68084,42.83,4.455,0.19999999552965164
68085,42.83,4.47,0.18999999575316906
68086,42.83,4.485,0.18999999575316906
68087,42.83,4.5,0.17999999597668648
68088,42.83,4.515,0.2199999950826168
68089,42.83,4.53,0.17999999597668648
68090,42.83,4.545,0.17999999597668648
68091,42.83,4.56,0.1699999962002039
68092,42.83,4.575,0.17999999597668648
68093,42.83,4.59,0.1699999962002039
68094,42.83,4.605,0.18999999575316906
68095,42.83,4.62,0.2299999948590994
68096,42.83,4.635,0.23999999463558197
68097,42.83,4.65,0.3299999926239252
68098,42.83,4.665,0.41999999061226845
68099,42.83,4.68,0.47999998927116394
68100,42.83,4.695,0.5199999883770943
68101,42.83,4.71,0.5599999874830246
68102,42.83,4.725,0.549999987706542
68103,42.83,4.74,0.549999987706542
68104,42.83,4.755,0.549999987706542
68105,42.83,4.77,0.5199999883770943
68106,42.83,4.785,0.47999998927116394
68107,42.83,4.8,0.41999999061226845
68108,42.83,4.815,0.36999999172985554
68109,42.83,4.83,0.3199999928474426
68110,42.83,4.845,0.29999999329447746
68111,42.83,4.86,0.2699999939650297
68112,42.83,4.875,0.24999999441206455
68113,42.83,4.89,0.24999999441206455
68114,42.83,4.905,0.23999999463558197
68115,42.83,4.92,0.23999999463558197
68116,42.83,4.935,0.2299999948590994
68117,42.83,4.95,0.2299999948590994
68118,42.83,4.965,0.2299999948590994
68119,42.83,4.98,0.24999999441206455
68120,42.83,4.995,0.25999999418854713
68121,42.83,5.01,0.24999999441206455
68122,42.83,5.025,0.23999999463558197
68123,42.83,5.04,0.23999999463558197
68124,42.83,5.055,0.2299999948590994
68125,42.83,5.07,0.23999999463558197
68126,42.83,5.085,0.2299999948590994
68127,42.83,5.1,0.2199999950826168
68128,42.83,5.115,0.2299999948590994
68129,42.83,5.13,0.2299999948590994
68130,42.83,5.145,0.23999999463558197
68131,42.83,5.16,0.2299999948590994
68132,42.83,5.175,0.2299999948590994
68133,42.83,5.19,0.23999999463558197
68134,42.83,5.205,0.2299999948590994
68135,42.83,5.22,0.2299999948590994
68136,42.83,5.235,0.2299999948590994
68137,42.83,5.25,0.20999999530613422
68138,42.83,5.265,0.19999999552965164
68139,42.83,5.28,0.19999999552965164
68140,42.83,5.295,0.20999999530613422
68141,42.83,5.31,0.2199999950826168
68142,42.83,5.325,0.2299999948590994
68143,42.83,5.34,0.2299999948590994
68144,42.83,5.355,0.23999999463558197
68145,42.83,5.37,0.2299999948590994
68146,42.83,5.385,0.2299999948590994
68147,42.83,5.4,0.2199999950826168
68148,42.83,5.415,0.20999999530613422
68149,42.83,5.43,0.20999999530613422
68150,42.83,5.445,0.20999999530613422
68151,42.83,5.46,0.20999999530613422
68152,42.83,5.475,0.20999999530613422
68153,42.83,5.49,0.20999999530613422
68438,42.84,3.51,0.6899999845772982
68439,42.84,3.525,0.6499999854713678
68440,42.84,3.54,0.5899999868124723
68441,42.84,3.555,0.549999987706542
68442,42.84,3.57,0.549999987706542
68443,42.84,3.585,0.5599999874830246
68444,42.84,3.6,0.6199999861419201
68445,42.84,3.615,0.6199999861419201
68446,42.84,3.63,0.6199999861419201
68447,42.84,3.645,0.5899999868124723
68448,42.84,3.66,0.549999987706542
68449,42.84,3.675,0.5199999883770943
68450,42.84,3.69,0.5399999879300594
68451,42.84,3.705,0.549999987706542
68452,42.84,3.72,0.549999987706542
68453,42.84,3.735,0.5599999874830246
68454,42.84,3.75,0.549999987706542
68455,42.84,3.765,0.5399999879300594
68456,42.84,3.78,0.5299999881535769
68457,42.84,3.795,0.4999999888241291
68458,42.84,3.81,0.4499999899417162
68459,42.84,3.825,0.3899999912828207
68460,42.84,3.84,0.3499999921768904
68461,42.84,3.855,0.3399999924004078
68462,42.84,3.87,0.3299999926239252
68463,42.84,3.885,0.30999999307096004
68464,42.84,3.9,0.30999999307096004
68465,42.84,3.915,0.2799999937415123
68466,42.84,3.93,0.29999999329447746
68467,42.84,3.945,0.3199999928474426
68468,42.84,3.96,0.3299999926239252
68469,42.84,3.975,0.30999999307096004
68470,42.84,3.99,0.29999999329447746
68471,42.84,4.005,0.29999999329447746
68472,42.84,4.02,0.30999999307096004
68473,42.84,4.035,0.30999999307096004
68474,42.84,4.05,0.3399999924004078
68475,42.84,4.065,0.36999999172985554
68476,42.84,4.08,0.36999999172985554
68477,42.84,4.095,0.3499999921768904
68478,42.84,4.11,0.3299999926239252
68479,42.84,4.125,0.3499999921768904
68480,42.84,4.14,0.35999999195337296
68481,42.84,4.155,0.3499999921768904
68482,42.84,4.17,0.3199999928474426
68483,42.84,4.185,0.3199999928474426
68484,42.84,4.2,0.2799999937415123
68485,42.84,4.215,0.2899999935179949
68486,42.84,4.23,0.2899999935179949
68487,42.84,4.245,0.2699999939650297
68488,42.84,4.26,0.25999999418854713
68489,42.84,4.275,0.25999999418854713
68490,42.84,4.29,0.2299999948590994
68491,42.84,4.305,0.19999999552965164
68492,42.84,4.32,0.2299999948590994
68493,42.84,4.335,0.18999999575316906
68494,42.84,4.35,0.19999999552965164
68495,42.84,4.365,0.19999999552965164
68496,42.84,4.38,0.18999999575316906
68497,42.84,4.395,0.19999999552965164
68498,42.84,4.41,0.18999999575316906
68499,42.84,4.425,0.18999999575316906
68500,42.84,4.44,0.19999999552965164
68501,42.84,4.455,0.17999999597668648
68502,42.84,4.47,0.19999999552965164
68503,42.84,4.485,0.17999999597668648
68504,42.84,4.5,0.18999999575316906
68505,42.84,4.515,0.1699999962002039
68506,42.84,4.53,0.17999999597668648
68507,42.84,4.545,0.17999999597668648
68508,42.84,4.56,0.19999999552965164
68509,42.84,4.575,0.18999999575316906
68510,42.84,4.59,0.17999999597668648
68511,42.84,4.605,0.20999999530613422
68512,42.84,4.62,0.24999999441206455
68513,42.84,4.635,0.2899999935179949
68514,42.84,4.65,0.36999999172985554
68515,42.84,4.665,0.4399999901652336
68516,42.84,4.68,0.4999999888241291
68517,42.84,4.695,0.5399999879300594
68518,42.84,4.71,0.5599999874830246
68519,42.84,4.725,0.549999987706542
68520,42.84,4.74,0.5799999870359898
68521,42.84,4.755,0.5799999870359898
68522,42.84,4.77,0.5699999872595072
68523,42.84,4.785,0.549999987706542
68524,42.84,4.8,0.46999998949468136
68525,42.84,4.815,0.42999999038875103
68526,42.84,4.83,0.36999999172985554
68527,42.84,4.845,0.3199999928474426
68528,42.84,4.86,0.2899999935179949
68529,42.84,4.875,0.2699999939650297
68530,42.84,4.89,0.23999999463558197
68531,42.84,4.905,0.23999999463558197
68532,42.84,4.92,0.2299999948590994
68533,42.84,4.935,0.2199999950826168
68534,42.84,4.95,0.2199999950826168
68535,42.84,4.965,0.2299999948590994
68536,42.84,4.98,0.2299999948590994
68537,42.84,4.995,0.23999999463558197
68538,42.84,5.01,0.24999999441206455
68539,42.84,5.025,0.24999999441206455
68540,42.84,5.04,0.23999999463558197
68541,42.84,5.055,0.23999999463558197
68542,42.84,5.07,0.23999999463558197
68543,42.84,5.085,0.2199999950826168
68544,42.84,5.1,0.2299999948590994
68545,42.84,5.115,0.2199999950826168
68546,42.84,5.13,0.2299999948590994
68547,42.84,5.145,0.2299999948590994
68548,42.84,5.16,0.2299999948590994
68549,42.84,5.175,0.2299999948590994
68550,42.84,5.19,0.2299999948590994
68551,42.84,5.205,0.2199999950826168
68552,42.84,5.22,0.2199999950826168
68553,42.84,5.235,0.2199999950826168
68554,42.84,5.25,0.20999999530613422
68555,42.84,5.265,0.18999999575316906
68556,42.84,5.28,0.18999999575316906
68557,42.84,5.295,0.20999999530613422
68558,42.84,5.31,0.2299999948590994
68559,42.84,5.325,0.2299999948590994
68560,42.84,5.34,0.2299999948590994
68561,42.84,5.355,0.23999999463558197
68562,42.84,5.37,0.2299999948590994
68563,42.84,5.385,0.2299999948590994
68564,42.84,5.4,0.2199999950826168
68565,42.84,5.415,0.2199999950826168
68566,42.84,5.43,0.20999999530613422
68567,42.84,5.445,0.20999999530613422
68568,42.84,5.46,0.2199999950826168
68569,42.84,5.475,0.20999999530613422
68570,42.84,5.49,0.2199999950826168
68855,42.85,3.51,0.7199999839067459
68856,42.85,3.525,0.6799999848008156
68857,42.85,3.54,0.6199999861419201
68858,42.85,3.555,0.5999999865889549
68859,42.85,3.57,0.5699999872595072
68860,42.85,3.585,0.5599999874830246
68861,42.85,3.6,0.6199999861419201
68862,42.85,3.615,0.6299999859184027
68863,42.85,3.63,0.6299999859184027
68864,42.85,3.645,0.5999999865889549
68865,42.85,3.66,0.5599999874830246
68866,42.85,3.675,0.5299999881535769
68867,42.85,3.69,0.5399999879300594
68868,42.85,3.705,0.549999987706542
68869,42.85,3.72,0.5699999872595072
68870,42.85,3.735,0.5699999872595072
68871,42.85,3.75,0.5799999870359898
68872,42.85,3.765,0.5799999870359898
68873,42.85,3.78,0.5599999874830246
68874,42.85,3.795,0.549999987706542
68875,42.85,3.81,0.5199999883770943
68876,42.85,3.825,0.4899999890476465
68877,42.85,3.84,0.4399999901652336
68878,42.85,3.855,0.40999999083578587
68879,42.85,3.87,0.40999999083578587
68880,42.85,3.885,0.36999999172985554
68881,42.85,3.9,0.3499999921768904
68882,42.85,3.915,0.29999999329447746
68883,42.85,3.93,0.2799999937415123
68884,42.85,3.945,0.29999999329447746
68885,42.85,3.96,0.3299999926239252
68886,42.85,3.975,0.30999999307096004
68887,42.85,3.99,0.30999999307096004
68888,42.85,4.005,0.3199999928474426
68889,42.85,4.02,0.3299999926239252
68890,42.85,4.035,0.3399999924004078
68891,42.85,4.05,0.3499999921768904
68892,42.85,4.065,0.36999999172985554
68893,42.85,4.08,0.3499999921768904
68894,42.85,4.095,0.3499999921768904
68895,42.85,4.11,0.30999999307096004
68896,42.85,4.125,0.3499999921768904
68897,42.85,4.14,0.3399999924004078
68898,42.85,4.155,0.2699999939650297
68899,42.85,4.17,0.23999999463558197
68900,42.85,4.185,0.24999999441206455
68901,42.85,4.2,0.2299999948590994
68902,42.85,4.215,0.2299999948590994
68903,42.85,4.23,0.2299999948590994
68904,42.85,4.245,0.2299999948590994
68905,42.85,4.26,0.24999999441206455
68906,42.85,4.275,0.23999999463558197
68907,42.85,4.29,0.1699999962002039
68908,42.85,4.305,0.2299999948590994
68909,42.85,4.32,0.20999999530613422
68910,42.85,4.335,0.19999999552965164
68911,42.85,4.35,0.19999999552965164
68912,42.85,4.365,0.1699999962002039
68913,42.85,4.38,0.18999999575316906
68914,42.85,4.395,0.1699999962002039
68915,42.85,4.41,0.1699999962002039
68916,42.85,4.425,0.17999999597668648
68917,42.85,4.44,0.17999999597668648
68918,42.85,4.455,0.17999999597668648
68919,42.85,4.47,0.19999999552965164
68920,42.85,4.485,0.19999999552965164
68921,42.85,4.5,0.17999999597668648
68922,42.85,4.515,0.1699999962002039
68923,42.85,4.53,0.17999999597668648
68924,42.85,4.545,0.17999999597668648
68925,42.85,4.56,0.17999999597668648
68926,42.85,4.575,0.17999999597668648
68927,42.85,4.59,0.19999999552965164
68928,42.85,4.605,0.23999999463558197
68929,42.85,4.62,0.2799999937415123
68930,42.85,4.635,0.3499999921768904
68931,42.85,4.65,0.40999999083578587
68932,42.85,4.665,0.4599999897181988
68933,42.85,4.68,0.4899999890476465
68934,42.85,4.695,0.5099999886006117
68935,42.85,4.71,0.5399999879300594
68936,42.85,4.725,0.5699999872595072
68937,42.85,4.74,0.5999999865889549
68938,42.85,4.755,0.6199999861419201
68939,42.85,4.77,0.6099999863654375
68940,42.85,4.785,0.5799999870359898
68941,42.85,4.8,0.5299999881535769
68942,42.85,4.815,0.47999998927116394
68943,42.85,4.83,0.4399999901652336
68944,42.85,4.845,0.3799999915063381
68945,42.85,4.86,0.3299999926239252
68946,42.85,4.875,0.2799999937415123
68947,42.85,4.89,0.25999999418854713
68948,42.85,4.905,0.24999999441206455
68949,42.85,4.92,0.23999999463558197
68950,42.85,4.935,0.2299999948590994
68951,42.85,4.95,0.2299999948590994
68952,42.85,4.965,0.2299999948590994
68953,42.85,4.98,0.2299999948590994
68954,42.85,4.995,0.23999999463558197
68955,42.85,5.01,0.2299999948590994
68956,42.85,5.025,0.23999999463558197
68957,42.85,5.04,0.24999999441206455
68958,42.85,5.055,0.23999999463558197
68959,42.85,5.07,0.23999999463558197
68960,42.85,5.085,0.2299999948590994
68961,42.85,5.1,0.2199999950826168
68962,42.85,5.115,0.2199999950826168
68963,42.85,5.13,0.2299999948590994
68964,42.85,5.145,0.2199999950826168
68965,42.85,5.16,0.2299999948590994
68966,42.85,5.175,0.2299999948590994
68967,42.85,5.19,0.2199999950826168
68968,42.85,5.205,0.2199999950826168
68969,42.85,5.22,0.20999999530613422
68970,42.85,5.235,0.20999999530613422
68971,42.85,5.25,0.20999999530613422
68972,42.85,5.265,0.19999999552965164
68973,42.85,5.28,0.19999999552965164
68974,42.85,5.295,0.2199999950826168
68975,42.85,5.31,0.2199999950826168
68976,42.85,5.325,0.2299999948590994
68977,42.85,5.34,0.2299999948590994
68978,42.85,5.355,0.2299999948590994
68979,42.85,5.37,0.2299999948590994
68980,42.85,5.385,0.2199999950826168
68981,42.85,5.4,0.2199999950826168
68982,42.85,5.415,0.2199999950826168
68983,42.85,5.43,0.20999999530613422
68984,42.85,5.445,0.2199999950826168
68985,42.85,5.46,0.20999999530613422
68986,42.85,5.475,0.2199999950826168
68987,42.85,5.49,0.2199999950826168
69272,42.86,3.51,0.6899999845772982
69273,42.86,3.525,0.6799999848008156
69274,42.86,3.54,0.6499999854713678
69275,42.86,3.555,0.5999999865889549
69276,42.86,3.57,0.5899999868124723
69277,42.86,3.585,0.5699999872595072
69278,42.86,3.6,0.5899999868124723
69279,42.86,3.615,0.6199999861419201
69280,42.86,3.63,0.6199999861419201
69281,42.86,3.645,0.6199999861419201
69282,42.86,3.66,0.5799999870359898
69283,42.86,3.675,0.549999987706542
69284,42.86,3.69,0.549999987706542
69285,42.86,3.705,0.5599999874830246
69286,42.86,3.72,0.5699999872595072
69287,42.86,3.735,0.5799999870359898
69288,42.86,3.75,0.5799999870359898
69289,42.86,3.765,0.5899999868124723
69290,42.86,3.78,0.5799999870359898
69291,42.86,3.795,0.5799999870359898
69292,42.86,3.81,0.5899999868124723
69293,42.86,3.825,0.5599999874830246
69294,42.86,3.84,0.5199999883770943
69295,42.86,3.855,0.47999998927116394
69296,42.86,3.87,0.4599999897181988
69297,42.86,3.885,0.41999999061226845
69298,42.86,3.9,0.3499999921768904
69299,42.86,3.915,0.35999999195337296
69300,42.86,3.93,0.29999999329447746
69301,42.86,3.945,0.2899999935179949
69302,42.86,3.96,0.30999999307096004
69303,42.86,3.975,0.2799999937415123
69304,42.86,3.99,0.29999999329447746
69305,42.86,4.005,0.3399999924004078
69306,42.86,4.02,0.3499999921768904
69307,42.86,4.035,0.35999999195337296
69308,42.86,4.05,0.3399999924004078
69309,42.86,4.065,0.3299999926239252
69310,42.86,4.08,0.3399999924004078
69311,42.86,4.095,0.30999999307096004
69312,42.86,4.11,0.29999999329447746
69313,42.86,4.125,0.29999999329447746
69314,42.86,4.14,0.2799999937415123
69315,42.86,4.155,0.25999999418854713
69316,42.86,4.17,0.23999999463558197
69317,42.86,4.185,0.2199999950826168
69318,42.86,4.2,0.2299999948590994
69319,42.86,4.215,0.25999999418854713
69320,42.86,4.23,0.23999999463558197
69321,42.86,4.245,0.24999999441206455
69322,42.86,4.26,0.24999999441206455
69323,42.86,4.275,0.19999999552965164
69324,42.86,4.29,0.18999999575316906
69325,42.86,4.305,0.1699999962002039
69326,42.86,4.32,0.19999999552965164
69327,42.86,4.335,0.2299999948590994
69328,42.86,4.35,0.19999999552965164
69329,42.86,4.365,0.17999999597668648
69330,42.86,4.38,0.18999999575316906
69331,42.86,4.395,0.1699999962002039
69332,42.86,4.41,0.1699999962002039
69333,42.86,4.425,0.17999999597668648
69334,42.86,4.44,0.1699999962002039
69335,42.86,4.455,0.18999999575316906
69336,42.86,4.47,0.2199999950826168
69337,42.86,4.485,0.19999999552965164
69338,42.86,4.5,0.18999999575316906
69339,42.86,4.515,0.17999999597668648
69340,42.86,4.53,0.1699999962002039
69341,42.86,4.545,0.1699999962002039
69342,42.86,4.56,0.18999999575316906
69343,42.86,4.575,0.18999999575316906
69344,42.86,4.59,0.23999999463558197
69345,42.86,4.605,0.24999999441206455
69346,42.86,4.62,0.29999999329447746
69347,42.86,4.635,0.36999999172985554
69348,42.86,4.65,0.41999999061226845
69349,42.86,4.665,0.4499999899417162
69350,42.86,4.68,0.47999998927116394
69351,42.86,4.695,0.5099999886006117
69352,42.86,4.71,0.5899999868124723
69353,42.86,4.725,0.5899999868124723
69354,42.86,4.74,0.6299999859184027
69355,42.86,4.755,0.6299999859184027
69356,42.86,4.77,0.6299999859184027
69357,42.86,4.785,0.6199999861419201
69358,42.86,4.8,0.5899999868124723
69359,42.86,4.815,0.5299999881535769
69360,42.86,4.83,0.4999999888241291
69361,42.86,4.845,0.4399999901652336
69362,42.86,4.86,0.36999999172985554
69363,42.86,4.875,0.3199999928474426
69364,42.86,4.89,0.2799999937415123
69365,42.86,4.905,0.25999999418854713
69366,42.86,4.92,0.24999999441206455
69367,42.86,4.935,0.24999999441206455
69368,42.86,4.95,0.23999999463558197
69369,42.86,4.965,0.23999999463558197
69370,42.86,4.98,0.23999999463558197
69371,42.86,4.995,0.2299999948590994
69372,42.86,5.01,0.2299999948590994
69373,42.86,5.025,0.2299999948590994
69374,42.86,5.04,0.23999999463558197
69375,42.86,5.055,0.23999999463558197
69376,42.86,5.07,0.24999999441206455
69377,42.86,5.085,0.2299999948590994
69378,42.86,5.1,0.2199999950826168
69379,42.86,5.115,0.2199999950826168
69380,42.86,5.13,0.2199999950826168
69381,42.86,5.145,0.2199999950826168
69382,42.86,5.16,0.2199999950826168
69383,42.86,5.175,0.20999999530613422
69384,42.86,5.19,0.20999999530613422
69385,42.86,5.205,0.20999999530613422
69386,42.86,5.22,0.20999999530613422
69387,42.86,5.235,0.19999999552965164
69388,42.86,5.25,0.19999999552965164
69389,42.86,5.265,0.20999999530613422
69390,42.86,5.28,0.20999999530613422
69391,42.86,5.295,0.2199999950826168
69392,42.86,5.31,0.2299999948590994
69393,42.86,5.325,0.2199999950826168
69394,42.86,5.34,0.2199999950826168
69395,42.86,5.355,0.2199999950826168
69396,42.86,5.37,0.2199999950826168
69397,42.86,5.385,0.2299999948590994
69398,42.86,5.4,0.2199999950826168
69399,42.86,5.415,0.2199999950826168
69400,42.86,5.43,0.2199999950826168
69401,42.86,5.445,0.2299999948590994
69402,42.86,5.46,0.2199999950826168
69403,42.86,5.475,0.20999999530613422
69404,42.86,5.49,0.20999999530613422
69689,42.87,3.51,0.6599999852478504
69690,42.87,3.525,0.6899999845772982
69691,42.87,3.54,0.6499999854713678
69692,42.87,3.555,0.6299999859184027
69693,42.87,3.57,0.6099999863654375
69694,42.87,3.585,0.5599999874830246
69695,42.87,3.6,0.5699999872595072
69696,42.87,3.615,0.5899999868124723
69697,42.87,3.63,0.6299999859184027
69698,42.87,3.645,0.6199999861419201
69699,42.87,3.66,0.6199999861419201
69700,42.87,3.675,0.6099999863654375
69701,42.87,3.69,0.5699999872595072
69702,42.87,3.705,0.5699999872595072
69703,42.87,3.72,0.5699999872595072
69704,42.87,3.735,0.5799999870359898
69705,42.87,3.75,0.5799999870359898
69706,42.87,3.765,0.5899999868124723
69707,42.87,3.78,0.5899999868124723
69708,42.87,3.795,0.5999999865889549
69709,42.87,3.81,0.5999999865889549
69710,42.87,3.825,0.5899999868124723
69711,42.87,3.84,0.5599999874830246
69712,42.87,3.855,0.5399999879300594
69713,42.87,3.87,0.5399999879300594
69714,42.87,3.885,0.40999999083578587
69715,42.87,3.9,0.3999999910593033
69716,42.87,3.915,0.36999999172985554
69717,42.87,3.93,0.29999999329447746
69718,42.87,3.945,0.2899999935179949
69719,42.87,3.96,0.2899999935179949
69720,42.87,3.975,0.2899999935179949
69721,42.87,3.99,0.2899999935179949
69722,42.87,4.005,0.29999999329447746
69723,42.87,4.02,0.30999999307096004
69724,42.87,4.035,0.3199999928474426
69725,42.87,4.05,0.29999999329447746
69726,42.87,4.065,0.3199999928474426
69727,42.87,4.08,0.3199999928474426
69728,42.87,4.095,0.30999999307096004
69729,42.87,4.11,0.2799999937415123
69730,42.87,4.125,0.2899999935179949
69731,42.87,4.14,0.30999999307096004
69732,42.87,4.155,0.2199999950826168
69733,42.87,4.17,0.25999999418854713
69734,42.87,4.185,0.2299999948590994
69735,42.87,4.2,0.2199999950826168
69736,42.87,4.215,0.20999999530613422
69737,42.87,4.23,0.23999999463558197
69738,42.87,4.245,0.24999999441206455
69739,42.87,4.26,0.25999999418854713
69740,42.87,4.275,0.25999999418854713
69741,42.87,4.29,0.23999999463558197
69742,42.87,4.305,0.19999999552965164
69743,42.87,4.32,0.23999999463558197
69744,42.87,4.335,0.25999999418854713
69745,42.87,4.35,0.20999999530613422
69746,42.87,4.365,0.18999999575316906
69747,42.87,4.38,0.19999999552965164
69748,42.87,4.395,0.19999999552965164
69749,42.87,4.41,0.1699999962002039
69750,42.87,4.425,0.1699999962002039
69751,42.87,4.44,0.18999999575316906
69752,42.87,4.455,0.18999999575316906
69753,42.87,4.47,0.1699999962002039
69754,42.87,4.485,0.18999999575316906
69755,42.87,4.5,0.17999999597668648
69756,42.87,4.515,0.17999999597668648
69757,42.87,4.53,0.1699999962002039
69758,42.87,4.545,0.18999999575316906
69759,42.87,4.56,0.19999999552965164
69760,42.87,4.575,0.20999999530613422
69761,42.87,4.59,0.23999999463558197
69762,42.87,4.605,0.25999999418854713
69763,42.87,4.62,0.2899999935179949
69764,42.87,4.635,0.3499999921768904
69765,42.87,4.65,0.3899999912828207
69766,42.87,4.665,0.40999999083578587
69767,42.87,4.68,0.4499999899417162
69768,42.87,4.695,0.4899999890476465
69769,42.87,4.71,0.5599999874830246
69770,42.87,4.725,0.5999999865889549
69771,42.87,4.74,0.6299999859184027
69772,42.87,4.755,0.6599999852478504
69773,42.87,4.77,0.6599999852478504
69774,42.87,4.785,0.6499999854713678
69775,42.87,4.8,0.6099999863654375
69776,42.87,4.815,0.5899999868124723
69777,42.87,4.83,0.549999987706542
69778,42.87,4.845,0.4999999888241291
69779,42.87,4.86,0.42999999038875103
69780,42.87,4.875,0.35999999195337296
69781,42.87,4.89,0.30999999307096004
69782,42.87,4.905,0.2899999935179949
69783,42.87,4.92,0.2699999939650297
69784,42.87,4.935,0.2699999939650297
69785,42.87,4.95,0.24999999441206455
69786,42.87,4.965,0.23999999463558197
69787,42.87,4.98,0.23999999463558197
69788,42.87,4.995,0.23999999463558197
69789,42.87,5.01,0.23999999463558197
69790,42.87,5.025,0.2299999948590994
69791,42.87,5.04,0.2299999948590994
69792,42.87,5.055,0.2299999948590994
69793,42.87,5.07,0.2299999948590994
69794,42.87,5.085,0.2199999950826168
69795,42.87,5.1,0.2199999950826168
69796,42.87,5.115,0.2199999950826168
69797,42.87,5.13,0.20999999530613422
69798,42.87,5.145,0.2199999950826168
69799,42.87,5.16,0.2199999950826168
69800,42.87,5.175,0.20999999530613422
69801,42.87,5.19,0.20999999530613422
69802,42.87,5.205,0.20999999530613422
69803,42.87,5.22,0.20999999530613422
69804,42.87,5.235,0.19999999552965164
69805,42.87,5.25,0.20999999530613422
69806,42.87,5.265,0.20999999530613422
69807,42.87,5.28,0.2199999950826168
69808,42.87,5.295,0.2199999950826168
69809,42.87,5.31,0.2199999950826168
69810,42.87,5.325,0.2199999950826168
69811,42.87,5.34,0.2299999948590994
69812,42.87,5.355,0.2199999950826168
69813,42.87,5.37,0.2199999950826168
69814,42.87,5.385,0.2199999950826168
69815,42.87,5.4,0.2199999950826168
69816,42.87,5.415,0.2199999950826168
69817,42.87,5.43,0.2299999948590994
69818,42.87,5.445,0.2199999950826168
69819,42.87,5.46,0.2199999950826168
69820,42.87,5.475,0.2199999950826168
69821,42.87,5.49,0.20999999530613422
70106,42.88,3.51,0.6799999848008156
70107,42.88,3.525,0.669999985024333
70108,42.88,3.54,0.6099999863654375
70109,42.88,3.555,0.5799999870359898
70110,42.88,3.57,0.5199999883770943
70111,42.88,3.585,0.5299999881535769
70112,42.88,3.6,0.4899999890476465
70113,42.88,3.615,0.5699999872595072
70114,42.88,3.63,0.5999999865889549
70115,42.88,3.645,0.6499999854713678
70116,42.88,3.66,0.669999985024333
70117,42.88,3.675,0.669999985024333
70118,42.88,3.69,0.6299999859184027
70119,42.88,3.705,0.5899999868124723
70120,42.88,3.72,0.5799999870359898
70121,42.88,3.735,0.5799999870359898
70122,42.88,3.75,0.5899999868124723
70123,42.88,3.765,0.5899999868124723
70124,42.88,3.78,0.5999999865889549
70125,42.88,3.795,0.6099999863654375
70126,42.88,3.81,0.6199999861419201
70127,42.88,3.825,0.6299999859184027
70128,42.88,3.84,0.6199999861419201
70129,42.88,3.855,0.6099999863654375
70130,42.88,3.87,0.4899999890476465
70131,42.88,3.885,0.4499999899417162
70132,42.88,3.9,0.3799999915063381
70133,42.88,3.915,0.3399999924004078
70134,42.88,3.93,0.29999999329447746
70135,42.88,3.945,0.2899999935179949
70136,42.88,3.96,0.2699999939650297
70137,42.88,3.975,0.2899999935179949
70138,42.88,3.99,0.2799999937415123
70139,42.88,4.005,0.2899999935179949
70140,42.88,4.02,0.2899999935179949
70141,42.88,4.035,0.2899999935179949
70142,42.88,4.05,0.30999999307096004
70143,42.88,4.065,0.29999999329447746
70144,42.88,4.08,0.2699999939650297
70145,42.88,4.095,0.2899999935179949
70146,42.88,4.11,0.29999999329447746
70147,42.88,4.125,0.29999999329447746
70148,42.88,4.14,0.30999999307096004
70149,42.88,4.155,0.2699999939650297
70150,42.88,4.17,0.24999999441206455
70151,42.88,4.185,0.2199999950826168
70152,42.88,4.2,0.18999999575316906
70153,42.88,4.215,0.18999999575316906
70154,42.88,4.23,0.18999999575316906
70155,42.88,4.245,0.23999999463558197
70156,42.88,4.26,0.2899999935179949
70157,42.88,4.275,0.3299999926239252
70158,42.88,4.29,0.3399999924004078
70159,42.88,4.305,0.24999999441206455
70160,42.88,4.32,0.24999999441206455
70161,42.88,4.335,0.23999999463558197
70162,42.88,4.35,0.23999999463558197
70163,42.88,4.365,0.23999999463558197
70164,42.88,4.38,0.18999999575316906
70165,42.88,4.395,0.19999999552965164
70166,42.88,4.41,0.1599999964237213
70167,42.88,4.425,0.1699999962002039
70168,42.88,4.44,0.1699999962002039
70169,42.88,4.455,0.17999999597668648
70170,42.88,4.47,0.18999999575316906
70171,42.88,4.485,0.18999999575316906
70172,42.88,4.5,0.18999999575316906
70173,42.88,4.515,0.17999999597668648
70174,42.88,4.53,0.2199999950826168
70175,42.88,4.545,0.19999999552965164
70176,42.88,4.56,0.2199999950826168
70177,42.88,4.575,0.23999999463558197
70178,42.88,4.59,0.29999999329447746
70179,42.88,4.605,0.24999999441206455
70180,42.88,4.62,0.2699999939650297
70181,42.88,4.635,0.3299999926239252
70182,42.88,4.65,0.35999999195337296
70183,42.88,4.665,0.36999999172985554
70184,42.88,4.68,0.40999999083578587
70185,42.88,4.695,0.4599999897181988
70186,42.88,4.71,0.5099999886006117
70187,42.88,4.725,0.5899999868124723
70188,42.88,4.74,0.6199999861419201
70189,42.88,4.755,0.6599999852478504
70190,42.88,4.77,0.669999985024333
70191,42.88,4.785,0.6599999852478504
70192,42.88,4.8,0.6499999854713678
70193,42.88,4.815,0.6199999861419201
70194,42.88,4.83,0.5899999868124723
70195,42.88,4.845,0.549999987706542
70196,42.88,4.86,0.4899999890476465
70197,42.88,4.875,0.3999999910593033
70198,42.88,4.89,0.3499999921768904
70199,42.88,4.905,0.3199999928474426
70200,42.88,4.92,0.30999999307096004
70201,42.88,4.935,0.2899999935179949
70202,42.88,4.95,0.2899999935179949
70203,42.88,4.965,0.2699999939650297
70204,42.88,4.98,0.24999999441206455
70205,42.88,4.995,0.24999999441206455
70206,42.88,5.01,0.23999999463558197
70207,42.88,5.025,0.2299999948590994
70208,42.88,5.04,0.2299999948590994
70209,42.88,5.055,0.2299999948590994
70210,42.88,5.07,0.23999999463558197
70211,42.88,5.085,0.2199999950826168
70212,42.88,5.1,0.2199999950826168
70213,42.88,5.115,0.2299999948590994
70214,42.88,5.13,0.2199999950826168
70215,42.88,5.145,0.2199999950826168
70216,42.88,5.16,0.2199999950826168
70217,42.88,5.175,0.20999999530613422
70218,42.88,5.19,0.20999999530613422
70219,42.88,5.205,0.2199999950826168
70220,42.88,5.22,0.2199999950826168
70221,42.88,5.235,0.20999999530613422
70222,42.88,5.25,0.20999999530613422
70223,42.88,5.265,0.20999999530613422
70224,42.88,5.28,0.2199999950826168
70225,42.88,5.295,0.2199999950826168
70226,42.88,5.31,0.20999999530613422
70227,42.88,5.325,0.2199999950826168
70228,42.88,5.34,0.2199999950826168
70229,42.88,5.355,0.2199999950826168
70230,42.88,5.37,0.2199999950826168
70231,42.88,5.385,0.2199999950826168
70232,42.88,5.4,0.2199999950826168
70233,42.88,5.415,0.2199999950826168
70234,42.88,5.43,0.2299999948590994
70235,42.88,5.445,0.2299999948590994
70236,42.88,5.46,0.2199999950826168
70237,42.88,5.475,0.2199999950826168
70238,42.88,5.49,0.2199999950826168
70523,42.89,3.51,0.6799999848008156
70524,42.89,3.525,0.5199999883770943
70525,42.89,3.54,0.4999999888241291
70526,42.89,3.555,0.5399999879300594
70527,42.89,3.57,0.4399999901652336
70528,42.89,3.585,0.4499999899417162
70529,42.89,3.6,0.42999999038875103
70530,42.89,3.615,0.4999999888241291
70531,42.89,3.63,0.5599999874830246
70532,42.89,3.645,0.6499999854713678
70533,42.89,3.66,0.6899999845772982
70534,42.89,3.675,0.7099999841302633
70535,42.89,3.69,0.6599999852478504
70536,42.89,3.705,0.6199999861419201
70537,42.89,3.72,0.5999999865889549
70538,42.89,3.735,0.5799999870359898
70539,42.89,3.75,0.5899999868124723
70540,42.89,3.765,0.6099999863654375
70541,42.89,3.78,0.6199999861419201
70542,42.89,3.795,0.6499999854713678
70543,42.89,3.81,0.6499999854713678
70544,42.89,3.825,0.669999985024333
70545,42.89,3.84,0.669999985024333
70546,42.89,3.855,0.6599999852478504
70547,42.89,3.87,0.5199999883770943
70548,42.89,3.885,0.4499999899417162
70549,42.89,3.9,0.3499999921768904
70550,42.89,3.915,0.3499999921768904
70551,42.89,3.93,0.30999999307096004
70552,42.89,3.945,0.29999999329447746
70553,42.89,3.96,0.29999999329447746
70554,42.89,3.975,0.29999999329447746
70555,42.89,3.99,0.2899999935179949
70556,42.89,4.005,0.2899999935179949
70557,42.89,4.02,0.2899999935179949
70558,42.89,4.035,0.2899999935179949
70559,42.89,4.05,0.3199999928474426
70560,42.89,4.065,0.3399999924004078
70561,42.89,4.08,0.25999999418854713
70562,42.89,4.095,0.2799999937415123
70563,42.89,4.11,0.2899999935179949
70564,42.89,4.125,0.2799999937415123
70565,42.89,4.14,0.2799999937415123
70566,42.89,4.155,0.24999999441206455
70567,42.89,4.17,0.23999999463558197
70568,42.89,4.185,0.23999999463558197
70569,42.89,4.2,0.25999999418854713
70570,42.89,4.215,0.2699999939650297
70571,42.89,4.23,0.2299999948590994
70572,42.89,4.245,0.1699999962002039
70573,42.89,4.26,0.2699999939650297
70574,42.89,4.275,0.2899999935179949
70575,42.89,4.29,0.2299999948590994
70576,42.89,4.305,0.25999999418854713
70577,42.89,4.32,0.2699999939650297
70578,42.89,4.335,0.2699999939650297
70579,42.89,4.35,0.24999999441206455
70580,42.89,4.365,0.23999999463558197
70581,42.89,4.38,0.2199999950826168
70582,42.89,4.395,0.18999999575316906
70583,42.89,4.41,0.17999999597668648
70584,42.89,4.425,0.19999999552965164
70585,42.89,4.44,0.18999999575316906
70586,42.89,4.455,0.18999999575316906
70587,42.89,4.47,0.17999999597668648
70588,42.89,4.485,0.19999999552965164
70589,42.89,4.5,0.18999999575316906
70590,42.89,4.515,0.18999999575316906
70591,42.89,4.53,0.19999999552965164
70592,42.89,4.545,0.2299999948590994
70593,42.89,4.56,0.25999999418854713
70594,42.89,4.575,0.25999999418854713
70595,42.89,4.59,0.23999999463558197
70596,42.89,4.605,0.2699999939650297
70597,42.89,4.62,0.2699999939650297
70598,42.89,4.635,0.2799999937415123
70599,42.89,4.65,0.3299999926239252
70600,42.89,4.665,0.3399999924004078
70601,42.89,4.68,0.3799999915063381
70602,42.89,4.695,0.42999999038875103
70603,42.89,4.71,0.4999999888241291
70604,42.89,4.725,0.5399999879300594
70605,42.89,4.74,0.5999999865889549
70606,42.89,4.755,0.6599999852478504
70607,42.89,4.77,0.669999985024333
70608,42.89,4.785,0.669999985024333
70609,42.89,4.8,0.6899999845772982
70610,42.89,4.815,0.669999985024333
70611,42.89,4.83,0.6299999859184027
70612,42.89,4.845,0.5699999872595072
70613,42.89,4.86,0.5099999886006117
70614,42.89,4.875,0.4599999897181988
70615,42.89,4.89,0.3899999912828207
70616,42.89,4.905,0.35999999195337296
70617,42.89,4.92,0.3399999924004078
70618,42.89,4.935,0.3199999928474426
70619,42.89,4.95,0.30999999307096004
70620,42.89,4.965,0.2899999935179949
70621,42.89,4.98,0.2699999939650297
70622,42.89,4.995,0.2699999939650297
70623,42.89,5.01,0.25999999418854713
70624,42.89,5.025,0.2299999948590994
70625,42.89,5.04,0.2299999948590994
70626,42.89,5.055,0.23999999463558197
70627,42.89,5.07,0.23999999463558197
70628,42.89,5.085,0.2299999948590994
70629,42.89,5.1,0.2199999950826168
70630,42.89,5.115,0.2299999948590994
70631,42.89,5.13,0.23999999463558197
70632,42.89,5.145,0.23999999463558197
70633,42.89,5.16,0.2199999950826168
70634,42.89,5.175,0.20999999530613422
70635,42.89,5.19,0.2199999950826168
70636,42.89,5.205,0.2199999950826168
70637,42.89,5.22,0.2299999948590994
70638,42.89,5.235,0.2199999950826168
70639,42.89,5.25,0.20999999530613422
70640,42.89,5.265,0.20999999530613422
70641,42.89,5.28,0.20999999530613422
70642,42.89,5.295,0.2199999950826168
70643,42.89,5.31,0.20999999530613422
70644,42.89,5.325,0.20999999530613422
70645,42.89,5.34,0.2199999950826168
70646,42.89,5.355,0.2199999950826168
70647,42.89,5.37,0.20999999530613422
70648,42.89,5.385,0.2299999948590994
70649,42.89,5.4,0.2199999950826168
70650,42.89,5.415,0.2199999950826168
70651,42.89,5.43,0.2199999950826168
70652,42.89,5.445,0.2199999950826168
70653,42.89,5.46,0.20999999530613422
70654,42.89,5.475,0.2199999950826168
70655,42.89,5.49,0.2199999950826168
70940,42.9,3.51,0.7299999836832285
70941,42.9,3.525,0.549999987706542
70942,42.9,3.54,0.5099999886006117
70943,42.9,3.555,0.46999998949468136
70944,42.9,3.57,0.40999999083578587
70945,42.9,3.585,0.40999999083578587
70946,42.9,3.6,0.42999999038875103
70947,42.9,3.615,0.47999998927116394
70948,42.9,3.63,0.5799999870359898
70949,42.9,3.645,0.6299999859184027
70950,42.9,3.66,0.6999999843537807
70951,42.9,3.675,0.7199999839067459
70952,42.9,3.69,0.6899999845772982
70953,42.9,3.705,0.6499999854713678
70954,42.9,3.72,0.6099999863654375
70955,42.9,3.735,0.5999999865889549
70956,42.9,3.75,0.5999999865889549
70957,42.9,3.765,0.6099999863654375
70958,42.9,3.78,0.6499999854713678
70959,42.9,3.795,0.6999999843537807
70960,42.9,3.81,0.7099999841302633
70961,42.9,3.825,0.7199999839067459
70962,42.9,3.84,0.7199999839067459
70963,42.9,3.855,0.5799999870359898
70964,42.9,3.87,0.5099999886006117
70965,42.9,3.885,0.4499999899417162
70966,42.9,3.9,0.36999999172985554
70967,42.9,3.915,0.35999999195337296
70968,42.9,3.93,0.3499999921768904
70969,42.9,3.945,0.3299999926239252
70970,42.9,3.96,0.30999999307096004
70971,42.9,3.975,0.2899999935179949
70972,42.9,3.99,0.29999999329447746
70973,42.9,4.005,0.29999999329447746
70974,42.9,4.02,0.29999999329447746
70975,42.9,4.035,0.3199999928474426
70976,42.9,4.05,0.3299999926239252
70977,42.9,4.065,0.3499999921768904
70978,42.9,4.08,0.29999999329447746
70979,42.9,4.095,0.24999999441206455
70980,42.9,4.11,0.2899999935179949
70981,42.9,4.125,0.3199999928474426
70982,42.9,4.14,0.2699999939650297
70983,42.9,4.155,0.25999999418854713
70984,42.9,4.17,0.25999999418854713
70985,42.9,4.185,0.25999999418854713
70986,42.9,4.2,0.2799999937415123
70987,42.9,4.215,0.25999999418854713
70988,42.9,4.23,0.25999999418854713
70989,42.9,4.245,0.2899999935179949
70990,42.9,4.26,0.2699999939650297
70991,42.9,4.275,0.2299999948590994
70992,42.9,4.29,0.2799999937415123
70993,42.9,4.305,0.2799999937415123
70994,42.9,4.32,0.25999999418854713
70995,42.9,4.335,0.2799999937415123
70996,42.9,4.35,0.25999999418854713
70997,42.9,4.365,0.24999999441206455
70998,42.9,4.38,0.2299999948590994
70999,42.9,4.395,0.19999999552965164
71000,42.9,4.41,0.2199999950826168
71001,42.9,4.425,0.20999999530613422
71002,42.9,4.44,0.20999999530613422
71003,42.9,4.455,0.2199999950826168
71004,42.9,4.47,0.19999999552965164
71005,42.9,4.485,0.19999999552965164
71006,42.9,4.5,0.20999999530613422
71007,42.9,4.515,0.19999999552965164
71008,42.9,4.53,0.25999999418854713
71009,42.9,4.545,0.24999999441206455
71010,42.9,4.56,0.2799999937415123
71011,42.9,4.575,0.29999999329447746
71012,42.9,4.59,0.2799999937415123
71013,42.9,4.605,0.30999999307096004
71014,42.9,4.62,0.2799999937415123
71015,42.9,4.635,0.2899999935179949
71016,42.9,4.65,0.3199999928474426
71017,42.9,4.665,0.3399999924004078
71018,42.9,4.68,0.35999999195337296
71019,42.9,4.695,0.41999999061226845
71020,42.9,4.71,0.47999998927116394
71021,42.9,4.725,0.5199999883770943
71022,42.9,4.74,0.5699999872595072
71023,42.9,4.755,0.6299999859184027
71024,42.9,4.77,0.6499999854713678
71025,42.9,4.785,0.7099999841302633
71026,42.9,4.8,0.7099999841302633
71027,42.9,4.815,0.6799999848008156
71028,42.9,4.83,0.6299999859184027
71029,42.9,4.845,0.5899999868124723
71030,42.9,4.86,0.549999987706542
71031,42.9,4.875,0.4899999890476465
71032,42.9,4.89,0.41999999061226845
71033,42.9,4.905,0.3999999910593033
71034,42.9,4.92,0.36999999172985554
71035,42.9,4.935,0.3399999924004078
71036,42.9,4.95,0.3399999924004078
71037,42.9,4.965,0.30999999307096004
71038,42.9,4.98,0.29999999329447746
71039,42.9,4.995,0.2799999937415123
71040,42.9,5.01,0.24999999441206455
71041,42.9,5.025,0.23999999463558197
71042,42.9,5.04,0.2299999948590994
71043,42.9,5.055,0.2799999937415123
71044,42.9,5.07,0.2699999939650297
71045,42.9,5.085,0.23999999463558197
71046,42.9,5.1,0.2299999948590994
71047,42.9,5.115,0.23999999463558197
71048,42.9,5.13,0.23999999463558197
71049,42.9,5.145,0.2299999948590994
71050,42.9,5.16,0.2299999948590994
71051,42.9,5.175,0.2199999950826168
71052,42.9,5.19,0.2199999950826168
71053,42.9,5.205,0.2199999950826168
71054,42.9,5.22,0.2199999950826168
71055,42.9,5.235,0.2199999950826168
71056,42.9,5.25,0.2299999948590994
71057,42.9,5.265,0.2199999950826168
71058,42.9,5.28,0.2199999950826168
71059,42.9,5.295,0.2199999950826168
71060,42.9,5.31,0.20999999530613422
71061,42.9,5.325,0.20999999530613422
71062,42.9,5.34,0.2199999950826168
71063,42.9,5.355,0.2299999948590994
71064,42.9,5.37,0.20999999530613422
71065,42.9,5.385,0.20999999530613422
71066,42.9,5.4,0.2199999950826168
71067,42.9,5.415,0.2199999950826168
71068,42.9,5.43,0.2199999950826168
71069,42.9,5.445,0.2199999950826168
71070,42.9,5.46,0.20999999530613422
71071,42.9,5.475,0.20999999530613422
71072,42.9,5.49,0.20999999530613422
71357,42.91,3.51,0.6299999859184027
71358,42.91,3.525,0.5099999886006117
71359,42.91,3.54,0.47999998927116394
71360,42.91,3.555,0.3999999910593033
71361,42.91,3.57,0.3799999915063381
71362,42.91,3.585,0.3799999915063381
71363,42.91,3.6,0.3899999912828207
71364,42.91,3.615,0.4899999890476465
71365,42.91,3.63,0.5899999868124723
71366,42.91,3.645,0.6599999852478504
71367,42.91,3.66,0.6999999843537807
71368,42.91,3.675,0.7199999839067459
71369,42.91,3.69,0.7199999839067459
71370,42.91,3.705,0.669999985024333
71371,42.91,3.72,0.6299999859184027
71372,42.91,3.735,0.5999999865889549
71373,42.91,3.75,0.6099999863654375
71374,42.91,3.765,0.6399999856948853
71375,42.91,3.78,0.6799999848008156
71376,42.91,3.795,0.7399999834597111
71377,42.91,3.81,0.7499999832361937
71378,42.91,3.825,0.7699999827891588
71379,42.91,3.84,0.6999999843537807
71380,42.91,3.855,0.5899999868124723
71381,42.91,3.87,0.5299999881535769
71382,42.91,3.885,0.4899999890476465
71383,42.91,3.9,0.3899999912828207
71384,42.91,3.915,0.3899999912828207
71385,42.91,3.93,0.3199999928474426
71386,42.91,3.945,0.3399999924004078
71387,42.91,3.96,0.3499999921768904
71388,42.91,3.975,0.30999999307096004
71389,42.91,3.99,0.3199999928474426
71390,42.91,4.005,0.3299999926239252
71391,42.91,4.02,0.3499999921768904
71392,42.91,4.035,0.36999999172985554
71393,42.91,4.05,0.3999999910593033
71394,42.91,4.065,0.4499999899417162
71395,42.91,4.08,0.3399999924004078
71396,42.91,4.095,0.30999999307096004
71397,42.91,4.11,0.2299999948590994
71398,42.91,4.125,0.25999999418854713
71399,42.91,4.14,0.25999999418854713
71400,42.91,4.155,0.2699999939650297
71401,42.91,4.17,0.2699999939650297
71402,42.91,4.185,0.25999999418854713
71403,42.91,4.2,0.2899999935179949
71404,42.91,4.215,0.2699999939650297
71405,42.91,4.23,0.2699999939650297
71406,42.91,4.245,0.2799999937415123
71407,42.91,4.26,0.2899999935179949
71408,42.91,4.275,0.2699999939650297
71409,42.91,4.29,0.25999999418854713
71410,42.91,4.305,0.25999999418854713
71411,42.91,4.32,0.2799999937415123
71412,42.91,4.335,0.25999999418854713
71413,42.91,4.35,0.23999999463558197
71414,42.91,4.365,0.23999999463558197
71415,42.91,4.38,0.2299999948590994
71416,42.91,4.395,0.17999999597668648
71417,42.91,4.41,0.1699999962002039
71418,42.91,4.425,0.18999999575316906
71419,42.91,4.44,0.2199999950826168
71420,42.91,4.455,0.2299999948590994
71421,42.91,4.47,0.2199999950826168
71422,42.91,4.485,0.17999999597668648
71423,42.91,4.5,0.18999999575316906
71424,42.91,4.515,0.2299999948590994
71425,42.91,4.53,0.24999999441206455
71426,42.91,4.545,0.2699999939650297
71427,42.91,4.56,0.3499999921768904
71428,42.91,4.575,0.3299999926239252
71429,42.91,4.59,0.3299999926239252
71430,42.91,4.605,0.3299999926239252
71431,42.91,4.62,0.29999999329447746
71432,42.91,4.635,0.3199999928474426
71433,42.91,4.65,0.3399999924004078
71434,42.91,4.665,0.3999999910593033
71435,42.91,4.68,0.3999999910593033
71436,42.91,4.695,0.46999998949468136
71437,42.91,4.71,0.4899999890476465
71438,42.91,4.725,0.5399999879300594
71439,42.91,4.74,0.5699999872595072
71440,42.91,4.755,0.6099999863654375
71441,42.91,4.77,0.7199999839067459
71442,42.91,4.785,0.7299999836832285
71443,42.91,4.8,0.7499999832361937
71444,42.91,4.815,0.6999999843537807
71445,42.91,4.83,0.6499999854713678
71446,42.91,4.845,0.5999999865889549
71447,42.91,4.86,0.5399999879300594
71448,42.91,4.875,0.4999999888241291
71449,42.91,4.89,0.4599999897181988
71450,42.91,4.905,0.41999999061226845
71451,42.91,4.92,0.3899999912828207
71452,42.91,4.935,0.3999999910593033
71453,42.91,4.95,0.3499999921768904
71454,42.91,4.965,0.3399999924004078
71455,42.91,4.98,0.3199999928474426
71456,42.91,4.995,0.29999999329447746
71457,42.91,5.01,0.24999999441206455
71458,42.91,5.025,0.2299999948590994
71459,42.91,5.04,0.25999999418854713
71460,42.91,5.055,0.2699999939650297
71461,42.91,5.07,0.2699999939650297
71462,42.91,5.085,0.23999999463558197
71463,42.91,5.1,0.2299999948590994
71464,42.91,5.115,0.23999999463558197
71465,42.91,5.13,0.23999999463558197
71466,42.91,5.145,0.2299999948590994
71467,42.91,5.16,0.20999999530613422
71468,42.91,5.175,0.20999999530613422
71469,42.91,5.19,0.20999999530613422
71470,42.91,5.205,0.20999999530613422
71471,42.91,5.22,0.20999999530613422
71472,42.91,5.235,0.20999999530613422
71473,42.91,5.25,0.2199999950826168
71474,42.91,5.265,0.2199999950826168
71475,42.91,5.28,0.2199999950826168
71476,42.91,5.295,0.19999999552965164
71477,42.91,5.31,0.20999999530613422
71478,42.91,5.325,0.20999999530613422
71479,42.91,5.34,0.2199999950826168
71480,42.91,5.355,0.2199999950826168
71481,42.91,5.37,0.2199999950826168
71482,42.91,5.385,0.20999999530613422
71483,42.91,5.4,0.20999999530613422
71484,42.91,5.415,0.2199999950826168
71485,42.91,5.43,0.2199999950826168
71486,42.91,5.445,0.2199999950826168
71487,42.91,5.46,0.2199999950826168
71488,42.91,5.475,0.20999999530613422
71489,42.91,5.49,0.20999999530613422
71774,42.92,3.51,0.6599999852478504
71775,42.92,3.525,0.4999999888241291
71776,42.92,3.54,0.41999999061226845
71777,42.92,3.555,0.42999999038875103
71778,42.92,3.57,0.3899999912828207
71779,42.92,3.585,0.3999999910593033
71780,42.92,3.6,0.3999999910593033
71781,42.92,3.615,0.47999998927116394
71782,42.92,3.63,0.5699999872595072
71783,42.92,3.645,0.6399999856948853
71784,42.92,3.66,0.669999985024333
71785,42.92,3.675,0.669999985024333
71786,42.92,3.69,0.669999985024333
71787,42.92,3.705,0.6499999854713678
71788,42.92,3.72,0.6299999859184027
71789,42.92,3.735,0.6299999859184027
71790,42.92,3.75,0.6399999856948853
71791,42.92,3.765,0.6799999848008156
71792,42.92,3.78,0.7099999841302633
71793,42.92,3.795,0.7499999832361937
71794,42.92,3.81,0.7799999825656414
71795,42.92,3.825,0.7799999825656414
71796,42.92,3.84,0.7199999839067459
71797,42.92,3.855,0.6299999859184027
71798,42.92,3.87,0.5399999879300594
71799,42.92,3.885,0.5099999886006117
71800,42.92,3.9,0.41999999061226845
71801,42.92,3.915,0.3999999910593033
71802,42.92,3.93,0.36999999172985554
71803,42.92,3.945,0.3499999921768904
71804,42.92,3.96,0.3499999921768904
71805,42.92,3.975,0.3399999924004078
71806,42.92,3.99,0.3199999928474426
71807,42.92,4.005,0.3199999928474426
71808,42.92,4.02,0.36999999172985554
71809,42.92,4.035,0.40999999083578587
71810,42.92,4.05,0.4499999899417162
71811,42.92,4.065,0.4599999897181988
71812,42.92,4.08,0.35999999195337296
71813,42.92,4.095,0.24999999441206455
71814,42.92,4.11,0.25999999418854713
71815,42.92,4.125,0.24999999441206455
71816,42.92,4.14,0.2699999939650297
71817,42.92,4.155,0.2699999939650297
71818,42.92,4.17,0.2699999939650297
71819,42.92,4.185,0.2699999939650297
71820,42.92,4.2,0.2799999937415123
71821,42.92,4.215,0.25999999418854713
71822,42.92,4.23,0.2799999937415123
71823,42.92,4.245,0.2799999937415123
71824,42.92,4.26,0.2899999935179949
71825,42.92,4.275,0.25999999418854713
71826,42.92,4.29,0.25999999418854713
71827,42.92,4.305,0.23999999463558197
71828,42.92,4.32,0.25999999418854713
71829,42.92,4.335,0.23999999463558197
71830,42.92,4.35,0.23999999463558197
71831,42.92,4.365,0.24999999441206455
71832,42.92,4.38,0.19999999552965164
71833,42.92,4.395,0.18999999575316906
71834,42.92,4.41,0.1699999962002039
71835,42.92,4.425,0.18999999575316906
71836,42.92,4.44,0.2199999950826168
71837,42.92,4.455,0.2299999948590994
71838,42.92,4.47,0.2199999950826168
71839,42.92,4.485,0.2199999950826168
71840,42.92,4.5,0.25999999418854713
71841,42.92,4.515,0.3199999928474426
71842,42.92,4.53,0.3299999926239252
71843,42.92,4.545,0.3399999924004078
71844,42.92,4.56,0.3899999912828207
71845,42.92,4.575,0.36999999172985554
71846,42.92,4.59,0.35999999195337296
71847,42.92,4.605,0.35999999195337296
71848,42.92,4.62,0.35999999195337296
71849,42.92,4.635,0.3499999921768904
71850,42.92,4.65,0.3999999910593033
71851,42.92,4.665,0.41999999061226845
71852,42.92,4.68,0.5099999886006117
71853,42.92,4.695,0.549999987706542
71854,42.92,4.71,0.5599999874830246
71855,42.92,4.725,0.6099999863654375
71856,42.92,4.74,0.6299999859184027
71857,42.92,4.755,0.7099999841302633
71858,42.92,4.77,0.7399999834597111
71859,42.92,4.785,0.8099999818950891
71860,42.92,4.8,0.7999999821186066
71861,42.92,4.815,0.7299999836832285
71862,42.92,4.83,0.6899999845772982
71863,42.92,4.845,0.6199999861419201
71864,42.92,4.86,0.549999987706542
71865,42.92,4.875,0.4999999888241291
71866,42.92,4.89,0.46999998949468136
71867,42.92,4.905,0.42999999038875103
71868,42.92,4.92,0.41999999061226845
71869,42.92,4.935,0.40999999083578587
71870,42.92,4.95,0.3899999912828207
71871,42.92,4.965,0.3799999915063381
71872,42.92,4.98,0.3499999921768904
71873,42.92,4.995,0.3199999928474426
71874,42.92,5.01,0.2799999937415123
71875,42.92,5.025,0.24999999441206455
71876,42.92,5.04,0.25999999418854713
71877,42.92,5.055,0.2699999939650297
71878,42.92,5.07,0.24999999441206455
71879,42.92,5.085,0.2199999950826168
71880,42.92,5.1,0.23999999463558197
71881,42.92,5.115,0.24999999441206455
71882,42.92,5.13,0.2299999948590994
71883,42.92,5.145,0.20999999530613422
71884,42.92,5.16,0.19999999552965164
71885,42.92,5.175,0.19999999552965164
71886,42.92,5.19,0.19999999552965164
71887,42.92,5.205,0.19999999552965164
71888,42.92,5.22,0.19999999552965164
71889,42.92,5.235,0.20999999530613422
71890,42.92,5.25,0.20999999530613422
71891,42.92,5.265,0.20999999530613422
71892,42.92,5.28,0.20999999530613422
71893,42.92,5.295,0.18999999575316906
71894,42.92,5.31,0.19999999552965164
71895,42.92,5.325,0.20999999530613422
71896,42.92,5.34,0.2199999950826168
71897,42.92,5.355,0.20999999530613422
71898,42.92,5.37,0.20999999530613422
71899,42.92,5.385,0.19999999552965164
71900,42.92,5.4,0.20999999530613422
71901,42.92,5.415,0.20999999530613422
71902,42.92,5.43,0.20999999530613422
71903,42.92,5.445,0.2199999950826168
71904,42.92,5.46,0.20999999530613422
71905,42.92,5.475,0.20999999530613422
71906,42.92,5.49,0.20999999530613422
72191,42.93,3.51,0.6799999848008156
72192,42.93,3.525,0.47999998927116394
72193,42.93,3.54,0.5599999874830246
72194,42.93,3.555,0.5099999886006117
72195,42.93,3.57,0.4499999899417162
72196,42.93,3.585,0.42999999038875103
72197,42.93,3.6,0.41999999061226845
72198,42.93,3.615,0.5099999886006117
72199,42.93,3.63,0.5799999870359898
72200,42.93,3.645,0.6399999856948853
72201,42.93,3.66,0.6499999854713678
72202,42.93,3.675,0.6399999856948853
72203,42.93,3.69,0.6299999859184027
72204,42.93,3.705,0.6299999859184027
72205,42.93,3.72,0.6499999854713678
72206,42.93,3.735,0.6899999845772982
72207,42.93,3.75,0.7099999841302633
72208,42.93,3.765,0.7299999836832285
72209,42.93,3.78,0.7399999834597111
72210,42.93,3.795,0.7699999827891588
72211,42.93,3.81,0.789999982342124
72212,42.93,3.825,0.7599999830126762
72213,42.93,3.84,0.7199999839067459
72214,42.93,3.855,0.6599999852478504
72215,42.93,3.87,0.5599999874830246
72216,42.93,3.885,0.5199999883770943
72217,42.93,3.9,0.4599999897181988
72218,42.93,3.915,0.40999999083578587
72219,42.93,3.93,0.40999999083578587
72220,42.93,3.945,0.3999999910593033
72221,42.93,3.96,0.3799999915063381
72222,42.93,3.975,0.36999999172985554
72223,42.93,3.99,0.3399999924004078
72224,42.93,4.005,0.36999999172985554
72225,42.93,4.02,0.4599999897181988
72226,42.93,4.035,0.4499999899417162
72227,42.93,4.05,0.5099999886006117
72228,42.93,4.065,0.4999999888241291
72229,42.93,4.08,0.3999999910593033
72230,42.93,4.095,0.2699999939650297
72231,42.93,4.11,0.2699999939650297
72232,42.93,4.125,0.2699999939650297
72233,42.93,4.14,0.2899999935179949
72234,42.93,4.155,0.2699999939650297
72235,42.93,4.17,0.2799999937415123
72236,42.93,4.185,0.2699999939650297
72237,42.93,4.2,0.25999999418854713
72238,42.93,4.215,0.2799999937415123
72239,42.93,4.23,0.2799999937415123
72240,42.93,4.245,0.2899999935179949
72241,42.93,4.26,0.2699999939650297
72242,42.93,4.275,0.23999999463558197
72243,42.93,4.29,0.2299999948590994
72244,42.93,4.305,0.25999999418854713
72245,42.93,4.32,0.25999999418854713
72246,42.93,4.335,0.23999999463558197
72247,42.93,4.35,0.24999999441206455
72248,42.93,4.365,0.24999999441206455
72249,42.93,4.38,0.18999999575316906
72250,42.93,4.395,0.20999999530613422
72251,42.93,4.41,0.1699999962002039
72252,42.93,4.425,0.18999999575316906
72253,42.93,4.44,0.20999999530613422
72254,42.93,4.455,0.23999999463558197
72255,42.93,4.47,0.24999999441206455
72256,42.93,4.485,0.25999999418854713
72257,42.93,4.5,0.3399999924004078
72258,42.93,4.515,0.3799999915063381
72259,42.93,4.53,0.3799999915063381
72260,42.93,4.545,0.40999999083578587
72261,42.93,4.56,0.41999999061226845
72262,42.93,4.575,0.42999999038875103
72263,42.93,4.59,0.3999999910593033
72264,42.93,4.605,0.41999999061226845
72265,42.93,4.62,0.42999999038875103
72266,42.93,4.635,0.40999999083578587
72267,42.93,4.65,0.5399999879300594
72268,42.93,4.665,0.5199999883770943
72269,42.93,4.68,0.5799999870359898
72270,42.93,4.695,0.6099999863654375
72271,42.93,4.71,0.6599999852478504
72272,42.93,4.725,0.7099999841302633
72273,42.93,4.74,0.789999982342124
72274,42.93,4.755,0.8399999812245369
72275,42.93,4.77,0.9299999792128801
72276,42.93,4.785,0.9499999787658453
72277,42.93,4.8,0.9199999794363976
72278,42.93,4.815,0.8799999803304672
72279,42.93,4.83,0.8099999818950891
72280,42.93,4.845,0.7099999841302633
72281,42.93,4.86,0.6099999863654375
72282,42.93,4.875,0.549999987706542
72283,42.93,4.89,0.4899999890476465
72284,42.93,4.905,0.47999998927116394
72285,42.93,4.92,0.4999999888241291
72286,42.93,4.935,0.4899999890476465
72287,42.93,4.95,0.47999998927116394
72288,42.93,4.965,0.4399999901652336
72289,42.93,4.98,0.3999999910593033
72290,42.93,4.995,0.36999999172985554
72291,42.93,5.01,0.29999999329447746
72292,42.93,5.025,0.29999999329447746
72293,42.93,5.04,0.2699999939650297
72294,42.93,5.055,0.25999999418854713
72295,42.93,5.07,0.23999999463558197
72296,42.93,5.085,0.2199999950826168
72297,42.93,5.1,0.23999999463558197
72298,42.93,5.115,0.2699999939650297
72299,42.93,5.13,0.24999999441206455
72300,42.93,5.145,0.2299999948590994
72301,42.93,5.16,0.18999999575316906
72302,42.93,5.175,0.17999999597668648
72303,42.93,5.19,0.19999999552965164
72304,42.93,5.205,0.19999999552965164
72305,42.93,5.22,0.19999999552965164
72306,42.93,5.235,0.20999999530613422
72307,42.93,5.25,0.19999999552965164
72308,42.93,5.265,0.20999999530613422
72309,42.93,5.28,0.19999999552965164
72310,42.93,5.295,0.17999999597668648
72311,42.93,5.31,0.19999999552965164
72312,42.93,5.325,0.19999999552965164
72313,42.93,5.34,0.20999999530613422
72314,42.93,5.355,0.20999999530613422
72315,42.93,5.37,0.20999999530613422
72316,42.93,5.385,0.20999999530613422
72317,42.93,5.4,0.19999999552965164
72318,42.93,5.415,0.20999999530613422
72319,42.93,5.43,0.2199999950826168
72320,42.93,5.445,0.20999999530613422
72321,42.93,5.46,0.20999999530613422
72322,42.93,5.475,0.2199999950826168
72323,42.93,5.49,0.20999999530613422
72608,42.94,3.51,0.6599999852478504
72609,42.94,3.525,0.5599999874830246
72610,42.94,3.54,0.6099999863654375
72611,42.94,3.555,0.6099999863654375
72612,42.94,3.57,0.549999987706542
72613,42.94,3.585,0.5299999881535769
72614,42.94,3.6,0.5299999881535769
72615,42.94,3.615,0.5699999872595072
72616,42.94,3.63,0.6199999861419201
72617,42.94,3.645,0.669999985024333
72618,42.94,3.66,0.669999985024333
72619,42.94,3.675,0.6599999852478504
72620,42.94,3.69,0.6399999856948853
72621,42.94,3.705,0.6299999859184027
72622,42.94,3.72,0.6799999848008156
72623,42.94,3.735,0.7299999836832285
72624,42.94,3.75,0.7799999825656414
72625,42.94,3.765,0.789999982342124
72626,42.94,3.78,0.7799999825656414
72627,42.94,3.795,0.789999982342124
72628,42.94,3.81,0.7799999825656414
72629,42.94,3.825,0.7299999836832285
72630,42.94,3.84,0.6999999843537807
72631,42.94,3.855,0.669999985024333
72632,42.94,3.87,0.5899999868124723
72633,42.94,3.885,0.46999998949468136
72634,42.94,3.9,0.4499999899417162
72635,42.94,3.915,0.4499999899417162
72636,42.94,3.93,0.42999999038875103
72637,42.94,3.945,0.4399999901652336
72638,42.94,3.96,0.42999999038875103
72639,42.94,3.975,0.40999999083578587
72640,42.94,3.99,0.3799999915063381
72641,42.94,4.005,0.4499999899417162
72642,42.94,4.02,0.5399999879300594
72643,42.94,4.035,0.549999987706542
72644,42.94,4.05,0.549999987706542
72645,42.94,4.065,0.5299999881535769
72646,42.94,4.08,0.42999999038875103
72647,42.94,4.095,0.2699999939650297
72648,42.94,4.11,0.2799999937415123
72649,42.94,4.125,0.2799999937415123
72650,42.94,4.14,0.3199999928474426
72651,42.94,4.155,0.30999999307096004
72652,42.94,4.17,0.3199999928474426
72653,42.94,4.185,0.30999999307096004
72654,42.94,4.2,0.3199999928474426
72655,42.94,4.215,0.29999999329447746
72656,42.94,4.23,0.2899999935179949
72657,42.94,4.245,0.2799999937415123
72658,42.94,4.26,0.29999999329447746
72659,42.94,4.275,0.23999999463558197
72660,42.94,4.29,0.24999999441206455
72661,42.94,4.305,0.24999999441206455
72662,42.94,4.32,0.2899999935179949
72663,42.94,4.335,0.2699999939650297
72664,42.94,4.35,0.2699999939650297
72665,42.94,4.365,0.2199999950826168
72666,42.94,4.38,0.20999999530613422
72667,42.94,4.395,0.18999999575316906
72668,42.94,4.41,0.1699999962002039
72669,42.94,4.425,0.14999999664723873
72670,42.94,4.44,0.1599999964237213
72671,42.94,4.455,0.24999999441206455
72672,42.94,4.47,0.2899999935179949
72673,42.94,4.485,0.29999999329447746
72674,42.94,4.5,0.36999999172985554
72675,42.94,4.515,0.4399999901652336
72676,42.94,4.53,0.47999998927116394
72677,42.94,4.545,0.4599999897181988
72678,42.94,4.56,0.47999998927116394
72679,42.94,4.575,0.46999998949468136
72680,42.94,4.59,0.4599999897181988
72681,42.94,4.605,0.46999998949468136
72682,42.94,4.62,0.46999998949468136
72683,42.94,4.635,0.5099999886006117
72684,42.94,4.65,0.549999987706542
72685,42.94,4.665,0.5999999865889549
72686,42.94,4.68,0.669999985024333
72687,42.94,4.695,0.7199999839067459
72688,42.94,4.71,0.8099999818950891
72689,42.94,4.725,0.8999999798834324
72690,42.94,4.74,0.979999978095293
72691,42.94,4.755,1.0399999767541885
72692,42.94,4.77,1.1099999751895666
72693,42.94,4.785,1.1299999747425318
72694,42.94,4.8,1.1399999745190144
72695,42.94,4.815,1.1299999747425318
72696,42.94,4.83,1.0599999763071537
72697,42.94,4.845,0.9199999794363976
72698,42.94,4.86,0.7799999825656414
72699,42.94,4.875,0.7299999836832285
72700,42.94,4.89,0.6099999863654375
72701,42.94,4.905,0.6599999852478504
72702,42.94,4.92,0.6599999852478504
72703,42.94,4.935,0.669999985024333
72704,42.94,4.95,0.6499999854713678
72705,42.94,4.965,0.5699999872595072
72706,42.94,4.98,0.47999998927116394
72707,42.94,4.995,0.40999999083578587
72708,42.94,5.01,0.36999999172985554
72709,42.94,5.025,0.30999999307096004
72710,42.94,5.04,0.30999999307096004
72711,42.94,5.055,0.2799999937415123
72712,42.94,5.07,0.23999999463558197
72713,42.94,5.085,0.23999999463558197
72714,42.94,5.1,0.25999999418854713
72715,42.94,5.115,0.2899999935179949
72716,42.94,5.13,0.2799999937415123
72717,42.94,5.145,0.25999999418854713
72718,42.94,5.16,0.2199999950826168
72719,42.94,5.175,0.18999999575316906
72720,42.94,5.19,0.19999999552965164
72721,42.94,5.205,0.20999999530613422
72722,42.94,5.22,0.20999999530613422
72723,42.94,5.235,0.2199999950826168
72724,42.94,5.25,0.20999999530613422
72725,42.94,5.265,0.19999999552965164
72726,42.94,5.28,0.18999999575316906
72727,42.94,5.295,0.18999999575316906
72728,42.94,5.31,0.18999999575316906
72729,42.94,5.325,0.19999999552965164
72730,42.94,5.34,0.19999999552965164
72731,42.94,5.355,0.20999999530613422
72732,42.94,5.37,0.20999999530613422
72733,42.94,5.385,0.20999999530613422
72734,42.94,5.4,0.20999999530613422
72735,42.94,5.415,0.20999999530613422
72736,42.94,5.43,0.20999999530613422
72737,42.94,5.445,0.20999999530613422
72738,42.94,5.46,0.20999999530613422
72739,42.94,5.475,0.19999999552965164
72740,42.94,5.49,0.19999999552965164
73025,42.95,3.51,0.6399999856948853
73026,42.95,3.525,0.6399999856948853
73027,42.95,3.54,0.6299999859184027
73028,42.95,3.555,0.669999985024333
73029,42.95,3.57,0.6999999843537807
73030,42.95,3.585,0.6899999845772982
73031,42.95,3.6,0.669999985024333
73032,42.95,3.615,0.6899999845772982
73033,42.95,3.63,0.7099999841302633
73034,42.95,3.645,0.7699999827891588
73035,42.95,3.66,0.7599999830126762
73036,42.95,3.675,0.7299999836832285
73037,42.95,3.69,0.6999999843537807
73038,42.95,3.705,0.6899999845772982
73039,42.95,3.72,0.7499999832361937
73040,42.95,3.735,0.8099999818950891
73041,42.95,3.75,0.8599999807775021
73042,42.95,3.765,0.8399999812245369
73043,42.95,3.78,0.8199999816715717
73044,42.95,3.795,0.8099999818950891
73045,42.95,3.81,0.7599999830126762
73046,42.95,3.825,0.7199999839067459
73047,42.95,3.84,0.669999985024333
73048,42.95,3.855,0.6099999863654375
73049,42.95,3.87,0.549999987706542
73050,42.95,3.885,0.5199999883770943
73051,42.95,3.9,0.4599999897181988
73052,42.95,3.915,0.46999998949468136
73053,42.95,3.93,0.4599999897181988
73054,42.95,3.945,0.4599999897181988
73055,42.95,3.96,0.4599999897181988
73056,42.95,3.975,0.46999998949468136
73057,42.95,3.99,0.4899999890476465
73058,42.95,4.005,0.5799999870359898
73059,42.95,4.02,0.6399999856948853
73060,42.95,4.035,0.5399999879300594
73061,42.95,4.05,0.5399999879300594
73062,42.95,4.065,0.5299999881535769
73063,42.95,4.08,0.40999999083578587
73064,42.95,4.095,0.29999999329447746
73065,42.95,4.11,0.30999999307096004
73066,42.95,4.125,0.2899999935179949
73067,42.95,4.14,0.2899999935179949
73068,42.95,4.155,0.30999999307096004
73069,42.95,4.17,0.3399999924004078
73070,42.95,4.185,0.3499999921768904
73071,42.95,4.2,0.3499999921768904
73072,42.95,4.215,0.3399999924004078
73073,42.95,4.23,0.2899999935179949
73074,42.95,4.245,0.2799999937415123
73075,42.95,4.26,0.2799999937415123
73076,42.95,4.275,0.2799999937415123
73077,42.95,4.29,0.2699999939650297
73078,42.95,4.305,0.2799999937415123
73079,42.95,4.32,0.29999999329447746
73080,42.95,4.335,0.30999999307096004
73081,42.95,4.35,0.25999999418854713
73082,42.95,4.365,0.20999999530613422
73083,42.95,4.38,0.17999999597668648
73084,42.95,4.395,0.17999999597668648
73085,42.95,4.41,0.17999999597668648
73086,42.95,4.425,0.1599999964237213
73087,42.95,4.44,0.1599999964237213
73088,42.95,4.455,0.18999999575316906
73089,42.95,4.47,0.24999999441206455
73090,42.95,4.485,0.3299999926239252
73091,42.95,4.5,0.3999999910593033
73092,42.95,4.515,0.46999998949468136
73093,42.95,4.53,0.5199999883770943
73094,42.95,4.545,0.5299999881535769
73095,42.95,4.56,0.5399999879300594
73096,42.95,4.575,0.5299999881535769
73097,42.95,4.59,0.5299999881535769
73098,42.95,4.605,0.5199999883770943
73099,42.95,4.62,0.5299999881535769
73100,42.95,4.635,0.549999987706542
73101,42.95,4.65,0.6099999863654375
73102,42.95,4.665,0.6499999854713678
73103,42.95,4.68,0.7199999839067459
73104,42.95,4.695,0.8699999805539846
73105,42.95,4.71,0.9399999789893627
73106,42.95,4.725,1.099999975413084
73107,42.95,4.74,1.2299999725073576
73108,42.95,4.755,1.2999999709427357
73109,42.95,4.77,1.3299999702721834
73110,42.95,4.785,1.389999968931079
73111,42.95,4.8,1.4499999675899744
73112,42.95,4.815,1.459999967366457
73113,42.95,4.83,1.3799999691545963
73114,42.95,4.845,1.269999971613288
73115,42.95,4.86,1.1199999749660492
73116,42.95,4.875,1.0599999763071537
73117,42.95,4.89,1.0699999760836363
73118,42.95,4.905,1.1399999745190144
73119,42.95,4.92,1.2099999729543924
73120,42.95,4.935,1.1099999751895666
73121,42.95,4.95,0.8999999798834324
73122,42.95,4.965,0.7799999825656414
73123,42.95,4.98,0.6399999856948853
73124,42.95,4.995,0.5099999886006117
73125,42.95,5.01,0.4399999901652336
73126,42.95,5.025,0.36999999172985554
73127,42.95,5.04,0.3199999928474426
73128,42.95,5.055,0.2699999939650297
73129,42.95,5.07,0.24999999441206455
73130,42.95,5.085,0.25999999418854713
73131,42.95,5.1,0.2799999937415123
73132,42.95,5.115,0.30999999307096004
73133,42.95,5.13,0.3199999928474426
73134,42.95,5.145,0.2799999937415123
73135,42.95,5.16,0.2299999948590994
73136,42.95,5.175,0.20999999530613422
73137,42.95,5.19,0.20999999530613422
73138,42.95,5.205,0.2199999950826168
73139,42.95,5.22,0.2299999948590994
73140,42.95,5.235,0.2199999950826168
73141,42.95,5.25,0.2199999950826168
73142,42.95,5.265,0.19999999552965164
73143,42.95,5.28,0.18999999575316906
73144,42.95,5.295,0.18999999575316906
73145,42.95,5.31,0.20999999530613422
73146,42.95,5.325,0.19999999552965164
73147,42.95,5.34,0.19999999552965164
73148,42.95,5.355,0.19999999552965164
73149,42.95,5.37,0.20999999530613422
73150,42.95,5.385,0.20999999530613422
73151,42.95,5.4,0.20999999530613422
73152,42.95,5.415,0.20999999530613422
73153,42.95,5.43,0.20999999530613422
73154,42.95,5.445,0.20999999530613422
73155,42.95,5.46,0.19999999552965164
73156,42.95,5.475,0.19999999552965164
73157,42.95,5.49,0.19999999552965164
73442,42.96,3.51,0.6399999856948853
73443,42.96,3.525,0.6399999856948853
73444,42.96,3.54,0.7299999836832285
73445,42.96,3.555,0.7799999825656414
73446,42.96,3.57,0.8199999816715717
73447,42.96,3.585,0.8699999805539846
73448,42.96,3.6,0.8699999805539846
73449,42.96,3.615,0.8799999803304672
73450,42.96,3.63,0.8899999801069498
73451,42.96,3.645,0.909999979659915
73452,42.96,3.66,0.909999979659915
73453,42.96,3.675,0.8599999807775021
73454,42.96,3.69,0.8099999818950891
73455,42.96,3.705,0.7999999821186066
73456,42.96,3.72,0.8399999812245369
73457,42.96,3.735,0.909999979659915
73458,42.96,3.75,0.9199999794363976
73459,42.96,3.765,0.909999979659915
73460,42.96,3.78,0.8499999810010195
73461,42.96,3.795,0.789999982342124
73462,42.96,3.81,0.7699999827891588
73463,42.96,3.825,0.7199999839067459
73464,42.96,3.84,0.6399999856948853
73465,42.96,3.855,0.5299999881535769
73466,42.96,3.87,0.4999999888241291
73467,42.96,3.885,0.46999998949468136
73468,42.96,3.9,0.46999998949468136
73469,42.96,3.915,0.4499999899417162
73470,42.96,3.93,0.47999998927116394
73471,42.96,3.945,0.4999999888241291
73472,42.96,3.96,0.47999998927116394
73473,42.96,3.975,0.5299999881535769
73474,42.96,3.99,0.5399999879300594
73475,42.96,4.005,0.549999987706542
73476,42.96,4.02,0.6999999843537807
73477,42.96,4.035,0.5999999865889549
73478,42.96,4.05,0.5999999865889549
73479,42.96,4.065,0.5799999870359898
73480,42.96,4.08,0.4599999897181988
73481,42.96,4.095,0.3399999924004078
73482,42.96,4.11,0.3299999926239252
73483,42.96,4.125,0.29999999329447746
73484,42.96,4.14,0.30999999307096004
73485,42.96,4.155,0.3499999921768904
73486,42.96,4.17,0.3499999921768904
73487,42.96,4.185,0.3899999912828207
73488,42.96,4.2,0.36999999172985554
73489,42.96,4.215,0.3799999915063381
73490,42.96,4.23,0.3399999924004078
73491,42.96,4.245,0.3299999926239252
73492,42.96,4.26,0.3199999928474426
73493,42.96,4.275,0.3199999928474426
73494,42.96,4.29,0.29999999329447746
73495,42.96,4.305,0.3199999928474426
73496,42.96,4.32,0.3299999926239252
73497,42.96,4.335,0.30999999307096004
73498,42.96,4.35,0.2899999935179949
73499,42.96,4.365,0.23999999463558197
73500,42.96,4.38,0.18999999575316906
73501,42.96,4.395,0.20999999530613422
73502,42.96,4.41,0.19999999552965164
73503,42.96,4.425,0.1599999964237213
73504,42.96,4.44,0.1699999962002039
73505,42.96,4.455,0.19999999552965164
73506,42.96,4.47,0.2299999948590994
73507,42.96,4.485,0.3199999928474426
73508,42.96,4.5,0.41999999061226845
73509,42.96,4.515,0.4899999890476465
73510,42.96,4.53,0.5399999879300594
73511,42.96,4.545,0.6099999863654375
73512,42.96,4.56,0.5999999865889549
73513,42.96,4.575,0.6099999863654375
73514,42.96,4.59,0.5899999868124723
73515,42.96,4.605,0.6199999861419201
73516,42.96,4.62,0.6199999861419201
73517,42.96,4.635,0.6299999859184027
73518,42.96,4.65,0.7099999841302633
73519,42.96,4.665,0.7199999839067459
73520,42.96,4.68,0.8199999816715717
73521,42.96,4.695,0.9899999778717756
73522,42.96,4.71,1.1299999747425318
73523,42.96,4.725,1.339999970048666
73524,42.96,4.74,1.4799999669194221
73525,42.96,4.755,1.5599999651312828
73526,42.96,4.77,1.6199999637901783
73527,42.96,4.785,1.7099999617785215
73528,42.96,4.8,1.8099999595433474
73529,42.96,4.815,1.8599999584257603
73530,42.96,4.83,1.839999958872795
73531,42.96,4.845,1.7399999611079693
73532,42.96,4.86,1.6299999635666609
73533,42.96,4.875,1.579999964684248
73534,42.96,4.89,1.699999962002039
73535,42.96,4.905,1.8799999579787254
73536,42.96,4.92,1.8699999582022429
73537,42.96,4.935,1.6699999626725912
73538,42.96,4.95,1.3299999702721834
73539,42.96,4.965,1.0099999774247408
73540,42.96,4.98,0.8599999807775021
73541,42.96,4.995,0.7099999841302633
73542,42.96,5.01,0.5599999874830246
73543,42.96,5.025,0.42999999038875103
73544,42.96,5.04,0.3399999924004078
73545,42.96,5.055,0.2899999935179949
73546,42.96,5.07,0.2699999939650297
73547,42.96,5.085,0.2799999937415123
73548,42.96,5.1,0.29999999329447746
73549,42.96,5.115,0.30999999307096004
73550,42.96,5.13,0.30999999307096004
73551,42.96,5.145,0.2799999937415123
73552,42.96,5.16,0.23999999463558197
73553,42.96,5.175,0.2199999950826168
73554,42.96,5.19,0.19999999552965164
73555,42.96,5.205,0.20999999530613422
73556,42.96,5.22,0.2299999948590994
73557,42.96,5.235,0.20999999530613422
73558,42.96,5.25,0.19999999552965164
73559,42.96,5.265,0.18999999575316906
73560,42.96,5.28,0.18999999575316906
73561,42.96,5.295,0.19999999552965164
73562,42.96,5.31,0.19999999552965164
73563,42.96,5.325,0.19999999552965164
73564,42.96,5.34,0.20999999530613422
73565,42.96,5.355,0.20999999530613422
73566,42.96,5.37,0.19999999552965164
73567,42.96,5.385,0.20999999530613422
73568,42.96,5.4,0.20999999530613422
73569,42.96,5.415,0.20999999530613422
73570,42.96,5.43,0.19999999552965164
73571,42.96,5.445,0.19999999552965164
73572,42.96,5.46,0.19999999552965164
73573,42.96,5.475,0.19999999552965164
73574,42.96,5.49,0.18999999575316906
73859,42.97,3.51,0.5399999879300594
73860,42.97,3.525,0.6099999863654375
73861,42.97,3.54,0.7299999836832285
73862,42.97,3.555,0.789999982342124
73863,42.97,3.57,0.8699999805539846
73864,42.97,3.585,0.979999978095293
73865,42.97,3.6,1.029999976977706
73866,42.97,3.615,1.099999975413084
73867,42.97,3.63,1.0599999763071537
73868,42.97,3.645,1.0499999765306711
73869,42.97,3.66,1.0399999767541885
73870,42.97,3.675,0.979999978095293
73871,42.97,3.69,0.9299999792128801
73872,42.97,3.705,0.8799999803304672
73873,42.97,3.72,0.9199999794363976
73874,42.97,3.735,0.979999978095293
73875,42.97,3.75,0.9599999785423279
73876,42.97,3.765,0.9199999794363976
73877,42.97,3.78,0.8699999805539846
73878,42.97,3.795,0.8199999816715717
73879,42.97,3.81,0.7699999827891588
73880,42.97,3.825,0.7299999836832285
73881,42.97,3.84,0.6099999863654375
73882,42.97,3.855,0.4899999890476465
73883,42.97,3.87,0.3999999910593033
73884,42.97,3.885,0.42999999038875103
73885,42.97,3.9,0.4399999901652336
73886,42.97,3.915,0.47999998927116394
73887,42.97,3.93,0.4999999888241291
73888,42.97,3.945,0.4999999888241291
73889,42.97,3.96,0.47999998927116394
73890,42.97,3.975,0.4899999890476465
73891,42.97,3.99,0.4999999888241291
73892,42.97,4.005,0.5299999881535769
73893,42.97,4.02,0.5599999874830246
73894,42.97,4.035,0.549999987706542
73895,42.97,4.05,0.5699999872595072
73896,42.97,4.065,0.5899999868124723
73897,42.97,4.08,0.4599999897181988
73898,42.97,4.095,0.3799999915063381
73899,42.97,4.11,0.35999999195337296
73900,42.97,4.125,0.36999999172985554
73901,42.97,4.14,0.3499999921768904
73902,42.97,4.155,0.3399999924004078
73903,42.97,4.17,0.3899999912828207
73904,42.97,4.185,0.3999999910593033
73905,42.97,4.2,0.40999999083578587
73906,42.97,4.215,0.40999999083578587
73907,42.97,4.23,0.3799999915063381
73908,42.97,4.245,0.3799999915063381
73909,42.97,4.26,0.3499999921768904
73910,42.97,4.275,0.3299999926239252
73911,42.97,4.29,0.36999999172985554
73912,42.97,4.305,0.35999999195337296
73913,42.97,4.32,0.36999999172985554
73914,42.97,4.335,0.3499999921768904
73915,42.97,4.35,0.3199999928474426
73916,42.97,4.365,0.23999999463558197
73917,42.97,4.38,0.2299999948590994
73918,42.97,4.395,0.18999999575316906
73919,42.97,4.41,0.1699999962002039
73920,42.97,4.425,0.2299999948590994
73921,42.97,4.44,0.1699999962002039
73922,42.97,4.455,0.18999999575316906
73923,42.97,4.47,0.2299999948590994
73924,42.97,4.485,0.29999999329447746
73925,42.97,4.5,0.42999999038875103
73926,42.97,4.515,0.4999999888241291
73927,42.97,4.53,0.5599999874830246
73928,42.97,4.545,0.6099999863654375
73929,42.97,4.56,0.6399999856948853
73930,42.97,4.575,0.6399999856948853
73931,42.97,4.59,0.6599999852478504
73932,42.97,4.605,0.6199999861419201
73933,42.97,4.62,0.6799999848008156
73934,42.97,4.635,0.6999999843537807
73935,42.97,4.65,0.7599999830126762
73936,42.97,4.665,0.8099999818950891
73937,42.97,4.68,0.9399999789893627
73938,42.97,4.695,1.0799999758601189
73939,42.97,4.71,1.269999971613288
73940,42.97,4.725,1.4699999671429396
73941,42.97,4.74,1.6599999628961086
73942,42.97,4.755,1.7399999611079693
73943,42.97,4.77,1.8499999586492777
73944,42.97,4.785,1.9199999570846558
73945,42.97,4.8,2.0899999532848597
73946,42.97,4.815,2.179999951273203
73947,42.97,4.83,2.2199999503791332
73948,42.97,4.845,2.12999995239079
73949,42.97,4.86,2.1199999526143074
73950,42.97,4.875,2.1399999521672726
73951,42.97,4.89,2.339999947696924
73952,42.97,4.905,2.5199999436736107
73953,42.97,4.92,2.4699999447911978
73954,42.97,4.935,2.1699999514967203
73955,42.97,4.95,1.7099999617785215
73956,42.97,4.965,1.339999970048666
73957,42.97,4.98,1.1299999747425318
73958,42.97,4.995,0.909999979659915
73959,42.97,5.01,0.6799999848008156
73960,42.97,5.025,0.47999998927116394
73961,42.97,5.04,0.35999999195337296
73962,42.97,5.055,0.30999999307096004
73963,42.97,5.07,0.29999999329447746
73964,42.97,5.085,0.3199999928474426
73965,42.97,5.1,0.3299999926239252
73966,42.97,5.115,0.3199999928474426
73967,42.97,5.13,0.30999999307096004
73968,42.97,5.145,0.2699999939650297
73969,42.97,5.16,0.24999999441206455
73970,42.97,5.175,0.2299999948590994
73971,42.97,5.19,0.19999999552965164
73972,42.97,5.205,0.19999999552965164
73973,42.97,5.22,0.20999999530613422
73974,42.97,5.235,0.19999999552965164
73975,42.97,5.25,0.19999999552965164
73976,42.97,5.265,0.17999999597668648
73977,42.97,5.28,0.17999999597668648
73978,42.97,5.295,0.1699999962002039
73979,42.97,5.31,0.17999999597668648
73980,42.97,5.325,0.18999999575316906
73981,42.97,5.34,0.19999999552965164
73982,42.97,5.355,0.20999999530613422
73983,42.97,5.37,0.19999999552965164
73984,42.97,5.385,0.19999999552965164
73985,42.97,5.4,0.20999999530613422
73986,42.97,5.415,0.19999999552965164
73987,42.97,5.43,0.19999999552965164
73988,42.97,5.445,0.19999999552965164
73989,42.97,5.46,0.19999999552965164
73990,42.97,5.475,0.19999999552965164
73991,42.97,5.49,0.19999999552965164
74276,42.98,3.51,0.5099999886006117
74277,42.98,3.525,0.5599999874830246
74278,42.98,3.54,0.6499999854713678
74279,42.98,3.555,0.7199999839067459
74280,42.98,3.57,0.8399999812245369
74281,42.98,3.585,1.0399999767541885
74282,42.98,3.6,1.1399999745190144
74283,42.98,3.615,1.2099999729543924
74284,42.98,3.63,1.2099999729543924
74285,42.98,3.645,1.1899999734014273
74286,42.98,3.66,1.1299999747425318
74287,42.98,3.675,1.0699999760836363
74288,42.98,3.69,0.979999978095293
74289,42.98,3.705,0.9299999792128801
74290,42.98,3.72,0.9299999792128801
74291,42.98,3.735,0.9499999787658453
74292,42.98,3.75,0.9399999789893627
74293,42.98,3.765,0.8999999798834324
74294,42.98,3.78,0.8599999807775021
74295,42.98,3.795,0.8299999814480543
74296,42.98,3.81,0.789999982342124
74297,42.98,3.825,0.7299999836832285
74298,42.98,3.84,0.6199999861419201
74299,42.98,3.855,0.47999998927116394
74300,42.98,3.87,0.36999999172985554
74301,42.98,3.885,0.35999999195337296
74302,42.98,3.9,0.40999999083578587
74303,42.98,3.915,0.4499999899417162
74304,42.98,3.93,0.47999998927116394
74305,42.98,3.945,0.4899999890476465
74306,42.98,3.96,0.4899999890476465
74307,42.98,3.975,0.4999999888241291
74308,42.98,3.99,0.5199999883770943
74309,42.98,4.005,0.5599999874830246
74310,42.98,4.02,0.5899999868124723
74311,42.98,4.035,0.5599999874830246
74312,42.98,4.05,0.5699999872595072
74313,42.98,4.065,0.5999999865889549
74314,42.98,4.08,0.4899999890476465
74315,42.98,4.095,0.46999998949468136
74316,42.98,4.11,0.3899999912828207
74317,42.98,4.125,0.3799999915063381
74318,42.98,4.14,0.3799999915063381
74319,42.98,4.155,0.3899999912828207
74320,42.98,4.17,0.41999999061226845
74321,42.98,4.185,0.41999999061226845
74322,42.98,4.2,0.42999999038875103
74323,42.98,4.215,0.4499999899417162
74324,42.98,4.23,0.42999999038875103
74325,42.98,4.245,0.40999999083578587
74326,42.98,4.26,0.3799999915063381
74327,42.98,4.275,0.36999999172985554
74328,42.98,4.29,0.40999999083578587
74329,42.98,4.305,0.40999999083578587
74330,42.98,4.32,0.3999999910593033
74331,42.98,4.335,0.41999999061226845
74332,42.98,4.35,0.36999999172985554
74333,42.98,4.365,0.29999999329447746
74334,42.98,4.38,0.2199999950826168
74335,42.98,4.395,0.20999999530613422
74336,42.98,4.41,0.19999999552965164
74337,42.98,4.425,0.17999999597668648
74338,42.98,4.44,0.17999999597668648
74339,42.98,4.455,0.2299999948590994
74340,42.98,4.47,0.24999999441206455
74341,42.98,4.485,0.35999999195337296
74342,42.98,4.5,0.42999999038875103
74343,42.98,4.515,0.5399999879300594
74344,42.98,4.53,0.5899999868124723
74345,42.98,4.545,0.6399999856948853
74346,42.98,4.56,0.7199999839067459
74347,42.98,4.575,0.6899999845772982
74348,42.98,4.59,0.669999985024333
74349,42.98,4.605,0.669999985024333
74350,42.98,4.62,0.6299999859184027
74351,42.98,4.635,0.6499999854713678
74352,42.98,4.65,0.7199999839067459
74353,42.98,4.665,0.8199999816715717
74354,42.98,4.68,0.9399999789893627
74355,42.98,4.695,1.1399999745190144
74356,42.98,4.71,1.389999968931079
74357,42.98,4.725,1.5699999649077654
74358,42.98,4.74,1.7299999613314867
74359,42.98,4.755,1.8799999579787254
74360,42.98,4.77,1.9999999552965164
74361,42.98,4.785,2.1199999526143074
74362,42.98,4.8,2.2399999499320984
74363,42.98,4.815,2.349999947473407
74364,42.98,4.83,2.389999946579337
74365,42.98,4.845,2.4299999456852674
74366,42.98,4.86,2.509999943897128
74367,42.98,4.875,2.6899999398738146
74368,42.98,4.89,2.9799999333918095
74369,42.98,4.905,3.0699999313801527
74370,42.98,4.92,2.939999934285879
74371,42.98,4.935,2.459999945014715
74372,42.98,4.95,2.059999953955412
74373,42.98,4.965,1.699999962002039
74374,42.98,4.98,1.3799999691545963
74375,42.98,4.995,1.0699999760836363
74376,42.98,5.01,0.7499999832361937
74377,42.98,5.025,0.549999987706542
74378,42.98,5.04,0.3899999912828207
74379,42.98,5.055,0.3299999926239252
74380,42.98,5.07,0.3199999928474426
74381,42.98,5.085,0.3399999924004078
74382,42.98,5.1,0.3399999924004078
74383,42.98,5.115,0.3299999926239252
74384,42.98,5.13,0.3299999926239252
74385,42.98,5.145,0.30999999307096004
74386,42.98,5.16,0.2799999937415123
74387,42.98,5.175,0.23999999463558197
74388,42.98,5.19,0.2199999950826168
74389,42.98,5.205,0.20999999530613422
74390,42.98,5.22,0.20999999530613422
74391,42.98,5.235,0.19999999552965164
74392,42.98,5.25,0.17999999597668648
74393,42.98,5.265,0.17999999597668648
74394,42.98,5.28,0.1699999962002039
74395,42.98,5.295,0.1699999962002039
74396,42.98,5.31,0.17999999597668648
74397,42.98,5.325,0.18999999575316906
74398,42.98,5.34,0.19999999552965164
74399,42.98,5.355,0.18999999575316906
74400,42.98,5.37,0.18999999575316906
74401,42.98,5.385,0.19999999552965164
74402,42.98,5.4,0.19999999552965164
74403,42.98,5.415,0.19999999552965164
74404,42.98,5.43,0.19999999552965164
74405,42.98,5.445,0.19999999552965164
74406,42.98,5.46,0.18999999575316906
74407,42.98,5.475,0.18999999575316906
74408,42.98,5.49,0.18999999575316906
74693,42.99,3.51,0.47999998927116394
74694,42.99,3.525,0.4599999897181988
74695,42.99,3.54,0.5099999886006117
74696,42.99,3.555,0.5899999868124723
74697,42.99,3.57,0.7699999827891588
74698,42.99,3.585,1.0199999772012234
74699,42.99,3.6,1.1799999736249447
74700,42.99,3.615,1.2499999720603228
74701,42.99,3.63,1.269999971613288
74702,42.99,3.645,1.2099999729543924
74703,42.99,3.66,1.1099999751895666
74704,42.99,3.675,1.0199999772012234
74705,42.99,3.69,0.979999978095293
74706,42.99,3.705,0.9199999794363976
74707,42.99,3.72,0.8999999798834324
74708,42.99,3.735,0.8899999801069498
74709,42.99,3.75,0.8999999798834324
74710,42.99,3.765,0.8799999803304672
74711,42.99,3.78,0.8599999807775021
74712,42.99,3.795,0.8499999810010195
74713,42.99,3.81,0.789999982342124
74714,42.99,3.825,0.7599999830126762
74715,42.99,3.84,0.669999985024333
74716,42.99,3.855,0.5099999886006117
74717,42.99,3.87,0.3999999910593033
74718,42.99,3.885,0.3799999915063381
74719,42.99,3.9,0.4399999901652336
74720,42.99,3.915,0.4399999901652336
74721,42.99,3.93,0.46999998949468136
74722,42.99,3.945,0.4999999888241291
74723,42.99,3.96,0.46999998949468136
74724,42.99,3.975,0.4499999899417162
74725,42.99,3.99,0.5099999886006117
74726,42.99,4.005,0.5199999883770943
74727,42.99,4.02,0.6099999863654375
74728,42.99,4.035,0.5799999870359898
74729,42.99,4.05,0.5299999881535769
74730,42.99,4.065,0.5099999886006117
74731,42.99,4.08,0.4399999901652336
74732,42.99,4.095,0.42999999038875103
74733,42.99,4.11,0.47999998927116394
74734,42.99,4.125,0.3899999912828207
74735,42.99,4.14,0.3899999912828207
74736,42.99,4.155,0.3799999915063381
74737,42.99,4.17,0.4399999901652336
74738,42.99,4.185,0.46999998949468136
74739,42.99,4.2,0.4599999897181988
74740,42.99,4.215,0.4599999897181988
74741,42.99,4.23,0.4899999890476465
74742,42.99,4.245,0.41999999061226845
74743,42.99,4.26,0.3799999915063381
74744,42.99,4.275,0.3899999912828207
74745,42.99,4.29,0.3899999912828207
74746,42.99,4.305,0.41999999061226845
74747,42.99,4.32,0.41999999061226845
74748,42.99,4.335,0.42999999038875103
74749,42.99,4.35,0.3499999921768904
74750,42.99,4.365,0.3199999928474426
74751,42.99,4.38,0.23999999463558197
74752,42.99,4.395,0.18999999575316906
74753,42.99,4.41,0.1599999964237213
74754,42.99,4.425,0.19999999552965164
74755,42.99,4.44,0.19999999552965164
74756,42.99,4.455,0.2699999939650297
74757,42.99,4.47,0.3399999924004078
74758,42.99,4.485,0.41999999061226845
74759,42.99,4.5,0.4999999888241291
74760,42.99,4.515,0.5999999865889549
74761,42.99,4.53,0.6299999859184027
74762,42.99,4.545,0.6899999845772982
74763,42.99,4.56,0.7099999841302633
74764,42.99,4.575,0.6899999845772982
74765,42.99,4.59,0.7199999839067459
74766,42.99,4.605,0.6599999852478504
74767,42.99,4.62,0.5899999868124723
74768,42.99,4.635,0.7299999836832285
74769,42.99,4.65,0.7399999834597111
74770,42.99,4.665,0.789999982342124
74771,42.99,4.68,0.9499999787658453
74772,42.99,4.695,1.149999974295497
74773,42.99,4.71,1.389999968931079
74774,42.99,4.725,1.5499999653548002
74775,42.99,4.74,1.7199999615550041
74776,42.99,4.755,1.8799999579787254
74777,42.99,4.77,2.079999953508377
74778,42.99,4.785,2.179999951273203
74779,42.99,4.8,2.3099999483674765
74780,42.99,4.815,2.4099999461323023
74781,42.99,4.83,2.5199999436736107
74782,42.99,4.845,2.629999941214919
74783,42.99,4.86,2.7399999387562275
74784,42.99,4.875,3.0799999311566353
74785,42.99,4.89,3.349999925121665
74786,42.99,4.905,3.4099999237805605
74787,42.99,4.92,3.249999927356839
74788,42.99,4.935,2.7199999392032623
74789,42.99,4.95,2.3799999468028545
74790,42.99,4.965,1.9699999559670687
74791,42.99,4.98,1.579999964684248
74792,42.99,4.995,1.0699999760836363
74793,42.99,5.01,0.7399999834597111
74794,42.99,5.025,0.5299999881535769
74795,42.99,5.04,0.40999999083578587
74796,42.99,5.055,0.35999999195337296
74797,42.99,5.07,0.3499999921768904
74798,42.99,5.085,0.3499999921768904
74799,42.99,5.1,0.35999999195337296
74800,42.99,5.115,0.35999999195337296
74801,42.99,5.13,0.35999999195337296
74802,42.99,5.145,0.3499999921768904
74803,42.99,5.16,0.3299999926239252
74804,42.99,5.175,0.2799999937415123
74805,42.99,5.19,0.2299999948590994
74806,42.99,5.205,0.20999999530613422
74807,42.99,5.22,0.2199999950826168
74808,42.99,5.235,0.20999999530613422
74809,42.99,5.25,0.19999999552965164
74810,42.99,5.265,0.19999999552965164
74811,42.99,5.28,0.19999999552965164
74812,42.99,5.295,0.18999999575316906
74813,42.99,5.31,0.18999999575316906
74814,42.99,5.325,0.19999999552965164
74815,42.99,5.34,0.19999999552965164
74816,42.99,5.355,0.19999999552965164
74817,42.99,5.37,0.19999999552965164
74818,42.99,5.385,0.19999999552965164
74819,42.99,5.4,0.19999999552965164
74820,42.99,5.415,0.19999999552965164
74821,42.99,5.43,0.19999999552965164
74822,42.99,5.445,0.19999999552965164
74823,42.99,5.46,0.18999999575316906
74824,42.99,5.475,0.17999999597668648
74825,42.99,5.49,0.18999999575316906
75110,43.0,3.51,0.3999999910593033
75111,43.0,3.525,0.35999999195337296
75112,43.0,3.54,0.41999999061226845
75113,43.0,3.555,0.549999987706542
75114,43.0,3.57,0.7399999834597111
75115,43.0,3.585,0.9999999776482582
75116,43.0,3.6,1.1599999740719795
75117,43.0,3.615,1.2399999722838402
75118,43.0,3.63,1.219999972730875
75119,43.0,3.645,1.1099999751895666
75120,43.0,3.66,1.0199999772012234
75121,43.0,3.675,0.9499999787658453
75122,43.0,3.69,0.8799999803304672
75123,43.0,3.705,0.8599999807775021
75124,43.0,3.72,0.8399999812245369
75125,43.0,3.735,0.8699999805539846
75126,43.0,3.75,0.8799999803304672
75127,43.0,3.765,0.8899999801069498
75128,43.0,3.78,0.8699999805539846
75129,43.0,3.795,0.8299999814480543
75130,43.0,3.81,0.8299999814480543
75131,43.0,3.825,0.7699999827891588
75132,43.0,3.84,0.7099999841302633
75133,43.0,3.855,0.5899999868124723
75134,43.0,3.87,0.5099999886006117
75135,43.0,3.885,0.4499999899417162
75136,43.0,3.9,0.4499999899417162
75137,43.0,3.915,0.4599999897181988
75138,43.0,3.93,0.4499999899417162
75139,43.0,3.945,0.4499999899417162
75140,43.0,3.96,0.4599999897181988
75141,43.0,3.975,0.41999999061226845
75142,43.0,3.99,0.4499999899417162
75143,43.0,4.005,0.4599999897181988
75144,43.0,4.02,0.5299999881535769
75145,43.0,4.035,0.549999987706542
75146,43.0,4.05,0.5299999881535769
75147,43.0,4.065,0.5099999886006117
75148,43.0,4.08,0.4599999897181988
75149,43.0,4.095,0.41999999061226845
75150,43.0,4.11,0.4399999901652336
75151,43.0,4.125,0.42999999038875103
75152,43.0,4.14,0.3899999912828207
75153,43.0,4.155,0.36999999172985554
75154,43.0,4.17,0.41999999061226845
75155,43.0,4.185,0.47999998927116394
75156,43.0,4.2,0.5099999886006117
75157,43.0,4.215,0.47999998927116394
75158,43.0,4.23,0.4599999897181988
75159,43.0,4.245,0.42999999038875103
75160,43.0,4.26,0.40999999083578587
75161,43.0,4.275,0.3899999912828207
75162,43.0,4.29,0.3899999912828207
75163,43.0,4.305,0.40999999083578587
75164,43.0,4.32,0.42999999038875103
75165,43.0,4.335,0.3999999910593033
75166,43.0,4.35,0.36999999172985554
75167,43.0,4.365,0.2899999935179949
75168,43.0,4.38,0.23999999463558197
75169,43.0,4.395,0.20999999530613422
75170,43.0,4.41,0.1599999964237213
75171,43.0,4.425,0.2299999948590994
75172,43.0,4.44,0.25999999418854713
75173,43.0,4.455,0.3299999926239252
75174,43.0,4.47,0.3799999915063381
75175,43.0,4.485,0.5099999886006117
75176,43.0,4.5,0.5599999874830246
75177,43.0,4.515,0.6099999863654375
75178,43.0,4.53,0.6499999854713678
75179,43.0,4.545,0.7199999839067459
75180,43.0,4.56,0.7499999832361937
75181,43.0,4.575,0.6999999843537807
75182,43.0,4.59,0.6999999843537807
75183,43.0,4.605,0.6499999854713678
75184,43.0,4.62,0.669999985024333
75185,43.0,4.635,0.6599999852478504
75186,43.0,4.65,0.6899999845772982
75187,43.0,4.665,0.7599999830126762
75188,43.0,4.68,0.8599999807775021
75189,43.0,4.695,0.9999999776482582
75190,43.0,4.71,1.1899999734014273
75191,43.0,4.725,1.3699999693781137
75192,43.0,4.74,1.6099999640136957
75193,43.0,4.755,1.81999995931983
75194,43.0,4.77,1.9799999557435513
75195,43.0,4.785,2.149999951943755
75196,43.0,4.8,2.299999948590994
75197,43.0,4.815,2.4099999461323023
75198,43.0,4.83,2.579999942332506
75199,43.0,4.845,2.8299999367445707
75200,43.0,4.86,3.0699999313801527
75201,43.0,4.875,3.3899999242275953
75202,43.0,4.89,3.609999919310212
75203,43.0,4.905,3.6199999190866947
75204,43.0,4.92,3.299999926239252
75205,43.0,4.935,3.0799999311566353
75206,43.0,4.95,2.7699999380856752
75207,43.0,4.965,2.3599999472498894
75208,43.0,4.98,1.5399999655783176
75209,43.0,4.995,0.9499999787658453
75210,43.0,5.01,0.5299999881535769
75211,43.0,5.025,0.4899999890476465
75212,43.0,5.04,0.3999999910593033
75213,43.0,5.055,0.3899999912828207
75214,43.0,5.07,0.35999999195337296
75215,43.0,5.085,0.35999999195337296
75216,43.0,5.1,0.36999999172985554
75217,43.0,5.115,0.3799999915063381
75218,43.0,5.13,0.3799999915063381
75219,43.0,5.145,0.3799999915063381
75220,43.0,5.16,0.35999999195337296
75221,43.0,5.175,0.30999999307096004
75222,43.0,5.19,0.24999999441206455
75223,43.0,5.205,0.2299999948590994
75224,43.0,5.22,0.2299999948590994
75225,43.0,5.235,0.2199999950826168
75226,43.0,5.25,0.2199999950826168
75227,43.0,5.265,0.2199999950826168
75228,43.0,5.28,0.2199999950826168
75229,43.0,5.295,0.20999999530613422
75230,43.0,5.31,0.20999999530613422
75231,43.0,5.325,0.20999999530613422
75232,43.0,5.34,0.20999999530613422
75233,43.0,5.355,0.20999999530613422
75234,43.0,5.37,0.20999999530613422
75235,43.0,5.385,0.20999999530613422
75236,43.0,5.4,0.19999999552965164
75237,43.0,5.415,0.20999999530613422
75238,43.0,5.43,0.18999999575316906
75239,43.0,5.445,0.18999999575316906
75240,43.0,5.46,0.18999999575316906
75241,43.0,5.475,0.17999999597668648
75242,43.0,5.49,0.17999999597668648
75527,43.01,3.51,0.20999999530613422
75528,43.01,3.525,0.3199999928474426
75529,43.01,3.54,0.36999999172985554
75530,43.01,3.555,0.5399999879300594
75531,43.01,3.57,0.8099999818950891
75532,43.01,3.585,1.0499999765306711
75533,43.01,3.6,1.1399999745190144
75534,43.01,3.615,1.1299999747425318
75535,43.01,3.63,1.0699999760836363
75536,43.01,3.645,0.9699999783188105
75537,43.01,3.66,0.909999979659915
75538,43.01,3.675,0.8499999810010195
75539,43.01,3.69,0.8299999814480543
75540,43.01,3.705,0.8099999818950891
75541,43.01,3.72,0.7999999821186066
75542,43.01,3.735,0.8599999807775021
75543,43.01,3.75,0.909999979659915
75544,43.01,3.765,0.909999979659915
75545,43.01,3.78,0.8699999805539846
75546,43.01,3.795,0.8499999810010195
75547,43.01,3.81,0.8299999814480543
75548,43.01,3.825,0.8199999816715717
75549,43.01,3.84,0.7499999832361937
75550,43.01,3.855,0.6599999852478504
75551,43.01,3.87,0.5799999870359898
75552,43.01,3.885,0.5299999881535769
75553,43.01,3.9,0.47999998927116394
75554,43.01,3.915,0.46999998949468136
75555,43.01,3.93,0.4399999901652336
75556,43.01,3.945,0.3899999912828207
75557,43.01,3.96,0.35999999195337296
75558,43.01,3.975,0.36999999172985554
75559,43.01,3.99,0.41999999061226845
75560,43.01,4.005,0.40999999083578587
75561,43.01,4.02,0.4499999899417162
75562,43.01,4.035,0.4899999890476465
75563,43.01,4.05,0.5299999881535769
75564,43.01,4.065,0.4999999888241291
75565,43.01,4.08,0.4499999899417162
75566,43.01,4.095,0.4399999901652336
75567,43.01,4.11,0.4999999888241291
75568,43.01,4.125,0.4499999899417162
75569,43.01,4.14,0.42999999038875103
75570,43.01,4.155,0.3899999912828207
75571,43.01,4.17,0.42999999038875103
75572,43.01,4.185,0.46999998949468136
75573,43.01,4.2,0.4999999888241291
75574,43.01,4.215,0.4599999897181988
75575,43.01,4.23,0.47999998927116394
75576,43.01,4.245,0.47999998927116394
75577,43.01,4.26,0.42999999038875103
75578,43.01,4.275,0.41999999061226845
75579,43.01,4.29,0.40999999083578587
75580,43.01,4.305,0.40999999083578587
75581,43.01,4.32,0.3799999915063381
75582,43.01,4.335,0.3899999912828207
75583,43.01,4.35,0.3299999926239252
75584,43.01,4.365,0.2899999935179949
75585,43.01,4.38,0.24999999441206455
75586,43.01,4.395,0.18999999575316906
75587,43.01,4.41,0.18999999575316906
75588,43.01,4.425,0.24999999441206455
75589,43.01,4.44,0.3299999926239252
75590,43.01,4.455,0.41999999061226845
75591,43.01,4.47,0.46999998949468136
75592,43.01,4.485,0.5999999865889549
75593,43.01,4.5,0.6499999854713678
75594,43.01,4.515,0.6599999852478504
75595,43.01,4.53,0.6799999848008156
75596,43.01,4.545,0.6399999856948853
75597,43.01,4.56,0.7199999839067459
75598,43.01,4.575,0.7499999832361937
75599,43.01,4.59,0.6799999848008156
75600,43.01,4.605,0.6599999852478504
75601,43.01,4.62,0.6599999852478504
75602,43.01,4.635,0.6399999856948853
75603,43.01,4.65,0.6299999859184027
75604,43.01,4.665,0.7299999836832285
75605,43.01,4.68,0.7299999836832285
75606,43.01,4.695,0.8499999810010195
75607,43.01,4.71,1.0499999765306711
75608,43.01,4.725,1.289999971166253
75609,43.01,4.74,1.4399999678134918
75610,43.01,4.755,1.6699999626725912
75611,43.01,4.77,1.889999957755208
75612,43.01,4.785,2.0699999537318945
75613,43.01,4.8,2.2799999490380287
75614,43.01,4.815,2.4999999441206455
75615,43.01,4.83,2.779999937862158
75616,43.01,4.845,3.1199999302625656
75617,43.01,4.86,3.3599999248981476
75618,43.01,4.875,3.5799999199807644
75619,43.01,4.89,3.709999917075038
75620,43.01,4.905,3.6699999179691076
75621,43.01,4.92,3.5099999215453863
75622,43.01,4.935,3.4299999233335257
75623,43.01,4.95,3.1499999295920134
75624,43.01,4.965,2.8099999371916056
75625,43.01,4.98,1.4699999671429396
75626,43.01,4.995,0.6899999845772982
75627,43.01,5.01,0.3499999921768904
75628,43.01,5.025,0.3899999912828207
75629,43.01,5.04,0.3899999912828207
75630,43.01,5.055,0.3799999915063381
75631,43.01,5.07,0.36999999172985554
75632,43.01,5.085,0.36999999172985554
75633,43.01,5.1,0.36999999172985554
75634,43.01,5.115,0.3799999915063381
75635,43.01,5.13,0.3999999910593033
75636,43.01,5.145,0.3999999910593033
75637,43.01,5.16,0.3999999910593033
75638,43.01,5.175,0.3499999921768904
75639,43.01,5.19,0.30999999307096004
75640,43.01,5.205,0.2899999935179949
75641,43.01,5.22,0.25999999418854713
75642,43.01,5.235,0.24999999441206455
75643,43.01,5.25,0.23999999463558197
75644,43.01,5.265,0.23999999463558197
75645,43.01,5.28,0.23999999463558197
75646,43.01,5.295,0.23999999463558197
75647,43.01,5.31,0.2299999948590994
75648,43.01,5.325,0.2199999950826168
75649,43.01,5.34,0.2199999950826168
75650,43.01,5.355,0.20999999530613422
75651,43.01,5.37,0.20999999530613422
75652,43.01,5.385,0.20999999530613422
75653,43.01,5.4,0.19999999552965164
75654,43.01,5.415,0.19999999552965164
75655,43.01,5.43,0.19999999552965164
75656,43.01,5.445,0.18999999575316906
75657,43.01,5.46,0.18999999575316906
75658,43.01,5.475,0.17999999597668648
75659,43.01,5.49,0.17999999597668648
75944,43.02,3.51,0.2299999948590994
75945,43.02,3.525,0.29999999329447746
75946,43.02,3.54,0.4399999901652336
75947,43.02,3.555,0.6999999843537807
75948,43.02,3.57,0.9199999794363976
75949,43.02,3.585,1.099999975413084
75950,43.02,3.6,1.1199999749660492
75951,43.02,3.615,1.029999976977706
75952,43.02,3.63,0.9599999785423279
75953,43.02,3.645,0.8599999807775021
75954,43.02,3.66,0.7999999821186066
75955,43.02,3.675,0.8199999816715717
75956,43.02,3.69,0.7999999821186066
75957,43.02,3.705,0.7999999821186066
75958,43.02,3.72,0.8099999818950891
75959,43.02,3.735,0.8699999805539846
75960,43.02,3.75,0.8999999798834324
75961,43.02,3.765,0.9199999794363976
75962,43.02,3.78,0.9199999794363976
75963,43.02,3.795,0.8899999801069498
75964,43.02,3.81,0.8799999803304672
75965,43.02,3.825,0.8599999807775021
75966,43.02,3.84,0.8099999818950891
75967,43.02,3.855,0.6899999845772982
75968,43.02,3.87,0.6599999852478504
75969,43.02,3.885,0.5699999872595072
75970,43.02,3.9,0.4999999888241291
75971,43.02,3.915,0.4999999888241291
75972,43.02,3.93,0.47999998927116394
75973,43.02,3.945,0.3999999910593033
75974,43.02,3.96,0.36999999172985554
75975,43.02,3.975,0.3199999928474426
75976,43.02,3.99,0.3499999921768904
75977,43.02,4.005,0.3999999910593033
75978,43.02,4.02,0.3899999912828207
75979,43.02,4.035,0.42999999038875103
75980,43.02,4.05,0.5199999883770943
75981,43.02,4.065,0.5299999881535769
75982,43.02,4.08,0.47999998927116394
75983,43.02,4.095,0.5199999883770943
75984,43.02,4.11,0.5599999874830246
75985,43.02,4.125,0.4499999899417162
75986,43.02,4.14,0.42999999038875103
75987,43.02,4.155,0.40999999083578587
75988,43.02,4.17,0.46999998949468136
75989,43.02,4.185,0.4399999901652336
75990,43.02,4.2,0.5099999886006117
75991,43.02,4.215,0.5299999881535769
75992,43.02,4.23,0.4899999890476465
75993,43.02,4.245,0.4999999888241291
75994,43.02,4.26,0.4399999901652336
75995,43.02,4.275,0.41999999061226845
75996,43.02,4.29,0.3999999910593033
75997,43.02,4.305,0.3999999910593033
75998,43.02,4.32,0.36999999172985554
75999,43.02,4.335,0.35999999195337296
76000,43.02,4.35,0.3299999926239252
76001,43.02,4.365,0.2699999939650297
76002,43.02,4.38,0.1699999962002039
76003,43.02,4.395,0.1699999962002039
76004,43.02,4.41,0.20999999530613422
76005,43.02,4.425,0.4499999899417162
76006,43.02,4.44,0.35999999195337296
76007,43.02,4.455,0.5399999879300594
76008,43.02,4.47,0.6099999863654375
76009,43.02,4.485,0.6199999861419201
76010,43.02,4.5,0.669999985024333
76011,43.02,4.515,0.6799999848008156
76012,43.02,4.53,0.6899999845772982
76013,43.02,4.545,0.7399999834597111
76014,43.02,4.56,0.6399999856948853
76015,43.02,4.575,0.7599999830126762
76016,43.02,4.59,0.6899999845772982
76017,43.02,4.605,0.669999985024333
76018,43.02,4.62,0.6799999848008156
76019,43.02,4.635,0.6799999848008156
76020,43.02,4.65,0.669999985024333
76021,43.02,4.665,0.7099999841302633
76022,43.02,4.68,0.7499999832361937
76023,43.02,4.695,0.8299999814480543
76024,43.02,4.71,0.979999978095293
76025,43.02,4.725,1.1799999736249447
76026,43.02,4.74,1.3599999696016312
76027,43.02,4.755,1.579999964684248
76028,43.02,4.77,1.7899999599903822
76029,43.02,4.785,2.0399999544024467
76030,43.02,4.8,2.2099999506026506
76031,43.02,4.815,2.659999940544367
76032,43.02,4.83,3.0999999307096004
76033,43.02,4.845,3.4799999222159386
76034,43.02,4.86,3.6699999179691076
76035,43.02,4.875,3.7499999161809683
76036,43.02,4.89,3.799999915063381
76037,43.02,4.905,3.7899999152868986
76038,43.02,4.92,3.7399999164044857
76039,43.02,4.935,3.729999916628003
76040,43.02,4.95,3.36999992467463
76041,43.02,4.965,2.579999942332506
76042,43.02,4.98,1.459999967366457
76043,43.02,4.995,0.5399999879300594
76044,43.02,5.01,0.36999999172985554
76045,43.02,5.025,0.3899999912828207
76046,43.02,5.04,0.3799999915063381
76047,43.02,5.055,0.3799999915063381
76048,43.02,5.07,0.3799999915063381
76049,43.02,5.085,0.36999999172985554
76050,43.02,5.1,0.3799999915063381
76051,43.02,5.115,0.3999999910593033
76052,43.02,5.13,0.3999999910593033
76053,43.02,5.145,0.41999999061226845
76054,43.02,5.16,0.41999999061226845
76055,43.02,5.175,0.3899999912828207
76056,43.02,5.19,0.36999999172985554
76057,43.02,5.205,0.35999999195337296
76058,43.02,5.22,0.3299999926239252
76059,43.02,5.235,0.29999999329447746
76060,43.02,5.25,0.2699999939650297
76061,43.02,5.265,0.2799999937415123
76062,43.02,5.28,0.2799999937415123
76063,43.02,5.295,0.2699999939650297
76064,43.02,5.31,0.24999999441206455
76065,43.02,5.325,0.2299999948590994
76066,43.02,5.34,0.2299999948590994
76067,43.02,5.355,0.2199999950826168
76068,43.02,5.37,0.2199999950826168
76069,43.02,5.385,0.20999999530613422
76070,43.02,5.4,0.20999999530613422
76071,43.02,5.415,0.20999999530613422
76072,43.02,5.43,0.19999999552965164
76073,43.02,5.445,0.18999999575316906
76074,43.02,5.46,0.18999999575316906
76075,43.02,5.475,0.18999999575316906
76076,43.02,5.49,0.18999999575316906
76361,43.03,3.51,0.3199999928474426
76362,43.03,3.525,0.42999999038875103
76363,43.03,3.54,0.6199999861419201
76364,43.03,3.555,0.8699999805539846
76365,43.03,3.57,0.9999999776482582
76366,43.03,3.585,1.0799999758601189
76367,43.03,3.6,1.0599999763071537
76368,43.03,3.615,0.9599999785423279
76369,43.03,3.63,0.8499999810010195
76370,43.03,3.645,0.8199999816715717
76371,43.03,3.66,0.7999999821186066
76372,43.03,3.675,0.7699999827891588
76373,43.03,3.69,0.7499999832361937
76374,43.03,3.705,0.7799999825656414
76375,43.03,3.72,0.8099999818950891
76376,43.03,3.735,0.8699999805539846
76377,43.03,3.75,0.9199999794363976
76378,43.03,3.765,0.9399999789893627
76379,43.03,3.78,0.9199999794363976
76380,43.03,3.795,0.9499999787658453
76381,43.03,3.81,0.8999999798834324
76382,43.03,3.825,0.8999999798834324
76383,43.03,3.84,0.8699999805539846
76384,43.03,3.855,0.7599999830126762
76385,43.03,3.87,0.6999999843537807
76386,43.03,3.885,0.6099999863654375
76387,43.03,3.9,0.5799999870359898
76388,43.03,3.915,0.5599999874830246
76389,43.03,3.93,0.4899999890476465
76390,43.03,3.945,0.42999999038875103
76391,43.03,3.96,0.3899999912828207
76392,43.03,3.975,0.3499999921768904
76393,43.03,3.99,0.30999999307096004
76394,43.03,4.005,0.35999999195337296
76395,43.03,4.02,0.3999999910593033
76396,43.03,4.035,0.3899999912828207
76397,43.03,4.05,0.46999998949468136
76398,43.03,4.065,0.5199999883770943
76399,43.03,4.08,0.5699999872595072
76400,43.03,4.095,0.5199999883770943
76401,43.03,4.11,0.5099999886006117
76402,43.03,4.125,0.4499999899417162
76403,43.03,4.14,0.4499999899417162
76404,43.03,4.155,0.40999999083578587
76405,43.03,4.17,0.41999999061226845
76406,43.03,4.185,0.46999998949468136
76407,43.03,4.2,0.4999999888241291
76408,43.03,4.215,0.5099999886006117
76409,43.03,4.23,0.4999999888241291
76410,43.03,4.245,0.4899999890476465
76411,43.03,4.26,0.4399999901652336
76412,43.03,4.275,0.3999999910593033
76413,43.03,4.29,0.36999999172985554
76414,43.03,4.305,0.35999999195337296
76415,43.03,4.32,0.35999999195337296
76416,43.03,4.335,0.30999999307096004
76417,43.03,4.35,0.3299999926239252
76418,43.03,4.365,0.2699999939650297
76419,43.03,4.38,0.19999999552965164
76420,43.03,4.395,0.19999999552965164
76421,43.03,4.41,0.25999999418854713
76422,43.03,4.425,0.35999999195337296
76423,43.03,4.44,0.41999999061226845
76424,43.03,4.455,0.5399999879300594
76425,43.03,4.47,0.7199999839067459
76426,43.03,4.485,0.6099999863654375
76427,43.03,4.5,0.6599999852478504
76428,43.03,4.515,0.7099999841302633
76429,43.03,4.53,0.7499999832361937
76430,43.03,4.545,0.6799999848008156
76431,43.03,4.56,0.669999985024333
76432,43.03,4.575,0.7699999827891588
76433,43.03,4.59,0.6999999843537807
76434,43.03,4.605,0.7299999836832285
76435,43.03,4.62,0.7799999825656414
76436,43.03,4.635,0.789999982342124
76437,43.03,4.65,0.7199999839067459
76438,43.03,4.665,0.8499999810010195
76439,43.03,4.68,0.8199999816715717
76440,43.03,4.695,0.8299999814480543
76441,43.03,4.71,0.9499999787658453
76442,43.03,4.725,1.0799999758601189
76443,43.03,4.74,1.3199999704957008
76444,43.03,4.755,1.5199999660253525
76445,43.03,4.77,1.769999960437417
76446,43.03,4.785,1.9799999557435513
76447,43.03,4.8,2.249999949708581
76448,43.03,4.815,2.799999937415123
76449,43.03,4.83,3.2899999264627695
76450,43.03,4.845,3.659999918192625
76451,43.03,4.86,3.7899999152868986
76452,43.03,4.875,3.8599999137222767
76453,43.03,4.89,3.9299999121576548
76454,43.03,4.905,4.009999910369515
76455,43.03,4.92,3.9899999108165503
76456,43.03,4.935,3.7899999152868986
76457,43.03,4.95,3.5599999204277992
76458,43.03,4.965,2.509999943897128
76459,43.03,4.98,1.3599999696016312
76460,43.03,4.995,0.6299999859184027
76461,43.03,5.01,0.4399999901652336
76462,43.03,5.025,0.4599999897181988
76463,43.03,5.04,0.3999999910593033
76464,43.03,5.055,0.36999999172985554
76465,43.03,5.07,0.36999999172985554
76466,43.03,5.085,0.36999999172985554
76467,43.03,5.1,0.3799999915063381
76468,43.03,5.115,0.3899999912828207
76469,43.03,5.13,0.40999999083578587
76470,43.03,5.145,0.41999999061226845
76471,43.03,5.16,0.41999999061226845
76472,43.03,5.175,0.40999999083578587
76473,43.03,5.19,0.3999999910593033
76474,43.03,5.205,0.3999999910593033
76475,43.03,5.22,0.36999999172985554
76476,43.03,5.235,0.3499999921768904
76477,43.03,5.25,0.3399999924004078
76478,43.03,5.265,0.3299999926239252
76479,43.03,5.28,0.3299999926239252
76480,43.03,5.295,0.30999999307096004
76481,43.03,5.31,0.2799999937415123
76482,43.03,5.325,0.25999999418854713
76483,43.03,5.34,0.24999999441206455
76484,43.03,5.355,0.24999999441206455
76485,43.03,5.37,0.2299999948590994
76486,43.03,5.385,0.2199999950826168
76487,43.03,5.4,0.20999999530613422
76488,43.03,5.415,0.20999999530613422
76489,43.03,5.43,0.19999999552965164
76490,43.03,5.445,0.19999999552965164
76491,43.03,5.46,0.19999999552965164
76492,43.03,5.475,0.19999999552965164
76493,43.03,5.49,0.18999999575316906
76778,43.04,3.51,0.4499999899417162
76779,43.04,3.525,0.6199999861419201
76780,43.04,3.54,0.7599999830126762
76781,43.04,3.555,0.9299999792128801
76782,43.04,3.57,1.0099999774247408
76783,43.04,3.585,1.0199999772012234
76784,43.04,3.6,0.9899999778717756
76785,43.04,3.615,0.8799999803304672
76786,43.04,3.63,0.8099999818950891
76787,43.04,3.645,0.7999999821186066
76788,43.04,3.66,0.7699999827891588
76789,43.04,3.675,0.7399999834597111
76790,43.04,3.69,0.7399999834597111
76791,43.04,3.705,0.7699999827891588
76792,43.04,3.72,0.8199999816715717
76793,43.04,3.735,0.8899999801069498
76794,43.04,3.75,0.909999979659915
76795,43.04,3.765,0.9499999787658453
76796,43.04,3.78,0.9599999785423279
76797,43.04,3.795,0.979999978095293
76798,43.04,3.81,0.9399999789893627
76799,43.04,3.825,0.9199999794363976
76800,43.04,3.84,0.8699999805539846
76801,43.04,3.855,0.8199999816715717
76802,43.04,3.87,0.7199999839067459
76803,43.04,3.885,0.6199999861419201
76804,43.04,3.9,0.6299999859184027
76805,43.04,3.915,0.6199999861419201
76806,43.04,3.93,0.5799999870359898
76807,43.04,3.945,0.5199999883770943
76808,43.04,3.96,0.4399999901652336
76809,43.04,3.975,0.3799999915063381
76810,43.04,3.99,0.3299999926239252
76811,43.04,4.005,0.3299999926239252
76812,43.04,4.02,0.3499999921768904
76813,43.04,4.035,0.3899999912828207
76814,43.04,4.05,0.42999999038875103
76815,43.04,4.065,0.5299999881535769
76816,43.04,4.08,0.5799999870359898
76817,43.04,4.095,0.46999998949468136
76818,43.04,4.11,0.5199999883770943
76819,43.04,4.125,0.4899999890476465
76820,43.04,4.14,0.42999999038875103
76821,43.04,4.155,0.40999999083578587
76822,43.04,4.17,0.4399999901652336
76823,43.04,4.185,0.4499999899417162
76824,43.04,4.2,0.5099999886006117
76825,43.04,4.215,0.4999999888241291
76826,43.04,4.23,0.4899999890476465
76827,43.04,4.245,0.4599999897181988
76828,43.04,4.26,0.4599999897181988
76829,43.04,4.275,0.3899999912828207
76830,43.04,4.29,0.3399999924004078
76831,43.04,4.305,0.3299999926239252
76832,43.04,4.32,0.3199999928474426
76833,43.04,4.335,0.30999999307096004
76834,43.04,4.35,0.2799999937415123
76835,43.04,4.365,0.25999999418854713
76836,43.04,4.38,0.23999999463558197
76837,43.04,4.395,0.2699999939650297
76838,43.04,4.41,0.2899999935179949
76839,43.04,4.425,0.4999999888241291
76840,43.04,4.44,0.5399999879300594
76841,43.04,4.455,0.5299999881535769
76842,43.04,4.47,0.6199999861419201
76843,43.04,4.485,0.6399999856948853
76844,43.04,4.5,0.6599999852478504
76845,43.04,4.515,0.7799999825656414
76846,43.04,4.53,0.7399999834597111
76847,43.04,4.545,0.6999999843537807
76848,43.04,4.56,0.7199999839067459
76849,43.04,4.575,0.7399999834597111
76850,43.04,4.59,0.8899999801069498
76851,43.04,4.605,0.8399999812245369
76852,43.04,4.62,0.9599999785423279
76853,43.04,4.635,0.8499999810010195
76854,43.04,4.65,0.909999979659915
76855,43.04,4.665,0.8999999798834324
76856,43.04,4.68,0.8899999801069498
76857,43.04,4.695,0.8999999798834324
76858,43.04,4.71,0.979999978095293
76859,43.04,4.725,1.0899999756366014
76860,43.04,4.74,1.2499999720603228
76861,43.04,4.755,1.50999996624887
76862,43.04,4.77,1.7099999617785215
76863,43.04,4.785,2.009999955072999
76864,43.04,4.8,2.369999947026372
76865,43.04,4.815,2.939999934285879
76866,43.04,4.83,3.5999999195337296
76867,43.04,4.845,3.67999991774559
76868,43.04,4.86,3.8399999141693115
76869,43.04,4.875,3.9399999119341373
76870,43.04,4.89,4.059999909251928
76871,43.04,4.905,4.159999907016754
76872,43.04,4.92,4.21999990567565
76873,43.04,4.935,4.089999908581376
76874,43.04,4.95,3.689999917522073
76875,43.04,4.965,2.559999942779541
76876,43.04,4.98,1.4499999675899744
76877,43.04,4.995,0.8099999818950891
76878,43.04,5.01,0.6799999848008156
76879,43.04,5.025,0.5999999865889549
76880,43.04,5.04,0.4899999890476465
76881,43.04,5.055,0.3499999921768904
76882,43.04,5.07,0.3499999921768904
76883,43.04,5.085,0.36999999172985554
76884,43.04,5.1,0.3899999912828207
76885,43.04,5.115,0.40999999083578587
76886,43.04,5.13,0.40999999083578587
76887,43.04,5.145,0.41999999061226845
76888,43.04,5.16,0.40999999083578587
76889,43.04,5.175,0.40999999083578587
76890,43.04,5.19,0.40999999083578587
76891,43.04,5.205,0.3999999910593033
76892,43.04,5.22,0.3899999912828207
76893,43.04,5.235,0.3899999912828207
76894,43.04,5.25,0.3899999912828207
76895,43.04,5.265,0.3899999912828207
76896,43.04,5.28,0.3899999912828207
76897,43.04,5.295,0.3499999921768904
76898,43.04,5.31,0.30999999307096004
76899,43.04,5.325,0.2899999935179949
76900,43.04,5.34,0.2799999937415123
76901,43.04,5.355,0.2699999939650297
76902,43.04,5.37,0.25999999418854713
76903,43.04,5.385,0.2299999948590994
76904,43.04,5.4,0.2199999950826168
76905,43.04,5.415,0.20999999530613422
76906,43.04,5.43,0.19999999552965164
76907,43.04,5.445,0.19999999552965164
76908,43.04,5.46,0.19999999552965164
76909,43.04,5.475,0.18999999575316906
76910,43.04,5.49,0.19999999552965164
77195,43.05,3.51,0.6299999859184027
77196,43.05,3.525,0.8399999812245369
77197,43.05,3.54,0.9899999778717756
77198,43.05,3.555,1.0699999760836363
77199,43.05,3.57,1.029999976977706
77200,43.05,3.585,0.9699999783188105
77201,43.05,3.6,0.9299999792128801
77202,43.05,3.615,0.8599999807775021
77203,43.05,3.63,0.8099999818950891
77204,43.05,3.645,0.7999999821186066
77205,43.05,3.66,0.7799999825656414
77206,43.05,3.675,0.7599999830126762
77207,43.05,3.69,0.7399999834597111
77208,43.05,3.705,0.789999982342124
77209,43.05,3.72,0.8499999810010195
77210,43.05,3.735,0.8999999798834324
77211,43.05,3.75,0.9199999794363976
77212,43.05,3.765,0.9599999785423279
77213,43.05,3.78,0.979999978095293
77214,43.05,3.795,0.9499999787658453
77215,43.05,3.81,0.9699999783188105
77216,43.05,3.825,0.9399999789893627
77217,43.05,3.84,0.8399999812245369
77218,43.05,3.855,0.7999999821186066
77219,43.05,3.87,0.7299999836832285
77220,43.05,3.885,0.6799999848008156
77221,43.05,3.9,0.6999999843537807
77222,43.05,3.915,0.6999999843537807
77223,43.05,3.93,0.6899999845772982
77224,43.05,3.945,0.6499999854713678
77225,43.05,3.96,0.5599999874830246
77226,43.05,3.975,0.4599999897181988
77227,43.05,3.99,0.40999999083578587
77228,43.05,4.005,0.3399999924004078
77229,43.05,4.02,0.35999999195337296
77230,43.05,4.035,0.3999999910593033
77231,43.05,4.05,0.4399999901652336
77232,43.05,4.065,0.5399999879300594
77233,43.05,4.08,0.5199999883770943
77234,43.05,4.095,0.46999998949468136
77235,43.05,4.11,0.5899999868124723
77236,43.05,4.125,0.46999998949468136
77237,43.05,4.14,0.46999998949468136
77238,43.05,4.155,0.3999999910593033
77239,43.05,4.17,0.42999999038875103
77240,43.05,4.185,0.4399999901652336
77241,43.05,4.2,0.46999998949468136
77242,43.05,4.215,0.5299999881535769
77243,43.05,4.23,0.5099999886006117
77244,43.05,4.245,0.5099999886006117
77245,43.05,4.26,0.41999999061226845
77246,43.05,4.275,0.40999999083578587
77247,43.05,4.29,0.3299999926239252
77248,43.05,4.305,0.30999999307096004
77249,43.05,4.32,0.2699999939650297
77250,43.05,4.335,0.2699999939650297
77251,43.05,4.35,0.2699999939650297
77252,43.05,4.365,0.2899999935179949
77253,43.05,4.38,0.29999999329447746
77254,43.05,4.395,0.3799999915063381
77255,43.05,4.41,0.4399999901652336
77256,43.05,4.425,0.4999999888241291
77257,43.05,4.44,0.6099999863654375
77258,43.05,4.455,0.549999987706542
77259,43.05,4.47,0.6199999861419201
77260,43.05,4.485,0.6799999848008156
77261,43.05,4.5,0.6799999848008156
77262,43.05,4.515,0.6999999843537807
77263,43.05,4.53,0.7699999827891588
77264,43.05,4.545,0.669999985024333
77265,43.05,4.56,0.7099999841302633
77266,43.05,4.575,0.7999999821186066
77267,43.05,4.59,0.8499999810010195
77268,43.05,4.605,0.9599999785423279
77269,43.05,4.62,1.0699999760836363
77270,43.05,4.635,1.0799999758601189
77271,43.05,4.65,1.0499999765306711
77272,43.05,4.665,1.0499999765306711
77273,43.05,4.68,1.0699999760836363
77274,43.05,4.695,1.1099999751895666
77275,43.05,4.71,1.0799999758601189
77276,43.05,4.725,1.1599999740719795
77277,43.05,4.74,1.2499999720603228
77278,43.05,4.755,1.4199999682605267
77279,43.05,4.77,1.6399999633431435
77280,43.05,4.785,1.9699999559670687
77281,43.05,4.8,2.4999999441206455
77282,43.05,4.815,3.1499999295920134
77283,43.05,4.83,3.709999917075038
77284,43.05,4.845,3.729999916628003
77285,43.05,4.86,3.8399999141693115
77286,43.05,4.875,3.999999910593033
77287,43.05,4.89,4.249999905005097
77288,43.05,4.905,4.3899999018758535
77289,43.05,4.92,4.429999900981784
77290,43.05,4.935,4.339999902993441
77291,43.05,4.95,3.829999914392829
77292,43.05,4.965,2.8299999367445707
77293,43.05,4.98,2.0899999532848597
77294,43.05,4.995,1.7499999608844519
77295,43.05,5.01,1.50999996624887
77296,43.05,5.025,0.9299999792128801
77297,43.05,5.04,0.6799999848008156
77298,43.05,5.055,0.3999999910593033
77299,43.05,5.07,0.3499999921768904
77300,43.05,5.085,0.35999999195337296
77301,43.05,5.1,0.3899999912828207
77302,43.05,5.115,0.40999999083578587
77303,43.05,5.13,0.40999999083578587
77304,43.05,5.145,0.42999999038875103
77305,43.05,5.16,0.41999999061226845
77306,43.05,5.175,0.41999999061226845
77307,43.05,5.19,0.40999999083578587
77308,43.05,5.205,0.40999999083578587
77309,43.05,5.22,0.41999999061226845
77310,43.05,5.235,0.41999999061226845
77311,43.05,5.25,0.4499999899417162
77312,43.05,5.265,0.4599999897181988
77313,43.05,5.28,0.4599999897181988
77314,43.05,5.295,0.40999999083578587
77315,43.05,5.31,0.35999999195337296
77316,43.05,5.325,0.3199999928474426
77317,43.05,5.34,0.2899999935179949
77318,43.05,5.355,0.2799999937415123
77319,43.05,5.37,0.2699999939650297
77320,43.05,5.385,0.25999999418854713
77321,43.05,5.4,0.23999999463558197
77322,43.05,5.415,0.20999999530613422
77323,43.05,5.43,0.20999999530613422
77324,43.05,5.445,0.18999999575316906
77325,43.05,5.46,0.18999999575316906
77326,43.05,5.475,0.18999999575316906
77327,43.05,5.49,0.18999999575316906
77612,43.06,3.51,0.979999978095293
77613,43.06,3.525,1.1099999751895666
77614,43.06,3.54,1.219999972730875
77615,43.06,3.555,1.1299999747425318
77616,43.06,3.57,1.0199999772012234
77617,43.06,3.585,0.9599999785423279
77618,43.06,3.6,0.9299999792128801
77619,43.06,3.615,0.8899999801069498
77620,43.06,3.63,0.8599999807775021
77621,43.06,3.645,0.8499999810010195
77622,43.06,3.66,0.8199999816715717
77623,43.06,3.675,0.7699999827891588
77624,43.06,3.69,0.7399999834597111
77625,43.06,3.705,0.7999999821186066
77626,43.06,3.72,0.8699999805539846
77627,43.06,3.735,0.909999979659915
77628,43.06,3.75,0.9199999794363976
77629,43.06,3.765,0.9599999785423279
77630,43.06,3.78,0.9499999787658453
77631,43.06,3.795,0.9599999785423279
77632,43.06,3.81,0.9599999785423279
77633,43.06,3.825,0.8299999814480543
77634,43.06,3.84,0.7999999821186066
77635,43.06,3.855,0.7699999827891588
77636,43.06,3.87,0.6599999852478504
77637,43.06,3.885,0.6899999845772982
77638,43.06,3.9,0.6999999843537807
77639,43.06,3.915,0.7199999839067459
77640,43.06,3.93,0.7499999832361937
77641,43.06,3.945,0.6999999843537807
77642,43.06,3.96,0.6499999854713678
77643,43.06,3.975,0.5899999868124723
77644,43.06,3.99,0.47999998927116394
77645,43.06,4.005,0.42999999038875103
77646,43.06,4.02,0.42999999038875103
77647,43.06,4.035,0.47999998927116394
77648,43.06,4.05,0.5199999883770943
77649,43.06,4.065,0.5699999872595072
77650,43.06,4.08,0.6099999863654375
77651,43.06,4.095,0.47999998927116394
77652,43.06,4.11,0.4999999888241291
77653,43.06,4.125,0.47999998927116394
77654,43.06,4.14,0.40999999083578587
77655,43.06,4.155,0.3899999912828207
77656,43.06,4.17,0.41999999061226845
77657,43.06,4.185,0.42999999038875103
77658,43.06,4.2,0.4499999899417162
77659,43.06,4.215,0.5199999883770943
77660,43.06,4.23,0.5199999883770943
77661,43.06,4.245,0.5199999883770943
77662,43.06,4.26,0.4599999897181988
77663,43.06,4.275,0.36999999172985554
77664,43.06,4.29,0.3299999926239252
77665,43.06,4.305,0.25999999418854713
77666,43.06,4.32,0.24999999441206455
77667,43.06,4.335,0.24999999441206455
77668,43.06,4.35,0.30999999307096004
77669,43.06,4.365,0.3199999928474426
77670,43.06,4.38,0.41999999061226845
77671,43.06,4.395,0.4999999888241291
77672,43.06,4.41,0.4999999888241291
77673,43.06,4.425,0.5399999879300594
77674,43.06,4.44,0.5699999872595072
77675,43.06,4.455,0.5599999874830246
77676,43.06,4.47,0.6399999856948853
77677,43.06,4.485,0.6499999854713678
77678,43.06,4.5,0.6599999852478504
77679,43.06,4.515,0.6799999848008156
77680,43.06,4.53,0.6599999852478504
77681,43.06,4.545,0.6899999845772982
77682,43.06,4.56,0.6999999843537807
77683,43.06,4.575,0.7499999832361937
77684,43.06,4.59,0.7799999825656414
77685,43.06,4.605,0.979999978095293
77686,43.06,4.62,1.0899999756366014
77687,43.06,4.635,1.1899999734014273
77688,43.06,4.65,1.3099999707192183
77689,43.06,4.665,1.2999999709427357
77690,43.06,4.68,1.289999971166253
77691,43.06,4.695,1.339999970048666
77692,43.06,4.71,1.3699999693781137
77693,43.06,4.725,1.2999999709427357
77694,43.06,4.74,1.2599999718368053
77695,43.06,4.755,1.3299999702721834
77696,43.06,4.77,1.579999964684248
77697,43.06,4.785,1.9999999552965164
77698,43.06,4.8,2.629999941214919
77699,43.06,4.815,3.2399999275803566
77700,43.06,4.83,3.729999916628003
77701,43.06,4.845,3.8199999146163464
77702,43.06,4.86,3.9299999121576548
77703,43.06,4.875,4.149999907240272
77704,43.06,4.89,4.409999901428819
77705,43.06,4.905,4.56999989785254
77706,43.06,4.92,4.60999989695847
77707,43.06,4.935,4.429999900981784
77708,43.06,4.95,4.129999907687306
77709,43.06,4.965,3.729999916628003
77710,43.06,4.98,3.5299999210983515
77711,43.06,4.995,2.849999936297536
77712,43.06,5.01,2.4799999445676804
77713,43.06,5.025,1.7899999599903822
77714,43.06,5.04,0.9499999787658453
77715,43.06,5.055,0.5099999886006117
77716,43.06,5.07,0.3499999921768904
77717,43.06,5.085,0.35999999195337296
77718,43.06,5.1,0.3899999912828207
77719,43.06,5.115,0.40999999083578587
77720,43.06,5.13,0.42999999038875103
77721,43.06,5.145,0.42999999038875103
77722,43.06,5.16,0.4399999901652336
77723,43.06,5.175,0.42999999038875103
77724,43.06,5.19,0.4399999901652336
77725,43.06,5.205,0.4399999901652336
77726,43.06,5.22,0.4599999897181988
77727,43.06,5.235,0.4899999890476465
77728,43.06,5.25,0.5299999881535769
77729,43.06,5.265,0.5699999872595072
77730,43.06,5.28,0.5699999872595072
77731,43.06,5.295,0.5099999886006117
77732,43.06,5.31,0.40999999083578587
77733,43.06,5.325,0.3499999921768904
77734,43.06,5.34,0.3199999928474426
77735,43.06,5.355,0.29999999329447746
77736,43.06,5.37,0.2799999937415123
77737,43.06,5.385,0.2699999939650297
77738,43.06,5.4,0.24999999441206455
77739,43.06,5.415,0.2199999950826168
77740,43.06,5.43,0.20999999530613422
77741,43.06,5.445,0.19999999552965164
77742,43.06,5.46,0.18999999575316906
77743,43.06,5.475,0.17999999597668648
77744,43.06,5.49,0.17999999597668648
78029,43.07,3.51,1.1299999747425318
78030,43.07,3.525,1.1999999731779099
78031,43.07,3.54,1.2399999722838402
78032,43.07,3.555,1.1999999731779099
78033,43.07,3.57,1.0599999763071537
78034,43.07,3.585,1.0099999774247408
78035,43.07,3.6,1.0099999774247408
78036,43.07,3.615,0.9899999778717756
78037,43.07,3.63,0.9199999794363976
78038,43.07,3.645,0.8499999810010195
78039,43.07,3.66,0.8199999816715717
78040,43.07,3.675,0.7499999832361937
78041,43.07,3.69,0.7399999834597111
78042,43.07,3.705,0.7799999825656414
78043,43.07,3.72,0.8599999807775021
78044,43.07,3.735,0.909999979659915
78045,43.07,3.75,0.9299999792128801
78046,43.07,3.765,0.9299999792128801
78047,43.07,3.78,0.9599999785423279
78048,43.07,3.795,0.9499999787658453
78049,43.07,3.81,0.9499999787658453
78050,43.07,3.825,0.7999999821186066
78051,43.07,3.84,0.7599999830126762
78052,43.07,3.855,0.7299999836832285
78053,43.07,3.87,0.6299999859184027
78054,43.07,3.885,0.6499999854713678
78055,43.07,3.9,0.669999985024333
78056,43.07,3.915,0.6899999845772982
78057,43.07,3.93,0.7299999836832285
78058,43.07,3.945,0.7399999834597111
78059,43.07,3.96,0.7399999834597111
78060,43.07,3.975,0.6899999845772982
78061,43.07,3.99,0.6099999863654375
78062,43.07,4.005,0.5599999874830246
78063,43.07,4.02,0.5099999886006117
78064,43.07,4.035,0.5399999879300594
78065,43.07,4.05,0.5899999868124723
78066,43.07,4.065,0.5899999868124723
78067,43.07,4.08,0.6399999856948853
78068,43.07,4.095,0.46999998949468136
78069,43.07,4.11,0.4899999890476465
78070,43.07,4.125,0.4499999899417162
78071,43.07,4.14,0.36999999172985554
78072,43.07,4.155,0.3899999912828207
78073,43.07,4.17,0.3799999915063381
78074,43.07,4.185,0.40999999083578587
78075,43.07,4.2,0.4499999899417162
78076,43.07,4.215,0.4899999890476465
78077,43.07,4.23,0.5099999886006117
78078,43.07,4.245,0.5199999883770943
78079,43.07,4.26,0.46999998949468136
78080,43.07,4.275,0.4499999899417162
78081,43.07,4.29,0.35999999195337296
78082,43.07,4.305,0.2799999937415123
78083,43.07,4.32,0.23999999463558197
78084,43.07,4.335,0.2299999948590994
78085,43.07,4.35,0.3299999926239252
78086,43.07,4.365,0.35999999195337296
78087,43.07,4.38,0.5199999883770943
78088,43.07,4.395,0.46999998949468136
78089,43.07,4.41,0.5599999874830246
78090,43.07,4.425,0.47999998927116394
78091,43.07,4.44,0.5899999868124723
78092,43.07,4.455,0.5799999870359898
78093,43.07,4.47,0.5899999868124723
78094,43.07,4.485,0.6499999854713678
78095,43.07,4.5,0.6399999856948853
78096,43.07,4.515,0.6199999861419201
78097,43.07,4.53,0.6199999861419201
78098,43.07,4.545,0.6599999852478504
78099,43.07,4.56,0.6499999854713678
78100,43.07,4.575,0.6899999845772982
78101,43.07,4.59,0.7699999827891588
78102,43.07,4.605,0.9599999785423279
78103,43.07,4.62,1.2799999713897705
78104,43.07,4.635,1.4299999680370092
78105,43.07,4.65,1.5899999644607306
78106,43.07,4.665,1.5599999651312828
78107,43.07,4.68,1.5599999651312828
78108,43.07,4.695,1.50999996624887
78109,43.07,4.71,1.6099999640136957
78110,43.07,4.725,1.6199999637901783
78111,43.07,4.74,1.4499999675899744
78112,43.07,4.755,1.4299999680370092
78113,43.07,4.77,1.699999962002039
78114,43.07,4.785,2.1699999514967203
78115,43.07,4.8,2.899999935179949
78116,43.07,4.815,3.6199999190866947
78117,43.07,4.83,3.7899999152868986
78118,43.07,4.845,3.899999912828207
78119,43.07,4.86,4.069999909028411
78120,43.07,4.875,4.419999901205301
78121,43.07,4.89,4.659999895840883
78122,43.07,4.905,4.829999892041087
78123,43.07,4.92,4.789999892935157
78124,43.07,4.935,4.5099998991936445
78125,43.07,4.95,4.279999904334545
78126,43.07,4.965,4.149999907240272
78127,43.07,4.98,3.969999911263585
78128,43.07,4.995,3.7399999164044857
78129,43.07,5.01,3.2599999271333218
78130,43.07,5.025,2.419999945908785
78131,43.07,5.04,1.289999971166253
78132,43.07,5.055,0.7099999841302633
78133,43.07,5.07,0.40999999083578587
78134,43.07,5.085,0.35999999195337296
78135,43.07,5.1,0.3799999915063381
78136,43.07,5.115,0.40999999083578587
78137,43.07,5.13,0.41999999061226845
78138,43.07,5.145,0.42999999038875103
78139,43.07,5.16,0.4399999901652336
78140,43.07,5.175,0.4499999899417162
78141,43.07,5.19,0.4899999890476465
78142,43.07,5.205,0.5099999886006117
78143,43.07,5.22,0.549999987706542
78144,43.07,5.235,0.5999999865889549
78145,43.07,5.25,0.669999985024333
78146,43.07,5.265,0.7199999839067459
78147,43.07,5.28,0.6999999843537807
78148,43.07,5.295,0.5999999865889549
78149,43.07,5.31,0.4899999890476465
78150,43.07,5.325,0.41999999061226845
78151,43.07,5.34,0.35999999195337296
78152,43.07,5.355,0.30999999307096004
78153,43.07,5.37,0.2899999935179949
78154,43.07,5.385,0.2699999939650297
78155,43.07,5.4,0.25999999418854713
78156,43.07,5.415,0.2299999948590994
78157,43.07,5.43,0.2199999950826168
78158,43.07,5.445,0.20999999530613422
78159,43.07,5.46,0.19999999552965164
78160,43.07,5.475,0.18999999575316906
78161,43.07,5.49,0.1699999962002039
78446,43.08,3.51,1.0599999763071537
78447,43.08,3.525,1.1299999747425318
78448,43.08,3.54,1.1599999740719795
78449,43.08,3.555,1.1399999745190144
78450,43.08,3.57,1.1199999749660492
78451,43.08,3.585,1.0699999760836363
78452,43.08,3.6,1.099999975413084
78453,43.08,3.615,1.0399999767541885
78454,43.08,3.63,0.9299999792128801
78455,43.08,3.645,0.8299999814480543
78456,43.08,3.66,0.7399999834597111
78457,43.08,3.675,0.7299999836832285
78458,43.08,3.69,0.7099999841302633
78459,43.08,3.705,0.7599999830126762
78460,43.08,3.72,0.8599999807775021
78461,43.08,3.735,0.8899999801069498
78462,43.08,3.75,0.8999999798834324
78463,43.08,3.765,0.9299999792128801
78464,43.08,3.78,0.9599999785423279
78465,43.08,3.795,0.9399999789893627
78466,43.08,3.81,0.909999979659915
78467,43.08,3.825,0.7399999834597111
78468,43.08,3.84,0.7099999841302633
78469,43.08,3.855,0.5699999872595072
78470,43.08,3.87,0.5899999868124723
78471,43.08,3.885,0.5899999868124723
78472,43.08,3.9,0.6099999863654375
78473,43.08,3.915,0.6599999852478504
78474,43.08,3.93,0.7099999841302633
78475,43.08,3.945,0.7699999827891588
78476,43.08,3.96,0.7699999827891588
78477,43.08,3.975,0.7199999839067459
78478,43.08,3.99,0.669999985024333
78479,43.08,4.005,0.6499999854713678
78480,43.08,4.02,0.6199999861419201
78481,43.08,4.035,0.5599999874830246
78482,43.08,4.05,0.6199999861419201
78483,43.08,4.065,0.669999985024333
78484,43.08,4.08,0.6099999863654375
78485,43.08,4.095,0.4899999890476465
78486,43.08,4.11,0.4499999899417162
78487,43.08,4.125,0.4599999897181988
78488,43.08,4.14,0.3499999921768904
78489,43.08,4.155,0.35999999195337296
78490,43.08,4.17,0.3899999912828207
78491,43.08,4.185,0.40999999083578587
78492,43.08,4.2,0.42999999038875103
78493,43.08,4.215,0.42999999038875103
78494,43.08,4.23,0.5099999886006117
78495,43.08,4.245,0.5099999886006117
78496,43.08,4.26,0.46999998949468136
78497,43.08,4.275,0.40999999083578587
78498,43.08,4.29,0.3399999924004078
78499,43.08,4.305,0.2799999937415123
78500,43.08,4.32,0.23999999463558197
78501,43.08,4.335,0.2799999937415123
78502,43.08,4.35,0.3399999924004078
78503,43.08,4.365,0.42999999038875103
78504,43.08,4.38,0.5199999883770943
78505,43.08,4.395,0.5399999879300594
78506,43.08,4.41,0.5099999886006117
78507,43.08,4.425,0.549999987706542
78508,43.08,4.44,0.4999999888241291
78509,43.08,4.455,0.6299999859184027
78510,43.08,4.47,0.6099999863654375
78511,43.08,4.485,0.6799999848008156
78512,43.08,4.5,0.6199999861419201
78513,43.08,4.515,0.549999987706542
78514,43.08,4.53,0.5799999870359898
78515,43.08,4.545,0.5799999870359898
78516,43.08,4.56,0.5899999868124723
78517,43.08,4.575,0.6399999856948853
78518,43.08,4.59,0.7799999825656414
78519,43.08,4.605,1.1199999749660492
78520,43.08,4.62,1.6799999624490738
78521,43.08,4.635,2.299999948590994
78522,43.08,4.65,2.509999943897128
78523,43.08,4.665,2.349999947473407
78524,43.08,4.68,2.319999948143959
78525,43.08,4.695,2.149999951943755
78526,43.08,4.71,2.1399999521672726
78527,43.08,4.725,1.9999999552965164
78528,43.08,4.74,1.9199999570846558
78529,43.08,4.755,1.8799999579787254
78530,43.08,4.77,2.0699999537318945
78531,43.08,4.785,2.5199999436736107
78532,43.08,4.8,3.129999930039048
78533,43.08,4.815,3.7499999161809683
78534,43.08,4.83,3.8399999141693115
78535,43.08,4.845,4.049999909475446
78536,43.08,4.86,4.369999902322888
78537,43.08,4.875,5.089999886229634
78538,43.08,4.89,5.169999884441495
78539,43.08,4.905,4.999999888241291
78540,43.08,4.92,4.8699998911470175
78541,43.08,4.935,4.559999898076057
78542,43.08,4.95,4.279999904334545
78543,43.08,4.965,4.139999907463789
78544,43.08,4.98,4.169999906793237
78545,43.08,4.995,4.0799999088048935
78546,43.08,5.01,3.63999991863966
78547,43.08,5.025,3.089999930933118
78548,43.08,5.04,1.9999999552965164
78549,43.08,5.055,1.1599999740719795
78550,43.08,5.07,0.6099999863654375
78551,43.08,5.085,0.4499999899417162
78552,43.08,5.1,0.41999999061226845
78553,43.08,5.115,0.3999999910593033
78554,43.08,5.13,0.41999999061226845
78555,43.08,5.145,0.42999999038875103
78556,43.08,5.16,0.4499999899417162
78557,43.08,5.175,0.5099999886006117
78558,43.08,5.19,0.5699999872595072
78559,43.08,5.205,0.6099999863654375
78560,43.08,5.22,0.6899999845772982
78561,43.08,5.235,0.7799999825656414
78562,43.08,5.25,0.8299999814480543
78563,43.08,5.265,0.8599999807775021
78564,43.08,5.28,0.8199999816715717
78565,43.08,5.295,0.7099999841302633
78566,43.08,5.31,0.5999999865889549
78567,43.08,5.325,0.5099999886006117
78568,43.08,5.34,0.41999999061226845
78569,43.08,5.355,0.3399999924004078
78570,43.08,5.37,0.2899999935179949
78571,43.08,5.385,0.2699999939650297
78572,43.08,5.4,0.25999999418854713
78573,43.08,5.415,0.23999999463558197
78574,43.08,5.43,0.2199999950826168
78575,43.08,5.445,0.2199999950826168
78576,43.08,5.46,0.2199999950826168
78577,43.08,5.475,0.19999999552965164
78578,43.08,5.49,0.18999999575316906
78863,43.09,3.51,1.0399999767541885
78864,43.09,3.525,1.0499999765306711
78865,43.09,3.54,1.1299999747425318
78866,43.09,3.555,1.1599999740719795
78867,43.09,3.57,1.1199999749660492
78868,43.09,3.585,1.1599999740719795
78869,43.09,3.6,1.0899999756366014
78870,43.09,3.615,0.9899999778717756
78871,43.09,3.63,0.8799999803304672
78872,43.09,3.645,0.7499999832361937
78873,43.09,3.66,0.7099999841302633
78874,43.09,3.675,0.669999985024333
78875,43.09,3.69,0.6599999852478504
78876,43.09,3.705,0.7499999832361937
78877,43.09,3.72,0.8299999814480543
78878,43.09,3.735,0.8899999801069498
78879,43.09,3.75,0.8999999798834324
78880,43.09,3.765,0.8999999798834324
78881,43.09,3.78,0.8999999798834324
78882,43.09,3.795,0.9199999794363976
78883,43.09,3.81,0.8399999812245369
78884,43.09,3.825,0.7599999830126762
78885,43.09,3.84,0.6999999843537807
78886,43.09,3.855,0.5699999872595072
78887,43.09,3.87,0.5799999870359898
78888,43.09,3.885,0.5699999872595072
78889,43.09,3.9,0.5999999865889549
78890,43.09,3.915,0.6299999859184027
78891,43.09,3.93,0.6899999845772982
78892,43.09,3.945,0.7499999832361937
78893,43.09,3.96,0.8099999818950891
78894,43.09,3.975,0.8099999818950891
78895,43.09,3.99,0.7599999830126762
78896,43.09,4.005,0.6899999845772982
78897,43.09,4.02,0.6299999859184027
78898,43.09,4.035,0.6299999859184027
78899,43.09,4.05,0.6499999854713678
78900,43.09,4.065,0.669999985024333
78901,43.09,4.08,0.5999999865889549
78902,43.09,4.095,0.4899999890476465
78903,43.09,4.11,0.4399999901652336
78904,43.09,4.125,0.42999999038875103
78905,43.09,4.14,0.3499999921768904
78906,43.09,4.155,0.3399999924004078
78907,43.09,4.17,0.36999999172985554
78908,43.09,4.185,0.3999999910593033
78909,43.09,4.2,0.40999999083578587
78910,43.09,4.215,0.3999999910593033
78911,43.09,4.23,0.4599999897181988
78912,43.09,4.245,0.47999998927116394
78913,43.09,4.26,0.47999998927116394
78914,43.09,4.275,0.40999999083578587
78915,43.09,4.29,0.29999999329447746
78916,43.09,4.305,0.19999999552965164
78917,43.09,4.32,0.2299999948590994
78918,43.09,4.335,0.2899999935179949
78919,43.09,4.35,0.40999999083578587
78920,43.09,4.365,0.5299999881535769
78921,43.09,4.38,0.5799999870359898
78922,43.09,4.395,0.5999999865889549
78923,43.09,4.41,0.5799999870359898
78924,43.09,4.425,0.6499999854713678
78925,43.09,4.44,0.6299999859184027
78926,43.09,4.455,0.5199999883770943
78927,43.09,4.47,0.5399999879300594
78928,43.09,4.485,0.4999999888241291
78929,43.09,4.5,0.5599999874830246
78930,43.09,4.515,0.5799999870359898
78931,43.09,4.53,0.549999987706542
78932,43.09,4.545,0.5599999874830246
78933,43.09,4.56,0.5299999881535769
78934,43.09,4.575,0.6799999848008156
78935,43.09,4.59,0.9299999792128801
78936,43.09,4.605,1.6899999622255564
78937,43.09,4.62,2.5699999425560236
78938,43.09,4.635,3.349999925121665
78939,43.09,4.65,3.609999919310212
78940,43.09,4.665,3.4299999233335257
78941,43.09,4.68,3.1699999291449785
78942,43.09,4.695,2.9299999345093966
78943,43.09,4.71,2.9099999349564314
78944,43.09,4.725,2.8099999371916056
78945,43.09,4.74,2.6899999398738146
78946,43.09,4.755,2.659999940544367
78947,43.09,4.77,2.7199999392032623
78948,43.09,4.785,3.0999999307096004
78949,43.09,4.8,3.6499999184161425
78950,43.09,4.815,3.8699999134987593
78951,43.09,4.83,4.029999909922481
78952,43.09,4.845,4.3899999018758535
78953,43.09,4.86,4.799999892711639
78954,43.09,4.875,5.199999883770943
78955,43.09,4.89,5.369999879971147
78956,43.09,4.905,5.14999988488853
78957,43.09,4.92,4.8699998911470175
78958,43.09,4.935,4.579999897629023
78959,43.09,4.95,4.379999902099371
78960,43.09,4.965,4.349999902769923
78961,43.09,4.98,4.339999902993441
78962,43.09,4.995,4.249999905005097
78963,43.09,5.01,4.099999908357859
78964,43.09,5.025,3.4299999233335257
78965,43.09,5.04,2.7599999383091927
78966,43.09,5.055,1.9499999564141035
78967,43.09,5.07,1.2099999729543924
78968,43.09,5.085,0.8199999816715717
78969,43.09,5.1,0.5599999874830246
78970,43.09,5.115,0.4599999897181988
78971,43.09,5.13,0.41999999061226845
78972,43.09,5.145,0.4399999901652336
78973,43.09,5.16,0.4999999888241291
78974,43.09,5.175,0.6099999863654375
78975,43.09,5.19,0.7199999839067459
78976,43.09,5.205,0.7699999827891588
78977,43.09,5.22,0.8499999810010195
78978,43.09,5.235,0.9699999783188105
78979,43.09,5.25,1.029999976977706
78980,43.09,5.265,1.0099999774247408
78981,43.09,5.28,0.9199999794363976
78982,43.09,5.295,0.8099999818950891
78983,43.09,5.31,0.7099999841302633
78984,43.09,5.325,0.5899999868124723
78985,43.09,5.34,0.4999999888241291
78986,43.09,5.355,0.40999999083578587
78987,43.09,5.37,0.3199999928474426
78988,43.09,5.385,0.2799999937415123
78989,43.09,5.4,0.24999999441206455
78990,43.09,5.415,0.23999999463558197
78991,43.09,5.43,0.2299999948590994
78992,43.09,5.445,0.2199999950826168
78993,43.09,5.46,0.2199999950826168
78994,43.09,5.475,0.19999999552965164
78995,43.09,5.49,0.18999999575316906
79280,43.1,3.51,1.1899999734014273
79281,43.1,3.525,1.1199999749660492
79282,43.1,3.54,1.2399999722838402
79283,43.1,3.555,1.2599999718368053
79284,43.1,3.57,1.1999999731779099
79285,43.1,3.585,1.1799999736249447
79286,43.1,3.6,1.0699999760836363
79287,43.1,3.615,1.0499999765306711
79288,43.1,3.63,0.8499999810010195
79289,43.1,3.645,0.7299999836832285
79290,43.1,3.66,0.669999985024333
79291,43.1,3.675,0.669999985024333
79292,43.1,3.69,0.6999999843537807
79293,43.1,3.705,0.7499999832361937
79294,43.1,3.72,0.8399999812245369
79295,43.1,3.735,0.8599999807775021
79296,43.1,3.75,0.8699999805539846
79297,43.1,3.765,0.8199999816715717
79298,43.1,3.78,0.8399999812245369
79299,43.1,3.795,0.8199999816715717
79300,43.1,3.81,0.7999999821186066
79301,43.1,3.825,0.7299999836832285
79302,43.1,3.84,0.6099999863654375
79303,43.1,3.855,0.5199999883770943
79304,43.1,3.87,0.549999987706542
79305,43.1,3.885,0.5399999879300594
79306,43.1,3.9,0.5799999870359898
79307,43.1,3.915,0.6099999863654375
79308,43.1,3.93,0.6199999861419201
79309,43.1,3.945,0.6899999845772982
79310,43.1,3.96,0.7599999830126762
79311,43.1,3.975,0.8099999818950891
79312,43.1,3.99,0.8099999818950891
79313,43.1,4.005,0.7399999834597111
79314,43.1,4.02,0.6999999843537807
79315,43.1,4.035,0.6499999854713678
79316,43.1,4.05,0.6999999843537807
79317,43.1,4.065,0.6599999852478504
79318,43.1,4.08,0.5399999879300594
79319,43.1,4.095,0.4599999897181988
79320,43.1,4.11,0.4499999899417162
79321,43.1,4.125,0.4399999901652336
79322,43.1,4.14,0.3499999921768904
79323,43.1,4.155,0.3299999926239252
79324,43.1,4.17,0.3499999921768904
79325,43.1,4.185,0.3299999926239252
79326,43.1,4.2,0.3899999912828207
79327,43.1,4.215,0.3499999921768904
79328,43.1,4.23,0.3899999912828207
79329,43.1,4.245,0.42999999038875103
79330,43.1,4.26,0.42999999038875103
79331,43.1,4.275,0.35999999195337296
79332,43.1,4.29,0.24999999441206455
79333,43.1,4.305,0.2899999935179949
79334,43.1,4.32,0.20999999530613422
79335,43.1,4.335,0.30999999307096004
79336,43.1,4.35,0.46999998949468136
79337,43.1,4.365,0.5299999881535769
79338,43.1,4.38,0.5599999874830246
79339,43.1,4.395,0.5599999874830246
79340,43.1,4.41,0.5999999865889549
79341,43.1,4.425,0.5999999865889549
79342,43.1,4.44,0.5099999886006117
79343,43.1,4.455,0.5799999870359898
79344,43.1,4.47,0.5799999870359898
79345,43.1,4.485,0.5199999883770943
79346,43.1,4.5,0.5599999874830246
79347,43.1,4.515,0.6199999861419201
79348,43.1,4.53,0.5599999874830246
79349,43.1,4.545,0.5999999865889549
79350,43.1,4.56,0.6499999854713678
79351,43.1,4.575,0.6999999843537807
79352,43.1,4.59,1.0699999760836363
79353,43.1,4.605,2.339999947696924
79354,43.1,4.62,3.469999922439456
79355,43.1,4.635,4.3899999018758535
79356,43.1,4.65,4.499999899417162
79357,43.1,4.665,4.359999902546406
79358,43.1,4.68,4.089999908581376
79359,43.1,4.695,3.709999917075038
79360,43.1,4.71,3.7399999164044857
79361,43.1,4.725,3.6499999184161425
79362,43.1,4.74,3.519999921321869
79363,43.1,4.755,3.539999920874834
79364,43.1,4.77,3.5299999210983515
79365,43.1,4.785,3.8599999137222767
79366,43.1,4.8,3.9899999108165503
79367,43.1,4.815,4.119999907910824
79368,43.1,4.83,4.429999900981784
79369,43.1,4.845,4.829999892041087
79370,43.1,4.86,5.249999882653356
79371,43.1,4.875,5.559999875724316
79372,43.1,4.89,5.6099998746067286
79373,43.1,4.905,5.4199998788535595
79374,43.1,4.92,5.029999887570739
79375,43.1,4.935,4.769999893382192
79376,43.1,4.95,4.6299998965114355
79377,43.1,4.965,4.52999989874661
79378,43.1,4.98,4.489999899640679
79379,43.1,4.995,4.429999900981784
79380,43.1,5.01,4.25999990478158
79381,43.1,5.025,4.139999907463789
79382,43.1,5.04,3.419999923557043
79383,43.1,5.055,2.9499999340623617
79384,43.1,5.07,2.0199999548494816
79385,43.1,5.085,1.4799999669194221
79386,43.1,5.1,1.1299999747425318
79387,43.1,5.115,0.6399999856948853
79388,43.1,5.13,0.549999987706542
79389,43.1,5.145,0.5099999886006117
79390,43.1,5.16,0.6099999863654375
79391,43.1,5.175,0.8099999818950891
79392,43.1,5.19,0.9199999794363976
79393,43.1,5.205,0.9699999783188105
79394,43.1,5.22,1.0399999767541885
79395,43.1,5.235,1.1599999740719795
79396,43.1,5.25,1.1999999731779099
79397,43.1,5.265,1.1399999745190144
79398,43.1,5.28,1.0099999774247408
79399,43.1,5.295,0.8899999801069498
79400,43.1,5.31,0.7799999825656414
79401,43.1,5.325,0.669999985024333
79402,43.1,5.34,0.5699999872595072
79403,43.1,5.355,0.47999998927116394
79404,43.1,5.37,0.35999999195337296
79405,43.1,5.385,0.29999999329447746
79406,43.1,5.4,0.25999999418854713
79407,43.1,5.415,0.23999999463558197
79408,43.1,5.43,0.2299999948590994
79409,43.1,5.445,0.2199999950826168
79410,43.1,5.46,0.2199999950826168
79411,43.1,5.475,0.19999999552965164
79412,43.1,5.49,0.18999999575316906
79697,43.11,3.51,1.3599999696016312
79698,43.11,3.525,1.3799999691545963
79699,43.11,3.54,1.3699999693781137
79700,43.11,3.555,1.3599999696016312
79701,43.11,3.57,1.2499999720603228
79702,43.11,3.585,1.149999974295497
79703,43.11,3.6,1.1199999749660492
79704,43.11,3.615,1.0399999767541885
79705,43.11,3.63,0.9499999787658453
79706,43.11,3.645,0.8299999814480543
79707,43.11,3.66,0.7499999832361937
79708,43.11,3.675,0.7599999830126762
79709,43.11,3.69,0.7499999832361937
79710,43.11,3.705,0.7799999825656414
79711,43.11,3.72,0.8299999814480543
79712,43.11,3.735,0.8299999814480543
79713,43.11,3.75,0.7999999821186066
79714,43.11,3.765,0.789999982342124
79715,43.11,3.78,0.7599999830126762
79716,43.11,3.795,0.8399999812245369
79717,43.11,3.81,0.7199999839067459
79718,43.11,3.825,0.6799999848008156
79719,43.11,3.84,0.4999999888241291
79720,43.11,3.855,0.47999998927116394
79721,43.11,3.87,0.5099999886006117
79722,43.11,3.885,0.5099999886006117
79723,43.11,3.9,0.4999999888241291
79724,43.11,3.915,0.5399999879300594
79725,43.11,3.93,0.5599999874830246
79726,43.11,3.945,0.6499999854713678
79727,43.11,3.96,0.7399999834597111
79728,43.11,3.975,0.7699999827891588
79729,43.11,3.99,0.7699999827891588
79730,43.11,4.005,0.789999982342124
79731,43.11,4.02,0.7599999830126762
79732,43.11,4.035,0.6799999848008156
79733,43.11,4.05,0.7999999821186066
79734,43.11,4.065,0.669999985024333
79735,43.11,4.08,0.5599999874830246
79736,43.11,4.095,0.5699999872595072
79737,43.11,4.11,0.4599999897181988
79738,43.11,4.125,0.40999999083578587
79739,43.11,4.14,0.2799999937415123
79740,43.11,4.155,0.3199999928474426
79741,43.11,4.17,0.30999999307096004
79742,43.11,4.185,0.2899999935179949
79743,43.11,4.2,0.2899999935179949
79744,43.11,4.215,0.30999999307096004
79745,43.11,4.23,0.3299999926239252
79746,43.11,4.245,0.35999999195337296
79747,43.11,4.26,0.36999999172985554
79748,43.11,4.275,0.3299999926239252
79749,43.11,4.29,0.30999999307096004
79750,43.11,4.305,0.2899999935179949
79751,43.11,4.32,0.2899999935179949
79752,43.11,4.335,0.41999999061226845
79753,43.11,4.35,0.5199999883770943
79754,43.11,4.365,0.5599999874830246
79755,43.11,4.38,0.5899999868124723
79756,43.11,4.395,0.5899999868124723
79757,43.11,4.41,0.5599999874830246
79758,43.11,4.425,0.5099999886006117
79759,43.11,4.44,0.5599999874830246
79760,43.11,4.455,0.6099999863654375
79761,43.11,4.47,0.6199999861419201
79762,43.11,4.485,0.6099999863654375
79763,43.11,4.5,0.6099999863654375
79764,43.11,4.515,0.6299999859184027
79765,43.11,4.53,0.5599999874830246
79766,43.11,4.545,0.6099999863654375
79767,43.11,4.56,0.7399999834597111
79768,43.11,4.575,0.7999999821186066
79769,43.11,4.59,1.4499999675899744
79770,43.11,4.605,2.7899999376386404
79771,43.11,4.62,4.52999989874661
79772,43.11,4.635,5.209999883547425
79773,43.11,4.65,4.9899998884648085
79774,43.11,4.665,4.799999892711639
79775,43.11,4.68,4.559999898076057
79776,43.11,4.695,4.52999989874661
79777,43.11,4.71,4.379999902099371
79778,43.11,4.725,4.4399999007582664
79779,43.11,4.74,4.379999902099371
79780,43.11,4.755,4.459999900311232
79781,43.11,4.77,4.349999902769923
79782,43.11,4.785,4.409999901428819
79783,43.11,4.8,4.479999899864197
79784,43.11,4.815,4.549999898299575
79785,43.11,4.83,4.9899998884648085
79786,43.11,4.845,5.399999879300594
79787,43.11,4.86,5.719999872148037
79788,43.11,4.875,6.019999865442514
79789,43.11,4.89,5.939999867230654
79790,43.11,4.905,5.559999875724316
79791,43.11,4.92,5.22999988310039
79792,43.11,4.935,5.139999885112047
79793,43.11,4.95,5.049999887123704
79794,43.11,4.965,4.8799998909235
79795,43.11,4.98,4.809999892488122
79796,43.11,4.995,4.669999895617366
79797,43.11,5.01,4.489999899640679
79798,43.11,5.025,4.329999903216958
79799,43.11,5.04,3.9799999110400677
79800,43.11,5.055,3.489999921992421
79801,43.11,5.07,3.009999932721257
79802,43.11,5.085,2.2899999488145113
79803,43.11,5.1,1.7899999599903822
79804,43.11,5.115,1.2999999709427357
79805,43.11,5.13,0.9899999778717756
79806,43.11,5.145,0.8599999807775021
79807,43.11,5.16,1.029999976977706
79808,43.11,5.175,1.169999973848462
79809,43.11,5.19,1.2599999718368053
79810,43.11,5.205,1.2399999722838402
79811,43.11,5.22,1.2999999709427357
79812,43.11,5.235,1.3699999693781137
79813,43.11,5.25,1.3699999693781137
79814,43.11,5.265,1.2599999718368053
79815,43.11,5.28,1.099999975413084
79816,43.11,5.295,0.9399999789893627
79817,43.11,5.31,0.8299999814480543
79818,43.11,5.325,0.6999999843537807
79819,43.11,5.34,0.5899999868124723
79820,43.11,5.355,0.46999998949468136
79821,43.11,5.37,0.36999999172985554
79822,43.11,5.385,0.29999999329447746
79823,43.11,5.4,0.25999999418854713
79824,43.11,5.415,0.23999999463558197
79825,43.11,5.43,0.2299999948590994
79826,43.11,5.445,0.2199999950826168
79827,43.11,5.46,0.20999999530613422
79828,43.11,5.475,0.19999999552965164
79829,43.11,5.49,0.19999999552965164
80114,43.12,3.51,1.5699999649077654
80115,43.12,3.525,1.529999965801835
80116,43.12,3.54,1.5199999660253525
80117,43.12,3.555,1.4399999678134918
80118,43.12,3.57,1.389999968931079
80119,43.12,3.585,1.269999971613288
80120,43.12,3.6,1.1399999745190144
80121,43.12,3.615,1.0799999758601189
80122,43.12,3.63,0.9999999776482582
80123,43.12,3.645,0.9299999792128801
80124,43.12,3.66,0.8799999803304672
80125,43.12,3.675,0.7999999821186066
80126,43.12,3.69,0.7999999821186066
80127,43.12,3.705,0.7999999821186066
80128,43.12,3.72,0.789999982342124
80129,43.12,3.735,0.7499999832361937
80130,43.12,3.75,0.7799999825656414
80131,43.12,3.765,0.7299999836832285
80132,43.12,3.78,0.7299999836832285
80133,43.12,3.795,0.8199999816715717
80134,43.12,3.81,0.7399999834597111
80135,43.12,3.825,0.6399999856948853
80136,43.12,3.84,0.4599999897181988
80137,43.12,3.855,0.4599999897181988
80138,43.12,3.87,0.46999998949468136
80139,43.12,3.885,0.4599999897181988
80140,43.12,3.9,0.4599999897181988
80141,43.12,3.915,0.46999998949468136
80142,43.12,3.93,0.5099999886006117
80143,43.12,3.945,0.5699999872595072
80144,43.12,3.96,0.6499999854713678
80145,43.12,3.975,0.7099999841302633
80146,43.12,3.99,0.7299999836832285
80147,43.12,4.005,0.7699999827891588
80148,43.12,4.02,0.7099999841302633
80149,43.12,4.035,0.7099999841302633
80150,43.12,4.05,0.7799999825656414
80151,43.12,4.065,0.789999982342124
80152,43.12,4.08,0.5999999865889549
80153,43.12,4.095,0.549999987706542
80154,43.12,4.11,0.4999999888241291
80155,43.12,4.125,0.35999999195337296
80156,43.12,4.14,0.25999999418854713
80157,43.12,4.155,0.25999999418854713
80158,43.12,4.17,0.2699999939650297
80159,43.12,4.185,0.25999999418854713
80160,43.12,4.2,0.2699999939650297
80161,43.12,4.215,0.2699999939650297
80162,43.12,4.23,0.25999999418854713
80163,43.12,4.245,0.2899999935179949
80164,43.12,4.26,0.30999999307096004
80165,43.12,4.275,0.3399999924004078
80166,43.12,4.29,0.3299999926239252
80167,43.12,4.305,0.3799999915063381
80168,43.12,4.32,0.3899999912828207
80169,43.12,4.335,0.46999998949468136
80170,43.12,4.35,0.5799999870359898
80171,43.12,4.365,0.5899999868124723
80172,43.12,4.38,0.5799999870359898
80173,43.12,4.395,0.5599999874830246
80174,43.12,4.41,0.6299999859184027
80175,43.12,4.425,0.6299999859184027
80176,43.12,4.44,0.6099999863654375
80177,43.12,4.455,0.6399999856948853
80178,43.12,4.47,0.6799999848008156
80179,43.12,4.485,0.5999999865889549
80180,43.12,4.5,0.5899999868124723
80181,43.12,4.515,0.669999985024333
80182,43.12,4.53,0.669999985024333
80183,43.12,4.545,0.6799999848008156
80184,43.12,4.56,0.7999999821186066
80185,43.12,4.575,1.0399999767541885
80186,43.12,4.59,1.8599999584257603
80187,43.12,4.605,3.5599999204277992
80188,43.12,4.62,5.339999880641699
80189,43.12,4.635,5.549999875947833
80190,43.12,4.65,5.469999877735972
80191,43.12,4.665,5.1799998842179775
80192,43.12,4.68,5.14999988488853
80193,43.12,4.695,5.209999883547425
80194,43.12,4.71,5.4199998788535595
80195,43.12,4.725,5.399999879300594
80196,43.12,4.74,5.1099998857825994
80197,43.12,4.755,4.949999889358878
80198,43.12,4.77,5.0599998869001865
80199,43.12,4.785,5.159999884665012
80200,43.12,4.8,5.279999881982803
80201,43.12,4.815,5.289999881759286
80202,43.12,4.83,5.529999876394868
80203,43.12,4.845,5.859999869018793
80204,43.12,4.86,6.229999860748649
80205,43.12,4.875,6.199999861419201
80206,43.12,4.89,6.099999863654375
80207,43.12,4.905,5.689999872818589
80208,43.12,4.92,5.489999877288938
80209,43.12,4.935,5.399999879300594
80210,43.12,4.95,5.619999874383211
80211,43.12,4.965,5.429999878630042
80212,43.12,4.98,5.269999882206321
80213,43.12,4.995,4.999999888241291
80214,43.12,5.01,4.799999892711639
80215,43.12,5.025,4.639999896287918
80216,43.12,5.04,4.429999900981784
80217,43.12,5.055,4.029999909922481
80218,43.12,5.07,3.5499999206513166
80219,43.12,5.085,2.9999999329447746
80220,43.12,5.1,2.4799999445676804
80221,43.12,5.115,1.959999956190586
80222,43.12,5.13,1.6099999640136957
80223,43.12,5.145,1.5499999653548002
80224,43.12,5.16,1.7299999613314867
80225,43.12,5.175,1.6599999628961086
80226,43.12,5.19,1.6599999628961086
80227,43.12,5.205,1.5399999655783176
80228,43.12,5.22,1.5199999660253525
80229,43.12,5.235,1.5199999660253525
80230,43.12,5.25,1.4699999671429396
80231,43.12,5.265,1.3499999698251486
80232,43.12,5.28,1.1799999736249447
80233,43.12,5.295,1.0199999772012234
80234,43.12,5.31,0.8399999812245369
80235,43.12,5.325,0.6799999848008156
80236,43.12,5.34,0.5399999879300594
80237,43.12,5.355,0.42999999038875103
80238,43.12,5.37,0.3399999924004078
80239,43.12,5.385,0.2799999937415123
80240,43.12,5.4,0.24999999441206455
80241,43.12,5.415,0.2299999948590994
80242,43.12,5.43,0.2199999950826168
80243,43.12,5.445,0.20999999530613422
80244,43.12,5.46,0.19999999552965164
80245,43.12,5.475,0.18999999575316906
80246,43.12,5.49,0.18999999575316906
80531,43.13,3.51,1.269999971613288
80532,43.13,3.525,1.5399999655783176
80533,43.13,3.54,1.4799999669194221
80534,43.13,3.555,1.4899999666959047
80535,43.13,3.57,1.4399999678134918
80536,43.13,3.585,1.289999971166253
80537,43.13,3.6,1.1799999736249447
80538,43.13,3.615,1.1299999747425318
80539,43.13,3.63,1.0199999772012234
80540,43.13,3.645,0.9899999778717756
80541,43.13,3.66,0.9499999787658453
80542,43.13,3.675,0.9199999794363976
80543,43.13,3.69,0.8299999814480543
80544,43.13,3.705,0.789999982342124
80545,43.13,3.72,0.7799999825656414
80546,43.13,3.735,0.7299999836832285
80547,43.13,3.75,0.7299999836832285
80548,43.13,3.765,0.7499999832361937
80549,43.13,3.78,0.7599999830126762
80550,43.13,3.795,0.7999999821186066
80551,43.13,3.81,0.6499999854713678
80552,43.13,3.825,0.6499999854713678
80553,43.13,3.84,0.3999999910593033
80554,43.13,3.855,0.40999999083578587
80555,43.13,3.87,0.41999999061226845
80556,43.13,3.885,0.40999999083578587
80557,43.13,3.9,0.3899999912828207
80558,43.13,3.915,0.3899999912828207
80559,43.13,3.93,0.47999998927116394
80560,43.13,3.945,0.5099999886006117
80561,43.13,3.96,0.5699999872595072
80562,43.13,3.975,0.6399999856948853
80563,43.13,3.99,0.6599999852478504
80564,43.13,4.005,0.6799999848008156
80565,43.13,4.02,0.6799999848008156
80566,43.13,4.035,0.7099999841302633
80567,43.13,4.05,0.7699999827891588
80568,43.13,4.065,0.7999999821186066
80569,43.13,4.08,0.6299999859184027
80570,43.13,4.095,0.5399999879300594
80571,43.13,4.11,0.4999999888241291
80572,43.13,4.125,0.2799999937415123
80573,43.13,4.14,0.2899999935179949
80574,43.13,4.155,0.24999999441206455
80575,43.13,4.17,0.23999999463558197
80576,43.13,4.185,0.25999999418854713
80577,43.13,4.2,0.23999999463558197
80578,43.13,4.215,0.1699999962002039
80579,43.13,4.23,0.20999999530613422
80580,43.13,4.245,0.25999999418854713
80581,43.13,4.26,0.2699999939650297
80582,43.13,4.275,0.3499999921768904
80583,43.13,4.29,0.3899999912828207
80584,43.13,4.305,0.4499999899417162
80585,43.13,4.32,0.4599999897181988
80586,43.13,4.335,0.5099999886006117
80587,43.13,4.35,0.5899999868124723
80588,43.13,4.365,0.6099999863654375
80589,43.13,4.38,0.6299999859184027
80590,43.13,4.395,0.6099999863654375
80591,43.13,4.41,0.6099999863654375
80592,43.13,4.425,0.6199999861419201
80593,43.13,4.44,0.5699999872595072
80594,43.13,4.455,0.6399999856948853
80595,43.13,4.47,0.6399999856948853
80596,43.13,4.485,0.6099999863654375
80597,43.13,4.5,0.6799999848008156
80598,43.13,4.515,0.7399999834597111
80599,43.13,4.53,0.6999999843537807
80600,43.13,4.545,0.7699999827891588
80601,43.13,4.56,0.9199999794363976
80602,43.13,4.575,1.3699999693781137
80603,43.13,4.59,2.369999947026372
80604,43.13,4.605,4.039999909698963
80605,43.13,4.62,5.719999872148037
80606,43.13,4.635,6.179999861866236
80607,43.13,4.65,6.099999863654375
80608,43.13,4.665,5.979999866336584
80609,43.13,4.68,6.019999865442514
80610,43.13,4.695,6.549999853596091
80611,43.13,4.71,6.779999848455191
80612,43.13,4.725,6.769999848678708
80613,43.13,4.74,6.2099998611956835
80614,43.13,4.755,5.869999868795276
80615,43.13,4.77,5.6099998746067286
80616,43.13,4.785,5.80999987013638
80617,43.13,4.8,5.919999867677689
80618,43.13,4.815,5.949999867007136
80619,43.13,4.83,6.009999865666032
80620,43.13,4.845,6.189999861642718
80621,43.13,4.86,6.379999857395887
80622,43.13,4.875,6.3999998569488525
80623,43.13,4.89,6.199999861419201
80624,43.13,4.905,5.879999868571758
80625,43.13,4.92,5.819999869912863
80626,43.13,4.935,5.989999866113067
80627,43.13,4.95,6.189999861642718
80628,43.13,4.965,6.07999986410141
80629,43.13,4.98,5.7299998719245195
80630,43.13,4.995,5.369999879971147
80631,43.13,5.01,5.14999988488853
80632,43.13,5.025,4.979999888688326
80633,43.13,5.04,4.7499998938292265
80634,43.13,5.055,4.449999900534749
80635,43.13,5.07,3.969999911263585
80636,43.13,5.085,3.4799999222159386
80637,43.13,5.1,2.8799999356269836
80638,43.13,5.115,2.4999999441206455
80639,43.13,5.13,2.299999948590994
80640,43.13,5.145,2.1399999521672726
80641,43.13,5.16,2.0899999532848597
80642,43.13,5.175,2.0399999544024467
80643,43.13,5.19,1.959999956190586
80644,43.13,5.205,1.7899999599903822
80645,43.13,5.22,1.6899999622255564
80646,43.13,5.235,1.6099999640136957
80647,43.13,5.25,1.5199999660253525
80648,43.13,5.265,1.389999968931079
80649,43.13,5.28,1.2399999722838402
80650,43.13,5.295,1.0399999767541885
80651,43.13,5.31,0.7999999821186066
80652,43.13,5.325,0.5999999865889549
80653,43.13,5.34,0.4599999897181988
80654,43.13,5.355,0.36999999172985554
80655,43.13,5.37,0.2899999935179949
80656,43.13,5.385,0.23999999463558197
80657,43.13,5.4,0.2299999948590994
80658,43.13,5.415,0.2199999950826168
80659,43.13,5.43,0.20999999530613422
80660,43.13,5.445,0.18999999575316906
80661,43.13,5.46,0.18999999575316906
80662,43.13,5.475,0.18999999575316906
80663,43.13,5.49,0.17999999597668648
80948,43.14,3.51,0.9899999778717756
80949,43.14,3.525,1.0599999763071537
80950,43.14,3.54,1.0599999763071537
80951,43.14,3.555,1.3699999693781137
80952,43.14,3.57,1.389999968931079
80953,43.14,3.585,1.389999968931079
80954,43.14,3.6,1.2999999709427357
80955,43.14,3.615,1.1399999745190144
80956,43.14,3.63,1.0399999767541885
80957,43.14,3.645,0.9999999776482582
80958,43.14,3.66,0.979999978095293
80959,43.14,3.675,0.9199999794363976
80960,43.14,3.69,0.8199999816715717
80961,43.14,3.705,0.7699999827891588
80962,43.14,3.72,0.7599999830126762
80963,43.14,3.735,0.7399999834597111
80964,43.14,3.75,0.7299999836832285
80965,43.14,3.765,0.7299999836832285
80966,43.14,3.78,0.7699999827891588
80967,43.14,3.795,0.7799999825656414
80968,43.14,3.81,0.6499999854713678
80969,43.14,3.825,0.5699999872595072
80970,43.14,3.84,0.4499999899417162
80971,43.14,3.855,0.36999999172985554
80972,43.14,3.87,0.3799999915063381
80973,43.14,3.885,0.36999999172985554
80974,43.14,3.9,0.3499999921768904
80975,43.14,3.915,0.35999999195337296
80976,43.14,3.93,0.4399999901652336
80977,43.14,3.945,0.47999998927116394
80978,43.14,3.96,0.549999987706542
80979,43.14,3.975,0.5799999870359898
80980,43.14,3.99,0.6399999856948853
80981,43.14,4.005,0.6599999852478504
80982,43.14,4.02,0.669999985024333
80983,43.14,4.035,0.7399999834597111
80984,43.14,4.05,0.7299999836832285
80985,43.14,4.065,0.7999999821186066
80986,43.14,4.08,0.5299999881535769
80987,43.14,4.095,0.47999998927116394
80988,43.14,4.11,0.3299999926239252
80989,43.14,4.125,0.3399999924004078
80990,43.14,4.14,0.2299999948590994
80991,43.14,4.155,0.20999999530613422
80992,43.14,4.17,0.2199999950826168
80993,43.14,4.185,0.2299999948590994
80994,43.14,4.2,0.1699999962002039
80995,43.14,4.215,0.12999999709427357
80996,43.14,4.23,0.13999999687075615
80997,43.14,4.245,0.20999999530613422
80998,43.14,4.26,0.25999999418854713
80999,43.14,4.275,0.3299999926239252
81000,43.14,4.29,0.40999999083578587
81001,43.14,4.305,0.4499999899417162
81002,43.14,4.32,0.5099999886006117
81003,43.14,4.335,0.5299999881535769
81004,43.14,4.35,0.5899999868124723
81005,43.14,4.365,0.6099999863654375
81006,43.14,4.38,0.5899999868124723
81007,43.14,4.395,0.6399999856948853
81008,43.14,4.41,0.6399999856948853
81009,43.14,4.425,0.5999999865889549
81010,43.14,4.44,0.5999999865889549
81011,43.14,4.455,0.5799999870359898
81012,43.14,4.47,0.669999985024333
81013,43.14,4.485,0.7699999827891588
81014,43.14,4.5,0.7799999825656414
81015,43.14,4.515,0.8499999810010195
81016,43.14,4.53,0.8599999807775021
81017,43.14,4.545,0.9699999783188105
81018,43.14,4.56,1.0699999760836363
81019,43.14,4.575,1.50999996624887
81020,43.14,4.59,2.43999994546175
81021,43.14,4.605,4.25999990478158
81022,43.14,4.62,6.009999865666032
81023,43.14,4.635,6.69999985024333
81024,43.14,4.65,6.859999846667051
81025,43.14,4.665,6.709999850019813
81026,43.14,4.68,6.8799998462200165
81027,43.14,4.695,7.62999982945621
81028,43.14,4.71,8.659999806433916
81029,43.14,4.725,8.509999809786677
81030,43.14,4.74,8.259999815374613
81031,43.14,4.755,7.179999839514494
81032,43.14,4.77,6.729999849572778
81033,43.14,4.785,6.619999852031469
81034,43.14,4.8,6.469999855384231
81035,43.14,4.815,6.34999985806644
81036,43.14,4.83,6.38999985717237
81037,43.14,4.845,6.559999853372574
81038,43.14,4.86,6.559999853372574
81039,43.14,4.875,6.439999856054783
81040,43.14,4.89,6.239999860525131
81041,43.14,4.905,6.099999863654375
81042,43.14,4.92,5.989999866113067
81043,43.14,4.935,6.34999985806644
81044,43.14,4.95,6.569999853149056
81045,43.14,4.965,6.469999855384231
81046,43.14,4.98,6.179999861866236
81047,43.14,4.995,5.869999868795276
81048,43.14,5.01,5.579999875277281
81049,43.14,5.025,5.289999881759286
81050,43.14,5.04,5.049999887123704
81051,43.14,5.055,4.689999895170331
81052,43.14,5.07,4.2699999045580626
81053,43.14,5.085,3.7399999164044857
81054,43.14,5.1,3.129999930039048
81055,43.14,5.115,2.6699999403208494
81056,43.14,5.13,2.489999944344163
81057,43.14,5.145,2.349999947473407
81058,43.14,5.16,2.319999948143959
81059,43.14,5.175,2.2899999488145113
81060,43.14,5.19,2.1699999514967203
81061,43.14,5.205,1.9799999557435513
81062,43.14,5.22,1.7999999597668648
81063,43.14,5.235,1.6599999628961086
81064,43.14,5.25,1.5399999655783176
81065,43.14,5.265,1.3799999691545963
81066,43.14,5.28,1.2299999725073576
81067,43.14,5.295,0.9899999778717756
81068,43.14,5.31,0.7199999839067459
81069,43.14,5.325,0.4999999888241291
81070,43.14,5.34,0.36999999172985554
81071,43.14,5.355,0.2899999935179949
81072,43.14,5.37,0.24999999441206455
81073,43.14,5.385,0.2299999948590994
81074,43.14,5.4,0.20999999530613422
81075,43.14,5.415,0.20999999530613422
81076,43.14,5.43,0.18999999575316906
81077,43.14,5.445,0.17999999597668648
81078,43.14,5.46,0.17999999597668648
81079,43.14,5.475,0.17999999597668648
81080,43.14,5.49,0.17999999597668648
81365,43.15,3.51,0.8899999801069498
81366,43.15,3.525,0.9299999792128801
81367,43.15,3.54,0.9199999794363976
81368,43.15,3.555,0.8899999801069498
81369,43.15,3.57,1.4299999680370092
81370,43.15,3.585,1.459999967366457
81371,43.15,3.6,1.2399999722838402
81372,43.15,3.615,1.1599999740719795
81373,43.15,3.63,1.0099999774247408
81374,43.15,3.645,1.0599999763071537
81375,43.15,3.66,1.0199999772012234
81376,43.15,3.675,0.9399999789893627
81377,43.15,3.69,0.8299999814480543
81378,43.15,3.705,0.8399999812245369
81379,43.15,3.72,0.7799999825656414
81380,43.15,3.735,0.7599999830126762
81381,43.15,3.75,0.7399999834597111
81382,43.15,3.765,0.7699999827891588
81383,43.15,3.78,0.7499999832361937
81384,43.15,3.795,0.7799999825656414
81385,43.15,3.81,0.6199999861419201
81386,43.15,3.825,0.5799999870359898
81387,43.15,3.84,0.5299999881535769
81388,43.15,3.855,0.3799999915063381
81389,43.15,3.87,0.3399999924004078
81390,43.15,3.885,0.3499999921768904
81391,43.15,3.9,0.36999999172985554
81392,43.15,3.915,0.36999999172985554
81393,43.15,3.93,0.41999999061226845
81394,43.15,3.945,0.46999998949468136
81395,43.15,3.96,0.4999999888241291
81396,43.15,3.975,0.5199999883770943
81397,43.15,3.99,0.5599999874830246
81398,43.15,4.005,0.6199999861419201
81399,43.15,4.02,0.6199999861419201
81400,43.15,4.035,0.7199999839067459
81401,43.15,4.05,0.7199999839067459
81402,43.15,4.065,0.6499999854713678
81403,43.15,4.08,0.4999999888241291
81404,43.15,4.095,0.4599999897181988
81405,43.15,4.11,0.3199999928474426
81406,43.15,4.125,0.2699999939650297
81407,43.15,4.14,0.20999999530613422
81408,43.15,4.155,0.17999999597668648
81409,43.15,4.17,0.1699999962002039
81410,43.15,4.185,0.1599999964237213
81411,43.15,4.2,0.1599999964237213
81412,43.15,4.215,0.11999999731779099
81413,43.15,4.23,0.12999999709427357
81414,43.15,4.245,0.1699999962002039
81415,43.15,4.26,0.23999999463558197
81416,43.15,4.275,0.3999999910593033
81417,43.15,4.29,0.4399999901652336
81418,43.15,4.305,0.4899999890476465
81419,43.15,4.32,0.5099999886006117
81420,43.15,4.335,0.5899999868124723
81421,43.15,4.35,0.5699999872595072
81422,43.15,4.365,0.5899999868124723
81423,43.15,4.38,0.5999999865889549
81424,43.15,4.395,0.6099999863654375
81425,43.15,4.41,0.5899999868124723
81426,43.15,4.425,0.7099999841302633
81427,43.15,4.44,0.6599999852478504
81428,43.15,4.455,0.6899999845772982
81429,43.15,4.47,0.8199999816715717
81430,43.15,4.485,0.9299999792128801
81431,43.15,4.5,0.979999978095293
81432,43.15,4.515,0.9999999776482582
81433,43.15,4.53,1.1099999751895666
81434,43.15,4.545,1.1999999731779099
81435,43.15,4.56,1.339999970048666
81436,43.15,4.575,1.4999999664723873
81437,43.15,4.59,2.369999947026372
81438,43.15,4.605,3.879999913275242
81439,43.15,4.62,5.749999871477485
81440,43.15,4.635,6.8799998462200165
81441,43.15,4.65,7.35999983549118
81442,43.15,4.665,7.479999832808971
81443,43.15,4.68,7.819999825209379
81444,43.15,4.695,8.649999806657434
81445,43.15,4.71,9.699999783188105
81446,43.15,4.725,10.68999976105988
81447,43.15,4.74,10.37999976798892
81448,43.15,4.755,9.329999791458249
81449,43.15,4.77,8.649999806657434
81450,43.15,4.785,8.259999815374613
81451,43.15,4.8,7.799999825656414
81452,43.15,4.815,7.239999838173389
81453,43.15,4.83,6.979999843984842
81454,43.15,4.845,6.889999845996499
81455,43.15,4.86,6.8799998462200165
81456,43.15,4.875,6.709999850019813
81457,43.15,4.89,6.469999855384231
81458,43.15,4.905,6.369999857619405
81459,43.15,4.92,6.239999860525131
81460,43.15,4.935,6.539999853819609
81461,43.15,4.95,6.919999845325947
81462,43.15,4.965,6.819999847561121
81463,43.15,4.98,6.589999852702022
81464,43.15,4.995,6.299999859184027
81465,43.15,5.01,5.949999867007136
81466,43.15,5.025,5.639999873936176
81467,43.15,5.04,5.289999881759286
81468,43.15,5.055,4.9399998895823956
81469,43.15,5.07,4.499999899417162
81470,43.15,5.085,3.8699999134987593
81471,43.15,5.1,3.249999927356839
81472,43.15,5.115,2.8099999371916056
81473,43.15,5.13,2.509999943897128
81474,43.15,5.145,2.3999999463558197
81475,43.15,5.16,2.3799999468028545
81476,43.15,5.175,2.3799999468028545
81477,43.15,5.19,2.299999948590994
81478,43.15,5.205,2.059999953955412
81479,43.15,5.22,1.8699999582022429
81480,43.15,5.235,1.6899999622255564
81481,43.15,5.25,1.4999999664723873
81482,43.15,5.265,1.3499999698251486
81483,43.15,5.28,1.1299999747425318
81484,43.15,5.295,0.8699999805539846
81485,43.15,5.31,0.5999999865889549
81486,43.15,5.325,0.40999999083578587
81487,43.15,5.34,0.2899999935179949
81488,43.15,5.355,0.23999999463558197
81489,43.15,5.37,0.2199999950826168
81490,43.15,5.385,0.19999999552965164
81491,43.15,5.4,0.18999999575316906
81492,43.15,5.415,0.18999999575316906
81493,43.15,5.43,0.18999999575316906
81494,43.15,5.445,0.1699999962002039
81495,43.15,5.46,0.17999999597668648
81496,43.15,5.475,0.17999999597668648
81497,43.15,5.49,0.17999999597668648
81782,43.16,3.51,0.9399999789893627
81783,43.16,3.525,0.8799999803304672
81784,43.16,3.54,0.8399999812245369
81785,43.16,3.555,0.9399999789893627
81786,43.16,3.57,1.029999976977706
81787,43.16,3.585,0.9499999787658453
81788,43.16,3.6,1.0399999767541885
81789,43.16,3.615,0.8899999801069498
81790,43.16,3.63,0.9199999794363976
81791,43.16,3.645,0.9699999783188105
81792,43.16,3.66,0.9999999776482582
81793,43.16,3.675,1.0199999772012234
81794,43.16,3.69,0.9999999776482582
81795,43.16,3.705,0.9399999789893627
81796,43.16,3.72,0.8999999798834324
81797,43.16,3.735,0.8399999812245369
81798,43.16,3.75,0.8099999818950891
81799,43.16,3.765,0.7999999821186066
81800,43.16,3.78,0.7799999825656414
81801,43.16,3.795,0.7799999825656414
81802,43.16,3.81,0.669999985024333
81803,43.16,3.825,0.5899999868124723
81804,43.16,3.84,0.5699999872595072
81805,43.16,3.855,0.3499999921768904
81806,43.16,3.87,0.3499999921768904
81807,43.16,3.885,0.3499999921768904
81808,43.16,3.9,0.35999999195337296
81809,43.16,3.915,0.3799999915063381
81810,43.16,3.93,0.3899999912828207
81811,43.16,3.945,0.4599999897181988
81812,43.16,3.96,0.4899999890476465
81813,43.16,3.975,0.5199999883770943
81814,43.16,3.99,0.5799999870359898
81815,43.16,4.005,0.5699999872595072
81816,43.16,4.02,0.5299999881535769
81817,43.16,4.035,0.5599999874830246
81818,43.16,4.05,0.5899999868124723
81819,43.16,4.065,0.5099999886006117
81820,43.16,4.08,0.47999998927116394
81821,43.16,4.095,0.4399999901652336
81822,43.16,4.11,0.29999999329447746
81823,43.16,4.125,0.2799999937415123
81824,43.16,4.14,0.18999999575316906
81825,43.16,4.155,0.12999999709427357
81826,43.16,4.17,0.18999999575316906
81827,43.16,4.185,0.12999999709427357
81828,43.16,4.2,0.12999999709427357
81829,43.16,4.215,0.13999999687075615
81830,43.16,4.23,0.14999999664723873
81831,43.16,4.245,0.2199999950826168
81832,43.16,4.26,0.30999999307096004
81833,43.16,4.275,0.42999999038875103
81834,43.16,4.29,0.4999999888241291
81835,43.16,4.305,0.4999999888241291
81836,43.16,4.32,0.4999999888241291
81837,43.16,4.335,0.47999998927116394
81838,43.16,4.35,0.5199999883770943
81839,43.16,4.365,0.549999987706542
81840,43.16,4.38,0.5999999865889549
81841,43.16,4.395,0.5899999868124723
81842,43.16,4.41,0.5899999868124723
81843,43.16,4.425,0.6399999856948853
81844,43.16,4.44,0.7199999839067459
81845,43.16,4.455,0.8199999816715717
81846,43.16,4.47,0.979999978095293
81847,43.16,4.485,1.0899999756366014
81848,43.16,4.5,1.2099999729543924
81849,43.16,4.515,1.389999968931079
81850,43.16,4.53,1.3999999687075615
81851,43.16,4.545,1.4299999680370092
81852,43.16,4.56,1.5999999642372131
81853,43.16,4.575,1.7499999608844519
81854,43.16,4.59,2.229999950155616
81855,43.16,4.605,3.3899999242275953
81856,43.16,4.62,5.029999887570739
81857,43.16,4.635,6.369999857619405
81858,43.16,4.65,7.269999837502837
81859,43.16,4.665,7.959999822080135
81860,43.16,4.68,8.32999981380999
81861,43.16,4.695,9.309999791905284
81862,43.16,4.71,10.749999759718776
81863,43.16,4.725,12.339999724179506
81864,43.16,4.74,12.879999712109566
81865,43.16,4.755,12.69999971613288
81866,43.16,4.77,11.449999744072556
81867,43.16,4.785,11.059999752789736
81868,43.16,4.8,10.139999773353338
81869,43.16,4.815,8.579999808222055
81870,43.16,4.83,7.989999821409583
81871,43.16,4.845,7.6699998285621405
81872,43.16,4.86,7.299999836832285
81873,43.16,4.875,7.029999842867255
81874,43.16,4.89,6.789999848231673
81875,43.16,4.905,6.489999854937196
81876,43.16,4.92,6.579999852925539
81877,43.16,4.935,6.889999845996499
81878,43.16,4.95,7.159999839961529
81879,43.16,4.965,7.159999839961529
81880,43.16,4.98,7.019999843090773
81881,43.16,4.995,6.809999847784638
81882,43.16,5.01,6.469999855384231
81883,43.16,5.025,5.949999867007136
81884,43.16,5.04,5.559999875724316
81885,43.16,5.055,5.0599998869001865
81886,43.16,5.07,4.539999898523092
81887,43.16,5.085,4.029999909922481
81888,43.16,5.1,3.469999922439456
81889,43.16,5.115,2.8599999360740185
81890,43.16,5.13,2.509999943897128
81891,43.16,5.145,2.3299999479204416
81892,43.16,5.16,2.3099999483674765
81893,43.16,5.175,2.339999947696924
81894,43.16,5.19,2.2599999494850636
81895,43.16,5.205,2.0699999537318945
81896,43.16,5.22,1.8499999586492777
81897,43.16,5.235,1.6299999635666609
81898,43.16,5.25,1.3799999691545963
81899,43.16,5.265,1.169999973848462
81900,43.16,5.28,0.9199999794363976
81901,43.16,5.295,0.6899999845772982
81902,43.16,5.31,0.4599999897181988
81903,43.16,5.325,0.30999999307096004
81904,43.16,5.34,0.23999999463558197
81905,43.16,5.355,0.20999999530613422
81906,43.16,5.37,0.19999999552965164
81907,43.16,5.385,0.19999999552965164
81908,43.16,5.4,0.18999999575316906
81909,43.16,5.415,0.17999999597668648
81910,43.16,5.43,0.17999999597668648
81911,43.16,5.445,0.1699999962002039
81912,43.16,5.46,0.1699999962002039
81913,43.16,5.475,0.1699999962002039
81914,43.16,5.49,0.1699999962002039
82199,43.17,3.51,1.1199999749660492
82200,43.17,3.525,1.0499999765306711
82201,43.17,3.54,0.9299999792128801
82202,43.17,3.555,0.9399999789893627
82203,43.17,3.57,0.7199999839067459
82204,43.17,3.585,0.9599999785423279
82205,43.17,3.6,1.0699999760836363
82206,43.17,3.615,0.9599999785423279
82207,43.17,3.63,0.979999978095293
82208,43.17,3.645,1.029999976977706
82209,43.17,3.66,1.0699999760836363
82210,43.17,3.675,1.149999974295497
82211,43.17,3.69,1.0899999756366014
82212,43.17,3.705,0.979999978095293
82213,43.17,3.72,0.8999999798834324
82214,43.17,3.735,0.8999999798834324
82215,43.17,3.75,0.8899999801069498
82216,43.17,3.765,0.8399999812245369
82217,43.17,3.78,0.8099999818950891
82218,43.17,3.795,0.7999999821186066
82219,43.17,3.81,0.6599999852478504
82220,43.17,3.825,0.6099999863654375
82221,43.17,3.84,0.549999987706542
82222,43.17,3.855,0.4499999899417162
82223,43.17,3.87,0.35999999195337296
82224,43.17,3.885,0.36999999172985554
82225,43.17,3.9,0.40999999083578587
82226,43.17,3.915,0.3799999915063381
82227,43.17,3.93,0.40999999083578587
82228,43.17,3.945,0.4499999899417162
82229,43.17,3.96,0.4599999897181988
82230,43.17,3.975,0.5099999886006117
82231,43.17,3.99,0.6399999856948853
82232,43.17,4.005,0.5399999879300594
82233,43.17,4.02,0.5399999879300594
82234,43.17,4.035,0.5299999881535769
82235,43.17,4.05,0.5999999865889549
82236,43.17,4.065,0.4999999888241291
82237,43.17,4.08,0.4599999897181988
82238,43.17,4.095,0.41999999061226845
82239,43.17,4.11,0.35999999195337296
82240,43.17,4.125,0.3199999928474426
82241,43.17,4.14,0.29999999329447746
82242,43.17,4.155,0.1599999964237213
82243,43.17,4.17,0.13999999687075615
82244,43.17,4.185,0.11999999731779099
82245,43.17,4.2,0.12999999709427357
82246,43.17,4.215,0.18999999575316906
82247,43.17,4.23,0.18999999575316906
82248,43.17,4.245,0.2299999948590994
82249,43.17,4.26,0.30999999307096004
82250,43.17,4.275,0.36999999172985554
82251,43.17,4.29,0.4599999897181988
82252,43.17,4.305,0.5199999883770943
82253,43.17,4.32,0.4999999888241291
82254,43.17,4.335,0.46999998949468136
82255,43.17,4.35,0.5399999879300594
82256,43.17,4.365,0.5999999865889549
82257,43.17,4.38,0.5799999870359898
82258,43.17,4.395,0.5399999879300594
82259,43.17,4.41,0.5699999872595072
82260,43.17,4.425,0.7299999836832285
82261,43.17,4.44,0.8799999803304672
82262,43.17,4.455,0.979999978095293
82263,43.17,4.47,1.219999972730875
82264,43.17,4.485,1.389999968931079
82265,43.17,4.5,1.529999965801835
82266,43.17,4.515,1.6699999626725912
82267,43.17,4.53,1.699999962002039
82268,43.17,4.545,1.7099999617785215
82269,43.17,4.56,1.7299999613314867
82270,43.17,4.575,1.9499999564141035
82271,43.17,4.59,2.2399999499320984
82272,43.17,4.605,3.089999930933118
82273,43.17,4.62,4.25999990478158
82274,43.17,4.635,5.669999873265624
82275,43.17,4.65,7.199999839067459
82276,43.17,4.665,7.969999821856618
82277,43.17,4.68,8.849999802187085
82278,43.17,4.695,9.559999786317348
82279,43.17,4.71,11.419999744743109
82280,43.17,4.725,13.259999703615904
82281,43.17,4.74,14.479999676346779
82282,43.17,4.755,15.039999663829803
82283,43.17,4.77,15.159999661147594
82284,43.17,4.785,14.879999667406082
82285,43.17,4.8,13.819999691098928
82286,43.17,4.815,11.939999733120203
82287,43.17,4.83,9.999999776482582
82288,43.17,4.845,8.729999804869294
82289,43.17,4.86,8.079999819397926
82290,43.17,4.875,7.829999824985862
82291,43.17,4.89,7.369999835267663
82292,43.17,4.905,6.96999984420836
82293,43.17,4.92,6.889999845996499
82294,43.17,4.935,7.349999835714698
82295,43.17,4.95,7.469999833032489
82296,43.17,4.965,7.479999832808971
82297,43.17,4.98,7.4299998339265585
82298,43.17,4.995,7.219999838620424
82299,43.17,5.01,6.769999848678708
82300,43.17,5.025,6.099999863654375
82301,43.17,5.04,5.699999872595072
82302,43.17,5.055,5.079999886453152
82303,43.17,5.07,4.489999899640679
82304,43.17,5.085,4.139999907463789
82305,43.17,5.1,3.659999918192625
82306,43.17,5.115,3.01999993249774
82307,43.17,5.13,2.3799999468028545
82308,43.17,5.145,2.299999948590994
82309,43.17,5.16,2.2399999499320984
82310,43.17,5.175,2.2199999503791332
82311,43.17,5.19,2.1599999517202377
82312,43.17,5.205,1.9799999557435513
82313,43.17,5.22,1.7599999606609344
82314,43.17,5.235,1.4799999669194221
82315,43.17,5.25,1.1999999731779099
82316,43.17,5.265,0.8899999801069498
82317,43.17,5.28,0.6399999856948853
82318,43.17,5.295,0.4599999897181988
82319,43.17,5.31,0.3299999926239252
82320,43.17,5.325,0.24999999441206455
82321,43.17,5.34,0.2199999950826168
82322,43.17,5.355,0.20999999530613422
82323,43.17,5.37,0.17999999597668648
82324,43.17,5.385,0.1699999962002039
82325,43.17,5.4,0.1599999964237213
82326,43.17,5.415,0.1599999964237213
82327,43.17,5.43,0.1599999964237213
82328,43.17,5.445,0.1599999964237213
82329,43.17,5.46,0.1599999964237213
82330,43.17,5.475,0.1599999964237213
82331,43.17,5.49,0.14999999664723873
82616,43.18,3.51,1.3499999698251486
82617,43.18,3.525,1.149999974295497
82618,43.18,3.54,1.0199999772012234
82619,43.18,3.555,0.8599999807775021
82620,43.18,3.57,0.6799999848008156
82621,43.18,3.585,0.8999999798834324
82622,43.18,3.6,1.0899999756366014
82623,43.18,3.615,0.9199999794363976
82624,43.18,3.63,0.9599999785423279
82625,43.18,3.645,1.0399999767541885
82626,43.18,3.66,0.979999978095293
82627,43.18,3.675,1.0099999774247408
82628,43.18,3.69,1.029999976977706
82629,43.18,3.705,1.0099999774247408
82630,43.18,3.72,0.9699999783188105
82631,43.18,3.735,0.9399999789893627
82632,43.18,3.75,0.9199999794363976
82633,43.18,3.765,0.8799999803304672
82634,43.18,3.78,0.8599999807775021
82635,43.18,3.795,0.8699999805539846
82636,43.18,3.81,0.669999985024333
82637,43.18,3.825,0.669999985024333
82638,43.18,3.84,0.5999999865889549
82639,43.18,3.855,0.5599999874830246
82640,43.18,3.87,0.3499999921768904
82641,43.18,3.885,0.35999999195337296
82642,43.18,3.9,0.41999999061226845
82643,43.18,3.915,0.3999999910593033
82644,43.18,3.93,0.42999999038875103
82645,43.18,3.945,0.4399999901652336
82646,43.18,3.96,0.46999998949468136
82647,43.18,3.975,0.549999987706542
82648,43.18,3.99,0.5199999883770943
82649,43.18,4.005,0.5199999883770943
82650,43.18,4.02,0.549999987706542
82651,43.18,4.035,0.5099999886006117
82652,43.18,4.05,0.5399999879300594
82653,43.18,4.065,0.46999998949468136
82654,43.18,4.08,0.42999999038875103
82655,43.18,4.095,0.3799999915063381
82656,43.18,4.11,0.36999999172985554
82657,43.18,4.125,0.30999999307096004
82658,43.18,4.14,0.29999999329447746
82659,43.18,4.155,0.1599999964237213
82660,43.18,4.17,0.14999999664723873
82661,43.18,4.185,0.1099999975413084
82662,43.18,4.2,0.1699999962002039
82663,43.18,4.215,0.1699999962002039
82664,43.18,4.23,0.13999999687075615
82665,43.18,4.245,0.20999999530613422
82666,43.18,4.26,0.3199999928474426
82667,43.18,4.275,0.3499999921768904
82668,43.18,4.29,0.4499999899417162
82669,43.18,4.305,0.47999998927116394
82670,43.18,4.32,0.5299999881535769
82671,43.18,4.335,0.5199999883770943
82672,43.18,4.35,0.4599999897181988
82673,43.18,4.365,0.5399999879300594
82674,43.18,4.38,0.5299999881535769
82675,43.18,4.395,0.5799999870359898
82676,43.18,4.41,0.7199999839067459
82677,43.18,4.425,0.7599999830126762
82678,43.18,4.44,1.0799999758601189
82679,43.18,4.455,1.1799999736249447
82680,43.18,4.47,1.4399999678134918
82681,43.18,4.485,1.699999962002039
82682,43.18,4.5,1.8299999590963125
82683,43.18,4.515,1.9299999568611383
82684,43.18,4.53,1.9499999564141035
82685,43.18,4.545,1.9299999568611383
82686,43.18,4.56,1.9699999559670687
82687,43.18,4.575,2.029999954625964
82688,43.18,4.59,2.149999951943755
82689,43.18,4.605,2.799999937415123
82690,43.18,4.62,3.8099999148398638
82691,43.18,4.635,5.129999885335565
82692,43.18,4.65,6.499999854713678
82693,43.18,4.665,8.109999818727374
82694,43.18,4.68,8.649999806657434
82695,43.18,4.695,9.21999979391694
82696,43.18,4.71,10.779999759048223
82697,43.18,4.725,13.069999707862735
82698,43.18,4.74,15.639999650418758
82699,43.18,4.755,16.429999632760882
82700,43.18,4.77,16.759999625384808
82701,43.18,4.785,16.779999624937773
82702,43.18,4.8,16.389999633654952
82703,43.18,4.815,15.689999649301171
82704,43.18,4.83,12.679999716579914
82705,43.18,4.845,10.29999976977706
82706,43.18,4.86,9.569999786093831
82707,43.18,4.875,8.689999805763364
82708,43.18,4.89,8.219999816268682
82709,43.18,4.905,7.62999982945621
82710,43.18,4.92,7.539999831467867
82711,43.18,4.935,7.659999828785658
82712,43.18,4.95,7.819999825209379
82713,43.18,4.965,8.009999820962548
82714,43.18,4.98,7.989999821409583
82715,43.18,4.995,7.419999834150076
82716,43.18,5.01,6.959999844431877
82717,43.18,5.025,6.319999858736992
82718,43.18,5.04,5.689999872818589
82719,43.18,5.055,4.969999888911843
82720,43.18,5.07,4.359999902546406
82721,43.18,5.085,4.129999907687306
82722,43.18,5.1,3.6499999184161425
82723,43.18,5.115,3.039999932050705
82724,43.18,5.13,2.4799999445676804
82725,43.18,5.145,2.1199999526143074
82726,43.18,5.16,2.079999953508377
82727,43.18,5.175,2.059999953955412
82728,43.18,5.19,2.009999955072999
82729,43.18,5.205,1.8699999582022429
82730,43.18,5.22,1.6399999633431435
82731,43.18,5.235,1.3599999696016312
82732,43.18,5.25,1.0099999774247408
82733,43.18,5.265,0.6799999848008156
82734,43.18,5.28,0.4399999901652336
82735,43.18,5.295,0.3399999924004078
82736,43.18,5.31,0.2699999939650297
82737,43.18,5.325,0.2199999950826168
82738,43.18,5.34,0.2299999948590994
82739,43.18,5.355,0.20999999530613422
82740,43.18,5.37,0.19999999552965164
82741,43.18,5.385,0.1599999964237213
82742,43.18,5.4,0.11999999731779099
82743,43.18,5.415,0.18999999575316906
82744,43.18,5.43,0.1599999964237213
82745,43.18,5.445,0.1599999964237213
82746,43.18,5.46,0.14999999664723873
82747,43.18,5.475,0.14999999664723873
82748,43.18,5.49,0.14999999664723873
83033,43.19,3.51,1.649999963119626
83034,43.19,3.525,1.4499999675899744
83035,43.19,3.54,1.2499999720603228
83036,43.19,3.555,0.9999999776482582
83037,43.19,3.57,0.9699999783188105
83038,43.19,3.585,0.8999999798834324
83039,43.19,3.6,1.169999973848462
83040,43.19,3.615,1.0199999772012234
83041,43.19,3.63,1.0199999772012234
83042,43.19,3.645,1.0899999756366014
83043,43.19,3.66,1.1399999745190144
83044,43.19,3.675,1.1899999734014273
83045,43.19,3.69,1.2099999729543924
83046,43.19,3.705,1.1999999731779099
83047,43.19,3.72,1.1199999749660492
83048,43.19,3.735,1.0699999760836363
83049,43.19,3.75,1.0899999756366014
83050,43.19,3.765,0.9999999776482582
83051,43.19,3.78,1.0099999774247408
83052,43.19,3.795,1.0099999774247408
83053,43.19,3.81,0.7599999830126762
83054,43.19,3.825,0.6799999848008156
83055,43.19,3.84,0.6399999856948853
83056,43.19,3.855,0.5999999865889549
83057,43.19,3.87,0.5699999872595072
83058,43.19,3.885,0.3899999912828207
83059,43.19,3.9,0.42999999038875103
83060,43.19,3.915,0.4599999897181988
83061,43.19,3.93,0.46999998949468136
83062,43.19,3.945,0.5099999886006117
83063,43.19,3.96,0.4999999888241291
83064,43.19,3.975,0.5399999879300594
83065,43.19,3.99,0.5099999886006117
83066,43.19,4.005,0.4899999890476465
83067,43.19,4.02,0.4599999897181988
83068,43.19,4.035,0.41999999061226845
83069,43.19,4.05,0.47999998927116394
83070,43.19,4.065,0.4399999901652336
83071,43.19,4.08,0.40999999083578587
83072,43.19,4.095,0.40999999083578587
83073,43.19,4.11,0.36999999172985554
83074,43.19,4.125,0.3199999928474426
83075,43.19,4.14,0.3299999926239252
83076,43.19,4.155,0.30999999307096004
83077,43.19,4.17,0.13999999687075615
83078,43.19,4.185,0.13999999687075615
83079,43.19,4.2,0.13999999687075615
83080,43.19,4.215,0.13999999687075615
83081,43.19,4.23,0.1599999964237213
83082,43.19,4.245,0.2199999950826168
83083,43.19,4.26,0.3499999921768904
83084,43.19,4.275,0.4499999899417162
83085,43.19,4.29,0.47999998927116394
83086,43.19,4.305,0.4599999897181988
83087,43.19,4.32,0.47999998927116394
83088,43.19,4.335,0.4899999890476465
83089,43.19,4.35,0.5299999881535769
83090,43.19,4.365,0.4999999888241291
83091,43.19,4.38,0.549999987706542
83092,43.19,4.395,0.6799999848008156
83093,43.19,4.41,0.8299999814480543
83094,43.19,4.425,1.029999976977706
83095,43.19,4.44,1.289999971166253
83096,43.19,4.455,1.409999968484044
83097,43.19,4.47,1.699999962002039
83098,43.19,4.485,1.8099999595433474
83099,43.19,4.5,2.0199999548494816
83100,43.19,4.515,2.0399999544024467
83101,43.19,4.53,2.059999953955412
83102,43.19,4.545,2.149999951943755
83103,43.19,4.56,2.109999952837825
83104,43.19,4.575,2.1599999517202377
83105,43.19,4.59,2.249999949708581
83106,43.19,4.605,2.5899999421089888
83107,43.19,4.62,3.36999992467463
83108,43.19,4.635,4.409999901428819
83109,43.19,4.65,5.949999867007136
83110,43.19,4.665,7.1899998392909765
83111,43.19,4.68,8.069999819621444
83112,43.19,4.695,8.47999981045723
83113,43.19,4.71,9.959999777376652
83114,43.19,4.725,12.359999723732471
83115,43.19,4.74,15.199999660253525
83116,43.19,4.755,16.279999636113644
83117,43.19,4.77,16.37999963387847
83118,43.19,4.785,17.099999617785215
83119,43.19,4.8,17.649999605491757
83120,43.19,4.815,17.509999608621
83121,43.19,4.83,16.509999630972743
83122,43.19,4.845,13.529999697580934
83123,43.19,4.86,11.80999973602593
83124,43.19,4.875,10.549999764189124
83125,43.19,4.89,9.259999793022871
83126,43.19,4.905,8.589999807998538
83127,43.19,4.92,8.269999815151095
83128,43.19,4.935,8.359999813139439
83129,43.19,4.95,8.509999809786677
83130,43.19,4.965,8.649999806657434
83131,43.19,4.98,8.449999811127782
83132,43.19,4.995,7.959999822080135
83133,43.19,5.01,7.1199998408555984
83134,43.19,5.025,6.269999859854579
83135,43.19,5.04,5.519999876618385
83136,43.19,5.055,4.699999894946814
83137,43.19,5.07,4.279999904334545
83138,43.19,5.085,4.059999909251928
83139,43.19,5.1,3.5599999204277992
83140,43.19,5.115,2.8299999367445707
83141,43.19,5.13,2.229999950155616
83142,43.19,5.145,1.8599999584257603
83143,43.19,5.16,1.7799999602138996
83144,43.19,5.175,1.7999999597668648
83145,43.19,5.19,1.7499999608844519
83146,43.19,5.205,1.6299999635666609
83147,43.19,5.22,1.4499999675899744
83148,43.19,5.235,1.149999974295497
83149,43.19,5.25,0.789999982342124
83150,43.19,5.265,0.4999999888241291
83151,43.19,5.28,0.3499999921768904
83152,43.19,5.295,0.2699999939650297
83153,43.19,5.31,0.25999999418854713
83154,43.19,5.325,0.24999999441206455
83155,43.19,5.34,0.20999999530613422
83156,43.19,5.355,0.19999999552965164
83157,43.19,5.37,0.13999999687075615
83158,43.19,5.385,0.23999999463558197
83159,43.19,5.4,0.1599999964237213
83160,43.19,5.415,0.17999999597668648
83161,43.19,5.43,0.13999999687075615
83162,43.19,5.445,0.13999999687075615
83163,43.19,5.46,0.13999999687075615
83164,43.19,5.475,0.1599999964237213
83165,43.19,5.49,0.14999999664723873
83450,43.2,3.51,1.5699999649077654
83451,43.2,3.525,1.529999965801835
83452,43.2,3.54,1.3999999687075615
83453,43.2,3.555,1.2399999722838402
83454,43.2,3.57,1.0899999756366014
83455,43.2,3.585,0.9399999789893627
83456,43.2,3.6,1.1299999747425318
83457,43.2,3.615,1.1199999749660492
83458,43.2,3.63,1.0899999756366014
83459,43.2,3.645,1.1599999740719795
83460,43.2,3.66,1.2599999718368053
83461,43.2,3.675,1.3299999702721834
83462,43.2,3.69,1.289999971166253
83463,43.2,3.705,1.2499999720603228
83464,43.2,3.72,1.2299999725073576
83465,43.2,3.735,1.149999974295497
83466,43.2,3.75,1.1199999749660492
83467,43.2,3.765,1.0099999774247408
83468,43.2,3.78,1.0499999765306711
83469,43.2,3.795,0.9699999783188105
83470,43.2,3.81,0.8099999818950891
83471,43.2,3.825,0.7199999839067459
83472,43.2,3.84,0.7199999839067459
83473,43.2,3.855,0.6899999845772982
83474,43.2,3.87,0.6599999852478504
83475,43.2,3.885,0.6099999863654375
83476,43.2,3.9,0.5899999868124723
83477,43.2,3.915,0.5799999870359898
83478,43.2,3.93,0.4999999888241291
83479,43.2,3.945,0.5299999881535769
83480,43.2,3.96,0.549999987706542
83481,43.2,3.975,0.5399999879300594
83482,43.2,3.99,0.47999998927116394
83483,43.2,4.005,0.4599999897181988
83484,43.2,4.02,0.3999999910593033
83485,43.2,4.035,0.3499999921768904
83486,43.2,4.05,0.3999999910593033
83487,43.2,4.065,0.3999999910593033
83488,43.2,4.08,0.40999999083578587
83489,43.2,4.095,0.3999999910593033
83490,43.2,4.11,0.3899999912828207
83491,43.2,4.125,0.3899999912828207
83492,43.2,4.14,0.3199999928474426
83493,43.2,4.155,0.36999999172985554
83494,43.2,4.17,0.2299999948590994
83495,43.2,4.185,0.1699999962002039
83496,43.2,4.2,0.11999999731779099
83497,43.2,4.215,0.20999999530613422
83498,43.2,4.23,0.18999999575316906
83499,43.2,4.245,0.30999999307096004
83500,43.2,4.26,0.36999999172985554
83501,43.2,4.275,0.3799999915063381
83502,43.2,4.29,0.46999998949468136
83503,43.2,4.305,0.4499999899417162
83504,43.2,4.32,0.5099999886006117
83505,43.2,4.335,0.4599999897181988
83506,43.2,4.35,0.4899999890476465
83507,43.2,4.365,0.5199999883770943
83508,43.2,4.38,0.669999985024333
83509,43.2,4.395,0.7599999830126762
83510,43.2,4.41,1.0199999772012234
83511,43.2,4.425,1.2399999722838402
83512,43.2,4.44,1.4499999675899744
83513,43.2,4.455,1.6699999626725912
83514,43.2,4.47,1.7599999606609344
83515,43.2,4.485,1.9299999568611383
83516,43.2,4.5,1.9899999555200338
83517,43.2,4.515,2.0999999530613422
83518,43.2,4.53,2.0999999530613422
83519,43.2,4.545,2.2799999490380287
83520,43.2,4.56,2.2199999503791332
83521,43.2,4.575,2.2599999494850636
83522,43.2,4.59,2.3799999468028545
83523,43.2,4.605,2.539999943226576
83524,43.2,4.62,3.209999928250909
83525,43.2,4.635,3.799999915063381
83526,43.2,4.65,4.979999888688326
83527,43.2,4.665,6.189999861642718
83528,43.2,4.68,6.849999846890569
83529,43.2,4.695,7.7899998258799314
83530,43.2,4.71,8.349999813362956
83531,43.2,4.725,10.769999759271741
83532,43.2,4.74,12.799999713897705
83533,43.2,4.755,14.259999681264162
83534,43.2,4.77,15.659999649971724
83535,43.2,4.785,15.889999644830823
83536,43.2,4.8,17.509999608621
83537,43.2,4.815,18.12999959476292
83538,43.2,4.83,19.159999571740627
83539,43.2,4.845,16.899999622255564
83540,43.2,4.86,15.239999659359455
83541,43.2,4.875,12.81999971345067
83542,43.2,4.89,11.34999974630773
83543,43.2,4.905,10.039999775588512
83544,43.2,4.92,9.289999792352319
83545,43.2,4.935,9.039999797940254
83546,43.2,4.95,9.229999793693423
83547,43.2,4.965,9.399999789893627
83548,43.2,4.98,9.249999793246388
83549,43.2,4.995,8.529999809339643
83550,43.2,5.01,7.109999841079116
83551,43.2,5.025,6.07999986410141
83552,43.2,5.04,5.439999878406525
83553,43.2,5.055,4.649999896064401
83554,43.2,5.07,4.149999907240272
83555,43.2,5.085,3.9599999114871025
83556,43.2,5.1,3.4099999237805605
83557,43.2,5.115,2.6899999398738146
83558,43.2,5.13,1.889999957755208
83559,43.2,5.145,1.5199999660253525
83560,43.2,5.16,1.4499999675899744
83561,43.2,5.175,1.4399999678134918
83562,43.2,5.19,1.4399999678134918
83563,43.2,5.205,1.3099999707192183
83564,43.2,5.22,1.1099999751895666
83565,43.2,5.235,0.8299999814480543
83566,43.2,5.25,0.5699999872595072
83567,43.2,5.265,0.3899999912828207
83568,43.2,5.28,0.2899999935179949
83569,43.2,5.295,0.25999999418854713
83570,43.2,5.31,0.25999999418854713
83571,43.2,5.325,0.17999999597668648
83572,43.2,5.34,0.1699999962002039
83573,43.2,5.355,0.18999999575316906
83574,43.2,5.37,0.1099999975413084
83575,43.2,5.385,0.13999999687075615
83576,43.2,5.4,0.1599999964237213
83577,43.2,5.415,0.14999999664723873
83578,43.2,5.43,0.11999999731779099
83579,43.2,5.445,0.11999999731779099
83580,43.2,5.46,0.1099999975413084
83581,43.2,5.475,0.08999999798834324
83582,43.2,5.49,
83867,43.21,3.51,1.6399999633431435
83868,43.21,3.525,1.9199999570846558
83869,43.21,3.54,1.8099999595433474
83870,43.21,3.555,1.6199999637901783
83871,43.21,3.57,1.3999999687075615
83872,43.21,3.585,1.2299999725073576
83873,43.21,3.6,1.289999971166253
83874,43.21,3.615,1.2599999718368053
83875,43.21,3.63,1.0499999765306711
83876,43.21,3.645,1.1099999751895666
83877,43.21,3.66,1.2599999718368053
83878,43.21,3.675,1.289999971166253
83879,43.21,3.69,1.3099999707192183
83880,43.21,3.705,1.3199999704957008
83881,43.21,3.72,1.2299999725073576
83882,43.21,3.735,1.289999971166253
83883,43.21,3.75,1.1199999749660492
83884,43.21,3.765,1.0799999758601189
83885,43.21,3.78,1.0099999774247408
83886,43.21,3.795,0.9899999778717756
83887,43.21,3.81,0.9599999785423279
83888,43.21,3.825,0.8299999814480543
83889,43.21,3.84,0.7099999841302633
83890,43.21,3.855,0.7299999836832285
83891,43.21,3.87,0.7099999841302633
83892,43.21,3.885,0.6999999843537807
83893,43.21,3.9,0.6399999856948853
83894,43.21,3.915,0.6099999863654375
83895,43.21,3.93,0.5899999868124723
83896,43.21,3.945,0.5299999881535769
83897,43.21,3.96,0.4899999890476465
83898,43.21,3.975,0.4999999888241291
83899,43.21,3.99,0.41999999061226845
83900,43.21,4.005,0.4499999899417162
83901,43.21,4.02,0.3199999928474426
83902,43.21,4.035,0.29999999329447746
83903,43.21,4.05,0.2199999950826168
83904,43.21,4.065,0.24999999441206455
83905,43.21,4.08,0.42999999038875103
83906,43.21,4.095,0.4899999890476465
83907,43.21,4.11,0.4399999901652336
83908,43.21,4.125,0.41999999061226845
83909,43.21,4.14,0.3499999921768904
83910,43.21,4.155,0.3999999910593033
83911,43.21,4.17,0.2299999948590994
83912,43.21,4.185,0.24999999441206455
83913,43.21,4.2,0.14999999664723873
83914,43.21,4.215,0.24999999441206455
83915,43.21,4.23,0.23999999463558197
83916,43.21,4.245,0.3499999921768904
83917,43.21,4.26,0.3799999915063381
83918,43.21,4.275,0.3999999910593033
83919,43.21,4.29,0.4399999901652336
83920,43.21,4.305,0.47999998927116394
83921,43.21,4.32,0.4999999888241291
83922,43.21,4.335,0.5199999883770943
83923,43.21,4.35,0.5699999872595072
83924,43.21,4.365,0.5999999865889549
83925,43.21,4.38,0.6999999843537807
83926,43.21,4.395,0.8499999810010195
83927,43.21,4.41,1.0799999758601189
83928,43.21,4.425,1.3299999702721834
83929,43.21,4.44,1.4699999671429396
83930,43.21,4.455,1.5999999642372131
83931,43.21,4.47,1.7999999597668648
83932,43.21,4.485,2.0399999544024467
83933,43.21,4.5,2.0399999544024467
83934,43.21,4.515,2.0899999532848597
83935,43.21,4.53,2.1899999510496855
83936,43.21,4.545,2.2199999503791332
83937,43.21,4.56,2.2399999499320984
83938,43.21,4.575,2.3099999483674765
83939,43.21,4.59,2.459999945014715
83940,43.21,4.605,2.6199999414384365
83941,43.21,4.62,3.0499999318271875
83942,43.21,4.635,3.5299999210983515
83943,43.21,4.65,4.399999901652336
83944,43.21,4.665,4.9399998895823956
83945,43.21,4.68,5.569999875500798
83946,43.21,4.695,5.999999865889549
83947,43.21,4.71,6.989999843761325
83948,43.21,4.725,8.579999808222055
83949,43.21,4.74,10.969999754801393
83950,43.21,4.755,12.169999727979302
83951,43.21,4.77,12.969999710097909
83952,43.21,4.785,13.409999700263143
83953,43.21,4.8,15.469999654218554
83954,43.21,4.815,18.519999586045742
83955,43.21,4.83,20.269999546930194
83956,43.21,4.845,20.769999535754323
83957,43.21,4.86,18.74999958090484
83958,43.21,4.875,15.75999964773655
83959,43.21,4.89,13.369999701157212
83960,43.21,4.905,11.359999746084213
83961,43.21,4.92,10.479999765753746
83962,43.21,4.935,9.809999780729413
83963,43.21,4.95,9.939999777823687
83964,43.21,4.965,10.039999775588512
83965,43.21,4.98,10.099999774247408
83966,43.21,4.995,9.09999979659915
83967,43.21,5.01,7.339999835938215
83968,43.21,5.025,6.0899998638778925
83969,43.21,5.04,5.379999879747629
83970,43.21,5.055,4.679999895393848
83971,43.21,5.07,4.089999908581376
83972,43.21,5.085,3.9099999126046896
83973,43.21,5.1,3.4999999217689037
83974,43.21,5.115,2.5899999421089888
83975,43.21,5.13,1.7999999597668648
83976,43.21,5.145,1.2299999725073576
83977,43.21,5.16,1.1199999749660492
83978,43.21,5.175,1.099999975413084
83979,43.21,5.19,1.0399999767541885
83980,43.21,5.205,0.9199999794363976
83981,43.21,5.22,0.7199999839067459
83982,43.21,5.235,0.5199999883770943
83983,43.21,5.25,0.3799999915063381
83984,43.21,5.265,0.2899999935179949
83985,43.21,5.28,0.25999999418854713
83986,43.21,5.295,0.23999999463558197
83987,43.21,5.31,0.20999999530613422
83988,43.21,5.325,0.1599999964237213
83989,43.21,5.34,0.2199999950826168
83990,43.21,5.355,
83991,43.21,5.37,
83992,43.21,5.385,
83993,43.21,5.4,
83994,43.21,5.415,
83995,43.21,5.43,
83996,43.21,5.445,
83997,43.21,5.46,
83998,43.21,5.475,
83999,43.21,5.49,
84284,43.22,3.51,2.319999948143959
84285,43.22,3.525,2.1399999521672726
84286,43.22,3.54,1.9899999555200338
84287,43.22,3.555,1.8099999595433474
84288,43.22,3.57,1.5199999660253525
84289,43.22,3.585,1.3599999696016312
84290,43.22,3.6,1.289999971166253
84291,43.22,3.615,1.2399999722838402
84292,43.22,3.63,1.1899999734014273
84293,43.22,3.645,1.149999974295497
84294,43.22,3.66,1.219999972730875
84295,43.22,3.675,1.2099999729543924
84296,43.22,3.69,1.1799999736249447
84297,43.22,3.705,1.2099999729543924
84298,43.22,3.72,1.2499999720603228
84299,43.22,3.735,1.3199999704957008
84300,43.22,3.75,1.2799999713897705
84301,43.22,3.765,1.2099999729543924
84302,43.22,3.78,1.0699999760836363
84303,43.22,3.795,0.9999999776482582
84304,43.22,3.81,0.9699999783188105
84305,43.22,3.825,0.9699999783188105
84306,43.22,3.84,0.8499999810010195
84307,43.22,3.855,0.8299999814480543
84308,43.22,3.87,0.7999999821186066
84309,43.22,3.885,0.8199999816715717
84310,43.22,3.9,0.7499999832361937
84311,43.22,3.915,0.6499999854713678
84312,43.22,3.93,0.6099999863654375
84313,43.22,3.945,0.4999999888241291
84314,43.22,3.96,0.4899999890476465
84315,43.22,3.975,0.4899999890476465
84316,43.22,3.99,0.40999999083578587
84317,43.22,4.005,0.3799999915063381
84318,43.22,4.02,0.3299999926239252
84319,43.22,4.035,0.23999999463558197
84320,43.22,4.05,0.2699999939650297
84321,43.22,4.065,0.2699999939650297
84322,43.22,4.08,0.4599999897181988
84323,43.22,4.095,0.5099999886006117
84324,43.22,4.11,0.4599999897181988
84325,43.22,4.125,0.47999998927116394
84326,43.22,4.14,0.4599999897181988
84327,43.22,4.155,0.4599999897181988
84328,43.22,4.17,0.30999999307096004
84329,43.22,4.185,0.2799999937415123
84330,43.22,4.2,0.1699999962002039
84331,43.22,4.215,0.24999999441206455
84332,43.22,4.23,0.29999999329447746
84333,43.22,4.245,0.36999999172985554
84334,43.22,4.26,0.41999999061226845
84335,43.22,4.275,0.4499999899417162
84336,43.22,4.29,0.47999998927116394
84337,43.22,4.305,0.4999999888241291
84338,43.22,4.32,0.5099999886006117
84339,43.22,4.335,0.5599999874830246
84340,43.22,4.35,0.6199999861419201
84341,43.22,4.365,0.7299999836832285
84342,43.22,4.38,0.8099999818950891
84343,43.22,4.395,0.8999999798834324
84344,43.22,4.41,1.0699999760836363
84345,43.22,4.425,1.339999970048666
84346,43.22,4.44,1.4499999675899744
84347,43.22,4.455,1.6299999635666609
84348,43.22,4.47,1.769999960437417
84349,43.22,4.485,1.8699999582022429
84350,43.22,4.5,1.9499999564141035
84351,43.22,4.515,2.149999951943755
84352,43.22,4.53,2.229999950155616
84353,43.22,4.545,2.269999949261546
84354,43.22,4.56,2.339999947696924
84355,43.22,4.575,2.3799999468028545
84356,43.22,4.59,2.509999943897128
84357,43.22,4.605,2.7099999394267797
84358,43.22,4.62,2.779999937862158
84359,43.22,4.635,3.2699999269098043
84360,43.22,4.65,3.829999914392829
84361,43.22,4.665,4.229999905452132
84362,43.22,4.68,4.549999898299575
84363,43.22,4.695,5.009999888017774
84364,43.22,4.71,6.019999865442514
84365,43.22,4.725,7.059999842196703
84366,43.22,4.74,8.489999810233712
84367,43.22,4.755,9.229999793693423
84368,43.22,4.77,9.669999783858657
84369,43.22,4.785,9.869999779388309
84370,43.22,4.8,11.569999741390347
84371,43.22,4.815,16.019999641925097
84372,43.22,4.83,20.669999537989497
84373,43.22,4.845,22.129999505355954
84374,43.22,4.86,21.289999524131417
84375,43.22,4.875,17.84999960102141
84376,43.22,4.89,14.969999665394425
84377,43.22,4.905,12.769999714568257
84378,43.22,4.92,11.169999750331044
84379,43.22,4.935,10.659999761730433
84380,43.22,4.95,10.56999976374209
84381,43.22,4.965,10.669999761506915
84382,43.22,4.98,10.599999763071537
84383,43.22,4.995,9.299999792128801
84384,43.22,5.01,7.5499998312443495
84385,43.22,5.025,6.07999986410141
84386,43.22,5.04,5.309999881312251
84387,43.22,5.055,4.56999989785254
84388,43.22,5.07,4.009999910369515
84389,43.22,5.085,3.799999915063381
84390,43.22,5.1,3.449999922886491
84391,43.22,5.115,2.679999940097332
84392,43.22,5.13,1.8299999590963125
84393,43.22,5.145,1.0799999758601189
84394,43.22,5.16,0.909999979659915
84395,43.22,5.175,0.8099999818950891
84396,43.22,5.19,0.7599999830126762
84397,43.22,5.205,0.5999999865889549
84398,43.22,5.22,0.47999998927116394
84399,43.22,5.235,0.36999999172985554
84400,43.22,5.25,0.2799999937415123
84401,43.22,5.265,0.25999999418854713
84402,43.22,5.28,0.25999999418854713
84403,43.22,5.295,0.20999999530613422
84404,43.22,5.31,0.20999999530613422
84405,43.22,5.325,0.25999999418854713
84406,43.22,5.34,0.30999999307096004
84407,43.22,5.355,
84408,43.22,5.37,
84409,43.22,5.385,
84410,43.22,5.4,
84411,43.22,5.415,
84412,43.22,5.43,
84413,43.22,5.445,
84414,43.22,5.46,
84415,43.22,5.475,
84416,43.22,5.49,
84701,43.23,3.51,2.489999944344163
84702,43.23,3.525,2.339999947696924
84703,43.23,3.54,2.229999950155616
84704,43.23,3.555,1.9499999564141035
84705,43.23,3.57,1.7199999615550041
84706,43.23,3.585,1.50999996624887
84707,43.23,3.6,1.389999968931079
84708,43.23,3.615,1.3499999698251486
84709,43.23,3.63,1.269999971613288
84710,43.23,3.645,1.2299999725073576
84711,43.23,3.66,1.2799999713897705
84712,43.23,3.675,1.2499999720603228
84713,43.23,3.69,1.1799999736249447
84714,43.23,3.705,1.169999973848462
84715,43.23,3.72,1.1199999749660492
84716,43.23,3.735,1.2099999729543924
84717,43.23,3.75,1.149999974295497
84718,43.23,3.765,1.099999975413084
84719,43.23,3.78,1.0699999760836363
84720,43.23,3.795,1.0599999763071537
84721,43.23,3.81,0.979999978095293
84722,43.23,3.825,0.9599999785423279
84723,43.23,3.84,0.9999999776482582
84724,43.23,3.855,0.8599999807775021
84725,43.23,3.87,0.8499999810010195
84726,43.23,3.885,0.8499999810010195
84727,43.23,3.9,0.7699999827891588
84728,43.23,3.915,0.6899999845772982
84729,43.23,3.93,0.6199999861419201
84730,43.23,3.945,0.5199999883770943
84731,43.23,3.96,0.47999998927116394
84732,43.23,3.975,0.4599999897181988
84733,43.23,3.99,0.40999999083578587
84734,43.23,4.005,0.40999999083578587
84735,43.23,4.02,0.25999999418854713
84736,43.23,4.035,0.2299999948590994
84737,43.23,4.05,0.2699999939650297
84738,43.23,4.065,0.3399999924004078
84739,43.23,4.08,0.4599999897181988
84740,43.23,4.095,0.5199999883770943
84741,43.23,4.11,0.5099999886006117
84742,43.23,4.125,0.4499999899417162
84743,43.23,4.14,0.47999998927116394
84744,43.23,4.155,0.4999999888241291
84745,43.23,4.17,0.2899999935179949
84746,43.23,4.185,0.3299999926239252
84747,43.23,4.2,0.19999999552965164
84748,43.23,4.215,0.2899999935179949
84749,43.23,4.23,0.35999999195337296
84750,43.23,4.245,0.3499999921768904
84751,43.23,4.26,0.40999999083578587
84752,43.23,4.275,0.4399999901652336
84753,43.23,4.29,0.46999998949468136
84754,43.23,4.305,0.5699999872595072
84755,43.23,4.32,0.5799999870359898
84756,43.23,4.335,0.6399999856948853
84757,43.23,4.35,0.669999985024333
84758,43.23,4.365,0.789999982342124
84759,43.23,4.38,0.8199999816715717
84760,43.23,4.395,0.9299999792128801
84761,43.23,4.41,1.1199999749660492
84762,43.23,4.425,1.2399999722838402
84763,43.23,4.44,1.3499999698251486
84764,43.23,4.455,1.4799999669194221
84765,43.23,4.47,1.6299999635666609
84766,43.23,4.485,1.7599999606609344
84767,43.23,4.5,1.9299999568611383
84768,43.23,4.515,2.149999951943755
84769,43.23,4.53,2.229999950155616
84770,43.23,4.545,2.5499999430030584
84771,43.23,4.56,2.509999943897128
84772,43.23,4.575,2.6399999409914017
84773,43.23,4.59,2.74999993853271
84774,43.23,4.605,2.9299999345093966
84775,43.23,4.62,2.869999935850501
84776,43.23,4.635,3.0799999311566353
84777,43.23,4.65,3.609999919310212
84778,43.23,4.665,3.8899999130517244
84779,43.23,4.68,4.25999990478158
84780,43.23,4.695,4.399999901652336
84781,43.23,4.71,5.079999886453152
84782,43.23,4.725,5.949999867007136
84783,43.23,4.74,6.799999848008156
84784,43.23,4.755,7.199999839067459
84785,43.23,4.77,6.709999850019813
84786,43.23,4.785,6.959999844431877
84787,43.23,4.8,9.149999795481563
84788,43.23,4.815,13.959999687969685
84789,43.23,4.83,19.659999560564756
84790,43.23,4.845,22.199999503791332
84791,43.23,4.86,20.749999536201358
84792,43.23,4.875,18.85999957844615
84793,43.23,4.89,16.019999641925097
84794,43.23,4.905,13.769999692216516
84795,43.23,4.92,12.269999725744128
84796,43.23,4.935,11.399999745190144
84797,43.23,4.95,11.099999751895666
84798,43.23,4.965,11.049999753013253
84799,43.23,4.98,10.619999762624502
84800,43.23,4.995,9.329999791458249
84801,43.23,5.01,7.4299998339265585
84802,43.23,5.025,6.019999865442514
84803,43.23,5.04,5.169999884441495
84804,43.23,5.055,4.399999901652336
84805,43.23,5.07,4.039999909698963
84806,43.23,5.085,3.7899999152868986
84807,43.23,5.1,3.609999919310212
84808,43.23,5.115,2.819999936968088
84809,43.23,5.13,1.9199999570846558
84810,43.23,5.145,1.149999974295497
84811,43.23,5.16,0.7799999825656414
84812,43.23,5.175,0.6499999854713678
84813,43.23,5.19,0.5799999870359898
84814,43.23,5.205,0.47999998927116394
84815,43.23,5.22,0.3799999915063381
84816,43.23,5.235,0.30999999307096004
84817,43.23,5.25,0.25999999418854713
84818,43.23,5.265,0.25999999418854713
84819,43.23,5.28,0.23999999463558197
84820,43.23,5.295,0.2699999939650297
84821,43.23,5.31,0.20999999530613422
84822,43.23,5.325,0.2199999950826168
84823,43.23,5.34,0.19999999552965164
84824,43.23,5.355,
84825,43.23,5.37,
84826,43.23,5.385,
84827,43.23,5.4,
84828,43.23,5.415,
84829,43.23,5.43,
84830,43.23,5.445,
84831,43.23,5.46,
84832,43.23,5.475,
84833,43.23,5.49,
85118,43.24,3.51,2.559999942779541
85119,43.24,3.525,2.539999943226576
85120,43.24,3.54,2.3799999468028545
85121,43.24,3.555,2.0499999541789293
85122,43.24,3.57,1.8299999590963125
85123,43.24,3.585,1.649999963119626
85124,43.24,3.6,1.579999964684248
85125,43.24,3.615,1.3999999687075615
85126,43.24,3.63,1.289999971166253
85127,43.24,3.645,1.2499999720603228
85128,43.24,3.66,1.3499999698251486
85129,43.24,3.675,1.289999971166253
85130,43.24,3.69,1.2099999729543924
85131,43.24,3.705,1.1199999749660492
85132,43.24,3.72,1.169999973848462
85133,43.24,3.735,1.2499999720603228
85134,43.24,3.75,1.169999973848462
85135,43.24,3.765,1.1399999745190144
85136,43.24,3.78,1.0799999758601189
85137,43.24,3.795,1.0899999756366014
85138,43.24,3.81,1.029999976977706
85139,43.24,3.825,0.9899999778717756
85140,43.24,3.84,0.8899999801069498
85141,43.24,3.855,0.8499999810010195
85142,43.24,3.87,0.8899999801069498
85143,43.24,3.885,0.7299999836832285
85144,43.24,3.9,0.6599999852478504
85145,43.24,3.915,0.6199999861419201
85146,43.24,3.93,0.5399999879300594
85147,43.24,3.945,0.4599999897181988
85148,43.24,3.96,0.36999999172985554
85149,43.24,3.975,0.3899999912828207
85150,43.24,3.99,0.3799999915063381
85151,43.24,4.005,0.29999999329447746
85152,43.24,4.02,0.25999999418854713
85153,43.24,4.035,0.3299999926239252
85154,43.24,4.05,0.3399999924004078
85155,43.24,4.065,0.3899999912828207
85156,43.24,4.08,0.4599999897181988
85157,43.24,4.095,0.4899999890476465
85158,43.24,4.11,0.5399999879300594
85159,43.24,4.125,0.5299999881535769
85160,43.24,4.14,0.6199999861419201
85161,43.24,4.155,0.5099999886006117
85162,43.24,4.17,0.3199999928474426
85163,43.24,4.185,0.3799999915063381
85164,43.24,4.2,0.2799999937415123
85165,43.24,4.215,0.2799999937415123
85166,43.24,4.23,0.3399999924004078
85167,43.24,4.245,0.36999999172985554
85168,43.24,4.26,0.3999999910593033
85169,43.24,4.275,0.5299999881535769
85170,43.24,4.29,0.5299999881535769
85171,43.24,4.305,0.5899999868124723
85172,43.24,4.32,0.5999999865889549
85173,43.24,4.335,0.669999985024333
85174,43.24,4.35,0.7599999830126762
85175,43.24,4.365,0.8299999814480543
85176,43.24,4.38,0.8599999807775021
85177,43.24,4.395,0.9699999783188105
85178,43.24,4.41,1.0699999760836363
85179,43.24,4.425,1.1999999731779099
85180,43.24,4.44,1.2499999720603228
85181,43.24,4.455,1.339999970048666
85182,43.24,4.47,1.5199999660253525
85183,43.24,4.485,1.7599999606609344
85184,43.24,4.5,2.0499999541789293
85185,43.24,4.515,2.249999949708581
85186,43.24,4.53,2.5299999434500933
85187,43.24,4.545,2.7899999376386404
85188,43.24,4.56,2.819999936968088
85189,43.24,4.575,3.0799999311566353
85190,43.24,4.59,3.01999993249774
85191,43.24,4.605,3.009999932721257
85192,43.24,4.62,2.9999999329447746
85193,43.24,4.635,3.0499999318271875
85194,43.24,4.65,3.539999920874834
85195,43.24,4.665,3.7699999157339334
85196,43.24,4.68,3.7899999152868986
85197,43.24,4.695,3.919999912381172
85198,43.24,4.71,4.159999907016754
85199,43.24,4.725,5.479999877512455
85200,43.24,4.74,5.439999878406525
85201,43.24,4.755,5.649999873712659
85202,43.24,4.77,6.019999865442514
85203,43.24,4.785,6.069999864324927
85204,43.24,4.8,7.109999841079116
85205,43.24,4.815,11.369999745860696
85206,43.24,4.83,18.599999584257603
85207,43.24,4.845,21.059999529272318
85208,43.24,4.86,20.279999546706676
85209,43.24,4.875,19.08999957330525
85210,43.24,4.89,16.559999629855156
85211,43.24,4.905,14.959999665617943
85212,43.24,4.92,13.369999701157212
85213,43.24,4.935,12.81999971345067
85214,43.24,4.95,11.869999734684825
85215,43.24,4.965,11.469999743625522
85216,43.24,4.98,10.549999764189124
85217,43.24,4.995,8.999999798834324
85218,43.24,5.01,6.899999845772982
85219,43.24,5.025,5.749999871477485
85220,43.24,5.04,4.859999891370535
85221,43.24,5.055,4.2699999045580626
85222,43.24,5.07,4.029999909922481
85223,43.24,5.085,3.8099999148398638
85224,43.24,5.1,3.519999921321869
85225,43.24,5.115,2.8099999371916056
85226,43.24,5.13,1.81999995931983
85227,43.24,5.145,1.099999975413084
85228,43.24,5.16,0.6099999863654375
85229,43.24,5.175,0.5599999874830246
85230,43.24,5.19,0.4899999890476465
85231,43.24,5.205,0.4399999901652336
85232,43.24,5.22,0.36999999172985554
85233,43.24,5.235,0.30999999307096004
85234,43.24,5.25,0.2699999939650297
85235,43.24,5.265,0.25999999418854713
85236,43.24,5.28,0.2199999950826168
85237,43.24,5.295,0.2699999939650297
85238,43.24,5.31,0.20999999530613422
85239,43.24,5.325,0.18999999575316906
85240,43.24,5.34,0.2299999948590994
85241,43.24,5.355,0.23999999463558197
85242,43.24,5.37,
85243,43.24,5.385,
85244,43.24,5.4,
85245,43.24,5.415,
85246,43.24,5.43,
85247,43.24,5.445,
85248,43.24,5.46,
85249,43.24,5.475,
85250,43.24,5.49,
85535,43.25,3.51,2.8399999365210533
85536,43.25,3.525,2.6399999409914017
85537,43.25,3.54,2.459999945014715
85538,43.25,3.555,2.249999949708581
85539,43.25,3.57,1.959999956190586
85540,43.25,3.585,1.769999960437417
85541,43.25,3.6,1.6699999626725912
85542,43.25,3.615,1.5499999653548002
85543,43.25,3.63,1.4799999669194221
85544,43.25,3.645,1.3699999693781137
85545,43.25,3.66,1.339999970048666
85546,43.25,3.675,1.2799999713897705
85547,43.25,3.69,1.2399999722838402
85548,43.25,3.705,1.169999973848462
85549,43.25,3.72,1.1799999736249447
85550,43.25,3.735,1.1599999740719795
85551,43.25,3.75,1.0899999756366014
85552,43.25,3.765,1.0499999765306711
85553,43.25,3.78,0.9999999776482582
85554,43.25,3.795,0.9199999794363976
85555,43.25,3.81,0.909999979659915
85556,43.25,3.825,0.8799999803304672
85557,43.25,3.84,0.8799999803304672
85558,43.25,3.855,0.8099999818950891
85559,43.25,3.87,0.7799999825656414
85560,43.25,3.885,0.7199999839067459
85561,43.25,3.9,0.6499999854713678
85562,43.25,3.915,0.5999999865889549
85563,43.25,3.93,0.5399999879300594
85564,43.25,3.945,0.47999998927116394
85565,43.25,3.96,0.42999999038875103
85566,43.25,3.975,0.4399999901652336
85567,43.25,3.99,0.3899999912828207
85568,43.25,4.005,0.2899999935179949
85569,43.25,4.02,0.25999999418854713
85570,43.25,4.035,0.3799999915063381
85571,43.25,4.05,0.41999999061226845
85572,43.25,4.065,0.42999999038875103
85573,43.25,4.08,0.5699999872595072
85574,43.25,4.095,0.6499999854713678
85575,43.25,4.11,0.5899999868124723
85576,43.25,4.125,0.5399999879300594
85577,43.25,4.14,0.4999999888241291
85578,43.25,4.155,0.5399999879300594
85579,43.25,4.17,0.2899999935179949
85580,43.25,4.185,0.3799999915063381
85581,43.25,4.2,0.30999999307096004
85582,43.25,4.215,0.3799999915063381
85583,43.25,4.23,0.35999999195337296
85584,43.25,4.245,0.41999999061226845
85585,43.25,4.26,0.4899999890476465
85586,43.25,4.275,0.5399999879300594
85587,43.25,4.29,0.6299999859184027
85588,43.25,4.305,0.6399999856948853
85589,43.25,4.32,0.6499999854713678
85590,43.25,4.335,0.6999999843537807
85591,43.25,4.35,0.7499999832361937
85592,43.25,4.365,0.8099999818950891
85593,43.25,4.38,0.8899999801069498
85594,43.25,4.395,1.0099999774247408
85595,43.25,4.41,1.0599999763071537
85596,43.25,4.425,1.099999975413084
85597,43.25,4.44,1.1899999734014273
85598,43.25,4.455,1.3199999704957008
85599,43.25,4.47,1.4999999664723873
85600,43.25,4.485,1.7299999613314867
85601,43.25,4.5,1.9899999555200338
85602,43.25,4.515,2.269999949261546
85603,43.25,4.53,2.8099999371916056
85604,43.25,4.545,3.009999932721257
85605,43.25,4.56,3.129999930039048
85606,43.25,4.575,3.2599999271333218
85607,43.25,4.59,3.3799999244511127
85608,43.25,4.605,3.1999999284744263
85609,43.25,4.62,3.0299999322742224
85610,43.25,4.635,3.2699999269098043
85611,43.25,4.65,3.299999926239252
85612,43.25,4.665,3.469999922439456
85613,43.25,4.68,3.609999919310212
85614,43.25,4.695,3.8399999141693115
85615,43.25,4.71,3.759999915957451
85616,43.25,4.725,4.289999904111028
85617,43.25,4.74,4.659999895840883
85618,43.25,4.755,4.959999889135361
85619,43.25,4.77,5.479999877512455
85620,43.25,4.785,5.789999870583415
85621,43.25,4.8,7.04999984242022
85622,43.25,4.815,11.549999741837382
85623,43.25,4.83,17.919999599456787
85624,43.25,4.845,21.059999529272318
85625,43.25,4.86,21.049999529495835
85626,43.25,4.875,19.819999556988478
85627,43.25,4.89,17.54999960772693
85628,43.25,4.905,15.659999649971724
85629,43.25,4.92,14.959999665617943
85630,43.25,4.935,13.909999689087272
85631,43.25,4.95,13.189999705180526
85632,43.25,4.965,11.779999736696482
85633,43.25,4.98,10.449999766424298
85634,43.25,4.995,8.82999980263412
85635,43.25,5.01,6.679999850690365
85636,43.25,5.025,5.349999880418181
85637,43.25,5.04,4.469999900087714
85638,43.25,5.055,4.1999999061226845
85639,43.25,5.07,3.9299999121576548
85640,43.25,5.085,3.7199999168515205
85641,43.25,5.1,3.2199999280273914
85642,43.25,5.115,2.5499999430030584
85643,43.25,5.13,1.5699999649077654
85644,43.25,5.145,0.9399999789893627
85645,43.25,5.16,0.47999998927116394
85646,43.25,5.175,0.4499999899417162
85647,43.25,5.19,0.4599999897181988
85648,43.25,5.205,0.40999999083578587
85649,43.25,5.22,0.3399999924004078
85650,43.25,5.235,0.2899999935179949
85651,43.25,5.25,0.2699999939650297
85652,43.25,5.265,0.2299999948590994
85653,43.25,5.28,0.2299999948590994
85654,43.25,5.295,0.2199999950826168
85655,43.25,5.31,0.20999999530613422
85656,43.25,5.325,0.12999999709427357
85657,43.25,5.34,0.19999999552965164
85658,43.25,5.355,0.4499999899417162
85659,43.25,5.37,
85660,43.25,5.385,
85661,43.25,5.4,
85662,43.25,5.415,
85663,43.25,5.43,
85664,43.25,5.445,
85665,43.25,5.46,
85666,43.25,5.475,
85667,43.25,5.49,
85952,43.26,3.51,2.9599999338388443
85953,43.26,3.525,2.5899999421089888
85954,43.26,3.54,2.6199999414384365
85955,43.26,3.555,2.319999948143959
85956,43.26,3.57,2.0699999537318945
85957,43.26,3.585,1.9099999573081732
85958,43.26,3.6,1.8099999595433474
85959,43.26,3.615,1.6199999637901783
85960,43.26,3.63,1.529999965801835
85961,43.26,3.645,1.5199999660253525
85962,43.26,3.66,1.3999999687075615
85963,43.26,3.675,1.2399999722838402
85964,43.26,3.69,1.2099999729543924
85965,43.26,3.705,1.169999973848462
85966,43.26,3.72,1.1599999740719795
85967,43.26,3.735,1.1399999745190144
85968,43.26,3.75,1.029999976977706
85969,43.26,3.765,1.0199999772012234
85970,43.26,3.78,0.9499999787658453
85971,43.26,3.795,0.9199999794363976
85972,43.26,3.81,0.8599999807775021
85973,43.26,3.825,0.8599999807775021
85974,43.26,3.84,0.8199999816715717
85975,43.26,3.855,0.8099999818950891
85976,43.26,3.87,0.7199999839067459
85977,43.26,3.885,0.6399999856948853
85978,43.26,3.9,0.6199999861419201
85979,43.26,3.915,0.5899999868124723
85980,43.26,3.93,0.5599999874830246
85981,43.26,3.945,0.5199999883770943
85982,43.26,3.96,0.4499999899417162
85983,43.26,3.975,0.3899999912828207
85984,43.26,3.99,0.40999999083578587
85985,43.26,4.005,0.35999999195337296
85986,43.26,4.02,0.3799999915063381
85987,43.26,4.035,0.41999999061226845
85988,43.26,4.05,0.4399999901652336
85989,43.26,4.065,0.4899999890476465
85990,43.26,4.08,0.5899999868124723
85991,43.26,4.095,0.6999999843537807
85992,43.26,4.11,0.6299999859184027
85993,43.26,4.125,0.5199999883770943
85994,43.26,4.14,0.46999998949468136
85995,43.26,4.155,0.47999998927116394
85996,43.26,4.17,0.29999999329447746
85997,43.26,4.185,0.20999999530613422
85998,43.26,4.2,0.29999999329447746
85999,43.26,4.215,0.30999999307096004
86000,43.26,4.23,0.36999999172985554
86001,43.26,4.245,0.4999999888241291
86002,43.26,4.26,0.5899999868124723
86003,43.26,4.275,0.6099999863654375
86004,43.26,4.29,0.669999985024333
86005,43.26,4.305,0.6999999843537807
86006,43.26,4.32,0.6999999843537807
86007,43.26,4.335,0.7299999836832285
86008,43.26,4.35,0.789999982342124
86009,43.26,4.365,0.8399999812245369
86010,43.26,4.38,0.909999979659915
86011,43.26,4.395,0.8799999803304672
86012,43.26,4.41,0.9499999787658453
86013,43.26,4.425,1.169999973848462
86014,43.26,4.44,1.1599999740719795
86015,43.26,4.455,1.219999972730875
86016,43.26,4.47,1.3599999696016312
86017,43.26,4.485,1.769999960437417
86018,43.26,4.5,2.109999952837825
86019,43.26,4.515,2.5999999418854713
86020,43.26,4.53,2.9799999333918095
86021,43.26,4.545,3.2699999269098043
86022,43.26,4.56,3.4299999233335257
86023,43.26,4.575,3.5499999206513166
86024,43.26,4.59,3.399999924004078
86025,43.26,4.605,3.209999928250909
86026,43.26,4.62,3.179999928921461
86027,43.26,4.635,3.159999929368496
86028,43.26,4.65,3.3799999244511127
86029,43.26,4.665,3.779999915510416
86030,43.26,4.68,3.729999916628003
86031,43.26,4.695,3.63999991863966
86032,43.26,4.71,3.8099999148398638
86033,43.26,4.725,3.829999914392829
86034,43.26,4.74,4.379999902099371
86035,43.26,4.755,4.559999898076057
86036,43.26,4.77,5.029999887570739
86037,43.26,4.785,5.329999880865216
86038,43.26,4.8,6.239999860525131
86039,43.26,4.815,10.559999763965607
86040,43.26,4.83,18.649999583140016
86041,43.26,4.845,23.909999465569854
86042,43.26,4.86,22.469999497756362
86043,43.26,4.875,21.529999518767
86044,43.26,4.89,19.499999564141035
86045,43.26,4.905,18.039999596774578
86046,43.26,4.92,17.049999618902802
86047,43.26,4.935,15.239999659359455
86048,43.26,4.95,13.829999690875411
86049,43.26,4.965,11.639999739825726
86050,43.26,4.98,10.239999771118164
86051,43.26,4.995,8.229999816045165
86052,43.26,5.01,6.2099998611956835
86053,43.26,5.025,4.949999889358878
86054,43.26,5.04,4.339999902993441
86055,43.26,5.055,4.029999909922481
86056,43.26,5.07,3.8199999146163464
86057,43.26,5.085,3.3599999248981476
86058,43.26,5.1,2.7899999376386404
86059,43.26,5.115,1.8699999582022429
86060,43.26,5.13,1.2099999729543924
86061,43.26,5.145,0.5099999886006117
86062,43.26,5.16,0.3899999912828207
86063,43.26,5.175,0.3499999921768904
86064,43.26,5.19,0.3799999915063381
86065,43.26,5.205,0.36999999172985554
86066,43.26,5.22,0.3199999928474426
86067,43.26,5.235,0.23999999463558197
86068,43.26,5.25,0.2299999948590994
86069,43.26,5.265,0.18999999575316906
86070,43.26,5.28,0.2199999950826168
86071,43.26,5.295,0.019999999552965164
86072,43.26,5.31,0.18999999575316906
86073,43.26,5.325,0.20999999530613422
86074,43.26,5.34,0.2199999950826168
86075,43.26,5.355,0.40999999083578587
86076,43.26,5.37,
86077,43.26,5.385,
86078,43.26,5.4,
86079,43.26,5.415,
86080,43.26,5.43,
86081,43.26,5.445,
86082,43.26,5.46,
86083,43.26,5.475,
86084,43.26,5.49,
86369,43.27,3.51,2.609999941661954
86370,43.27,3.525,2.6899999398738146
86371,43.27,3.54,2.5199999436736107
86372,43.27,3.555,2.3599999472498894
86373,43.27,3.57,2.199999950826168
86374,43.27,3.585,1.959999956190586
86375,43.27,3.6,1.8599999584257603
86376,43.27,3.615,1.7199999615550041
86377,43.27,3.63,1.5899999644607306
86378,43.27,3.645,1.7199999615550041
86379,43.27,3.66,1.4699999671429396
86380,43.27,3.675,1.3699999693781137
86381,43.27,3.69,1.3199999704957008
86382,43.27,3.705,1.2299999725073576
86383,43.27,3.72,1.1799999736249447
86384,43.27,3.735,1.0899999756366014
86385,43.27,3.75,1.0699999760836363
86386,43.27,3.765,1.0899999756366014
86387,43.27,3.78,1.0099999774247408
86388,43.27,3.795,0.9299999792128801
86389,43.27,3.81,0.8699999805539846
86390,43.27,3.825,0.8099999818950891
86391,43.27,3.84,0.7799999825656414
86392,43.27,3.855,0.7699999827891588
86393,43.27,3.87,0.6599999852478504
86394,43.27,3.885,0.5999999865889549
86395,43.27,3.9,0.5699999872595072
86396,43.27,3.915,0.5399999879300594
86397,43.27,3.93,0.5299999881535769
86398,43.27,3.945,0.5099999886006117
86399,43.27,3.96,0.47999998927116394
86400,43.27,3.975,0.4499999899417162
86401,43.27,3.99,0.41999999061226845
86402,43.27,4.005,0.42999999038875103
86403,43.27,4.02,0.3999999910593033
86404,43.27,4.035,0.42999999038875103
86405,43.27,4.05,0.46999998949468136
86406,43.27,4.065,0.5699999872595072
86407,43.27,4.08,0.6599999852478504
86408,43.27,4.095,0.7299999836832285
86409,43.27,4.11,0.6199999861419201
86410,43.27,4.125,0.5199999883770943
86411,43.27,4.14,0.47999998927116394
86412,43.27,4.155,0.47999998927116394
86413,43.27,4.17,0.3199999928474426
86414,43.27,4.185,0.2199999950826168
86415,43.27,4.2,0.2799999937415123
86416,43.27,4.215,0.3299999926239252
86417,43.27,4.23,0.4899999890476465
86418,43.27,4.245,0.6099999863654375
86419,43.27,4.26,0.7599999830126762
86420,43.27,4.275,0.7499999832361937
86421,43.27,4.29,0.789999982342124
86422,43.27,4.305,0.7499999832361937
86423,43.27,4.32,0.7499999832361937
86424,43.27,4.335,0.7399999834597111
86425,43.27,4.35,0.7999999821186066
86426,43.27,4.365,0.8099999818950891
86427,43.27,4.38,0.8599999807775021
86428,43.27,4.395,0.9499999787658453
86429,43.27,4.41,0.9999999776482582
86430,43.27,4.425,1.0899999756366014
86431,43.27,4.44,1.1599999740719795
86432,43.27,4.455,1.2399999722838402
86433,43.27,4.47,1.5199999660253525
86434,43.27,4.485,1.939999956637621
86435,43.27,4.5,2.3999999463558197
86436,43.27,4.515,2.8299999367445707
86437,43.27,4.53,3.1199999302625656
86438,43.27,4.545,3.5599999204277992
86439,43.27,4.56,3.609999919310212
86440,43.27,4.575,3.5799999199807644
86441,43.27,4.59,3.469999922439456
86442,43.27,4.605,3.229999927803874
86443,43.27,4.62,3.159999929368496
86444,43.27,4.635,3.1899999286979437
86445,43.27,4.65,3.759999915957451
86446,43.27,4.665,3.729999916628003
86447,43.27,4.68,3.7899999152868986
86448,43.27,4.695,3.7499999161809683
86449,43.27,4.71,3.899999912828207
86450,43.27,4.725,3.7199999168515205
86451,43.27,4.74,3.8399999141693115
86452,43.27,4.755,4.29999990388751
86453,43.27,4.77,4.479999899864197
86454,43.27,4.785,4.649999896064401
86455,43.27,4.8,6.269999859854579
86456,43.27,4.815,11.299999747425318
86457,43.27,4.83,17.7399996034801
86458,43.27,4.845,24.079999461770058
86459,43.27,4.86,23.34999947808683
86460,43.27,4.875,22.719999492168427
86461,43.27,4.89,21.389999521896243
86462,43.27,4.905,19.39999956637621
86463,43.27,4.92,17.709999604150653
86464,43.27,4.935,16.079999640583992
86465,43.27,4.95,13.74999969266355
86466,43.27,4.965,11.919999733567238
86467,43.27,4.98,9.229999793693423
86468,43.27,4.995,7.259999837726355
86469,43.27,5.01,5.689999872818589
86470,43.27,5.025,4.649999896064401
86471,43.27,5.04,4.159999907016754
86472,43.27,5.055,3.849999913945794
86473,43.27,5.07,3.3599999248981476
86474,43.27,5.085,2.869999935850501
86475,43.27,5.1,2.2799999490380287
86476,43.27,5.115,1.4399999678134918
86477,43.27,5.13,0.789999982342124
86478,43.27,5.145,0.40999999083578587
86479,43.27,5.16,0.2699999939650297
86480,43.27,5.175,0.2699999939650297
86481,43.27,5.19,0.30999999307096004
86482,43.27,5.205,0.29999999329447746
86483,43.27,5.22,0.2699999939650297
86484,43.27,5.235,0.2299999948590994
86485,43.27,5.25,0.17999999597668648
86486,43.27,5.265,0.23999999463558197
86487,43.27,5.28,0.3499999921768904
86488,43.27,5.295,0.17999999597668648
86489,43.27,5.31,0.07999999821186066
86490,43.27,5.325,0.24999999441206455
86491,43.27,5.34,0.11999999731779099
86492,43.27,5.355,0.3899999912828207
86493,43.27,5.37,
86494,43.27,5.385,
86495,43.27,5.4,
86496,43.27,5.415,
86497,43.27,5.43,
86498,43.27,5.445,
86499,43.27,5.46,
86500,43.27,5.475,
86501,43.27,5.49,
86786,43.28,3.51,
86787,43.28,3.525,2.43999994546175
86788,43.28,3.54,2.3799999468028545
86789,43.28,3.555,2.079999953508377
86790,43.28,3.57,2.109999952837825
86791,43.28,3.585,2.179999951273203
86792,43.28,3.6,2.0699999537318945
86793,43.28,3.615,1.9999999552965164
86794,43.28,3.63,1.939999956637621
86795,43.28,3.645,1.81999995931983
86796,43.28,3.66,1.7299999613314867
86797,43.28,3.675,1.6699999626725912
86798,43.28,3.69,1.4799999669194221
86799,43.28,3.705,1.289999971166253
86800,43.28,3.72,1.289999971166253
86801,43.28,3.735,1.1599999740719795
86802,43.28,3.75,1.0799999758601189
86803,43.28,3.765,1.169999973848462
86804,43.28,3.78,1.0199999772012234
86805,43.28,3.795,0.9599999785423279
86806,43.28,3.81,0.8999999798834324
86807,43.28,3.825,0.7999999821186066
86808,43.28,3.84,0.7699999827891588
86809,43.28,3.855,0.6899999845772982
86810,43.28,3.87,0.6199999861419201
86811,43.28,3.885,0.5999999865889549
86812,43.28,3.9,0.549999987706542
86813,43.28,3.915,0.5699999872595072
86814,43.28,3.93,0.5099999886006117
86815,43.28,3.945,0.5199999883770943
86816,43.28,3.96,0.4899999890476465
86817,43.28,3.975,0.4599999897181988
86818,43.28,3.99,0.3799999915063381
86819,43.28,4.005,0.41999999061226845
86820,43.28,4.02,0.3999999910593033
86821,43.28,4.035,0.4399999901652336
86822,43.28,4.05,0.5599999874830246
86823,43.28,4.065,0.6799999848008156
86824,43.28,4.08,0.7299999836832285
86825,43.28,4.095,0.7199999839067459
86826,43.28,4.11,0.5899999868124723
86827,43.28,4.125,0.5599999874830246
86828,43.28,4.14,0.5299999881535769
86829,43.28,4.155,0.46999998949468136
86830,43.28,4.17,0.2899999935179949
86831,43.28,4.185,0.29999999329447746
86832,43.28,4.2,0.3799999915063381
86833,43.28,4.215,0.35999999195337296
86834,43.28,4.23,0.5999999865889549
86835,43.28,4.245,0.7199999839067459
86836,43.28,4.26,0.9699999783188105
86837,43.28,4.275,0.9999999776482582
86838,43.28,4.29,1.029999976977706
86839,43.28,4.305,0.9299999792128801
86840,43.28,4.32,0.8499999810010195
86841,43.28,4.335,0.8699999805539846
86842,43.28,4.35,0.8299999814480543
86843,43.28,4.365,0.7699999827891588
86844,43.28,4.38,0.9199999794363976
86845,43.28,4.395,0.9499999787658453
86846,43.28,4.41,0.9699999783188105
86847,43.28,4.425,1.0799999758601189
86848,43.28,4.44,1.1799999736249447
86849,43.28,4.455,1.4699999671429396
86850,43.28,4.47,1.8299999590963125
86851,43.28,4.485,2.2799999490380287
86852,43.28,4.5,2.779999937862158
86853,43.28,4.515,3.129999930039048
86854,43.28,4.53,3.349999925121665
86855,43.28,4.545,3.7199999168515205
86856,43.28,4.56,3.7199999168515205
86857,43.28,4.575,3.759999915957451
86858,43.28,4.59,3.67999991774559
86859,43.28,4.605,3.3899999242275953
86860,43.28,4.62,3.2699999269098043
86861,43.28,4.635,3.3399999253451824
86862,43.28,4.65,3.449999922886491
86863,43.28,4.665,3.67999991774559
86864,43.28,4.68,3.829999914392829
86865,43.28,4.695,3.5599999204277992
86866,43.28,4.71,3.659999918192625
86867,43.28,4.725,3.9299999121576548
86868,43.28,4.74,3.8099999148398638
86869,43.28,4.755,3.94999991171062
86870,43.28,4.77,4.469999900087714
86871,43.28,4.785,4.949999889358878
86872,43.28,4.8,6.4499998558312654
86873,43.28,4.815,7.759999826550484
86874,43.28,4.83,17.829999601468444
86875,43.28,4.845,21.479999519884586
86876,43.28,4.86,25.44999943114817
86877,43.28,4.875,26.01999941840768
86878,43.28,4.89,22.529999496415257
86879,43.28,4.905,20.17999954894185
86880,43.28,4.92,17.749999603256583
86881,43.28,4.935,16.34999963454902
86882,43.28,4.95,13.389999700710177
86883,43.28,4.965,10.199999772012234
86884,43.28,4.98,8.179999817162752
86885,43.28,4.995,6.369999857619405
86886,43.28,5.01,4.949999889358878
86887,43.28,5.025,4.539999898523092
86888,43.28,5.04,4.049999909475446
86889,43.28,5.055,3.5599999204277992
86890,43.28,5.07,3.009999932721257
86891,43.28,5.085,2.339999947696924
86892,43.28,5.1,1.6299999635666609
86893,43.28,5.115,0.9999999776482582
86894,43.28,5.13,0.4499999899417162
86895,43.28,5.145,0.2899999935179949
86896,43.28,5.16,0.2299999948590994
86897,43.28,5.175,0.24999999441206455
86898,43.28,5.19,0.23999999463558197
86899,43.28,5.205,0.24999999441206455
86900,43.28,5.22,0.20999999530613422
86901,43.28,5.235,0.18999999575316906
86902,43.28,5.25,0.17999999597668648
86903,43.28,5.265,0.36999999172985554
86904,43.28,5.28,0.30999999307096004
86905,43.28,5.295,1.0899999756366014
86906,43.28,5.31,1.2399999722838402
86907,43.28,5.325,
86908,43.28,5.34,0.3299999926239252
86909,43.28,5.355,
86910,43.28,5.37,
86911,43.28,5.385,
86912,43.28,5.4,
86913,43.28,5.415,
86914,43.28,5.43,
86915,43.28,5.445,
86916,43.28,5.46,
86917,43.28,5.475,
86918,43.28,5.49,
87203,43.29,3.51,
87204,43.29,3.525,
87205,43.29,3.54,2.2599999494850636
87206,43.29,3.555,2.059999953955412
87207,43.29,3.57,2.2199999503791332
87208,43.29,3.585,2.319999948143959
87209,43.29,3.6,2.2399999499320984
87210,43.29,3.615,2.2899999488145113
87211,43.29,3.63,2.149999951943755
87212,43.29,3.645,2.079999953508377
87213,43.29,3.66,1.9499999564141035
87214,43.29,3.675,1.839999958872795
87215,43.29,3.69,1.6899999622255564
87216,43.29,3.705,1.5199999660253525
87217,43.29,3.72,1.4199999682605267
87218,43.29,3.735,1.2999999709427357
87219,43.29,3.75,1.2299999725073576
87220,43.29,3.765,1.2099999729543924
87221,43.29,3.78,1.0699999760836363
87222,43.29,3.795,1.0199999772012234
87223,43.29,3.81,0.8999999798834324
87224,43.29,3.825,0.8199999816715717
87225,43.29,3.84,0.7599999830126762
87226,43.29,3.855,0.669999985024333
87227,43.29,3.87,0.5999999865889549
87228,43.29,3.885,0.549999987706542
87229,43.29,3.9,0.549999987706542
87230,43.29,3.915,0.4399999901652336
87231,43.29,3.93,0.4999999888241291
87232,43.29,3.945,0.46999998949468136
87233,43.29,3.96,0.5299999881535769
87234,43.29,3.975,0.4899999890476465
87235,43.29,3.99,0.42999999038875103
87236,43.29,4.005,0.40999999083578587
87237,43.29,4.02,0.4399999901652336
87238,43.29,4.035,0.4499999899417162
87239,43.29,4.05,0.5299999881535769
87240,43.29,4.065,0.7099999841302633
87241,43.29,4.08,0.789999982342124
87242,43.29,4.095,0.6799999848008156
87243,43.29,4.11,0.5999999865889549
87244,43.29,4.125,0.6199999861419201
87245,43.29,4.14,0.5599999874830246
87246,43.29,4.155,0.3999999910593033
87247,43.29,4.17,0.4499999899417162
87248,43.29,4.185,0.42999999038875103
87249,43.29,4.2,0.40999999083578587
87250,43.29,4.215,0.5699999872595072
87251,43.29,4.23,0.6899999845772982
87252,43.29,4.245,1.099999975413084
87253,43.29,4.26,1.2999999709427357
87254,43.29,4.275,1.4499999675899744
87255,43.29,4.29,1.50999996624887
87256,43.29,4.305,1.2599999718368053
87257,43.29,4.32,1.2399999722838402
87258,43.29,4.335,1.0699999760836363
87259,43.29,4.35,0.9899999778717756
87260,43.29,4.365,0.8799999803304672
87261,43.29,4.38,1.0099999774247408
87262,43.29,4.395,0.9699999783188105
87263,43.29,4.41,0.9999999776482582
87264,43.29,4.425,1.1599999740719795
87265,43.29,4.44,1.4699999671429396
87266,43.29,4.455,1.699999962002039
87267,43.29,4.47,2.349999947473407
87268,43.29,4.485,2.9099999349564314
87269,43.29,4.5,3.349999925121665
87270,43.29,4.515,3.519999921321869
87271,43.29,4.53,3.709999917075038
87272,43.29,4.545,3.8099999148398638
87273,43.29,4.56,3.879999913275242
87274,43.29,4.575,3.8099999148398638
87275,43.29,4.59,3.5999999195337296
87276,43.29,4.605,3.4099999237805605
87277,43.29,4.62,3.2699999269098043
87278,43.29,4.635,3.3899999242275953
87279,43.29,4.65,3.569999920204282
87280,43.29,4.665,3.519999921321869
87281,43.29,4.68,3.7199999168515205
87282,43.29,4.695,3.799999915063381
87283,43.29,4.71,3.689999917522073
87284,43.29,4.725,3.5799999199807644
87285,43.29,4.74,3.8199999146163464
87286,43.29,4.755,4.049999909475446
87287,43.29,4.77,4.5099998991936445
87288,43.29,4.785,4.709999894723296
87289,43.29,4.8,5.349999880418181
87290,43.29,4.815,8.039999820291996
87291,43.29,4.83,12.659999717026949
87292,43.29,4.845,19.20999957062304
87293,43.29,4.86,21.02999952994287
87294,43.29,4.875,25.569999428465962
87295,43.29,4.89,20.56999954022467
87296,43.29,4.905,17.009999619796872
87297,43.29,4.92,14.789999669417739
87298,43.29,4.935,12.769999714568257
87299,43.29,4.95,10.68999976105988
87300,43.29,4.965,8.189999816939235
87301,43.29,4.98,6.3999998569488525
87302,43.29,4.995,5.079999886453152
87303,43.29,5.01,4.619999896734953
87304,43.29,5.025,4.169999906793237
87305,43.29,5.04,3.5599999204277992
87306,43.29,5.055,2.7399999387562275
87307,43.29,5.07,2.109999952837825
87308,43.29,5.085,1.579999964684248
87309,43.29,5.1,1.0499999765306711
87310,43.29,5.115,0.549999987706542
87311,43.29,5.13,0.3299999926239252
87312,43.29,5.145,0.25999999418854713
87313,43.29,5.16,0.2299999948590994
87314,43.29,5.175,0.2299999948590994
87315,43.29,5.19,0.20999999530613422
87316,43.29,5.205,0.17999999597668648
87317,43.29,5.22,0.1699999962002039
87318,43.29,5.235,0.1699999962002039
87319,43.29,5.25,0.1599999964237213
87320,43.29,5.265,0.14999999664723873
87321,43.29,5.28,0.24999999441206455
87322,43.29,5.295,0.1599999964237213
87323,43.29,5.31,0.17999999597668648
87324,43.29,5.325,0.20999999530613422
87325,43.29,5.34,0.3399999924004078
87326,43.29,5.355,
87327,43.29,5.37,
87328,43.29,5.385,
87329,43.29,5.4,
87330,43.29,5.415,
87331,43.29,5.43,
87332,43.29,5.445,
87333,43.29,5.46,
87334,43.29,5.475,
87335,43.29,5.49,
87620,43.3,3.51,
87621,43.3,3.525,
87622,43.3,3.54,1.6099999640136957
87623,43.3,3.555,2.339999947696924
87624,43.3,3.57,2.229999950155616
87625,43.3,3.585,2.4699999447911978
87626,43.3,3.6,2.5699999425560236
87627,43.3,3.615,2.4499999452382326
87628,43.3,3.63,2.419999945908785
87629,43.3,3.645,2.3299999479204416
87630,43.3,3.66,2.12999995239079
87631,43.3,3.675,2.009999955072999
87632,43.3,3.69,1.9199999570846558
87633,43.3,3.705,1.769999960437417
87634,43.3,3.72,1.6799999624490738
87635,43.3,3.735,1.50999996624887
87636,43.3,3.75,1.459999967366457
87637,43.3,3.765,1.3099999707192183
87638,43.3,3.78,1.1899999734014273
87639,43.3,3.795,1.0899999756366014
87640,43.3,3.81,1.029999976977706
87641,43.3,3.825,0.8699999805539846
87642,43.3,3.84,0.789999982342124
87643,43.3,3.855,0.6799999848008156
87644,43.3,3.87,0.5799999870359898
87645,43.3,3.885,0.5299999881535769
87646,43.3,3.9,0.5399999879300594
87647,43.3,3.915,0.4899999890476465
87648,43.3,3.93,0.4899999890476465
87649,43.3,3.945,0.47999998927116394
87650,43.3,3.96,0.47999998927116394
87651,43.3,3.975,0.4999999888241291
87652,43.3,3.99,0.4499999899417162
87653,43.3,4.005,0.4999999888241291
87654,43.3,4.02,0.46999998949468136
87655,43.3,4.035,0.6199999861419201
87656,43.3,4.05,0.6299999859184027
87657,43.3,4.065,0.7199999839067459
87658,43.3,4.08,0.7499999832361937
87659,43.3,4.095,0.6599999852478504
87660,43.3,4.11,0.6599999852478504
87661,43.3,4.125,0.6099999863654375
87662,43.3,4.14,0.6199999861419201
87663,43.3,4.155,0.47999998927116394
87664,43.3,4.17,0.5699999872595072
87665,43.3,4.185,0.6299999859184027
87666,43.3,4.2,0.7399999834597111
87667,43.3,4.215,0.8199999816715717
87668,43.3,4.23,1.029999976977706
87669,43.3,4.245,1.4299999680370092
87670,43.3,4.26,1.8599999584257603
87671,43.3,4.275,2.0899999532848597
87672,43.3,4.29,2.1199999526143074
87673,43.3,4.305,2.009999955072999
87674,43.3,4.32,1.7499999608844519
87675,43.3,4.335,1.579999964684248
87676,43.3,4.35,1.3999999687075615
87677,43.3,4.365,1.169999973848462
87678,43.3,4.38,1.149999974295497
87679,43.3,4.395,1.2599999718368053
87680,43.3,4.41,1.2499999720603228
87681,43.3,4.425,1.4899999666959047
87682,43.3,4.44,1.9099999573081732
87683,43.3,4.455,2.4099999461323023
87684,43.3,4.47,2.8799999356269836
87685,43.3,4.485,3.4099999237805605
87686,43.3,4.5,3.799999915063381
87687,43.3,4.515,3.849999913945794
87688,43.3,4.53,3.899999912828207
87689,43.3,4.545,3.94999991171062
87690,43.3,4.56,4.019999910145998
87691,43.3,4.575,3.8699999134987593
87692,43.3,4.59,3.8099999148398638
87693,43.3,4.605,3.6299999188631773
87694,43.3,4.62,3.539999920874834
87695,43.3,4.635,3.5799999199807644
87696,43.3,4.65,3.689999917522073
87697,43.3,4.665,3.7399999164044857
87698,43.3,4.68,3.799999915063381
87699,43.3,4.695,3.6499999184161425
87700,43.3,4.71,3.709999917075038
87701,43.3,4.725,3.6999999172985554
87702,43.3,4.74,3.6999999172985554
87703,43.3,4.755,3.8599999137222767
87704,43.3,4.77,4.719999894499779
87705,43.3,4.785,5.049999887123704
87706,43.3,4.8,5.839999869465828
87707,43.3,4.815,7.799999825656414
87708,43.3,4.83,9.479999788105488
87709,43.3,4.845,14.279999680817127
87710,43.3,4.86,16.369999634101987
87711,43.3,4.875,21.33999952301383
87712,43.3,4.89,16.439999632537365
87713,43.3,4.905,14.71999967098236
87714,43.3,4.92,12.139999728649855
87715,43.3,4.935,9.589999785646796
87716,43.3,4.95,7.7399998269975185
87717,43.3,4.965,5.2999998815357685
87718,43.3,4.98,4.789999892935157
87719,43.3,4.995,4.409999901428819
87720,43.3,5.01,4.069999909028411
87721,43.3,5.025,3.779999915510416
87722,43.3,5.04,2.8299999367445707
87723,43.3,5.055,1.9999999552965164
87724,43.3,5.07,1.0699999760836363
87725,43.3,5.085,0.8199999816715717
87726,43.3,5.1,0.3899999912828207
87727,43.3,5.115,0.3499999921768904
87728,43.3,5.13,0.3199999928474426
87729,43.3,5.145,0.2699999939650297
87730,43.3,5.16,0.23999999463558197
87731,43.3,5.175,0.20999999530613422
87732,43.3,5.19,0.19999999552965164
87733,43.3,5.205,0.1699999962002039
87734,43.3,5.22,0.1599999964237213
87735,43.3,5.235,0.1699999962002039
87736,43.3,5.25,0.14999999664723873
87737,43.3,5.265,0.1699999962002039
87738,43.3,5.28,0.11999999731779099
87739,43.3,5.295,0.14999999664723873
87740,43.3,5.31,0.1699999962002039
87741,43.3,5.325,0.19999999552965164
87742,43.3,5.34,0.2899999935179949
87743,43.3,5.355,0.46999998949468136
87744,43.3,5.37,
87745,43.3,5.385,
87746,43.3,5.4,
87747,43.3,5.415,
87748,43.3,5.43,
87749,43.3,5.445,
87750,43.3,5.46,
87751,43.3,5.475,
87752,43.3,5.49,
88037,43.31,3.51,
88038,43.31,3.525,
88039,43.31,3.54,
88040,43.31,3.555,4.929999889805913
88041,43.31,3.57,2.4799999445676804
88042,43.31,3.585,2.609999941661954
88043,43.31,3.6,2.9099999349564314
88044,43.31,3.615,2.6199999414384365
88045,43.31,3.63,2.659999940544367
88046,43.31,3.645,2.629999941214919
88047,43.31,3.66,2.3599999472498894
88048,43.31,3.675,2.2599999494850636
88049,43.31,3.69,2.1599999517202377
88050,43.31,3.705,2.009999955072999
88051,43.31,3.72,1.9499999564141035
88052,43.31,3.735,1.7299999613314867
88053,43.31,3.75,1.649999963119626
88054,43.31,3.765,1.529999965801835
88055,43.31,3.78,1.409999968484044
88056,43.31,3.795,1.2499999720603228
88057,43.31,3.81,1.1199999749660492
88058,43.31,3.825,1.0099999774247408
88059,43.31,3.84,0.7999999821186066
88060,43.31,3.855,0.7199999839067459
88061,43.31,3.87,0.5699999872595072
88062,43.31,3.885,0.4999999888241291
88063,43.31,3.9,0.47999998927116394
88064,43.31,3.915,0.4899999890476465
88065,43.31,3.93,0.5199999883770943
88066,43.31,3.945,0.4899999890476465
88067,43.31,3.96,0.46999998949468136
88068,43.31,3.975,0.4999999888241291
88069,43.31,3.99,0.4999999888241291
88070,43.31,4.005,0.5399999879300594
88071,43.31,4.02,0.5599999874830246
88072,43.31,4.035,0.6099999863654375
88073,43.31,4.05,0.6599999852478504
88074,43.31,4.065,0.7199999839067459
88075,43.31,4.08,0.7099999841302633
88076,43.31,4.095,0.8499999810010195
88077,43.31,4.11,0.7199999839067459
88078,43.31,4.125,0.7099999841302633
88079,43.31,4.14,0.6999999843537807
88080,43.31,4.155,0.6599999852478504
88081,43.31,4.17,0.9999999776482582
88082,43.31,4.185,0.9599999785423279
88083,43.31,4.2,1.099999975413084
88084,43.31,4.215,1.2999999709427357
88085,43.31,4.23,1.649999963119626
88086,43.31,4.245,2.009999955072999
88087,43.31,4.26,2.4999999441206455
88088,43.31,4.275,2.6499999407678843
88089,43.31,4.29,2.729999938979745
88090,43.31,4.305,2.7399999387562275
88091,43.31,4.32,2.489999944344163
88092,43.31,4.335,2.1699999514967203
88093,43.31,4.35,1.9799999557435513
88094,43.31,4.365,1.7999999597668648
88095,43.31,4.38,1.699999962002039
88096,43.31,4.395,1.6699999626725912
88097,43.31,4.41,1.8299999590963125
88098,43.31,4.425,2.059999953955412
88099,43.31,4.44,2.4999999441206455
88100,43.31,4.455,2.9499999340623617
88101,43.31,4.47,3.5599999204277992
88102,43.31,4.485,3.879999913275242
88103,43.31,4.5,4.009999910369515
88104,43.31,4.515,4.009999910369515
88105,43.31,4.53,3.9799999110400677
88106,43.31,4.545,4.039999909698963
88107,43.31,4.56,3.9599999114871025
88108,43.31,4.575,4.059999909251928
88109,43.31,4.59,3.8399999141693115
88110,43.31,4.605,3.849999913945794
88111,43.31,4.62,3.829999914392829
88112,43.31,4.635,4.049999909475446
88113,43.31,4.65,4.119999907910824
88114,43.31,4.665,4.21999990567565
88115,43.31,4.68,4.179999906569719
88116,43.31,4.695,3.7699999157339334
88117,43.31,4.71,3.709999917075038
88118,43.31,4.725,3.9599999114871025
88119,43.31,4.74,4.139999907463789
88120,43.31,4.755,3.969999911263585
88121,43.31,4.77,4.4399999007582664
88122,43.31,4.785,4.409999901428819
88123,43.31,4.8,4.709999894723296
88124,43.31,4.815,6.789999848231673
88125,43.31,4.83,9.559999786317348
88126,43.31,4.845,12.339999724179506
88127,43.31,4.86,12.959999710321426
88128,43.31,4.875,14.749999670311809
88129,43.31,4.89,13.159999705851078
88130,43.31,4.905,11.009999753907323
88131,43.31,4.92,9.36999979056418
88132,43.31,4.935,6.419999856501818
88133,43.31,4.95,5.399999879300594
88134,43.31,4.965,4.449999900534749
88135,43.31,4.98,4.189999906346202
88136,43.31,4.995,3.9599999114871025
88137,43.31,5.01,3.8699999134987593
88138,43.31,5.025,3.569999920204282
88139,43.31,5.04,2.43999994546175
88140,43.31,5.055,1.5499999653548002
88141,43.31,5.07,0.9699999783188105
88142,43.31,5.085,0.5099999886006117
88143,43.31,5.1,0.47999998927116394
88144,43.31,5.115,0.42999999038875103
88145,43.31,5.13,0.2899999935179949
88146,43.31,5.145,0.18999999575316906
88147,43.31,5.16,0.20999999530613422
88148,43.31,5.175,0.2199999950826168
88149,43.31,5.19,0.19999999552965164
88150,43.31,5.205,0.1599999964237213
88151,43.31,5.22,0.14999999664723873
88152,43.31,5.235,0.12999999709427357
88153,43.31,5.25,0.1599999964237213
88154,43.31,5.265,0.14999999664723873
88155,43.31,5.28,0.12999999709427357
88156,43.31,5.295,0.12999999709427357
88157,43.31,5.31,0.11999999731779099
88158,43.31,5.325,0.13999999687075615
88159,43.31,5.34,0.20999999530613422
88160,43.31,5.355,0.3999999910593033
88161,43.31,5.37,
88162,43.31,5.385,
88163,43.31,5.4,
88164,43.31,5.415,
88165,43.31,5.43,
88166,43.31,5.445,
88167,43.31,5.46,
88168,43.31,5.475,
88169,43.31,5.49,
88454,43.32,3.51,
88455,43.32,3.525,
88456,43.32,3.54,
88457,43.32,3.555,
88458,43.32,3.57,2.8799999356269836
88459,43.32,3.585,2.7099999394267797
88460,43.32,3.6,2.849999936297536
88461,43.32,3.615,2.969999933615327
88462,43.32,3.63,2.9099999349564314
88463,43.32,3.645,3.009999932721257
88464,43.32,3.66,2.679999940097332
88465,43.32,3.675,2.489999944344163
88466,43.32,3.69,2.3599999472498894
88467,43.32,3.705,2.2899999488145113
88468,43.32,3.72,2.2799999490380287
88469,43.32,3.735,2.0199999548494816
88470,43.32,3.75,1.9299999568611383
88471,43.32,3.765,1.6799999624490738
88472,43.32,3.78,1.5399999655783176
88473,43.32,3.795,1.459999967366457
88474,43.32,3.81,1.2599999718368053
88475,43.32,3.825,1.0699999760836363
88476,43.32,3.84,0.9199999794363976
88477,43.32,3.855,0.7799999825656414
88478,43.32,3.87,0.669999985024333
88479,43.32,3.885,0.5799999870359898
88480,43.32,3.9,0.549999987706542
88481,43.32,3.915,0.5099999886006117
88482,43.32,3.93,0.5299999881535769
88483,43.32,3.945,0.5099999886006117
88484,43.32,3.96,0.5299999881535769
88485,43.32,3.975,0.5699999872595072
88486,43.32,3.99,0.5299999881535769
88487,43.32,4.005,0.4599999897181988
88488,43.32,4.02,0.5099999886006117
88489,43.32,4.035,0.5799999870359898
88490,43.32,4.05,0.6399999856948853
88491,43.32,4.065,0.5599999874830246
88492,43.32,4.08,0.8299999814480543
88493,43.32,4.095,0.9499999787658453
88494,43.32,4.11,0.7699999827891588
88495,43.32,4.125,0.8599999807775021
88496,43.32,4.14,0.9199999794363976
88497,43.32,4.155,0.9499999787658453
88498,43.32,4.17,1.099999975413084
88499,43.32,4.185,1.2099999729543924
88500,43.32,4.2,1.5699999649077654
88501,43.32,4.215,1.7799999602138996
88502,43.32,4.23,2.269999949261546
88503,43.32,4.245,2.819999936968088
88504,43.32,4.26,3.2399999275803566
88505,43.32,4.275,3.36999992467463
88506,43.32,4.29,3.3899999242275953
88507,43.32,4.305,3.1899999286979437
88508,43.32,4.32,3.209999928250909
88509,43.32,4.335,2.8899999354034662
88510,43.32,4.35,2.7699999380856752
88511,43.32,4.365,2.559999942779541
88512,43.32,4.38,2.43999994546175
88513,43.32,4.395,2.369999947026372
88514,43.32,4.41,2.559999942779541
88515,43.32,4.425,2.7699999380856752
88516,43.32,4.44,3.0499999318271875
88517,43.32,4.455,3.4999999217689037
88518,43.32,4.47,3.829999914392829
88519,43.32,4.485,4.049999909475446
88520,43.32,4.5,4.089999908581376
88521,43.32,4.515,4.149999907240272
88522,43.32,4.53,4.0799999088048935
88523,43.32,4.545,4.129999907687306
88524,43.32,4.56,4.169999906793237
88525,43.32,4.575,3.94999991171062
88526,43.32,4.59,3.5499999206513166
88527,43.32,4.605,4.059999909251928
88528,43.32,4.62,4.239999905228615
88529,43.32,4.635,4.829999892041087
88530,43.32,4.65,4.699999894946814
88531,43.32,4.665,4.959999889135361
88532,43.32,4.68,4.709999894723296
88533,43.32,4.695,4.679999895393848
88534,43.32,4.71,4.029999909922481
88535,43.32,4.725,3.7899999152868986
88536,43.32,4.74,4.369999902322888
88537,43.32,4.755,4.669999895617366
88538,43.32,4.77,4.029999909922481
88539,43.32,4.785,4.369999902322888
88540,43.32,4.8,5.209999883547425
88541,43.32,4.815,6.4499998558312654
88542,43.32,4.83,9.269999792799354
88543,43.32,4.845,11.429999744519591
88544,43.32,4.86,14.8699996676296
88545,43.32,4.875,12.27999972552061
88546,43.32,4.89,10.479999765753746
88547,43.32,4.905,8.90999980084598
88548,43.32,4.92,7.269999837502837
88549,43.32,4.935,5.379999879747629
88550,43.32,4.95,4.489999899640679
88551,43.32,4.965,4.249999905005097
88552,43.32,4.98,4.009999910369515
88553,43.32,4.995,3.9399999119341373
88554,43.32,5.01,3.7499999161809683
88555,43.32,5.025,3.1899999286979437
88556,43.32,5.04,2.299999948590994
88557,43.32,5.055,1.2599999718368053
88558,43.32,5.07,0.3299999926239252
88559,43.32,5.085,0.5699999872595072
88560,43.32,5.1,0.47999998927116394
88561,43.32,5.115,0.4499999899417162
88562,43.32,5.13,0.41999999061226845
88563,43.32,5.145,0.4399999901652336
88564,43.32,5.16,0.18999999575316906
88565,43.32,5.175,0.1599999964237213
88566,43.32,5.19,0.1599999964237213
88567,43.32,5.205,0.1699999962002039
88568,43.32,5.22,0.13999999687075615
88569,43.32,5.235,0.13999999687075615
88570,43.32,5.25,0.13999999687075615
88571,43.32,5.265,0.1699999962002039
88572,43.32,5.28,0.17999999597668648
88573,43.32,5.295,0.1599999964237213
88574,43.32,5.31,0.18999999575316906
88575,43.32,5.325,0.1699999962002039
88576,43.32,5.34,0.1699999962002039
88577,43.32,5.355,
88578,43.32,5.37,
88579,43.32,5.385,
88580,43.32,5.4,
88581,43.32,5.415,
88582,43.32,5.43,
88583,43.32,5.445,
88584,43.32,5.46,
88585,43.32,5.475,
88586,43.32,5.49,
88871,43.33,3.51,
88872,43.33,3.525,
88873,43.33,3.54,
88874,43.33,3.555,
88875,43.33,3.57,1.50999996624887
88876,43.33,3.585,2.8899999354034662
88877,43.33,3.6,2.7699999380856752
88878,43.33,3.615,3.0799999311566353
88879,43.33,3.63,3.039999932050705
88880,43.33,3.645,3.0699999313801527
88881,43.33,3.66,2.939999934285879
88882,43.33,3.675,2.819999936968088
88883,43.33,3.69,2.699999939650297
88884,43.33,3.705,2.579999942332506
88885,43.33,3.72,2.3999999463558197
88886,43.33,3.735,2.2399999499320984
88887,43.33,3.75,2.079999953508377
88888,43.33,3.765,1.9899999555200338
88889,43.33,3.78,1.839999958872795
88890,43.33,3.795,1.5899999644607306
88891,43.33,3.81,1.4399999678134918
88892,43.33,3.825,1.289999971166253
88893,43.33,3.84,1.0499999765306711
88894,43.33,3.855,0.8999999798834324
88895,43.33,3.87,0.7499999832361937
88896,43.33,3.885,0.5799999870359898
88897,43.33,3.9,0.5599999874830246
88898,43.33,3.915,0.5099999886006117
88899,43.33,3.93,0.5199999883770943
88900,43.33,3.945,0.5299999881535769
88901,43.33,3.96,0.5099999886006117
88902,43.33,3.975,0.5299999881535769
88903,43.33,3.99,0.5599999874830246
88904,43.33,4.005,0.46999998949468136
88905,43.33,4.02,0.41999999061226845
88906,43.33,4.035,0.5199999883770943
88907,43.33,4.05,0.5099999886006117
88908,43.33,4.065,0.6399999856948853
88909,43.33,4.08,0.6999999843537807
88910,43.33,4.095,0.8699999805539846
88911,43.33,4.11,0.8399999812245369
88912,43.33,4.125,0.9599999785423279
88913,43.33,4.14,1.0799999758601189
88914,43.33,4.155,1.029999976977706
88915,43.33,4.17,1.269999971613288
88916,43.33,4.185,1.459999967366457
88917,43.33,4.2,1.8099999595433474
88918,43.33,4.215,2.199999950826168
88919,43.33,4.23,2.7399999387562275
88920,43.33,4.245,3.3299999255687
88921,43.33,4.26,3.779999915510416
88922,43.33,4.275,3.799999915063381
88923,43.33,4.29,3.6999999172985554
88924,43.33,4.305,3.539999920874834
88925,43.33,4.32,3.519999921321869
88926,43.33,4.335,3.4799999222159386
88927,43.33,4.35,3.589999919757247
88928,43.33,4.365,3.36999992467463
88929,43.33,4.38,3.209999928250909
88930,43.33,4.395,3.2899999264627695
88931,43.33,4.41,3.4099999237805605
88932,43.33,4.425,3.5099999215453863
88933,43.33,4.44,3.659999918192625
88934,43.33,4.455,3.8199999146163464
88935,43.33,4.47,3.9399999119341373
88936,43.33,4.485,4.139999907463789
88937,43.33,4.5,4.209999905899167
88938,43.33,4.515,4.1999999061226845
88939,43.33,4.53,4.159999907016754
88940,43.33,4.545,4.019999910145998
88941,43.33,4.56,3.879999913275242
88942,43.33,4.575,3.689999917522073
88943,43.33,4.59,3.689999917522073
88944,43.33,4.605,4.29999990388751
88945,43.33,4.62,4.549999898299575
88946,43.33,4.635,5.279999881982803
88947,43.33,4.65,5.409999879077077
88948,43.33,4.665,5.76999987103045
88949,43.33,4.68,5.45999987795949
88950,43.33,4.695,5.389999879524112
88951,43.33,4.71,4.799999892711639
88952,43.33,4.725,4.499999899417162
88953,43.33,4.74,4.729999894276261
88954,43.33,4.755,4.719999894499779
88955,43.33,4.77,4.829999892041087
88956,43.33,4.785,4.949999889358878
88957,43.33,4.8,6.049999864771962
88958,43.33,4.815,7.449999833479524
88959,43.33,4.83,11.459999743849039
88960,43.33,4.845,12.169999727979302
88961,43.33,4.86,14.659999672323465
88962,43.33,4.875,11.169999750331044
88963,43.33,4.89,7.879999823868275
88964,43.33,4.905,6.7599998489022255
88965,43.33,4.92,5.249999882653356
88966,43.33,4.935,4.579999897629023
88967,43.33,4.95,4.049999909475446
88968,43.33,4.965,3.9399999119341373
88969,43.33,4.98,3.8899999130517244
88970,43.33,4.995,3.609999919310212
88971,43.33,5.01,3.6299999188631773
88972,43.33,5.025,3.159999929368496
88973,43.33,5.04,
88974,43.33,5.055,
88975,43.33,5.07,
88976,43.33,5.085,
88977,43.33,5.1,
88978,43.33,5.115,
88979,43.33,5.13,
88980,43.33,5.145,
88981,43.33,5.16,
88982,43.33,5.175,
88983,43.33,5.19,
88984,43.33,5.205,
88985,43.33,5.22,
88986,43.33,5.235,0.25999999418854713
88987,43.33,5.25,0.13999999687075615
88988,43.33,5.265,0.20999999530613422
88989,43.33,5.28,0.2299999948590994
88990,43.33,5.295,0.19999999552965164
88991,43.33,5.31,0.23999999463558197
88992,43.33,5.325,0.17999999597668648
88993,43.33,5.34,0.3799999915063381
88994,43.33,5.355,
88995,43.33,5.37,
88996,43.33,5.385,
88997,43.33,5.4,
88998,43.33,5.415,
88999,43.33,5.43,
89000,43.33,5.445,
89001,43.33,5.46,
89002,43.33,5.475,
89003,43.33,5.49,
89288,43.34,3.51,
89289,43.34,3.525,
89290,43.34,3.54,
89291,43.34,3.555,
89292,43.34,3.57,
89293,43.34,3.585,2.609999941661954
89294,43.34,3.6,2.8899999354034662
89295,43.34,3.615,2.7599999383091927
89296,43.34,3.63,2.9799999333918095
89297,43.34,3.645,3.2399999275803566
89298,43.34,3.66,3.0299999322742224
89299,43.34,3.675,2.9499999340623617
89300,43.34,3.69,2.869999935850501
89301,43.34,3.705,2.8899999354034662
89302,43.34,3.72,2.729999938979745
89303,43.34,3.735,2.6199999414384365
89304,43.34,3.75,2.4699999447911978
89305,43.34,3.765,2.369999947026372
89306,43.34,3.78,2.179999951273203
89307,43.34,3.795,1.889999957755208
89308,43.34,3.81,1.7799999602138996
89309,43.34,3.825,1.4999999664723873
89310,43.34,3.84,1.2299999725073576
89311,43.34,3.855,1.0399999767541885
89312,43.34,3.87,0.8099999818950891
89313,43.34,3.885,0.6799999848008156
89314,43.34,3.9,0.6799999848008156
89315,43.34,3.915,0.5399999879300594
89316,43.34,3.93,0.5299999881535769
89317,43.34,3.945,0.5699999872595072
89318,43.34,3.96,0.5799999870359898
89319,43.34,3.975,0.5599999874830246
89320,43.34,3.99,0.549999987706542
89321,43.34,4.005,0.5799999870359898
89322,43.34,4.02,0.4999999888241291
89323,43.34,4.035,0.5899999868124723
89324,43.34,4.05,0.6299999859184027
89325,43.34,4.065,0.669999985024333
89326,43.34,4.08,0.8199999816715717
89327,43.34,4.095,0.8999999798834324
89328,43.34,4.11,0.9199999794363976
89329,43.34,4.125,1.0399999767541885
89330,43.34,4.14,1.0499999765306711
89331,43.34,4.155,1.2099999729543924
89332,43.34,4.17,1.4699999671429396
89333,43.34,4.185,1.8099999595433474
89334,43.34,4.2,2.0399999544024467
89335,43.34,4.215,2.539999943226576
89336,43.34,4.23,3.0299999322742224
89337,43.34,4.245,3.519999921321869
89338,43.34,4.26,3.9299999121576548
89339,43.34,4.275,3.94999991171062
89340,43.34,4.29,3.8199999146163464
89341,43.34,4.305,3.829999914392829
89342,43.34,4.32,3.8699999134987593
89343,43.34,4.335,3.799999915063381
89344,43.34,4.35,3.8199999146163464
89345,43.34,4.365,3.8699999134987593
89346,43.34,4.38,3.8099999148398638
89347,43.34,4.395,3.7899999152868986
89348,43.34,4.41,3.7199999168515205
89349,43.34,4.425,3.7699999157339334
89350,43.34,4.44,3.9099999126046896
89351,43.34,4.455,4.0799999088048935
89352,43.34,4.47,4.169999906793237
89353,43.34,4.485,4.369999902322888
89354,43.34,4.5,4.349999902769923
89355,43.34,4.515,4.309999903663993
89356,43.34,4.53,4.21999990567565
89357,43.34,4.545,4.019999910145998
89358,43.34,4.56,4.119999907910824
89359,43.34,4.575,4.379999902099371
89360,43.34,4.59,4.599999897181988
89361,43.34,4.605,5.0599998869001865
89362,43.34,4.62,5.879999868571758
89363,43.34,4.635,5.939999867230654
89364,43.34,4.65,5.889999868348241
89365,43.34,4.665,5.4199998788535595
89366,43.34,4.68,6.4499998558312654
89367,43.34,4.695,5.469999877735972
89368,43.34,4.71,5.529999876394868
89369,43.34,4.725,5.979999866336584
89370,43.34,4.74,5.749999871477485
89371,43.34,4.755,5.349999880418181
89372,43.34,4.77,5.909999867901206
89373,43.34,4.785,5.979999866336584
89374,43.34,4.8,6.779999848455191
89375,43.34,4.815,8.919999800622463
89376,43.34,4.83,6.159999862313271
89377,43.34,4.845,
89378,43.34,4.86,12.369999723508954
89379,43.34,4.875,8.979999799281359
89380,43.34,4.89,7.219999838620424
89381,43.34,4.905,4.979999888688326
89382,43.34,4.92,4.5099998991936445
89383,43.34,4.935,4.229999905452132
89384,43.34,4.95,3.8099999148398638
89385,43.34,4.965,3.689999917522073
89386,43.34,4.98,3.6699999179691076
89387,43.34,4.995,3.5299999210983515
89388,43.34,5.01,3.6499999184161425
89389,43.34,5.025,
89390,43.34,5.04,
89391,43.34,5.055,
89392,43.34,5.07,
89393,43.34,5.085,
89394,43.34,5.1,
89395,43.34,5.115,
89396,43.34,5.13,
89397,43.34,5.145,
89398,43.34,5.16,
89399,43.34,5.175,
89400,43.34,5.19,
89401,43.34,5.205,
89402,43.34,5.22,
89403,43.34,5.235,
89404,43.34,5.25,
89405,43.34,5.265,0.2899999935179949
89406,43.34,5.28,0.2299999948590994
89407,43.34,5.295,0.25999999418854713
89408,43.34,5.31,0.2299999948590994
89409,43.34,5.325,0.2199999950826168
89410,43.34,5.34,
89411,43.34,5.355,
89412,43.34,5.37,
89413,43.34,5.385,
89414,43.34,5.4,
89415,43.34,5.415,
89416,43.34,5.43,
89417,43.34,5.445,
89418,43.34,5.46,
89419,43.34,5.475,
89420,43.34,5.49,
89705,43.35,3.51,
89706,43.35,3.525,
89707,43.35,3.54,
89708,43.35,3.555,
89709,43.35,3.57,
89710,43.35,3.585,
89711,43.35,3.6,2.729999938979745
89712,43.35,3.615,2.969999933615327
89713,43.35,3.63,2.9099999349564314
89714,43.35,3.645,3.159999929368496
89715,43.35,3.66,3.279999926686287
89716,43.35,3.675,3.2199999280273914
89717,43.35,3.69,3.179999928921461
89718,43.35,3.705,3.159999929368496
89719,43.35,3.72,3.0799999311566353
89720,43.35,3.735,3.0299999322742224
89721,43.35,3.75,2.869999935850501
89722,43.35,3.765,2.699999939650297
89723,43.35,3.78,2.5299999434500933
89724,43.35,3.795,2.179999951273203
89725,43.35,3.81,1.9099999573081732
89726,43.35,3.825,1.6299999635666609
89727,43.35,3.84,1.3699999693781137
89728,43.35,3.855,1.2499999720603228
89729,43.35,3.87,0.9999999776482582
89730,43.35,3.885,0.6899999845772982
89731,43.35,3.9,0.6199999861419201
89732,43.35,3.915,0.6999999843537807
89733,43.35,3.93,0.6599999852478504
89734,43.35,3.945,0.5899999868124723
89735,43.35,3.96,0.5899999868124723
89736,43.35,3.975,0.5899999868124723
89737,43.35,3.99,0.5899999868124723
89738,43.35,4.005,0.4899999890476465
89739,43.35,4.02,0.5299999881535769
89740,43.35,4.035,0.5799999870359898
89741,43.35,4.05,0.669999985024333
89742,43.35,4.065,0.6599999852478504
89743,43.35,4.08,0.8099999818950891
89744,43.35,4.095,0.8899999801069498
89745,43.35,4.11,0.9999999776482582
89746,43.35,4.125,1.0899999756366014
89747,43.35,4.14,1.1099999751895666
89748,43.35,4.155,1.3999999687075615
89749,43.35,4.17,1.8999999575316906
89750,43.35,4.185,2.0899999532848597
89751,43.35,4.2,2.4099999461323023
89752,43.35,4.215,2.7399999387562275
89753,43.35,4.23,3.1999999284744263
89754,43.35,4.245,3.4299999233335257
89755,43.35,4.26,4.019999910145998
89756,43.35,4.275,4.1999999061226845
89757,43.35,4.29,4.149999907240272
89758,43.35,4.305,4.169999906793237
89759,43.35,4.32,4.119999907910824
89760,43.35,4.335,4.049999909475446
89761,43.35,4.35,4.089999908581376
89762,43.35,4.365,3.9599999114871025
89763,43.35,4.38,4.029999909922481
89764,43.35,4.395,4.019999910145998
89765,43.35,4.41,4.049999909475446
89766,43.35,4.425,4.059999909251928
89767,43.35,4.44,4.1999999061226845
89768,43.35,4.455,4.369999902322888
89769,43.35,4.47,4.449999900534749
89770,43.35,4.485,4.56999989785254
89771,43.35,4.5,4.539999898523092
89772,43.35,4.515,4.619999896734953
89773,43.35,4.53,4.25999990478158
89774,43.35,4.545,4.29999990388751
89775,43.35,4.56,4.619999896734953
89776,43.35,4.575,4.8799998909235
89777,43.35,4.59,4.849999891594052
89778,43.35,4.605,6.569999853149056
89779,43.35,4.62,6.709999850019813
89780,43.35,4.635,5.159999884665012
89781,43.35,4.65,5.479999877512455
89782,43.35,4.665,6.0899998638778925
89783,43.35,4.68,9.789999781176448
89784,43.35,4.695,4.719999894499779
89785,43.35,4.71,5.909999867901206
89786,43.35,4.725,5.8499998692423105
89787,43.35,4.74,6.499999854713678
89788,43.35,4.755,5.519999876618385
89789,43.35,4.77,6.73999984934926
89790,43.35,4.785,8.989999799057841
89791,43.35,4.8,7.399999834597111
89792,43.35,4.815,
89793,43.35,4.83,
89794,43.35,4.845,
89795,43.35,4.86,
89796,43.35,4.875,5.359999880194664
89797,43.35,4.89,4.789999892935157
89798,43.35,4.905,4.909999890252948
89799,43.35,4.92,4.449999900534749
89800,43.35,4.935,4.169999906793237
89801,43.35,4.95,3.8099999148398638
89802,43.35,4.965,3.609999919310212
89803,43.35,4.98,3.5099999215453863
89804,43.35,4.995,3.5799999199807644
89805,43.35,5.01,3.3799999244511127
89806,43.35,5.025,
89807,43.35,5.04,
89808,43.35,5.055,
89809,43.35,5.07,
89810,43.35,5.085,
89811,43.35,5.1,
89812,43.35,5.115,
89813,43.35,5.13,
89814,43.35,5.145,
89815,43.35,5.16,
89816,43.35,5.175,
89817,43.35,5.19,
89818,43.35,5.205,
89819,43.35,5.22,
89820,43.35,5.235,
89821,43.35,5.25,
89822,43.35,5.265,
89823,43.35,5.28,
89824,43.35,5.295,0.18999999575316906
89825,43.35,5.31,0.25999999418854713
89826,43.35,5.325,0.14999999664723873
89827,43.35,5.34,
89828,43.35,5.355,
89829,43.35,5.37,
89830,43.35,5.385,
89831,43.35,5.4,
89832,43.35,5.415,
89833,43.35,5.43,
89834,43.35,5.445,
89835,43.35,5.46,
89836,43.35,5.475,
89837,43.35,5.49,
90122,43.36,3.51,
90123,43.36,3.525,
90124,43.36,3.54,
90125,43.36,3.555,
90126,43.36,3.57,
90127,43.36,3.585,
90128,43.36,3.6,
90129,43.36,3.615,3.009999932721257
90130,43.36,3.63,3.01999993249774
90131,43.36,3.645,3.109999930486083
90132,43.36,3.66,3.6199999190866947
90133,43.36,3.675,3.399999924004078
90134,43.36,3.69,3.3899999242275953
90135,43.36,3.705,3.4399999231100082
90136,43.36,3.72,3.419999923557043
90137,43.36,3.735,3.2399999275803566
90138,43.36,3.75,3.129999930039048
90139,43.36,3.765,2.9999999329447746
90140,43.36,3.78,2.8099999371916056
90141,43.36,3.795,2.4499999452382326
90142,43.36,3.81,2.149999951943755
90143,43.36,3.825,1.699999962002039
90144,43.36,3.84,1.4799999669194221
90145,43.36,3.855,1.2799999713897705
90146,43.36,3.87,1.0699999760836363
90147,43.36,3.885,0.7199999839067459
90148,43.36,3.9,0.4899999890476465
90149,43.36,3.915,0.5599999874830246
90150,43.36,3.93,0.6299999859184027
90151,43.36,3.945,0.7199999839067459
90152,43.36,3.96,0.6299999859184027
90153,43.36,3.975,0.6399999856948853
90154,43.36,3.99,0.6099999863654375
90155,43.36,4.005,0.47999998927116394
90156,43.36,4.02,0.549999987706542
90157,43.36,4.035,0.4999999888241291
90158,43.36,4.05,0.6899999845772982
90159,43.36,4.065,0.5599999874830246
90160,43.36,4.08,0.6499999854713678
90161,43.36,4.095,0.9299999792128801
90162,43.36,4.11,1.0699999760836363
90163,43.36,4.125,1.2299999725073576
90164,43.36,4.14,1.169999973848462
90165,43.36,4.155,1.6099999640136957
90166,43.36,4.17,2.1699999514967203
90167,43.36,4.185,2.459999945014715
90168,43.36,4.2,2.869999935850501
90169,43.36,4.215,2.989999933168292
90170,43.36,4.23,3.1399999298155308
90171,43.36,4.245,3.7699999157339334
90172,43.36,4.26,4.049999909475446
90173,43.36,4.275,4.369999902322888
90174,43.36,4.29,4.449999900534749
90175,43.36,4.305,4.559999898076057
90176,43.36,4.32,4.369999902322888
90177,43.36,4.335,4.349999902769923
90178,43.36,4.35,4.489999899640679
90179,43.36,4.365,4.409999901428819
90180,43.36,4.38,4.309999903663993
90181,43.36,4.395,4.289999904111028
90182,43.36,4.41,4.339999902993441
90183,43.36,4.425,4.289999904111028
90184,43.36,4.44,4.379999902099371
90185,43.36,4.455,4.52999989874661
90186,43.36,4.47,4.689999895170331
90187,43.36,4.485,4.849999891594052
90188,43.36,4.5,4.8799998909235
90189,43.36,4.515,4.719999894499779
90190,43.36,4.53,4.599999897181988
90191,43.36,4.545,4.719999894499779
90192,43.36,4.56,5.159999884665012
90193,43.36,4.575,5.259999882429838
90194,43.36,4.59,4.25999990478158
90195,43.36,4.605,5.129999885335565
90196,43.36,4.62,9.849999779835343
90197,43.36,4.635,9.009999798610806
90198,43.36,4.65,
90199,43.36,4.665,
90200,43.36,4.68,
90201,43.36,4.695,
90202,43.36,4.71,
90203,43.36,4.725,4.129999907687306
90204,43.36,4.74,6.899999845772982
90205,43.36,4.755,
90206,43.36,4.77,
90207,43.36,4.785,
90208,43.36,4.8,
90209,43.36,4.815,
90210,43.36,4.83,
90211,43.36,4.845,
90212,43.36,4.86,
90213,43.36,4.875,
90214,43.36,4.89,
90215,43.36,4.905,5.089999886229634
90216,43.36,4.92,4.849999891594052
90217,43.36,4.935,4.3899999018758535
90218,43.36,4.95,3.9599999114871025
90219,43.36,4.965,3.849999913945794
90220,43.36,4.98,3.349999925121665
90221,43.36,4.995,3.469999922439456
90222,43.36,5.01,3.5999999195337296
90223,43.36,5.025,
90224,43.36,5.04,
90225,43.36,5.055,
90226,43.36,5.07,
90227,43.36,5.085,
90228,43.36,5.1,
90229,43.36,5.115,
90230,43.36,5.13,
90231,43.36,5.145,
90232,43.36,5.16,
90233,43.36,5.175,
90234,43.36,5.19,
90235,43.36,5.205,
90236,43.36,5.22,
90237,43.36,5.235,
90238,43.36,5.25,
90239,43.36,5.265,
90240,43.36,5.28,
90241,43.36,5.295,
90242,43.36,5.31,
90243,43.36,5.325,
90244,43.36,5.34,
90245,43.36,5.355,
90246,43.36,5.37,
90247,43.36,5.385,
90248,43.36,5.4,
90249,43.36,5.415,
90250,43.36,5.43,
90251,43.36,5.445,
90252,43.36,5.46,
90253,43.36,5.475,
90254,43.36,5.49,
90539,43.37,3.51,
90540,43.37,3.525,
90541,43.37,3.54,
90542,43.37,3.555,
90543,43.37,3.57,
90544,43.37,3.585,
90545,43.37,3.6,
90546,43.37,3.615,3.0499999318271875
90547,43.37,3.63,2.7399999387562275
90548,43.37,3.645,2.9599999338388443
90549,43.37,3.66,3.4399999231100082
90550,43.37,3.675,3.5099999215453863
90551,43.37,3.69,3.519999921321869
90552,43.37,3.705,3.569999920204282
90553,43.37,3.72,3.6299999188631773
90554,43.37,3.735,3.5499999206513166
90555,43.37,3.75,3.4399999231100082
90556,43.37,3.765,3.399999924004078
90557,43.37,3.78,3.0799999311566353
90558,43.37,3.795,2.779999937862158
90559,43.37,3.81,2.43999994546175
90560,43.37,3.825,1.9799999557435513
90561,43.37,3.84,1.649999963119626
90562,43.37,3.855,1.4799999669194221
90563,43.37,3.87,1.1899999734014273
90564,43.37,3.885,0.7699999827891588
90565,43.37,3.9,0.549999987706542
90566,43.37,3.915,0.6199999861419201
90567,43.37,3.93,0.5399999879300594
90568,43.37,3.945,0.5299999881535769
90569,43.37,3.96,0.5399999879300594
90570,43.37,3.975,0.5299999881535769
90571,43.37,3.99,0.4899999890476465
90572,43.37,4.005,0.5699999872595072
90573,43.37,4.02,0.5999999865889549
90574,43.37,4.035,0.549999987706542
90575,43.37,4.05,0.5599999874830246
90576,43.37,4.065,0.6399999856948853
90577,43.37,4.08,0.9199999794363976
90578,43.37,4.095,1.0399999767541885
90579,43.37,4.11,1.1299999747425318
90580,43.37,4.125,1.3199999704957008
90581,43.37,4.14,1.2499999720603228
90582,43.37,4.155,1.81999995931983
90583,43.37,4.17,2.2099999506026506
90584,43.37,4.185,2.8399999365210533
90585,43.37,4.2,2.799999937415123
90586,43.37,4.215,3.109999930486083
90587,43.37,4.23,3.589999919757247
90588,43.37,4.245,3.8699999134987593
90589,43.37,4.26,4.359999902546406
90590,43.37,4.275,4.56999989785254
90591,43.37,4.29,4.699999894946814
90592,43.37,4.305,4.909999890252948
90593,43.37,4.32,5.099999886006117
90594,43.37,4.335,4.929999889805913
90595,43.37,4.35,4.959999889135361
90596,43.37,4.365,4.979999888688326
90597,43.37,4.38,4.709999894723296
90598,43.37,4.395,4.6299998965114355
90599,43.37,4.41,4.579999897629023
90600,43.37,4.425,4.639999896287918
90601,43.37,4.44,4.469999900087714
90602,43.37,4.455,4.809999892488122
90603,43.37,4.47,4.979999888688326
90604,43.37,4.485,5.1099998857825994
90605,43.37,4.5,5.209999883547425
90606,43.37,4.515,4.959999889135361
90607,43.37,4.53,4.929999889805913
90608,43.37,4.545,5.739999871701002
90609,43.37,4.56,6.11999986320734
90610,43.37,4.575,3.8699999134987593
90611,43.37,4.59,
90612,43.37,4.605,
90613,43.37,4.62,
90614,43.37,4.635,
90615,43.37,4.65,
90616,43.37,4.665,
90617,43.37,4.68,
90618,43.37,4.695,
90619,43.37,4.71,
90620,43.37,4.725,
90621,43.37,4.74,
90622,43.37,4.755,
90623,43.37,4.77,
90624,43.37,4.785,
90625,43.37,4.8,
90626,43.37,4.815,
90627,43.37,4.83,
90628,43.37,4.845,
90629,43.37,4.86,
90630,43.37,4.875,4.369999902322888
90631,43.37,4.89,5.379999879747629
90632,43.37,4.905,5.319999881088734
90633,43.37,4.92,4.699999894946814
90634,43.37,4.935,4.519999898970127
90635,43.37,4.95,4.139999907463789
90636,43.37,4.965,3.919999912381172
90637,43.37,4.98,3.7499999161809683
90638,43.37,4.995,3.3399999253451824
90639,43.37,5.01,
90640,43.37,5.025,
90641,43.37,5.04,
90642,43.37,5.055,
90643,43.37,5.07,
90644,43.37,5.085,
90645,43.37,5.1,
90646,43.37,5.115,
90647,43.37,5.13,
90648,43.37,5.145,
90649,43.37,5.16,
90650,43.37,5.175,
90651,43.37,5.19,
90652,43.37,5.205,
90653,43.37,5.22,
90654,43.37,5.235,
90655,43.37,5.25,
90656,43.37,5.265,
90657,43.37,5.28,
90658,43.37,5.295,
90659,43.37,5.31,
90660,43.37,5.325,
90661,43.37,5.34,
90662,43.37,5.355,
90663,43.37,5.37,
90664,43.37,5.385,
90665,43.37,5.4,
90666,43.37,5.415,
90667,43.37,5.43,
90668,43.37,5.445,
90669,43.37,5.46,
90670,43.37,5.475,
90671,43.37,5.49,
90956,43.38,3.51,
90957,43.38,3.525,
90958,43.38,3.54,
90959,43.38,3.555,
90960,43.38,3.57,
90961,43.38,3.585,
90962,43.38,3.6,
90963,43.38,3.615,
90964,43.38,3.63,2.5499999430030584
90965,43.38,3.645,3.1399999298155308
90966,43.38,3.66,3.1399999298155308
90967,43.38,3.675,3.109999930486083
90968,43.38,3.69,3.4399999231100082
90969,43.38,3.705,3.5799999199807644
90970,43.38,3.72,3.589999919757247
90971,43.38,3.735,3.689999917522073
90972,43.38,3.75,3.709999917075038
90973,43.38,3.765,3.589999919757247
90974,43.38,3.78,3.299999926239252
90975,43.38,3.795,3.0299999322742224
90976,43.38,3.81,2.729999938979745
90977,43.38,3.825,2.1699999514967203
90978,43.38,3.84,1.769999960437417
90979,43.38,3.855,1.529999965801835
90980,43.38,3.87,0.8899999801069498
90981,43.38,3.885,0.8299999814480543
90982,43.38,3.9,0.6799999848008156
90983,43.38,3.915,0.5999999865889549
90984,43.38,3.93,0.549999987706542
90985,43.38,3.945,0.5199999883770943
90986,43.38,3.96,0.5199999883770943
90987,43.38,3.975,0.5999999865889549
90988,43.38,3.99,0.5299999881535769
90989,43.38,4.005,0.4999999888241291
90990,43.38,4.02,0.6899999845772982
90991,43.38,4.035,0.4899999890476465
90992,43.38,4.05,0.5299999881535769
90993,43.38,4.065,0.6899999845772982
90994,43.38,4.08,0.8199999816715717
90995,43.38,4.095,0.8099999818950891
90996,43.38,4.11,1.2099999729543924
90997,43.38,4.125,1.389999968931079
90998,43.38,4.14,1.3799999691545963
90999,43.38,4.155,2.0999999530613422
91000,43.38,4.17,2.459999945014715
91001,43.38,4.185,2.5999999418854713
91002,43.38,4.2,2.6699999403208494
91003,43.38,4.215,3.01999993249774
91004,43.38,4.23,3.4799999222159386
91005,43.38,4.245,4.0799999088048935
91006,43.38,4.26,4.60999989695847
91007,43.38,4.275,4.769999893382192
91008,43.38,4.29,5.199999883770943
91009,43.38,4.305,5.529999876394868
91010,43.38,4.32,5.829999869689345
91011,43.38,4.335,5.949999867007136
91012,43.38,4.35,5.859999869018793
91013,43.38,4.365,5.829999869689345
91014,43.38,4.38,5.80999987013638
91015,43.38,4.395,5.719999872148037
91016,43.38,4.41,5.49999987706542
91017,43.38,4.425,5.1799998842179775
91018,43.38,4.44,4.789999892935157
91019,43.38,4.455,5.039999887347221
91020,43.38,4.47,5.039999887347221
91021,43.38,4.485,5.2999998815357685
91022,43.38,4.5,5.429999878630042
91023,43.38,4.515,5.169999884441495
91024,43.38,4.53,5.069999886676669
91025,43.38,4.545,5.45999987795949
91026,43.38,4.56,7.709999827668071
91027,43.38,4.575,5.949999867007136
91028,43.38,4.59,
91029,43.38,4.605,
91030,43.38,4.62,
91031,43.38,4.635,
91032,43.38,4.65,
91033,43.38,4.665,
91034,43.38,4.68,
91035,43.38,4.695,
91036,43.38,4.71,
91037,43.38,4.725,
91038,43.38,4.74,
91039,43.38,4.755,
91040,43.38,4.77,
91041,43.38,4.785,
91042,43.38,4.8,
91043,43.38,4.815,
91044,43.38,4.83,
91045,43.38,4.845,
91046,43.38,4.86,3.539999920874834
91047,43.38,4.875,4.069999909028411
91048,43.38,4.89,4.239999905228615
91049,43.38,4.905,5.14999988488853
91050,43.38,4.92,4.549999898299575
91051,43.38,4.935,4.369999902322888
91052,43.38,4.95,4.459999900311232
91053,43.38,4.965,3.94999991171062
91054,43.38,4.98,3.609999919310212
91055,43.38,4.995,
91056,43.38,5.01,
91057,43.38,5.025,
91058,43.38,5.04,
91059,43.38,5.055,
91060,43.38,5.07,
91061,43.38,5.085,
91062,43.38,5.1,
91063,43.38,5.115,
91064,43.38,5.13,
91065,43.38,5.145,
91066,43.38,5.16,
91067,43.38,5.175,
91068,43.38,5.19,
91069,43.38,5.205,
91070,43.38,5.22,
91071,43.38,5.235,
91072,43.38,5.25,
91073,43.38,5.265,
91074,43.38,5.28,
91075,43.38,5.295,
91076,43.38,5.31,
91077,43.38,5.325,
91078,43.38,5.34,
91079,43.38,5.355,
91080,43.38,5.37,
91081,43.38,5.385,
91082,43.38,5.4,
91083,43.38,5.415,
91084,43.38,5.43,
91085,43.38,5.445,
91086,43.38,5.46,
91087,43.38,5.475,
91088,43.38,5.49,
91373,43.39,3.51,
91374,43.39,3.525,
91375,43.39,3.54,
91376,43.39,3.555,
91377,43.39,3.57,
91378,43.39,3.585,
91379,43.39,3.6,
91380,43.39,3.615,
91381,43.39,3.63,
91382,43.39,3.645,5.359999880194664
91383,43.39,3.66,2.2799999490380287
91384,43.39,3.675,2.699999939650297
91385,43.39,3.69,2.9499999340623617
91386,43.39,3.705,3.489999921992421
91387,43.39,3.72,3.3399999253451824
91388,43.39,3.735,3.689999917522073
91389,43.39,3.75,3.5599999204277992
91390,43.39,3.765,3.729999916628003
91391,43.39,3.78,3.5299999210983515
91392,43.39,3.795,3.209999928250909
91393,43.39,3.81,2.969999933615327
91394,43.39,3.825,2.339999947696924
91395,43.39,3.84,1.889999957755208
91396,43.39,3.855,1.3499999698251486
91397,43.39,3.87,1.099999975413084
91398,43.39,3.885,0.8899999801069498
91399,43.39,3.9,0.7199999839067459
91400,43.39,3.915,0.6399999856948853
91401,43.39,3.93,0.6999999843537807
91402,43.39,3.945,0.6199999861419201
91403,43.39,3.96,0.5599999874830246
91404,43.39,3.975,0.6299999859184027
91405,43.39,3.99,0.549999987706542
91406,43.39,4.005,0.5399999879300594
91407,43.39,4.02,0.7299999836832285
91408,43.39,4.035,0.5899999868124723
91409,43.39,4.05,0.669999985024333
91410,43.39,4.065,0.8199999816715717
91411,43.39,4.08,0.9399999789893627
91412,43.39,4.095,0.8799999803304672
91413,43.39,4.11,1.339999970048666
91414,43.39,4.125,1.5599999651312828
91415,43.39,4.14,1.6599999628961086
91416,43.39,4.155,2.2399999499320984
91417,43.39,4.17,2.8299999367445707
91418,43.39,4.185,3.0699999313801527
91419,43.39,4.2,3.159999929368496
91420,43.39,4.215,3.3799999244511127
91421,43.39,4.23,3.8099999148398638
91422,43.39,4.245,4.129999907687306
91423,43.39,4.26,4.929999889805913
91424,43.39,4.275,5.399999879300594
91425,43.39,4.29,5.669999873265624
91426,43.39,4.305,5.929999867454171
91427,43.39,4.32,6.479999855160713
91428,43.39,4.335,6.799999848008156
91429,43.39,4.35,7.169999839738011
91430,43.39,4.365,7.209999838843942
91431,43.39,4.38,7.439999833703041
91432,43.39,4.395,7.479999832808971
91433,43.39,4.41,7.1899998392909765
91434,43.39,4.425,6.07999986410141
91435,43.39,4.44,5.239999882876873
91436,43.39,4.455,5.279999881982803
91437,43.39,4.47,5.2999998815357685
91438,43.39,4.485,5.429999878630042
91439,43.39,4.5,5.509999876841903
91440,43.39,4.515,5.4199998788535595
91441,43.39,4.53,5.2999998815357685
91442,43.39,4.545,5.329999880865216
91443,43.39,4.56,9.389999790117145
91444,43.39,4.575,5.629999874159694
91445,43.39,4.59,
91446,43.39,4.605,
91447,43.39,4.62,
91448,43.39,4.635,
91449,43.39,4.65,
91450,43.39,4.665,
91451,43.39,4.68,
91452,43.39,4.695,
91453,43.39,4.71,
91454,43.39,4.725,
91455,43.39,4.74,
91456,43.39,4.755,
91457,43.39,4.77,
91458,43.39,4.785,
91459,43.39,4.8,
91460,43.39,4.815,
91461,43.39,4.83,
91462,43.39,4.845,
91463,43.39,4.86,3.999999910593033
91464,43.39,4.875,4.429999900981784
91465,43.39,4.89,4.4399999007582664
91466,43.39,4.905,5.099999886006117
91467,43.39,4.92,4.929999889805913
91468,43.39,4.935,4.209999905899167
91469,43.39,4.95,4.349999902769923
91470,43.39,4.965,4.059999909251928
91471,43.39,4.98,3.519999921321869
91472,43.39,4.995,
91473,43.39,5.01,
91474,43.39,5.025,
91475,43.39,5.04,
91476,43.39,5.055,
91477,43.39,5.07,
91478,43.39,5.085,
91479,43.39,5.1,
91480,43.39,5.115,
91481,43.39,5.13,
91482,43.39,5.145,
91483,43.39,5.16,
91484,43.39,5.175,
91485,43.39,5.19,
91486,43.39,5.205,
91487,43.39,5.22,
91488,43.39,5.235,
91489,43.39,5.25,
91490,43.39,5.265,
91491,43.39,5.28,
91492,43.39,5.295,
91493,43.39,5.31,
91494,43.39,5.325,
91495,43.39,5.34,
91496,43.39,5.355,
91497,43.39,5.37,
91498,43.39,5.385,
91499,43.39,5.4,
91500,43.39,5.415,
91501,43.39,5.43,
91502,43.39,5.445,
91503,43.39,5.46,
91504,43.39,5.475,
91505,43.39,5.49,
91790,43.4,3.51,
91791,43.4,3.525,
91792,43.4,3.54,
91793,43.4,3.555,
91794,43.4,3.57,
91795,43.4,3.585,
91796,43.4,3.6,
91797,43.4,3.615,
91798,43.4,3.63,
91799,43.4,3.645,
91800,43.4,3.66,
91801,43.4,3.675,
91802,43.4,3.69,
91803,43.4,3.705,3.2699999269098043
91804,43.4,3.72,2.7399999387562275
91805,43.4,3.735,2.969999933615327
91806,43.4,3.75,3.349999925121665
91807,43.4,3.765,3.849999913945794
91808,43.4,3.78,3.689999917522073
91809,43.4,3.795,3.399999924004078
91810,43.4,3.81,2.919999934732914
91811,43.4,3.825,2.5299999434500933
91812,43.4,3.84,2.149999951943755
91813,43.4,3.855,1.529999965801835
91814,43.4,3.87,1.3199999704957008
91815,43.4,3.885,1.099999975413084
91816,43.4,3.9,0.9199999794363976
91817,43.4,3.915,0.7799999825656414
91818,43.4,3.93,0.6599999852478504
91819,43.4,3.945,0.7399999834597111
91820,43.4,3.96,0.549999987706542
91821,43.4,3.975,0.5899999868124723
91822,43.4,3.99,0.6199999861419201
91823,43.4,4.005,0.7099999841302633
91824,43.4,4.02,0.7699999827891588
91825,43.4,4.035,0.8399999812245369
91826,43.4,4.05,0.8199999816715717
91827,43.4,4.065,0.9599999785423279
91828,43.4,4.08,1.0199999772012234
91829,43.4,4.095,1.1399999745190144
91830,43.4,4.11,1.579999964684248
91831,43.4,4.125,1.9299999568611383
91832,43.4,4.14,1.889999957755208
91833,43.4,4.155,2.43999994546175
91834,43.4,4.17,3.01999993249774
91835,43.4,4.185,3.3599999248981476
91836,43.4,4.2,3.4299999233335257
91837,43.4,4.215,3.759999915957451
91838,43.4,4.23,4.289999904111028
91839,43.4,4.245,4.589999897405505
91840,43.4,4.26,5.1099998857825994
91841,43.4,4.275,5.5399998761713505
91842,43.4,4.29,6.059999864548445
91843,43.4,4.305,7.029999842867255
91844,43.4,4.32,7.479999832808971
91845,43.4,4.335,8.079999819397926
91846,43.4,4.35,8.799999803304672
91847,43.4,4.365,9.089999796822667
91848,43.4,4.38,10.099999774247408
91849,43.4,4.395,11.019999753683805
91850,43.4,4.41,10.249999770894647
91851,43.4,4.425,7.519999831914902
91852,43.4,4.44,5.5399998761713505
91853,43.4,4.455,5.329999880865216
91854,43.4,4.47,5.76999987103045
91855,43.4,4.485,5.569999875500798
91856,43.4,4.5,5.749999871477485
91857,43.4,4.515,5.6099998746067286
91858,43.4,4.53,5.699999872595072
91859,43.4,4.545,5.80999987013638
91860,43.4,4.56,7.62999982945621
91861,43.4,4.575,9.389999790117145
91862,43.4,4.59,6.189999861642718
91863,43.4,4.605,
91864,43.4,4.62,
91865,43.4,4.635,
91866,43.4,4.65,
91867,43.4,4.665,
91868,43.4,4.68,
91869,43.4,4.695,
91870,43.4,4.71,
91871,43.4,4.725,
91872,43.4,4.74,
91873,43.4,4.755,
91874,43.4,4.77,
91875,43.4,4.785,
91876,43.4,4.8,
91877,43.4,4.815,
91878,43.4,4.83,
91879,43.4,4.845,
91880,43.4,4.86,4.6299998965114355
91881,43.4,4.875,4.679999895393848
91882,43.4,4.89,4.729999894276261
91883,43.4,4.905,4.83999989181757
91884,43.4,4.92,4.679999895393848
91885,43.4,4.935,4.479999899864197
91886,43.4,4.95,4.329999903216958
91887,43.4,4.965,4.309999903663993
91888,43.4,4.98,2.579999942332506
91889,43.4,4.995,
91890,43.4,5.01,
91891,43.4,5.025,
91892,43.4,5.04,
91893,43.4,5.055,
91894,43.4,5.07,
91895,43.4,5.085,
91896,43.4,5.1,
91897,43.4,5.115,
91898,43.4,5.13,
91899,43.4,5.145,
91900,43.4,5.16,
91901,43.4,5.175,
91902,43.4,5.19,
91903,43.4,5.205,
91904,43.4,5.22,
91905,43.4,5.235,
91906,43.4,5.25,
91907,43.4,5.265,
91908,43.4,5.28,
91909,43.4,5.295,
91910,43.4,5.31,
91911,43.4,5.325,
91912,43.4,5.34,
91913,43.4,5.355,
91914,43.4,5.37,
91915,43.4,5.385,
91916,43.4,5.4,
91917,43.4,5.415,
91918,43.4,5.43,
91919,43.4,5.445,
91920,43.4,5.46,
91921,43.4,5.475,
91922,43.4,5.49,
92207,43.41,3.51,
92208,43.41,3.525,
92209,43.41,3.54,
92210,43.41,3.555,
92211,43.41,3.57,
92212,43.41,3.585,
92213,43.41,3.6,
92214,43.41,3.615,
92215,43.41,3.63,
92216,43.41,3.645,
92217,43.41,3.66,
92218,43.41,3.675,
92219,43.41,3.69,
92220,43.41,3.705,
92221,43.41,3.72,
92222,43.41,3.735,2.8299999367445707
92223,43.41,3.75,3.129999930039048
92224,43.41,3.765,3.5099999215453863
92225,43.41,3.78,3.6699999179691076
92226,43.41,3.795,3.3299999255687
92227,43.41,3.81,3.109999930486083
92228,43.41,3.825,2.6899999398738146
92229,43.41,3.84,2.1399999521672726
92230,43.41,3.855,1.7599999606609344
92231,43.41,3.87,1.6099999640136957
92232,43.41,3.885,1.3699999693781137
92233,43.41,3.9,1.1999999731779099
92234,43.41,3.915,0.9599999785423279
92235,43.41,3.93,0.789999982342124
92236,43.41,3.945,0.7599999830126762
92237,43.41,3.96,0.7599999830126762
92238,43.41,3.975,0.6799999848008156
92239,43.41,3.99,0.6999999843537807
92240,43.41,4.005,0.7599999830126762
92241,43.41,4.02,0.8299999814480543
92242,43.41,4.035,0.9499999787658453
92243,43.41,4.05,0.9899999778717756
92244,43.41,4.065,1.0399999767541885
92245,43.41,4.08,1.169999973848462
92246,43.41,4.095,1.4999999664723873
92247,43.41,4.11,1.889999957755208
92248,43.41,4.125,2.149999951943755
92249,43.41,4.14,2.2199999503791332
92250,43.41,4.155,2.8399999365210533
92251,43.41,4.17,3.2699999269098043
92252,43.41,4.185,3.419999923557043
92253,43.41,4.2,3.5599999204277992
92254,43.41,4.215,3.609999919310212
92255,43.41,4.23,4.159999907016754
92256,43.41,4.245,4.479999899864197
92257,43.41,4.26,4.9899998884648085
92258,43.41,4.275,5.909999867901206
92259,43.41,4.29,6.809999847784638
92260,43.41,4.305,7.7399998269975185
92261,43.41,4.32,8.359999813139439
92262,43.41,4.335,9.05999979749322
92263,43.41,4.35,9.999999776482582
92264,43.41,4.365,12.179999727755785
92265,43.41,4.38,13.839999690651894
92266,43.41,4.395,16.599999628961086
92267,43.41,4.41,15.329999657347798
92268,43.41,4.425,9.999999776482582
92269,43.41,4.44,6.69999985024333
92270,43.41,4.455,5.439999878406525
92271,43.41,4.47,5.579999875277281
92272,43.41,4.485,5.709999872371554
92273,43.41,4.5,6.159999862313271
92274,43.41,4.515,6.099999863654375
92275,43.41,4.53,6.259999860078096
92276,43.41,4.545,6.339999858289957
92277,43.41,4.56,7.419999834150076
92278,43.41,4.575,7.679999828338623
92279,43.41,4.59,20.469999542459846
92280,43.41,4.605,
92281,43.41,4.62,
92282,43.41,4.635,
92283,43.41,4.65,
92284,43.41,4.665,
92285,43.41,4.68,
92286,43.41,4.695,
92287,43.41,4.71,
92288,43.41,4.725,
92289,43.41,4.74,
92290,43.41,4.755,
92291,43.41,4.77,
92292,43.41,4.785,
92293,43.41,4.8,
92294,43.41,4.815,
92295,43.41,4.83,
92296,43.41,4.845,
92297,43.41,4.86,
92298,43.41,4.875,3.94999991171062
92299,43.41,4.89,4.189999906346202
92300,43.41,4.905,4.289999904111028
92301,43.41,4.92,4.659999895840883
92302,43.41,4.935,4.719999894499779
92303,43.41,4.95,4.359999902546406
92304,43.41,4.965,4.289999904111028
92305,43.41,4.98,
92306,43.41,4.995,
92307,43.41,5.01,
92308,43.41,5.025,
92309,43.41,5.04,
92310,43.41,5.055,
92311,43.41,5.07,
92312,43.41,5.085,
92313,43.41,5.1,
92314,43.41,5.115,
92315,43.41,5.13,
92316,43.41,5.145,
92317,43.41,5.16,
92318,43.41,5.175,
92319,43.41,5.19,
92320,43.41,5.205,
92321,43.41,5.22,
92322,43.41,5.235,
92323,43.41,5.25,
92324,43.41,5.265,
92325,43.41,5.28,
92326,43.41,5.295,
92327,43.41,5.31,
92328,43.41,5.325,
92329,43.41,5.34,
92330,43.41,5.355,
92331,43.41,5.37,
92332,43.41,5.385,
92333,43.41,5.4,
92334,43.41,5.415,
92335,43.41,5.43,
92336,43.41,5.445,
92337,43.41,5.46,
92338,43.41,5.475,
92339,43.41,5.49,
92624,43.42,3.51,
92625,43.42,3.525,
92626,43.42,3.54,
92627,43.42,3.555,
92628,43.42,3.57,
92629,43.42,3.585,
92630,43.42,3.6,
92631,43.42,3.615,
92632,43.42,3.63,
92633,43.42,3.645,
92634,43.42,3.66,
92635,43.42,3.675,
92636,43.42,3.69,
92637,43.42,3.705,
92638,43.42,3.72,
92639,43.42,3.735,
92640,43.42,3.75,2.989999933168292
92641,43.42,3.765,2.9599999338388443
92642,43.42,3.78,3.569999920204282
92643,43.42,3.795,3.0799999311566353
92644,43.42,3.81,2.9599999338388443
92645,43.42,3.825,2.8599999360740185
92646,43.42,3.84,2.559999942779541
92647,43.42,3.855,2.2899999488145113
92648,43.42,3.87,2.0899999532848597
92649,43.42,3.885,1.5699999649077654
92650,43.42,3.9,1.3499999698251486
92651,43.42,3.915,1.1799999736249447
92652,43.42,3.93,0.9299999792128801
92653,43.42,3.945,0.979999978095293
92654,43.42,3.96,0.9599999785423279
92655,43.42,3.975,0.8099999818950891
92656,43.42,3.99,0.8099999818950891
92657,43.42,4.005,0.8499999810010195
92658,43.42,4.02,0.9899999778717756
92659,43.42,4.035,1.1099999751895666
92660,43.42,4.05,1.1999999731779099
92661,43.42,4.065,1.269999971613288
92662,43.42,4.08,1.5499999653548002
92663,43.42,4.095,1.7999999597668648
92664,43.42,4.11,2.0499999541789293
92665,43.42,4.125,2.389999946579337
92666,43.42,4.14,2.5899999421089888
92667,43.42,4.155,3.2199999280273914
92668,43.42,4.17,3.589999919757247
92669,43.42,4.185,3.709999917075038
92670,43.42,4.2,3.94999991171062
92671,43.42,4.215,4.149999907240272
92672,43.42,4.23,4.519999898970127
92673,43.42,4.245,5.049999887123704
92674,43.42,4.26,5.449999878183007
92675,43.42,4.275,6.229999860748649
92676,43.42,4.29,7.04999984242022
92677,43.42,4.305,7.719999827444553
92678,43.42,4.32,8.419999811798334
92679,43.42,4.335,9.669999783858657
92680,43.42,4.35,11.329999746754766
92681,43.42,4.365,13.269999703392386
92682,43.42,4.38,18.96999957598746
92683,43.42,4.395,22.759999491274357
92684,43.42,4.41,20.549999540671706
92685,43.42,4.425,13.389999700710177
92686,43.42,4.44,7.219999838620424
92687,43.42,4.455,5.649999873712659
92688,43.42,4.47,5.829999869689345
92689,43.42,4.485,6.169999862089753
92690,43.42,4.5,6.6399998515844345
92691,43.42,4.515,7.1199998408555984
92692,43.42,4.53,7.179999839514494
92693,43.42,4.545,7.649999829009175
92694,43.42,4.56,9.009999798610806
92695,43.42,4.575,8.28999981470406
92696,43.42,4.59,
92697,43.42,4.605,
92698,43.42,4.62,
92699,43.42,4.635,
92700,43.42,4.65,
92701,43.42,4.665,
92702,43.42,4.68,
92703,43.42,4.695,
92704,43.42,4.71,
92705,43.42,4.725,
92706,43.42,4.74,
92707,43.42,4.755,
92708,43.42,4.77,
92709,43.42,4.785,
92710,43.42,4.8,
92711,43.42,4.815,
92712,43.42,4.83,
92713,43.42,4.845,
92714,43.42,4.86,
92715,43.42,4.875,
92716,43.42,4.89,
92717,43.42,4.905,4.489999899640679
92718,43.42,4.92,4.309999903663993
92719,43.42,4.935,4.179999906569719
92720,43.42,4.95,4.189999906346202
92721,43.42,4.965,4.059999909251928
92722,43.42,4.98,
92723,43.42,4.995,
92724,43.42,5.01,
92725,43.42,5.025,
92726,43.42,5.04,
92727,43.42,5.055,
92728,43.42,5.07,
92729,43.42,5.085,
92730,43.42,5.1,
92731,43.42,5.115,
92732,43.42,5.13,
92733,43.42,5.145,
92734,43.42,5.16,
92735,43.42,5.175,
92736,43.42,5.19,
92737,43.42,5.205,
92738,43.42,5.22,
92739,43.42,5.235,
92740,43.42,5.25,
92741,43.42,5.265,
92742,43.42,5.28,
92743,43.42,5.295,
92744,43.42,5.31,
92745,43.42,5.325,
92746,43.42,5.34,
92747,43.42,5.355,
92748,43.42,5.37,
92749,43.42,5.385,
92750,43.42,5.4,
92751,43.42,5.415,
92752,43.42,5.43,
92753,43.42,5.445,
92754,43.42,5.46,
92755,43.42,5.475,
92756,43.42,5.49,
93041,43.43,3.51,
93042,43.43,3.525,
93043,43.43,3.54,
93044,43.43,3.555,
93045,43.43,3.57,
93046,43.43,3.585,
93047,43.43,3.6,
93048,43.43,3.615,
93049,43.43,3.63,
93050,43.43,3.645,
93051,43.43,3.66,
93052,43.43,3.675,
93053,43.43,3.69,
93054,43.43,3.705,
93055,43.43,3.72,
93056,43.43,3.735,
93057,43.43,3.75,
93058,43.43,3.765,
93059,43.43,3.78,3.349999925121665
93060,43.43,3.795,2.9499999340623617
93061,43.43,3.81,2.629999941214919
93062,43.43,3.825,2.729999938979745
93063,43.43,3.84,2.6899999398738146
93064,43.43,3.855,2.3099999483674765
93065,43.43,3.87,2.149999951943755
93066,43.43,3.885,1.9999999552965164
93067,43.43,3.9,1.7199999615550041
93068,43.43,3.915,1.4699999671429396
93069,43.43,3.93,1.2299999725073576
93070,43.43,3.945,1.029999976977706
93071,43.43,3.96,0.9599999785423279
93072,43.43,3.975,0.979999978095293
93073,43.43,3.99,0.9399999789893627
93074,43.43,4.005,1.1399999745190144
93075,43.43,4.02,1.1199999749660492
93076,43.43,4.035,1.219999972730875
93077,43.43,4.05,1.4899999666959047
93078,43.43,4.065,1.579999964684248
93079,43.43,4.08,1.7199999615550041
93080,43.43,4.095,2.1199999526143074
93081,43.43,4.11,2.4699999447911978
93082,43.43,4.125,2.5699999425560236
93083,43.43,4.14,3.05999993160367
93084,43.43,4.155,3.6199999190866947
93085,43.43,4.17,3.969999911263585
93086,43.43,4.185,4.289999904111028
93087,43.43,4.2,4.52999989874661
93088,43.43,4.215,4.799999892711639
93089,43.43,4.23,5.359999880194664
93090,43.43,4.245,5.899999868124723
93091,43.43,4.26,6.179999861866236
93092,43.43,4.275,6.69999985024333
93093,43.43,4.29,7.349999835714698
93094,43.43,4.305,7.539999831467867
93095,43.43,4.32,8.219999816268682
93096,43.43,4.335,8.729999804869294
93097,43.43,4.35,10.469999765977263
93098,43.43,4.365,14.379999678581953
93099,43.43,4.38,20.549999540671706
93100,43.43,4.395,26.109999416396022
93101,43.43,4.41,23.19999948143959
93102,43.43,4.425,16.319999635219574
93103,43.43,4.44,7.509999832138419
93104,43.43,4.455,6.269999859854579
93105,43.43,4.47,6.409999856725335
93106,43.43,4.485,7.109999841079116
93107,43.43,4.5,7.829999824985862
93108,43.43,4.515,8.719999805092812
93109,43.43,4.53,9.229999793693423
93110,43.43,4.545,9.399999789893627
93111,43.43,4.56,8.409999812021852
93112,43.43,4.575,9.759999781847
93113,43.43,4.59,
93114,43.43,4.605,
93115,43.43,4.62,
93116,43.43,4.635,
93117,43.43,4.65,
93118,43.43,4.665,
93119,43.43,4.68,
93120,43.43,4.695,
93121,43.43,4.71,
93122,43.43,4.725,
93123,43.43,4.74,
93124,43.43,4.755,
93125,43.43,4.77,
93126,43.43,4.785,
93127,43.43,4.8,
93128,43.43,4.815,
93129,43.43,4.83,
93130,43.43,4.845,
93131,43.43,4.86,
93132,43.43,4.875,
93133,43.43,4.89,
93134,43.43,4.905,
93135,43.43,4.92,
93136,43.43,4.935,
93137,43.43,4.95,4.21999990567565
93138,43.43,4.965,
93139,43.43,4.98,
93140,43.43,4.995,
93141,43.43,5.01,
93142,43.43,5.025,
93143,43.43,5.04,
93144,43.43,5.055,
93145,43.43,5.07,
93146,43.43,5.085,
93147,43.43,5.1,
93148,43.43,5.115,
93149,43.43,5.13,
93150,43.43,5.145,
93151,43.43,5.16,
93152,43.43,5.175,
93153,43.43,5.19,
93154,43.43,5.205,
93155,43.43,5.22,
93156,43.43,5.235,
93157,43.43,5.25,
93158,43.43,5.265,
93159,43.43,5.28,
93160,43.43,5.295,
93161,43.43,5.31,
93162,43.43,5.325,
93163,43.43,5.34,
93164,43.43,5.355,
93165,43.43,5.37,
93166,43.43,5.385,
93167,43.43,5.4,
93168,43.43,5.415,
93169,43.43,5.43,
93170,43.43,5.445,
93171,43.43,5.46,
93172,43.43,5.475,
93173,43.43,5.49,
93458,43.44,3.51,
93459,43.44,3.525,
93460,43.44,3.54,
93461,43.44,3.555,
93462,43.44,3.57,
93463,43.44,3.585,
93464,43.44,3.6,
93465,43.44,3.615,
93466,43.44,3.63,
93467,43.44,3.645,
93468,43.44,3.66,
93469,43.44,3.675,
93470,43.44,3.69,
93471,43.44,3.705,
93472,43.44,3.72,
93473,43.44,3.735,
93474,43.44,3.75,
93475,43.44,3.765,
93476,43.44,3.78,
93477,43.44,3.795,2.369999947026372
93478,43.44,3.81,2.8599999360740185
93479,43.44,3.825,2.699999939650297
93480,43.44,3.84,2.679999940097332
93481,43.44,3.855,2.2899999488145113
93482,43.44,3.87,2.4799999445676804
93483,43.44,3.885,2.319999948143959
93484,43.44,3.9,2.2099999506026506
93485,43.44,3.915,1.7199999615550041
93486,43.44,3.93,1.5999999642372131
93487,43.44,3.945,1.2399999722838402
93488,43.44,3.96,1.1599999740719795
93489,43.44,3.975,1.1999999731779099
93490,43.44,3.99,1.2399999722838402
93491,43.44,4.005,1.3099999707192183
93492,43.44,4.02,1.3199999704957008
93493,43.44,4.035,1.2799999713897705
93494,43.44,4.05,1.5199999660253525
93495,43.44,4.065,1.6699999626725912
93496,43.44,4.08,1.889999957755208
93497,43.44,4.095,2.1699999514967203
93498,43.44,4.11,2.7399999387562275
93499,43.44,4.125,2.9499999340623617
93500,43.44,4.14,3.539999920874834
93501,43.44,4.155,4.009999910369515
93502,43.44,4.17,4.539999898523092
93503,43.44,4.185,4.399999901652336
93504,43.44,4.2,4.849999891594052
93505,43.44,4.215,4.929999889805913
93506,43.44,4.23,5.829999869689345
93507,43.44,4.245,6.34999985806644
93508,43.44,4.26,6.679999850690365
93509,43.44,4.275,7.019999843090773
93510,43.44,4.29,7.229999838396907
93511,43.44,4.305,7.409999834373593
93512,43.44,4.32,7.8599998243153095
93513,43.44,4.335,8.159999817609787
93514,43.44,4.35,9.67999978363514
93515,43.44,4.365,11.909999733790755
93516,43.44,4.38,20.199999548494816
93517,43.44,4.395,22.899999488145113
93518,43.44,4.41,21.749999513849616
93519,43.44,4.425,15.099999662488699
93520,43.44,4.44,7.819999825209379
93521,43.44,4.455,7.099999841302633
93522,43.44,4.47,7.719999827444553
93523,43.44,4.485,9.129999795928597
93524,43.44,4.5,10.41999976709485
93525,43.44,4.515,10.72999976016581
93526,43.44,4.53,10.549999764189124
93527,43.44,4.545,11.079999752342701
93528,43.44,4.56,10.359999768435955
93529,43.44,4.575,
93530,43.44,4.59,
93531,43.44,4.605,
93532,43.44,4.62,
93533,43.44,4.635,
93534,43.44,4.65,
93535,43.44,4.665,
93536,43.44,4.68,
93537,43.44,4.695,
93538,43.44,4.71,
93539,43.44,4.725,
93540,43.44,4.74,
93541,43.44,4.755,
93542,43.44,4.77,
93543,43.44,4.785,
93544,43.44,4.8,
93545,43.44,4.815,
93546,43.44,4.83,
93547,43.44,4.845,
93548,43.44,4.86,
93549,43.44,4.875,
93550,43.44,4.89,
93551,43.44,4.905,
93552,43.44,4.92,
93553,43.44,4.935,
93554,43.44,4.95,
93555,43.44,4.965,
93556,43.44,4.98,
93557,43.44,4.995,
93558,43.44,5.01,
93559,43.44,5.025,
93560,43.44,5.04,
93561,43.44,5.055,
93562,43.44,5.07,
93563,43.44,5.085,
93564,43.44,5.1,
93565,43.44,5.115,
93566,43.44,5.13,
93567,43.44,5.145,
93568,43.44,5.16,
93569,43.44,5.175,
93570,43.44,5.19,
93571,43.44,5.205,
93572,43.44,5.22,
93573,43.44,5.235,
93574,43.44,5.25,
93575,43.44,5.265,
93576,43.44,5.28,
93577,43.44,5.295,
93578,43.44,5.31,
93579,43.44,5.325,
93580,43.44,5.34,
93581,43.44,5.355,
93582,43.44,5.37,
93583,43.44,5.385,
93584,43.44,5.4,
93585,43.44,5.415,
93586,43.44,5.43,
93587,43.44,5.445,
93588,43.44,5.46,
93589,43.44,5.475,
93590,43.44,5.49,
93875,43.45,3.51,
93876,43.45,3.525,
93877,43.45,3.54,
93878,43.45,3.555,
93879,43.45,3.57,
93880,43.45,3.585,
93881,43.45,3.6,
93882,43.45,3.615,
93883,43.45,3.63,
93884,43.45,3.645,
93885,43.45,3.66,
93886,43.45,3.675,
93887,43.45,3.69,
93888,43.45,3.705,
93889,43.45,3.72,
93890,43.45,3.735,
93891,43.45,3.75,
93892,43.45,3.765,
93893,43.45,3.78,
93894,43.45,3.795,
93895,43.45,3.81,2.459999945014715
93896,43.45,3.825,2.7099999394267797
93897,43.45,3.84,3.0499999318271875
93898,43.45,3.855,2.939999934285879
93899,43.45,3.87,2.9099999349564314
93900,43.45,3.885,2.799999937415123
93901,43.45,3.9,2.339999947696924
93902,43.45,3.915,1.9999999552965164
93903,43.45,3.93,1.81999995931983
93904,43.45,3.945,1.5599999651312828
93905,43.45,3.96,1.3799999691545963
93906,43.45,3.975,1.339999970048666
93907,43.45,3.99,1.3699999693781137
93908,43.45,4.005,1.3799999691545963
93909,43.45,4.02,1.3599999696016312
93910,43.45,4.035,1.389999968931079
93911,43.45,4.05,1.6599999628961086
93912,43.45,4.065,1.9199999570846558
93913,43.45,4.08,1.9299999568611383
93914,43.45,4.095,2.2599999494850636
93915,43.45,4.11,2.7099999394267797
93916,43.45,4.125,3.229999927803874
93917,43.45,4.14,3.7399999164044857
93918,43.45,4.155,4.499999899417162
93919,43.45,4.17,4.789999892935157
93920,43.45,4.185,5.14999988488853
93921,43.45,4.2,5.199999883770943
93922,43.45,4.215,5.689999872818589
93923,43.45,4.23,6.0899998638778925
93924,43.45,4.245,6.159999862313271
93925,43.45,4.26,6.9999998435378075
93926,43.45,4.275,6.899999845772982
93927,43.45,4.29,7.35999983549118
93928,43.45,4.305,8.159999817609787
93929,43.45,4.32,7.929999822750688
93930,43.45,4.335,8.139999818056822
93931,43.45,4.35,10.509999765083194
93932,43.45,4.365,13.149999706074595
93933,43.45,4.38,16.589999629184604
93934,43.45,4.395,17.77999960258603
93935,43.45,4.41,17.69999960437417
93936,43.45,4.425,12.619999717921019
93937,43.45,4.44,9.509999787434936
93938,43.45,4.455,7.289999837055802
93939,43.45,4.47,8.549999808892608
93940,43.45,4.485,9.829999780282378
93941,43.45,4.5,9.349999791011214
93942,43.45,4.515,11.799999736249447
93943,43.45,4.53,13.109999706968665
93944,43.45,4.545,12.249999726191163
93945,43.45,4.56,
93946,43.45,4.575,
93947,43.45,4.59,
93948,43.45,4.605,
93949,43.45,4.62,
93950,43.45,4.635,
93951,43.45,4.65,
93952,43.45,4.665,
93953,43.45,4.68,
93954,43.45,4.695,
93955,43.45,4.71,
93956,43.45,4.725,
93957,43.45,4.74,
93958,43.45,4.755,
93959,43.45,4.77,
93960,43.45,4.785,
93961,43.45,4.8,
93962,43.45,4.815,
93963,43.45,4.83,
93964,43.45,4.845,
93965,43.45,4.86,
93966,43.45,4.875,
93967,43.45,4.89,
93968,43.45,4.905,
93969,43.45,4.92,
93970,43.45,4.935,
93971,43.45,4.95,
93972,43.45,4.965,
93973,43.45,4.98,
93974,43.45,4.995,
93975,43.45,5.01,
93976,43.45,5.025,
93977,43.45,5.04,
93978,43.45,5.055,
93979,43.45,5.07,
93980,43.45,5.085,
93981,43.45,5.1,
93982,43.45,5.115,
93983,43.45,5.13,
93984,43.45,5.145,
93985,43.45,5.16,
93986,43.45,5.175,
93987,43.45,5.19,
93988,43.45,5.205,
93989,43.45,5.22,
93990,43.45,5.235,
93991,43.45,5.25,
93992,43.45,5.265,
93993,43.45,5.28,
93994,43.45,5.295,
93995,43.45,5.31,
93996,43.45,5.325,
93997,43.45,5.34,
93998,43.45,5.355,
93999,43.45,5.37,
94000,43.45,5.385,
94001,43.45,5.4,
94002,43.45,5.415,
94003,43.45,5.43,
94004,43.45,5.445,
94005,43.45,5.46,
94006,43.45,5.475,
94007,43.45,5.49,
94292,43.46,3.51,
94293,43.46,3.525,
94294,43.46,3.54,
94295,43.46,3.555,
94296,43.46,3.57,
94297,43.46,3.585,
94298,43.46,3.6,
94299,43.46,3.615,
94300,43.46,3.63,
94301,43.46,3.645,
94302,43.46,3.66,
94303,43.46,3.675,
94304,43.46,3.69,
94305,43.46,3.705,
94306,43.46,3.72,
94307,43.46,3.735,
94308,43.46,3.75,
94309,43.46,3.765,
94310,43.46,3.78,
94311,43.46,3.795,
94312,43.46,3.81,
94313,43.46,3.825,2.629999941214919
94314,43.46,3.84,2.5999999418854713
94315,43.46,3.855,3.349999925121665
94316,43.46,3.87,3.1699999291449785
94317,43.46,3.885,3.01999993249774
94318,43.46,3.9,2.8299999367445707
94319,43.46,3.915,2.6399999409914017
94320,43.46,3.93,2.4099999461323023
94321,43.46,3.945,2.0899999532848597
94322,43.46,3.96,1.6799999624490738
94323,43.46,3.975,1.5999999642372131
94324,43.46,3.99,1.4999999664723873
94325,43.46,4.005,1.579999964684248
94326,43.46,4.02,1.5699999649077654
94327,43.46,4.035,1.7199999615550041
94328,43.46,4.05,1.7099999617785215
94329,43.46,4.065,2.0699999537318945
94330,43.46,4.08,2.299999948590994
94331,43.46,4.095,2.6199999414384365
94332,43.46,4.11,2.9999999329447746
94333,43.46,4.125,3.63999991863966
94334,43.46,4.14,4.179999906569719
94335,43.46,4.155,4.639999896287918
94336,43.46,4.17,4.969999888911843
94337,43.46,4.185,4.889999890699983
94338,43.46,4.2,4.849999891594052
94339,43.46,4.215,4.909999890252948
94340,43.46,4.23,5.899999868124723
94341,43.46,4.245,6.829999847337604
94342,43.46,4.26,6.629999851807952
94343,43.46,4.275,6.499999854713678
94344,43.46,4.29,6.6399998515844345
94345,43.46,4.305,6.849999846890569
94346,43.46,4.32,
94347,43.46,4.335,
94348,43.46,4.35,
94349,43.46,4.365,
94350,43.46,4.38,
94351,43.46,4.395,
94352,43.46,4.41,
94353,43.46,4.425,
94354,43.46,4.44,
94355,43.46,4.455,
94356,43.46,4.47,8.4399998113513
94357,43.46,4.485,8.499999810010195
94358,43.46,4.5,10.719999760389328
94359,43.46,4.515,
94360,43.46,4.53,
94361,43.46,4.545,
94362,43.46,4.56,
94363,43.46,4.575,
94364,43.46,4.59,
94365,43.46,4.605,
94366,43.46,4.62,
94367,43.46,4.635,
94368,43.46,4.65,
94369,43.46,4.665,
94370,43.46,4.68,
94371,43.46,4.695,
94372,43.46,4.71,
94373,43.46,4.725,
94374,43.46,4.74,
94375,43.46,4.755,
94376,43.46,4.77,
94377,43.46,4.785,
94378,43.46,4.8,
94379,43.46,4.815,
94380,43.46,4.83,
94381,43.46,4.845,
94382,43.46,4.86,
94383,43.46,4.875,
94384,43.46,4.89,
94385,43.46,4.905,
94386,43.46,4.92,
94387,43.46,4.935,
94388,43.46,4.95,
94389,43.46,4.965,
94390,43.46,4.98,
94391,43.46,4.995,
94392,43.46,5.01,
94393,43.46,5.025,
94394,43.46,5.04,
94395,43.46,5.055,
94396,43.46,5.07,
94397,43.46,5.085,
94398,43.46,5.1,
94399,43.46,5.115,
94400,43.46,5.13,
94401,43.46,5.145,
94402,43.46,5.16,
94403,43.46,5.175,
94404,43.46,5.19,
94405,43.46,5.205,
94406,43.46,5.22,
94407,43.46,5.235,
94408,43.46,5.25,
94409,43.46,5.265,
94410,43.46,5.28,
94411,43.46,5.295,
94412,43.46,5.31,
94413,43.46,5.325,
94414,43.46,5.34,
94415,43.46,5.355,
94416,43.46,5.37,
94417,43.46,5.385,
94418,43.46,5.4,
94419,43.46,5.415,
94420,43.46,5.43,
94421,43.46,5.445,
94422,43.46,5.46,
94423,43.46,5.475,
94424,43.46,5.49,
94709,43.47,3.51,
94710,43.47,3.525,
94711,43.47,3.54,
94712,43.47,3.555,
94713,43.47,3.57,
94714,43.47,3.585,
94715,43.47,3.6,
94716,43.47,3.615,
94717,43.47,3.63,
94718,43.47,3.645,
94719,43.47,3.66,
94720,43.47,3.675,
94721,43.47,3.69,
94722,43.47,3.705,
94723,43.47,3.72,
94724,43.47,3.735,
94725,43.47,3.75,
94726,43.47,3.765,
94727,43.47,3.78,
94728,43.47,3.795,
94729,43.47,3.81,
94730,43.47,3.825,4.52999989874661
94731,43.47,3.84,2.8399999365210533
94732,43.47,3.855,3.1899999286979437
94733,43.47,3.87,3.5299999210983515
94734,43.47,3.885,3.3399999253451824
94735,43.47,3.9,2.9799999333918095
94736,43.47,3.915,3.089999930933118
94737,43.47,3.93,2.6199999414384365
94738,43.47,3.945,2.1599999517202377
94739,43.47,3.96,2.009999955072999
94740,43.47,3.975,1.9299999568611383
94741,43.47,3.99,1.7399999611079693
94742,43.47,4.005,1.7399999611079693
94743,43.47,4.02,1.8599999584257603
94744,43.47,4.035,1.8999999575316906
94745,43.47,4.05,2.0699999537318945
94746,43.47,4.065,2.299999948590994
94747,43.47,4.08,2.5999999418854713
94748,43.47,4.095,2.9099999349564314
94749,43.47,4.11,3.3199999257922173
94750,43.47,4.125,4.049999909475446
94751,43.47,4.14,4.359999902546406
94752,43.47,4.155,4.409999901428819
94753,43.47,4.17,5.699999872595072
94754,43.47,4.185,4.289999904111028
94755,43.47,4.2,
94756,43.47,4.215,
94757,43.47,4.23,
94758,43.47,4.245,
94759,43.47,4.26,
94760,43.47,4.275,
94761,43.47,4.29,
94762,43.47,4.305,
94763,43.47,4.32,
94764,43.47,4.335,
94765,43.47,4.35,
94766,43.47,4.365,
94767,43.47,4.38,
94768,43.47,4.395,
94769,43.47,4.41,
94770,43.47,4.425,
94771,43.47,4.44,
94772,43.47,4.455,
94773,43.47,4.47,
94774,43.47,4.485,
94775,43.47,4.5,
94776,43.47,4.515,
94777,43.47,4.53,
94778,43.47,4.545,
94779,43.47,4.56,
94780,43.47,4.575,
94781,43.47,4.59,
94782,43.47,4.605,
94783,43.47,4.62,
94784,43.47,4.635,
94785,43.47,4.65,
94786,43.47,4.665,
94787,43.47,4.68,
94788,43.47,4.695,
94789,43.47,4.71,
94790,43.47,4.725,
94791,43.47,4.74,
94792,43.47,4.755,
94793,43.47,4.77,
94794,43.47,4.785,
94795,43.47,4.8,
94796,43.47,4.815,
94797,43.47,4.83,
94798,43.47,4.845,
94799,43.47,4.86,
94800,43.47,4.875,
94801,43.47,4.89,
94802,43.47,4.905,
94803,43.47,4.92,
94804,43.47,4.935,
94805,43.47,4.95,
94806,43.47,4.965,
94807,43.47,4.98,
94808,43.47,4.995,
94809,43.47,5.01,
94810,43.47,5.025,
94811,43.47,5.04,
94812,43.47,5.055,
94813,43.47,5.07,
94814,43.47,5.085,
94815,43.47,5.1,
94816,43.47,5.115,
94817,43.47,5.13,
94818,43.47,5.145,
94819,43.47,5.16,
94820,43.47,5.175,
94821,43.47,5.19,
94822,43.47,5.205,
94823,43.47,5.22,
94824,43.47,5.235,
94825,43.47,5.25,
94826,43.47,5.265,
94827,43.47,5.28,
94828,43.47,5.295,
94829,43.47,5.31,
94830,43.47,5.325,
94831,43.47,5.34,
94832,43.47,5.355,
94833,43.47,5.37,
94834,43.47,5.385,
94835,43.47,5.4,
94836,43.47,5.415,
94837,43.47,5.43,
94838,43.47,5.445,
94839,43.47,5.46,
94840,43.47,5.475,
94841,43.47,5.49,
95126,43.48,3.51,
95127,43.48,3.525,
95128,43.48,3.54,
95129,43.48,3.555,
95130,43.48,3.57,
95131,43.48,3.585,
95132,43.48,3.6,
95133,43.48,3.615,
95134,43.48,3.63,
95135,43.48,3.645,
95136,43.48,3.66,
95137,43.48,3.675,
95138,43.48,3.69,
95139,43.48,3.705,
95140,43.48,3.72,
95141,43.48,3.735,
95142,43.48,3.75,
95143,43.48,3.765,
95144,43.48,3.78,
95145,43.48,3.795,
95146,43.48,3.81,
95147,43.48,3.825,
95148,43.48,3.84,2.539999943226576
95149,43.48,3.855,3.8599999137222767
95150,43.48,3.87,3.6299999188631773
95151,43.48,3.885,3.2399999275803566
95152,43.48,3.9,3.0999999307096004
95153,43.48,3.915,3.1899999286979437
95154,43.48,3.93,2.679999940097332
95155,43.48,3.945,2.5299999434500933
95156,43.48,3.96,2.539999943226576
95157,43.48,3.975,2.2199999503791332
95158,43.48,3.99,2.1699999514967203
95159,43.48,4.005,2.0899999532848597
95160,43.48,4.02,2.1699999514967203
95161,43.48,4.035,2.2199999503791332
95162,43.48,4.05,2.349999947473407
95163,43.48,4.065,2.5899999421089888
95164,43.48,4.08,2.849999936297536
95165,43.48,4.095,3.3299999255687
95166,43.48,4.11,3.7399999164044857
95167,43.48,4.125,4.899999890476465
95168,43.48,4.14,3.36999992467463
95169,43.48,4.155,4.279999904334545
95170,43.48,4.17,
95171,43.48,4.185,
95172,43.48,4.2,
95173,43.48,4.215,
95174,43.48,4.23,
95175,43.48,4.245,
95176,43.48,4.26,
95177,43.48,4.275,
95178,43.48,4.29,
95179,43.48,4.305,
95180,43.48,4.32,
95181,43.48,4.335,
95182,43.48,4.35,
95183,43.48,4.365,
95184,43.48,4.38,
95185,43.48,4.395,
95186,43.48,4.41,
95187,43.48,4.425,
95188,43.48,4.44,
95189,43.48,4.455,
95190,43.48,4.47,
95191,43.48,4.485,
95192,43.48,4.5,
95193,43.48,4.515,
95194,43.48,4.53,
95195,43.48,4.545,
95196,43.48,4.56,
95197,43.48,4.575,
95198,43.48,4.59,
95199,43.48,4.605,
95200,43.48,4.62,
95201,43.48,4.635,
95202,43.48,4.65,
95203,43.48,4.665,
95204,43.48,4.68,
95205,43.48,4.695,
95206,43.48,4.71,
95207,43.48,4.725,
95208,43.48,4.74,
95209,43.48,4.755,
95210,43.48,4.77,
95211,43.48,4.785,
95212,43.48,4.8,
95213,43.48,4.815,
95214,43.48,4.83,
95215,43.48,4.845,
95216,43.48,4.86,
95217,43.48,4.875,
95218,43.48,4.89,
95219,43.48,4.905,
95220,43.48,4.92,
95221,43.48,4.935,
95222,43.48,4.95,
95223,43.48,4.965,
95224,43.48,4.98,
95225,43.48,4.995,
95226,43.48,5.01,
95227,43.48,5.025,
95228,43.48,5.04,
95229,43.48,5.055,
95230,43.48,5.07,
95231,43.48,5.085,
95232,43.48,5.1,
95233,43.48,5.115,
95234,43.48,5.13,
95235,43.48,5.145,
95236,43.48,5.16,
95237,43.48,5.175,
95238,43.48,5.19,
95239,43.48,5.205,
95240,43.48,5.22,
95241,43.48,5.235,
95242,43.48,5.25,
95243,43.48,5.265,
95244,43.48,5.28,
95245,43.48,5.295,
95246,43.48,5.31,
95247,43.48,5.325,
95248,43.48,5.34,
95249,43.48,5.355,
95250,43.48,5.37,
95251,43.48,5.385,
95252,43.48,5.4,
95253,43.48,5.415,
95254,43.48,5.43,
95255,43.48,5.445,
95256,43.48,5.46,
95257,43.48,5.475,
95258,43.48,5.49,
95543,43.49,3.51,
95544,43.49,3.525,
95545,43.49,3.54,
95546,43.49,3.555,
95547,43.49,3.57,
95548,43.49,3.585,
95549,43.49,3.6,
95550,43.49,3.615,
95551,43.49,3.63,
95552,43.49,3.645,
95553,43.49,3.66,
95554,43.49,3.675,
95555,43.49,3.69,
95556,43.49,3.705,
95557,43.49,3.72,
95558,43.49,3.735,
95559,43.49,3.75,
95560,43.49,3.765,
95561,43.49,3.78,
95562,43.49,3.795,
95563,43.49,3.81,
95564,43.49,3.825,
95565,43.49,3.84,
95566,43.49,3.855,2.939999934285879
95567,43.49,3.87,3.849999913945794
95568,43.49,3.885,3.569999920204282
95569,43.49,3.9,3.4399999231100082
95570,43.49,3.915,3.399999924004078
95571,43.49,3.93,3.159999929368496
95572,43.49,3.945,2.8899999354034662
95573,43.49,3.96,2.6899999398738146
95574,43.49,3.975,2.459999945014715
95575,43.49,3.99,2.4499999452382326
95576,43.49,4.005,2.369999947026372
95577,43.49,4.02,2.339999947696924
95578,43.49,4.035,2.539999943226576
95579,43.49,4.05,2.4999999441206455
95580,43.49,4.065,2.799999937415123
95581,43.49,4.08,3.009999932721257
95582,43.49,4.095,3.6699999179691076
95583,43.49,4.11,4.189999906346202
95584,43.49,4.125,4.129999907687306
95585,43.49,4.14,
95586,43.49,4.155,
95587,43.49,4.17,
95588,43.49,4.185,
95589,43.49,4.2,
95590,43.49,4.215,
95591,43.49,4.23,
95592,43.49,4.245,
95593,43.49,4.26,
95594,43.49,4.275,
95595,43.49,4.29,
95596,43.49,4.305,
95597,43.49,4.32,
95598,43.49,4.335,
95599,43.49,4.35,
95600,43.49,4.365,
95601,43.49,4.38,
95602,43.49,4.395,
95603,43.49,4.41,
95604,43.49,4.425,
95605,43.49,4.44,
95606,43.49,4.455,
95607,43.49,4.47,
95608,43.49,4.485,
95609,43.49,4.5,
95610,43.49,4.515,
95611,43.49,4.53,
95612,43.49,4.545,
95613,43.49,4.56,
95614,43.49,4.575,
95615,43.49,4.59,
95616,43.49,4.605,
95617,43.49,4.62,
95618,43.49,4.635,
95619,43.49,4.65,
95620,43.49,4.665,
95621,43.49,4.68,
95622,43.49,4.695,
95623,43.49,4.71,
95624,43.49,4.725,
95625,43.49,4.74,
95626,43.49,4.755,
95627,43.49,4.77,
95628,43.49,4.785,
95629,43.49,4.8,
95630,43.49,4.815,
95631,43.49,4.83,
95632,43.49,4.845,
95633,43.49,4.86,
95634,43.49,4.875,
95635,43.49,4.89,
95636,43.49,4.905,
95637,43.49,4.92,
95638,43.49,4.935,
95639,43.49,4.95,
95640,43.49,4.965,
95641,43.49,4.98,
95642,43.49,4.995,
95643,43.49,5.01,
95644,43.49,5.025,
95645,43.49,5.04,
95646,43.49,5.055,
95647,43.49,5.07,
95648,43.49,5.085,
95649,43.49,5.1,
95650,43.49,5.115,
95651,43.49,5.13,
95652,43.49,5.145,
95653,43.49,5.16,
95654,43.49,5.175,
95655,43.49,5.19,
95656,43.49,5.205,
95657,43.49,5.22,
95658,43.49,5.235,
95659,43.49,5.25,
95660,43.49,5.265,
95661,43.49,5.28,
95662,43.49,5.295,
95663,43.49,5.31,
95664,43.49,5.325,
95665,43.49,5.34,
95666,43.49,5.355,
95667,43.49,5.37,
95668,43.49,5.385,
95669,43.49,5.4,
95670,43.49,5.415,
95671,43.49,5.43,
95672,43.49,5.445,
95673,43.49,5.46,
95674,43.49,5.475,
95675,43.49,5.49,
95960,43.5,3.51,
95961,43.5,3.525,
95962,43.5,3.54,
95963,43.5,3.555,
95964,43.5,3.57,
95965,43.5,3.585,
95966,43.5,3.6,
95967,43.5,3.615,
95968,43.5,3.63,
95969,43.5,3.645,
95970,43.5,3.66,
95971,43.5,3.675,
95972,43.5,3.69,
95973,43.5,3.705,
95974,43.5,3.72,
95975,43.5,3.735,
95976,43.5,3.75,
95977,43.5,3.765,
95978,43.5,3.78,
95979,43.5,3.795,
95980,43.5,3.81,
95981,43.5,3.825,
95982,43.5,3.84,
95983,43.5,3.855,
95984,43.5,3.87,3.2599999271333218
95985,43.5,3.885,3.469999922439456
95986,43.5,3.9,3.4299999233335257
95987,43.5,3.915,3.569999920204282
95988,43.5,3.93,3.3399999253451824
95989,43.5,3.945,3.4399999231100082
95990,43.5,3.96,3.109999930486083
95991,43.5,3.975,2.9999999329447746
95992,43.5,3.99,2.9099999349564314
95993,43.5,4.005,2.849999936297536
95994,43.5,4.02,2.9099999349564314
95995,43.5,4.035,2.8599999360740185
95996,43.5,4.05,3.039999932050705
95997,43.5,4.065,3.2199999280273914
95998,43.5,4.08,3.3599999248981476
95999,43.5,4.095,3.63999991863966
96000,43.5,4.11,4.239999905228615
96001,43.5,4.125,
96002,43.5,4.14,
96003,43.5,4.155,
96004,43.5,4.17,
96005,43.5,4.185,
96006,43.5,4.2,
96007,43.5,4.215,
96008,43.5,4.23,
96009,43.5,4.245,
96010,43.5,4.26,
96011,43.5,4.275,
96012,43.5,4.29,
96013,43.5,4.305,
96014,43.5,4.32,
96015,43.5,4.335,
96016,43.5,4.35,
96017,43.5,4.365,
96018,43.5,4.38,
96019,43.5,4.395,
96020,43.5,4.41,
96021,43.5,4.425,
96022,43.5,4.44,
96023,43.5,4.455,
96024,43.5,4.47,
96025,43.5,4.485,
96026,43.5,4.5,
96027,43.5,4.515,
96028,43.5,4.53,
96029,43.5,4.545,
96030,43.5,4.56,
96031,43.5,4.575,
96032,43.5,4.59,
96033,43.5,4.605,
96034,43.5,4.62,
96035,43.5,4.635,
96036,43.5,4.65,
96037,43.5,4.665,
96038,43.5,4.68,
96039,43.5,4.695,
96040,43.5,4.71,
96041,43.5,4.725,
96042,43.5,4.74,
96043,43.5,4.755,
96044,43.5,4.77,
96045,43.5,4.785,
96046,43.5,4.8,
96047,43.5,4.815,
96048,43.5,4.83,
96049,43.5,4.845,
96050,43.5,4.86,
96051,43.5,4.875,
96052,43.5,4.89,
96053,43.5,4.905,
96054,43.5,4.92,
96055,43.5,4.935,
96056,43.5,4.95,
96057,43.5,4.965,
96058,43.5,4.98,
96059,43.5,4.995,
96060,43.5,5.01,
96061,43.5,5.025,
96062,43.5,5.04,
96063,43.5,5.055,
96064,43.5,5.07,
96065,43.5,5.085,
96066,43.5,5.1,
96067,43.5,5.115,
96068,43.5,5.13,
96069,43.5,5.145,
96070,43.5,5.16,
96071,43.5,5.175,
96072,43.5,5.19,
96073,43.5,5.205,
96074,43.5,5.22,
96075,43.5,5.235,
96076,43.5,5.25,
96077,43.5,5.265,
96078,43.5,5.28,
96079,43.5,5.295,
96080,43.5,5.31,
96081,43.5,5.325,
96082,43.5,5.34,
96083,43.5,5.355,
96084,43.5,5.37,
96085,43.5,5.385,
96086,43.5,5.4,
96087,43.5,5.415,
96088,43.5,5.43,
96089,43.5,5.445,
96090,43.5,5.46,
96091,43.5,5.475,
96092,43.5,5.49,
96377,43.51,3.51,
96378,43.51,3.525,
96379,43.51,3.54,
96380,43.51,3.555,
96381,43.51,3.57,
96382,43.51,3.585,
96383,43.51,3.6,
96384,43.51,3.615,
96385,43.51,3.63,
96386,43.51,3.645,
96387,43.51,3.66,
96388,43.51,3.675,
96389,43.51,3.69,
96390,43.51,3.705,
96391,43.51,3.72,
96392,43.51,3.735,
96393,43.51,3.75,
96394,43.51,3.765,
96395,43.51,3.78,
96396,43.51,3.795,
96397,43.51,3.81,
96398,43.51,3.825,
96399,43.51,3.84,
96400,43.51,3.855,
96401,43.51,3.87,
96402,43.51,3.885,2.579999942332506
96403,43.51,3.9,3.1699999291449785
96404,43.51,3.915,3.569999920204282
96405,43.51,3.93,3.4099999237805605
96406,43.51,3.945,3.7699999157339334
96407,43.51,3.96,3.589999919757247
96408,43.51,3.975,3.3899999242275953
96409,43.51,3.99,3.3799999244511127
96410,43.51,4.005,3.3199999257922173
96411,43.51,4.02,3.449999922886491
96412,43.51,4.035,3.3599999248981476
96413,43.51,4.05,3.349999925121665
96414,43.51,4.065,3.7499999161809683
96415,43.51,4.08,3.6699999179691076
96416,43.51,4.095,3.7199999168515205
96417,43.51,4.11,4.099999908357859
96418,43.51,4.125,
96419,43.51,4.14,
96420,43.51,4.155,
96421,43.51,4.17,
96422,43.51,4.185,
96423,43.51,4.2,
96424,43.51,4.215,
96425,43.51,4.23,
96426,43.51,4.245,
96427,43.51,4.26,
96428,43.51,4.275,
96429,43.51,4.29,
96430,43.51,4.305,
96431,43.51,4.32,
96432,43.51,4.335,
96433,43.51,4.35,
96434,43.51,4.365,
96435,43.51,4.38,
96436,43.51,4.395,
96437,43.51,4.41,
96438,43.51,4.425,
96439,43.51,4.44,
96440,43.51,4.455,
96441,43.51,4.47,
96442,43.51,4.485,
96443,43.51,4.5,
96444,43.51,4.515,
96445,43.51,4.53,
96446,43.51,4.545,
96447,43.51,4.56,
96448,43.51,4.575,
96449,43.51,4.59,
96450,43.51,4.605,
96451,43.51,4.62,
96452,43.51,4.635,
96453,43.51,4.65,
96454,43.51,4.665,
96455,43.51,4.68,
96456,43.51,4.695,
96457,43.51,4.71,
96458,43.51,4.725,
96459,43.51,4.74,
96460,43.51,4.755,
96461,43.51,4.77,
96462,43.51,4.785,
96463,43.51,4.8,
96464,43.51,4.815,
96465,43.51,4.83,
96466,43.51,4.845,
96467,43.51,4.86,
96468,43.51,4.875,
96469,43.51,4.89,
96470,43.51,4.905,
96471,43.51,4.92,
96472,43.51,4.935,
96473,43.51,4.95,
96474,43.51,4.965,
96475,43.51,4.98,
96476,43.51,4.995,
96477,43.51,5.01,
96478,43.51,5.025,
96479,43.51,5.04,
96480,43.51,5.055,
96481,43.51,5.07,
96482,43.51,5.085,
96483,43.51,5.1,
96484,43.51,5.115,
96485,43.51,5.13,
96486,43.51,5.145,
96487,43.51,5.16,
96488,43.51,5.175,
96489,43.51,5.19,
96490,43.51,5.205,
96491,43.51,5.22,
96492,43.51,5.235,
96493,43.51,5.25,
96494,43.51,5.265,
96495,43.51,5.28,
96496,43.51,5.295,
96497,43.51,5.31,
96498,43.51,5.325,
96499,43.51,5.34,
96500,43.51,5.355,
96501,43.51,5.37,
96502,43.51,5.385,
96503,43.51,5.4,
96504,43.51,5.415,
96505,43.51,5.43,
96506,43.51,5.445,
96507,43.51,5.46,
96508,43.51,5.475,
96509,43.51,5.49,
96794,43.52,3.51,
96795,43.52,3.525,
96796,43.52,3.54,
96797,43.52,3.555,
96798,43.52,3.57,
96799,43.52,3.585,
96800,43.52,3.6,
96801,43.52,3.615,
96802,43.52,3.63,
96803,43.52,3.645,
96804,43.52,3.66,
96805,43.52,3.675,
96806,43.52,3.69,
96807,43.52,3.705,
96808,43.52,3.72,
96809,43.52,3.735,
96810,43.52,3.75,
96811,43.52,3.765,
96812,43.52,3.78,
96813,43.52,3.795,
96814,43.52,3.81,
96815,43.52,3.825,
96816,43.52,3.84,
96817,43.52,3.855,
96818,43.52,3.87,
96819,43.52,3.885,
96820,43.52,3.9,3.039999932050705
96821,43.52,3.915,5.249999882653356
96822,43.52,3.93,2.9299999345093966
96823,43.52,3.945,3.659999918192625
96824,43.52,3.96,3.849999913945794
96825,43.52,3.975,3.4299999233335257
96826,43.52,3.99,3.4799999222159386
96827,43.52,4.005,3.6499999184161425
96828,43.52,4.02,3.7199999168515205
96829,43.52,4.035,3.8199999146163464
96830,43.52,4.05,3.8699999134987593
96831,43.52,4.065,3.8199999146163464
96832,43.52,4.08,3.5099999215453863
96833,43.52,4.095,3.5499999206513166
96834,43.52,4.11,4.029999909922481
96835,43.52,4.125,
96836,43.52,4.14,
96837,43.52,4.155,
96838,43.52,4.17,
96839,43.52,4.185,
96840,43.52,4.2,
96841,43.52,4.215,
96842,43.52,4.23,
96843,43.52,4.245,
96844,43.52,4.26,
96845,43.52,4.275,
96846,43.52,4.29,
96847,43.52,4.305,
96848,43.52,4.32,
96849,43.52,4.335,
96850,43.52,4.35,
96851,43.52,4.365,
96852,43.52,4.38,
96853,43.52,4.395,
96854,43.52,4.41,
96855,43.52,4.425,
96856,43.52,4.44,
96857,43.52,4.455,
96858,43.52,4.47,
96859,43.52,4.485,
96860,43.52,4.5,
96861,43.52,4.515,
96862,43.52,4.53,
96863,43.52,4.545,
96864,43.52,4.56,
96865,43.52,4.575,
96866,43.52,4.59,
96867,43.52,4.605,
96868,43.52,4.62,
96869,43.52,4.635,
96870,43.52,4.65,
96871,43.52,4.665,
96872,43.52,4.68,
96873,43.52,4.695,
96874,43.52,4.71,
96875,43.52,4.725,
96876,43.52,4.74,
96877,43.52,4.755,
96878,43.52,4.77,
96879,43.52,4.785,
96880,43.52,4.8,
96881,43.52,4.815,
96882,43.52,4.83,
96883,43.52,4.845,
96884,43.52,4.86,
96885,43.52,4.875,
96886,43.52,4.89,
96887,43.52,4.905,
96888,43.52,4.92,
96889,43.52,4.935,
96890,43.52,4.95,
96891,43.52,4.965,
96892,43.52,4.98,
96893,43.52,4.995,
96894,43.52,5.01,
96895,43.52,5.025,
96896,43.52,5.04,
96897,43.52,5.055,
96898,43.52,5.07,
96899,43.52,5.085,
96900,43.52,5.1,
96901,43.52,5.115,
96902,43.52,5.13,
96903,43.52,5.145,
96904,43.52,5.16,
96905,43.52,5.175,
96906,43.52,5.19,
96907,43.52,5.205,
96908,43.52,5.22,
96909,43.52,5.235,
96910,43.52,5.25,
96911,43.52,5.265,
96912,43.52,5.28,
96913,43.52,5.295,
96914,43.52,5.31,
96915,43.52,5.325,
96916,43.52,5.34,
96917,43.52,5.355,
96918,43.52,5.37,
96919,43.52,5.385,
96920,43.52,5.4,
96921,43.52,5.415,
96922,43.52,5.43,
96923,43.52,5.445,
96924,43.52,5.46,
96925,43.52,5.475,
96926,43.52,5.49,
97211,43.53,3.51,
97212,43.53,3.525,
97213,43.53,3.54,
97214,43.53,3.555,
97215,43.53,3.57,
97216,43.53,3.585,
97217,43.53,3.6,
97218,43.53,3.615,
97219,43.53,3.63,
97220,43.53,3.645,
97221,43.53,3.66,
97222,43.53,3.675,
97223,43.53,3.69,
97224,43.53,3.705,
97225,43.53,3.72,
97226,43.53,3.735,
97227,43.53,3.75,
97228,43.53,3.765,
97229,43.53,3.78,
97230,43.53,3.795,
97231,43.53,3.81,
97232,43.53,3.825,
97233,43.53,3.84,
97234,43.53,3.855,
97235,43.53,3.87,
97236,43.53,3.885,
97237,43.53,3.9,
97238,43.53,3.915,
97239,43.53,3.93,2.729999938979745
97240,43.53,3.945,2.9299999345093966
97241,43.53,3.96,3.0999999307096004
97242,43.53,3.975,3.36999992467463
97243,43.53,3.99,3.4799999222159386
97244,43.53,4.005,3.5499999206513166
97245,43.53,4.02,3.5799999199807644
97246,43.53,4.035,3.67999991774559
97247,43.53,4.05,3.7699999157339334
97248,43.53,4.065,3.9299999121576548
97249,43.53,4.08,3.7399999164044857
97250,43.53,4.095,3.709999917075038
97251,43.53,4.11,4.059999909251928
97252,43.53,4.125,4.949999889358878
97253,43.53,4.14,
97254,43.53,4.155,
97255,43.53,4.17,
97256,43.53,4.185,
97257,43.53,4.2,
97258,43.53,4.215,
97259,43.53,4.23,
97260,43.53,4.245,
97261,43.53,4.26,
97262,43.53,4.275,
97263,43.53,4.29,
97264,43.53,4.305,
97265,43.53,4.32,
97266,43.53,4.335,
97267,43.53,4.35,
97268,43.53,4.365,
97269,43.53,4.38,
97270,43.53,4.395,
97271,43.53,4.41,
97272,43.53,4.425,
97273,43.53,4.44,
97274,43.53,4.455,
97275,43.53,4.47,
97276,43.53,4.485,
97277,43.53,4.5,
97278,43.53,4.515,
97279,43.53,4.53,
97280,43.53,4.545,
97281,43.53,4.56,
97282,43.53,4.575,
97283,43.53,4.59,
97284,43.53,4.605,
97285,43.53,4.62,
97286,43.53,4.635,
97287,43.53,4.65,
97288,43.53,4.665,
97289,43.53,4.68,
97290,43.53,4.695,
97291,43.53,4.71,
97292,43.53,4.725,
97293,43.53,4.74,
97294,43.53,4.755,
97295,43.53,4.77,
97296,43.53,4.785,
97297,43.53,4.8,
97298,43.53,4.815,
97299,43.53,4.83,
97300,43.53,4.845,
97301,43.53,4.86,
97302,43.53,4.875,
97303,43.53,4.89,
97304,43.53,4.905,
97305,43.53,4.92,
97306,43.53,4.935,
97307,43.53,4.95,
97308,43.53,4.965,
97309,43.53,4.98,
97310,43.53,4.995,
97311,43.53,5.01,
97312,43.53,5.025,
97313,43.53,5.04,
97314,43.53,5.055,
97315,43.53,5.07,
97316,43.53,5.085,
97317,43.53,5.1,
97318,43.53,5.115,
97319,43.53,5.13,
97320,43.53,5.145,
97321,43.53,5.16,
97322,43.53,5.175,
97323,43.53,5.19,
97324,43.53,5.205,
97325,43.53,5.22,
97326,43.53,5.235,
97327,43.53,5.25,
97328,43.53,5.265,
97329,43.53,5.28,
97330,43.53,5.295,
97331,43.53,5.31,
97332,43.53,5.325,
97333,43.53,5.34,
97334,43.53,5.355,
97335,43.53,5.37,
97336,43.53,5.385,
97337,43.53,5.4,
97338,43.53,5.415,
97339,43.53,5.43,
97340,43.53,5.445,
97341,43.53,5.46,
97342,43.53,5.475,
97343,43.53,5.49,
97628,43.54,3.51,
97629,43.54,3.525,
97630,43.54,3.54,
97631,43.54,3.555,
97632,43.54,3.57,
97633,43.54,3.585,
97634,43.54,3.6,
97635,43.54,3.615,
97636,43.54,3.63,
97637,43.54,3.645,
97638,43.54,3.66,
97639,43.54,3.675,
97640,43.54,3.69,
97641,43.54,3.705,
97642,43.54,3.72,
97643,43.54,3.735,
97644,43.54,3.75,
97645,43.54,3.765,
97646,43.54,3.78,
97647,43.54,3.795,
97648,43.54,3.81,
97649,43.54,3.825,
97650,43.54,3.84,
97651,43.54,3.855,
97652,43.54,3.87,
97653,43.54,3.885,
97654,43.54,3.9,
97655,43.54,3.915,
97656,43.54,3.93,
97657,43.54,3.945,2.43999994546175
97658,43.54,3.96,
97659,43.54,3.975,3.209999928250909
97660,43.54,3.99,3.1999999284744263
97661,43.54,4.005,3.209999928250909
97662,43.54,4.02,3.2399999275803566
97663,43.54,4.035,3.589999919757247
97664,43.54,4.05,3.829999914392829
97665,43.54,4.065,3.729999916628003
97666,43.54,4.08,3.849999913945794
97667,43.54,4.095,3.7699999157339334
97668,43.54,4.11,4.129999907687306
97669,43.54,4.125,3.8699999134987593
97670,43.54,4.14,
97671,43.54,4.155,
97672,43.54,4.17,
97673,43.54,4.185,
97674,43.54,4.2,
97675,43.54,4.215,
97676,43.54,4.23,
97677,43.54,4.245,
97678,43.54,4.26,
97679,43.54,4.275,
97680,43.54,4.29,
97681,43.54,4.305,
97682,43.54,4.32,
97683,43.54,4.335,
97684,43.54,4.35,
97685,43.54,4.365,
97686,43.54,4.38,
97687,43.54,4.395,
97688,43.54,4.41,
97689,43.54,4.425,
97690,43.54,4.44,
97691,43.54,4.455,
97692,43.54,4.47,
97693,43.54,4.485,
97694,43.54,4.5,
97695,43.54,4.515,
97696,43.54,4.53,
97697,43.54,4.545,
97698,43.54,4.56,
97699,43.54,4.575,
97700,43.54,4.59,
97701,43.54,4.605,
97702,43.54,4.62,
97703,43.54,4.635,
97704,43.54,4.65,
97705,43.54,4.665,
97706,43.54,4.68,
97707,43.54,4.695,
97708,43.54,4.71,
97709,43.54,4.725,
97710,43.54,4.74,
97711,43.54,4.755,
97712,43.54,4.77,
97713,43.54,4.785,
97714,43.54,4.8,
97715,43.54,4.815,
97716,43.54,4.83,
97717,43.54,4.845,
97718,43.54,4.86,
97719,43.54,4.875,
97720,43.54,4.89,
97721,43.54,4.905,
97722,43.54,4.92,
97723,43.54,4.935,
97724,43.54,4.95,
97725,43.54,4.965,
97726,43.54,4.98,
97727,43.54,4.995,
97728,43.54,5.01,
97729,43.54,5.025,
97730,43.54,5.04,
97731,43.54,5.055,
97732,43.54,5.07,
97733,43.54,5.085,
97734,43.54,5.1,
97735,43.54,5.115,
97736,43.54,5.13,
97737,43.54,5.145,
97738,43.54,5.16,
97739,43.54,5.175,
97740,43.54,5.19,
97741,43.54,5.205,
97742,43.54,5.22,
97743,43.54,5.235,
97744,43.54,5.25,
97745,43.54,5.265,
97746,43.54,5.28,
97747,43.54,5.295,
97748,43.54,5.31,
97749,43.54,5.325,
97750,43.54,5.34,
97751,43.54,5.355,
97752,43.54,5.37,
97753,43.54,5.385,
97754,43.54,5.4,
97755,43.54,5.415,
97756,43.54,5.43,
97757,43.54,5.445,
97758,43.54,5.46,
97759,43.54,5.475,
97760,43.54,5.49,
98045,43.55,3.51,
98046,43.55,3.525,
98047,43.55,3.54,
98048,43.55,3.555,
98049,43.55,3.57,
98050,43.55,3.585,
98051,43.55,3.6,
98052,43.55,3.615,
98053,43.55,3.63,
98054,43.55,3.645,
98055,43.55,3.66,
98056,43.55,3.675,
98057,43.55,3.69,
98058,43.55,3.705,
98059,43.55,3.72,
98060,43.55,3.735,
98061,43.55,3.75,
98062,43.55,3.765,
98063,43.55,3.78,
98064,43.55,3.795,
98065,43.55,3.81,
98066,43.55,3.825,
98067,43.55,3.84,
98068,43.55,3.855,
98069,43.55,3.87,
98070,43.55,3.885,
98071,43.55,3.9,
98072,43.55,3.915,
98073,43.55,3.93,
98074,43.55,3.945,
98075,43.55,3.96,
98076,43.55,3.975,
98077,43.55,3.99,2.8099999371916056
98078,43.55,4.005,3.4599999226629734
98079,43.55,4.02,3.4399999231100082
98080,43.55,4.035,3.2399999275803566
98081,43.55,4.05,3.1999999284744263
98082,43.55,4.065,3.67999991774559
98083,43.55,4.08,4.469999900087714
98084,43.55,4.095,3.5999999195337296
98085,43.55,4.11,
98086,43.55,4.125,
98087,43.55,4.14,
98088,43.55,4.155,
98089,43.55,4.17,
98090,43.55,4.185,
98091,43.55,4.2,
98092,43.55,4.215,
98093,43.55,4.23,
98094,43.55,4.245,
98095,43.55,4.26,
98096,43.55,4.275,
98097,43.55,4.29,
98098,43.55,4.305,
98099,43.55,4.32,
98100,43.55,4.335,
98101,43.55,4.35,
98102,43.55,4.365,
98103,43.55,4.38,
98104,43.55,4.395,
98105,43.55,4.41,
98106,43.55,4.425,
98107,43.55,4.44,
98108,43.55,4.455,
98109,43.55,4.47,
98110,43.55,4.485,
98111,43.55,4.5,
98112,43.55,4.515,
98113,43.55,4.53,
98114,43.55,4.545,
98115,43.55,4.56,
98116,43.55,4.575,
98117,43.55,4.59,
98118,43.55,4.605,
98119,43.55,4.62,
98120,43.55,4.635,
98121,43.55,4.65,
98122,43.55,4.665,
98123,43.55,4.68,
98124,43.55,4.695,
98125,43.55,4.71,
98126,43.55,4.725,
98127,43.55,4.74,
98128,43.55,4.755,
98129,43.55,4.77,
98130,43.55,4.785,
98131,43.55,4.8,
98132,43.55,4.815,
98133,43.55,4.83,
98134,43.55,4.845,
98135,43.55,4.86,
98136,43.55,4.875,
98137,43.55,4.89,
98138,43.55,4.905,
98139,43.55,4.92,
98140,43.55,4.935,
98141,43.55,4.95,
98142,43.55,4.965,
98143,43.55,4.98,
98144,43.55,4.995,
98145,43.55,5.01,
98146,43.55,5.025,
98147,43.55,5.04,
98148,43.55,5.055,
98149,43.55,5.07,
98150,43.55,5.085,
98151,43.55,5.1,
98152,43.55,5.115,
98153,43.55,5.13,
98154,43.55,5.145,
98155,43.55,5.16,
98156,43.55,5.175,
98157,43.55,5.19,
98158,43.55,5.205,
98159,43.55,5.22,
98160,43.55,5.235,
98161,43.55,5.25,
98162,43.55,5.265,
98163,43.55,5.28,
98164,43.55,5.295,
98165,43.55,5.31,
98166,43.55,5.325,
98167,43.55,5.34,
98168,43.55,5.355,
98169,43.55,5.37,
98170,43.55,5.385,
98171,43.55,5.4,
98172,43.55,5.415,
98173,43.55,5.43,
98174,43.55,5.445,
98175,43.55,5.46,
98176,43.55,5.475,
98177,43.55,5.49,
98462,43.56,3.51,
98463,43.56,3.525,
98464,43.56,3.54,
98465,43.56,3.555,
98466,43.56,3.57,
98467,43.56,3.585,
98468,43.56,3.6,
98469,43.56,3.615,
98470,43.56,3.63,
98471,43.56,3.645,
98472,43.56,3.66,
98473,43.56,3.675,
98474,43.56,3.69,
98475,43.56,3.705,
98476,43.56,3.72,
98477,43.56,3.735,
98478,43.56,3.75,
98479,43.56,3.765,
98480,43.56,3.78,
98481,43.56,3.795,
98482,43.56,3.81,
98483,43.56,3.825,
98484,43.56,3.84,
98485,43.56,3.855,
98486,43.56,3.87,
98487,43.56,3.885,
98488,43.56,3.9,
98489,43.56,3.915,
98490,43.56,3.93,
98491,43.56,3.945,
98492,43.56,3.96,
98493,43.56,3.975,
98494,43.56,3.99,
98495,43.56,4.005,
98496,43.56,4.02,
98497,43.56,4.035,3.0499999318271875
98498,43.56,4.05,3.0999999307096004
98499,43.56,4.065,2.5499999430030584
98500,43.56,4.08,
98501,43.56,4.095,
98502,43.56,4.11,
98503,43.56,4.125,
98504,43.56,4.14,
98505,43.56,4.155,
98506,43.56,4.17,
98507,43.56,4.185,
98508,43.56,4.2,
98509,43.56,4.215,
98510,43.56,4.23,
98511,43.56,4.245,
98512,43.56,4.26,
98513,43.56,4.275,
98514,43.56,4.29,
98515,43.56,4.305,
98516,43.56,4.32,
98517,43.56,4.335,
98518,43.56,4.35,
98519,43.56,4.365,
98520,43.56,4.38,
98521,43.56,4.395,
98522,43.56,4.41,
98523,43.56,4.425,
98524,43.56,4.44,
98525,43.56,4.455,
98526,43.56,4.47,
98527,43.56,4.485,
98528,43.56,4.5,
98529,43.56,4.515,
98530,43.56,4.53,
98531,43.56,4.545,
98532,43.56,4.56,
98533,43.56,4.575,
98534,43.56,4.59,
98535,43.56,4.605,
98536,43.56,4.62,
98537,43.56,4.635,
98538,43.56,4.65,
98539,43.56,4.665,
98540,43.56,4.68,
98541,43.56,4.695,
98542,43.56,4.71,
98543,43.56,4.725,
98544,43.56,4.74,
98545,43.56,4.755,
98546,43.56,4.77,
98547,43.56,4.785,
98548,43.56,4.8,
98549,43.56,4.815,
98550,43.56,4.83,
98551,43.56,4.845,
98552,43.56,4.86,
98553,43.56,4.875,
98554,43.56,4.89,
98555,43.56,4.905,
98556,43.56,4.92,
98557,43.56,4.935,
98558,43.56,4.95,
98559,43.56,4.965,
98560,43.56,4.98,
98561,43.56,4.995,
98562,43.56,5.01,
98563,43.56,5.025,
98564,43.56,5.04,
98565,43.56,5.055,
98566,43.56,5.07,
98567,43.56,5.085,
98568,43.56,5.1,
98569,43.56,5.115,
98570,43.56,5.13,
98571,43.56,5.145,
98572,43.56,5.16,
98573,43.56,5.175,
98574,43.56,5.19,
98575,43.56,5.205,
98576,43.56,5.22,
98577,43.56,5.235,
98578,43.56,5.25,
98579,43.56,5.265,
98580,43.56,5.28,
98581,43.56,5.295,
98582,43.56,5.31,
98583,43.56,5.325,
98584,43.56,5.34,
98585,43.56,5.355,
98586,43.56,5.37,
98587,43.56,5.385,
98588,43.56,5.4,
98589,43.56,5.415,
98590,43.56,5.43,
98591,43.56,5.445,
98592,43.56,5.46,
98593,43.56,5.475,
98594,43.56,5.49,
98879,43.57,3.51,
98880,43.57,3.525,
98881,43.57,3.54,
98882,43.57,3.555,
98883,43.57,3.57,
98884,43.57,3.585,
98885,43.57,3.6,
98886,43.57,3.615,
98887,43.57,3.63,
98888,43.57,3.645,
98889,43.57,3.66,
98890,43.57,3.675,
98891,43.57,3.69,
98892,43.57,3.705,
98893,43.57,3.72,
98894,43.57,3.735,
98895,43.57,3.75,
98896,43.57,3.765,
98897,43.57,3.78,
98898,43.57,3.795,
98899,43.57,3.81,
98900,43.57,3.825,
98901,43.57,3.84,
98902,43.57,3.855,
98903,43.57,3.87,
98904,43.57,3.885,
98905,43.57,3.9,
98906,43.57,3.915,
98907,43.57,3.93,
98908,43.57,3.945,
98909,43.57,3.96,
98910,43.57,3.975,
98911,43.57,3.99,
98912,43.57,4.005,
98913,43.57,4.02,
98914,43.57,4.035,
98915,43.57,4.05,
98916,43.57,4.065,
98917,43.57,4.08,
98918,43.57,4.095,
98919,43.57,4.11,
98920,43.57,4.125,
98921,43.57,4.14,
98922,43.57,4.155,
98923,43.57,4.17,
98924,43.57,4.185,
98925,43.57,4.2,
98926,43.57,4.215,
98927,43.57,4.23,
98928,43.57,4.245,
98929,43.57,4.26,
98930,43.57,4.275,
98931,43.57,4.29,
98932,43.57,4.305,
98933,43.57,4.32,
98934,43.57,4.335,
98935,43.57,4.35,
98936,43.57,4.365,
98937,43.57,4.38,
98938,43.57,4.395,
98939,43.57,4.41,
98940,43.57,4.425,
98941,43.57,4.44,
98942,43.57,4.455,
98943,43.57,4.47,
98944,43.57,4.485,
98945,43.57,4.5,
98946,43.57,4.515,
98947,43.57,4.53,
98948,43.57,4.545,
98949,43.57,4.56,
98950,43.57,4.575,
98951,43.57,4.59,
98952,43.57,4.605,
98953,43.57,4.62,
98954,43.57,4.635,
98955,43.57,4.65,
98956,43.57,4.665,
98957,43.57,4.68,
98958,43.57,4.695,
98959,43.57,4.71,
98960,43.57,4.725,
98961,43.57,4.74,
98962,43.57,4.755,
98963,43.57,4.77,
98964,43.57,4.785,
98965,43.57,4.8,
98966,43.57,4.815,
98967,43.57,4.83,
98968,43.57,4.845,
98969,43.57,4.86,
98970,43.57,4.875,
98971,43.57,4.89,
98972,43.57,4.905,
98973,43.57,4.92,
98974,43.57,4.935,
98975,43.57,4.95,
98976,43.57,4.965,
98977,43.57,4.98,
98978,43.57,4.995,
98979,43.57,5.01,
98980,43.57,5.025,
98981,43.57,5.04,
98982,43.57,5.055,
98983,43.57,5.07,
98984,43.57,5.085,
98985,43.57,5.1,
98986,43.57,5.115,
98987,43.57,5.13,
98988,43.57,5.145,
98989,43.57,5.16,
98990,43.57,5.175,
98991,43.57,5.19,
98992,43.57,5.205,
98993,43.57,5.22,
98994,43.57,5.235,
98995,43.57,5.25,
98996,43.57,5.265,
98997,43.57,5.28,
98998,43.57,5.295,
98999,43.57,5.31,
99000,43.57,5.325,
99001,43.57,5.34,
99002,43.57,5.355,
99003,43.57,5.37,
99004,43.57,5.385,
99005,43.57,5.4,
99006,43.57,5.415,
99007,43.57,5.43,
99008,43.57,5.445,
99009,43.57,5.46,
99010,43.57,5.475,
99011,43.57,5.49,
99296,43.58,3.51,
99297,43.58,3.525,
99298,43.58,3.54,
99299,43.58,3.555,
99300,43.58,3.57,
99301,43.58,3.585,
99302,43.58,3.6,
99303,43.58,3.615,
99304,43.58,3.63,
99305,43.58,3.645,
99306,43.58,3.66,
99307,43.58,3.675,
99308,43.58,3.69,
99309,43.58,3.705,
99310,43.58,3.72,
99311,43.58,3.735,
99312,43.58,3.75,
99313,43.58,3.765,
99314,43.58,3.78,
99315,43.58,3.795,
99316,43.58,3.81,
99317,43.58,3.825,
99318,43.58,3.84,
99319,43.58,3.855,
99320,43.58,3.87,
99321,43.58,3.885,
99322,43.58,3.9,
99323,43.58,3.915,
99324,43.58,3.93,
99325,43.58,3.945,
99326,43.58,3.96,
99327,43.58,3.975,
99328,43.58,3.99,
99329,43.58,4.005,
99330,43.58,4.02,
99331,43.58,4.035,
99332,43.58,4.05,
99333,43.58,4.065,
99334,43.58,4.08,
99335,43.58,4.095,
99336,43.58,4.11,
99337,43.58,4.125,
99338,43.58,4.14,
99339,43.58,4.155,
99340,43.58,4.17,
99341,43.58,4.185,
99342,43.58,4.2,
99343,43.58,4.215,
99344,43.58,4.23,
99345,43.58,4.245,
99346,43.58,4.26,
99347,43.58,4.275,
99348,43.58,4.29,
99349,43.58,4.305,
99350,43.58,4.32,
99351,43.58,4.335,
99352,43.58,4.35,
99353,43.58,4.365,
99354,43.58,4.38,
99355,43.58,4.395,
99356,43.58,4.41,
99357,43.58,4.425,
99358,43.58,4.44,
99359,43.58,4.455,
99360,43.58,4.47,
99361,43.58,4.485,
99362,43.58,4.5,
99363,43.58,4.515,
99364,43.58,4.53,
99365,43.58,4.545,
99366,43.58,4.56,
99367,43.58,4.575,
99368,43.58,4.59,
99369,43.58,4.605,
99370,43.58,4.62,
99371,43.58,4.635,
99372,43.58,4.65,
99373,43.58,4.665,
99374,43.58,4.68,
99375,43.58,4.695,
99376,43.58,4.71,
99377,43.58,4.725,
99378,43.58,4.74,
99379,43.58,4.755,
99380,43.58,4.77,
99381,43.58,4.785,
99382,43.58,4.8,
99383,43.58,4.815,
99384,43.58,4.83,
99385,43.58,4.845,
99386,43.58,4.86,
99387,43.58,4.875,
99388,43.58,4.89,
99389,43.58,4.905,
99390,43.58,4.92,
99391,43.58,4.935,
99392,43.58,4.95,
99393,43.58,4.965,
99394,43.58,4.98,
99395,43.58,4.995,
99396,43.58,5.01,
99397,43.58,5.025,
99398,43.58,5.04,
99399,43.58,5.055,
99400,43.58,5.07,
99401,43.58,5.085,
99402,43.58,5.1,
99403,43.58,5.115,
99404,43.58,5.13,
99405,43.58,5.145,
99406,43.58,5.16,
99407,43.58,5.175,
99408,43.58,5.19,
99409,43.58,5.205,
99410,43.58,5.22,
99411,43.58,5.235,
99412,43.58,5.25,
99413,43.58,5.265,
99414,43.58,5.28,
99415,43.58,5.295,
99416,43.58,5.31,
99417,43.58,5.325,
99418,43.58,5.34,
99419,43.58,5.355,
99420,43.58,5.37,
99421,43.58,5.385,
99422,43.58,5.4,
99423,43.58,5.415,
99424,43.58,5.43,
99425,43.58,5.445,
99426,43.58,5.46,
99427,43.58,5.475,
99428,43.58,5.49,
99713,43.59,3.51,
99714,43.59,3.525,
99715,43.59,3.54,
99716,43.59,3.555,
99717,43.59,3.57,
99718,43.59,3.585,
99719,43.59,3.6,
99720,43.59,3.615,
99721,43.59,3.63,
99722,43.59,3.645,
99723,43.59,3.66,
99724,43.59,3.675,
99725,43.59,3.69,
99726,43.59,3.705,
99727,43.59,3.72,
99728,43.59,3.735,
99729,43.59,3.75,
99730,43.59,3.765,
99731,43.59,3.78,
99732,43.59,3.795,
99733,43.59,3.81,
99734,43.59,3.825,
99735,43.59,3.84,
99736,43.59,3.855,
99737,43.59,3.87,
99738,43.59,3.885,
99739,43.59,3.9,
99740,43.59,3.915,
99741,43.59,3.93,
99742,43.59,3.945,
99743,43.59,3.96,
99744,43.59,3.975,
99745,43.59,3.99,
99746,43.59,4.005,
99747,43.59,4.02,
99748,43.59,4.035,
99749,43.59,4.05,
99750,43.59,4.065,
99751,43.59,4.08,
99752,43.59,4.095,
99753,43.59,4.11,
99754,43.59,4.125,
99755,43.59,4.14,
99756,43.59,4.155,
99757,43.59,4.17,
99758,43.59,4.185,
99759,43.59,4.2,
99760,43.59,4.215,
99761,43.59,4.23,
99762,43.59,4.245,
99763,43.59,4.26,
99764,43.59,4.275,
99765,43.59,4.29,
99766,43.59,4.305,
99767,43.59,4.32,
99768,43.59,4.335,
99769,43.59,4.35,
99770,43.59,4.365,
99771,43.59,4.38,
99772,43.59,4.395,
99773,43.59,4.41,
99774,43.59,4.425,
99775,43.59,4.44,
99776,43.59,4.455,
99777,43.59,4.47,
99778,43.59,4.485,
99779,43.59,4.5,
99780,43.59,4.515,
99781,43.59,4.53,
99782,43.59,4.545,
99783,43.59,4.56,
99784,43.59,4.575,
99785,43.59,4.59,
99786,43.59,4.605,
99787,43.59,4.62,
99788,43.59,4.635,
99789,43.59,4.65,
99790,43.59,4.665,
99791,43.59,4.68,
99792,43.59,4.695,
99793,43.59,4.71,
99794,43.59,4.725,
99795,43.59,4.74,
99796,43.59,4.755,
99797,43.59,4.77,
99798,43.59,4.785,
99799,43.59,4.8,
99800,43.59,4.815,
99801,43.59,4.83,
99802,43.59,4.845,
99803,43.59,4.86,
99804,43.59,4.875,
99805,43.59,4.89,
99806,43.59,4.905,
99807,43.59,4.92,
99808,43.59,4.935,
99809,43.59,4.95,
99810,43.59,4.965,
99811,43.59,4.98,
99812,43.59,4.995,
99813,43.59,5.01,
99814,43.59,5.025,
99815,43.59,5.04,
99816,43.59,5.055,
99817,43.59,5.07,
99818,43.59,5.085,
99819,43.59,5.1,
99820,43.59,5.115,
99821,43.59,5.13,
99822,43.59,5.145,
99823,43.59,5.16,
99824,43.59,5.175,
99825,43.59,5.19,
99826,43.59,5.205,
99827,43.59,5.22,
99828,43.59,5.235,
99829,43.59,5.25,
99830,43.59,5.265,
99831,43.59,5.28,
99832,43.59,5.295,
99833,43.59,5.31,
99834,43.59,5.325,
99835,43.59,5.34,
99836,43.59,5.355,
99837,43.59,5.37,
99838,43.59,5.385,
99839,43.59,5.4,
99840,43.59,5.415,
99841,43.59,5.43,
99842,43.59,5.445,
99843,43.59,5.46,
99844,43.59,5.475,
99845,43.59,5.49,
100130,43.6,3.51,
100131,43.6,3.525,
100132,43.6,3.54,
100133,43.6,3.555,
100134,43.6,3.57,
100135,43.6,3.585,
100136,43.6,3.6,
100137,43.6,3.615,
100138,43.6,3.63,
100139,43.6,3.645,
100140,43.6,3.66,
100141,43.6,3.675,
100142,43.6,3.69,
100143,43.6,3.705,
100144,43.6,3.72,
100145,43.6,3.735,
100146,43.6,3.75,
100147,43.6,3.765,
100148,43.6,3.78,
100149,43.6,3.795,
100150,43.6,3.81,
100151,43.6,3.825,
100152,43.6,3.84,
100153,43.6,3.855,
100154,43.6,3.87,
100155,43.6,3.885,
100156,43.6,3.9,
100157,43.6,3.915,
100158,43.6,3.93,
100159,43.6,3.945,
100160,43.6,3.96,
100161,43.6,3.975,
100162,43.6,3.99,
100163,43.6,4.005,
100164,43.6,4.02,
100165,43.6,4.035,
100166,43.6,4.05,
100167,43.6,4.065,
100168,43.6,4.08,
100169,43.6,4.095,
100170,43.6,4.11,
100171,43.6,4.125,
100172,43.6,4.14,
100173,43.6,4.155,
100174,43.6,4.17,
100175,43.6,4.185,
100176,43.6,4.2,
100177,43.6,4.215,
100178,43.6,4.23,
100179,43.6,4.245,
100180,43.6,4.26,
100181,43.6,4.275,
100182,43.6,4.29,
100183,43.6,4.305,
100184,43.6,4.32,
100185,43.6,4.335,
100186,43.6,4.35,
100187,43.6,4.365,
100188,43.6,4.38,
100189,43.6,4.395,
100190,43.6,4.41,
100191,43.6,4.425,
100192,43.6,4.44,
100193,43.6,4.455,
100194,43.6,4.47,
100195,43.6,4.485,
100196,43.6,4.5,
100197,43.6,4.515,
100198,43.6,4.53,
100199,43.6,4.545,
100200,43.6,4.56,
100201,43.6,4.575,
100202,43.6,4.59,
100203,43.6,4.605,
100204,43.6,4.62,
100205,43.6,4.635,
100206,43.6,4.65,
100207,43.6,4.665,
100208,43.6,4.68,
100209,43.6,4.695,
100210,43.6,4.71,
100211,43.6,4.725,
100212,43.6,4.74,
100213,43.6,4.755,
100214,43.6,4.77,
100215,43.6,4.785,
100216,43.6,4.8,
100217,43.6,4.815,
100218,43.6,4.83,
100219,43.6,4.845,
100220,43.6,4.86,
100221,43.6,4.875,
100222,43.6,4.89,
100223,43.6,4.905,
100224,43.6,4.92,
100225,43.6,4.935,
100226,43.6,4.95,
100227,43.6,4.965,
100228,43.6,4.98,
100229,43.6,4.995,
100230,43.6,5.01,
100231,43.6,5.025,
100232,43.6,5.04,
100233,43.6,5.055,
100234,43.6,5.07,
100235,43.6,5.085,
100236,43.6,5.1,
100237,43.6,5.115,
100238,43.6,5.13,
100239,43.6,5.145,
100240,43.6,5.16,
100241,43.6,5.175,
100242,43.6,5.19,
100243,43.6,5.205,
100244,43.6,5.22,
100245,43.6,5.235,
100246,43.6,5.25,
100247,43.6,5.265,
100248,43.6,5.28,
100249,43.6,5.295,
100250,43.6,5.31,
100251,43.6,5.325,
100252,43.6,5.34,
100253,43.6,5.355,
100254,43.6,5.37,
100255,43.6,5.385,
100256,43.6,5.4,
100257,43.6,5.415,
100258,43.6,5.43,
100259,43.6,5.445,
100260,43.6,5.46,
100261,43.6,5.475,
100262,43.6,5.49,
