,lat,lon,date_for_plot,analysed_spim,plume
0,49.25,-1.2450000047683716,2025-01-11,,False
1,49.25,-1.2300000190734863,2025-01-11,,False
2,49.25,-1.215000033378601,2025-01-11,,False
3,49.25,-1.2000000476837158,2025-01-11,,False
4,49.25,-1.184999942779541,2025-01-11,,False
5,49.25,-1.1699999570846558,2025-01-11,,False
6,49.25,-1.1549999713897705,2025-01-11,,False
7,49.25,-1.1399999856948853,2025-01-11,,False
8,49.25,-1.125,2025-01-11,,False
9,49.25,-1.1100000143051147,2025-01-11,,False
10,49.25,-1.0950000286102295,2025-01-11,,False
11,49.25,-1.0800000429153442,2025-01-11,,False
12,49.25,-1.065000057220459,2025-01-11,,False
13,49.25,-1.0499999523162842,2025-01-11,,False
14,49.25,-1.034999966621399,2025-01-11,,False
15,49.25,-1.0199999809265137,2025-01-11,,False
16,49.25,-1.0049999952316284,2025-01-11,,False
17,49.25,-0.9900000095367432,2025-01-11,,False
18,49.25,-0.9750000238418579,2025-01-11,,False
19,49.25,-0.9599999785423279,2025-01-11,,False
20,49.25,-0.9449999928474426,2025-01-11,,False
21,49.25,-0.9300000071525574,2025-01-11,,False
22,49.25,-0.9150000214576721,2025-01-11,,False
23,49.25,-0.8999999761581421,2025-01-11,,False
24,49.25,-0.8849999904632568,2025-01-11,,False
25,49.25,-0.8700000047683716,2025-01-11,,False
26,49.25,-0.8550000190734863,2025-01-11,,False
27,49.25,-0.8399999737739563,2025-01-11,,False
28,49.25,-0.824999988079071,2025-01-11,,False
29,49.25,-0.8100000023841858,2025-01-11,,False
30,49.25,-0.7950000166893005,2025-01-11,,False
31,49.25,-0.7799999713897705,2025-01-11,,False
32,49.25,-0.7649999856948853,2025-01-11,,False
33,49.25,-0.75,2025-01-11,,False
34,49.25,-0.7350000143051147,2025-01-11,,False
35,49.25,-0.7200000286102295,2025-01-11,,False
36,49.25,-0.7049999833106995,2025-01-11,,False
37,49.25,-0.6899999976158142,2025-01-11,,False
38,49.25,-0.675000011920929,2025-01-11,,False
39,49.25,-0.6600000262260437,2025-01-11,,False
40,49.25,-0.6449999809265137,2025-01-11,,False
41,49.25,-0.6299999952316284,2025-01-11,,False
42,49.25,-0.6150000095367432,2025-01-11,,False
43,49.25,-0.6000000238418579,2025-01-11,,False
44,49.25,-0.5849999785423279,2025-01-11,,False
45,49.25,-0.5699999928474426,2025-01-11,,False
46,49.25,-0.5550000071525574,2025-01-11,,False
47,49.25,-0.5400000214576721,2025-01-11,,False
48,49.25,-0.5249999761581421,2025-01-11,,False
49,49.25,-0.5099999904632568,2025-01-11,,False
50,49.25,-0.4950000047683716,2025-01-11,,False
51,49.25,-0.47999998927116394,2025-01-11,,False
52,49.25,-0.4650000035762787,2025-01-11,,False
53,49.25,-0.44999998807907104,2025-01-11,,False
54,49.25,-0.4350000023841858,2025-01-11,,False
55,49.25,-0.41999998688697815,2025-01-11,,False
56,49.25,-0.4050000011920929,2025-01-11,,False
57,49.25,-0.38999998569488525,2025-01-11,,False
58,49.25,-0.375,2025-01-11,,False
59,49.25,-0.36000001430511475,2025-01-11,,False
60,49.25,-0.3449999988079071,2025-01-11,,False
61,49.25,-0.33000001311302185,2025-01-11,,False
62,49.25,-0.3149999976158142,2025-01-11,,False
63,49.25,-0.30000001192092896,2025-01-11,,False
64,49.25,-0.2849999964237213,2025-01-11,,False
65,49.25,-0.27000001072883606,2025-01-11,,False
66,49.25,-0.2549999952316284,2025-01-11,,False
67,49.25,-0.23999999463558197,2025-01-11,,False
68,49.25,-0.22499999403953552,2025-01-11,,False
69,49.25,-0.20999999344348907,2025-01-11,,False
70,49.25,-0.19499999284744263,2025-01-11,,False
71,49.25,-0.18000000715255737,2025-01-11,,False
72,49.25,-0.16500000655651093,2025-01-11,,False
73,49.25,-0.15000000596046448,2025-01-11,,False
74,49.25,-0.13500000536441803,2025-01-11,,False
75,49.25,-0.11999999731779099,2025-01-11,,False
76,49.25,-0.10499999672174454,2025-01-11,,False
77,49.25,-0.09000000357627869,2025-01-11,,False
78,49.25,-0.07500000298023224,2025-01-11,,False
79,49.25,-0.05999999865889549,2025-01-11,,False
80,49.25,-0.04500000178813934,2025-01-11,,False
81,49.25,-0.029999999329447746,2025-01-11,,False
82,49.25,-0.014999999664723873,2025-01-11,,False
83,49.25,0.0,2025-01-11,,False
84,49.25,0.014999999664723873,2025-01-11,,False
85,49.25,0.029999999329447746,2025-01-11,,False
86,49.25,0.04500000178813934,2025-01-11,,False
87,49.25,0.05999999865889549,2025-01-11,,False
88,49.25,0.07500000298023224,2025-01-11,,False
89,49.25,0.09000000357627869,2025-01-11,,False
90,49.25,0.10499999672174454,2025-01-11,,False
91,49.25,0.11999999731779099,2025-01-11,,False
92,49.25,0.13500000536441803,2025-01-11,,False
93,49.25,0.15000000596046448,2025-01-11,,False
94,49.25,0.16500000655651093,2025-01-11,,False
95,49.25,0.18000000715255737,2025-01-11,,False
96,49.25,0.19499999284744263,2025-01-11,,False
97,49.25,0.20999999344348907,2025-01-11,,False
98,49.25,0.22499999403953552,2025-01-11,,False
99,49.25,0.23999999463558197,2025-01-11,,False
100,49.25,0.2549999952316284,2025-01-11,,False
101,49.25,0.27000001072883606,2025-01-11,,False
102,49.25,0.2849999964237213,2025-01-11,,False
103,49.25,0.30000001192092896,2025-01-11,,False
104,49.25,0.3149999976158142,2025-01-11,,False
105,49.25,0.33000001311302185,2025-01-11,,False
106,49.25,0.3449999988079071,2025-01-11,,False
107,49.25,0.36000001430511475,2025-01-11,,False
108,49.25,0.375,2025-01-11,,False
109,49.25,0.38999998569488525,2025-01-11,,False
110,49.25,0.4050000011920929,2025-01-11,,False
111,49.25,0.41999998688697815,2025-01-11,,False
112,49.25,0.4350000023841858,2025-01-11,,False
113,49.25,0.44999998807907104,2025-01-11,,False
114,49.25,0.4650000035762787,2025-01-11,,False
115,49.25,0.47999998927116394,2025-01-11,,False
116,49.25,0.4950000047683716,2025-01-11,,False
117,49.2599983215332,-1.2450000047683716,2025-01-11,,False
118,49.2599983215332,-1.2300000190734863,2025-01-11,,False
119,49.2599983215332,-1.215000033378601,2025-01-11,,False
120,49.2599983215332,-1.2000000476837158,2025-01-11,,False
121,49.2599983215332,-1.184999942779541,2025-01-11,,False
122,49.2599983215332,-1.1699999570846558,2025-01-11,,False
123,49.2599983215332,-1.1549999713897705,2025-01-11,,False
124,49.2599983215332,-1.1399999856948853,2025-01-11,,False
125,49.2599983215332,-1.125,2025-01-11,,False
126,49.2599983215332,-1.1100000143051147,2025-01-11,,False
127,49.2599983215332,-1.0950000286102295,2025-01-11,,False
128,49.2599983215332,-1.0800000429153442,2025-01-11,,False
129,49.2599983215332,-1.065000057220459,2025-01-11,,False
130,49.2599983215332,-1.0499999523162842,2025-01-11,,False
131,49.2599983215332,-1.034999966621399,2025-01-11,,False
132,49.2599983215332,-1.0199999809265137,2025-01-11,,False
133,49.2599983215332,-1.0049999952316284,2025-01-11,,False
134,49.2599983215332,-0.9900000095367432,2025-01-11,,False
135,49.2599983215332,-0.9750000238418579,2025-01-11,,False
136,49.2599983215332,-0.9599999785423279,2025-01-11,,False
137,49.2599983215332,-0.9449999928474426,2025-01-11,,False
138,49.2599983215332,-0.9300000071525574,2025-01-11,,False
139,49.2599983215332,-0.9150000214576721,2025-01-11,,False
140,49.2599983215332,-0.8999999761581421,2025-01-11,,False
141,49.2599983215332,-0.8849999904632568,2025-01-11,,False
142,49.2599983215332,-0.8700000047683716,2025-01-11,,False
143,49.2599983215332,-0.8550000190734863,2025-01-11,,False
144,49.2599983215332,-0.8399999737739563,2025-01-11,,False
145,49.2599983215332,-0.824999988079071,2025-01-11,,False
146,49.2599983215332,-0.8100000023841858,2025-01-11,,False
147,49.2599983215332,-0.7950000166893005,2025-01-11,,False
148,49.2599983215332,-0.7799999713897705,2025-01-11,,False
149,49.2599983215332,-0.7649999856948853,2025-01-11,,False
150,49.2599983215332,-0.75,2025-01-11,,False
151,49.2599983215332,-0.7350000143051147,2025-01-11,,False
152,49.2599983215332,-0.7200000286102295,2025-01-11,,False
153,49.2599983215332,-0.7049999833106995,2025-01-11,,False
154,49.2599983215332,-0.6899999976158142,2025-01-11,,False
155,49.2599983215332,-0.675000011920929,2025-01-11,,False
156,49.2599983215332,-0.6600000262260437,2025-01-11,,False
157,49.2599983215332,-0.6449999809265137,2025-01-11,,False
158,49.2599983215332,-0.6299999952316284,2025-01-11,,False
159,49.2599983215332,-0.6150000095367432,2025-01-11,,False
160,49.2599983215332,-0.6000000238418579,2025-01-11,,False
161,49.2599983215332,-0.5849999785423279,2025-01-11,,False
162,49.2599983215332,-0.5699999928474426,2025-01-11,,False
163,49.2599983215332,-0.5550000071525574,2025-01-11,,False
164,49.2599983215332,-0.5400000214576721,2025-01-11,,False
165,49.2599983215332,-0.5249999761581421,2025-01-11,,False
166,49.2599983215332,-0.5099999904632568,2025-01-11,,False
167,49.2599983215332,-0.4950000047683716,2025-01-11,,False
168,49.2599983215332,-0.47999998927116394,2025-01-11,,False
169,49.2599983215332,-0.4650000035762787,2025-01-11,,False
170,49.2599983215332,-0.44999998807907104,2025-01-11,,False
171,49.2599983215332,-0.4350000023841858,2025-01-11,,False
172,49.2599983215332,-0.41999998688697815,2025-01-11,,False
173,49.2599983215332,-0.4050000011920929,2025-01-11,,False
174,49.2599983215332,-0.38999998569488525,2025-01-11,,False
175,49.2599983215332,-0.375,2025-01-11,,False
176,49.2599983215332,-0.36000001430511475,2025-01-11,,False
177,49.2599983215332,-0.3449999988079071,2025-01-11,,False
178,49.2599983215332,-0.33000001311302185,2025-01-11,,False
179,49.2599983215332,-0.3149999976158142,2025-01-11,,False
180,49.2599983215332,-0.30000001192092896,2025-01-11,,False
181,49.2599983215332,-0.2849999964237213,2025-01-11,,False
182,49.2599983215332,-0.27000001072883606,2025-01-11,,False
183,49.2599983215332,-0.2549999952316284,2025-01-11,,False
184,49.2599983215332,-0.23999999463558197,2025-01-11,,False
185,49.2599983215332,-0.22499999403953552,2025-01-11,,False
186,49.2599983215332,-0.20999999344348907,2025-01-11,,False
187,49.2599983215332,-0.19499999284744263,2025-01-11,,False
188,49.2599983215332,-0.18000000715255737,2025-01-11,,False
189,49.2599983215332,-0.16500000655651093,2025-01-11,,False
190,49.2599983215332,-0.15000000596046448,2025-01-11,,False
191,49.2599983215332,-0.13500000536441803,2025-01-11,,False
192,49.2599983215332,-0.11999999731779099,2025-01-11,,False
193,49.2599983215332,-0.10499999672174454,2025-01-11,,False
194,49.2599983215332,-0.09000000357627869,2025-01-11,,False
195,49.2599983215332,-0.07500000298023224,2025-01-11,,False
196,49.2599983215332,-0.05999999865889549,2025-01-11,,False
197,49.2599983215332,-0.04500000178813934,2025-01-11,,False
198,49.2599983215332,-0.029999999329447746,2025-01-11,,False
199,49.2599983215332,-0.014999999664723873,2025-01-11,,False
200,49.2599983215332,0.0,2025-01-11,,False
201,49.2599983215332,0.014999999664723873,2025-01-11,,False
202,49.2599983215332,0.029999999329447746,2025-01-11,,False
203,49.2599983215332,0.04500000178813934,2025-01-11,,False
204,49.2599983215332,0.05999999865889549,2025-01-11,,False
205,49.2599983215332,0.07500000298023224,2025-01-11,,False
206,49.2599983215332,0.09000000357627869,2025-01-11,,False
207,49.2599983215332,0.10499999672174454,2025-01-11,,False
208,49.2599983215332,0.11999999731779099,2025-01-11,,False
209,49.2599983215332,0.13500000536441803,2025-01-11,,False
210,49.2599983215332,0.15000000596046448,2025-01-11,,False
211,49.2599983215332,0.16500000655651093,2025-01-11,,False
212,49.2599983215332,0.18000000715255737,2025-01-11,,False
213,49.2599983215332,0.19499999284744263,2025-01-11,,False
214,49.2599983215332,0.20999999344348907,2025-01-11,,False
215,49.2599983215332,0.22499999403953552,2025-01-11,,False
216,49.2599983215332,0.23999999463558197,2025-01-11,,False
217,49.2599983215332,0.2549999952316284,2025-01-11,,False
218,49.2599983215332,0.27000001072883606,2025-01-11,,False
219,49.2599983215332,0.2849999964237213,2025-01-11,,False
220,49.2599983215332,0.30000001192092896,2025-01-11,,False
221,49.2599983215332,0.3149999976158142,2025-01-11,,False
222,49.2599983215332,0.33000001311302185,2025-01-11,,False
223,49.2599983215332,0.3449999988079071,2025-01-11,,False
224,49.2599983215332,0.36000001430511475,2025-01-11,,False
225,49.2599983215332,0.375,2025-01-11,,False
226,49.2599983215332,0.38999998569488525,2025-01-11,,False
227,49.2599983215332,0.4050000011920929,2025-01-11,,False
228,49.2599983215332,0.41999998688697815,2025-01-11,,False
229,49.2599983215332,0.4350000023841858,2025-01-11,,False
230,49.2599983215332,0.44999998807907104,2025-01-11,,False
231,49.2599983215332,0.4650000035762787,2025-01-11,,False
232,49.2599983215332,0.47999998927116394,2025-01-11,,False
233,49.2599983215332,0.4950000047683716,2025-01-11,,False
234,49.27000045776367,-1.2450000047683716,2025-01-11,,False
235,49.27000045776367,-1.2300000190734863,2025-01-11,,False
236,49.27000045776367,-1.215000033378601,2025-01-11,,False
237,49.27000045776367,-1.2000000476837158,2025-01-11,,False
238,49.27000045776367,-1.184999942779541,2025-01-11,,False
239,49.27000045776367,-1.1699999570846558,2025-01-11,,False
240,49.27000045776367,-1.1549999713897705,2025-01-11,,False
241,49.27000045776367,-1.1399999856948853,2025-01-11,,False
242,49.27000045776367,-1.125,2025-01-11,,False
243,49.27000045776367,-1.1100000143051147,2025-01-11,,False
244,49.27000045776367,-1.0950000286102295,2025-01-11,,False
245,49.27000045776367,-1.0800000429153442,2025-01-11,,False
246,49.27000045776367,-1.065000057220459,2025-01-11,,False
247,49.27000045776367,-1.0499999523162842,2025-01-11,,False
248,49.27000045776367,-1.034999966621399,2025-01-11,,False
249,49.27000045776367,-1.0199999809265137,2025-01-11,,False
250,49.27000045776367,-1.0049999952316284,2025-01-11,,False
251,49.27000045776367,-0.9900000095367432,2025-01-11,,False
252,49.27000045776367,-0.9750000238418579,2025-01-11,,False
253,49.27000045776367,-0.9599999785423279,2025-01-11,,False
254,49.27000045776367,-0.9449999928474426,2025-01-11,,False
255,49.27000045776367,-0.9300000071525574,2025-01-11,,False
256,49.27000045776367,-0.9150000214576721,2025-01-11,,False
257,49.27000045776367,-0.8999999761581421,2025-01-11,,False
258,49.27000045776367,-0.8849999904632568,2025-01-11,,False
259,49.27000045776367,-0.8700000047683716,2025-01-11,,False
260,49.27000045776367,-0.8550000190734863,2025-01-11,,False
261,49.27000045776367,-0.8399999737739563,2025-01-11,,False
262,49.27000045776367,-0.824999988079071,2025-01-11,,False
263,49.27000045776367,-0.8100000023841858,2025-01-11,,False
264,49.27000045776367,-0.7950000166893005,2025-01-11,,False
265,49.27000045776367,-0.7799999713897705,2025-01-11,,False
266,49.27000045776367,-0.7649999856948853,2025-01-11,,False
267,49.27000045776367,-0.75,2025-01-11,,False
268,49.27000045776367,-0.7350000143051147,2025-01-11,,False
269,49.27000045776367,-0.7200000286102295,2025-01-11,,False
270,49.27000045776367,-0.7049999833106995,2025-01-11,,False
271,49.27000045776367,-0.6899999976158142,2025-01-11,,False
272,49.27000045776367,-0.675000011920929,2025-01-11,,False
273,49.27000045776367,-0.6600000262260437,2025-01-11,,False
274,49.27000045776367,-0.6449999809265137,2025-01-11,,False
275,49.27000045776367,-0.6299999952316284,2025-01-11,,False
276,49.27000045776367,-0.6150000095367432,2025-01-11,,False
277,49.27000045776367,-0.6000000238418579,2025-01-11,,False
278,49.27000045776367,-0.5849999785423279,2025-01-11,,False
279,49.27000045776367,-0.5699999928474426,2025-01-11,,False
280,49.27000045776367,-0.5550000071525574,2025-01-11,,False
281,49.27000045776367,-0.5400000214576721,2025-01-11,,False
282,49.27000045776367,-0.5249999761581421,2025-01-11,,False
283,49.27000045776367,-0.5099999904632568,2025-01-11,,False
284,49.27000045776367,-0.4950000047683716,2025-01-11,,False
285,49.27000045776367,-0.47999998927116394,2025-01-11,,False
286,49.27000045776367,-0.4650000035762787,2025-01-11,,False
287,49.27000045776367,-0.44999998807907104,2025-01-11,,False
288,49.27000045776367,-0.4350000023841858,2025-01-11,,False
289,49.27000045776367,-0.41999998688697815,2025-01-11,,False
290,49.27000045776367,-0.4050000011920929,2025-01-11,,False
291,49.27000045776367,-0.38999998569488525,2025-01-11,,False
292,49.27000045776367,-0.375,2025-01-11,,False
293,49.27000045776367,-0.36000001430511475,2025-01-11,,False
294,49.27000045776367,-0.3449999988079071,2025-01-11,,False
295,49.27000045776367,-0.33000001311302185,2025-01-11,,False
296,49.27000045776367,-0.3149999976158142,2025-01-11,,False
297,49.27000045776367,-0.30000001192092896,2025-01-11,,False
298,49.27000045776367,-0.2849999964237213,2025-01-11,,False
299,49.27000045776367,-0.27000001072883606,2025-01-11,,False
300,49.27000045776367,-0.2549999952316284,2025-01-11,,False
301,49.27000045776367,-0.23999999463558197,2025-01-11,,False
302,49.27000045776367,-0.22499999403953552,2025-01-11,,False
303,49.27000045776367,-0.20999999344348907,2025-01-11,,False
304,49.27000045776367,-0.19499999284744263,2025-01-11,,False
305,49.27000045776367,-0.18000000715255737,2025-01-11,,False
306,49.27000045776367,-0.16500000655651093,2025-01-11,,False
307,49.27000045776367,-0.15000000596046448,2025-01-11,,False
308,49.27000045776367,-0.13500000536441803,2025-01-11,,False
309,49.27000045776367,-0.11999999731779099,2025-01-11,,False
310,49.27000045776367,-0.10499999672174454,2025-01-11,,False
311,49.27000045776367,-0.09000000357627869,2025-01-11,,False
312,49.27000045776367,-0.07500000298023224,2025-01-11,,False
313,49.27000045776367,-0.05999999865889549,2025-01-11,,False
314,49.27000045776367,-0.04500000178813934,2025-01-11,,False
315,49.27000045776367,-0.029999999329447746,2025-01-11,,False
316,49.27000045776367,-0.014999999664723873,2025-01-11,,False
317,49.27000045776367,0.0,2025-01-11,,False
318,49.27000045776367,0.014999999664723873,2025-01-11,,False
319,49.27000045776367,0.029999999329447746,2025-01-11,,False
320,49.27000045776367,0.04500000178813934,2025-01-11,,False
321,49.27000045776367,0.05999999865889549,2025-01-11,,False
322,49.27000045776367,0.07500000298023224,2025-01-11,,False
323,49.27000045776367,0.09000000357627869,2025-01-11,,False
324,49.27000045776367,0.10499999672174454,2025-01-11,,False
325,49.27000045776367,0.11999999731779099,2025-01-11,,False
326,49.27000045776367,0.13500000536441803,2025-01-11,,False
327,49.27000045776367,0.15000000596046448,2025-01-11,,False
328,49.27000045776367,0.16500000655651093,2025-01-11,,False
329,49.27000045776367,0.18000000715255737,2025-01-11,,False
330,49.27000045776367,0.19499999284744263,2025-01-11,,False
331,49.27000045776367,0.20999999344348907,2025-01-11,,False
332,49.27000045776367,0.22499999403953552,2025-01-11,,False
333,49.27000045776367,0.23999999463558197,2025-01-11,,False
334,49.27000045776367,0.2549999952316284,2025-01-11,,False
335,49.27000045776367,0.27000001072883606,2025-01-11,,False
336,49.27000045776367,0.2849999964237213,2025-01-11,,False
337,49.27000045776367,0.30000001192092896,2025-01-11,,False
338,49.27000045776367,0.3149999976158142,2025-01-11,,False
339,49.27000045776367,0.33000001311302185,2025-01-11,,False
340,49.27000045776367,0.3449999988079071,2025-01-11,,False
341,49.27000045776367,0.36000001430511475,2025-01-11,,False
342,49.27000045776367,0.375,2025-01-11,,False
343,49.27000045776367,0.38999998569488525,2025-01-11,,False
344,49.27000045776367,0.4050000011920929,2025-01-11,,False
345,49.27000045776367,0.41999998688697815,2025-01-11,,False
346,49.27000045776367,0.4350000023841858,2025-01-11,,False
347,49.27000045776367,0.44999998807907104,2025-01-11,,False
348,49.27000045776367,0.4650000035762787,2025-01-11,,False
349,49.27000045776367,0.47999998927116394,2025-01-11,,False
350,49.27000045776367,0.4950000047683716,2025-01-11,,False
351,49.279998779296875,-1.2450000047683716,2025-01-11,,False
352,49.279998779296875,-1.2300000190734863,2025-01-11,,False
353,49.279998779296875,-1.215000033378601,2025-01-11,,False
354,49.279998779296875,-1.2000000476837158,2025-01-11,,False
355,49.279998779296875,-1.184999942779541,2025-01-11,,False
356,49.279998779296875,-1.1699999570846558,2025-01-11,,False
357,49.279998779296875,-1.1549999713897705,2025-01-11,,False
358,49.279998779296875,-1.1399999856948853,2025-01-11,,False
359,49.279998779296875,-1.125,2025-01-11,,False
360,49.279998779296875,-1.1100000143051147,2025-01-11,,False
361,49.279998779296875,-1.0950000286102295,2025-01-11,,False
362,49.279998779296875,-1.0800000429153442,2025-01-11,,False
363,49.279998779296875,-1.065000057220459,2025-01-11,,False
364,49.279998779296875,-1.0499999523162842,2025-01-11,,False
365,49.279998779296875,-1.034999966621399,2025-01-11,,False
366,49.279998779296875,-1.0199999809265137,2025-01-11,,False
367,49.279998779296875,-1.0049999952316284,2025-01-11,,False
368,49.279998779296875,-0.9900000095367432,2025-01-11,,False
369,49.279998779296875,-0.9750000238418579,2025-01-11,,False
370,49.279998779296875,-0.9599999785423279,2025-01-11,,False
371,49.279998779296875,-0.9449999928474426,2025-01-11,,False
372,49.279998779296875,-0.9300000071525574,2025-01-11,,False
373,49.279998779296875,-0.9150000214576721,2025-01-11,,False
374,49.279998779296875,-0.8999999761581421,2025-01-11,,False
375,49.279998779296875,-0.8849999904632568,2025-01-11,,False
376,49.279998779296875,-0.8700000047683716,2025-01-11,,False
377,49.279998779296875,-0.8550000190734863,2025-01-11,,False
378,49.279998779296875,-0.8399999737739563,2025-01-11,,False
379,49.279998779296875,-0.824999988079071,2025-01-11,,False
380,49.279998779296875,-0.8100000023841858,2025-01-11,,False
381,49.279998779296875,-0.7950000166893005,2025-01-11,,False
382,49.279998779296875,-0.7799999713897705,2025-01-11,,False
383,49.279998779296875,-0.7649999856948853,2025-01-11,,False
384,49.279998779296875,-0.75,2025-01-11,,False
385,49.279998779296875,-0.7350000143051147,2025-01-11,,False
386,49.279998779296875,-0.7200000286102295,2025-01-11,,False
387,49.279998779296875,-0.7049999833106995,2025-01-11,,False
388,49.279998779296875,-0.6899999976158142,2025-01-11,,False
389,49.279998779296875,-0.675000011920929,2025-01-11,,False
390,49.279998779296875,-0.6600000262260437,2025-01-11,,False
391,49.279998779296875,-0.6449999809265137,2025-01-11,,False
392,49.279998779296875,-0.6299999952316284,2025-01-11,,False
393,49.279998779296875,-0.6150000095367432,2025-01-11,,False
394,49.279998779296875,-0.6000000238418579,2025-01-11,,False
395,49.279998779296875,-0.5849999785423279,2025-01-11,,False
396,49.279998779296875,-0.5699999928474426,2025-01-11,,False
397,49.279998779296875,-0.5550000071525574,2025-01-11,,False
398,49.279998779296875,-0.5400000214576721,2025-01-11,,False
399,49.279998779296875,-0.5249999761581421,2025-01-11,,False
400,49.279998779296875,-0.5099999904632568,2025-01-11,,False
401,49.279998779296875,-0.4950000047683716,2025-01-11,,False
402,49.279998779296875,-0.47999998927116394,2025-01-11,,False
403,49.279998779296875,-0.4650000035762787,2025-01-11,,False
404,49.279998779296875,-0.44999998807907104,2025-01-11,,False
405,49.279998779296875,-0.4350000023841858,2025-01-11,,False
406,49.279998779296875,-0.41999998688697815,2025-01-11,,False
407,49.279998779296875,-0.4050000011920929,2025-01-11,,False
408,49.279998779296875,-0.38999998569488525,2025-01-11,,False
409,49.279998779296875,-0.375,2025-01-11,,False
410,49.279998779296875,-0.36000001430511475,2025-01-11,,False
411,49.279998779296875,-0.3449999988079071,2025-01-11,,False
412,49.279998779296875,-0.33000001311302185,2025-01-11,,False
413,49.279998779296875,-0.3149999976158142,2025-01-11,,False
414,49.279998779296875,-0.30000001192092896,2025-01-11,,False
415,49.279998779296875,-0.2849999964237213,2025-01-11,,False
416,49.279998779296875,-0.27000001072883606,2025-01-11,,False
417,49.279998779296875,-0.2549999952316284,2025-01-11,,False
418,49.279998779296875,-0.23999999463558197,2025-01-11,,False
419,49.279998779296875,-0.22499999403953552,2025-01-11,,False
420,49.279998779296875,-0.20999999344348907,2025-01-11,,False
421,49.279998779296875,-0.19499999284744263,2025-01-11,,False
422,49.279998779296875,-0.18000000715255737,2025-01-11,,False
423,49.279998779296875,-0.16500000655651093,2025-01-11,,False
424,49.279998779296875,-0.15000000596046448,2025-01-11,,False
425,49.279998779296875,-0.13500000536441803,2025-01-11,,False
426,49.279998779296875,-0.11999999731779099,2025-01-11,,False
427,49.279998779296875,-0.10499999672174454,2025-01-11,,False
428,49.279998779296875,-0.09000000357627869,2025-01-11,,False
429,49.279998779296875,-0.07500000298023224,2025-01-11,,False
430,49.279998779296875,-0.05999999865889549,2025-01-11,,False
431,49.279998779296875,-0.04500000178813934,2025-01-11,,False
432,49.279998779296875,-0.029999999329447746,2025-01-11,,False
433,49.279998779296875,-0.014999999664723873,2025-01-11,,False
434,49.279998779296875,0.0,2025-01-11,,False
435,49.279998779296875,0.014999999664723873,2025-01-11,,False
436,49.279998779296875,0.029999999329447746,2025-01-11,,False
437,49.279998779296875,0.04500000178813934,2025-01-11,,False
438,49.279998779296875,0.05999999865889549,2025-01-11,,False
439,49.279998779296875,0.07500000298023224,2025-01-11,,False
440,49.279998779296875,0.09000000357627869,2025-01-11,,False
441,49.279998779296875,0.10499999672174454,2025-01-11,,False
442,49.279998779296875,0.11999999731779099,2025-01-11,,False
443,49.279998779296875,0.13500000536441803,2025-01-11,,False
444,49.279998779296875,0.15000000596046448,2025-01-11,,False
445,49.279998779296875,0.16500000655651093,2025-01-11,,False
446,49.279998779296875,0.18000000715255737,2025-01-11,,False
447,49.279998779296875,0.19499999284744263,2025-01-11,,False
448,49.279998779296875,0.20999999344348907,2025-01-11,,False
449,49.279998779296875,0.22499999403953552,2025-01-11,,False
450,49.279998779296875,0.23999999463558197,2025-01-11,,False
451,49.279998779296875,0.2549999952316284,2025-01-11,,False
452,49.279998779296875,0.27000001072883606,2025-01-11,,False
453,49.279998779296875,0.2849999964237213,2025-01-11,,False
454,49.279998779296875,0.30000001192092896,2025-01-11,,False
455,49.279998779296875,0.3149999976158142,2025-01-11,,False
456,49.279998779296875,0.33000001311302185,2025-01-11,,False
457,49.279998779296875,0.3449999988079071,2025-01-11,,False
458,49.279998779296875,0.36000001430511475,2025-01-11,,False
459,49.279998779296875,0.375,2025-01-11,,False
460,49.279998779296875,0.38999998569488525,2025-01-11,,False
461,49.279998779296875,0.4050000011920929,2025-01-11,,False
462,49.279998779296875,0.41999998688697815,2025-01-11,,False
463,49.279998779296875,0.4350000023841858,2025-01-11,,False
464,49.279998779296875,0.44999998807907104,2025-01-11,,False
465,49.279998779296875,0.4650000035762787,2025-01-11,,False
466,49.279998779296875,0.47999998927116394,2025-01-11,,False
467,49.279998779296875,0.4950000047683716,2025-01-11,,False
468,49.290000915527344,-1.2450000047683716,2025-01-11,,False
469,49.290000915527344,-1.2300000190734863,2025-01-11,,False
470,49.290000915527344,-1.215000033378601,2025-01-11,,False
471,49.290000915527344,-1.2000000476837158,2025-01-11,,False
472,49.290000915527344,-1.184999942779541,2025-01-11,,False
473,49.290000915527344,-1.1699999570846558,2025-01-11,,False
474,49.290000915527344,-1.1549999713897705,2025-01-11,,False
475,49.290000915527344,-1.1399999856948853,2025-01-11,,False
476,49.290000915527344,-1.125,2025-01-11,,False
477,49.290000915527344,-1.1100000143051147,2025-01-11,,False
478,49.290000915527344,-1.0950000286102295,2025-01-11,,False
479,49.290000915527344,-1.0800000429153442,2025-01-11,,False
480,49.290000915527344,-1.065000057220459,2025-01-11,,False
481,49.290000915527344,-1.0499999523162842,2025-01-11,,False
482,49.290000915527344,-1.034999966621399,2025-01-11,,False
483,49.290000915527344,-1.0199999809265137,2025-01-11,,False
484,49.290000915527344,-1.0049999952316284,2025-01-11,,False
485,49.290000915527344,-0.9900000095367432,2025-01-11,,False
486,49.290000915527344,-0.9750000238418579,2025-01-11,,False
487,49.290000915527344,-0.9599999785423279,2025-01-11,,False
488,49.290000915527344,-0.9449999928474426,2025-01-11,,False
489,49.290000915527344,-0.9300000071525574,2025-01-11,,False
490,49.290000915527344,-0.9150000214576721,2025-01-11,,False
491,49.290000915527344,-0.8999999761581421,2025-01-11,,False
492,49.290000915527344,-0.8849999904632568,2025-01-11,,False
493,49.290000915527344,-0.8700000047683716,2025-01-11,,False
494,49.290000915527344,-0.8550000190734863,2025-01-11,,False
495,49.290000915527344,-0.8399999737739563,2025-01-11,,False
496,49.290000915527344,-0.824999988079071,2025-01-11,,False
497,49.290000915527344,-0.8100000023841858,2025-01-11,,False
498,49.290000915527344,-0.7950000166893005,2025-01-11,,False
499,49.290000915527344,-0.7799999713897705,2025-01-11,,False
500,49.290000915527344,-0.7649999856948853,2025-01-11,,False
501,49.290000915527344,-0.75,2025-01-11,,False
502,49.290000915527344,-0.7350000143051147,2025-01-11,,False
503,49.290000915527344,-0.7200000286102295,2025-01-11,,False
504,49.290000915527344,-0.7049999833106995,2025-01-11,,False
505,49.290000915527344,-0.6899999976158142,2025-01-11,,False
506,49.290000915527344,-0.675000011920929,2025-01-11,,False
507,49.290000915527344,-0.6600000262260437,2025-01-11,,False
508,49.290000915527344,-0.6449999809265137,2025-01-11,,False
509,49.290000915527344,-0.6299999952316284,2025-01-11,,False
510,49.290000915527344,-0.6150000095367432,2025-01-11,,False
511,49.290000915527344,-0.6000000238418579,2025-01-11,,False
512,49.290000915527344,-0.5849999785423279,2025-01-11,,False
513,49.290000915527344,-0.5699999928474426,2025-01-11,,False
514,49.290000915527344,-0.5550000071525574,2025-01-11,,False
515,49.290000915527344,-0.5400000214576721,2025-01-11,,False
516,49.290000915527344,-0.5249999761581421,2025-01-11,,False
517,49.290000915527344,-0.5099999904632568,2025-01-11,,False
518,49.290000915527344,-0.4950000047683716,2025-01-11,,False
519,49.290000915527344,-0.47999998927116394,2025-01-11,,False
520,49.290000915527344,-0.4650000035762787,2025-01-11,,False
521,49.290000915527344,-0.44999998807907104,2025-01-11,,False
522,49.290000915527344,-0.4350000023841858,2025-01-11,,False
523,49.290000915527344,-0.41999998688697815,2025-01-11,,False
524,49.290000915527344,-0.4050000011920929,2025-01-11,,False
525,49.290000915527344,-0.38999998569488525,2025-01-11,,False
526,49.290000915527344,-0.375,2025-01-11,,False
527,49.290000915527344,-0.36000001430511475,2025-01-11,,False
528,49.290000915527344,-0.3449999988079071,2025-01-11,,False
529,49.290000915527344,-0.33000001311302185,2025-01-11,,False
530,49.290000915527344,-0.3149999976158142,2025-01-11,,False
531,49.290000915527344,-0.30000001192092896,2025-01-11,,False
532,49.290000915527344,-0.2849999964237213,2025-01-11,,False
533,49.290000915527344,-0.27000001072883606,2025-01-11,,False
534,49.290000915527344,-0.2549999952316284,2025-01-11,,False
535,49.290000915527344,-0.23999999463558197,2025-01-11,,False
536,49.290000915527344,-0.22499999403953552,2025-01-11,,False
537,49.290000915527344,-0.20999999344348907,2025-01-11,,False
538,49.290000915527344,-0.19499999284744263,2025-01-11,,False
539,49.290000915527344,-0.18000000715255737,2025-01-11,,False
540,49.290000915527344,-0.16500000655651093,2025-01-11,,False
541,49.290000915527344,-0.15000000596046448,2025-01-11,,False
542,49.290000915527344,-0.13500000536441803,2025-01-11,,False
543,49.290000915527344,-0.11999999731779099,2025-01-11,,False
544,49.290000915527344,-0.10499999672174454,2025-01-11,,False
545,49.290000915527344,-0.09000000357627869,2025-01-11,,False
546,49.290000915527344,-0.07500000298023224,2025-01-11,,False
547,49.290000915527344,-0.05999999865889549,2025-01-11,,False
548,49.290000915527344,-0.04500000178813934,2025-01-11,,False
549,49.290000915527344,-0.029999999329447746,2025-01-11,,False
550,49.290000915527344,-0.014999999664723873,2025-01-11,,False
551,49.290000915527344,0.0,2025-01-11,,False
552,49.290000915527344,0.014999999664723873,2025-01-11,,False
553,49.290000915527344,0.029999999329447746,2025-01-11,,False
554,49.290000915527344,0.04500000178813934,2025-01-11,,False
555,49.290000915527344,0.05999999865889549,2025-01-11,,False
556,49.290000915527344,0.07500000298023224,2025-01-11,,False
557,49.290000915527344,0.09000000357627869,2025-01-11,,False
558,49.290000915527344,0.10499999672174454,2025-01-11,,False
559,49.290000915527344,0.11999999731779099,2025-01-11,,False
560,49.290000915527344,0.13500000536441803,2025-01-11,,False
561,49.290000915527344,0.15000000596046448,2025-01-11,,False
562,49.290000915527344,0.16500000655651093,2025-01-11,,False
563,49.290000915527344,0.18000000715255737,2025-01-11,,False
564,49.290000915527344,0.19499999284744263,2025-01-11,,False
565,49.290000915527344,0.20999999344348907,2025-01-11,,False
566,49.290000915527344,0.22499999403953552,2025-01-11,,False
567,49.290000915527344,0.23999999463558197,2025-01-11,,False
568,49.290000915527344,0.2549999952316284,2025-01-11,,False
569,49.290000915527344,0.27000001072883606,2025-01-11,,False
570,49.290000915527344,0.2849999964237213,2025-01-11,,False
571,49.290000915527344,0.30000001192092896,2025-01-11,,False
572,49.290000915527344,0.3149999976158142,2025-01-11,,False
573,49.290000915527344,0.33000001311302185,2025-01-11,,False
574,49.290000915527344,0.3449999988079071,2025-01-11,,False
575,49.290000915527344,0.36000001430511475,2025-01-11,,False
576,49.290000915527344,0.375,2025-01-11,,False
577,49.290000915527344,0.38999998569488525,2025-01-11,,False
578,49.290000915527344,0.4050000011920929,2025-01-11,,False
579,49.290000915527344,0.41999998688697815,2025-01-11,,False
580,49.290000915527344,0.4350000023841858,2025-01-11,,False
581,49.290000915527344,0.44999998807907104,2025-01-11,,False
582,49.290000915527344,0.4650000035762787,2025-01-11,,False
583,49.290000915527344,0.47999998927116394,2025-01-11,,False
584,49.290000915527344,0.4950000047683716,2025-01-11,,False
585,49.29999923706055,-1.2450000047683716,2025-01-11,,False
586,49.29999923706055,-1.2300000190734863,2025-01-11,,False
587,49.29999923706055,-1.215000033378601,2025-01-11,,False
588,49.29999923706055,-1.2000000476837158,2025-01-11,,False
589,49.29999923706055,-1.184999942779541,2025-01-11,,False
590,49.29999923706055,-1.1699999570846558,2025-01-11,,False
591,49.29999923706055,-1.1549999713897705,2025-01-11,,False
592,49.29999923706055,-1.1399999856948853,2025-01-11,,False
593,49.29999923706055,-1.125,2025-01-11,,False
594,49.29999923706055,-1.1100000143051147,2025-01-11,,False
595,49.29999923706055,-1.0950000286102295,2025-01-11,,False
596,49.29999923706055,-1.0800000429153442,2025-01-11,,False
597,49.29999923706055,-1.065000057220459,2025-01-11,,False
598,49.29999923706055,-1.0499999523162842,2025-01-11,,False
599,49.29999923706055,-1.034999966621399,2025-01-11,,False
600,49.29999923706055,-1.0199999809265137,2025-01-11,,False
601,49.29999923706055,-1.0049999952316284,2025-01-11,,False
602,49.29999923706055,-0.9900000095367432,2025-01-11,,False
603,49.29999923706055,-0.9750000238418579,2025-01-11,,False
604,49.29999923706055,-0.9599999785423279,2025-01-11,,False
605,49.29999923706055,-0.9449999928474426,2025-01-11,,False
606,49.29999923706055,-0.9300000071525574,2025-01-11,,False
607,49.29999923706055,-0.9150000214576721,2025-01-11,,False
608,49.29999923706055,-0.8999999761581421,2025-01-11,,False
609,49.29999923706055,-0.8849999904632568,2025-01-11,,False
610,49.29999923706055,-0.8700000047683716,2025-01-11,,False
611,49.29999923706055,-0.8550000190734863,2025-01-11,,False
612,49.29999923706055,-0.8399999737739563,2025-01-11,,False
613,49.29999923706055,-0.824999988079071,2025-01-11,,False
614,49.29999923706055,-0.8100000023841858,2025-01-11,,False
615,49.29999923706055,-0.7950000166893005,2025-01-11,,False
616,49.29999923706055,-0.7799999713897705,2025-01-11,,False
617,49.29999923706055,-0.7649999856948853,2025-01-11,,False
618,49.29999923706055,-0.75,2025-01-11,,False
619,49.29999923706055,-0.7350000143051147,2025-01-11,,False
620,49.29999923706055,-0.7200000286102295,2025-01-11,,False
621,49.29999923706055,-0.7049999833106995,2025-01-11,,False
622,49.29999923706055,-0.6899999976158142,2025-01-11,,False
623,49.29999923706055,-0.675000011920929,2025-01-11,,False
624,49.29999923706055,-0.6600000262260437,2025-01-11,,False
625,49.29999923706055,-0.6449999809265137,2025-01-11,,False
626,49.29999923706055,-0.6299999952316284,2025-01-11,,False
627,49.29999923706055,-0.6150000095367432,2025-01-11,,False
628,49.29999923706055,-0.6000000238418579,2025-01-11,,False
629,49.29999923706055,-0.5849999785423279,2025-01-11,,False
630,49.29999923706055,-0.5699999928474426,2025-01-11,,False
631,49.29999923706055,-0.5550000071525574,2025-01-11,,False
632,49.29999923706055,-0.5400000214576721,2025-01-11,,False
633,49.29999923706055,-0.5249999761581421,2025-01-11,,False
634,49.29999923706055,-0.5099999904632568,2025-01-11,,False
635,49.29999923706055,-0.4950000047683716,2025-01-11,,False
636,49.29999923706055,-0.47999998927116394,2025-01-11,,False
637,49.29999923706055,-0.4650000035762787,2025-01-11,,False
638,49.29999923706055,-0.44999998807907104,2025-01-11,,False
639,49.29999923706055,-0.4350000023841858,2025-01-11,,False
640,49.29999923706055,-0.41999998688697815,2025-01-11,,False
641,49.29999923706055,-0.4050000011920929,2025-01-11,,False
642,49.29999923706055,-0.38999998569488525,2025-01-11,,False
643,49.29999923706055,-0.375,2025-01-11,,False
644,49.29999923706055,-0.36000001430511475,2025-01-11,,False
645,49.29999923706055,-0.3449999988079071,2025-01-11,,False
646,49.29999923706055,-0.33000001311302185,2025-01-11,,False
647,49.29999923706055,-0.3149999976158142,2025-01-11,,False
648,49.29999923706055,-0.30000001192092896,2025-01-11,,False
649,49.29999923706055,-0.2849999964237213,2025-01-11,,False
650,49.29999923706055,-0.27000001072883606,2025-01-11,17.7399996034801,False
651,49.29999923706055,-0.2549999952316284,2025-01-11,18.27999959141016,False
652,49.29999923706055,-0.23999999463558197,2025-01-11,22.95999948680401,False
653,49.29999923706055,-0.22499999403953552,2025-01-11,19.109999572858214,False
654,49.29999923706055,-0.20999999344348907,2025-01-11,20.309999546036124,False
655,49.29999923706055,-0.19499999284744263,2025-01-11,15.29999965801835,False
656,49.29999923706055,-0.18000000715255737,2025-01-11,13.449999699369073,False
657,49.29999923706055,-0.16500000655651093,2025-01-11,,False
658,49.29999923706055,-0.15000000596046448,2025-01-11,,False
659,49.29999923706055,-0.13500000536441803,2025-01-11,,False
660,49.29999923706055,-0.11999999731779099,2025-01-11,,False
661,49.29999923706055,-0.10499999672174454,2025-01-11,,False
662,49.29999923706055,-0.09000000357627869,2025-01-11,,False
663,49.29999923706055,-0.07500000298023224,2025-01-11,,False
664,49.29999923706055,-0.05999999865889549,2025-01-11,,False
665,49.29999923706055,-0.04500000178813934,2025-01-11,,False
666,49.29999923706055,-0.029999999329447746,2025-01-11,,False
667,49.29999923706055,-0.014999999664723873,2025-01-11,,False
668,49.29999923706055,0.0,2025-01-11,,False
669,49.29999923706055,0.014999999664723873,2025-01-11,,False
670,49.29999923706055,0.029999999329447746,2025-01-11,,False
671,49.29999923706055,0.04500000178813934,2025-01-11,,False
672,49.29999923706055,0.05999999865889549,2025-01-11,,False
673,49.29999923706055,0.07500000298023224,2025-01-11,,False
674,49.29999923706055,0.09000000357627869,2025-01-11,,False
675,49.29999923706055,0.10499999672174454,2025-01-11,,False
676,49.29999923706055,0.11999999731779099,2025-01-11,,False
677,49.29999923706055,0.13500000536441803,2025-01-11,,False
678,49.29999923706055,0.15000000596046448,2025-01-11,,False
679,49.29999923706055,0.16500000655651093,2025-01-11,,False
680,49.29999923706055,0.18000000715255737,2025-01-11,,False
681,49.29999923706055,0.19499999284744263,2025-01-11,,False
682,49.29999923706055,0.20999999344348907,2025-01-11,,False
683,49.29999923706055,0.22499999403953552,2025-01-11,,False
684,49.29999923706055,0.23999999463558197,2025-01-11,,False
685,49.29999923706055,0.2549999952316284,2025-01-11,,False
686,49.29999923706055,0.27000001072883606,2025-01-11,,False
687,49.29999923706055,0.2849999964237213,2025-01-11,,False
688,49.29999923706055,0.30000001192092896,2025-01-11,,False
689,49.29999923706055,0.3149999976158142,2025-01-11,,False
690,49.29999923706055,0.33000001311302185,2025-01-11,,False
691,49.29999923706055,0.3449999988079071,2025-01-11,,False
692,49.29999923706055,0.36000001430511475,2025-01-11,,False
693,49.29999923706055,0.375,2025-01-11,,False
694,49.29999923706055,0.38999998569488525,2025-01-11,,False
695,49.29999923706055,0.4050000011920929,2025-01-11,,False
696,49.29999923706055,0.41999998688697815,2025-01-11,,False
697,49.29999923706055,0.4350000023841858,2025-01-11,,False
698,49.29999923706055,0.44999998807907104,2025-01-11,,False
699,49.29999923706055,0.4650000035762787,2025-01-11,,False
700,49.29999923706055,0.47999998927116394,2025-01-11,,False
701,49.29999923706055,0.4950000047683716,2025-01-11,,False
702,49.310001373291016,-1.2450000047683716,2025-01-11,,False
703,49.310001373291016,-1.2300000190734863,2025-01-11,,False
704,49.310001373291016,-1.215000033378601,2025-01-11,,False
705,49.310001373291016,-1.2000000476837158,2025-01-11,,False
706,49.310001373291016,-1.184999942779541,2025-01-11,,False
707,49.310001373291016,-1.1699999570846558,2025-01-11,,False
708,49.310001373291016,-1.1549999713897705,2025-01-11,,False
709,49.310001373291016,-1.1399999856948853,2025-01-11,,False
710,49.310001373291016,-1.125,2025-01-11,,False
711,49.310001373291016,-1.1100000143051147,2025-01-11,,False
712,49.310001373291016,-1.0950000286102295,2025-01-11,,False
713,49.310001373291016,-1.0800000429153442,2025-01-11,,False
714,49.310001373291016,-1.065000057220459,2025-01-11,,False
715,49.310001373291016,-1.0499999523162842,2025-01-11,,False
716,49.310001373291016,-1.034999966621399,2025-01-11,,False
717,49.310001373291016,-1.0199999809265137,2025-01-11,,False
718,49.310001373291016,-1.0049999952316284,2025-01-11,,False
719,49.310001373291016,-0.9900000095367432,2025-01-11,,False
720,49.310001373291016,-0.9750000238418579,2025-01-11,,False
721,49.310001373291016,-0.9599999785423279,2025-01-11,,False
722,49.310001373291016,-0.9449999928474426,2025-01-11,,False
723,49.310001373291016,-0.9300000071525574,2025-01-11,,False
724,49.310001373291016,-0.9150000214576721,2025-01-11,,False
725,49.310001373291016,-0.8999999761581421,2025-01-11,,False
726,49.310001373291016,-0.8849999904632568,2025-01-11,,False
727,49.310001373291016,-0.8700000047683716,2025-01-11,,False
728,49.310001373291016,-0.8550000190734863,2025-01-11,,False
729,49.310001373291016,-0.8399999737739563,2025-01-11,,False
730,49.310001373291016,-0.824999988079071,2025-01-11,,False
731,49.310001373291016,-0.8100000023841858,2025-01-11,,False
732,49.310001373291016,-0.7950000166893005,2025-01-11,,False
733,49.310001373291016,-0.7799999713897705,2025-01-11,,False
734,49.310001373291016,-0.7649999856948853,2025-01-11,,False
735,49.310001373291016,-0.75,2025-01-11,,False
736,49.310001373291016,-0.7350000143051147,2025-01-11,,False
737,49.310001373291016,-0.7200000286102295,2025-01-11,,False
738,49.310001373291016,-0.7049999833106995,2025-01-11,,False
739,49.310001373291016,-0.6899999976158142,2025-01-11,,False
740,49.310001373291016,-0.675000011920929,2025-01-11,,False
741,49.310001373291016,-0.6600000262260437,2025-01-11,,False
742,49.310001373291016,-0.6449999809265137,2025-01-11,,False
743,49.310001373291016,-0.6299999952316284,2025-01-11,,False
744,49.310001373291016,-0.6150000095367432,2025-01-11,,False
745,49.310001373291016,-0.6000000238418579,2025-01-11,,False
746,49.310001373291016,-0.5849999785423279,2025-01-11,,False
747,49.310001373291016,-0.5699999928474426,2025-01-11,,False
748,49.310001373291016,-0.5550000071525574,2025-01-11,,False
749,49.310001373291016,-0.5400000214576721,2025-01-11,,False
750,49.310001373291016,-0.5249999761581421,2025-01-11,,False
751,49.310001373291016,-0.5099999904632568,2025-01-11,,False
752,49.310001373291016,-0.4950000047683716,2025-01-11,,False
753,49.310001373291016,-0.47999998927116394,2025-01-11,,False
754,49.310001373291016,-0.4650000035762787,2025-01-11,,False
755,49.310001373291016,-0.44999998807907104,2025-01-11,,False
756,49.310001373291016,-0.4350000023841858,2025-01-11,,False
757,49.310001373291016,-0.41999998688697815,2025-01-11,,False
758,49.310001373291016,-0.4050000011920929,2025-01-11,,False
759,49.310001373291016,-0.38999998569488525,2025-01-11,,False
760,49.310001373291016,-0.375,2025-01-11,,False
761,49.310001373291016,-0.36000001430511475,2025-01-11,,False
762,49.310001373291016,-0.3449999988079071,2025-01-11,,False
763,49.310001373291016,-0.33000001311302185,2025-01-11,,False
764,49.310001373291016,-0.3149999976158142,2025-01-11,10.759999759495258,False
765,49.310001373291016,-0.30000001192092896,2025-01-11,8.549999808892608,False
766,49.310001373291016,-0.2849999964237213,2025-01-11,9.349999791011214,False
767,49.310001373291016,-0.27000001072883606,2025-01-11,12.959999710321426,False
768,49.310001373291016,-0.2549999952316284,2025-01-11,17.54999960772693,False
769,49.310001373291016,-0.23999999463558197,2025-01-11,22.669999493286014,False
770,49.310001373291016,-0.22499999403953552,2025-01-11,21.41999952122569,False
771,49.310001373291016,-0.20999999344348907,2025-01-11,14.859999667853117,False
772,49.310001373291016,-0.19499999284744263,2025-01-11,13.529999697580934,False
773,49.310001373291016,-0.18000000715255737,2025-01-11,11.80999973602593,False
774,49.310001373291016,-0.16500000655651093,2025-01-11,11.679999738931656,False
775,49.310001373291016,-0.15000000596046448,2025-01-11,14.32999967969954,False
776,49.310001373291016,-0.13500000536441803,2025-01-11,18.15999959409237,False
777,49.310001373291016,-0.11999999731779099,2025-01-11,15.949999643489718,False
778,49.310001373291016,-0.10499999672174454,2025-01-11,,False
779,49.310001373291016,-0.09000000357627869,2025-01-11,,False
780,49.310001373291016,-0.07500000298023224,2025-01-11,,True
781,49.310001373291016,-0.05999999865889549,2025-01-11,,False
782,49.310001373291016,-0.04500000178813934,2025-01-11,,False
783,49.310001373291016,-0.029999999329447746,2025-01-11,,False
784,49.310001373291016,-0.014999999664723873,2025-01-11,,False
785,49.310001373291016,0.0,2025-01-11,,False
786,49.310001373291016,0.014999999664723873,2025-01-11,,False
787,49.310001373291016,0.029999999329447746,2025-01-11,,False
788,49.310001373291016,0.04500000178813934,2025-01-11,,False
789,49.310001373291016,0.05999999865889549,2025-01-11,,False
790,49.310001373291016,0.07500000298023224,2025-01-11,,False
791,49.310001373291016,0.09000000357627869,2025-01-11,,False
792,49.310001373291016,0.10499999672174454,2025-01-11,,False
793,49.310001373291016,0.11999999731779099,2025-01-11,,False
794,49.310001373291016,0.13500000536441803,2025-01-11,,False
795,49.310001373291016,0.15000000596046448,2025-01-11,,False
796,49.310001373291016,0.16500000655651093,2025-01-11,,False
797,49.310001373291016,0.18000000715255737,2025-01-11,,False
798,49.310001373291016,0.19499999284744263,2025-01-11,,False
799,49.310001373291016,0.20999999344348907,2025-01-11,,False
800,49.310001373291016,0.22499999403953552,2025-01-11,,False
801,49.310001373291016,0.23999999463558197,2025-01-11,,False
802,49.310001373291016,0.2549999952316284,2025-01-11,,False
803,49.310001373291016,0.27000001072883606,2025-01-11,,False
804,49.310001373291016,0.2849999964237213,2025-01-11,,False
805,49.310001373291016,0.30000001192092896,2025-01-11,,False
806,49.310001373291016,0.3149999976158142,2025-01-11,,False
807,49.310001373291016,0.33000001311302185,2025-01-11,,False
808,49.310001373291016,0.3449999988079071,2025-01-11,,False
809,49.310001373291016,0.36000001430511475,2025-01-11,,False
810,49.310001373291016,0.375,2025-01-11,,False
811,49.310001373291016,0.38999998569488525,2025-01-11,,False
812,49.310001373291016,0.4050000011920929,2025-01-11,,False
813,49.310001373291016,0.41999998688697815,2025-01-11,,False
814,49.310001373291016,0.4350000023841858,2025-01-11,,False
815,49.310001373291016,0.44999998807907104,2025-01-11,,False
816,49.310001373291016,0.4650000035762787,2025-01-11,,False
817,49.310001373291016,0.47999998927116394,2025-01-11,,False
818,49.310001373291016,0.4950000047683716,2025-01-11,,False
819,49.31999969482422,-1.2450000047683716,2025-01-11,,False
820,49.31999969482422,-1.2300000190734863,2025-01-11,,False
821,49.31999969482422,-1.215000033378601,2025-01-11,,False
822,49.31999969482422,-1.2000000476837158,2025-01-11,,False
823,49.31999969482422,-1.184999942779541,2025-01-11,,False
824,49.31999969482422,-1.1699999570846558,2025-01-11,,False
825,49.31999969482422,-1.1549999713897705,2025-01-11,,False
826,49.31999969482422,-1.1399999856948853,2025-01-11,,False
827,49.31999969482422,-1.125,2025-01-11,,False
828,49.31999969482422,-1.1100000143051147,2025-01-11,,False
829,49.31999969482422,-1.0950000286102295,2025-01-11,,False
830,49.31999969482422,-1.0800000429153442,2025-01-11,,False
831,49.31999969482422,-1.065000057220459,2025-01-11,,False
832,49.31999969482422,-1.0499999523162842,2025-01-11,,False
833,49.31999969482422,-1.034999966621399,2025-01-11,,False
834,49.31999969482422,-1.0199999809265137,2025-01-11,,False
835,49.31999969482422,-1.0049999952316284,2025-01-11,,False
836,49.31999969482422,-0.9900000095367432,2025-01-11,,False
837,49.31999969482422,-0.9750000238418579,2025-01-11,,False
838,49.31999969482422,-0.9599999785423279,2025-01-11,,False
839,49.31999969482422,-0.9449999928474426,2025-01-11,,False
840,49.31999969482422,-0.9300000071525574,2025-01-11,,False
841,49.31999969482422,-0.9150000214576721,2025-01-11,,False
842,49.31999969482422,-0.8999999761581421,2025-01-11,,False
843,49.31999969482422,-0.8849999904632568,2025-01-11,,False
844,49.31999969482422,-0.8700000047683716,2025-01-11,,False
845,49.31999969482422,-0.8550000190734863,2025-01-11,,False
846,49.31999969482422,-0.8399999737739563,2025-01-11,,False
847,49.31999969482422,-0.824999988079071,2025-01-11,,False
848,49.31999969482422,-0.8100000023841858,2025-01-11,,False
849,49.31999969482422,-0.7950000166893005,2025-01-11,,False
850,49.31999969482422,-0.7799999713897705,2025-01-11,,False
851,49.31999969482422,-0.7649999856948853,2025-01-11,,False
852,49.31999969482422,-0.75,2025-01-11,,False
853,49.31999969482422,-0.7350000143051147,2025-01-11,,False
854,49.31999969482422,-0.7200000286102295,2025-01-11,,False
855,49.31999969482422,-0.7049999833106995,2025-01-11,,False
856,49.31999969482422,-0.6899999976158142,2025-01-11,,False
857,49.31999969482422,-0.675000011920929,2025-01-11,,False
858,49.31999969482422,-0.6600000262260437,2025-01-11,,False
859,49.31999969482422,-0.6449999809265137,2025-01-11,,False
860,49.31999969482422,-0.6299999952316284,2025-01-11,,False
861,49.31999969482422,-0.6150000095367432,2025-01-11,,False
862,49.31999969482422,-0.6000000238418579,2025-01-11,,False
863,49.31999969482422,-0.5849999785423279,2025-01-11,,False
864,49.31999969482422,-0.5699999928474426,2025-01-11,,False
865,49.31999969482422,-0.5550000071525574,2025-01-11,,False
866,49.31999969482422,-0.5400000214576721,2025-01-11,,False
867,49.31999969482422,-0.5249999761581421,2025-01-11,,False
868,49.31999969482422,-0.5099999904632568,2025-01-11,,False
869,49.31999969482422,-0.4950000047683716,2025-01-11,,False
870,49.31999969482422,-0.47999998927116394,2025-01-11,,False
871,49.31999969482422,-0.4650000035762787,2025-01-11,,False
872,49.31999969482422,-0.44999998807907104,2025-01-11,,False
873,49.31999969482422,-0.4350000023841858,2025-01-11,,False
874,49.31999969482422,-0.41999998688697815,2025-01-11,,False
875,49.31999969482422,-0.4050000011920929,2025-01-11,,False
876,49.31999969482422,-0.38999998569488525,2025-01-11,,False
877,49.31999969482422,-0.375,2025-01-11,,False
878,49.31999969482422,-0.36000001430511475,2025-01-11,,False
879,49.31999969482422,-0.3449999988079071,2025-01-11,,False
880,49.31999969482422,-0.33000001311302185,2025-01-11,7.819999825209379,False
881,49.31999969482422,-0.3149999976158142,2025-01-11,6.309999858960509,False
882,49.31999969482422,-0.30000001192092896,2025-01-11,6.989999843761325,False
883,49.31999969482422,-0.2849999964237213,2025-01-11,10.33999976888299,False
884,49.31999969482422,-0.27000001072883606,2025-01-11,13.659999694675207,False
885,49.31999969482422,-0.2549999952316284,2025-01-11,19.9799995534122,False
886,49.31999969482422,-0.23999999463558197,2025-01-11,19.859999556094408,False
887,49.31999969482422,-0.22499999403953552,2025-01-11,18.649999583140016,False
888,49.31999969482422,-0.20999999344348907,2025-01-11,12.979999709874392,False
889,49.31999969482422,-0.19499999284744263,2025-01-11,11.80999973602593,False
890,49.31999969482422,-0.18000000715255737,2025-01-11,10.349999768659472,False
891,49.31999969482422,-0.16500000655651093,2025-01-11,10.249999770894647,False
892,49.31999969482422,-0.15000000596046448,2025-01-11,13.349999701604247,False
893,49.31999969482422,-0.13500000536441803,2025-01-11,14.819999668747187,False
894,49.31999969482422,-0.11999999731779099,2025-01-11,14.389999678358436,False
895,49.31999969482422,-0.10499999672174454,2025-01-11,14.219999682158232,False
896,49.31999969482422,-0.09000000357627869,2025-01-11,14.229999681934714,False
897,49.31999969482422,-0.07500000298023224,2025-01-11,16.749999625608325,True
898,49.31999969482422,-0.05999999865889549,2025-01-11,14.849999668076634,False
899,49.31999969482422,-0.04500000178813934,2025-01-11,,False
900,49.31999969482422,-0.029999999329447746,2025-01-11,,False
901,49.31999969482422,-0.014999999664723873,2025-01-11,,False
902,49.31999969482422,0.0,2025-01-11,,False
903,49.31999969482422,0.014999999664723873,2025-01-11,,False
904,49.31999969482422,0.029999999329447746,2025-01-11,,False
905,49.31999969482422,0.04500000178813934,2025-01-11,,False
906,49.31999969482422,0.05999999865889549,2025-01-11,,False
907,49.31999969482422,0.07500000298023224,2025-01-11,,False
908,49.31999969482422,0.09000000357627869,2025-01-11,,False
909,49.31999969482422,0.10499999672174454,2025-01-11,,False
910,49.31999969482422,0.11999999731779099,2025-01-11,,False
911,49.31999969482422,0.13500000536441803,2025-01-11,,False
912,49.31999969482422,0.15000000596046448,2025-01-11,,False
913,49.31999969482422,0.16500000655651093,2025-01-11,,False
914,49.31999969482422,0.18000000715255737,2025-01-11,,False
915,49.31999969482422,0.19499999284744263,2025-01-11,,False
916,49.31999969482422,0.20999999344348907,2025-01-11,,False
917,49.31999969482422,0.22499999403953552,2025-01-11,,False
918,49.31999969482422,0.23999999463558197,2025-01-11,,False
919,49.31999969482422,0.2549999952316284,2025-01-11,,False
920,49.31999969482422,0.27000001072883606,2025-01-11,,False
921,49.31999969482422,0.2849999964237213,2025-01-11,,False
922,49.31999969482422,0.30000001192092896,2025-01-11,,False
923,49.31999969482422,0.3149999976158142,2025-01-11,,False
924,49.31999969482422,0.33000001311302185,2025-01-11,,False
925,49.31999969482422,0.3449999988079071,2025-01-11,,False
926,49.31999969482422,0.36000001430511475,2025-01-11,,False
927,49.31999969482422,0.375,2025-01-11,,False
928,49.31999969482422,0.38999998569488525,2025-01-11,,False
929,49.31999969482422,0.4050000011920929,2025-01-11,,False
930,49.31999969482422,0.41999998688697815,2025-01-11,,False
931,49.31999969482422,0.4350000023841858,2025-01-11,,False
932,49.31999969482422,0.44999998807907104,2025-01-11,,False
933,49.31999969482422,0.4650000035762787,2025-01-11,,False
934,49.31999969482422,0.47999998927116394,2025-01-11,,False
935,49.31999969482422,0.4950000047683716,2025-01-11,,False
936,49.33000183105469,-1.2450000047683716,2025-01-11,,False
937,49.33000183105469,-1.2300000190734863,2025-01-11,,False
938,49.33000183105469,-1.215000033378601,2025-01-11,,False
939,49.33000183105469,-1.2000000476837158,2025-01-11,,False
940,49.33000183105469,-1.184999942779541,2025-01-11,,False
941,49.33000183105469,-1.1699999570846558,2025-01-11,,False
942,49.33000183105469,-1.1549999713897705,2025-01-11,,False
943,49.33000183105469,-1.1399999856948853,2025-01-11,,False
944,49.33000183105469,-1.125,2025-01-11,,False
945,49.33000183105469,-1.1100000143051147,2025-01-11,,False
946,49.33000183105469,-1.0950000286102295,2025-01-11,,False
947,49.33000183105469,-1.0800000429153442,2025-01-11,,False
948,49.33000183105469,-1.065000057220459,2025-01-11,,False
949,49.33000183105469,-1.0499999523162842,2025-01-11,,False
950,49.33000183105469,-1.034999966621399,2025-01-11,,False
951,49.33000183105469,-1.0199999809265137,2025-01-11,,False
952,49.33000183105469,-1.0049999952316284,2025-01-11,,False
953,49.33000183105469,-0.9900000095367432,2025-01-11,,False
954,49.33000183105469,-0.9750000238418579,2025-01-11,,False
955,49.33000183105469,-0.9599999785423279,2025-01-11,,False
956,49.33000183105469,-0.9449999928474426,2025-01-11,,False
957,49.33000183105469,-0.9300000071525574,2025-01-11,,False
958,49.33000183105469,-0.9150000214576721,2025-01-11,,False
959,49.33000183105469,-0.8999999761581421,2025-01-11,,False
960,49.33000183105469,-0.8849999904632568,2025-01-11,,False
961,49.33000183105469,-0.8700000047683716,2025-01-11,,False
962,49.33000183105469,-0.8550000190734863,2025-01-11,,False
963,49.33000183105469,-0.8399999737739563,2025-01-11,,False
964,49.33000183105469,-0.824999988079071,2025-01-11,,False
965,49.33000183105469,-0.8100000023841858,2025-01-11,,False
966,49.33000183105469,-0.7950000166893005,2025-01-11,,False
967,49.33000183105469,-0.7799999713897705,2025-01-11,,False
968,49.33000183105469,-0.7649999856948853,2025-01-11,,False
969,49.33000183105469,-0.75,2025-01-11,,False
970,49.33000183105469,-0.7350000143051147,2025-01-11,,False
971,49.33000183105469,-0.7200000286102295,2025-01-11,,False
972,49.33000183105469,-0.7049999833106995,2025-01-11,,False
973,49.33000183105469,-0.6899999976158142,2025-01-11,,False
974,49.33000183105469,-0.675000011920929,2025-01-11,,False
975,49.33000183105469,-0.6600000262260437,2025-01-11,,False
976,49.33000183105469,-0.6449999809265137,2025-01-11,,False
977,49.33000183105469,-0.6299999952316284,2025-01-11,,False
978,49.33000183105469,-0.6150000095367432,2025-01-11,,False
979,49.33000183105469,-0.6000000238418579,2025-01-11,,False
980,49.33000183105469,-0.5849999785423279,2025-01-11,,False
981,49.33000183105469,-0.5699999928474426,2025-01-11,,False
982,49.33000183105469,-0.5550000071525574,2025-01-11,,False
983,49.33000183105469,-0.5400000214576721,2025-01-11,,False
984,49.33000183105469,-0.5249999761581421,2025-01-11,,False
985,49.33000183105469,-0.5099999904632568,2025-01-11,,False
986,49.33000183105469,-0.4950000047683716,2025-01-11,,False
987,49.33000183105469,-0.47999998927116394,2025-01-11,,False
988,49.33000183105469,-0.4650000035762787,2025-01-11,,False
989,49.33000183105469,-0.44999998807907104,2025-01-11,,False
990,49.33000183105469,-0.4350000023841858,2025-01-11,,False
991,49.33000183105469,-0.41999998688697815,2025-01-11,,False
992,49.33000183105469,-0.4050000011920929,2025-01-11,,False
993,49.33000183105469,-0.38999998569488525,2025-01-11,,False
994,49.33000183105469,-0.375,2025-01-11,,False
995,49.33000183105469,-0.36000001430511475,2025-01-11,2.9799999333918095,False
996,49.33000183105469,-0.3449999988079071,2025-01-11,7.159999839961529,False
997,49.33000183105469,-0.33000001311302185,2025-01-11,6.839999847114086,False
998,49.33000183105469,-0.3149999976158142,2025-01-11,7.4299998339265585,False
999,49.33000183105469,-0.30000001192092896,2025-01-11,8.349999813362956,False
1000,49.33000183105469,-0.2849999964237213,2025-01-11,10.719999760389328,False
1001,49.33000183105469,-0.27000001072883606,2025-01-11,13.239999704062939,False
1002,49.33000183105469,-0.2549999952316284,2025-01-11,18.909999577328563,False
1003,49.33000183105469,-0.23999999463558197,2025-01-11,18.949999576434493,False
1004,49.33000183105469,-0.22499999403953552,2025-01-11,15.329999657347798,False
1005,49.33000183105469,-0.20999999344348907,2025-01-11,10.45999976620078,False
1006,49.33000183105469,-0.19499999284744263,2025-01-11,10.56999976374209,False
1007,49.33000183105469,-0.18000000715255737,2025-01-11,10.329999769106507,False
1008,49.33000183105469,-0.16500000655651093,2025-01-11,10.129999773576856,False
1009,49.33000183105469,-0.15000000596046448,2025-01-11,12.369999723508954,False
1010,49.33000183105469,-0.13500000536441803,2025-01-11,14.689999671652913,False
1011,49.33000183105469,-0.11999999731779099,2025-01-11,12.269999725744128,False
1012,49.33000183105469,-0.10499999672174454,2025-01-11,13.429999699816108,False
1013,49.33000183105469,-0.09000000357627869,2025-01-11,11.959999732673168,True
1014,49.33000183105469,-0.07500000298023224,2025-01-11,12.809999713674188,True
1015,49.33000183105469,-0.05999999865889549,2025-01-11,11.03999975323677,True
1016,49.33000183105469,-0.04500000178813934,2025-01-11,7.6699998285621405,True
1017,49.33000183105469,-0.029999999329447746,2025-01-11,6.929999845102429,True
1018,49.33000183105469,-0.014999999664723873,2025-01-11,,True
1019,49.33000183105469,0.0,2025-01-11,,False
1020,49.33000183105469,0.014999999664723873,2025-01-11,,False
1021,49.33000183105469,0.029999999329447746,2025-01-11,,False
1022,49.33000183105469,0.04500000178813934,2025-01-11,,False
1023,49.33000183105469,0.05999999865889549,2025-01-11,,False
1024,49.33000183105469,0.07500000298023224,2025-01-11,,False
1025,49.33000183105469,0.09000000357627869,2025-01-11,,False
1026,49.33000183105469,0.10499999672174454,2025-01-11,,False
1027,49.33000183105469,0.11999999731779099,2025-01-11,,False
1028,49.33000183105469,0.13500000536441803,2025-01-11,,False
1029,49.33000183105469,0.15000000596046448,2025-01-11,,False
1030,49.33000183105469,0.16500000655651093,2025-01-11,,False
1031,49.33000183105469,0.18000000715255737,2025-01-11,,False
1032,49.33000183105469,0.19499999284744263,2025-01-11,,False
1033,49.33000183105469,0.20999999344348907,2025-01-11,,False
1034,49.33000183105469,0.22499999403953552,2025-01-11,,False
1035,49.33000183105469,0.23999999463558197,2025-01-11,,False
1036,49.33000183105469,0.2549999952316284,2025-01-11,,False
1037,49.33000183105469,0.27000001072883606,2025-01-11,,False
1038,49.33000183105469,0.2849999964237213,2025-01-11,,False
1039,49.33000183105469,0.30000001192092896,2025-01-11,,False
1040,49.33000183105469,0.3149999976158142,2025-01-11,,False
1041,49.33000183105469,0.33000001311302185,2025-01-11,,False
1042,49.33000183105469,0.3449999988079071,2025-01-11,,False
1043,49.33000183105469,0.36000001430511475,2025-01-11,,False
1044,49.33000183105469,0.375,2025-01-11,,False
1045,49.33000183105469,0.38999998569488525,2025-01-11,,False
1046,49.33000183105469,0.4050000011920929,2025-01-11,,False
1047,49.33000183105469,0.41999998688697815,2025-01-11,,False
1048,49.33000183105469,0.4350000023841858,2025-01-11,,False
1049,49.33000183105469,0.44999998807907104,2025-01-11,,False
1050,49.33000183105469,0.4650000035762787,2025-01-11,,False
1051,49.33000183105469,0.47999998927116394,2025-01-11,,False
1052,49.33000183105469,0.4950000047683716,2025-01-11,,False
1053,49.34000015258789,-1.2450000047683716,2025-01-11,,False
1054,49.34000015258789,-1.2300000190734863,2025-01-11,,False
1055,49.34000015258789,-1.215000033378601,2025-01-11,,False
1056,49.34000015258789,-1.2000000476837158,2025-01-11,,False
1057,49.34000015258789,-1.184999942779541,2025-01-11,,False
1058,49.34000015258789,-1.1699999570846558,2025-01-11,,False
1059,49.34000015258789,-1.1549999713897705,2025-01-11,,False
1060,49.34000015258789,-1.1399999856948853,2025-01-11,,False
1061,49.34000015258789,-1.125,2025-01-11,,False
1062,49.34000015258789,-1.1100000143051147,2025-01-11,,False
1063,49.34000015258789,-1.0950000286102295,2025-01-11,,False
1064,49.34000015258789,-1.0800000429153442,2025-01-11,,False
1065,49.34000015258789,-1.065000057220459,2025-01-11,,False
1066,49.34000015258789,-1.0499999523162842,2025-01-11,,False
1067,49.34000015258789,-1.034999966621399,2025-01-11,,False
1068,49.34000015258789,-1.0199999809265137,2025-01-11,,False
1069,49.34000015258789,-1.0049999952316284,2025-01-11,,False
1070,49.34000015258789,-0.9900000095367432,2025-01-11,,False
1071,49.34000015258789,-0.9750000238418579,2025-01-11,,False
1072,49.34000015258789,-0.9599999785423279,2025-01-11,,False
1073,49.34000015258789,-0.9449999928474426,2025-01-11,,False
1074,49.34000015258789,-0.9300000071525574,2025-01-11,,False
1075,49.34000015258789,-0.9150000214576721,2025-01-11,,False
1076,49.34000015258789,-0.8999999761581421,2025-01-11,,False
1077,49.34000015258789,-0.8849999904632568,2025-01-11,,False
1078,49.34000015258789,-0.8700000047683716,2025-01-11,,False
1079,49.34000015258789,-0.8550000190734863,2025-01-11,,False
1080,49.34000015258789,-0.8399999737739563,2025-01-11,,False
1081,49.34000015258789,-0.824999988079071,2025-01-11,,False
1082,49.34000015258789,-0.8100000023841858,2025-01-11,,False
1083,49.34000015258789,-0.7950000166893005,2025-01-11,,False
1084,49.34000015258789,-0.7799999713897705,2025-01-11,,False
1085,49.34000015258789,-0.7649999856948853,2025-01-11,,False
1086,49.34000015258789,-0.75,2025-01-11,,False
1087,49.34000015258789,-0.7350000143051147,2025-01-11,,False
1088,49.34000015258789,-0.7200000286102295,2025-01-11,,False
1089,49.34000015258789,-0.7049999833106995,2025-01-11,,False
1090,49.34000015258789,-0.6899999976158142,2025-01-11,,False
1091,49.34000015258789,-0.675000011920929,2025-01-11,,False
1092,49.34000015258789,-0.6600000262260437,2025-01-11,,False
1093,49.34000015258789,-0.6449999809265137,2025-01-11,,False
1094,49.34000015258789,-0.6299999952316284,2025-01-11,,False
1095,49.34000015258789,-0.6150000095367432,2025-01-11,,False
1096,49.34000015258789,-0.6000000238418579,2025-01-11,,False
1097,49.34000015258789,-0.5849999785423279,2025-01-11,,False
1098,49.34000015258789,-0.5699999928474426,2025-01-11,,False
1099,49.34000015258789,-0.5550000071525574,2025-01-11,,False
1100,49.34000015258789,-0.5400000214576721,2025-01-11,,False
1101,49.34000015258789,-0.5249999761581421,2025-01-11,,False
1102,49.34000015258789,-0.5099999904632568,2025-01-11,,False
1103,49.34000015258789,-0.4950000047683716,2025-01-11,,False
1104,49.34000015258789,-0.47999998927116394,2025-01-11,,False
1105,49.34000015258789,-0.4650000035762787,2025-01-11,,False
1106,49.34000015258789,-0.44999998807907104,2025-01-11,,False
1107,49.34000015258789,-0.4350000023841858,2025-01-11,,True
1108,49.34000015258789,-0.41999998688697815,2025-01-11,,True
1109,49.34000015258789,-0.4050000011920929,2025-01-11,,True
1110,49.34000015258789,-0.38999998569488525,2025-01-11,,True
1111,49.34000015258789,-0.375,2025-01-11,7.6199998296797276,True
1112,49.34000015258789,-0.36000001430511475,2025-01-11,5.329999880865216,True
1113,49.34000015258789,-0.3449999988079071,2025-01-11,7.04999984242022,True
1114,49.34000015258789,-0.33000001311302185,2025-01-11,8.01999982073903,True
1115,49.34000015258789,-0.3149999976158142,2025-01-11,7.329999836161733,True
1116,49.34000015258789,-0.30000001192092896,2025-01-11,8.149999817833304,False
1117,49.34000015258789,-0.2849999964237213,2025-01-11,10.619999762624502,False
1118,49.34000015258789,-0.27000001072883606,2025-01-11,14.379999678581953,False
1119,49.34000015258789,-0.2549999952316284,2025-01-11,17.279999613761902,False
1120,49.34000015258789,-0.23999999463558197,2025-01-11,16.289999635890126,False
1121,49.34000015258789,-0.22499999403953552,2025-01-11,14.28999968059361,False
1122,49.34000015258789,-0.20999999344348907,2025-01-11,10.929999755695462,False
1123,49.34000015258789,-0.19499999284744263,2025-01-11,10.439999766647816,False
1124,49.34000015258789,-0.18000000715255737,2025-01-11,10.119999773800373,False
1125,49.34000015258789,-0.16500000655651093,2025-01-11,9.239999793469906,False
1126,49.34000015258789,-0.15000000596046448,2025-01-11,12.379999723285437,False
1127,49.34000015258789,-0.13500000536441803,2025-01-11,11.589999740943313,False
1128,49.34000015258789,-0.11999999731779099,2025-01-11,10.549999764189124,False
1129,49.34000015258789,-0.10499999672174454,2025-01-11,11.209999749436975,True
1130,49.34000015258789,-0.09000000357627869,2025-01-11,11.879999734461308,True
1131,49.34000015258789,-0.07500000298023224,2025-01-11,10.719999760389328,True
1132,49.34000015258789,-0.05999999865889549,2025-01-11,7.539999831467867,True
1133,49.34000015258789,-0.04500000178813934,2025-01-11,7.759999826550484,True
1134,49.34000015258789,-0.029999999329447746,2025-01-11,7.749999826774001,True
1135,49.34000015258789,-0.014999999664723873,2025-01-11,7.649999829009175,True
1136,49.34000015258789,0.0,2025-01-11,,True
1137,49.34000015258789,0.014999999664723873,2025-01-11,,True
1138,49.34000015258789,0.029999999329447746,2025-01-11,,False
1139,49.34000015258789,0.04500000178813934,2025-01-11,,False
1140,49.34000015258789,0.05999999865889549,2025-01-11,,False
1141,49.34000015258789,0.07500000298023224,2025-01-11,,False
1142,49.34000015258789,0.09000000357627869,2025-01-11,,False
1143,49.34000015258789,0.10499999672174454,2025-01-11,,False
1144,49.34000015258789,0.11999999731779099,2025-01-11,,False
1145,49.34000015258789,0.13500000536441803,2025-01-11,,False
1146,49.34000015258789,0.15000000596046448,2025-01-11,,False
1147,49.34000015258789,0.16500000655651093,2025-01-11,,False
1148,49.34000015258789,0.18000000715255737,2025-01-11,,False
1149,49.34000015258789,0.19499999284744263,2025-01-11,,False
1150,49.34000015258789,0.20999999344348907,2025-01-11,,False
1151,49.34000015258789,0.22499999403953552,2025-01-11,,False
1152,49.34000015258789,0.23999999463558197,2025-01-11,,False
1153,49.34000015258789,0.2549999952316284,2025-01-11,,False
1154,49.34000015258789,0.27000001072883606,2025-01-11,,False
1155,49.34000015258789,0.2849999964237213,2025-01-11,,False
1156,49.34000015258789,0.30000001192092896,2025-01-11,,False
1157,49.34000015258789,0.3149999976158142,2025-01-11,,False
1158,49.34000015258789,0.33000001311302185,2025-01-11,,False
1159,49.34000015258789,0.3449999988079071,2025-01-11,,False
1160,49.34000015258789,0.36000001430511475,2025-01-11,,False
1161,49.34000015258789,0.375,2025-01-11,,False
1162,49.34000015258789,0.38999998569488525,2025-01-11,,False
1163,49.34000015258789,0.4050000011920929,2025-01-11,,False
1164,49.34000015258789,0.41999998688697815,2025-01-11,,False
1165,49.34000015258789,0.4350000023841858,2025-01-11,,False
1166,49.34000015258789,0.44999998807907104,2025-01-11,,False
1167,49.34000015258789,0.4650000035762787,2025-01-11,,False
1168,49.34000015258789,0.47999998927116394,2025-01-11,,False
1169,49.34000015258789,0.4950000047683716,2025-01-11,,False
1170,49.349998474121094,-1.2450000047683716,2025-01-11,,False
1171,49.349998474121094,-1.2300000190734863,2025-01-11,,False
1172,49.349998474121094,-1.215000033378601,2025-01-11,,False
1173,49.349998474121094,-1.2000000476837158,2025-01-11,,False
1174,49.349998474121094,-1.184999942779541,2025-01-11,,False
1175,49.349998474121094,-1.1699999570846558,2025-01-11,,False
1176,49.349998474121094,-1.1549999713897705,2025-01-11,,False
1177,49.349998474121094,-1.1399999856948853,2025-01-11,,False
1178,49.349998474121094,-1.125,2025-01-11,,False
1179,49.349998474121094,-1.1100000143051147,2025-01-11,,False
1180,49.349998474121094,-1.0950000286102295,2025-01-11,,False
1181,49.349998474121094,-1.0800000429153442,2025-01-11,,False
1182,49.349998474121094,-1.065000057220459,2025-01-11,,False
1183,49.349998474121094,-1.0499999523162842,2025-01-11,,False
1184,49.349998474121094,-1.034999966621399,2025-01-11,,False
1185,49.349998474121094,-1.0199999809265137,2025-01-11,,False
1186,49.349998474121094,-1.0049999952316284,2025-01-11,,False
1187,49.349998474121094,-0.9900000095367432,2025-01-11,,False
1188,49.349998474121094,-0.9750000238418579,2025-01-11,,False
1189,49.349998474121094,-0.9599999785423279,2025-01-11,,False
1190,49.349998474121094,-0.9449999928474426,2025-01-11,,False
1191,49.349998474121094,-0.9300000071525574,2025-01-11,,False
1192,49.349998474121094,-0.9150000214576721,2025-01-11,,False
1193,49.349998474121094,-0.8999999761581421,2025-01-11,,False
1194,49.349998474121094,-0.8849999904632568,2025-01-11,,False
1195,49.349998474121094,-0.8700000047683716,2025-01-11,,False
1196,49.349998474121094,-0.8550000190734863,2025-01-11,,False
1197,49.349998474121094,-0.8399999737739563,2025-01-11,,False
1198,49.349998474121094,-0.824999988079071,2025-01-11,,False
1199,49.349998474121094,-0.8100000023841858,2025-01-11,,False
1200,49.349998474121094,-0.7950000166893005,2025-01-11,,False
1201,49.349998474121094,-0.7799999713897705,2025-01-11,,False
1202,49.349998474121094,-0.7649999856948853,2025-01-11,,False
1203,49.349998474121094,-0.75,2025-01-11,,False
1204,49.349998474121094,-0.7350000143051147,2025-01-11,,False
1205,49.349998474121094,-0.7200000286102295,2025-01-11,,False
1206,49.349998474121094,-0.7049999833106995,2025-01-11,,False
1207,49.349998474121094,-0.6899999976158142,2025-01-11,,False
1208,49.349998474121094,-0.675000011920929,2025-01-11,,False
1209,49.349998474121094,-0.6600000262260437,2025-01-11,,False
1210,49.349998474121094,-0.6449999809265137,2025-01-11,,False
1211,49.349998474121094,-0.6299999952316284,2025-01-11,,False
1212,49.349998474121094,-0.6150000095367432,2025-01-11,,False
1213,49.349998474121094,-0.6000000238418579,2025-01-11,,False
1214,49.349998474121094,-0.5849999785423279,2025-01-11,,False
1215,49.349998474121094,-0.5699999928474426,2025-01-11,,False
1216,49.349998474121094,-0.5550000071525574,2025-01-11,,False
1217,49.349998474121094,-0.5400000214576721,2025-01-11,,False
1218,49.349998474121094,-0.5249999761581421,2025-01-11,,False
1219,49.349998474121094,-0.5099999904632568,2025-01-11,,True
1220,49.349998474121094,-0.4950000047683716,2025-01-11,,True
1221,49.349998474121094,-0.47999998927116394,2025-01-11,,True
1222,49.349998474121094,-0.4650000035762787,2025-01-11,,True
1223,49.349998474121094,-0.44999998807907104,2025-01-11,,True
1224,49.349998474121094,-0.4350000023841858,2025-01-11,,True
1225,49.349998474121094,-0.41999998688697815,2025-01-11,,True
1226,49.349998474121094,-0.4050000011920929,2025-01-11,9.599999785423279,False
1227,49.349998474121094,-0.38999998569488525,2025-01-11,9.289999792352319,False
1228,49.349998474121094,-0.375,2025-01-11,8.199999816715717,True
1229,49.349998474121094,-0.36000001430511475,2025-01-11,8.86999980174005,True
1230,49.349998474121094,-0.3449999988079071,2025-01-11,7.469999833032489,True
1231,49.349998474121094,-0.33000001311302185,2025-01-11,7.489999832585454,True
1232,49.349998474121094,-0.3149999976158142,2025-01-11,6.779999848455191,True
1233,49.349998474121094,-0.30000001192092896,2025-01-11,8.649999806657434,False
1234,49.349998474121094,-0.2849999964237213,2025-01-11,11.449999744072556,False
1235,49.349998474121094,-0.27000001072883606,2025-01-11,14.71999967098236,False
1236,49.349998474121094,-0.2549999952316284,2025-01-11,15.769999647513032,False
1237,49.349998474121094,-0.23999999463558197,2025-01-11,16.199999637901783,False
1238,49.349998474121094,-0.22499999403953552,2025-01-11,13.619999695569277,False
1239,49.349998474121094,-0.20999999344348907,2025-01-11,11.469999743625522,False
1240,49.349998474121094,-0.19499999284744263,2025-01-11,10.429999766871333,False
1241,49.349998474121094,-0.18000000715255737,2025-01-11,10.059999775141478,False
1242,49.349998474121094,-0.16500000655651093,2025-01-11,9.929999778047204,False
1243,49.349998474121094,-0.15000000596046448,2025-01-11,10.579999763518572,False
1244,49.349998474121094,-0.13500000536441803,2025-01-11,10.629999762400985,False
1245,49.349998474121094,-0.11999999731779099,2025-01-11,10.289999770000577,True
1246,49.349998474121094,-0.10499999672174454,2025-01-11,11.379999745637178,True
1247,49.349998474121094,-0.09000000357627869,2025-01-11,9.329999791458249,True
1248,49.349998474121094,-0.07500000298023224,2025-01-11,6.009999865666032,True
1249,49.349998474121094,-0.05999999865889549,2025-01-11,6.779999848455191,True
1250,49.349998474121094,-0.04500000178813934,2025-01-11,7.829999824985862,True
1251,49.349998474121094,-0.029999999329447746,2025-01-11,9.36999979056418,True
1252,49.349998474121094,-0.014999999664723873,2025-01-11,11.009999753907323,True
1253,49.349998474121094,0.0,2025-01-11,9.189999794587493,True
1254,49.349998474121094,0.014999999664723873,2025-01-11,10.68999976105988,True
1255,49.349998474121094,0.029999999329447746,2025-01-11,13.519999697804451,True
1256,49.349998474121094,0.04500000178813934,2025-01-11,,False
1257,49.349998474121094,0.05999999865889549,2025-01-11,,False
1258,49.349998474121094,0.07500000298023224,2025-01-11,,False
1259,49.349998474121094,0.09000000357627869,2025-01-11,,False
1260,49.349998474121094,0.10499999672174454,2025-01-11,,False
1261,49.349998474121094,0.11999999731779099,2025-01-11,,False
1262,49.349998474121094,0.13500000536441803,2025-01-11,,False
1263,49.349998474121094,0.15000000596046448,2025-01-11,,False
1264,49.349998474121094,0.16500000655651093,2025-01-11,,False
1265,49.349998474121094,0.18000000715255737,2025-01-11,,False
1266,49.349998474121094,0.19499999284744263,2025-01-11,,False
1267,49.349998474121094,0.20999999344348907,2025-01-11,,False
1268,49.349998474121094,0.22499999403953552,2025-01-11,,False
1269,49.349998474121094,0.23999999463558197,2025-01-11,,False
1270,49.349998474121094,0.2549999952316284,2025-01-11,,False
1271,49.349998474121094,0.27000001072883606,2025-01-11,,False
1272,49.349998474121094,0.2849999964237213,2025-01-11,,False
1273,49.349998474121094,0.30000001192092896,2025-01-11,,False
1274,49.349998474121094,0.3149999976158142,2025-01-11,,False
1275,49.349998474121094,0.33000001311302185,2025-01-11,,False
1276,49.349998474121094,0.3449999988079071,2025-01-11,,False
1277,49.349998474121094,0.36000001430511475,2025-01-11,,False
1278,49.349998474121094,0.375,2025-01-11,,False
1279,49.349998474121094,0.38999998569488525,2025-01-11,,False
1280,49.349998474121094,0.4050000011920929,2025-01-11,,False
1281,49.349998474121094,0.41999998688697815,2025-01-11,,False
1282,49.349998474121094,0.4350000023841858,2025-01-11,,False
1283,49.349998474121094,0.44999998807907104,2025-01-11,,False
1284,49.349998474121094,0.4650000035762787,2025-01-11,,False
1285,49.349998474121094,0.47999998927116394,2025-01-11,,False
1286,49.349998474121094,0.4950000047683716,2025-01-11,,False
1287,49.36000061035156,-1.2450000047683716,2025-01-11,,False
1288,49.36000061035156,-1.2300000190734863,2025-01-11,,False
1289,49.36000061035156,-1.215000033378601,2025-01-11,,False
1290,49.36000061035156,-1.2000000476837158,2025-01-11,,False
1291,49.36000061035156,-1.184999942779541,2025-01-11,,False
1292,49.36000061035156,-1.1699999570846558,2025-01-11,,False
1293,49.36000061035156,-1.1549999713897705,2025-01-11,,False
1294,49.36000061035156,-1.1399999856948853,2025-01-11,,False
1295,49.36000061035156,-1.125,2025-01-11,,False
1296,49.36000061035156,-1.1100000143051147,2025-01-11,,False
1297,49.36000061035156,-1.0950000286102295,2025-01-11,,False
1298,49.36000061035156,-1.0800000429153442,2025-01-11,,False
1299,49.36000061035156,-1.065000057220459,2025-01-11,,False
1300,49.36000061035156,-1.0499999523162842,2025-01-11,,False
1301,49.36000061035156,-1.034999966621399,2025-01-11,,False
1302,49.36000061035156,-1.0199999809265137,2025-01-11,,False
1303,49.36000061035156,-1.0049999952316284,2025-01-11,,False
1304,49.36000061035156,-0.9900000095367432,2025-01-11,,False
1305,49.36000061035156,-0.9750000238418579,2025-01-11,,False
1306,49.36000061035156,-0.9599999785423279,2025-01-11,,False
1307,49.36000061035156,-0.9449999928474426,2025-01-11,,False
1308,49.36000061035156,-0.9300000071525574,2025-01-11,,False
1309,49.36000061035156,-0.9150000214576721,2025-01-11,,False
1310,49.36000061035156,-0.8999999761581421,2025-01-11,,False
1311,49.36000061035156,-0.8849999904632568,2025-01-11,,False
1312,49.36000061035156,-0.8700000047683716,2025-01-11,,False
1313,49.36000061035156,-0.8550000190734863,2025-01-11,,False
1314,49.36000061035156,-0.8399999737739563,2025-01-11,,False
1315,49.36000061035156,-0.824999988079071,2025-01-11,,False
1316,49.36000061035156,-0.8100000023841858,2025-01-11,,False
1317,49.36000061035156,-0.7950000166893005,2025-01-11,,False
1318,49.36000061035156,-0.7799999713897705,2025-01-11,,False
1319,49.36000061035156,-0.7649999856948853,2025-01-11,,False
1320,49.36000061035156,-0.75,2025-01-11,,False
1321,49.36000061035156,-0.7350000143051147,2025-01-11,,False
1322,49.36000061035156,-0.7200000286102295,2025-01-11,,False
1323,49.36000061035156,-0.7049999833106995,2025-01-11,,False
1324,49.36000061035156,-0.6899999976158142,2025-01-11,,False
1325,49.36000061035156,-0.675000011920929,2025-01-11,,False
1326,49.36000061035156,-0.6600000262260437,2025-01-11,,False
1327,49.36000061035156,-0.6449999809265137,2025-01-11,,False
1328,49.36000061035156,-0.6299999952316284,2025-01-11,,False
1329,49.36000061035156,-0.6150000095367432,2025-01-11,,False
1330,49.36000061035156,-0.6000000238418579,2025-01-11,,False
1331,49.36000061035156,-0.5849999785423279,2025-01-11,,False
1332,49.36000061035156,-0.5699999928474426,2025-01-11,,False
1333,49.36000061035156,-0.5550000071525574,2025-01-11,,False
1334,49.36000061035156,-0.5400000214576721,2025-01-11,,False
1335,49.36000061035156,-0.5249999761581421,2025-01-11,10.059999775141478,False
1336,49.36000061035156,-0.5099999904632568,2025-01-11,10.809999758377671,False
1337,49.36000061035156,-0.4950000047683716,2025-01-11,8.039999820291996,False
1338,49.36000061035156,-0.47999998927116394,2025-01-11,10.169999772682786,False
1339,49.36000061035156,-0.4650000035762787,2025-01-11,7.409999834373593,False
1340,49.36000061035156,-0.44999998807907104,2025-01-11,10.089999774470925,False
1341,49.36000061035156,-0.4350000023841858,2025-01-11,10.33999976888299,False
1342,49.36000061035156,-0.41999998688697815,2025-01-11,10.289999770000577,False
1343,49.36000061035156,-0.4050000011920929,2025-01-11,9.699999783188105,False
1344,49.36000061035156,-0.38999998569488525,2025-01-11,10.509999765083194,False
1345,49.36000061035156,-0.375,2025-01-11,9.499999787658453,True
1346,49.36000061035156,-0.36000001430511475,2025-01-11,9.44999978877604,True
1347,49.36000061035156,-0.3449999988079071,2025-01-11,7.509999832138419,True
1348,49.36000061035156,-0.33000001311302185,2025-01-11,7.179999839514494,True
1349,49.36000061035156,-0.3149999976158142,2025-01-11,7.459999833256006,True
1350,49.36000061035156,-0.30000001192092896,2025-01-11,9.249999793246388,False
1351,49.36000061035156,-0.2849999964237213,2025-01-11,12.209999727085233,False
1352,49.36000061035156,-0.27000001072883606,2025-01-11,13.739999692887068,False
1353,49.36000061035156,-0.2549999952316284,2025-01-11,14.759999670088291,False
1354,49.36000061035156,-0.23999999463558197,2025-01-11,14.459999676793814,False
1355,49.36000061035156,-0.22499999403953552,2025-01-11,12.909999711439013,False
1356,49.36000061035156,-0.20999999344348907,2025-01-11,10.989999754354358,False
1357,49.36000061035156,-0.19499999284744263,2025-01-11,10.049999775364995,False
1358,49.36000061035156,-0.18000000715255737,2025-01-11,9.569999786093831,False
1359,49.36000061035156,-0.16500000655651093,2025-01-11,9.549999786540866,False
1360,49.36000061035156,-0.15000000596046448,2025-01-11,8.2099998164922,False
1361,49.36000061035156,-0.13500000536441803,2025-01-11,7.779999826103449,True
1362,49.36000061035156,-0.11999999731779099,2025-01-11,6.909999845549464,True
1363,49.36000061035156,-0.10499999672174454,2025-01-11,6.799999848008156,True
1364,49.36000061035156,-0.09000000357627869,2025-01-11,6.819999847561121,True
1365,49.36000061035156,-0.07500000298023224,2025-01-11,7.259999837726355,True
1366,49.36000061035156,-0.05999999865889549,2025-01-11,7.27999983727932,True
1367,49.36000061035156,-0.04500000178813934,2025-01-11,8.569999808445573,True
1368,49.36000061035156,-0.029999999329447746,2025-01-11,8.899999801069498,True
1369,49.36000061035156,-0.014999999664723873,2025-01-11,11.869999734684825,True
1370,49.36000061035156,0.0,2025-01-11,12.409999722614884,True
1371,49.36000061035156,0.014999999664723873,2025-01-11,10.68999976105988,True
1372,49.36000061035156,0.029999999329447746,2025-01-11,11.719999738037586,True
1373,49.36000061035156,0.04500000178813934,2025-01-11,13.47999969869852,True
1374,49.36000061035156,0.05999999865889549,2025-01-11,,True
1375,49.36000061035156,0.07500000298023224,2025-01-11,,False
1376,49.36000061035156,0.09000000357627869,2025-01-11,,False
1377,49.36000061035156,0.10499999672174454,2025-01-11,,False
1378,49.36000061035156,0.11999999731779099,2025-01-11,,False
1379,49.36000061035156,0.13500000536441803,2025-01-11,,False
1380,49.36000061035156,0.15000000596046448,2025-01-11,,False
1381,49.36000061035156,0.16500000655651093,2025-01-11,,False
1382,49.36000061035156,0.18000000715255737,2025-01-11,,False
1383,49.36000061035156,0.19499999284744263,2025-01-11,,False
1384,49.36000061035156,0.20999999344348907,2025-01-11,,False
1385,49.36000061035156,0.22499999403953552,2025-01-11,,False
1386,49.36000061035156,0.23999999463558197,2025-01-11,,False
1387,49.36000061035156,0.2549999952316284,2025-01-11,,False
1388,49.36000061035156,0.27000001072883606,2025-01-11,,False
1389,49.36000061035156,0.2849999964237213,2025-01-11,,False
1390,49.36000061035156,0.30000001192092896,2025-01-11,,False
1391,49.36000061035156,0.3149999976158142,2025-01-11,,False
1392,49.36000061035156,0.33000001311302185,2025-01-11,,False
1393,49.36000061035156,0.3449999988079071,2025-01-11,,False
1394,49.36000061035156,0.36000001430511475,2025-01-11,,False
1395,49.36000061035156,0.375,2025-01-11,,False
1396,49.36000061035156,0.38999998569488525,2025-01-11,,False
1397,49.36000061035156,0.4050000011920929,2025-01-11,,False
1398,49.36000061035156,0.41999998688697815,2025-01-11,,False
1399,49.36000061035156,0.4350000023841858,2025-01-11,,False
1400,49.36000061035156,0.44999998807907104,2025-01-11,,False
1401,49.36000061035156,0.4650000035762787,2025-01-11,,False
1402,49.36000061035156,0.47999998927116394,2025-01-11,,False
1403,49.36000061035156,0.4950000047683716,2025-01-11,,False
1404,49.369998931884766,-1.2450000047683716,2025-01-11,,False
1405,49.369998931884766,-1.2300000190734863,2025-01-11,,False
1406,49.369998931884766,-1.215000033378601,2025-01-11,,False
1407,49.369998931884766,-1.2000000476837158,2025-01-11,,False
1408,49.369998931884766,-1.184999942779541,2025-01-11,,False
1409,49.369998931884766,-1.1699999570846558,2025-01-11,,False
1410,49.369998931884766,-1.1549999713897705,2025-01-11,,False
1411,49.369998931884766,-1.1399999856948853,2025-01-11,,False
1412,49.369998931884766,-1.125,2025-01-11,,False
1413,49.369998931884766,-1.1100000143051147,2025-01-11,,False
1414,49.369998931884766,-1.0950000286102295,2025-01-11,,False
1415,49.369998931884766,-1.0800000429153442,2025-01-11,,False
1416,49.369998931884766,-1.065000057220459,2025-01-11,,False
1417,49.369998931884766,-1.0499999523162842,2025-01-11,,False
1418,49.369998931884766,-1.034999966621399,2025-01-11,,False
1419,49.369998931884766,-1.0199999809265137,2025-01-11,,False
1420,49.369998931884766,-1.0049999952316284,2025-01-11,,False
1421,49.369998931884766,-0.9900000095367432,2025-01-11,,False
1422,49.369998931884766,-0.9750000238418579,2025-01-11,,False
1423,49.369998931884766,-0.9599999785423279,2025-01-11,,False
1424,49.369998931884766,-0.9449999928474426,2025-01-11,,False
1425,49.369998931884766,-0.9300000071525574,2025-01-11,,False
1426,49.369998931884766,-0.9150000214576721,2025-01-11,,False
1427,49.369998931884766,-0.8999999761581421,2025-01-11,,False
1428,49.369998931884766,-0.8849999904632568,2025-01-11,,False
1429,49.369998931884766,-0.8700000047683716,2025-01-11,,False
1430,49.369998931884766,-0.8550000190734863,2025-01-11,,False
1431,49.369998931884766,-0.8399999737739563,2025-01-11,,False
1432,49.369998931884766,-0.824999988079071,2025-01-11,6.0899998638778925,False
1433,49.369998931884766,-0.8100000023841858,2025-01-11,5.689999872818589,False
1434,49.369998931884766,-0.7950000166893005,2025-01-11,8.139999818056822,False
1435,49.369998931884766,-0.7799999713897705,2025-01-11,7.779999826103449,False
1436,49.369998931884766,-0.7649999856948853,2025-01-11,7.35999983549118,False
1437,49.369998931884766,-0.75,2025-01-11,10.049999775364995,False
1438,49.369998931884766,-0.7350000143051147,2025-01-11,9.63999978452921,False
1439,49.369998931884766,-0.7200000286102295,2025-01-11,11.57999974116683,False
1440,49.369998931884766,-0.7049999833106995,2025-01-11,13.04999970830977,False
1441,49.369998931884766,-0.6899999976158142,2025-01-11,15.279999658465385,False
1442,49.369998931884766,-0.675000011920929,2025-01-11,18.029999596998096,False
1443,49.369998931884766,-0.6600000262260437,2025-01-11,16.969999620690942,False
1444,49.369998931884766,-0.6449999809265137,2025-01-11,17.81999960169196,False
1445,49.369998931884766,-0.6299999952316284,2025-01-11,18.47999958693981,False
1446,49.369998931884766,-0.6150000095367432,2025-01-11,16.29999963566661,False
1447,49.369998931884766,-0.6000000238418579,2025-01-11,15.109999662265182,False
1448,49.369998931884766,-0.5849999785423279,2025-01-11,14.51999967545271,False
1449,49.369998931884766,-0.5699999928474426,2025-01-11,10.789999758824706,False
1450,49.369998931884766,-0.5550000071525574,2025-01-11,10.499999765306711,False
1451,49.369998931884766,-0.5400000214576721,2025-01-11,9.739999782294035,False
1452,49.369998931884766,-0.5249999761581421,2025-01-11,11.829999735578895,False
1453,49.369998931884766,-0.5099999904632568,2025-01-11,12.409999722614884,False
1454,49.369998931884766,-0.4950000047683716,2025-01-11,10.45999976620078,False
1455,49.369998931884766,-0.47999998927116394,2025-01-11,11.379999745637178,False
1456,49.369998931884766,-0.4650000035762787,2025-01-11,11.449999744072556,False
1457,49.369998931884766,-0.44999998807907104,2025-01-11,11.369999745860696,False
1458,49.369998931884766,-0.4350000023841858,2025-01-11,10.709999760612845,False
1459,49.369998931884766,-0.41999998688697815,2025-01-11,9.94999977760017,False
1460,49.369998931884766,-0.4050000011920929,2025-01-11,10.91999975591898,False
1461,49.369998931884766,-0.38999998569488525,2025-01-11,10.749999759718776,False
1462,49.369998931884766,-0.375,2025-01-11,10.009999776259065,True
1463,49.369998931884766,-0.36000001430511475,2025-01-11,8.539999809116125,True
1464,49.369998931884766,-0.3449999988079071,2025-01-11,7.499999832361937,True
1465,49.369998931884766,-0.33000001311302185,2025-01-11,7.409999834373593,True
1466,49.369998931884766,-0.3149999976158142,2025-01-11,8.379999812692404,True
1467,49.369998931884766,-0.30000001192092896,2025-01-11,10.249999770894647,False
1468,49.369998931884766,-0.2849999964237213,2025-01-11,12.129999728873372,False
1469,49.369998931884766,-0.27000001072883606,2025-01-11,13.74999969266355,False
1470,49.369998931884766,-0.2549999952316284,2025-01-11,13.93999968841672,False
1471,49.369998931884766,-0.23999999463558197,2025-01-11,12.909999711439013,False
1472,49.369998931884766,-0.22499999403953552,2025-01-11,11.319999746978283,False
1473,49.369998931884766,-0.20999999344348907,2025-01-11,10.60999976284802,False
1474,49.369998931884766,-0.19499999284744263,2025-01-11,10.049999775364995,False
1475,49.369998931884766,-0.18000000715255737,2025-01-11,9.67999978363514,False
1476,49.369998931884766,-0.16500000655651093,2025-01-11,8.539999809116125,False
1477,49.369998931884766,-0.15000000596046448,2025-01-11,7.58999983035028,True
1478,49.369998931884766,-0.13500000536441803,2025-01-11,6.549999853596091,True
1479,49.369998931884766,-0.11999999731779099,2025-01-11,6.849999846890569,True
1480,49.369998931884766,-0.10499999672174454,2025-01-11,6.919999845325947,True
1481,49.369998931884766,-0.09000000357627869,2025-01-11,7.179999839514494,True
1482,49.369998931884766,-0.07500000298023224,2025-01-11,8.799999803304672,True
1483,49.369998931884766,-0.05999999865889549,2025-01-11,7.819999825209379,True
1484,49.369998931884766,-0.04500000178813934,2025-01-11,8.51999980956316,True
1485,49.369998931884766,-0.029999999329447746,2025-01-11,9.619999784976244,True
1486,49.369998931884766,-0.014999999664723873,2025-01-11,11.34999974630773,True
1487,49.369998931884766,0.0,2025-01-11,13.39999970048666,True
1488,49.369998931884766,0.014999999664723873,2025-01-11,14.299999680370092,True
1489,49.369998931884766,0.029999999329447746,2025-01-11,12.339999724179506,True
1490,49.369998931884766,0.04500000178813934,2025-01-11,12.609999718144536,True
1491,49.369998931884766,0.05999999865889549,2025-01-11,10.14999977312982,True
1492,49.369998931884766,0.07500000298023224,2025-01-11,,False
1493,49.369998931884766,0.09000000357627869,2025-01-11,,False
1494,49.369998931884766,0.10499999672174454,2025-01-11,,False
1495,49.369998931884766,0.11999999731779099,2025-01-11,,False
1496,49.369998931884766,0.13500000536441803,2025-01-11,,False
1497,49.369998931884766,0.15000000596046448,2025-01-11,,False
1498,49.369998931884766,0.16500000655651093,2025-01-11,,False
1499,49.369998931884766,0.18000000715255737,2025-01-11,,False
1500,49.369998931884766,0.19499999284744263,2025-01-11,,False
1501,49.369998931884766,0.20999999344348907,2025-01-11,,False
1502,49.369998931884766,0.22499999403953552,2025-01-11,,False
1503,49.369998931884766,0.23999999463558197,2025-01-11,,False
1504,49.369998931884766,0.2549999952316284,2025-01-11,,False
1505,49.369998931884766,0.27000001072883606,2025-01-11,,False
1506,49.369998931884766,0.2849999964237213,2025-01-11,,False
1507,49.369998931884766,0.30000001192092896,2025-01-11,,False
1508,49.369998931884766,0.3149999976158142,2025-01-11,,False
1509,49.369998931884766,0.33000001311302185,2025-01-11,,False
1510,49.369998931884766,0.3449999988079071,2025-01-11,,False
1511,49.369998931884766,0.36000001430511475,2025-01-11,,False
1512,49.369998931884766,0.375,2025-01-11,,False
1513,49.369998931884766,0.38999998569488525,2025-01-11,,False
1514,49.369998931884766,0.4050000011920929,2025-01-11,,False
1515,49.369998931884766,0.41999998688697815,2025-01-11,,False
1516,49.369998931884766,0.4350000023841858,2025-01-11,,False
1517,49.369998931884766,0.44999998807907104,2025-01-11,,False
1518,49.369998931884766,0.4650000035762787,2025-01-11,,False
1519,49.369998931884766,0.47999998927116394,2025-01-11,,False
1520,49.369998931884766,0.4950000047683716,2025-01-11,,False
1521,49.380001068115234,-1.2450000047683716,2025-01-11,,False
1522,49.380001068115234,-1.2300000190734863,2025-01-11,,False
1523,49.380001068115234,-1.215000033378601,2025-01-11,,False
1524,49.380001068115234,-1.2000000476837158,2025-01-11,,False
1525,49.380001068115234,-1.184999942779541,2025-01-11,,False
1526,49.380001068115234,-1.1699999570846558,2025-01-11,,False
1527,49.380001068115234,-1.1549999713897705,2025-01-11,,False
1528,49.380001068115234,-1.1399999856948853,2025-01-11,,False
1529,49.380001068115234,-1.125,2025-01-11,,False
1530,49.380001068115234,-1.1100000143051147,2025-01-11,,False
1531,49.380001068115234,-1.0950000286102295,2025-01-11,,False
1532,49.380001068115234,-1.0800000429153442,2025-01-11,,False
1533,49.380001068115234,-1.065000057220459,2025-01-11,,False
1534,49.380001068115234,-1.0499999523162842,2025-01-11,,False
1535,49.380001068115234,-1.034999966621399,2025-01-11,,False
1536,49.380001068115234,-1.0199999809265137,2025-01-11,,False
1537,49.380001068115234,-1.0049999952316284,2025-01-11,,False
1538,49.380001068115234,-0.9900000095367432,2025-01-11,,False
1539,49.380001068115234,-0.9750000238418579,2025-01-11,,False
1540,49.380001068115234,-0.9599999785423279,2025-01-11,,False
1541,49.380001068115234,-0.9449999928474426,2025-01-11,,False
1542,49.380001068115234,-0.9300000071525574,2025-01-11,,False
1543,49.380001068115234,-0.9150000214576721,2025-01-11,,False
1544,49.380001068115234,-0.8999999761581421,2025-01-11,,False
1545,49.380001068115234,-0.8849999904632568,2025-01-11,,False
1546,49.380001068115234,-0.8700000047683716,2025-01-11,5.319999881088734,False
1547,49.380001068115234,-0.8550000190734863,2025-01-11,5.529999876394868,False
1548,49.380001068115234,-0.8399999737739563,2025-01-11,5.919999867677689,False
1549,49.380001068115234,-0.824999988079071,2025-01-11,5.359999880194664,False
1550,49.380001068115234,-0.8100000023841858,2025-01-11,5.469999877735972,False
1551,49.380001068115234,-0.7950000166893005,2025-01-11,6.189999861642718,False
1552,49.380001068115234,-0.7799999713897705,2025-01-11,6.909999845549464,False
1553,49.380001068115234,-0.7649999856948853,2025-01-11,6.919999845325947,False
1554,49.380001068115234,-0.75,2025-01-11,7.059999842196703,False
1555,49.380001068115234,-0.7350000143051147,2025-01-11,8.949999799951911,False
1556,49.380001068115234,-0.7200000286102295,2025-01-11,10.249999770894647,False
1557,49.380001068115234,-0.7049999833106995,2025-01-11,12.379999723285437,False
1558,49.380001068115234,-0.6899999976158142,2025-01-11,13.509999698027968,False
1559,49.380001068115234,-0.675000011920929,2025-01-11,15.869999645277858,False
1560,49.380001068115234,-0.6600000262260437,2025-01-11,18.769999580457807,False
1561,49.380001068115234,-0.6449999809265137,2025-01-11,19.689999559894204,False
1562,49.380001068115234,-0.6299999952316284,2025-01-11,18.889999577775598,False
1563,49.380001068115234,-0.6150000095367432,2025-01-11,17.569999607279897,False
1564,49.380001068115234,-0.6000000238418579,2025-01-11,14.879999667406082,False
1565,49.380001068115234,-0.5849999785423279,2025-01-11,12.15999972820282,False
1566,49.380001068115234,-0.5699999928474426,2025-01-11,12.69999971613288,False
1567,49.380001068115234,-0.5550000071525574,2025-01-11,10.449999766424298,False
1568,49.380001068115234,-0.5400000214576721,2025-01-11,11.529999742284417,False
1569,49.380001068115234,-0.5249999761581421,2025-01-11,10.589999763295054,False
1570,49.380001068115234,-0.5099999904632568,2025-01-11,10.129999773576856,False
1571,49.380001068115234,-0.4950000047683716,2025-01-11,9.589999785646796,False
1572,49.380001068115234,-0.47999998927116394,2025-01-11,9.419999789446592,False
1573,49.380001068115234,-0.4650000035762787,2025-01-11,9.669999783858657,False
1574,49.380001068115234,-0.44999998807907104,2025-01-11,8.489999810233712,False
1575,49.380001068115234,-0.4350000023841858,2025-01-11,9.629999784752727,False
1576,49.380001068115234,-0.41999998688697815,2025-01-11,9.209999794140458,False
1577,49.380001068115234,-0.4050000011920929,2025-01-11,9.569999786093831,False
1578,49.380001068115234,-0.38999998569488525,2025-01-11,9.729999782517552,True
1579,49.380001068115234,-0.375,2025-01-11,8.199999816715717,True
1580,49.380001068115234,-0.36000001430511475,2025-01-11,7.579999830573797,True
1581,49.380001068115234,-0.3449999988079071,2025-01-11,6.669999850913882,True
1582,49.380001068115234,-0.33000001311302185,2025-01-11,7.249999837949872,True
1583,49.380001068115234,-0.3149999976158142,2025-01-11,8.579999808222055,True
1584,49.380001068115234,-0.30000001192092896,2025-01-11,9.649999784305692,False
1585,49.380001068115234,-0.2849999964237213,2025-01-11,11.34999974630773,False
1586,49.380001068115234,-0.27000001072883606,2025-01-11,12.54999971948564,False
1587,49.380001068115234,-0.2549999952316284,2025-01-11,12.77999971434474,False
1588,49.380001068115234,-0.23999999463558197,2025-01-11,11.789999736472964,False
1589,49.380001068115234,-0.22499999403953552,2025-01-11,10.589999763295054,False
1590,49.380001068115234,-0.20999999344348907,2025-01-11,10.309999769553542,False
1591,49.380001068115234,-0.19499999284744263,2025-01-11,10.309999769553542,False
1592,49.380001068115234,-0.18000000715255737,2025-01-11,8.90999980084598,False
1593,49.380001068115234,-0.16500000655651093,2025-01-11,7.659999828785658,True
1594,49.380001068115234,-0.15000000596046448,2025-01-11,6.769999848678708,True
1595,49.380001068115234,-0.13500000536441803,2025-01-11,6.709999850019813,True
1596,49.380001068115234,-0.11999999731779099,2025-01-11,6.919999845325947,True
1597,49.380001068115234,-0.10499999672174454,2025-01-11,7.259999837726355,True
1598,49.380001068115234,-0.09000000357627869,2025-01-11,7.449999833479524,True
1599,49.380001068115234,-0.07500000298023224,2025-01-11,8.459999810904264,True
1600,49.380001068115234,-0.05999999865889549,2025-01-11,8.339999813586473,True
1601,49.380001068115234,-0.04500000178813934,2025-01-11,8.979999799281359,True
1602,49.380001068115234,-0.029999999329447746,2025-01-11,10.139999773353338,True
1603,49.380001068115234,-0.014999999664723873,2025-01-11,11.729999737814069,True
1604,49.380001068115234,0.0,2025-01-11,13.16999970562756,True
1605,49.380001068115234,0.014999999664723873,2025-01-11,13.159999705851078,True
1606,49.380001068115234,0.029999999329447746,2025-01-11,17.26999961398542,True
1607,49.380001068115234,0.04500000178813934,2025-01-11,15.829999646171927,True
1608,49.380001068115234,0.05999999865889549,2025-01-11,16.1899996381253,True
1609,49.380001068115234,0.07500000298023224,2025-01-11,13.689999694004655,True
1610,49.380001068115234,0.09000000357627869,2025-01-11,,False
1611,49.380001068115234,0.10499999672174454,2025-01-11,,False
1612,49.380001068115234,0.11999999731779099,2025-01-11,,False
1613,49.380001068115234,0.13500000536441803,2025-01-11,,False
1614,49.380001068115234,0.15000000596046448,2025-01-11,,False
1615,49.380001068115234,0.16500000655651093,2025-01-11,,False
1616,49.380001068115234,0.18000000715255737,2025-01-11,,False
1617,49.380001068115234,0.19499999284744263,2025-01-11,,False
1618,49.380001068115234,0.20999999344348907,2025-01-11,,False
1619,49.380001068115234,0.22499999403953552,2025-01-11,,False
1620,49.380001068115234,0.23999999463558197,2025-01-11,,False
1621,49.380001068115234,0.2549999952316284,2025-01-11,,False
1622,49.380001068115234,0.27000001072883606,2025-01-11,,False
1623,49.380001068115234,0.2849999964237213,2025-01-11,,False
1624,49.380001068115234,0.30000001192092896,2025-01-11,,False
1625,49.380001068115234,0.3149999976158142,2025-01-11,,False
1626,49.380001068115234,0.33000001311302185,2025-01-11,,False
1627,49.380001068115234,0.3449999988079071,2025-01-11,,False
1628,49.380001068115234,0.36000001430511475,2025-01-11,,False
1629,49.380001068115234,0.375,2025-01-11,,False
1630,49.380001068115234,0.38999998569488525,2025-01-11,,False
1631,49.380001068115234,0.4050000011920929,2025-01-11,,False
1632,49.380001068115234,0.41999998688697815,2025-01-11,,False
1633,49.380001068115234,0.4350000023841858,2025-01-11,,False
1634,49.380001068115234,0.44999998807907104,2025-01-11,,False
1635,49.380001068115234,0.4650000035762787,2025-01-11,,False
1636,49.380001068115234,0.47999998927116394,2025-01-11,,False
1637,49.380001068115234,0.4950000047683716,2025-01-11,,False
1638,49.38999938964844,-1.2450000047683716,2025-01-11,,False
1639,49.38999938964844,-1.2300000190734863,2025-01-11,,False
1640,49.38999938964844,-1.215000033378601,2025-01-11,,False
1641,49.38999938964844,-1.2000000476837158,2025-01-11,,False
1642,49.38999938964844,-1.184999942779541,2025-01-11,,False
1643,49.38999938964844,-1.1699999570846558,2025-01-11,,False
1644,49.38999938964844,-1.1549999713897705,2025-01-11,,False
1645,49.38999938964844,-1.1399999856948853,2025-01-11,,False
1646,49.38999938964844,-1.125,2025-01-11,9.859999779611826,False
1647,49.38999938964844,-1.1100000143051147,2025-01-11,11.829999735578895,False
1648,49.38999938964844,-1.0950000286102295,2025-01-11,,False
1649,49.38999938964844,-1.0800000429153442,2025-01-11,,False
1650,49.38999938964844,-1.065000057220459,2025-01-11,,False
1651,49.38999938964844,-1.0499999523162842,2025-01-11,,False
1652,49.38999938964844,-1.034999966621399,2025-01-11,,False
1653,49.38999938964844,-1.0199999809265137,2025-01-11,,False
1654,49.38999938964844,-1.0049999952316284,2025-01-11,,False
1655,49.38999938964844,-0.9900000095367432,2025-01-11,,False
1656,49.38999938964844,-0.9750000238418579,2025-01-11,,False
1657,49.38999938964844,-0.9599999785423279,2025-01-11,,False
1658,49.38999938964844,-0.9449999928474426,2025-01-11,,False
1659,49.38999938964844,-0.9300000071525574,2025-01-11,,False
1660,49.38999938964844,-0.9150000214576721,2025-01-11,,False
1661,49.38999938964844,-0.8999999761581421,2025-01-11,6.869999846443534,False
1662,49.38999938964844,-0.8849999904632568,2025-01-11,5.49999987706542,False
1663,49.38999938964844,-0.8700000047683716,2025-01-11,4.659999895840883,False
1664,49.38999938964844,-0.8550000190734863,2025-01-11,5.799999870359898,False
1665,49.38999938964844,-0.8399999737739563,2025-01-11,4.959999889135361,False
1666,49.38999938964844,-0.824999988079071,2025-01-11,4.899999890476465,False
1667,49.38999938964844,-0.8100000023841858,2025-01-11,5.429999878630042,False
1668,49.38999938964844,-0.7950000166893005,2025-01-11,5.489999877288938,False
1669,49.38999938964844,-0.7799999713897705,2025-01-11,6.049999864771962,False
1670,49.38999938964844,-0.7649999856948853,2025-01-11,6.479999855160713,False
1671,49.38999938964844,-0.75,2025-01-11,6.709999850019813,False
1672,49.38999938964844,-0.7350000143051147,2025-01-11,7.259999837726355,False
1673,49.38999938964844,-0.7200000286102295,2025-01-11,8.649999806657434,False
1674,49.38999938964844,-0.7049999833106995,2025-01-11,8.51999980956316,False
1675,49.38999938964844,-0.6899999976158142,2025-01-11,11.159999750554562,False
1676,49.38999938964844,-0.675000011920929,2025-01-11,11.839999735355377,False
1677,49.38999938964844,-0.6600000262260437,2025-01-11,11.249999748542905,False
1678,49.38999938964844,-0.6449999809265137,2025-01-11,13.899999689310789,False
1679,49.38999938964844,-0.6299999952316284,2025-01-11,13.699999693781137,False
1680,49.38999938964844,-0.6150000095367432,2025-01-11,13.419999700039625,False
1681,49.38999938964844,-0.6000000238418579,2025-01-11,13.489999698475003,False
1682,49.38999938964844,-0.5849999785423279,2025-01-11,11.509999742731452,False
1683,49.38999938964844,-0.5699999928474426,2025-01-11,8.539999809116125,False
1684,49.38999938964844,-0.5550000071525574,2025-01-11,9.579999785870314,False
1685,49.38999938964844,-0.5400000214576721,2025-01-11,9.83999978005886,False
1686,49.38999938964844,-0.5249999761581421,2025-01-11,8.699999805539846,False
1687,49.38999938964844,-0.5099999904632568,2025-01-11,7.849999824538827,False
1688,49.38999938964844,-0.4950000047683716,2025-01-11,7.419999834150076,False
1689,49.38999938964844,-0.47999998927116394,2025-01-11,7.349999835714698,False
1690,49.38999938964844,-0.4650000035762787,2025-01-11,6.849999846890569,False
1691,49.38999938964844,-0.44999998807907104,2025-01-11,6.709999850019813,False
1692,49.38999938964844,-0.4350000023841858,2025-01-11,6.899999845772982,False
1693,49.38999938964844,-0.41999998688697815,2025-01-11,7.609999829903245,False
1694,49.38999938964844,-0.4050000011920929,2025-01-11,7.709999827668071,False
1695,49.38999938964844,-0.38999998569488525,2025-01-11,7.179999839514494,True
1696,49.38999938964844,-0.375,2025-01-11,6.529999854043126,True
1697,49.38999938964844,-0.36000001430511475,2025-01-11,6.2799998596310616,True
1698,49.38999938964844,-0.3449999988079071,2025-01-11,6.499999854713678,True
1699,49.38999938964844,-0.33000001311302185,2025-01-11,7.509999832138419,True
1700,49.38999938964844,-0.3149999976158142,2025-01-11,9.05999979749322,True
1701,49.38999938964844,-0.30000001192092896,2025-01-11,10.25999977067113,False
1702,49.38999938964844,-0.2849999964237213,2025-01-11,11.439999744296074,False
1703,49.38999938964844,-0.27000001072883606,2025-01-11,12.039999730885029,False
1704,49.38999938964844,-0.2549999952316284,2025-01-11,11.92999973334372,False
1705,49.38999938964844,-0.23999999463558197,2025-01-11,11.03999975323677,False
1706,49.38999938964844,-0.22499999403953552,2025-01-11,10.06999977491796,False
1707,49.38999938964844,-0.20999999344348907,2025-01-11,10.14999977312982,False
1708,49.38999938964844,-0.19499999284744263,2025-01-11,9.519999787211418,False
1709,49.38999938964844,-0.18000000715255737,2025-01-11,8.109999818727374,True
1710,49.38999938964844,-0.16500000655651093,2025-01-11,7.419999834150076,True
1711,49.38999938964844,-0.15000000596046448,2025-01-11,6.459999855607748,True
1712,49.38999938964844,-0.13500000536441803,2025-01-11,7.019999843090773,True
1713,49.38999938964844,-0.11999999731779099,2025-01-11,7.519999831914902,True
1714,49.38999938964844,-0.10499999672174454,2025-01-11,8.409999812021852,True
1715,49.38999938964844,-0.09000000357627869,2025-01-11,8.109999818727374,True
1716,49.38999938964844,-0.07500000298023224,2025-01-11,8.489999810233712,True
1717,49.38999938964844,-0.05999999865889549,2025-01-11,9.199999794363976,True
1718,49.38999938964844,-0.04500000178813934,2025-01-11,9.40999978967011,True
1719,49.38999938964844,-0.029999999329447746,2025-01-11,11.80999973602593,True
1720,49.38999938964844,-0.014999999664723873,2025-01-11,12.679999716579914,True
1721,49.38999938964844,0.0,2025-01-11,12.989999709650874,True
1722,49.38999938964844,0.014999999664723873,2025-01-11,14.90999966673553,True
1723,49.38999938964844,0.029999999329447746,2025-01-11,18.16999959386885,True
1724,49.38999938964844,0.04500000178813934,2025-01-11,21.10999952815473,True
1725,49.38999938964844,0.05999999865889549,2025-01-11,20.75999953597784,True
1726,49.38999938964844,0.07500000298023224,2025-01-11,19.349999567493796,True
1727,49.38999938964844,0.09000000357627869,2025-01-11,15.559999652206898,False
1728,49.38999938964844,0.10499999672174454,2025-01-11,,False
1729,49.38999938964844,0.11999999731779099,2025-01-11,,False
1730,49.38999938964844,0.13500000536441803,2025-01-11,,False
1731,49.38999938964844,0.15000000596046448,2025-01-11,,False
1732,49.38999938964844,0.16500000655651093,2025-01-11,,False
1733,49.38999938964844,0.18000000715255737,2025-01-11,,False
1734,49.38999938964844,0.19499999284744263,2025-01-11,,False
1735,49.38999938964844,0.20999999344348907,2025-01-11,,False
1736,49.38999938964844,0.22499999403953552,2025-01-11,,False
1737,49.38999938964844,0.23999999463558197,2025-01-11,,False
1738,49.38999938964844,0.2549999952316284,2025-01-11,,False
1739,49.38999938964844,0.27000001072883606,2025-01-11,,False
1740,49.38999938964844,0.2849999964237213,2025-01-11,,False
1741,49.38999938964844,0.30000001192092896,2025-01-11,,False
1742,49.38999938964844,0.3149999976158142,2025-01-11,,False
1743,49.38999938964844,0.33000001311302185,2025-01-11,,False
1744,49.38999938964844,0.3449999988079071,2025-01-11,,False
1745,49.38999938964844,0.36000001430511475,2025-01-11,,False
1746,49.38999938964844,0.375,2025-01-11,,False
1747,49.38999938964844,0.38999998569488525,2025-01-11,,False
1748,49.38999938964844,0.4050000011920929,2025-01-11,,False
1749,49.38999938964844,0.41999998688697815,2025-01-11,,False
1750,49.38999938964844,0.4350000023841858,2025-01-11,,False
1751,49.38999938964844,0.44999998807907104,2025-01-11,,False
1752,49.38999938964844,0.4650000035762787,2025-01-11,,False
1753,49.38999938964844,0.47999998927116394,2025-01-11,,False
1754,49.38999938964844,0.4950000047683716,2025-01-11,,False
1755,49.400001525878906,-1.2450000047683716,2025-01-11,,False
1756,49.400001525878906,-1.2300000190734863,2025-01-11,,False
1757,49.400001525878906,-1.215000033378601,2025-01-11,,False
1758,49.400001525878906,-1.2000000476837158,2025-01-11,,False
1759,49.400001525878906,-1.184999942779541,2025-01-11,,False
1760,49.400001525878906,-1.1699999570846558,2025-01-11,,False
1761,49.400001525878906,-1.1549999713897705,2025-01-11,,False
1762,49.400001525878906,-1.1399999856948853,2025-01-11,6.6399998515844345,False
1763,49.400001525878906,-1.125,2025-01-11,7.919999822974205,False
1764,49.400001525878906,-1.1100000143051147,2025-01-11,8.039999820291996,False
1765,49.400001525878906,-1.0950000286102295,2025-01-11,12.339999724179506,False
1766,49.400001525878906,-1.0800000429153442,2025-01-11,16.25999963656068,False
1767,49.400001525878906,-1.065000057220459,2025-01-11,14.379999678581953,False
1768,49.400001525878906,-1.0499999523162842,2025-01-11,17.909999599680305,False
1769,49.400001525878906,-1.034999966621399,2025-01-11,12.669999716803432,False
1770,49.400001525878906,-1.0199999809265137,2025-01-11,12.189999727532268,False
1771,49.400001525878906,-1.0049999952316284,2025-01-11,16.91999962180853,False
1772,49.400001525878906,-0.9900000095367432,2025-01-11,6.299999859184027,False
1773,49.400001525878906,-0.9750000238418579,2025-01-11,5.209999883547425,False
1774,49.400001525878906,-0.9599999785423279,2025-01-11,,False
1775,49.400001525878906,-0.9449999928474426,2025-01-11,6.689999850466847,False
1776,49.400001525878906,-0.9300000071525574,2025-01-11,6.929999845102429,False
1777,49.400001525878906,-0.9150000214576721,2025-01-11,6.029999865218997,False
1778,49.400001525878906,-0.8999999761581421,2025-01-11,5.76999987103045,False
1779,49.400001525878906,-0.8849999904632568,2025-01-11,5.549999875947833,False
1780,49.400001525878906,-0.8700000047683716,2025-01-11,5.749999871477485,False
1781,49.400001525878906,-0.8550000190734863,2025-01-11,5.129999885335565,False
1782,49.400001525878906,-0.8399999737739563,2025-01-11,4.559999898076057,False
1783,49.400001525878906,-0.824999988079071,2025-01-11,4.659999895840883,False
1784,49.400001525878906,-0.8100000023841858,2025-01-11,4.809999892488122,False
1785,49.400001525878906,-0.7950000166893005,2025-01-11,5.129999885335565,False
1786,49.400001525878906,-0.7799999713897705,2025-01-11,5.119999885559082,False
1787,49.400001525878906,-0.7649999856948853,2025-01-11,5.599999874830246,False
1788,49.400001525878906,-0.75,2025-01-11,5.159999884665012,False
1789,49.400001525878906,-0.7350000143051147,2025-01-11,5.219999883323908,False
1790,49.400001525878906,-0.7200000286102295,2025-01-11,5.699999872595072,False
1791,49.400001525878906,-0.7049999833106995,2025-01-11,7.1899998392909765,False
1792,49.400001525878906,-0.6899999976158142,2025-01-11,8.229999816045165,False
1793,49.400001525878906,-0.675000011920929,2025-01-11,10.29999976977706,False
1794,49.400001525878906,-0.6600000262260437,2025-01-11,10.869999757036567,False
1795,49.400001525878906,-0.6449999809265137,2025-01-11,12.349999723955989,False
1796,49.400001525878906,-0.6299999952316284,2025-01-11,12.919999711215496,False
1797,49.400001525878906,-0.6150000095367432,2025-01-11,11.96999973244965,False
1798,49.400001525878906,-0.6000000238418579,2025-01-11,10.059999775141478,False
1799,49.400001525878906,-0.5849999785423279,2025-01-11,9.419999789446592,False
1800,49.400001525878906,-0.5699999928474426,2025-01-11,8.069999819621444,False
1801,49.400001525878906,-0.5550000071525574,2025-01-11,7.729999827221036,False
1802,49.400001525878906,-0.5400000214576721,2025-01-11,7.89999982342124,False
1803,49.400001525878906,-0.5249999761581421,2025-01-11,7.149999840185046,False
1804,49.400001525878906,-0.5099999904632568,2025-01-11,6.159999862313271,False
1805,49.400001525878906,-0.4950000047683716,2025-01-11,5.9699998665601015,False
1806,49.400001525878906,-0.47999998927116394,2025-01-11,5.7799998708069324,False
1807,49.400001525878906,-0.4650000035762787,2025-01-11,5.839999869465828,False
1808,49.400001525878906,-0.44999998807907104,2025-01-11,5.559999875724316,False
1809,49.400001525878906,-0.4350000023841858,2025-01-11,5.529999876394868,False
1810,49.400001525878906,-0.41999998688697815,2025-01-11,5.479999877512455,False
1811,49.400001525878906,-0.4050000011920929,2025-01-11,5.579999875277281,False
1812,49.400001525878906,-0.38999998569488525,2025-01-11,5.2999998815357685,True
1813,49.400001525878906,-0.375,2025-01-11,5.479999877512455,True
1814,49.400001525878906,-0.36000001430511475,2025-01-11,5.799999870359898,True
1815,49.400001525878906,-0.3449999988079071,2025-01-11,6.959999844431877,True
1816,49.400001525878906,-0.33000001311302185,2025-01-11,8.74999980442226,True
1817,49.400001525878906,-0.3149999976158142,2025-01-11,9.699999783188105,True
1818,49.400001525878906,-0.30000001192092896,2025-01-11,10.059999775141478,False
1819,49.400001525878906,-0.2849999964237213,2025-01-11,10.979999754577875,False
1820,49.400001525878906,-0.27000001072883606,2025-01-11,11.529999742284417,False
1821,49.400001525878906,-0.2549999952316284,2025-01-11,10.95999975502491,False
1822,49.400001525878906,-0.23999999463558197,2025-01-11,10.639999762177467,False
1823,49.400001525878906,-0.22499999403953552,2025-01-11,10.059999775141478,False
1824,49.400001525878906,-0.20999999344348907,2025-01-11,9.309999791905284,False
1825,49.400001525878906,-0.19499999284744263,2025-01-11,8.16999981738627,True
1826,49.400001525878906,-0.18000000715255737,2025-01-11,7.639999829232693,True
1827,49.400001525878906,-0.16500000655651093,2025-01-11,6.589999852702022,True
1828,49.400001525878906,-0.15000000596046448,2025-01-11,7.039999842643738,True
1829,49.400001525878906,-0.13500000536441803,2025-01-11,7.419999834150076,True
1830,49.400001525878906,-0.11999999731779099,2025-01-11,8.399999812245369,True
1831,49.400001525878906,-0.10499999672174454,2025-01-11,8.239999815821648,True
1832,49.400001525878906,-0.09000000357627869,2025-01-11,8.319999814033508,True
1833,49.400001525878906,-0.07500000298023224,2025-01-11,9.069999797269702,True
1834,49.400001525878906,-0.05999999865889549,2025-01-11,10.06999977491796,True
1835,49.400001525878906,-0.04500000178813934,2025-01-11,10.64999976195395,True
1836,49.400001525878906,-0.029999999329447746,2025-01-11,10.99999975413084,True
1837,49.400001525878906,-0.014999999664723873,2025-01-11,13.78999969176948,True
1838,49.400001525878906,0.0,2025-01-11,14.299999680370092,True
1839,49.400001525878906,0.014999999664723873,2025-01-11,15.479999653995037,True
1840,49.400001525878906,0.029999999329447746,2025-01-11,16.519999630749226,True
1841,49.400001525878906,0.04500000178813934,2025-01-11,20.399999544024467,True
1842,49.400001525878906,0.05999999865889549,2025-01-11,24.799999445676804,True
1843,49.400001525878906,0.07500000298023224,2025-01-11,20.119999550282955,True
1844,49.400001525878906,0.09000000357627869,2025-01-11,20.979999531060457,True
1845,49.400001525878906,0.10499999672174454,2025-01-11,25.549999428912997,True
1846,49.400001525878906,0.11999999731779099,2025-01-11,,False
1847,49.400001525878906,0.13500000536441803,2025-01-11,,False
1848,49.400001525878906,0.15000000596046448,2025-01-11,,False
1849,49.400001525878906,0.16500000655651093,2025-01-11,,False
1850,49.400001525878906,0.18000000715255737,2025-01-11,,False
1851,49.400001525878906,0.19499999284744263,2025-01-11,,False
1852,49.400001525878906,0.20999999344348907,2025-01-11,,False
1853,49.400001525878906,0.22499999403953552,2025-01-11,,False
1854,49.400001525878906,0.23999999463558197,2025-01-11,,False
1855,49.400001525878906,0.2549999952316284,2025-01-11,,False
1856,49.400001525878906,0.27000001072883606,2025-01-11,,False
1857,49.400001525878906,0.2849999964237213,2025-01-11,,False
1858,49.400001525878906,0.30000001192092896,2025-01-11,,False
1859,49.400001525878906,0.3149999976158142,2025-01-11,,False
1860,49.400001525878906,0.33000001311302185,2025-01-11,,False
1861,49.400001525878906,0.3449999988079071,2025-01-11,,False
1862,49.400001525878906,0.36000001430511475,2025-01-11,,False
1863,49.400001525878906,0.375,2025-01-11,,False
1864,49.400001525878906,0.38999998569488525,2025-01-11,,False
1865,49.400001525878906,0.4050000011920929,2025-01-11,,False
1866,49.400001525878906,0.41999998688697815,2025-01-11,,False
1867,49.400001525878906,0.4350000023841858,2025-01-11,,False
1868,49.400001525878906,0.44999998807907104,2025-01-11,,False
1869,49.400001525878906,0.4650000035762787,2025-01-11,,False
1870,49.400001525878906,0.47999998927116394,2025-01-11,,False
1871,49.400001525878906,0.4950000047683716,2025-01-11,,False
1872,49.40999984741211,-1.2450000047683716,2025-01-11,,False
1873,49.40999984741211,-1.2300000190734863,2025-01-11,,False
1874,49.40999984741211,-1.215000033378601,2025-01-11,,False
1875,49.40999984741211,-1.2000000476837158,2025-01-11,,False
1876,49.40999984741211,-1.184999942779541,2025-01-11,,False
1877,49.40999984741211,-1.1699999570846558,2025-01-11,,False
1878,49.40999984741211,-1.1549999713897705,2025-01-11,,False
1879,49.40999984741211,-1.1399999856948853,2025-01-11,7.159999839961529,False
1880,49.40999984741211,-1.125,2025-01-11,7.89999982342124,False
1881,49.40999984741211,-1.1100000143051147,2025-01-11,10.499999765306711,False
1882,49.40999984741211,-1.0950000286102295,2025-01-11,14.669999672099948,False
1883,49.40999984741211,-1.0800000429153442,2025-01-11,14.179999683052301,False
1884,49.40999984741211,-1.065000057220459,2025-01-11,10.989999754354358,False
1885,49.40999984741211,-1.0499999523162842,2025-01-11,10.219999771565199,False
1886,49.40999984741211,-1.034999966621399,2025-01-11,9.669999783858657,False
1887,49.40999984741211,-1.0199999809265137,2025-01-11,9.709999782964587,False
1888,49.40999984741211,-1.0049999952316284,2025-01-11,6.829999847337604,False
1889,49.40999984741211,-0.9900000095367432,2025-01-11,8.359999813139439,False
1890,49.40999984741211,-0.9750000238418579,2025-01-11,9.05999979749322,False
1891,49.40999984741211,-0.9599999785423279,2025-01-11,7.059999842196703,False
1892,49.40999984741211,-0.9449999928474426,2025-01-11,6.679999850690365,False
1893,49.40999984741211,-0.9300000071525574,2025-01-11,7.58999983035028,False
1894,49.40999984741211,-0.9150000214576721,2025-01-11,6.149999862536788,False
1895,49.40999984741211,-0.8999999761581421,2025-01-11,4.909999890252948,False
1896,49.40999984741211,-0.8849999904632568,2025-01-11,4.899999890476465,False
1897,49.40999984741211,-0.8700000047683716,2025-01-11,4.559999898076057,False
1898,49.40999984741211,-0.8550000190734863,2025-01-11,4.449999900534749,False
1899,49.40999984741211,-0.8399999737739563,2025-01-11,4.56999989785254,False
1900,49.40999984741211,-0.824999988079071,2025-01-11,4.499999899417162,False
1901,49.40999984741211,-0.8100000023841858,2025-01-11,4.669999895617366,False
1902,49.40999984741211,-0.7950000166893005,2025-01-11,4.52999989874661,False
1903,49.40999984741211,-0.7799999713897705,2025-01-11,4.429999900981784,False
1904,49.40999984741211,-0.7649999856948853,2025-01-11,4.579999897629023,False
1905,49.40999984741211,-0.75,2025-01-11,4.7499998938292265,False
1906,49.40999984741211,-0.7350000143051147,2025-01-11,4.759999893605709,False
1907,49.40999984741211,-0.7200000286102295,2025-01-11,5.019999887794256,False
1908,49.40999984741211,-0.7049999833106995,2025-01-11,5.1799998842179775,False
1909,49.40999984741211,-0.6899999976158142,2025-01-11,5.449999878183007,False
1910,49.40999984741211,-0.675000011920929,2025-01-11,7.149999840185046,False
1911,49.40999984741211,-0.6600000262260437,2025-01-11,8.4399998113513,False
1912,49.40999984741211,-0.6449999809265137,2025-01-11,8.549999808892608,False
1913,49.40999984741211,-0.6299999952316284,2025-01-11,8.579999808222055,False
1914,49.40999984741211,-0.6150000095367432,2025-01-11,6.379999857395887,False
1915,49.40999984741211,-0.6000000238418579,2025-01-11,6.0899998638778925,False
1916,49.40999984741211,-0.5849999785423279,2025-01-11,6.489999854937196,False
1917,49.40999984741211,-0.5699999928474426,2025-01-11,6.4499998558312654,False
1918,49.40999984741211,-0.5550000071525574,2025-01-11,6.179999861866236,False
1919,49.40999984741211,-0.5400000214576721,2025-01-11,5.49999987706542,False
1920,49.40999984741211,-0.5249999761581421,2025-01-11,5.649999873712659,False
1921,49.40999984741211,-0.5099999904632568,2025-01-11,5.139999885112047,False
1922,49.40999984741211,-0.4950000047683716,2025-01-11,4.849999891594052,False
1923,49.40999984741211,-0.47999998927116394,2025-01-11,4.619999896734953,False
1924,49.40999984741211,-0.4650000035762787,2025-01-11,4.639999896287918,False
1925,49.40999984741211,-0.44999998807907104,2025-01-11,4.479999899864197,False
1926,49.40999984741211,-0.4350000023841858,2025-01-11,4.479999899864197,False
1927,49.40999984741211,-0.41999998688697815,2025-01-11,4.499999899417162,False
1928,49.40999984741211,-0.4050000011920929,2025-01-11,4.739999894052744,False
1929,49.40999984741211,-0.38999998569488525,2025-01-11,4.649999896064401,True
1930,49.40999984741211,-0.375,2025-01-11,4.899999890476465,True
1931,49.40999984741211,-0.36000001430511475,2025-01-11,5.76999987103045,True
1932,49.40999984741211,-0.3449999988079071,2025-01-11,7.769999826326966,True
1933,49.40999984741211,-0.33000001311302185,2025-01-11,9.319999791681767,True
1934,49.40999984741211,-0.3149999976158142,2025-01-11,10.079999774694443,True
1935,49.40999984741211,-0.30000001192092896,2025-01-11,10.129999773576856,False
1936,49.40999984741211,-0.2849999964237213,2025-01-11,10.369999768212438,False
1937,49.40999984741211,-0.27000001072883606,2025-01-11,10.829999757930636,False
1938,49.40999984741211,-0.2549999952316284,2025-01-11,10.699999760836363,False
1939,49.40999984741211,-0.23999999463558197,2025-01-11,10.119999773800373,False
1940,49.40999984741211,-0.22499999403953552,2025-01-11,9.629999784752727,False
1941,49.40999984741211,-0.20999999344348907,2025-01-11,8.739999804645777,True
1942,49.40999984741211,-0.19499999284744263,2025-01-11,7.989999821409583,True
1943,49.40999984741211,-0.18000000715255737,2025-01-11,7.199999839067459,True
1944,49.40999984741211,-0.16500000655651093,2025-01-11,6.839999847114086,True
1945,49.40999984741211,-0.15000000596046448,2025-01-11,7.149999840185046,True
1946,49.40999984741211,-0.13500000536441803,2025-01-11,6.959999844431877,True
1947,49.40999984741211,-0.11999999731779099,2025-01-11,8.459999810904264,True
1948,49.40999984741211,-0.10499999672174454,2025-01-11,8.51999980956316,True
1949,49.40999984741211,-0.09000000357627869,2025-01-11,9.209999794140458,True
1950,49.40999984741211,-0.07500000298023224,2025-01-11,9.909999778494239,True
1951,49.40999984741211,-0.05999999865889549,2025-01-11,9.979999776929617,True
1952,49.40999984741211,-0.04500000178813934,2025-01-11,10.639999762177467,True
1953,49.40999984741211,-0.029999999329447746,2025-01-11,12.27999972552061,True
1954,49.40999984741211,-0.014999999664723873,2025-01-11,13.229999704286456,True
1955,49.40999984741211,0.0,2025-01-11,15.189999660477042,True
1956,49.40999984741211,0.014999999664723873,2025-01-11,16.10999963991344,True
1957,49.40999984741211,0.029999999329447746,2025-01-11,18.719999581575394,True
1958,49.40999984741211,0.04500000178813934,2025-01-11,22.49999949708581,True
1959,49.40999984741211,0.05999999865889549,2025-01-11,27.159999392926693,True
1960,49.40999984741211,0.07500000298023224,2025-01-11,29.89999933168292,True
1961,49.40999984741211,0.09000000357627869,2025-01-11,25.269999435171485,True
1962,49.40999984741211,0.10499999672174454,2025-01-11,30.029999328777194,True
1963,49.40999984741211,0.11999999731779099,2025-01-11,33.57999924942851,False
1964,49.40999984741211,0.13500000536441803,2025-01-11,28.77999935671687,False
1965,49.40999984741211,0.15000000596046448,2025-01-11,,False
1966,49.40999984741211,0.16500000655651093,2025-01-11,,False
1967,49.40999984741211,0.18000000715255737,2025-01-11,,False
1968,49.40999984741211,0.19499999284744263,2025-01-11,,False
1969,49.40999984741211,0.20999999344348907,2025-01-11,,False
1970,49.40999984741211,0.22499999403953552,2025-01-11,,False
1971,49.40999984741211,0.23999999463558197,2025-01-11,,False
1972,49.40999984741211,0.2549999952316284,2025-01-11,,False
1973,49.40999984741211,0.27000001072883606,2025-01-11,,False
1974,49.40999984741211,0.2849999964237213,2025-01-11,,False
1975,49.40999984741211,0.30000001192092896,2025-01-11,,False
1976,49.40999984741211,0.3149999976158142,2025-01-11,,False
1977,49.40999984741211,0.33000001311302185,2025-01-11,,False
1978,49.40999984741211,0.3449999988079071,2025-01-11,,False
1979,49.40999984741211,0.36000001430511475,2025-01-11,,False
1980,49.40999984741211,0.375,2025-01-11,,False
1981,49.40999984741211,0.38999998569488525,2025-01-11,,False
1982,49.40999984741211,0.4050000011920929,2025-01-11,,False
1983,49.40999984741211,0.41999998688697815,2025-01-11,,False
1984,49.40999984741211,0.4350000023841858,2025-01-11,,False
1985,49.40999984741211,0.44999998807907104,2025-01-11,,False
1986,49.40999984741211,0.4650000035762787,2025-01-11,,False
1987,49.40999984741211,0.47999998927116394,2025-01-11,,False
1988,49.40999984741211,0.4950000047683716,2025-01-11,,False
1989,49.41999816894531,-1.2450000047683716,2025-01-11,,False
1990,49.41999816894531,-1.2300000190734863,2025-01-11,,False
1991,49.41999816894531,-1.215000033378601,2025-01-11,,False
1992,49.41999816894531,-1.2000000476837158,2025-01-11,,False
1993,49.41999816894531,-1.184999942779541,2025-01-11,,False
1994,49.41999816894531,-1.1699999570846558,2025-01-11,,False
1995,49.41999816894531,-1.1549999713897705,2025-01-11,,False
1996,49.41999816894531,-1.1399999856948853,2025-01-11,4.929999889805913,False
1997,49.41999816894531,-1.125,2025-01-11,7.539999831467867,False
1998,49.41999816894531,-1.1100000143051147,2025-01-11,9.629999784752727,False
1999,49.41999816894531,-1.0950000286102295,2025-01-11,13.799999691545963,False
2000,49.41999816894531,-1.0800000429153442,2025-01-11,13.639999695122242,False
2001,49.41999816894531,-1.065000057220459,2025-01-11,12.11999972909689,False
2002,49.41999816894531,-1.0499999523162842,2025-01-11,10.529999764636159,False
2003,49.41999816894531,-1.034999966621399,2025-01-11,7.839999824762344,False
2004,49.41999816894531,-1.0199999809265137,2025-01-11,7.229999838396907,False
2005,49.41999816894531,-1.0049999952316284,2025-01-11,5.1799998842179775,False
2006,49.41999816894531,-0.9900000095367432,2025-01-11,4.289999904111028,False
2007,49.41999816894531,-0.9750000238418579,2025-01-11,5.639999873936176,False
2008,49.41999816894531,-0.9599999785423279,2025-01-11,6.5199998542666435,False
2009,49.41999816894531,-0.9449999928474426,2025-01-11,6.439999856054783,False
2010,49.41999816894531,-0.9300000071525574,2025-01-11,5.329999880865216,False
2011,49.41999816894531,-0.9150000214576721,2025-01-11,5.069999886676669,False
2012,49.41999816894531,-0.8999999761581421,2025-01-11,4.759999893605709,False
2013,49.41999816894531,-0.8849999904632568,2025-01-11,4.3199999034404755,False
2014,49.41999816894531,-0.8700000047683716,2025-01-11,4.139999907463789,False
2015,49.41999816894531,-0.8550000190734863,2025-01-11,3.9899999108165503,False
2016,49.41999816894531,-0.8399999737739563,2025-01-11,3.9799999110400677,False
2017,49.41999816894531,-0.824999988079071,2025-01-11,3.729999916628003,False
2018,49.41999816894531,-0.8100000023841858,2025-01-11,3.9099999126046896,False
2019,49.41999816894531,-0.7950000166893005,2025-01-11,3.8199999146163464,False
2020,49.41999816894531,-0.7799999713897705,2025-01-11,3.689999917522073,False
2021,49.41999816894531,-0.7649999856948853,2025-01-11,4.029999909922481,False
2022,49.41999816894531,-0.75,2025-01-11,4.21999990567565,False
2023,49.41999816894531,-0.7350000143051147,2025-01-11,4.139999907463789,False
2024,49.41999816894531,-0.7200000286102295,2025-01-11,4.4399999007582664,False
2025,49.41999816894531,-0.7049999833106995,2025-01-11,4.679999895393848,False
2026,49.41999816894531,-0.6899999976158142,2025-01-11,4.779999893158674,False
2027,49.41999816894531,-0.675000011920929,2025-01-11,5.22999988310039,False
2028,49.41999816894531,-0.6600000262260437,2025-01-11,5.389999879524112,False
2029,49.41999816894531,-0.6449999809265137,2025-01-11,5.429999878630042,False
2030,49.41999816894531,-0.6299999952316284,2025-01-11,5.1099998857825994,False
2031,49.41999816894531,-0.6150000095367432,2025-01-11,5.369999879971147,False
2032,49.41999816894531,-0.6000000238418579,2025-01-11,4.899999890476465,False
2033,49.41999816894531,-0.5849999785423279,2025-01-11,5.049999887123704,False
2034,49.41999816894531,-0.5699999928474426,2025-01-11,4.579999897629023,False
2035,49.41999816894531,-0.5550000071525574,2025-01-11,4.719999894499779,False
2036,49.41999816894531,-0.5400000214576721,2025-01-11,4.189999906346202,False
2037,49.41999816894531,-0.5249999761581421,2025-01-11,4.419999901205301,False
2038,49.41999816894531,-0.5099999904632568,2025-01-11,4.019999910145998,False
2039,49.41999816894531,-0.4950000047683716,2025-01-11,4.109999908134341,False
2040,49.41999816894531,-0.47999998927116394,2025-01-11,4.229999905452132,False
2041,49.41999816894531,-0.4650000035762787,2025-01-11,4.009999910369515,False
2042,49.41999816894531,-0.44999998807907104,2025-01-11,4.059999909251928,False
2043,49.41999816894531,-0.4350000023841858,2025-01-11,4.129999907687306,False
2044,49.41999816894531,-0.41999998688697815,2025-01-11,4.109999908134341,False
2045,49.41999816894531,-0.4050000011920929,2025-01-11,4.189999906346202,False
2046,49.41999816894531,-0.38999998569488525,2025-01-11,4.279999904334545,True
2047,49.41999816894531,-0.375,2025-01-11,4.679999895393848,True
2048,49.41999816894531,-0.36000001430511475,2025-01-11,6.229999860748649,True
2049,49.41999816894531,-0.3449999988079071,2025-01-11,7.7399998269975185,True
2050,49.41999816894531,-0.33000001311302185,2025-01-11,9.40999978967011,True
2051,49.41999816894531,-0.3149999976158142,2025-01-11,9.479999788105488,True
2052,49.41999816894531,-0.30000001192092896,2025-01-11,9.44999978877604,False
2053,49.41999816894531,-0.2849999964237213,2025-01-11,9.539999786764383,False
2054,49.41999816894531,-0.27000001072883606,2025-01-11,9.889999778941274,False
2055,49.41999816894531,-0.2549999952316284,2025-01-11,9.94999977760017,False
2056,49.41999816894531,-0.23999999463558197,2025-01-11,9.40999978967011,False
2057,49.41999816894531,-0.22499999403953552,2025-01-11,9.349999791011214,True
2058,49.41999816894531,-0.20999999344348907,2025-01-11,8.929999800398946,True
2059,49.41999816894531,-0.19499999284744263,2025-01-11,8.239999815821648,True
2060,49.41999816894531,-0.18000000715255737,2025-01-11,7.249999837949872,True
2061,49.41999816894531,-0.16500000655651093,2025-01-11,6.869999846443534,True
2062,49.41999816894531,-0.15000000596046448,2025-01-11,7.099999841302633,True
2063,49.41999816894531,-0.13500000536441803,2025-01-11,7.4299998339265585,True
2064,49.41999816894531,-0.11999999731779099,2025-01-11,8.32999981380999,True
2065,49.41999816894531,-0.10499999672174454,2025-01-11,9.209999794140458,True
2066,49.41999816894531,-0.09000000357627869,2025-01-11,9.889999778941274,True
2067,49.41999816894531,-0.07500000298023224,2025-01-11,10.209999771788716,True
2068,49.41999816894531,-0.05999999865889549,2025-01-11,11.029999753460288,True
2069,49.41999816894531,-0.04500000178813934,2025-01-11,11.209999749436975,True
2070,49.41999816894531,-0.029999999329447746,2025-01-11,12.569999719038606,True
2071,49.41999816894531,-0.014999999664723873,2025-01-11,16.319999635219574,True
2072,49.41999816894531,0.0,2025-01-11,19.309999568387866,True
2073,49.41999816894531,0.014999999664723873,2025-01-11,21.309999523684382,True
2074,49.41999816894531,0.029999999329447746,2025-01-11,22.719999492168427,True
2075,49.41999816894531,0.04500000178813934,2025-01-11,30.219999324530363,True
2076,49.41999816894531,0.05999999865889549,2025-01-11,30.889999309554696,True
2077,49.41999816894531,0.07500000298023224,2025-01-11,34.35999923199415,True
2078,49.41999816894531,0.09000000357627869,2025-01-11,31.969999285414815,True
2079,49.41999816894531,0.10499999672174454,2025-01-11,40.90999908559024,True
2080,49.41999816894531,0.11999999731779099,2025-01-11,39.749999111518264,True
2081,49.41999816894531,0.13500000536441803,2025-01-11,37.57999916002154,True
2082,49.41999816894531,0.15000000596046448,2025-01-11,37.32999916560948,True
2083,49.41999816894531,0.16500000655651093,2025-01-11,40.649999091401696,True
2084,49.41999816894531,0.18000000715255737,2025-01-11,,False
2085,49.41999816894531,0.19499999284744263,2025-01-11,,False
2086,49.41999816894531,0.20999999344348907,2025-01-11,,False
2087,49.41999816894531,0.22499999403953552,2025-01-11,,False
2088,49.41999816894531,0.23999999463558197,2025-01-11,,False
2089,49.41999816894531,0.2549999952316284,2025-01-11,,False
2090,49.41999816894531,0.27000001072883606,2025-01-11,,False
2091,49.41999816894531,0.2849999964237213,2025-01-11,,False
2092,49.41999816894531,0.30000001192092896,2025-01-11,,False
2093,49.41999816894531,0.3149999976158142,2025-01-11,,False
2094,49.41999816894531,0.33000001311302185,2025-01-11,,False
2095,49.41999816894531,0.3449999988079071,2025-01-11,,False
2096,49.41999816894531,0.36000001430511475,2025-01-11,,False
2097,49.41999816894531,0.375,2025-01-11,,False
2098,49.41999816894531,0.38999998569488525,2025-01-11,,False
2099,49.41999816894531,0.4050000011920929,2025-01-11,,False
2100,49.41999816894531,0.41999998688697815,2025-01-11,,False
2101,49.41999816894531,0.4350000023841858,2025-01-11,,False
2102,49.41999816894531,0.44999998807907104,2025-01-11,,False
2103,49.41999816894531,0.4650000035762787,2025-01-11,,False
2104,49.41999816894531,0.47999998927116394,2025-01-11,,False
2105,49.41999816894531,0.4950000047683716,2025-01-11,,False
2106,49.43000030517578,-1.2450000047683716,2025-01-11,,False
2107,49.43000030517578,-1.2300000190734863,2025-01-11,,False
2108,49.43000030517578,-1.215000033378601,2025-01-11,,False
2109,49.43000030517578,-1.2000000476837158,2025-01-11,,False
2110,49.43000030517578,-1.184999942779541,2025-01-11,,False
2111,49.43000030517578,-1.1699999570846558,2025-01-11,,False
2112,49.43000030517578,-1.1549999713897705,2025-01-11,3.3399999253451824,False
2113,49.43000030517578,-1.1399999856948853,2025-01-11,8.269999815151095,False
2114,49.43000030517578,-1.125,2025-01-11,5.689999872818589,False
2115,49.43000030517578,-1.1100000143051147,2025-01-11,9.40999978967011,False
2116,49.43000030517578,-1.0950000286102295,2025-01-11,9.809999780729413,False
2117,49.43000030517578,-1.0800000429153442,2025-01-11,10.539999764412642,False
2118,49.43000030517578,-1.065000057220459,2025-01-11,10.719999760389328,False
2119,49.43000030517578,-1.0499999523162842,2025-01-11,8.74999980442226,False
2120,49.43000030517578,-1.034999966621399,2025-01-11,7.749999826774001,False
2121,49.43000030517578,-1.0199999809265137,2025-01-11,5.80999987013638,False
2122,49.43000030517578,-1.0049999952316284,2025-01-11,4.83999989181757,False
2123,49.43000030517578,-0.9900000095367432,2025-01-11,3.689999917522073,False
2124,49.43000030517578,-0.9750000238418579,2025-01-11,3.4299999233335257,False
2125,49.43000030517578,-0.9599999785423279,2025-01-11,3.1999999284744263,False
2126,49.43000030517578,-0.9449999928474426,2025-01-11,3.0799999311566353,False
2127,49.43000030517578,-0.9300000071525574,2025-01-11,2.989999933168292,False
2128,49.43000030517578,-0.9150000214576721,2025-01-11,2.869999935850501,False
2129,49.43000030517578,-0.8999999761581421,2025-01-11,3.01999993249774,False
2130,49.43000030517578,-0.8849999904632568,2025-01-11,3.1999999284744263,False
2131,49.43000030517578,-0.8700000047683716,2025-01-11,3.249999927356839,False
2132,49.43000030517578,-0.8550000190734863,2025-01-11,3.3899999242275953,False
2133,49.43000030517578,-0.8399999737739563,2025-01-11,3.4299999233335257,False
2134,49.43000030517578,-0.824999988079071,2025-01-11,3.4999999217689037,False
2135,49.43000030517578,-0.8100000023841858,2025-01-11,3.349999925121665,False
2136,49.43000030517578,-0.7950000166893005,2025-01-11,3.3799999244511127,False
2137,49.43000030517578,-0.7799999713897705,2025-01-11,3.5299999210983515,False
2138,49.43000030517578,-0.7649999856948853,2025-01-11,3.589999919757247,False
2139,49.43000030517578,-0.75,2025-01-11,3.729999916628003,False
2140,49.43000030517578,-0.7350000143051147,2025-01-11,3.8199999146163464,False
2141,49.43000030517578,-0.7200000286102295,2025-01-11,3.899999912828207,False
2142,49.43000030517578,-0.7049999833106995,2025-01-11,4.019999910145998,False
2143,49.43000030517578,-0.6899999976158142,2025-01-11,4.29999990388751,False
2144,49.43000030517578,-0.675000011920929,2025-01-11,4.599999897181988,False
2145,49.43000030517578,-0.6600000262260437,2025-01-11,4.579999897629023,False
2146,49.43000030517578,-0.6449999809265137,2025-01-11,4.399999901652336,False
2147,49.43000030517578,-0.6299999952316284,2025-01-11,4.4399999007582664,False
2148,49.43000030517578,-0.6150000095367432,2025-01-11,4.3899999018758535,False
2149,49.43000030517578,-0.6000000238418579,2025-01-11,4.239999905228615,False
2150,49.43000030517578,-0.5849999785423279,2025-01-11,4.379999902099371,False
2151,49.43000030517578,-0.5699999928474426,2025-01-11,3.879999913275242,False
2152,49.43000030517578,-0.5550000071525574,2025-01-11,3.729999916628003,False
2153,49.43000030517578,-0.5400000214576721,2025-01-11,3.849999913945794,False
2154,49.43000030517578,-0.5249999761581421,2025-01-11,3.729999916628003,False
2155,49.43000030517578,-0.5099999904632568,2025-01-11,3.8199999146163464,False
2156,49.43000030517578,-0.4950000047683716,2025-01-11,3.8099999148398638,False
2157,49.43000030517578,-0.47999998927116394,2025-01-11,3.8399999141693115,False
2158,49.43000030517578,-0.4650000035762787,2025-01-11,3.7499999161809683,False
2159,49.43000030517578,-0.44999998807907104,2025-01-11,4.039999909698963,False
2160,49.43000030517578,-0.4350000023841858,2025-01-11,3.799999915063381,False
2161,49.43000030517578,-0.41999998688697815,2025-01-11,3.9399999119341373,False
2162,49.43000030517578,-0.4050000011920929,2025-01-11,4.21999990567565,False
2163,49.43000030517578,-0.38999998569488525,2025-01-11,4.109999908134341,True
2164,49.43000030517578,-0.375,2025-01-11,4.659999895840883,True
2165,49.43000030517578,-0.36000001430511475,2025-01-11,6.289999859407544,True
2166,49.43000030517578,-0.3449999988079071,2025-01-11,8.349999813362956,True
2167,49.43000030517578,-0.33000001311302185,2025-01-11,8.919999800622463,True
2168,49.43000030517578,-0.3149999976158142,2025-01-11,8.529999809339643,True
2169,49.43000030517578,-0.30000001192092896,2025-01-11,8.609999807551503,True
2170,49.43000030517578,-0.2849999964237213,2025-01-11,8.839999802410603,True
2171,49.43000030517578,-0.27000001072883606,2025-01-11,9.069999797269702,True
2172,49.43000030517578,-0.2549999952316284,2025-01-11,9.149999795481563,False
2173,49.43000030517578,-0.23999999463558197,2025-01-11,9.129999795928597,True
2174,49.43000030517578,-0.22499999403953552,2025-01-11,9.109999796375632,True
2175,49.43000030517578,-0.20999999344348907,2025-01-11,8.779999803751707,True
2176,49.43000030517578,-0.19499999284744263,2025-01-11,8.229999816045165,True
2177,49.43000030517578,-0.18000000715255737,2025-01-11,7.499999832361937,True
2178,49.43000030517578,-0.16500000655651093,2025-01-11,7.169999839738011,True
2179,49.43000030517578,-0.15000000596046448,2025-01-11,7.259999837726355,True
2180,49.43000030517578,-0.13500000536441803,2025-01-11,7.649999829009175,True
2181,49.43000030517578,-0.11999999731779099,2025-01-11,8.399999812245369,True
2182,49.43000030517578,-0.10499999672174454,2025-01-11,9.769999781623483,True
2183,49.43000030517578,-0.09000000357627869,2025-01-11,10.329999769106507,True
2184,49.43000030517578,-0.07500000298023224,2025-01-11,10.139999773353338,True
2185,49.43000030517578,-0.05999999865889549,2025-01-11,11.109999751672149,True
2186,49.43000030517578,-0.04500000178813934,2025-01-11,14.169999683275819,True
2187,49.43000030517578,-0.029999999329447746,2025-01-11,13.959999687969685,True
2188,49.43000030517578,-0.014999999664723873,2025-01-11,20.509999541565776,True
2189,49.43000030517578,0.0,2025-01-11,23.769999468699098,True
2190,49.43000030517578,0.014999999664723873,2025-01-11,27.29999938979745,True
2191,49.43000030517578,0.029999999329447746,2025-01-11,29.919999331235886,True
2192,49.43000030517578,0.04500000178813934,2025-01-11,32.02999928407371,True
2193,49.43000030517578,0.05999999865889549,2025-01-11,36.8599991761148,True
2194,49.43000030517578,0.07500000298023224,2025-01-11,37.53999916091561,True
2195,49.43000030517578,0.09000000357627869,2025-01-11,43.47999902814627,True
2196,49.43000030517578,0.10499999672174454,2025-01-11,49.41999889537692,True
2197,49.43000030517578,0.11999999731779099,2025-01-11,50.13999887928367,True
2198,49.43000030517578,0.13500000536441803,2025-01-11,52.499998826533556,True
2199,49.43000030517578,0.15000000596046448,2025-01-11,50.25999887660146,True
2200,49.43000030517578,0.16500000655651093,2025-01-11,55.15999876707792,True
2201,49.43000030517578,0.18000000715255737,2025-01-11,45.54999898187816,True
2202,49.43000030517578,0.19499999284744263,2025-01-11,,False
2203,49.43000030517578,0.20999999344348907,2025-01-11,,False
2204,49.43000030517578,0.22499999403953552,2025-01-11,,False
2205,49.43000030517578,0.23999999463558197,2025-01-11,,True
2206,49.43000030517578,0.2549999952316284,2025-01-11,,True
2207,49.43000030517578,0.27000001072883606,2025-01-11,,False
2208,49.43000030517578,0.2849999964237213,2025-01-11,,False
2209,49.43000030517578,0.30000001192092896,2025-01-11,,False
2210,49.43000030517578,0.3149999976158142,2025-01-11,,False
2211,49.43000030517578,0.33000001311302185,2025-01-11,,False
2212,49.43000030517578,0.3449999988079071,2025-01-11,,False
2213,49.43000030517578,0.36000001430511475,2025-01-11,,False
2214,49.43000030517578,0.375,2025-01-11,,False
2215,49.43000030517578,0.38999998569488525,2025-01-11,,False
2216,49.43000030517578,0.4050000011920929,2025-01-11,,False
2217,49.43000030517578,0.41999998688697815,2025-01-11,,False
2218,49.43000030517578,0.4350000023841858,2025-01-11,,False
2219,49.43000030517578,0.44999998807907104,2025-01-11,,False
2220,49.43000030517578,0.4650000035762787,2025-01-11,,False
2221,49.43000030517578,0.47999998927116394,2025-01-11,,False
2222,49.43000030517578,0.4950000047683716,2025-01-11,,False
2223,49.439998626708984,-1.2450000047683716,2025-01-11,,False
2224,49.439998626708984,-1.2300000190734863,2025-01-11,,False
2225,49.439998626708984,-1.215000033378601,2025-01-11,,False
2226,49.439998626708984,-1.2000000476837158,2025-01-11,,False
2227,49.439998626708984,-1.184999942779541,2025-01-11,,False
2228,49.439998626708984,-1.1699999570846558,2025-01-11,,False
2229,49.439998626708984,-1.1549999713897705,2025-01-11,7.7399998269975185,False
2230,49.439998626708984,-1.1399999856948853,2025-01-11,6.299999859184027,False
2231,49.439998626708984,-1.125,2025-01-11,6.749999849125743,False
2232,49.439998626708984,-1.1100000143051147,2025-01-11,7.299999836832285,False
2233,49.439998626708984,-1.0950000286102295,2025-01-11,8.90999980084598,False
2234,49.439998626708984,-1.0800000429153442,2025-01-11,9.379999790340662,False
2235,49.439998626708984,-1.065000057220459,2025-01-11,8.459999810904264,False
2236,49.439998626708984,-1.0499999523162842,2025-01-11,7.919999822974205,False
2237,49.439998626708984,-1.034999966621399,2025-01-11,6.03999986499548,False
2238,49.439998626708984,-1.0199999809265137,2025-01-11,4.6299998965114355,False
2239,49.439998626708984,-1.0049999952316284,2025-01-11,3.3099999260157347,False
2240,49.439998626708984,-0.9900000095367432,2025-01-11,2.5299999434500933,False
2241,49.439998626708984,-0.9750000238418579,2025-01-11,2.729999938979745,False
2242,49.439998626708984,-0.9599999785423279,2025-01-11,2.419999945908785,False
2243,49.439998626708984,-0.9449999928474426,2025-01-11,2.339999947696924,False
2244,49.439998626708984,-0.9300000071525574,2025-01-11,2.4799999445676804,False
2245,49.439998626708984,-0.9150000214576721,2025-01-11,2.509999943897128,False
2246,49.439998626708984,-0.8999999761581421,2025-01-11,2.6399999409914017,False
2247,49.439998626708984,-0.8849999904632568,2025-01-11,2.7599999383091927,False
2248,49.439998626708984,-0.8700000047683716,2025-01-11,2.8899999354034662,False
2249,49.439998626708984,-0.8550000190734863,2025-01-11,2.939999934285879,False
2250,49.439998626708984,-0.8399999737739563,2025-01-11,3.1399999298155308,False
2251,49.439998626708984,-0.824999988079071,2025-01-11,3.1899999286979437,False
2252,49.439998626708984,-0.8100000023841858,2025-01-11,3.0499999318271875,False
2253,49.439998626708984,-0.7950000166893005,2025-01-11,3.089999930933118,False
2254,49.439998626708984,-0.7799999713897705,2025-01-11,3.2399999275803566,False
2255,49.439998626708984,-0.7649999856948853,2025-01-11,3.1899999286979437,False
2256,49.439998626708984,-0.75,2025-01-11,3.2199999280273914,False
2257,49.439998626708984,-0.7350000143051147,2025-01-11,3.3599999248981476,False
2258,49.439998626708984,-0.7200000286102295,2025-01-11,3.419999923557043,False
2259,49.439998626708984,-0.7049999833106995,2025-01-11,3.4599999226629734,False
2260,49.439998626708984,-0.6899999976158142,2025-01-11,3.6699999179691076,False
2261,49.439998626708984,-0.675000011920929,2025-01-11,3.9299999121576548,False
2262,49.439998626708984,-0.6600000262260437,2025-01-11,3.8699999134987593,False
2263,49.439998626708984,-0.6449999809265137,2025-01-11,3.8199999146163464,False
2264,49.439998626708984,-0.6299999952316284,2025-01-11,3.8199999146163464,False
2265,49.439998626708984,-0.6150000095367432,2025-01-11,3.8599999137222767,False
2266,49.439998626708984,-0.6000000238418579,2025-01-11,3.849999913945794,False
2267,49.439998626708984,-0.5849999785423279,2025-01-11,3.849999913945794,False
2268,49.439998626708984,-0.5699999928474426,2025-01-11,3.8599999137222767,False
2269,49.439998626708984,-0.5550000071525574,2025-01-11,3.759999915957451,False
2270,49.439998626708984,-0.5400000214576721,2025-01-11,3.63999991863966,False
2271,49.439998626708984,-0.5249999761581421,2025-01-11,3.569999920204282,False
2272,49.439998626708984,-0.5099999904632568,2025-01-11,3.6199999190866947,False
2273,49.439998626708984,-0.4950000047683716,2025-01-11,3.449999922886491,False
2274,49.439998626708984,-0.47999998927116394,2025-01-11,3.449999922886491,False
2275,49.439998626708984,-0.4650000035762787,2025-01-11,3.539999920874834,False
2276,49.439998626708984,-0.44999998807907104,2025-01-11,3.7399999164044857,False
2277,49.439998626708984,-0.4350000023841858,2025-01-11,3.6299999188631773,False
2278,49.439998626708984,-0.41999998688697815,2025-01-11,3.729999916628003,False
2279,49.439998626708984,-0.4050000011920929,2025-01-11,3.7499999161809683,False
2280,49.439998626708984,-0.38999998569488525,2025-01-11,3.829999914392829,True
2281,49.439998626708984,-0.375,2025-01-11,4.459999900311232,True
2282,49.439998626708984,-0.36000001430511475,2025-01-11,6.3999998569488525,True
2283,49.439998626708984,-0.3449999988079071,2025-01-11,8.16999981738627,True
2284,49.439998626708984,-0.33000001311302185,2025-01-11,8.339999813586473,True
2285,49.439998626708984,-0.3149999976158142,2025-01-11,8.029999820515513,True
2286,49.439998626708984,-0.30000001192092896,2025-01-11,7.839999824762344,True
2287,49.439998626708984,-0.2849999964237213,2025-01-11,7.969999821856618,True
2288,49.439998626708984,-0.27000001072883606,2025-01-11,8.4399998113513,True
2289,49.439998626708984,-0.2549999952316284,2025-01-11,8.859999801963568,True
2290,49.439998626708984,-0.23999999463558197,2025-01-11,8.859999801963568,True
2291,49.439998626708984,-0.22499999403953552,2025-01-11,8.579999808222055,True
2292,49.439998626708984,-0.20999999344348907,2025-01-11,8.719999805092812,True
2293,49.439998626708984,-0.19499999284744263,2025-01-11,8.319999814033508,True
2294,49.439998626708984,-0.18000000715255737,2025-01-11,7.569999830797315,True
2295,49.439998626708984,-0.16500000655651093,2025-01-11,7.529999831691384,True
2296,49.439998626708984,-0.15000000596046448,2025-01-11,7.059999842196703,True
2297,49.439998626708984,-0.13500000536441803,2025-01-11,7.339999835938215,True
2298,49.439998626708984,-0.11999999731779099,2025-01-11,8.739999804645777,True
2299,49.439998626708984,-0.10499999672174454,2025-01-11,10.369999768212438,True
2300,49.439998626708984,-0.09000000357627869,2025-01-11,10.56999976374209,True
2301,49.439998626708984,-0.07500000298023224,2025-01-11,11.389999745413661,True
2302,49.439998626708984,-0.05999999865889549,2025-01-11,12.639999717473984,True
2303,49.439998626708984,-0.04500000178813934,2025-01-11,14.859999667853117,True
2304,49.439998626708984,-0.029999999329447746,2025-01-11,17.15999961644411,True
2305,49.439998626708984,-0.014999999664723873,2025-01-11,21.699999514967203,True
2306,49.439998626708984,0.0,2025-01-11,26.48999940790236,True
2307,49.439998626708984,0.014999999664723873,2025-01-11,29.35999934375286,True
2308,49.439998626708984,0.029999999329447746,2025-01-11,33.61999924853444,True
2309,49.439998626708984,0.04500000178813934,2025-01-11,34.08999923802912,True
2310,49.439998626708984,0.05999999865889549,2025-01-11,36.24999918974936,True
2311,49.439998626708984,0.07500000298023224,2025-01-11,37.72999915666878,True
2312,49.439998626708984,0.09000000357627869,2025-01-11,40.88999908603728,True
2313,49.439998626708984,0.10499999672174454,2025-01-11,56.179998744279146,True
2314,49.439998626708984,0.11999999731779099,2025-01-11,52.219998832792044,True
2315,49.439998626708984,0.13500000536441803,2025-01-11,50.639998868107796,True
2316,49.439998626708984,0.15000000596046448,2025-01-11,56.33999874070287,True
2317,49.439998626708984,0.16500000655651093,2025-01-11,37.969999151304364,True
2318,49.439998626708984,0.18000000715255737,2025-01-11,36.20999919064343,True
2319,49.439998626708984,0.19499999284744263,2025-01-11,,True
2320,49.439998626708984,0.20999999344348907,2025-01-11,,True
2321,49.439998626708984,0.22499999403953552,2025-01-11,,True
2322,49.439998626708984,0.23999999463558197,2025-01-11,,True
2323,49.439998626708984,0.2549999952316284,2025-01-11,,True
2324,49.439998626708984,0.27000001072883606,2025-01-11,,True
2325,49.439998626708984,0.2849999964237213,2025-01-11,,False
2326,49.439998626708984,0.30000001192092896,2025-01-11,,False
2327,49.439998626708984,0.3149999976158142,2025-01-11,,False
2328,49.439998626708984,0.33000001311302185,2025-01-11,,False
2329,49.439998626708984,0.3449999988079071,2025-01-11,,False
2330,49.439998626708984,0.36000001430511475,2025-01-11,,False
2331,49.439998626708984,0.375,2025-01-11,,False
2332,49.439998626708984,0.38999998569488525,2025-01-11,,False
2333,49.439998626708984,0.4050000011920929,2025-01-11,,False
2334,49.439998626708984,0.41999998688697815,2025-01-11,,False
2335,49.439998626708984,0.4350000023841858,2025-01-11,,False
2336,49.439998626708984,0.44999998807907104,2025-01-11,,False
2337,49.439998626708984,0.4650000035762787,2025-01-11,,False
2338,49.439998626708984,0.47999998927116394,2025-01-11,,False
2339,49.439998626708984,0.4950000047683716,2025-01-11,,False
2340,49.45000076293945,-1.2450000047683716,2025-01-11,,False
2341,49.45000076293945,-1.2300000190734863,2025-01-11,,False
2342,49.45000076293945,-1.215000033378601,2025-01-11,,False
2343,49.45000076293945,-1.2000000476837158,2025-01-11,,False
2344,49.45000076293945,-1.184999942779541,2025-01-11,,False
2345,49.45000076293945,-1.1699999570846558,2025-01-11,7.349999835714698,False
2346,49.45000076293945,-1.1549999713897705,2025-01-11,5.159999884665012,False
2347,49.45000076293945,-1.1399999856948853,2025-01-11,6.049999864771962,False
2348,49.45000076293945,-1.125,2025-01-11,5.899999868124723,False
2349,49.45000076293945,-1.1100000143051147,2025-01-11,7.769999826326966,False
2350,49.45000076293945,-1.0950000286102295,2025-01-11,9.9899997767061,False
2351,49.45000076293945,-1.0800000429153442,2025-01-11,9.589999785646796,False
2352,49.45000076293945,-1.065000057220459,2025-01-11,8.709999805316329,False
2353,49.45000076293945,-1.0499999523162842,2025-01-11,6.549999853596091,False
2354,49.45000076293945,-1.034999966621399,2025-01-11,4.91999989002943,False
2355,49.45000076293945,-1.0199999809265137,2025-01-11,3.879999913275242,False
2356,49.45000076293945,-1.0049999952316284,2025-01-11,2.7699999380856752,False
2357,49.45000076293945,-0.9900000095367432,2025-01-11,2.249999949708581,False
2358,49.45000076293945,-0.9750000238418579,2025-01-11,2.029999954625964,False
2359,49.45000076293945,-0.9599999785423279,2025-01-11,2.12999995239079,False
2360,49.45000076293945,-0.9449999928474426,2025-01-11,2.0999999530613422,False
2361,49.45000076293945,-0.9300000071525574,2025-01-11,2.059999953955412,False
2362,49.45000076293945,-0.9150000214576721,2025-01-11,2.319999948143959,False
2363,49.45000076293945,-0.8999999761581421,2025-01-11,2.389999946579337,False
2364,49.45000076293945,-0.8849999904632568,2025-01-11,2.579999942332506,False
2365,49.45000076293945,-0.8700000047683716,2025-01-11,2.6399999409914017,False
2366,49.45000076293945,-0.8550000190734863,2025-01-11,2.6899999398738146,False
2367,49.45000076293945,-0.8399999737739563,2025-01-11,2.849999936297536,False
2368,49.45000076293945,-0.824999988079071,2025-01-11,2.7199999392032623,False
2369,49.45000076293945,-0.8100000023841858,2025-01-11,2.729999938979745,False
2370,49.45000076293945,-0.7950000166893005,2025-01-11,2.7099999394267797,False
2371,49.45000076293945,-0.7799999713897705,2025-01-11,2.779999937862158,False
2372,49.45000076293945,-0.7649999856948853,2025-01-11,2.799999937415123,False
2373,49.45000076293945,-0.75,2025-01-11,2.969999933615327,False
2374,49.45000076293945,-0.7350000143051147,2025-01-11,3.0299999322742224,False
2375,49.45000076293945,-0.7200000286102295,2025-01-11,3.01999993249774,False
2376,49.45000076293945,-0.7049999833106995,2025-01-11,2.9499999340623617,False
2377,49.45000076293945,-0.6899999976158142,2025-01-11,3.109999930486083,False
2378,49.45000076293945,-0.675000011920929,2025-01-11,3.159999929368496,False
2379,49.45000076293945,-0.6600000262260437,2025-01-11,3.3599999248981476,False
2380,49.45000076293945,-0.6449999809265137,2025-01-11,3.3199999257922173,False
2381,49.45000076293945,-0.6299999952316284,2025-01-11,3.469999922439456,False
2382,49.45000076293945,-0.6150000095367432,2025-01-11,3.469999922439456,False
2383,49.45000076293945,-0.6000000238418579,2025-01-11,3.5999999195337296,False
2384,49.45000076293945,-0.5849999785423279,2025-01-11,3.5599999204277992,False
2385,49.45000076293945,-0.5699999928474426,2025-01-11,3.63999991863966,False
2386,49.45000076293945,-0.5550000071525574,2025-01-11,3.5599999204277992,False
2387,49.45000076293945,-0.5400000214576721,2025-01-11,3.5499999206513166,False
2388,49.45000076293945,-0.5249999761581421,2025-01-11,3.2399999275803566,False
2389,49.45000076293945,-0.5099999904632568,2025-01-11,3.129999930039048,False
2390,49.45000076293945,-0.4950000047683716,2025-01-11,3.2599999271333218,False
2391,49.45000076293945,-0.47999998927116394,2025-01-11,3.0999999307096004,False
2392,49.45000076293945,-0.4650000035762787,2025-01-11,3.2199999280273914,False
2393,49.45000076293945,-0.44999998807907104,2025-01-11,3.3199999257922173,False
2394,49.45000076293945,-0.4350000023841858,2025-01-11,3.279999926686287,False
2395,49.45000076293945,-0.41999998688697815,2025-01-11,3.1399999298155308,False
2396,49.45000076293945,-0.4050000011920929,2025-01-11,3.2599999271333218,False
2397,49.45000076293945,-0.38999998569488525,2025-01-11,3.3599999248981476,True
2398,49.45000076293945,-0.375,2025-01-11,3.919999912381172,True
2399,49.45000076293945,-0.36000001430511475,2025-01-11,5.669999873265624,True
2400,49.45000076293945,-0.3449999988079071,2025-01-11,7.149999840185046,True
2401,49.45000076293945,-0.33000001311302185,2025-01-11,7.809999825432897,True
2402,49.45000076293945,-0.3149999976158142,2025-01-11,7.5499998312443495,True
2403,49.45000076293945,-0.30000001192092896,2025-01-11,7.479999832808971,True
2404,49.45000076293945,-0.2849999964237213,2025-01-11,7.639999829232693,True
2405,49.45000076293945,-0.27000001072883606,2025-01-11,8.01999982073903,True
2406,49.45000076293945,-0.2549999952316284,2025-01-11,8.24999981559813,True
2407,49.45000076293945,-0.23999999463558197,2025-01-11,8.449999811127782,True
2408,49.45000076293945,-0.22499999403953552,2025-01-11,8.51999980956316,True
2409,49.45000076293945,-0.20999999344348907,2025-01-11,8.619999807327986,True
2410,49.45000076293945,-0.19499999284744263,2025-01-11,8.919999800622463,True
2411,49.45000076293945,-0.18000000715255737,2025-01-11,7.799999825656414,True
2412,49.45000076293945,-0.16500000655651093,2025-01-11,7.019999843090773,True
2413,49.45000076293945,-0.15000000596046448,2025-01-11,6.9499998446553946,True
2414,49.45000076293945,-0.13500000536441803,2025-01-11,7.6699998285621405,True
2415,49.45000076293945,-0.11999999731779099,2025-01-11,8.619999807327986,True
2416,49.45000076293945,-0.10499999672174454,2025-01-11,10.399999767541885,True
2417,49.45000076293945,-0.09000000357627869,2025-01-11,11.549999741837382,True
2418,49.45000076293945,-0.07500000298023224,2025-01-11,12.77999971434474,True
2419,49.45000076293945,-0.05999999865889549,2025-01-11,13.43999969959259,True
2420,49.45000076293945,-0.04500000178813934,2025-01-11,14.789999669417739,True
2421,49.45000076293945,-0.029999999329447746,2025-01-11,18.449999587610364,True
2422,49.45000076293945,-0.014999999664723873,2025-01-11,23.679999470710754,True
2423,49.45000076293945,0.0,2025-01-11,27.929999375715852,True
2424,49.45000076293945,0.014999999664723873,2025-01-11,29.799999333918095,True
2425,49.45000076293945,0.029999999329447746,2025-01-11,35.219999212771654,True
2426,49.45000076293945,0.04500000178813934,2025-01-11,38.65999913588166,True
2427,49.45000076293945,0.05999999865889549,2025-01-11,34.329999232664704,True
2428,49.45000076293945,0.07500000298023224,2025-01-11,42.579999048262835,True
2429,49.45000076293945,0.09000000357627869,2025-01-11,53.079998813569546,True
2430,49.45000076293945,0.10499999672174454,2025-01-11,56.04999874718487,True
2431,49.45000076293945,0.11999999731779099,2025-01-11,53.56999880261719,True
2432,49.45000076293945,0.13500000536441803,2025-01-11,45.38999898545444,True
2433,49.45000076293945,0.15000000596046448,2025-01-11,42.199999056756496,True
2434,49.45000076293945,0.16500000655651093,2025-01-11,17.57999960705638,True
2435,49.45000076293945,0.18000000715255737,2025-01-11,,True
2436,49.45000076293945,0.19499999284744263,2025-01-11,,False
2437,49.45000076293945,0.20999999344348907,2025-01-11,,False
2438,49.45000076293945,0.22499999403953552,2025-01-11,,False
2439,49.45000076293945,0.23999999463558197,2025-01-11,,True
2440,49.45000076293945,0.2549999952316284,2025-01-11,,False
2441,49.45000076293945,0.27000001072883606,2025-01-11,,False
2442,49.45000076293945,0.2849999964237213,2025-01-11,,False
2443,49.45000076293945,0.30000001192092896,2025-01-11,,False
2444,49.45000076293945,0.3149999976158142,2025-01-11,,False
2445,49.45000076293945,0.33000001311302185,2025-01-11,,False
2446,49.45000076293945,0.3449999988079071,2025-01-11,,False
2447,49.45000076293945,0.36000001430511475,2025-01-11,,False
2448,49.45000076293945,0.375,2025-01-11,,False
2449,49.45000076293945,0.38999998569488525,2025-01-11,,False
2450,49.45000076293945,0.4050000011920929,2025-01-11,,False
2451,49.45000076293945,0.41999998688697815,2025-01-11,,False
2452,49.45000076293945,0.4350000023841858,2025-01-11,,False
2453,49.45000076293945,0.44999998807907104,2025-01-11,,False
2454,49.45000076293945,0.4650000035762787,2025-01-11,,False
2455,49.45000076293945,0.47999998927116394,2025-01-11,,False
2456,49.45000076293945,0.4950000047683716,2025-01-11,,False
2457,49.459999084472656,-1.2450000047683716,2025-01-11,,False
2458,49.459999084472656,-1.2300000190734863,2025-01-11,,False
2459,49.459999084472656,-1.215000033378601,2025-01-11,,False
2460,49.459999084472656,-1.2000000476837158,2025-01-11,,False
2461,49.459999084472656,-1.184999942779541,2025-01-11,,False
2462,49.459999084472656,-1.1699999570846558,2025-01-11,5.469999877735972,False
2463,49.459999084472656,-1.1549999713897705,2025-01-11,5.679999873042107,False
2464,49.459999084472656,-1.1399999856948853,2025-01-11,5.269999882206321,False
2465,49.459999084472656,-1.125,2025-01-11,5.719999872148037,False
2466,49.459999084472656,-1.1100000143051147,2025-01-11,7.93999982252717,False
2467,49.459999084472656,-1.0950000286102295,2025-01-11,8.929999800398946,False
2468,49.459999084472656,-1.0800000429153442,2025-01-11,8.709999805316329,False
2469,49.459999084472656,-1.065000057220459,2025-01-11,7.449999833479524,False
2470,49.459999084472656,-1.0499999523162842,2025-01-11,4.889999890699983,False
2471,49.459999084472656,-1.034999966621399,2025-01-11,3.8199999146163464,False
2472,49.459999084472656,-1.0199999809265137,2025-01-11,2.7099999394267797,False
2473,49.459999084472656,-1.0049999952316284,2025-01-11,2.3799999468028545,False
2474,49.459999084472656,-0.9900000095367432,2025-01-11,1.81999995931983,False
2475,49.459999084472656,-0.9750000238418579,2025-01-11,1.7299999613314867,False
2476,49.459999084472656,-0.9599999785423279,2025-01-11,1.8499999586492777,False
2477,49.459999084472656,-0.9449999928474426,2025-01-11,1.8599999584257603,False
2478,49.459999084472656,-0.9300000071525574,2025-01-11,2.079999953508377,False
2479,49.459999084472656,-0.9150000214576721,2025-01-11,2.3099999483674765,False
2480,49.459999084472656,-0.8999999761581421,2025-01-11,2.4699999447911978,False
2481,49.459999084472656,-0.8849999904632568,2025-01-11,2.5199999436736107,False
2482,49.459999084472656,-0.8700000047683716,2025-01-11,2.5299999434500933,False
2483,49.459999084472656,-0.8550000190734863,2025-01-11,2.559999942779541,False
2484,49.459999084472656,-0.8399999737739563,2025-01-11,2.4799999445676804,False
2485,49.459999084472656,-0.824999988079071,2025-01-11,2.4799999445676804,False
2486,49.459999084472656,-0.8100000023841858,2025-01-11,2.5699999425560236,False
2487,49.459999084472656,-0.7950000166893005,2025-01-11,2.419999945908785,False
2488,49.459999084472656,-0.7799999713897705,2025-01-11,2.419999945908785,False
2489,49.459999084472656,-0.7649999856948853,2025-01-11,2.339999947696924,False
2490,49.459999084472656,-0.75,2025-01-11,2.489999944344163,False
2491,49.459999084472656,-0.7350000143051147,2025-01-11,2.489999944344163,False
2492,49.459999084472656,-0.7200000286102295,2025-01-11,2.6399999409914017,False
2493,49.459999084472656,-0.7049999833106995,2025-01-11,2.509999943897128,False
2494,49.459999084472656,-0.6899999976158142,2025-01-11,2.389999946579337,False
2495,49.459999084472656,-0.675000011920929,2025-01-11,2.5899999421089888,False
2496,49.459999084472656,-0.6600000262260437,2025-01-11,2.609999941661954,False
2497,49.459999084472656,-0.6449999809265137,2025-01-11,2.779999937862158,False
2498,49.459999084472656,-0.6299999952316284,2025-01-11,2.9799999333918095,False
2499,49.459999084472656,-0.6150000095367432,2025-01-11,3.089999930933118,False
2500,49.459999084472656,-0.6000000238418579,2025-01-11,3.349999925121665,False
2501,49.459999084472656,-0.5849999785423279,2025-01-11,3.3299999255687,False
2502,49.459999084472656,-0.5699999928474426,2025-01-11,3.2199999280273914,False
2503,49.459999084472656,-0.5550000071525574,2025-01-11,3.179999928921461,False
2504,49.459999084472656,-0.5400000214576721,2025-01-11,3.1899999286979437,False
2505,49.459999084472656,-0.5249999761581421,2025-01-11,3.05999993160367,False
2506,49.459999084472656,-0.5099999904632568,2025-01-11,2.6399999409914017,False
2507,49.459999084472656,-0.4950000047683716,2025-01-11,2.699999939650297,False
2508,49.459999084472656,-0.47999998927116394,2025-01-11,2.5499999430030584,False
2509,49.459999084472656,-0.4650000035762787,2025-01-11,2.869999935850501,False
2510,49.459999084472656,-0.44999998807907104,2025-01-11,2.799999937415123,False
2511,49.459999084472656,-0.4350000023841858,2025-01-11,2.5899999421089888,False
2512,49.459999084472656,-0.41999998688697815,2025-01-11,2.4999999441206455,False
2513,49.459999084472656,-0.4050000011920929,2025-01-11,2.6499999407678843,False
2514,49.459999084472656,-0.38999998569488525,2025-01-11,2.659999940544367,True
2515,49.459999084472656,-0.375,2025-01-11,3.279999926686287,True
2516,49.459999084472656,-0.36000001430511475,2025-01-11,4.729999894276261,True
2517,49.459999084472656,-0.3449999988079071,2025-01-11,6.489999854937196,True
2518,49.459999084472656,-0.33000001311302185,2025-01-11,7.289999837055802,True
2519,49.459999084472656,-0.3149999976158142,2025-01-11,7.3099998366087675,True
2520,49.459999084472656,-0.30000001192092896,2025-01-11,7.1899998392909765,True
2521,49.459999084472656,-0.2849999964237213,2025-01-11,7.459999833256006,True
2522,49.459999084472656,-0.27000001072883606,2025-01-11,7.58999983035028,True
2523,49.459999084472656,-0.2549999952316284,2025-01-11,7.7399998269975185,True
2524,49.459999084472656,-0.23999999463558197,2025-01-11,7.849999824538827,True
2525,49.459999084472656,-0.22499999403953552,2025-01-11,8.299999814480543,True
2526,49.459999084472656,-0.20999999344348907,2025-01-11,8.389999812468886,True
2527,49.459999084472656,-0.19499999284744263,2025-01-11,8.229999816045165,True
2528,49.459999084472656,-0.18000000715255737,2025-01-11,7.249999837949872,True
2529,49.459999084472656,-0.16500000655651093,2025-01-11,6.4499998558312654,True
2530,49.459999084472656,-0.15000000596046448,2025-01-11,6.549999853596091,True
2531,49.459999084472656,-0.13500000536441803,2025-01-11,7.969999821856618,True
2532,49.459999084472656,-0.11999999731779099,2025-01-11,9.499999787658453,True
2533,49.459999084472656,-0.10499999672174454,2025-01-11,10.669999761506915,True
2534,49.459999084472656,-0.09000000357627869,2025-01-11,12.209999727085233,True
2535,49.459999084472656,-0.07500000298023224,2025-01-11,13.639999695122242,True
2536,49.459999084472656,-0.05999999865889549,2025-01-11,13.719999693334103,True
2537,49.459999084472656,-0.04500000178813934,2025-01-11,14.82999966852367,True
2538,49.459999084472656,-0.029999999329447746,2025-01-11,16.53999963030219,True
2539,49.459999084472656,-0.014999999664723873,2025-01-11,25.039999440312386,True
2540,49.459999084472656,0.0,2025-01-11,28.359999366104603,True
2541,49.459999084472656,0.014999999664723873,2025-01-11,34.06999923847616,True
2542,49.459999084472656,0.029999999329447746,2025-01-11,36.109999192878604,True
2543,49.459999084472656,0.04500000178813934,2025-01-11,37.33999916538596,True
2544,49.459999084472656,0.05999999865889549,2025-01-11,37.4899991620332,True
2545,49.459999084472656,0.07500000298023224,2025-01-11,53.55999880284071,True
2546,49.459999084472656,0.09000000357627869,2025-01-11,60.709998643025756,True
2547,49.459999084472656,0.10499999672174454,2025-01-11,50.91999886184931,True
2548,49.459999084472656,0.11999999731779099,2025-01-11,55.61999875679612,True
2549,49.459999084472656,0.13500000536441803,2025-01-11,40.99999908357859,False
2550,49.459999084472656,0.15000000596046448,2025-01-11,,True
2551,49.459999084472656,0.16500000655651093,2025-01-11,,False
2552,49.459999084472656,0.18000000715255737,2025-01-11,,False
2553,49.459999084472656,0.19499999284744263,2025-01-11,,False
2554,49.459999084472656,0.20999999344348907,2025-01-11,,False
2555,49.459999084472656,0.22499999403953552,2025-01-11,,False
2556,49.459999084472656,0.23999999463558197,2025-01-11,,False
2557,49.459999084472656,0.2549999952316284,2025-01-11,,False
2558,49.459999084472656,0.27000001072883606,2025-01-11,,False
2559,49.459999084472656,0.2849999964237213,2025-01-11,,False
2560,49.459999084472656,0.30000001192092896,2025-01-11,,False
2561,49.459999084472656,0.3149999976158142,2025-01-11,,False
2562,49.459999084472656,0.33000001311302185,2025-01-11,,False
2563,49.459999084472656,0.3449999988079071,2025-01-11,,False
2564,49.459999084472656,0.36000001430511475,2025-01-11,,False
2565,49.459999084472656,0.375,2025-01-11,,False
2566,49.459999084472656,0.38999998569488525,2025-01-11,,False
2567,49.459999084472656,0.4050000011920929,2025-01-11,,False
2568,49.459999084472656,0.41999998688697815,2025-01-11,,False
2569,49.459999084472656,0.4350000023841858,2025-01-11,,False
2570,49.459999084472656,0.44999998807907104,2025-01-11,,False
2571,49.459999084472656,0.4650000035762787,2025-01-11,,False
2572,49.459999084472656,0.47999998927116394,2025-01-11,,False
2573,49.459999084472656,0.4950000047683716,2025-01-11,,False
2574,49.470001220703125,-1.2450000047683716,2025-01-11,,False
2575,49.470001220703125,-1.2300000190734863,2025-01-11,,False
2576,49.470001220703125,-1.215000033378601,2025-01-11,,False
2577,49.470001220703125,-1.2000000476837158,2025-01-11,,False
2578,49.470001220703125,-1.184999942779541,2025-01-11,4.689999895170331,False
2579,49.470001220703125,-1.1699999570846558,2025-01-11,4.129999907687306,False
2580,49.470001220703125,-1.1549999713897705,2025-01-11,5.079999886453152,False
2581,49.470001220703125,-1.1399999856948853,2025-01-11,5.029999887570739,False
2582,49.470001220703125,-1.125,2025-01-11,6.0899998638778925,False
2583,49.470001220703125,-1.1100000143051147,2025-01-11,7.369999835267663,False
2584,49.470001220703125,-1.0950000286102295,2025-01-11,8.32999981380999,False
2585,49.470001220703125,-1.0800000429153442,2025-01-11,7.509999832138419,False
2586,49.470001220703125,-1.065000057220459,2025-01-11,5.2999998815357685,False
2587,49.470001220703125,-1.0499999523162842,2025-01-11,3.94999991171062,False
2588,49.470001220703125,-1.034999966621399,2025-01-11,2.8399999365210533,False
2589,49.470001220703125,-1.0199999809265137,2025-01-11,2.2899999488145113,False
2590,49.470001220703125,-1.0049999952316284,2025-01-11,1.7799999602138996,False
2591,49.470001220703125,-0.9900000095367432,2025-01-11,1.649999963119626,False
2592,49.470001220703125,-0.9750000238418579,2025-01-11,1.6699999626725912,False
2593,49.470001220703125,-0.9599999785423279,2025-01-11,1.7499999608844519,False
2594,49.470001220703125,-0.9449999928474426,2025-01-11,1.9899999555200338,False
2595,49.470001220703125,-0.9300000071525574,2025-01-11,2.149999951943755,False
2596,49.470001220703125,-0.9150000214576721,2025-01-11,2.1199999526143074,False
2597,49.470001220703125,-0.8999999761581421,2025-01-11,2.4499999452382326,False
2598,49.470001220703125,-0.8849999904632568,2025-01-11,2.4999999441206455,False
2599,49.470001220703125,-0.8700000047683716,2025-01-11,2.4699999447911978,False
2600,49.470001220703125,-0.8550000190734863,2025-01-11,2.319999948143959,False
2601,49.470001220703125,-0.8399999737739563,2025-01-11,2.1199999526143074,False
2602,49.470001220703125,-0.824999988079071,2025-01-11,2.1599999517202377,False
2603,49.470001220703125,-0.8100000023841858,2025-01-11,2.2099999506026506,False
2604,49.470001220703125,-0.7950000166893005,2025-01-11,2.109999952837825,False
2605,49.470001220703125,-0.7799999713897705,2025-01-11,1.8999999575316906,False
2606,49.470001220703125,-0.7649999856948853,2025-01-11,1.9499999564141035,False
2607,49.470001220703125,-0.75,2025-01-11,1.8999999575316906,False
2608,49.470001220703125,-0.7350000143051147,2025-01-11,2.199999950826168,False
2609,49.470001220703125,-0.7200000286102295,2025-01-11,2.1399999521672726,False
2610,49.470001220703125,-0.7049999833106995,2025-01-11,1.9899999555200338,False
2611,49.470001220703125,-0.6899999976158142,2025-01-11,1.8599999584257603,False
2612,49.470001220703125,-0.675000011920929,2025-01-11,1.939999956637621,False
2613,49.470001220703125,-0.6600000262260437,2025-01-11,1.9799999557435513,False
2614,49.470001220703125,-0.6449999809265137,2025-01-11,2.109999952837825,False
2615,49.470001220703125,-0.6299999952316284,2025-01-11,2.229999950155616,False
2616,49.470001220703125,-0.6150000095367432,2025-01-11,2.5999999418854713,False
2617,49.470001220703125,-0.6000000238418579,2025-01-11,2.539999943226576,False
2618,49.470001220703125,-0.5849999785423279,2025-01-11,2.7399999387562275,False
2619,49.470001220703125,-0.5699999928474426,2025-01-11,2.6699999403208494,False
2620,49.470001220703125,-0.5550000071525574,2025-01-11,2.5899999421089888,False
2621,49.470001220703125,-0.5400000214576721,2025-01-11,2.5699999425560236,False
2622,49.470001220703125,-0.5249999761581421,2025-01-11,2.4499999452382326,False
2623,49.470001220703125,-0.5099999904632568,2025-01-11,2.319999948143959,False
2624,49.470001220703125,-0.4950000047683716,2025-01-11,2.12999995239079,False
2625,49.470001220703125,-0.47999998927116394,2025-01-11,2.299999948590994,False
2626,49.470001220703125,-0.4650000035762787,2025-01-11,2.2799999490380287,False
2627,49.470001220703125,-0.44999998807907104,2025-01-11,2.0399999544024467,False
2628,49.470001220703125,-0.4350000023841858,2025-01-11,1.9699999559670687,False
2629,49.470001220703125,-0.41999998688697815,2025-01-11,1.9799999557435513,False
2630,49.470001220703125,-0.4050000011920929,2025-01-11,2.059999953955412,False
2631,49.470001220703125,-0.38999998569488525,2025-01-11,2.0499999541789293,True
2632,49.470001220703125,-0.375,2025-01-11,2.43999994546175,True
2633,49.470001220703125,-0.36000001430511475,2025-01-11,3.5799999199807644,True
2634,49.470001220703125,-0.3449999988079071,2025-01-11,4.999999888241291,True
2635,49.470001220703125,-0.33000001311302185,2025-01-11,6.509999854490161,True
2636,49.470001220703125,-0.3149999976158142,2025-01-11,7.1199998408555984,True
2637,49.470001220703125,-0.30000001192092896,2025-01-11,7.109999841079116,True
2638,49.470001220703125,-0.2849999964237213,2025-01-11,7.31999983638525,True
2639,49.470001220703125,-0.27000001072883606,2025-01-11,7.299999836832285,True
2640,49.470001220703125,-0.2549999952316284,2025-01-11,7.35999983549118,True
2641,49.470001220703125,-0.23999999463558197,2025-01-11,7.6699998285621405,True
2642,49.470001220703125,-0.22499999403953552,2025-01-11,7.959999822080135,True
2643,49.470001220703125,-0.20999999344348907,2025-01-11,7.839999824762344,True
2644,49.470001220703125,-0.19499999284744263,2025-01-11,7.329999836161733,True
2645,49.470001220703125,-0.18000000715255737,2025-01-11,6.819999847561121,True
2646,49.470001220703125,-0.16500000655651093,2025-01-11,6.149999862536788,True
2647,49.470001220703125,-0.15000000596046448,2025-01-11,6.749999849125743,True
2648,49.470001220703125,-0.13500000536441803,2025-01-11,7.9799998216331005,True
2649,49.470001220703125,-0.11999999731779099,2025-01-11,10.099999774247408,True
2650,49.470001220703125,-0.10499999672174454,2025-01-11,11.359999746084213,True
2651,49.470001220703125,-0.09000000357627869,2025-01-11,12.669999716803432,True
2652,49.470001220703125,-0.07500000298023224,2025-01-11,13.949999688193202,True
2653,49.470001220703125,-0.05999999865889549,2025-01-11,15.319999657571316,True
2654,49.470001220703125,-0.04500000178813934,2025-01-11,15.669999649748206,True
2655,49.470001220703125,-0.029999999329447746,2025-01-11,17.03999961912632,True
2656,49.470001220703125,-0.014999999664723873,2025-01-11,21.019999530166388,True
2657,49.470001220703125,0.0,2025-01-11,27.139999393373728,True
2658,49.470001220703125,0.014999999664723873,2025-01-11,33.169999258592725,True
2659,49.470001220703125,0.029999999329447746,2025-01-11,33.88999924249947,True
2660,49.470001220703125,0.04500000178813934,2025-01-11,35.58999920450151,True
2661,49.470001220703125,0.05999999865889549,2025-01-11,33.209999257698655,True
2662,49.470001220703125,0.07500000298023224,2025-01-11,51.949998838827014,True
2663,49.470001220703125,0.09000000357627869,2025-01-11,48.37999891862273,True
2664,49.470001220703125,0.10499999672174454,2025-01-11,51.029998859390616,True
2665,49.470001220703125,0.11999999731779099,2025-01-11,,True
2666,49.470001220703125,0.13500000536441803,2025-01-11,,False
2667,49.470001220703125,0.15000000596046448,2025-01-11,,False
2668,49.470001220703125,0.16500000655651093,2025-01-11,,False
2669,49.470001220703125,0.18000000715255737,2025-01-11,,False
2670,49.470001220703125,0.19499999284744263,2025-01-11,,False
2671,49.470001220703125,0.20999999344348907,2025-01-11,,False
2672,49.470001220703125,0.22499999403953552,2025-01-11,,False
2673,49.470001220703125,0.23999999463558197,2025-01-11,,False
2674,49.470001220703125,0.2549999952316284,2025-01-11,,False
2675,49.470001220703125,0.27000001072883606,2025-01-11,,False
2676,49.470001220703125,0.2849999964237213,2025-01-11,,False
2677,49.470001220703125,0.30000001192092896,2025-01-11,,False
2678,49.470001220703125,0.3149999976158142,2025-01-11,,False
2679,49.470001220703125,0.33000001311302185,2025-01-11,,False
2680,49.470001220703125,0.3449999988079071,2025-01-11,,False
2681,49.470001220703125,0.36000001430511475,2025-01-11,,False
2682,49.470001220703125,0.375,2025-01-11,,False
2683,49.470001220703125,0.38999998569488525,2025-01-11,,False
2684,49.470001220703125,0.4050000011920929,2025-01-11,,False
2685,49.470001220703125,0.41999998688697815,2025-01-11,,False
2686,49.470001220703125,0.4350000023841858,2025-01-11,,False
2687,49.470001220703125,0.44999998807907104,2025-01-11,,False
2688,49.470001220703125,0.4650000035762787,2025-01-11,,False
2689,49.470001220703125,0.47999998927116394,2025-01-11,,False
2690,49.470001220703125,0.4950000047683716,2025-01-11,,False
2691,49.47999954223633,-1.2450000047683716,2025-01-11,,False
2692,49.47999954223633,-1.2300000190734863,2025-01-11,,False
2693,49.47999954223633,-1.215000033378601,2025-01-11,,False
2694,49.47999954223633,-1.2000000476837158,2025-01-11,7.799999825656414,False
2695,49.47999954223633,-1.184999942779541,2025-01-11,3.469999922439456,False
2696,49.47999954223633,-1.1699999570846558,2025-01-11,4.83999989181757,False
2697,49.47999954223633,-1.1549999713897705,2025-01-11,4.539999898523092,False
2698,49.47999954223633,-1.1399999856948853,2025-01-11,4.639999896287918,False
2699,49.47999954223633,-1.125,2025-01-11,6.149999862536788,False
2700,49.47999954223633,-1.1100000143051147,2025-01-11,7.04999984242022,False
2701,49.47999954223633,-1.0950000286102295,2025-01-11,7.499999832361937,False
2702,49.47999954223633,-1.0800000429153442,2025-01-11,6.73999984934926,False
2703,49.47999954223633,-1.065000057220459,2025-01-11,4.779999893158674,False
2704,49.47999954223633,-1.0499999523162842,2025-01-11,3.3599999248981476,False
2705,49.47999954223633,-1.034999966621399,2025-01-11,2.799999937415123,False
2706,49.47999954223633,-1.0199999809265137,2025-01-11,2.0499999541789293,False
2707,49.47999954223633,-1.0049999952316284,2025-01-11,1.6599999628961086,False
2708,49.47999954223633,-0.9900000095367432,2025-01-11,1.6899999622255564,False
2709,49.47999954223633,-0.9750000238418579,2025-01-11,1.6199999637901783,False
2710,49.47999954223633,-0.9599999785423279,2025-01-11,1.7199999615550041,False
2711,49.47999954223633,-0.9449999928474426,2025-01-11,1.839999958872795,False
2712,49.47999954223633,-0.9300000071525574,2025-01-11,1.8999999575316906,False
2713,49.47999954223633,-0.9150000214576721,2025-01-11,2.0699999537318945,False
2714,49.47999954223633,-0.8999999761581421,2025-01-11,2.2099999506026506,False
2715,49.47999954223633,-0.8849999904632568,2025-01-11,2.2799999490380287,False
2716,49.47999954223633,-0.8700000047683716,2025-01-11,2.2599999494850636,False
2717,49.47999954223633,-0.8550000190734863,2025-01-11,2.2199999503791332,False
2718,49.47999954223633,-0.8399999737739563,2025-01-11,2.059999953955412,False
2719,49.47999954223633,-0.824999988079071,2025-01-11,1.8999999575316906,False
2720,49.47999954223633,-0.8100000023841858,2025-01-11,1.9099999573081732,False
2721,49.47999954223633,-0.7950000166893005,2025-01-11,1.839999958872795,False
2722,49.47999954223633,-0.7799999713897705,2025-01-11,1.6399999633431435,False
2723,49.47999954223633,-0.7649999856948853,2025-01-11,1.699999962002039,False
2724,49.47999954223633,-0.75,2025-01-11,1.6399999633431435,False
2725,49.47999954223633,-0.7350000143051147,2025-01-11,1.6899999622255564,False
2726,49.47999954223633,-0.7200000286102295,2025-01-11,1.8799999579787254,False
2727,49.47999954223633,-0.7049999833106995,2025-01-11,1.6899999622255564,False
2728,49.47999954223633,-0.6899999976158142,2025-01-11,1.6199999637901783,False
2729,49.47999954223633,-0.675000011920929,2025-01-11,1.6699999626725912,False
2730,49.47999954223633,-0.6600000262260437,2025-01-11,1.649999963119626,False
2731,49.47999954223633,-0.6449999809265137,2025-01-11,1.6799999624490738,False
2732,49.47999954223633,-0.6299999952316284,2025-01-11,1.8599999584257603,False
2733,49.47999954223633,-0.6150000095367432,2025-01-11,1.8499999586492777,False
2734,49.47999954223633,-0.6000000238418579,2025-01-11,1.839999958872795,False
2735,49.47999954223633,-0.5849999785423279,2025-01-11,1.9699999559670687,False
2736,49.47999954223633,-0.5699999928474426,2025-01-11,1.9299999568611383,False
2737,49.47999954223633,-0.5550000071525574,2025-01-11,1.9799999557435513,False
2738,49.47999954223633,-0.5400000214576721,2025-01-11,1.959999956190586,False
2739,49.47999954223633,-0.5249999761581421,2025-01-11,2.0999999530613422,False
2740,49.47999954223633,-0.5099999904632568,2025-01-11,1.9299999568611383,False
2741,49.47999954223633,-0.4950000047683716,2025-01-11,1.7799999602138996,False
2742,49.47999954223633,-0.47999998927116394,2025-01-11,1.8999999575316906,False
2743,49.47999954223633,-0.4650000035762787,2025-01-11,1.9099999573081732,False
2744,49.47999954223633,-0.44999998807907104,2025-01-11,1.7299999613314867,False
2745,49.47999954223633,-0.4350000023841858,2025-01-11,1.5899999644607306,False
2746,49.47999954223633,-0.41999998688697815,2025-01-11,1.5899999644607306,False
2747,49.47999954223633,-0.4050000011920929,2025-01-11,1.5499999653548002,False
2748,49.47999954223633,-0.38999998569488525,2025-01-11,1.6399999633431435,False
2749,49.47999954223633,-0.375,2025-01-11,1.7899999599903822,True
2750,49.47999954223633,-0.36000001430511475,2025-01-11,2.5199999436736107,True
2751,49.47999954223633,-0.3449999988079071,2025-01-11,4.289999904111028,True
2752,49.47999954223633,-0.33000001311302185,2025-01-11,6.139999862760305,True
2753,49.47999954223633,-0.3149999976158142,2025-01-11,6.729999849572778,True
2754,49.47999954223633,-0.30000001192092896,2025-01-11,7.169999839738011,True
2755,49.47999954223633,-0.2849999964237213,2025-01-11,6.959999844431877,True
2756,49.47999954223633,-0.27000001072883606,2025-01-11,7.0699998419731855,True
2757,49.47999954223633,-0.2549999952316284,2025-01-11,7.269999837502837,True
2758,49.47999954223633,-0.23999999463558197,2025-01-11,7.539999831467867,True
2759,49.47999954223633,-0.22499999403953552,2025-01-11,7.599999830126762,True
2760,49.47999954223633,-0.20999999344348907,2025-01-11,7.329999836161733,True
2761,49.47999954223633,-0.19499999284744263,2025-01-11,7.059999842196703,True
2762,49.47999954223633,-0.18000000715255737,2025-01-11,6.359999857842922,True
2763,49.47999954223633,-0.16500000655651093,2025-01-11,6.839999847114086,True
2764,49.47999954223633,-0.15000000596046448,2025-01-11,7.369999835267663,True
2765,49.47999954223633,-0.13500000536441803,2025-01-11,8.639999806880951,True
2766,49.47999954223633,-0.11999999731779099,2025-01-11,10.989999754354358,True
2767,49.47999954223633,-0.10499999672174454,2025-01-11,12.529999719932675,True
2768,49.47999954223633,-0.09000000357627869,2025-01-11,13.349999701604247,True
2769,49.47999954223633,-0.07500000298023224,2025-01-11,14.509999675676227,True
2770,49.47999954223633,-0.05999999865889549,2025-01-11,15.789999647065997,True
2771,49.47999954223633,-0.04500000178813934,2025-01-11,16.1899996381253,True
2772,49.47999954223633,-0.029999999329447746,2025-01-11,17.139999616891146,True
2773,49.47999954223633,-0.014999999664723873,2025-01-11,19.9799995534122,True
2774,49.47999954223633,0.0,2025-01-11,24.89999944344163,True
2775,49.47999954223633,0.014999999664723873,2025-01-11,30.499999318271875,True
2776,49.47999954223633,0.029999999329447746,2025-01-11,34.30999923311174,True
2777,49.47999954223633,0.04500000178813934,2025-01-11,36.3999991863966,True
2778,49.47999954223633,0.05999999865889549,2025-01-11,32.089999282732606,True
2779,49.47999954223633,0.07500000298023224,2025-01-11,43.88999901898205,True
2780,49.47999954223633,0.09000000357627869,2025-01-11,44.75999899953604,True
2781,49.47999954223633,0.10499999672174454,2025-01-11,,False
2782,49.47999954223633,0.11999999731779099,2025-01-11,,False
2783,49.47999954223633,0.13500000536441803,2025-01-11,,False
2784,49.47999954223633,0.15000000596046448,2025-01-11,,False
2785,49.47999954223633,0.16500000655651093,2025-01-11,,False
2786,49.47999954223633,0.18000000715255737,2025-01-11,,False
2787,49.47999954223633,0.19499999284744263,2025-01-11,,False
2788,49.47999954223633,0.20999999344348907,2025-01-11,,False
2789,49.47999954223633,0.22499999403953552,2025-01-11,,False
2790,49.47999954223633,0.23999999463558197,2025-01-11,,False
2791,49.47999954223633,0.2549999952316284,2025-01-11,,False
2792,49.47999954223633,0.27000001072883606,2025-01-11,,False
2793,49.47999954223633,0.2849999964237213,2025-01-11,,False
2794,49.47999954223633,0.30000001192092896,2025-01-11,,False
2795,49.47999954223633,0.3149999976158142,2025-01-11,,False
2796,49.47999954223633,0.33000001311302185,2025-01-11,,False
2797,49.47999954223633,0.3449999988079071,2025-01-11,,False
2798,49.47999954223633,0.36000001430511475,2025-01-11,,False
2799,49.47999954223633,0.375,2025-01-11,,False
2800,49.47999954223633,0.38999998569488525,2025-01-11,,False
2801,49.47999954223633,0.4050000011920929,2025-01-11,,False
2802,49.47999954223633,0.41999998688697815,2025-01-11,,False
2803,49.47999954223633,0.4350000023841858,2025-01-11,,False
2804,49.47999954223633,0.44999998807907104,2025-01-11,,False
2805,49.47999954223633,0.4650000035762787,2025-01-11,,False
2806,49.47999954223633,0.47999998927116394,2025-01-11,,False
2807,49.47999954223633,0.4950000047683716,2025-01-11,,False
2808,49.4900016784668,-1.2450000047683716,2025-01-11,,False
2809,49.4900016784668,-1.2300000190734863,2025-01-11,,False
2810,49.4900016784668,-1.215000033378601,2025-01-11,8.609999807551503,False
2811,49.4900016784668,-1.2000000476837158,2025-01-11,3.349999925121665,False
2812,49.4900016784668,-1.184999942779541,2025-01-11,3.449999922886491,False
2813,49.4900016784668,-1.1699999570846558,2025-01-11,4.279999904334545,False
2814,49.4900016784668,-1.1549999713897705,2025-01-11,4.25999990478158,False
2815,49.4900016784668,-1.1399999856948853,2025-01-11,3.8899999130517244,False
2816,49.4900016784668,-1.125,2025-01-11,5.359999880194664,False
2817,49.4900016784668,-1.1100000143051147,2025-01-11,7.039999842643738,False
2818,49.4900016784668,-1.0950000286102295,2025-01-11,6.829999847337604,False
2819,49.4900016784668,-1.0800000429153442,2025-01-11,6.029999865218997,False
2820,49.4900016784668,-1.065000057220459,2025-01-11,4.249999905005097,False
2821,49.4900016784668,-1.0499999523162842,2025-01-11,3.4299999233335257,False
2822,49.4900016784668,-1.034999966621399,2025-01-11,2.419999945908785,False
2823,49.4900016784668,-1.0199999809265137,2025-01-11,1.8599999584257603,False
2824,49.4900016784668,-1.0049999952316284,2025-01-11,1.81999995931983,False
2825,49.4900016784668,-0.9900000095367432,2025-01-11,1.5999999642372131,False
2826,49.4900016784668,-0.9750000238418579,2025-01-11,1.5399999655783176,False
2827,49.4900016784668,-0.9599999785423279,2025-01-11,1.579999964684248,False
2828,49.4900016784668,-0.9449999928474426,2025-01-11,1.7099999617785215,False
2829,49.4900016784668,-0.9300000071525574,2025-01-11,1.8299999590963125,False
2830,49.4900016784668,-0.9150000214576721,2025-01-11,2.009999955072999,False
2831,49.4900016784668,-0.8999999761581421,2025-01-11,2.0499999541789293,False
2832,49.4900016784668,-0.8849999904632568,2025-01-11,2.0699999537318945,False
2833,49.4900016784668,-0.8700000047683716,2025-01-11,2.029999954625964,False
2834,49.4900016784668,-0.8550000190734863,2025-01-11,1.8999999575316906,False
2835,49.4900016784668,-0.8399999737739563,2025-01-11,1.8599999584257603,False
2836,49.4900016784668,-0.824999988079071,2025-01-11,1.7899999599903822,False
2837,49.4900016784668,-0.8100000023841858,2025-01-11,1.699999962002039,False
2838,49.4900016784668,-0.7950000166893005,2025-01-11,1.6799999624490738,False
2839,49.4900016784668,-0.7799999713897705,2025-01-11,1.5599999651312828,False
2840,49.4900016784668,-0.7649999856948853,2025-01-11,1.5399999655783176,False
2841,49.4900016784668,-0.75,2025-01-11,1.4299999680370092,False
2842,49.4900016784668,-0.7350000143051147,2025-01-11,1.4199999682605267,False
2843,49.4900016784668,-0.7200000286102295,2025-01-11,1.5399999655783176,False
2844,49.4900016784668,-0.7049999833106995,2025-01-11,1.5199999660253525,False
2845,49.4900016784668,-0.6899999976158142,2025-01-11,1.4799999669194221,False
2846,49.4900016784668,-0.675000011920929,2025-01-11,1.4699999671429396,False
2847,49.4900016784668,-0.6600000262260437,2025-01-11,1.4299999680370092,False
2848,49.4900016784668,-0.6449999809265137,2025-01-11,1.409999968484044,False
2849,49.4900016784668,-0.6299999952316284,2025-01-11,1.4999999664723873,False
2850,49.4900016784668,-0.6150000095367432,2025-01-11,1.5399999655783176,False
2851,49.4900016784668,-0.6000000238418579,2025-01-11,1.50999996624887,False
2852,49.4900016784668,-0.5849999785423279,2025-01-11,1.4699999671429396,False
2853,49.4900016784668,-0.5699999928474426,2025-01-11,1.6299999635666609,False
2854,49.4900016784668,-0.5550000071525574,2025-01-11,1.6699999626725912,False
2855,49.4900016784668,-0.5400000214576721,2025-01-11,1.6899999622255564,False
2856,49.4900016784668,-0.5249999761581421,2025-01-11,1.649999963119626,False
2857,49.4900016784668,-0.5099999904632568,2025-01-11,1.5999999642372131,False
2858,49.4900016784668,-0.4950000047683716,2025-01-11,1.50999996624887,False
2859,49.4900016784668,-0.47999998927116394,2025-01-11,1.5699999649077654,False
2860,49.4900016784668,-0.4650000035762787,2025-01-11,1.579999964684248,False
2861,49.4900016784668,-0.44999998807907104,2025-01-11,1.409999968484044,False
2862,49.4900016784668,-0.4350000023841858,2025-01-11,1.339999970048666,False
2863,49.4900016784668,-0.41999998688697815,2025-01-11,1.2599999718368053,False
2864,49.4900016784668,-0.4050000011920929,2025-01-11,1.269999971613288,False
2865,49.4900016784668,-0.38999998569488525,2025-01-11,1.459999967366457,False
2866,49.4900016784668,-0.375,2025-01-11,1.4199999682605267,True
2867,49.4900016784668,-0.36000001430511475,2025-01-11,2.319999948143959,True
2868,49.4900016784668,-0.3449999988079071,2025-01-11,3.7199999168515205,True
2869,49.4900016784668,-0.33000001311302185,2025-01-11,5.509999876841903,True
2870,49.4900016784668,-0.3149999976158142,2025-01-11,6.669999850913882,True
2871,49.4900016784668,-0.30000001192092896,2025-01-11,6.719999849796295,True
2872,49.4900016784668,-0.2849999964237213,2025-01-11,6.589999852702022,True
2873,49.4900016784668,-0.27000001072883606,2025-01-11,6.629999851807952,True
2874,49.4900016784668,-0.2549999952316284,2025-01-11,6.69999985024333,True
2875,49.4900016784668,-0.23999999463558197,2025-01-11,6.69999985024333,True
2876,49.4900016784668,-0.22499999403953552,2025-01-11,6.779999848455191,True
2877,49.4900016784668,-0.20999999344348907,2025-01-11,6.709999850019813,True
2878,49.4900016784668,-0.19499999284744263,2025-01-11,6.199999861419201,True
2879,49.4900016784668,-0.18000000715255737,2025-01-11,6.489999854937196,True
2880,49.4900016784668,-0.16500000655651093,2025-01-11,6.69999985024333,True
2881,49.4900016784668,-0.15000000596046448,2025-01-11,7.7399998269975185,True
2882,49.4900016784668,-0.13500000536441803,2025-01-11,9.349999791011214,True
2883,49.4900016784668,-0.11999999731779099,2025-01-11,11.079999752342701,True
2884,49.4900016784668,-0.10499999672174454,2025-01-11,12.73999971523881,True
2885,49.4900016784668,-0.09000000357627869,2025-01-11,13.62999969534576,True
2886,49.4900016784668,-0.07500000298023224,2025-01-11,14.689999671652913,True
2887,49.4900016784668,-0.05999999865889549,2025-01-11,14.98999966494739,True
2888,49.4900016784668,-0.04500000178813934,2025-01-11,15.719999648630619,True
2889,49.4900016784668,-0.029999999329447746,2025-01-11,16.91999962180853,True
2890,49.4900016784668,-0.014999999664723873,2025-01-11,19.649999560788274,True
2891,49.4900016784668,0.0,2025-01-11,20.789999535307288,True
2892,49.4900016784668,0.014999999664723873,2025-01-11,24.579999450594187,True
2893,49.4900016784668,0.029999999329447746,2025-01-11,27.64999938197434,True
2894,49.4900016784668,0.04500000178813934,2025-01-11,33.40999925322831,True
2895,49.4900016784668,0.05999999865889549,2025-01-11,37.819999154657125,True
2896,49.4900016784668,0.07500000298023224,2025-01-11,35.499999206513166,True
2897,49.4900016784668,0.09000000357627869,2025-01-11,,True
2898,49.4900016784668,0.10499999672174454,2025-01-11,,False
2899,49.4900016784668,0.11999999731779099,2025-01-11,,False
2900,49.4900016784668,0.13500000536441803,2025-01-11,,False
2901,49.4900016784668,0.15000000596046448,2025-01-11,,False
2902,49.4900016784668,0.16500000655651093,2025-01-11,,False
2903,49.4900016784668,0.18000000715255737,2025-01-11,,False
2904,49.4900016784668,0.19499999284744263,2025-01-11,,False
2905,49.4900016784668,0.20999999344348907,2025-01-11,,False
2906,49.4900016784668,0.22499999403953552,2025-01-11,,False
2907,49.4900016784668,0.23999999463558197,2025-01-11,,False
2908,49.4900016784668,0.2549999952316284,2025-01-11,,False
2909,49.4900016784668,0.27000001072883606,2025-01-11,,False
2910,49.4900016784668,0.2849999964237213,2025-01-11,,False
2911,49.4900016784668,0.30000001192092896,2025-01-11,,False
2912,49.4900016784668,0.3149999976158142,2025-01-11,,False
2913,49.4900016784668,0.33000001311302185,2025-01-11,,False
2914,49.4900016784668,0.3449999988079071,2025-01-11,,False
2915,49.4900016784668,0.36000001430511475,2025-01-11,,False
2916,49.4900016784668,0.375,2025-01-11,,False
2917,49.4900016784668,0.38999998569488525,2025-01-11,,False
2918,49.4900016784668,0.4050000011920929,2025-01-11,,False
2919,49.4900016784668,0.41999998688697815,2025-01-11,,False
2920,49.4900016784668,0.4350000023841858,2025-01-11,,False
2921,49.4900016784668,0.44999998807907104,2025-01-11,,False
2922,49.4900016784668,0.4650000035762787,2025-01-11,,False
2923,49.4900016784668,0.47999998927116394,2025-01-11,,False
2924,49.4900016784668,0.4950000047683716,2025-01-11,,False
2925,49.5,-1.2450000047683716,2025-01-11,,False
2926,49.5,-1.2300000190734863,2025-01-11,3.2899999264627695,False
2927,49.5,-1.215000033378601,2025-01-11,6.149999862536788,False
2928,49.5,-1.2000000476837158,2025-01-11,3.4099999237805605,False
2929,49.5,-1.184999942779541,2025-01-11,4.339999902993441,False
2930,49.5,-1.1699999570846558,2025-01-11,3.3799999244511127,False
2931,49.5,-1.1549999713897705,2025-01-11,4.129999907687306,False
2932,49.5,-1.1399999856948853,2025-01-11,4.179999906569719,False
2933,49.5,-1.125,2025-01-11,4.889999890699983,False
2934,49.5,-1.1100000143051147,2025-01-11,6.169999862089753,False
2935,49.5,-1.0950000286102295,2025-01-11,6.199999861419201,False
2936,49.5,-1.0800000429153442,2025-01-11,5.0599998869001865,False
2937,49.5,-1.065000057220459,2025-01-11,3.4399999231100082,False
2938,49.5,-1.0499999523162842,2025-01-11,2.899999935179949,False
2939,49.5,-1.034999966621399,2025-01-11,2.059999953955412,False
2940,49.5,-1.0199999809265137,2025-01-11,1.699999962002039,False
2941,49.5,-1.0049999952316284,2025-01-11,1.649999963119626,False
2942,49.5,-0.9900000095367432,2025-01-11,1.5699999649077654,False
2943,49.5,-0.9750000238418579,2025-01-11,1.50999996624887,False
2944,49.5,-0.9599999785423279,2025-01-11,1.5199999660253525,False
2945,49.5,-0.9449999928474426,2025-01-11,1.6099999640136957,False
2946,49.5,-0.9300000071525574,2025-01-11,1.7299999613314867,False
2947,49.5,-0.9150000214576721,2025-01-11,1.8499999586492777,False
2948,49.5,-0.8999999761581421,2025-01-11,1.9699999559670687,False
2949,49.5,-0.8849999904632568,2025-01-11,1.839999958872795,False
2950,49.5,-0.8700000047683716,2025-01-11,1.8099999595433474,False
2951,49.5,-0.8550000190734863,2025-01-11,1.7399999611079693,False
2952,49.5,-0.8399999737739563,2025-01-11,1.6299999635666609,False
2953,49.5,-0.824999988079071,2025-01-11,1.6099999640136957,False
2954,49.5,-0.8100000023841858,2025-01-11,1.6099999640136957,False
2955,49.5,-0.7950000166893005,2025-01-11,1.5899999644607306,False
2956,49.5,-0.7799999713897705,2025-01-11,1.409999968484044,False
2957,49.5,-0.7649999856948853,2025-01-11,1.4899999666959047,False
2958,49.5,-0.75,2025-01-11,1.3999999687075615,False
2959,49.5,-0.7350000143051147,2025-01-11,1.339999970048666,False
2960,49.5,-0.7200000286102295,2025-01-11,1.3199999704957008,False
2961,49.5,-0.7049999833106995,2025-01-11,1.409999968484044,False
2962,49.5,-0.6899999976158142,2025-01-11,1.3699999693781137,False
2963,49.5,-0.675000011920929,2025-01-11,1.2599999718368053,False
2964,49.5,-0.6600000262260437,2025-01-11,1.269999971613288,False
2965,49.5,-0.6449999809265137,2025-01-11,1.3799999691545963,False
2966,49.5,-0.6299999952316284,2025-01-11,1.269999971613288,False
2967,49.5,-0.6150000095367432,2025-01-11,1.3099999707192183,False
2968,49.5,-0.6000000238418579,2025-01-11,1.3199999704957008,False
2969,49.5,-0.5849999785423279,2025-01-11,1.3799999691545963,False
2970,49.5,-0.5699999928474426,2025-01-11,1.3699999693781137,False
2971,49.5,-0.5550000071525574,2025-01-11,1.2999999709427357,False
2972,49.5,-0.5400000214576721,2025-01-11,1.409999968484044,False
2973,49.5,-0.5249999761581421,2025-01-11,1.4699999671429396,False
2974,49.5,-0.5099999904632568,2025-01-11,1.409999968484044,False
2975,49.5,-0.4950000047683716,2025-01-11,1.3499999698251486,False
2976,49.5,-0.47999998927116394,2025-01-11,1.2399999722838402,False
2977,49.5,-0.4650000035762787,2025-01-11,1.2799999713897705,False
2978,49.5,-0.44999998807907104,2025-01-11,1.1899999734014273,False
2979,49.5,-0.4350000023841858,2025-01-11,1.1299999747425318,False
2980,49.5,-0.41999998688697815,2025-01-11,1.1099999751895666,False
2981,49.5,-0.4050000011920929,2025-01-11,1.2999999709427357,False
2982,49.5,-0.38999998569488525,2025-01-11,1.409999968484044,False
2983,49.5,-0.375,2025-01-11,1.6699999626725912,True
2984,49.5,-0.36000001430511475,2025-01-11,2.799999937415123,True
2985,49.5,-0.3449999988079071,2025-01-11,4.239999905228615,True
2986,49.5,-0.33000001311302185,2025-01-11,5.679999873042107,True
2987,49.5,-0.3149999976158142,2025-01-11,5.799999870359898,True
2988,49.5,-0.30000001192092896,2025-01-11,6.07999986410141,True
2989,49.5,-0.2849999964237213,2025-01-11,6.009999865666032,True
2990,49.5,-0.27000001072883606,2025-01-11,6.069999864324927,True
2991,49.5,-0.2549999952316284,2025-01-11,6.269999859854579,True
2992,49.5,-0.23999999463558197,2025-01-11,6.3999998569488525,True
2993,49.5,-0.22499999403953552,2025-01-11,6.159999862313271,True
2994,49.5,-0.20999999344348907,2025-01-11,5.899999868124723,True
2995,49.5,-0.19499999284744263,2025-01-11,5.709999872371554,True
2996,49.5,-0.18000000715255737,2025-01-11,5.789999870583415,True
2997,49.5,-0.16500000655651093,2025-01-11,6.579999852925539,True
2998,49.5,-0.15000000596046448,2025-01-11,7.93999982252717,True
2999,49.5,-0.13500000536441803,2025-01-11,9.089999796822667,True
3000,49.5,-0.11999999731779099,2025-01-11,11.069999752566218,True
3001,49.5,-0.10499999672174454,2025-01-11,12.539999719709158,True
3002,49.5,-0.09000000357627869,2025-01-11,13.059999708086252,True
3003,49.5,-0.07500000298023224,2025-01-11,13.239999704062939,True
3004,49.5,-0.05999999865889549,2025-01-11,13.829999690875411,True
3005,49.5,-0.04500000178813934,2025-01-11,14.999999664723873,True
3006,49.5,-0.029999999329447746,2025-01-11,16.099999640136957,True
3007,49.5,-0.014999999664723873,2025-01-11,18.369999589398503,True
3008,49.5,0.0,2025-01-11,19.229999570176005,True
3009,49.5,0.014999999664723873,2025-01-11,19.029999574646354,True
3010,49.5,0.029999999329447746,2025-01-11,23.809999467805028,True
3011,49.5,0.04500000178813934,2025-01-11,27.279999390244484,True
3012,49.5,0.05999999865889549,2025-01-11,30.619999315589666,True
3013,49.5,0.07500000298023224,2025-01-11,,False
3014,49.5,0.09000000357627869,2025-01-11,,False
3015,49.5,0.10499999672174454,2025-01-11,,False
3016,49.5,0.11999999731779099,2025-01-11,,False
3017,49.5,0.13500000536441803,2025-01-11,,False
3018,49.5,0.15000000596046448,2025-01-11,,False
3019,49.5,0.16500000655651093,2025-01-11,,False
3020,49.5,0.18000000715255737,2025-01-11,,False
3021,49.5,0.19499999284744263,2025-01-11,,False
3022,49.5,0.20999999344348907,2025-01-11,,False
3023,49.5,0.22499999403953552,2025-01-11,,False
3024,49.5,0.23999999463558197,2025-01-11,,False
3025,49.5,0.2549999952316284,2025-01-11,,False
3026,49.5,0.27000001072883606,2025-01-11,,False
3027,49.5,0.2849999964237213,2025-01-11,,False
3028,49.5,0.30000001192092896,2025-01-11,,False
3029,49.5,0.3149999976158142,2025-01-11,,False
3030,49.5,0.33000001311302185,2025-01-11,,False
3031,49.5,0.3449999988079071,2025-01-11,,False
3032,49.5,0.36000001430511475,2025-01-11,,False
3033,49.5,0.375,2025-01-11,,False
3034,49.5,0.38999998569488525,2025-01-11,,False
3035,49.5,0.4050000011920929,2025-01-11,,False
3036,49.5,0.41999998688697815,2025-01-11,,False
3037,49.5,0.4350000023841858,2025-01-11,,False
3038,49.5,0.44999998807907104,2025-01-11,,False
3039,49.5,0.4650000035762787,2025-01-11,,False
3040,49.5,0.47999998927116394,2025-01-11,,False
3041,49.5,0.4950000047683716,2025-01-11,,False
3042,49.5099983215332,-1.2450000047683716,2025-01-11,2.9999999329447746,False
3043,49.5099983215332,-1.2300000190734863,2025-01-11,7.999999821186066,False
3044,49.5099983215332,-1.215000033378601,2025-01-11,7.699999827891588,False
3045,49.5099983215332,-1.2000000476837158,2025-01-11,4.1999999061226845,False
3046,49.5099983215332,-1.184999942779541,2025-01-11,4.1999999061226845,False
3047,49.5099983215332,-1.1699999570846558,2025-01-11,3.9299999121576548,False
3048,49.5099983215332,-1.1549999713897705,2025-01-11,3.9599999114871025,False
3049,49.5099983215332,-1.1399999856948853,2025-01-11,4.349999902769923,False
3050,49.5099983215332,-1.125,2025-01-11,4.579999897629023,False
3051,49.5099983215332,-1.1100000143051147,2025-01-11,5.649999873712659,False
3052,49.5099983215332,-1.0950000286102295,2025-01-11,5.669999873265624,False
3053,49.5099983215332,-1.0800000429153442,2025-01-11,4.639999896287918,False
3054,49.5099983215332,-1.065000057220459,2025-01-11,3.1399999298155308,False
3055,49.5099983215332,-1.0499999523162842,2025-01-11,2.389999946579337,False
3056,49.5099983215332,-1.034999966621399,2025-01-11,1.8699999582022429,False
3057,49.5099983215332,-1.0199999809265137,2025-01-11,1.5699999649077654,False
3058,49.5099983215332,-1.0049999952316284,2025-01-11,1.5599999651312828,False
3059,49.5099983215332,-0.9900000095367432,2025-01-11,1.6399999633431435,False
3060,49.5099983215332,-0.9750000238418579,2025-01-11,1.3999999687075615,False
3061,49.5099983215332,-0.9599999785423279,2025-01-11,1.4499999675899744,False
3062,49.5099983215332,-0.9449999928474426,2025-01-11,1.5199999660253525,False
3063,49.5099983215332,-0.9300000071525574,2025-01-11,1.6799999624490738,False
3064,49.5099983215332,-0.9150000214576721,2025-01-11,1.8299999590963125,False
3065,49.5099983215332,-0.8999999761581421,2025-01-11,1.7499999608844519,False
3066,49.5099983215332,-0.8849999904632568,2025-01-11,1.649999963119626,False
3067,49.5099983215332,-0.8700000047683716,2025-01-11,1.5599999651312828,False
3068,49.5099983215332,-0.8550000190734863,2025-01-11,1.5899999644607306,False
3069,49.5099983215332,-0.8399999737739563,2025-01-11,1.4999999664723873,False
3070,49.5099983215332,-0.824999988079071,2025-01-11,1.4199999682605267,False
3071,49.5099983215332,-0.8100000023841858,2025-01-11,1.389999968931079,False
3072,49.5099983215332,-0.7950000166893005,2025-01-11,1.4299999680370092,False
3073,49.5099983215332,-0.7799999713897705,2025-01-11,1.3799999691545963,False
3074,49.5099983215332,-0.7649999856948853,2025-01-11,1.289999971166253,False
3075,49.5099983215332,-0.75,2025-01-11,1.3199999704957008,False
3076,49.5099983215332,-0.7350000143051147,2025-01-11,1.2999999709427357,False
3077,49.5099983215332,-0.7200000286102295,2025-01-11,1.289999971166253,False
3078,49.5099983215332,-0.7049999833106995,2025-01-11,1.2599999718368053,False
3079,49.5099983215332,-0.6899999976158142,2025-01-11,1.3499999698251486,False
3080,49.5099983215332,-0.675000011920929,2025-01-11,1.2099999729543924,False
3081,49.5099983215332,-0.6600000262260437,2025-01-11,1.2299999725073576,False
3082,49.5099983215332,-0.6449999809265137,2025-01-11,1.1999999731779099,False
3083,49.5099983215332,-0.6299999952316284,2025-01-11,1.1599999740719795,False
3084,49.5099983215332,-0.6150000095367432,2025-01-11,1.1799999736249447,False
3085,49.5099983215332,-0.6000000238418579,2025-01-11,1.2499999720603228,False
3086,49.5099983215332,-0.5849999785423279,2025-01-11,1.0799999758601189,False
3087,49.5099983215332,-0.5699999928474426,2025-01-11,1.1299999747425318,False
3088,49.5099983215332,-0.5550000071525574,2025-01-11,1.169999973848462,False
3089,49.5099983215332,-0.5400000214576721,2025-01-11,1.1899999734014273,False
3090,49.5099983215332,-0.5249999761581421,2025-01-11,1.339999970048666,False
3091,49.5099983215332,-0.5099999904632568,2025-01-11,1.269999971613288,False
3092,49.5099983215332,-0.4950000047683716,2025-01-11,1.2799999713897705,False
3093,49.5099983215332,-0.47999998927116394,2025-01-11,1.219999972730875,False
3094,49.5099983215332,-0.4650000035762787,2025-01-11,1.099999975413084,False
3095,49.5099983215332,-0.44999998807907104,2025-01-11,1.1299999747425318,False
3096,49.5099983215332,-0.4350000023841858,2025-01-11,1.0599999763071537,False
3097,49.5099983215332,-0.41999998688697815,2025-01-11,1.1199999749660492,False
3098,49.5099983215332,-0.4050000011920929,2025-01-11,1.5899999644607306,False
3099,49.5099983215332,-0.38999998569488525,2025-01-11,2.4099999461323023,True
3100,49.5099983215332,-0.375,2025-01-11,2.7399999387562275,True
3101,49.5099983215332,-0.36000001430511475,2025-01-11,3.7399999164044857,True
3102,49.5099983215332,-0.3449999988079071,2025-01-11,4.6299998965114355,True
3103,49.5099983215332,-0.33000001311302185,2025-01-11,5.509999876841903,True
3104,49.5099983215332,-0.3149999976158142,2025-01-11,5.679999873042107,True
3105,49.5099983215332,-0.30000001192092896,2025-01-11,5.6599998734891415,True
3106,49.5099983215332,-0.2849999964237213,2025-01-11,5.599999874830246,True
3107,49.5099983215332,-0.27000001072883606,2025-01-11,5.619999874383211,True
3108,49.5099983215332,-0.2549999952316284,2025-01-11,5.7299998719245195,True
3109,49.5099983215332,-0.23999999463558197,2025-01-11,5.829999869689345,True
3110,49.5099983215332,-0.22499999403953552,2025-01-11,5.619999874383211,True
3111,49.5099983215332,-0.20999999344348907,2025-01-11,5.129999885335565,True
3112,49.5099983215332,-0.19499999284744263,2025-01-11,5.219999883323908,True
3113,49.5099983215332,-0.18000000715255737,2025-01-11,5.709999872371554,True
3114,49.5099983215332,-0.16500000655651093,2025-01-11,6.3299998585134745,True
3115,49.5099983215332,-0.15000000596046448,2025-01-11,7.219999838620424,True
3116,49.5099983215332,-0.13500000536441803,2025-01-11,8.629999807104468,True
3117,49.5099983215332,-0.11999999731779099,2025-01-11,10.239999771118164,True
3118,49.5099983215332,-0.10499999672174454,2025-01-11,11.18999974988401,True
3119,49.5099983215332,-0.09000000357627869,2025-01-11,11.49999974295497,True
3120,49.5099983215332,-0.07500000298023224,2025-01-11,11.76999973692,True
3121,49.5099983215332,-0.05999999865889549,2025-01-11,12.099999729543924,True
3122,49.5099983215332,-0.04500000178813934,2025-01-11,12.759999714791775,True
3123,49.5099983215332,-0.029999999329447746,2025-01-11,13.39999970048666,True
3124,49.5099983215332,-0.014999999664723873,2025-01-11,15.099999662488699,True
3125,49.5099983215332,0.0,2025-01-11,16.10999963991344,True
3126,49.5099983215332,0.014999999664723873,2025-01-11,18.04999959655106,True
3127,49.5099983215332,0.029999999329447746,2025-01-11,20.159999549388885,True
3128,49.5099983215332,0.04500000178813934,2025-01-11,20.309999546036124,True
3129,49.5099983215332,0.05999999865889549,2025-01-11,,True
3130,49.5099983215332,0.07500000298023224,2025-01-11,,False
3131,49.5099983215332,0.09000000357627869,2025-01-11,,False
3132,49.5099983215332,0.10499999672174454,2025-01-11,,False
3133,49.5099983215332,0.11999999731779099,2025-01-11,,False
3134,49.5099983215332,0.13500000536441803,2025-01-11,,False
3135,49.5099983215332,0.15000000596046448,2025-01-11,,False
3136,49.5099983215332,0.16500000655651093,2025-01-11,,False
3137,49.5099983215332,0.18000000715255737,2025-01-11,,False
3138,49.5099983215332,0.19499999284744263,2025-01-11,,False
3139,49.5099983215332,0.20999999344348907,2025-01-11,,False
3140,49.5099983215332,0.22499999403953552,2025-01-11,,False
3141,49.5099983215332,0.23999999463558197,2025-01-11,,False
3142,49.5099983215332,0.2549999952316284,2025-01-11,,False
3143,49.5099983215332,0.27000001072883606,2025-01-11,,False
3144,49.5099983215332,0.2849999964237213,2025-01-11,,False
3145,49.5099983215332,0.30000001192092896,2025-01-11,,False
3146,49.5099983215332,0.3149999976158142,2025-01-11,,False
3147,49.5099983215332,0.33000001311302185,2025-01-11,,False
3148,49.5099983215332,0.3449999988079071,2025-01-11,,False
3149,49.5099983215332,0.36000001430511475,2025-01-11,,False
3150,49.5099983215332,0.375,2025-01-11,,False
3151,49.5099983215332,0.38999998569488525,2025-01-11,,False
3152,49.5099983215332,0.4050000011920929,2025-01-11,,False
3153,49.5099983215332,0.41999998688697815,2025-01-11,,False
3154,49.5099983215332,0.4350000023841858,2025-01-11,,False
3155,49.5099983215332,0.44999998807907104,2025-01-11,,False
3156,49.5099983215332,0.4650000035762787,2025-01-11,,False
3157,49.5099983215332,0.47999998927116394,2025-01-11,,False
3158,49.5099983215332,0.4950000047683716,2025-01-11,,False
3159,49.52000045776367,-1.2450000047683716,2025-01-11,7.4299998339265585,False
3160,49.52000045776367,-1.2300000190734863,2025-01-11,5.329999880865216,False
3161,49.52000045776367,-1.215000033378601,2025-01-11,5.029999887570739,False
3162,49.52000045776367,-1.2000000476837158,2025-01-11,3.8699999134987593,False
3163,49.52000045776367,-1.184999942779541,2025-01-11,4.209999905899167,False
3164,49.52000045776367,-1.1699999570846558,2025-01-11,3.8099999148398638,False
3165,49.52000045776367,-1.1549999713897705,2025-01-11,3.829999914392829,False
3166,49.52000045776367,-1.1399999856948853,2025-01-11,3.9099999126046896,False
3167,49.52000045776367,-1.125,2025-01-11,4.519999898970127,False
3168,49.52000045776367,-1.1100000143051147,2025-01-11,4.759999893605709,False
3169,49.52000045776367,-1.0950000286102295,2025-01-11,4.639999896287918,False
3170,49.52000045776367,-1.0800000429153442,2025-01-11,3.8199999146163464,False
3171,49.52000045776367,-1.065000057220459,2025-01-11,2.7599999383091927,False
3172,49.52000045776367,-1.0499999523162842,2025-01-11,1.8999999575316906,False
3173,49.52000045776367,-1.034999966621399,2025-01-11,1.4999999664723873,False
3174,49.52000045776367,-1.0199999809265137,2025-01-11,1.4999999664723873,False
3175,49.52000045776367,-1.0049999952316284,2025-01-11,1.4999999664723873,False
3176,49.52000045776367,-0.9900000095367432,2025-01-11,1.6699999626725912,False
3177,49.52000045776367,-0.9750000238418579,2025-01-11,1.4199999682605267,False
3178,49.52000045776367,-0.9599999785423279,2025-01-11,1.5199999660253525,False
3179,49.52000045776367,-0.9449999928474426,2025-01-11,1.529999965801835,False
3180,49.52000045776367,-0.9300000071525574,2025-01-11,1.4799999669194221,False
3181,49.52000045776367,-0.9150000214576721,2025-01-11,1.409999968484044,False
3182,49.52000045776367,-0.8999999761581421,2025-01-11,1.5399999655783176,False
3183,49.52000045776367,-0.8849999904632568,2025-01-11,1.4799999669194221,False
3184,49.52000045776367,-0.8700000047683716,2025-01-11,1.3499999698251486,False
3185,49.52000045776367,-0.8550000190734863,2025-01-11,1.2999999709427357,False
3186,49.52000045776367,-0.8399999737739563,2025-01-11,1.3099999707192183,False
3187,49.52000045776367,-0.824999988079071,2025-01-11,1.3499999698251486,False
3188,49.52000045776367,-0.8100000023841858,2025-01-11,1.2599999718368053,False
3189,49.52000045776367,-0.7950000166893005,2025-01-11,1.4199999682605267,False
3190,49.52000045776367,-0.7799999713897705,2025-01-11,1.339999970048666,False
3191,49.52000045776367,-0.7649999856948853,2025-01-11,1.3799999691545963,False
3192,49.52000045776367,-0.75,2025-01-11,1.3299999702721834,False
3193,49.52000045776367,-0.7350000143051147,2025-01-11,1.3199999704957008,False
3194,49.52000045776367,-0.7200000286102295,2025-01-11,1.4199999682605267,False
3195,49.52000045776367,-0.7049999833106995,2025-01-11,1.2999999709427357,False
3196,49.52000045776367,-0.6899999976158142,2025-01-11,1.3799999691545963,False
3197,49.52000045776367,-0.675000011920929,2025-01-11,1.3499999698251486,False
3198,49.52000045776367,-0.6600000262260437,2025-01-11,1.3299999702721834,False
3199,49.52000045776367,-0.6449999809265137,2025-01-11,1.2499999720603228,False
3200,49.52000045776367,-0.6299999952316284,2025-01-11,1.1199999749660492,False
3201,49.52000045776367,-0.6150000095367432,2025-01-11,1.1799999736249447,False
3202,49.52000045776367,-0.6000000238418579,2025-01-11,1.0399999767541885,False
3203,49.52000045776367,-0.5849999785423279,2025-01-11,1.0599999763071537,False
3204,49.52000045776367,-0.5699999928474426,2025-01-11,1.0699999760836363,False
3205,49.52000045776367,-0.5550000071525574,2025-01-11,1.269999971613288,False
3206,49.52000045776367,-0.5400000214576721,2025-01-11,1.289999971166253,False
3207,49.52000045776367,-0.5249999761581421,2025-01-11,1.5399999655783176,False
3208,49.52000045776367,-0.5099999904632568,2025-01-11,1.409999968484044,False
3209,49.52000045776367,-0.4950000047683716,2025-01-11,1.3799999691545963,False
3210,49.52000045776367,-0.47999998927116394,2025-01-11,1.2999999709427357,False
3211,49.52000045776367,-0.4650000035762787,2025-01-11,1.0599999763071537,False
3212,49.52000045776367,-0.44999998807907104,2025-01-11,1.0899999756366014,False
3213,49.52000045776367,-0.4350000023841858,2025-01-11,1.1099999751895666,False
3214,49.52000045776367,-0.41999998688697815,2025-01-11,1.4499999675899744,False
3215,49.52000045776367,-0.4050000011920929,2025-01-11,2.4999999441206455,False
3216,49.52000045776367,-0.38999998569488525,2025-01-11,3.3099999260157347,True
3217,49.52000045776367,-0.375,2025-01-11,4.379999902099371,True
3218,49.52000045776367,-0.36000001430511475,2025-01-11,4.899999890476465,True
3219,49.52000045776367,-0.3449999988079071,2025-01-11,5.219999883323908,True
3220,49.52000045776367,-0.33000001311302185,2025-01-11,5.569999875500798,True
3221,49.52000045776367,-0.3149999976158142,2025-01-11,5.349999880418181,True
3222,49.52000045776367,-0.30000001192092896,2025-01-11,5.18999988399446,True
3223,49.52000045776367,-0.2849999964237213,2025-01-11,5.249999882653356,True
3224,49.52000045776367,-0.27000001072883606,2025-01-11,5.22999988310039,True
3225,49.52000045776367,-0.2549999952316284,2025-01-11,5.019999887794256,True
3226,49.52000045776367,-0.23999999463558197,2025-01-11,5.18999988399446,True
3227,49.52000045776367,-0.22499999403953552,2025-01-11,5.349999880418181,True
3228,49.52000045776367,-0.20999999344348907,2025-01-11,5.209999883547425,True
3229,49.52000045776367,-0.19499999284744263,2025-01-11,5.18999988399446,True
3230,49.52000045776367,-0.18000000715255737,2025-01-11,5.2999998815357685,True
3231,49.52000045776367,-0.16500000655651093,2025-01-11,5.719999872148037,True
3232,49.52000045776367,-0.15000000596046448,2025-01-11,6.3999998569488525,True
3233,49.52000045776367,-0.13500000536441803,2025-01-11,7.31999983638525,True
3234,49.52000045776367,-0.11999999731779099,2025-01-11,8.55999980866909,True
3235,49.52000045776367,-0.10499999672174454,2025-01-11,9.67999978363514,True
3236,49.52000045776367,-0.09000000357627869,2025-01-11,10.529999764636159,True
3237,49.52000045776367,-0.07500000298023224,2025-01-11,10.629999762400985,True
3238,49.52000045776367,-0.05999999865889549,2025-01-11,10.99999975413084,True
3239,49.52000045776367,-0.04500000178813934,2025-01-11,12.029999731108546,True
3240,49.52000045776367,-0.029999999329447746,2025-01-11,13.229999704286456,True
3241,49.52000045776367,-0.014999999664723873,2025-01-11,13.779999691992998,True
3242,49.52000045776367,0.0,2025-01-11,14.189999682828784,True
3243,49.52000045776367,0.014999999664723873,2025-01-11,15.809999646618962,True
3244,49.52000045776367,0.029999999329447746,2025-01-11,14.689999671652913,True
3245,49.52000045776367,0.04500000178813934,2025-01-11,15.959999643266201,True
3246,49.52000045776367,0.05999999865889549,2025-01-11,,True
3247,49.52000045776367,0.07500000298023224,2025-01-11,,False
3248,49.52000045776367,0.09000000357627869,2025-01-11,,False
3249,49.52000045776367,0.10499999672174454,2025-01-11,,False
3250,49.52000045776367,0.11999999731779099,2025-01-11,,False
3251,49.52000045776367,0.13500000536441803,2025-01-11,,False
3252,49.52000045776367,0.15000000596046448,2025-01-11,,False
3253,49.52000045776367,0.16500000655651093,2025-01-11,,False
3254,49.52000045776367,0.18000000715255737,2025-01-11,,False
3255,49.52000045776367,0.19499999284744263,2025-01-11,,False
3256,49.52000045776367,0.20999999344348907,2025-01-11,,False
3257,49.52000045776367,0.22499999403953552,2025-01-11,,False
3258,49.52000045776367,0.23999999463558197,2025-01-11,,False
3259,49.52000045776367,0.2549999952316284,2025-01-11,,False
3260,49.52000045776367,0.27000001072883606,2025-01-11,,False
3261,49.52000045776367,0.2849999964237213,2025-01-11,,False
3262,49.52000045776367,0.30000001192092896,2025-01-11,,False
3263,49.52000045776367,0.3149999976158142,2025-01-11,,False
3264,49.52000045776367,0.33000001311302185,2025-01-11,,False
3265,49.52000045776367,0.3449999988079071,2025-01-11,,False
3266,49.52000045776367,0.36000001430511475,2025-01-11,,False
3267,49.52000045776367,0.375,2025-01-11,,False
3268,49.52000045776367,0.38999998569488525,2025-01-11,,False
3269,49.52000045776367,0.4050000011920929,2025-01-11,,False
3270,49.52000045776367,0.41999998688697815,2025-01-11,,False
3271,49.52000045776367,0.4350000023841858,2025-01-11,,False
3272,49.52000045776367,0.44999998807907104,2025-01-11,,False
3273,49.52000045776367,0.4650000035762787,2025-01-11,,False
3274,49.52000045776367,0.47999998927116394,2025-01-11,,False
3275,49.52000045776367,0.4950000047683716,2025-01-11,,False
3276,49.529998779296875,-1.2450000047683716,2025-01-11,6.359999857842922,False
3277,49.529998779296875,-1.2300000190734863,2025-01-11,4.1999999061226845,False
3278,49.529998779296875,-1.215000033378601,2025-01-11,5.45999987795949,False
3279,49.529998779296875,-1.2000000476837158,2025-01-11,4.029999909922481,False
3280,49.529998779296875,-1.184999942779541,2025-01-11,4.189999906346202,False
3281,49.529998779296875,-1.1699999570846558,2025-01-11,3.5299999210983515,False
3282,49.529998779296875,-1.1549999713897705,2025-01-11,3.539999920874834,False
3283,49.529998779296875,-1.1399999856948853,2025-01-11,3.799999915063381,False
3284,49.529998779296875,-1.125,2025-01-11,4.139999907463789,False
3285,49.529998779296875,-1.1100000143051147,2025-01-11,4.469999900087714,False
3286,49.529998779296875,-1.0950000286102295,2025-01-11,4.589999897405505,False
3287,49.529998779296875,-1.0800000429153442,2025-01-11,3.5099999215453863,False
3288,49.529998779296875,-1.065000057220459,2025-01-11,2.509999943897128,False
3289,49.529998779296875,-1.0499999523162842,2025-01-11,1.579999964684248,False
3290,49.529998779296875,-1.034999966621399,2025-01-11,1.50999996624887,False
3291,49.529998779296875,-1.0199999809265137,2025-01-11,1.5199999660253525,False
3292,49.529998779296875,-1.0049999952316284,2025-01-11,1.5599999651312828,False
3293,49.529998779296875,-0.9900000095367432,2025-01-11,1.409999968484044,False
3294,49.529998779296875,-0.9750000238418579,2025-01-11,1.4499999675899744,False
3295,49.529998779296875,-0.9599999785423279,2025-01-11,1.3999999687075615,False
3296,49.529998779296875,-0.9449999928474426,2025-01-11,1.5499999653548002,False
3297,49.529998779296875,-0.9300000071525574,2025-01-11,1.5199999660253525,False
3298,49.529998779296875,-0.9150000214576721,2025-01-11,1.4399999678134918,False
3299,49.529998779296875,-0.8999999761581421,2025-01-11,1.3699999693781137,False
3300,49.529998779296875,-0.8849999904632568,2025-01-11,1.3699999693781137,False
3301,49.529998779296875,-0.8700000047683716,2025-01-11,1.2499999720603228,False
3302,49.529998779296875,-0.8550000190734863,2025-01-11,1.1299999747425318,False
3303,49.529998779296875,-0.8399999737739563,2025-01-11,1.1599999740719795,False
3304,49.529998779296875,-0.824999988079071,2025-01-11,1.3199999704957008,False
3305,49.529998779296875,-0.8100000023841858,2025-01-11,1.2399999722838402,False
3306,49.529998779296875,-0.7950000166893005,2025-01-11,1.269999971613288,False
3307,49.529998779296875,-0.7799999713897705,2025-01-11,1.389999968931079,False
3308,49.529998779296875,-0.7649999856948853,2025-01-11,1.339999970048666,False
3309,49.529998779296875,-0.75,2025-01-11,1.5499999653548002,False
3310,49.529998779296875,-0.7350000143051147,2025-01-11,1.4199999682605267,False
3311,49.529998779296875,-0.7200000286102295,2025-01-11,1.4999999664723873,False
3312,49.529998779296875,-0.7049999833106995,2025-01-11,1.4899999666959047,False
3313,49.529998779296875,-0.6899999976158142,2025-01-11,1.5499999653548002,False
3314,49.529998779296875,-0.675000011920929,2025-01-11,1.5699999649077654,False
3315,49.529998779296875,-0.6600000262260437,2025-01-11,1.5199999660253525,False
3316,49.529998779296875,-0.6449999809265137,2025-01-11,1.3799999691545963,False
3317,49.529998779296875,-0.6299999952316284,2025-01-11,1.2999999709427357,False
3318,49.529998779296875,-0.6150000095367432,2025-01-11,1.149999974295497,False
3319,49.529998779296875,-0.6000000238418579,2025-01-11,1.1799999736249447,False
3320,49.529998779296875,-0.5849999785423279,2025-01-11,1.2499999720603228,False
3321,49.529998779296875,-0.5699999928474426,2025-01-11,1.3199999704957008,False
3322,49.529998779296875,-0.5550000071525574,2025-01-11,1.3699999693781137,False
3323,49.529998779296875,-0.5400000214576721,2025-01-11,1.579999964684248,False
3324,49.529998779296875,-0.5249999761581421,2025-01-11,1.7899999599903822,False
3325,49.529998779296875,-0.5099999904632568,2025-01-11,1.7199999615550041,False
3326,49.529998779296875,-0.4950000047683716,2025-01-11,1.5999999642372131,False
3327,49.529998779296875,-0.47999998927116394,2025-01-11,1.3799999691545963,False
3328,49.529998779296875,-0.4650000035762787,2025-01-11,1.0199999772012234,False
3329,49.529998779296875,-0.44999998807907104,2025-01-11,1.0199999772012234,False
3330,49.529998779296875,-0.4350000023841858,2025-01-11,1.2499999720603228,False
3331,49.529998779296875,-0.41999998688697815,2025-01-11,1.959999956190586,False
3332,49.529998779296875,-0.4050000011920929,2025-01-11,3.05999993160367,False
3333,49.529998779296875,-0.38999998569488525,2025-01-11,4.149999907240272,True
3334,49.529998779296875,-0.375,2025-01-11,4.859999891370535,True
3335,49.529998779296875,-0.36000001430511475,2025-01-11,5.069999886676669,True
3336,49.529998779296875,-0.3449999988079071,2025-01-11,5.169999884441495,True
3337,49.529998779296875,-0.33000001311302185,2025-01-11,5.259999882429838,True
3338,49.529998779296875,-0.3149999976158142,2025-01-11,5.18999988399446,True
3339,49.529998779296875,-0.30000001192092896,2025-01-11,5.119999885559082,True
3340,49.529998779296875,-0.2849999964237213,2025-01-11,5.049999887123704,True
3341,49.529998779296875,-0.27000001072883606,2025-01-11,5.0599998869001865,True
3342,49.529998779296875,-0.2549999952316284,2025-01-11,5.169999884441495,True
3343,49.529998779296875,-0.23999999463558197,2025-01-11,5.019999887794256,True
3344,49.529998779296875,-0.22499999403953552,2025-01-11,5.159999884665012,True
3345,49.529998779296875,-0.20999999344348907,2025-01-11,4.909999890252948,True
3346,49.529998779296875,-0.19499999284744263,2025-01-11,5.009999888017774,True
3347,49.529998779296875,-0.18000000715255737,2025-01-11,5.029999887570739,True
3348,49.529998779296875,-0.16500000655651093,2025-01-11,5.199999883770943,True
3349,49.529998779296875,-0.15000000596046448,2025-01-11,5.639999873936176,True
3350,49.529998779296875,-0.13500000536441803,2025-01-11,6.369999857619405,True
3351,49.529998779296875,-0.11999999731779099,2025-01-11,7.139999840408564,True
3352,49.529998779296875,-0.10499999672174454,2025-01-11,8.079999819397926,True
3353,49.529998779296875,-0.09000000357627869,2025-01-11,9.649999784305692,True
3354,49.529998779296875,-0.07500000298023224,2025-01-11,9.929999778047204,True
3355,49.529998779296875,-0.05999999865889549,2025-01-11,9.929999778047204,True
3356,49.529998779296875,-0.04500000178813934,2025-01-11,10.849999757483602,True
3357,49.529998779296875,-0.029999999329447746,2025-01-11,12.089999729767442,True
3358,49.529998779296875,-0.014999999664723873,2025-01-11,12.669999716803432,True
3359,49.529998779296875,0.0,2025-01-11,12.649999717250466,True
3360,49.529998779296875,0.014999999664723873,2025-01-11,13.389999700710177,True
3361,49.529998779296875,0.029999999329447746,2025-01-11,13.379999700933695,True
3362,49.529998779296875,0.04500000178813934,2025-01-11,13.499999698251486,True
3363,49.529998779296875,0.05999999865889549,2025-01-11,12.809999713674188,True
3364,49.529998779296875,0.07500000298023224,2025-01-11,,False
3365,49.529998779296875,0.09000000357627869,2025-01-11,,False
3366,49.529998779296875,0.10499999672174454,2025-01-11,,False
3367,49.529998779296875,0.11999999731779099,2025-01-11,,False
3368,49.529998779296875,0.13500000536441803,2025-01-11,,False
3369,49.529998779296875,0.15000000596046448,2025-01-11,,False
3370,49.529998779296875,0.16500000655651093,2025-01-11,,False
3371,49.529998779296875,0.18000000715255737,2025-01-11,,False
3372,49.529998779296875,0.19499999284744263,2025-01-11,,False
3373,49.529998779296875,0.20999999344348907,2025-01-11,,False
3374,49.529998779296875,0.22499999403953552,2025-01-11,,False
3375,49.529998779296875,0.23999999463558197,2025-01-11,,False
3376,49.529998779296875,0.2549999952316284,2025-01-11,,False
3377,49.529998779296875,0.27000001072883606,2025-01-11,,False
3378,49.529998779296875,0.2849999964237213,2025-01-11,,False
3379,49.529998779296875,0.30000001192092896,2025-01-11,,False
3380,49.529998779296875,0.3149999976158142,2025-01-11,,False
3381,49.529998779296875,0.33000001311302185,2025-01-11,,False
3382,49.529998779296875,0.3449999988079071,2025-01-11,,False
3383,49.529998779296875,0.36000001430511475,2025-01-11,,False
3384,49.529998779296875,0.375,2025-01-11,,False
3385,49.529998779296875,0.38999998569488525,2025-01-11,,False
3386,49.529998779296875,0.4050000011920929,2025-01-11,,False
3387,49.529998779296875,0.41999998688697815,2025-01-11,,False
3388,49.529998779296875,0.4350000023841858,2025-01-11,,False
3389,49.529998779296875,0.44999998807907104,2025-01-11,,False
3390,49.529998779296875,0.4650000035762787,2025-01-11,,False
3391,49.529998779296875,0.47999998927116394,2025-01-11,,False
3392,49.529998779296875,0.4950000047683716,2025-01-11,,False
3393,49.540000915527344,-1.2450000047683716,2025-01-11,4.849999891594052,False
3394,49.540000915527344,-1.2300000190734863,2025-01-11,3.899999912828207,False
3395,49.540000915527344,-1.215000033378601,2025-01-11,5.45999987795949,False
3396,49.540000915527344,-1.2000000476837158,2025-01-11,4.089999908581376,False
3397,49.540000915527344,-1.184999942779541,2025-01-11,3.9599999114871025,False
3398,49.540000915527344,-1.1699999570846558,2025-01-11,3.8199999146163464,False
3399,49.540000915527344,-1.1549999713897705,2025-01-11,3.689999917522073,False
3400,49.540000915527344,-1.1399999856948853,2025-01-11,3.7699999157339334,False
3401,49.540000915527344,-1.125,2025-01-11,4.059999909251928,False
3402,49.540000915527344,-1.1100000143051147,2025-01-11,4.4399999007582664,False
3403,49.540000915527344,-1.0950000286102295,2025-01-11,4.449999900534749,False
3404,49.540000915527344,-1.0800000429153442,2025-01-11,3.1899999286979437,False
3405,49.540000915527344,-1.065000057220459,2025-01-11,2.12999995239079,False
3406,49.540000915527344,-1.0499999523162842,2025-01-11,1.6199999637901783,False
3407,49.540000915527344,-1.034999966621399,2025-01-11,1.4899999666959047,False
3408,49.540000915527344,-1.0199999809265137,2025-01-11,1.4999999664723873,False
3409,49.540000915527344,-1.0049999952316284,2025-01-11,1.4999999664723873,False
3410,49.540000915527344,-0.9900000095367432,2025-01-11,1.459999967366457,False
3411,49.540000915527344,-0.9750000238418579,2025-01-11,1.50999996624887,False
3412,49.540000915527344,-0.9599999785423279,2025-01-11,1.3799999691545963,False
3413,49.540000915527344,-0.9449999928474426,2025-01-11,1.4699999671429396,False
3414,49.540000915527344,-0.9300000071525574,2025-01-11,1.4299999680370092,False
3415,49.540000915527344,-0.9150000214576721,2025-01-11,1.3699999693781137,False
3416,49.540000915527344,-0.8999999761581421,2025-01-11,1.389999968931079,False
3417,49.540000915527344,-0.8849999904632568,2025-01-11,1.3599999696016312,False
3418,49.540000915527344,-0.8700000047683716,2025-01-11,1.2599999718368053,False
3419,49.540000915527344,-0.8550000190734863,2025-01-11,1.2099999729543924,False
3420,49.540000915527344,-0.8399999737739563,2025-01-11,1.1999999731779099,False
3421,49.540000915527344,-0.824999988079071,2025-01-11,1.2099999729543924,False
3422,49.540000915527344,-0.8100000023841858,2025-01-11,1.3599999696016312,False
3423,49.540000915527344,-0.7950000166893005,2025-01-11,1.2999999709427357,False
3424,49.540000915527344,-0.7799999713897705,2025-01-11,1.4399999678134918,False
3425,49.540000915527344,-0.7649999856948853,2025-01-11,1.4799999669194221,False
3426,49.540000915527344,-0.75,2025-01-11,1.5199999660253525,False
3427,49.540000915527344,-0.7350000143051147,2025-01-11,1.5699999649077654,False
3428,49.540000915527344,-0.7200000286102295,2025-01-11,1.50999996624887,False
3429,49.540000915527344,-0.7049999833106995,2025-01-11,1.579999964684248,False
3430,49.540000915527344,-0.6899999976158142,2025-01-11,1.6199999637901783,False
3431,49.540000915527344,-0.675000011920929,2025-01-11,1.6699999626725912,False
3432,49.540000915527344,-0.6600000262260437,2025-01-11,1.6799999624490738,False
3433,49.540000915527344,-0.6449999809265137,2025-01-11,1.6299999635666609,False
3434,49.540000915527344,-0.6299999952316284,2025-01-11,1.5199999660253525,False
3435,49.540000915527344,-0.6150000095367432,2025-01-11,1.4699999671429396,False
3436,49.540000915527344,-0.6000000238418579,2025-01-11,1.50999996624887,False
3437,49.540000915527344,-0.5849999785423279,2025-01-11,1.3999999687075615,False
3438,49.540000915527344,-0.5699999928474426,2025-01-11,1.3999999687075615,False
3439,49.540000915527344,-0.5550000071525574,2025-01-11,1.5699999649077654,False
3440,49.540000915527344,-0.5400000214576721,2025-01-11,1.8099999595433474,False
3441,49.540000915527344,-0.5249999761581421,2025-01-11,2.0399999544024467,False
3442,49.540000915527344,-0.5099999904632568,2025-01-11,1.8799999579787254,False
3443,49.540000915527344,-0.4950000047683716,2025-01-11,1.6799999624490738,False
3444,49.540000915527344,-0.47999998927116394,2025-01-11,1.5199999660253525,False
3445,49.540000915527344,-0.4650000035762787,2025-01-11,1.2799999713897705,False
3446,49.540000915527344,-0.44999998807907104,2025-01-11,1.1999999731779099,False
3447,49.540000915527344,-0.4350000023841858,2025-01-11,1.4999999664723873,False
3448,49.540000915527344,-0.41999998688697815,2025-01-11,2.299999948590994,False
3449,49.540000915527344,-0.4050000011920929,2025-01-11,3.6999999172985554,False
3450,49.540000915527344,-0.38999998569488525,2025-01-11,4.459999900311232,True
3451,49.540000915527344,-0.375,2025-01-11,4.769999893382192,True
3452,49.540000915527344,-0.36000001430511475,2025-01-11,4.949999889358878,True
3453,49.540000915527344,-0.3449999988079071,2025-01-11,5.119999885559082,True
3454,49.540000915527344,-0.33000001311302185,2025-01-11,5.159999884665012,True
3455,49.540000915527344,-0.3149999976158142,2025-01-11,5.089999886229634,True
3456,49.540000915527344,-0.30000001192092896,2025-01-11,5.119999885559082,True
3457,49.540000915527344,-0.2849999964237213,2025-01-11,5.079999886453152,True
3458,49.540000915527344,-0.27000001072883606,2025-01-11,5.069999886676669,True
3459,49.540000915527344,-0.2549999952316284,2025-01-11,5.1099998857825994,True
3460,49.540000915527344,-0.23999999463558197,2025-01-11,4.829999892041087,True
3461,49.540000915527344,-0.22499999403953552,2025-01-11,5.069999886676669,True
3462,49.540000915527344,-0.20999999344348907,2025-01-11,5.129999885335565,True
3463,49.540000915527344,-0.19499999284744263,2025-01-11,4.829999892041087,True
3464,49.540000915527344,-0.18000000715255737,2025-01-11,4.969999888911843,True
3465,49.540000915527344,-0.16500000655651093,2025-01-11,4.909999890252948,True
3466,49.540000915527344,-0.15000000596046448,2025-01-11,4.849999891594052,True
3467,49.540000915527344,-0.13500000536441803,2025-01-11,5.119999885559082,True
3468,49.540000915527344,-0.11999999731779099,2025-01-11,5.979999866336584,True
3469,49.540000915527344,-0.10499999672174454,2025-01-11,7.149999840185046,True
3470,49.540000915527344,-0.09000000357627869,2025-01-11,8.299999814480543,True
3471,49.540000915527344,-0.07500000298023224,2025-01-11,8.679999805986881,True
3472,49.540000915527344,-0.05999999865889549,2025-01-11,9.579999785870314,True
3473,49.540000915527344,-0.04500000178813934,2025-01-11,10.45999976620078,True
3474,49.540000915527344,-0.029999999329447746,2025-01-11,11.489999743178487,True
3475,49.540000915527344,-0.014999999664723873,2025-01-11,12.129999728873372,True
3476,49.540000915527344,0.0,2025-01-11,12.529999719932675,True
3477,49.540000915527344,0.014999999664723873,2025-01-11,12.949999710544944,True
3478,49.540000915527344,0.029999999329447746,2025-01-11,13.189999705180526,True
3479,49.540000915527344,0.04500000178813934,2025-01-11,12.369999723508954,True
3480,49.540000915527344,0.05999999865889549,2025-01-11,12.749999715015292,True
3481,49.540000915527344,0.07500000298023224,2025-01-11,,False
3482,49.540000915527344,0.09000000357627869,2025-01-11,,False
3483,49.540000915527344,0.10499999672174454,2025-01-11,,False
3484,49.540000915527344,0.11999999731779099,2025-01-11,,False
3485,49.540000915527344,0.13500000536441803,2025-01-11,,False
3486,49.540000915527344,0.15000000596046448,2025-01-11,,False
3487,49.540000915527344,0.16500000655651093,2025-01-11,,False
3488,49.540000915527344,0.18000000715255737,2025-01-11,,False
3489,49.540000915527344,0.19499999284744263,2025-01-11,,False
3490,49.540000915527344,0.20999999344348907,2025-01-11,,False
3491,49.540000915527344,0.22499999403953552,2025-01-11,,False
3492,49.540000915527344,0.23999999463558197,2025-01-11,,False
3493,49.540000915527344,0.2549999952316284,2025-01-11,,False
3494,49.540000915527344,0.27000001072883606,2025-01-11,,False
3495,49.540000915527344,0.2849999964237213,2025-01-11,,False
3496,49.540000915527344,0.30000001192092896,2025-01-11,,False
3497,49.540000915527344,0.3149999976158142,2025-01-11,,False
3498,49.540000915527344,0.33000001311302185,2025-01-11,,False
3499,49.540000915527344,0.3449999988079071,2025-01-11,,False
3500,49.540000915527344,0.36000001430511475,2025-01-11,,False
3501,49.540000915527344,0.375,2025-01-11,,False
3502,49.540000915527344,0.38999998569488525,2025-01-11,,False
3503,49.540000915527344,0.4050000011920929,2025-01-11,,False
3504,49.540000915527344,0.41999998688697815,2025-01-11,,False
3505,49.540000915527344,0.4350000023841858,2025-01-11,,False
3506,49.540000915527344,0.44999998807907104,2025-01-11,,False
3507,49.540000915527344,0.4650000035762787,2025-01-11,,False
3508,49.540000915527344,0.47999998927116394,2025-01-11,,False
3509,49.540000915527344,0.4950000047683716,2025-01-11,,False
3510,49.54999923706055,-1.2450000047683716,2025-01-11,5.129999885335565,False
3511,49.54999923706055,-1.2300000190734863,2025-01-11,4.709999894723296,False
3512,49.54999923706055,-1.215000033378601,2025-01-11,4.8799998909235,False
3513,49.54999923706055,-1.2000000476837158,2025-01-11,4.239999905228615,False
3514,49.54999923706055,-1.184999942779541,2025-01-11,4.069999909028411,False
3515,49.54999923706055,-1.1699999570846558,2025-01-11,3.999999910593033,False
3516,49.54999923706055,-1.1549999713897705,2025-01-11,3.779999915510416,False
3517,49.54999923706055,-1.1399999856948853,2025-01-11,3.829999914392829,False
3518,49.54999923706055,-1.125,2025-01-11,3.969999911263585,False
3519,49.54999923706055,-1.1100000143051147,2025-01-11,3.9299999121576548,False
3520,49.54999923706055,-1.0950000286102295,2025-01-11,4.189999906346202,False
3521,49.54999923706055,-1.0800000429153442,2025-01-11,2.849999936297536,False
3522,49.54999923706055,-1.065000057220459,2025-01-11,1.9899999555200338,False
3523,49.54999923706055,-1.0499999523162842,2025-01-11,1.7499999608844519,False
3524,49.54999923706055,-1.034999966621399,2025-01-11,1.50999996624887,False
3525,49.54999923706055,-1.0199999809265137,2025-01-11,1.4999999664723873,False
3526,49.54999923706055,-1.0049999952316284,2025-01-11,1.4799999669194221,False
3527,49.54999923706055,-0.9900000095367432,2025-01-11,1.5999999642372131,False
3528,49.54999923706055,-0.9750000238418579,2025-01-11,1.6099999640136957,False
3529,49.54999923706055,-0.9599999785423279,2025-01-11,1.459999967366457,False
3530,49.54999923706055,-0.9449999928474426,2025-01-11,1.3699999693781137,False
3531,49.54999923706055,-0.9300000071525574,2025-01-11,1.4399999678134918,False
3532,49.54999923706055,-0.9150000214576721,2025-01-11,1.4199999682605267,False
3533,49.54999923706055,-0.8999999761581421,2025-01-11,1.3999999687075615,False
3534,49.54999923706055,-0.8849999904632568,2025-01-11,1.339999970048666,False
3535,49.54999923706055,-0.8700000047683716,2025-01-11,1.3099999707192183,False
3536,49.54999923706055,-0.8550000190734863,2025-01-11,1.3199999704957008,False
3537,49.54999923706055,-0.8399999737739563,2025-01-11,1.2099999729543924,False
3538,49.54999923706055,-0.824999988079071,2025-01-11,1.2099999729543924,False
3539,49.54999923706055,-0.8100000023841858,2025-01-11,1.2999999709427357,False
3540,49.54999923706055,-0.7950000166893005,2025-01-11,1.389999968931079,False
3541,49.54999923706055,-0.7799999713897705,2025-01-11,1.4199999682605267,False
3542,49.54999923706055,-0.7649999856948853,2025-01-11,1.4899999666959047,False
3543,49.54999923706055,-0.75,2025-01-11,1.6299999635666609,False
3544,49.54999923706055,-0.7350000143051147,2025-01-11,1.4999999664723873,False
3545,49.54999923706055,-0.7200000286102295,2025-01-11,1.579999964684248,False
3546,49.54999923706055,-0.7049999833106995,2025-01-11,1.5999999642372131,False
3547,49.54999923706055,-0.6899999976158142,2025-01-11,1.7899999599903822,False
3548,49.54999923706055,-0.675000011920929,2025-01-11,1.8499999586492777,False
3549,49.54999923706055,-0.6600000262260437,2025-01-11,1.889999957755208,False
3550,49.54999923706055,-0.6449999809265137,2025-01-11,1.8799999579787254,False
3551,49.54999923706055,-0.6299999952316284,2025-01-11,1.7899999599903822,False
3552,49.54999923706055,-0.6150000095367432,2025-01-11,1.6899999622255564,False
3553,49.54999923706055,-0.6000000238418579,2025-01-11,1.6899999622255564,False
3554,49.54999923706055,-0.5849999785423279,2025-01-11,1.5999999642372131,False
3555,49.54999923706055,-0.5699999928474426,2025-01-11,1.7199999615550041,False
3556,49.54999923706055,-0.5550000071525574,2025-01-11,1.8299999590963125,False
3557,49.54999923706055,-0.5400000214576721,2025-01-11,1.9499999564141035,False
3558,49.54999923706055,-0.5249999761581421,2025-01-11,2.079999953508377,False
3559,49.54999923706055,-0.5099999904632568,2025-01-11,1.939999956637621,False
3560,49.54999923706055,-0.4950000047683716,2025-01-11,1.699999962002039,False
3561,49.54999923706055,-0.47999998927116394,2025-01-11,1.529999965801835,False
3562,49.54999923706055,-0.4650000035762787,2025-01-11,1.459999967366457,False
3563,49.54999923706055,-0.44999998807907104,2025-01-11,1.5199999660253525,False
3564,49.54999923706055,-0.4350000023841858,2025-01-11,2.079999953508377,False
3565,49.54999923706055,-0.41999998688697815,2025-01-11,2.7899999376386404,False
3566,49.54999923706055,-0.4050000011920929,2025-01-11,3.7399999164044857,False
3567,49.54999923706055,-0.38999998569488525,2025-01-11,4.579999897629023,True
3568,49.54999923706055,-0.375,2025-01-11,4.789999892935157,True
3569,49.54999923706055,-0.36000001430511475,2025-01-11,4.979999888688326,True
3570,49.54999923706055,-0.3449999988079071,2025-01-11,5.039999887347221,True
3571,49.54999923706055,-0.33000001311302185,2025-01-11,5.009999888017774,True
3572,49.54999923706055,-0.3149999976158142,2025-01-11,4.959999889135361,True
3573,49.54999923706055,-0.30000001192092896,2025-01-11,5.159999884665012,True
3574,49.54999923706055,-0.2849999964237213,2025-01-11,5.119999885559082,True
3575,49.54999923706055,-0.27000001072883606,2025-01-11,5.079999886453152,True
3576,49.54999923706055,-0.2549999952316284,2025-01-11,4.969999888911843,True
3577,49.54999923706055,-0.23999999463558197,2025-01-11,5.259999882429838,True
3578,49.54999923706055,-0.22499999403953552,2025-01-11,4.759999893605709,True
3579,49.54999923706055,-0.20999999344348907,2025-01-11,4.83999989181757,True
3580,49.54999923706055,-0.19499999284744263,2025-01-11,4.789999892935157,True
3581,49.54999923706055,-0.18000000715255737,2025-01-11,4.9399998895823956,True
3582,49.54999923706055,-0.16500000655651093,2025-01-11,4.949999889358878,True
3583,49.54999923706055,-0.15000000596046448,2025-01-11,4.969999888911843,True
3584,49.54999923706055,-0.13500000536441803,2025-01-11,5.029999887570739,True
3585,49.54999923706055,-0.11999999731779099,2025-01-11,5.14999988488853,True
3586,49.54999923706055,-0.10499999672174454,2025-01-11,5.909999867901206,True
3587,49.54999923706055,-0.09000000357627869,2025-01-11,6.919999845325947,True
3588,49.54999923706055,-0.07500000298023224,2025-01-11,7.699999827891588,True
3589,49.54999923706055,-0.05999999865889549,2025-01-11,8.539999809116125,True
3590,49.54999923706055,-0.04500000178813934,2025-01-11,9.48999978788197,True
3591,49.54999923706055,-0.029999999329447746,2025-01-11,9.44999978877604,True
3592,49.54999923706055,-0.014999999664723873,2025-01-11,10.819999758154154,True
3593,49.54999923706055,0.0,2025-01-11,11.65999973937869,True
3594,49.54999923706055,0.014999999664723873,2025-01-11,12.839999713003635,True
3595,49.54999923706055,0.029999999329447746,2025-01-11,10.909999756142497,True
3596,49.54999923706055,0.04500000178813934,2025-01-11,12.039999730885029,True
3597,49.54999923706055,0.05999999865889549,2025-01-11,12.669999716803432,True
3598,49.54999923706055,0.07500000298023224,2025-01-11,13.539999697357416,True
3599,49.54999923706055,0.09000000357627869,2025-01-11,,False
3600,49.54999923706055,0.10499999672174454,2025-01-11,,False
3601,49.54999923706055,0.11999999731779099,2025-01-11,,False
3602,49.54999923706055,0.13500000536441803,2025-01-11,,False
3603,49.54999923706055,0.15000000596046448,2025-01-11,,False
3604,49.54999923706055,0.16500000655651093,2025-01-11,,False
3605,49.54999923706055,0.18000000715255737,2025-01-11,,False
3606,49.54999923706055,0.19499999284744263,2025-01-11,,False
3607,49.54999923706055,0.20999999344348907,2025-01-11,,False
3608,49.54999923706055,0.22499999403953552,2025-01-11,,False
3609,49.54999923706055,0.23999999463558197,2025-01-11,,False
3610,49.54999923706055,0.2549999952316284,2025-01-11,,False
3611,49.54999923706055,0.27000001072883606,2025-01-11,,False
3612,49.54999923706055,0.2849999964237213,2025-01-11,,False
3613,49.54999923706055,0.30000001192092896,2025-01-11,,False
3614,49.54999923706055,0.3149999976158142,2025-01-11,,False
3615,49.54999923706055,0.33000001311302185,2025-01-11,,False
3616,49.54999923706055,0.3449999988079071,2025-01-11,,False
3617,49.54999923706055,0.36000001430511475,2025-01-11,,False
3618,49.54999923706055,0.375,2025-01-11,,False
3619,49.54999923706055,0.38999998569488525,2025-01-11,,False
3620,49.54999923706055,0.4050000011920929,2025-01-11,,False
3621,49.54999923706055,0.41999998688697815,2025-01-11,,False
3622,49.54999923706055,0.4350000023841858,2025-01-11,,False
3623,49.54999923706055,0.44999998807907104,2025-01-11,,False
3624,49.54999923706055,0.4650000035762787,2025-01-11,,False
3625,49.54999923706055,0.47999998927116394,2025-01-11,,False
3626,49.54999923706055,0.4950000047683716,2025-01-11,,False
3627,49.560001373291016,-1.2450000047683716,2025-01-11,6.459999855607748,False
3628,49.560001373291016,-1.2300000190734863,2025-01-11,5.719999872148037,False
3629,49.560001373291016,-1.215000033378601,2025-01-11,5.6099998746067286,False
3630,49.560001373291016,-1.2000000476837158,2025-01-11,4.499999899417162,False
3631,49.560001373291016,-1.184999942779541,2025-01-11,3.299999926239252,False
3632,49.560001373291016,-1.1699999570846558,2025-01-11,4.159999907016754,False
3633,49.560001373291016,-1.1549999713897705,2025-01-11,3.8599999137222767,False
3634,49.560001373291016,-1.1399999856948853,2025-01-11,3.8599999137222767,False
3635,49.560001373291016,-1.125,2025-01-11,3.969999911263585,False
3636,49.560001373291016,-1.1100000143051147,2025-01-11,4.1999999061226845,False
3637,49.560001373291016,-1.0950000286102295,2025-01-11,3.8599999137222767,False
3638,49.560001373291016,-1.0800000429153442,2025-01-11,2.729999938979745,False
3639,49.560001373291016,-1.065000057220459,2025-01-11,1.7199999615550041,False
3640,49.560001373291016,-1.0499999523162842,2025-01-11,1.8299999590963125,False
3641,49.560001373291016,-1.034999966621399,2025-01-11,1.4499999675899744,False
3642,49.560001373291016,-1.0199999809265137,2025-01-11,1.4399999678134918,False
3643,49.560001373291016,-1.0049999952316284,2025-01-11,1.4899999666959047,False
3644,49.560001373291016,-0.9900000095367432,2025-01-11,1.529999965801835,False
3645,49.560001373291016,-0.9750000238418579,2025-01-11,1.5999999642372131,False
3646,49.560001373291016,-0.9599999785423279,2025-01-11,1.4899999666959047,False
3647,49.560001373291016,-0.9449999928474426,2025-01-11,1.4299999680370092,False
3648,49.560001373291016,-0.9300000071525574,2025-01-11,1.4399999678134918,False
3649,49.560001373291016,-0.9150000214576721,2025-01-11,1.2999999709427357,False
3650,49.560001373291016,-0.8999999761581421,2025-01-11,1.3499999698251486,False
3651,49.560001373291016,-0.8849999904632568,2025-01-11,1.2799999713897705,False
3652,49.560001373291016,-0.8700000047683716,2025-01-11,1.3199999704957008,False
3653,49.560001373291016,-0.8550000190734863,2025-01-11,1.2599999718368053,False
3654,49.560001373291016,-0.8399999737739563,2025-01-11,1.2999999709427357,False
3655,49.560001373291016,-0.824999988079071,2025-01-11,1.4199999682605267,False
3656,49.560001373291016,-0.8100000023841858,2025-01-11,1.7299999613314867,False
3657,49.560001373291016,-0.7950000166893005,2025-01-11,1.6899999622255564,False
3658,49.560001373291016,-0.7799999713897705,2025-01-11,1.939999956637621,False
3659,49.560001373291016,-0.7649999856948853,2025-01-11,1.6899999622255564,False
3660,49.560001373291016,-0.75,2025-01-11,1.81999995931983,False
3661,49.560001373291016,-0.7350000143051147,2025-01-11,1.6599999628961086,False
3662,49.560001373291016,-0.7200000286102295,2025-01-11,1.6699999626725912,False
3663,49.560001373291016,-0.7049999833106995,2025-01-11,1.8599999584257603,False
3664,49.560001373291016,-0.6899999976158142,2025-01-11,1.8699999582022429,False
3665,49.560001373291016,-0.675000011920929,2025-01-11,1.9099999573081732,False
3666,49.560001373291016,-0.6600000262260437,2025-01-11,1.939999956637621,False
3667,49.560001373291016,-0.6449999809265137,2025-01-11,1.8799999579787254,False
3668,49.560001373291016,-0.6299999952316284,2025-01-11,1.839999958872795,False
3669,49.560001373291016,-0.6150000095367432,2025-01-11,1.8299999590963125,False
3670,49.560001373291016,-0.6000000238418579,2025-01-11,1.9299999568611383,False
3671,49.560001373291016,-0.5849999785423279,2025-01-11,1.889999957755208,False
3672,49.560001373291016,-0.5699999928474426,2025-01-11,1.9999999552965164,False
3673,49.560001373291016,-0.5550000071525574,2025-01-11,2.109999952837825,False
3674,49.560001373291016,-0.5400000214576721,2025-01-11,2.0899999532848597,False
3675,49.560001373291016,-0.5249999761581421,2025-01-11,2.0499999541789293,False
3676,49.560001373291016,-0.5099999904632568,2025-01-11,1.9299999568611383,False
3677,49.560001373291016,-0.4950000047683716,2025-01-11,1.81999995931983,False
3678,49.560001373291016,-0.47999998927116394,2025-01-11,1.6799999624490738,False
3679,49.560001373291016,-0.4650000035762787,2025-01-11,1.769999960437417,False
3680,49.560001373291016,-0.44999998807907104,2025-01-11,2.3299999479204416,False
3681,49.560001373291016,-0.4350000023841858,2025-01-11,2.6699999403208494,False
3682,49.560001373291016,-0.41999998688697815,2025-01-11,3.2399999275803566,False
3683,49.560001373291016,-0.4050000011920929,2025-01-11,3.969999911263585,False
3684,49.560001373291016,-0.38999998569488525,2025-01-11,4.559999898076057,True
3685,49.560001373291016,-0.375,2025-01-11,4.779999893158674,True
3686,49.560001373291016,-0.36000001430511475,2025-01-11,4.829999892041087,True
3687,49.560001373291016,-0.3449999988079071,2025-01-11,4.759999893605709,True
3688,49.560001373291016,-0.33000001311302185,2025-01-11,4.8699998911470175,True
3689,49.560001373291016,-0.3149999976158142,2025-01-11,4.91999989002943,True
3690,49.560001373291016,-0.30000001192092896,2025-01-11,4.999999888241291,True
3691,49.560001373291016,-0.2849999964237213,2025-01-11,4.899999890476465,True
3692,49.560001373291016,-0.27000001072883606,2025-01-11,5.279999881982803,True
3693,49.560001373291016,-0.2549999952316284,2025-01-11,4.929999889805913,True
3694,49.560001373291016,-0.23999999463558197,2025-01-11,4.849999891594052,True
3695,49.560001373291016,-0.22499999403953552,2025-01-11,4.959999889135361,True
3696,49.560001373291016,-0.20999999344348907,2025-01-11,4.9399998895823956,True
3697,49.560001373291016,-0.19499999284744263,2025-01-11,4.789999892935157,True
3698,49.560001373291016,-0.18000000715255737,2025-01-11,4.739999894052744,True
3699,49.560001373291016,-0.16500000655651093,2025-01-11,4.779999893158674,True
3700,49.560001373291016,-0.15000000596046448,2025-01-11,4.959999889135361,True
3701,49.560001373291016,-0.13500000536441803,2025-01-11,4.799999892711639,True
3702,49.560001373291016,-0.11999999731779099,2025-01-11,4.849999891594052,True
3703,49.560001373291016,-0.10499999672174454,2025-01-11,5.349999880418181,True
3704,49.560001373291016,-0.09000000357627869,2025-01-11,5.929999867454171,True
3705,49.560001373291016,-0.07500000298023224,2025-01-11,6.309999858960509,True
3706,49.560001373291016,-0.05999999865889549,2025-01-11,7.059999842196703,True
3707,49.560001373291016,-0.04500000178813934,2025-01-11,8.039999820291996,True
3708,49.560001373291016,-0.029999999329447746,2025-01-11,8.859999801963568,True
3709,49.560001373291016,-0.014999999664723873,2025-01-11,9.21999979391694,True
3710,49.560001373291016,0.0,2025-01-11,10.119999773800373,True
3711,49.560001373291016,0.014999999664723873,2025-01-11,11.079999752342701,True
3712,49.560001373291016,0.029999999329447746,2025-01-11,11.979999732226133,True
3713,49.560001373291016,0.04500000178813934,2025-01-11,11.989999732002616,True
3714,49.560001373291016,0.05999999865889549,2025-01-11,12.669999716803432,True
3715,49.560001373291016,0.07500000298023224,2025-01-11,12.039999730885029,True
3716,49.560001373291016,0.09000000357627869,2025-01-11,,False
3717,49.560001373291016,0.10499999672174454,2025-01-11,,False
3718,49.560001373291016,0.11999999731779099,2025-01-11,,False
3719,49.560001373291016,0.13500000536441803,2025-01-11,,False
3720,49.560001373291016,0.15000000596046448,2025-01-11,,False
3721,49.560001373291016,0.16500000655651093,2025-01-11,,False
3722,49.560001373291016,0.18000000715255737,2025-01-11,,False
3723,49.560001373291016,0.19499999284744263,2025-01-11,,False
3724,49.560001373291016,0.20999999344348907,2025-01-11,,False
3725,49.560001373291016,0.22499999403953552,2025-01-11,,False
3726,49.560001373291016,0.23999999463558197,2025-01-11,,False
3727,49.560001373291016,0.2549999952316284,2025-01-11,,False
3728,49.560001373291016,0.27000001072883606,2025-01-11,,False
3729,49.560001373291016,0.2849999964237213,2025-01-11,,False
3730,49.560001373291016,0.30000001192092896,2025-01-11,,False
3731,49.560001373291016,0.3149999976158142,2025-01-11,,False
3732,49.560001373291016,0.33000001311302185,2025-01-11,,False
3733,49.560001373291016,0.3449999988079071,2025-01-11,,False
3734,49.560001373291016,0.36000001430511475,2025-01-11,,False
3735,49.560001373291016,0.375,2025-01-11,,False
3736,49.560001373291016,0.38999998569488525,2025-01-11,,False
3737,49.560001373291016,0.4050000011920929,2025-01-11,,False
3738,49.560001373291016,0.41999998688697815,2025-01-11,,False
3739,49.560001373291016,0.4350000023841858,2025-01-11,,False
3740,49.560001373291016,0.44999998807907104,2025-01-11,,False
3741,49.560001373291016,0.4650000035762787,2025-01-11,,False
3742,49.560001373291016,0.47999998927116394,2025-01-11,,False
3743,49.560001373291016,0.4950000047683716,2025-01-11,,False
3744,49.56999969482422,-1.2450000047683716,2025-01-11,7.6699998285621405,False
3745,49.56999969482422,-1.2300000190734863,2025-01-11,5.939999867230654,False
3746,49.56999969482422,-1.215000033378601,2025-01-11,5.479999877512455,False
3747,49.56999969482422,-1.2000000476837158,2025-01-11,4.639999896287918,False
3748,49.56999969482422,-1.184999942779541,2025-01-11,4.639999896287918,False
3749,49.56999969482422,-1.1699999570846558,2025-01-11,4.3199999034404755,False
3750,49.56999969482422,-1.1549999713897705,2025-01-11,3.879999913275242,False
3751,49.56999969482422,-1.1399999856948853,2025-01-11,3.9599999114871025,False
3752,49.56999969482422,-1.125,2025-01-11,3.9099999126046896,False
3753,49.56999969482422,-1.1100000143051147,2025-01-11,4.209999905899167,False
3754,49.56999969482422,-1.0950000286102295,2025-01-11,4.159999907016754,False
3755,49.56999969482422,-1.0800000429153442,2025-01-11,2.6899999398738146,False
3756,49.56999969482422,-1.065000057220459,2025-01-11,1.7199999615550041,False
3757,49.56999969482422,-1.0499999523162842,2025-01-11,1.5199999660253525,False
3758,49.56999969482422,-1.034999966621399,2025-01-11,1.6299999635666609,False
3759,49.56999969482422,-1.0199999809265137,2025-01-11,1.50999996624887,False
3760,49.56999969482422,-1.0049999952316284,2025-01-11,1.6099999640136957,False
3761,49.56999969482422,-0.9900000095367432,2025-01-11,1.6399999633431435,False
3762,49.56999969482422,-0.9750000238418579,2025-01-11,1.529999965801835,False
3763,49.56999969482422,-0.9599999785423279,2025-01-11,1.5599999651312828,False
3764,49.56999969482422,-0.9449999928474426,2025-01-11,1.5599999651312828,False
3765,49.56999969482422,-0.9300000071525574,2025-01-11,1.459999967366457,False
3766,49.56999969482422,-0.9150000214576721,2025-01-11,1.3099999707192183,False
3767,49.56999969482422,-0.8999999761581421,2025-01-11,1.269999971613288,False
3768,49.56999969482422,-0.8849999904632568,2025-01-11,1.2799999713897705,False
3769,49.56999969482422,-0.8700000047683716,2025-01-11,1.8799999579787254,False
3770,49.56999969482422,-0.8550000190734863,2025-01-11,2.149999951943755,False
3771,49.56999969482422,-0.8399999737739563,2025-01-11,2.1199999526143074,False
3772,49.56999969482422,-0.824999988079071,2025-01-11,2.339999947696924,False
3773,49.56999969482422,-0.8100000023841858,2025-01-11,2.3799999468028545,False
3774,49.56999969482422,-0.7950000166893005,2025-01-11,2.4099999461323023,False
3775,49.56999969482422,-0.7799999713897705,2025-01-11,2.2199999503791332,False
3776,49.56999969482422,-0.7649999856948853,2025-01-11,2.199999950826168,False
3777,49.56999969482422,-0.75,2025-01-11,2.109999952837825,False
3778,49.56999969482422,-0.7350000143051147,2025-01-11,1.8999999575316906,False
3779,49.56999969482422,-0.7200000286102295,2025-01-11,1.7799999602138996,False
3780,49.56999969482422,-0.7049999833106995,2025-01-11,1.8299999590963125,False
3781,49.56999969482422,-0.6899999976158142,2025-01-11,1.8999999575316906,False
3782,49.56999969482422,-0.675000011920929,2025-01-11,1.9499999564141035,False
3783,49.56999969482422,-0.6600000262260437,2025-01-11,1.9299999568611383,False
3784,49.56999969482422,-0.6449999809265137,2025-01-11,1.959999956190586,False
3785,49.56999969482422,-0.6299999952316284,2025-01-11,2.0999999530613422,False
3786,49.56999969482422,-0.6150000095367432,2025-01-11,2.179999951273203,False
3787,49.56999969482422,-0.6000000238418579,2025-01-11,2.2899999488145113,False
3788,49.56999969482422,-0.5849999785423279,2025-01-11,2.269999949261546,False
3789,49.56999969482422,-0.5699999928474426,2025-01-11,2.3299999479204416,False
3790,49.56999969482422,-0.5550000071525574,2025-01-11,2.339999947696924,False
3791,49.56999969482422,-0.5400000214576721,2025-01-11,2.0999999530613422,False
3792,49.56999969482422,-0.5249999761581421,2025-01-11,1.9499999564141035,False
3793,49.56999969482422,-0.5099999904632568,2025-01-11,1.7899999599903822,False
3794,49.56999969482422,-0.4950000047683716,2025-01-11,1.8999999575316906,False
3795,49.56999969482422,-0.47999998927116394,2025-01-11,1.9499999564141035,False
3796,49.56999969482422,-0.4650000035762787,2025-01-11,2.369999947026372,False
3797,49.56999969482422,-0.44999998807907104,2025-01-11,2.9299999345093966,False
3798,49.56999969482422,-0.4350000023841858,2025-01-11,3.1899999286979437,False
3799,49.56999969482422,-0.41999998688697815,2025-01-11,3.8699999134987593,False
3800,49.56999969482422,-0.4050000011920929,2025-01-11,4.329999903216958,False
3801,49.56999969482422,-0.38999998569488525,2025-01-11,4.419999901205301,True
3802,49.56999969482422,-0.375,2025-01-11,4.739999894052744,True
3803,49.56999969482422,-0.36000001430511475,2025-01-11,4.899999890476465,True
3804,49.56999969482422,-0.3449999988079071,2025-01-11,4.769999893382192,True
3805,49.56999969482422,-0.33000001311302185,2025-01-11,4.849999891594052,True
3806,49.56999969482422,-0.3149999976158142,2025-01-11,4.969999888911843,True
3807,49.56999969482422,-0.30000001192092896,2025-01-11,4.929999889805913,True
3808,49.56999969482422,-0.2849999964237213,2025-01-11,4.929999889805913,True
3809,49.56999969482422,-0.27000001072883606,2025-01-11,4.809999892488122,True
3810,49.56999969482422,-0.2549999952316284,2025-01-11,4.83999989181757,True
3811,49.56999969482422,-0.23999999463558197,2025-01-11,4.889999890699983,True
3812,49.56999969482422,-0.22499999403953552,2025-01-11,4.889999890699983,True
3813,49.56999969482422,-0.20999999344348907,2025-01-11,4.789999892935157,True
3814,49.56999969482422,-0.19499999284744263,2025-01-11,4.759999893605709,True
3815,49.56999969482422,-0.18000000715255737,2025-01-11,4.739999894052744,True
3816,49.56999969482422,-0.16500000655651093,2025-01-11,4.689999895170331,True
3817,49.56999969482422,-0.15000000596046448,2025-01-11,4.789999892935157,True
3818,49.56999969482422,-0.13500000536441803,2025-01-11,4.779999893158674,True
3819,49.56999969482422,-0.11999999731779099,2025-01-11,4.829999892041087,True
3820,49.56999969482422,-0.10499999672174454,2025-01-11,4.979999888688326,True
3821,49.56999969482422,-0.09000000357627869,2025-01-11,5.509999876841903,True
3822,49.56999969482422,-0.07500000298023224,2025-01-11,5.6599998734891415,True
3823,49.56999969482422,-0.05999999865889549,2025-01-11,5.939999867230654,True
3824,49.56999969482422,-0.04500000178813934,2025-01-11,6.649999851360917,True
3825,49.56999969482422,-0.029999999329447746,2025-01-11,7.58999983035028,True
3826,49.56999969482422,-0.014999999664723873,2025-01-11,8.459999810904264,True
3827,49.56999969482422,0.0,2025-01-11,9.40999978967011,True
3828,49.56999969482422,0.014999999664723873,2025-01-11,10.469999765977263,True
3829,49.56999969482422,0.029999999329447746,2025-01-11,11.949999732896686,True
3830,49.56999969482422,0.04500000178813934,2025-01-11,12.009999731555581,True
3831,49.56999969482422,0.05999999865889549,2025-01-11,11.669999739155173,True
3832,49.56999969482422,0.07500000298023224,2025-01-11,11.879999734461308,True
3833,49.56999969482422,0.09000000357627869,2025-01-11,11.279999747872353,True
3834,49.56999969482422,0.10499999672174454,2025-01-11,,False
3835,49.56999969482422,0.11999999731779099,2025-01-11,,False
3836,49.56999969482422,0.13500000536441803,2025-01-11,,False
3837,49.56999969482422,0.15000000596046448,2025-01-11,,False
3838,49.56999969482422,0.16500000655651093,2025-01-11,,False
3839,49.56999969482422,0.18000000715255737,2025-01-11,,False
3840,49.56999969482422,0.19499999284744263,2025-01-11,,False
3841,49.56999969482422,0.20999999344348907,2025-01-11,,False
3842,49.56999969482422,0.22499999403953552,2025-01-11,,False
3843,49.56999969482422,0.23999999463558197,2025-01-11,,False
3844,49.56999969482422,0.2549999952316284,2025-01-11,,False
3845,49.56999969482422,0.27000001072883606,2025-01-11,,False
3846,49.56999969482422,0.2849999964237213,2025-01-11,,False
3847,49.56999969482422,0.30000001192092896,2025-01-11,,False
3848,49.56999969482422,0.3149999976158142,2025-01-11,,False
3849,49.56999969482422,0.33000001311302185,2025-01-11,,False
3850,49.56999969482422,0.3449999988079071,2025-01-11,,False
3851,49.56999969482422,0.36000001430511475,2025-01-11,,False
3852,49.56999969482422,0.375,2025-01-11,,False
3853,49.56999969482422,0.38999998569488525,2025-01-11,,False
3854,49.56999969482422,0.4050000011920929,2025-01-11,,False
3855,49.56999969482422,0.41999998688697815,2025-01-11,,False
3856,49.56999969482422,0.4350000023841858,2025-01-11,,False
3857,49.56999969482422,0.44999998807907104,2025-01-11,,False
3858,49.56999969482422,0.4650000035762787,2025-01-11,,False
3859,49.56999969482422,0.47999998927116394,2025-01-11,,False
3860,49.56999969482422,0.4950000047683716,2025-01-11,,False
3861,49.58000183105469,-1.2450000047683716,2025-01-11,6.809999847784638,False
3862,49.58000183105469,-1.2300000190734863,2025-01-11,5.369999879971147,False
3863,49.58000183105469,-1.215000033378601,2025-01-11,4.949999889358878,False
3864,49.58000183105469,-1.2000000476837158,2025-01-11,5.0599998869001865,False
3865,49.58000183105469,-1.184999942779541,2025-01-11,4.829999892041087,False
3866,49.58000183105469,-1.1699999570846558,2025-01-11,4.6299998965114355,False
3867,49.58000183105469,-1.1549999713897705,2025-01-11,3.63999991863966,False
3868,49.58000183105469,-1.1399999856948853,2025-01-11,3.589999919757247,False
3869,49.58000183105469,-1.125,2025-01-11,4.009999910369515,False
3870,49.58000183105469,-1.1100000143051147,2025-01-11,4.099999908357859,False
3871,49.58000183105469,-1.0950000286102295,2025-01-11,3.899999912828207,False
3872,49.58000183105469,-1.0800000429153442,2025-01-11,2.919999934732914,False
3873,49.58000183105469,-1.065000057220459,2025-01-11,2.2799999490380287,False
3874,49.58000183105469,-1.0499999523162842,2025-01-11,1.8099999595433474,False
3875,49.58000183105469,-1.034999966621399,2025-01-11,1.6599999628961086,False
3876,49.58000183105469,-1.0199999809265137,2025-01-11,1.769999960437417,False
3877,49.58000183105469,-1.0049999952316284,2025-01-11,1.5999999642372131,False
3878,49.58000183105469,-0.9900000095367432,2025-01-11,1.7199999615550041,False
3879,49.58000183105469,-0.9750000238418579,2025-01-11,1.7199999615550041,False
3880,49.58000183105469,-0.9599999785423279,2025-01-11,1.769999960437417,False
3881,49.58000183105469,-0.9449999928474426,2025-01-11,1.6799999624490738,False
3882,49.58000183105469,-0.9300000071525574,2025-01-11,1.4899999666959047,False
3883,49.58000183105469,-0.9150000214576721,2025-01-11,1.4299999680370092,False
3884,49.58000183105469,-0.8999999761581421,2025-01-11,1.7599999606609344,False
3885,49.58000183105469,-0.8849999904632568,2025-01-11,1.9499999564141035,False
3886,49.58000183105469,-0.8700000047683716,2025-01-11,2.339999947696924,False
3887,49.58000183105469,-0.8550000190734863,2025-01-11,2.5899999421089888,False
3888,49.58000183105469,-0.8399999737739563,2025-01-11,3.009999932721257,False
3889,49.58000183105469,-0.824999988079071,2025-01-11,2.989999933168292,False
3890,49.58000183105469,-0.8100000023841858,2025-01-11,2.989999933168292,False
3891,49.58000183105469,-0.7950000166893005,2025-01-11,2.9599999338388443,False
3892,49.58000183105469,-0.7799999713897705,2025-01-11,2.8799999356269836,False
3893,49.58000183105469,-0.7649999856948853,2025-01-11,2.539999943226576,False
3894,49.58000183105469,-0.75,2025-01-11,2.2099999506026506,False
3895,49.58000183105469,-0.7350000143051147,2025-01-11,1.9999999552965164,False
3896,49.58000183105469,-0.7200000286102295,2025-01-11,1.8299999590963125,False
3897,49.58000183105469,-0.7049999833106995,2025-01-11,1.8999999575316906,False
3898,49.58000183105469,-0.6899999976158142,2025-01-11,1.9199999570846558,False
3899,49.58000183105469,-0.675000011920929,2025-01-11,1.959999956190586,False
3900,49.58000183105469,-0.6600000262260437,2025-01-11,2.079999953508377,False
3901,49.58000183105469,-0.6449999809265137,2025-01-11,2.3599999472498894,False
3902,49.58000183105469,-0.6299999952316284,2025-01-11,2.419999945908785,False
3903,49.58000183105469,-0.6150000095367432,2025-01-11,2.4699999447911978,False
3904,49.58000183105469,-0.6000000238418579,2025-01-11,2.6499999407678843,False
3905,49.58000183105469,-0.5849999785423279,2025-01-11,2.679999940097332,False
3906,49.58000183105469,-0.5699999928474426,2025-01-11,2.579999942332506,False
3907,49.58000183105469,-0.5550000071525574,2025-01-11,2.3599999472498894,False
3908,49.58000183105469,-0.5400000214576721,2025-01-11,2.1699999514967203,False
3909,49.58000183105469,-0.5249999761581421,2025-01-11,1.959999956190586,False
3910,49.58000183105469,-0.5099999904632568,2025-01-11,1.8699999582022429,False
3911,49.58000183105469,-0.4950000047683716,2025-01-11,1.9999999552965164,False
3912,49.58000183105469,-0.47999998927116394,2025-01-11,2.12999995239079,False
3913,49.58000183105469,-0.4650000035762787,2025-01-11,2.579999942332506,False
3914,49.58000183105469,-0.44999998807907104,2025-01-11,3.229999927803874,False
3915,49.58000183105469,-0.4350000023841858,2025-01-11,3.779999915510416,False
3916,49.58000183105469,-0.41999998688697815,2025-01-11,3.9299999121576548,False
3917,49.58000183105469,-0.4050000011920929,2025-01-11,4.2699999045580626,False
3918,49.58000183105469,-0.38999998569488525,2025-01-11,4.379999902099371,False
3919,49.58000183105469,-0.375,2025-01-11,4.52999989874661,False
3920,49.58000183105469,-0.36000001430511475,2025-01-11,4.579999897629023,False
3921,49.58000183105469,-0.3449999988079071,2025-01-11,4.619999896734953,True
3922,49.58000183105469,-0.33000001311302185,2025-01-11,4.819999892264605,True
3923,49.58000183105469,-0.3149999976158142,2025-01-11,4.859999891370535,True
3924,49.58000183105469,-0.30000001192092896,2025-01-11,4.899999890476465,True
3925,49.58000183105469,-0.2849999964237213,2025-01-11,4.849999891594052,True
3926,49.58000183105469,-0.27000001072883606,2025-01-11,4.889999890699983,True
3927,49.58000183105469,-0.2549999952316284,2025-01-11,4.83999989181757,True
3928,49.58000183105469,-0.23999999463558197,2025-01-11,4.729999894276261,True
3929,49.58000183105469,-0.22499999403953552,2025-01-11,4.769999893382192,True
3930,49.58000183105469,-0.20999999344348907,2025-01-11,4.769999893382192,False
3931,49.58000183105469,-0.19499999284744263,2025-01-11,4.779999893158674,False
3932,49.58000183105469,-0.18000000715255737,2025-01-11,4.779999893158674,True
3933,49.58000183105469,-0.16500000655651093,2025-01-11,4.639999896287918,True
3934,49.58000183105469,-0.15000000596046448,2025-01-11,4.649999896064401,True
3935,49.58000183105469,-0.13500000536441803,2025-01-11,4.60999989695847,True
3936,49.58000183105469,-0.11999999731779099,2025-01-11,4.559999898076057,True
3937,49.58000183105469,-0.10499999672174454,2025-01-11,4.8699998911470175,True
3938,49.58000183105469,-0.09000000357627869,2025-01-11,4.929999889805913,True
3939,49.58000183105469,-0.07500000298023224,2025-01-11,5.159999884665012,True
3940,49.58000183105469,-0.05999999865889549,2025-01-11,5.599999874830246,True
3941,49.58000183105469,-0.04500000178813934,2025-01-11,6.009999865666032,True
3942,49.58000183105469,-0.029999999329447746,2025-01-11,6.849999846890569,True
3943,49.58000183105469,-0.014999999664723873,2025-01-11,7.849999824538827,True
3944,49.58000183105469,0.0,2025-01-11,8.969999799504876,True
3945,49.58000183105469,0.014999999664723873,2025-01-11,9.509999787434936,True
3946,49.58000183105469,0.029999999329447746,2025-01-11,10.789999758824706,True
3947,49.58000183105469,0.04500000178813934,2025-01-11,11.429999744519591,True
3948,49.58000183105469,0.05999999865889549,2025-01-11,11.18999974988401,True
3949,49.58000183105469,0.07500000298023224,2025-01-11,11.149999750778079,True
3950,49.58000183105469,0.09000000357627869,2025-01-11,10.769999759271741,True
3951,49.58000183105469,0.10499999672174454,2025-01-11,,False
3952,49.58000183105469,0.11999999731779099,2025-01-11,,False
3953,49.58000183105469,0.13500000536441803,2025-01-11,,False
3954,49.58000183105469,0.15000000596046448,2025-01-11,,False
3955,49.58000183105469,0.16500000655651093,2025-01-11,,False
3956,49.58000183105469,0.18000000715255737,2025-01-11,,False
3957,49.58000183105469,0.19499999284744263,2025-01-11,,False
3958,49.58000183105469,0.20999999344348907,2025-01-11,,False
3959,49.58000183105469,0.22499999403953552,2025-01-11,,False
3960,49.58000183105469,0.23999999463558197,2025-01-11,,False
3961,49.58000183105469,0.2549999952316284,2025-01-11,,False
3962,49.58000183105469,0.27000001072883606,2025-01-11,,False
3963,49.58000183105469,0.2849999964237213,2025-01-11,,False
3964,49.58000183105469,0.30000001192092896,2025-01-11,,False
3965,49.58000183105469,0.3149999976158142,2025-01-11,,False
3966,49.58000183105469,0.33000001311302185,2025-01-11,,False
3967,49.58000183105469,0.3449999988079071,2025-01-11,,False
3968,49.58000183105469,0.36000001430511475,2025-01-11,,False
3969,49.58000183105469,0.375,2025-01-11,,False
3970,49.58000183105469,0.38999998569488525,2025-01-11,,False
3971,49.58000183105469,0.4050000011920929,2025-01-11,,False
3972,49.58000183105469,0.41999998688697815,2025-01-11,,False
3973,49.58000183105469,0.4350000023841858,2025-01-11,,False
3974,49.58000183105469,0.44999998807907104,2025-01-11,,False
3975,49.58000183105469,0.4650000035762787,2025-01-11,,False
3976,49.58000183105469,0.47999998927116394,2025-01-11,,False
3977,49.58000183105469,0.4950000047683716,2025-01-11,,False
3978,49.59000015258789,-1.2450000047683716,2025-01-11,,False
3979,49.59000015258789,-1.2300000190734863,2025-01-11,,False
3980,49.59000015258789,-1.215000033378601,2025-01-11,5.289999881759286,False
3981,49.59000015258789,-1.2000000476837158,2025-01-11,5.629999874159694,False
3982,49.59000015258789,-1.184999942779541,2025-01-11,5.14999988488853,False
3983,49.59000015258789,-1.1699999570846558,2025-01-11,5.049999887123704,False
3984,49.59000015258789,-1.1549999713897705,2025-01-11,4.499999899417162,False
3985,49.59000015258789,-1.1399999856948853,2025-01-11,3.709999917075038,False
3986,49.59000015258789,-1.125,2025-01-11,4.019999910145998,False
3987,49.59000015258789,-1.1100000143051147,2025-01-11,3.849999913945794,False
3988,49.59000015258789,-1.0950000286102295,2025-01-11,3.449999922886491,False
3989,49.59000015258789,-1.0800000429153442,2025-01-11,2.939999934285879,False
3990,49.59000015258789,-1.065000057220459,2025-01-11,2.6899999398738146,False
3991,49.59000015258789,-1.0499999523162842,2025-01-11,2.0699999537318945,False
3992,49.59000015258789,-1.034999966621399,2025-01-11,1.769999960437417,False
3993,49.59000015258789,-1.0199999809265137,2025-01-11,1.839999958872795,False
3994,49.59000015258789,-1.0049999952316284,2025-01-11,1.9199999570846558,False
3995,49.59000015258789,-0.9900000095367432,2025-01-11,1.9899999555200338,False
3996,49.59000015258789,-0.9750000238418579,2025-01-11,2.2199999503791332,False
3997,49.59000015258789,-0.9599999785423279,2025-01-11,1.9899999555200338,False
3998,49.59000015258789,-0.9449999928474426,2025-01-11,2.0399999544024467,False
3999,49.59000015258789,-0.9300000071525574,2025-01-11,2.0199999548494816,False
4000,49.59000015258789,-0.9150000214576721,2025-01-11,2.1199999526143074,False
4001,49.59000015258789,-0.8999999761581421,2025-01-11,2.1899999510496855,False
4002,49.59000015258789,-0.8849999904632568,2025-01-11,2.4699999447911978,False
4003,49.59000015258789,-0.8700000047683716,2025-01-11,3.4599999226629734,False
4004,49.59000015258789,-0.8550000190734863,2025-01-11,3.3899999242275953,False
4005,49.59000015258789,-0.8399999737739563,2025-01-11,3.5599999204277992,False
4006,49.59000015258789,-0.824999988079071,2025-01-11,3.5299999210983515,False
4007,49.59000015258789,-0.8100000023841858,2025-01-11,3.519999921321869,False
4008,49.59000015258789,-0.7950000166893005,2025-01-11,3.36999992467463,False
4009,49.59000015258789,-0.7799999713897705,2025-01-11,3.2599999271333218,False
4010,49.59000015258789,-0.7649999856948853,2025-01-11,2.74999993853271,False
4011,49.59000015258789,-0.75,2025-01-11,2.269999949261546,False
4012,49.59000015258789,-0.7350000143051147,2025-01-11,1.9999999552965164,False
4013,49.59000015258789,-0.7200000286102295,2025-01-11,1.9899999555200338,False
4014,49.59000015258789,-0.7049999833106995,2025-01-11,1.9999999552965164,False
4015,49.59000015258789,-0.6899999976158142,2025-01-11,2.0899999532848597,False
4016,49.59000015258789,-0.675000011920929,2025-01-11,2.269999949261546,False
4017,49.59000015258789,-0.6600000262260437,2025-01-11,2.3599999472498894,False
4018,49.59000015258789,-0.6449999809265137,2025-01-11,2.4799999445676804,False
4019,49.59000015258789,-0.6299999952316284,2025-01-11,2.779999937862158,False
4020,49.59000015258789,-0.6150000095367432,2025-01-11,2.8099999371916056,False
4021,49.59000015258789,-0.6000000238418579,2025-01-11,2.899999935179949,False
4022,49.59000015258789,-0.5849999785423279,2025-01-11,2.9099999349564314,False
4023,49.59000015258789,-0.5699999928474426,2025-01-11,2.729999938979745,False
4024,49.59000015258789,-0.5550000071525574,2025-01-11,2.3599999472498894,False
4025,49.59000015258789,-0.5400000214576721,2025-01-11,2.229999950155616,False
4026,49.59000015258789,-0.5249999761581421,2025-01-11,2.029999954625964,False
4027,49.59000015258789,-0.5099999904632568,2025-01-11,2.0399999544024467,False
4028,49.59000015258789,-0.4950000047683716,2025-01-11,2.149999951943755,False
4029,49.59000015258789,-0.47999998927116394,2025-01-11,2.2799999490380287,False
4030,49.59000015258789,-0.4650000035762787,2025-01-11,2.7699999380856752,False
4031,49.59000015258789,-0.44999998807907104,2025-01-11,3.299999926239252,False
4032,49.59000015258789,-0.4350000023841858,2025-01-11,3.899999912828207,False
4033,49.59000015258789,-0.41999998688697815,2025-01-11,4.009999910369515,False
4034,49.59000015258789,-0.4050000011920929,2025-01-11,4.109999908134341,False
4035,49.59000015258789,-0.38999998569488525,2025-01-11,4.189999906346202,False
4036,49.59000015258789,-0.375,2025-01-11,4.3899999018758535,False
4037,49.59000015258789,-0.36000001430511475,2025-01-11,4.349999902769923,False
4038,49.59000015258789,-0.3449999988079071,2025-01-11,4.60999989695847,True
4039,49.59000015258789,-0.33000001311302185,2025-01-11,4.689999895170331,True
4040,49.59000015258789,-0.3149999976158142,2025-01-11,4.829999892041087,True
4041,49.59000015258789,-0.30000001192092896,2025-01-11,4.809999892488122,True
4042,49.59000015258789,-0.2849999964237213,2025-01-11,4.809999892488122,True
4043,49.59000015258789,-0.27000001072883606,2025-01-11,4.829999892041087,True
4044,49.59000015258789,-0.2549999952316284,2025-01-11,4.8799998909235,True
4045,49.59000015258789,-0.23999999463558197,2025-01-11,4.759999893605709,False
4046,49.59000015258789,-0.22499999403953552,2025-01-11,5.049999887123704,False
4047,49.59000015258789,-0.20999999344348907,2025-01-11,4.789999892935157,False
4048,49.59000015258789,-0.19499999284744263,2025-01-11,4.719999894499779,False
4049,49.59000015258789,-0.18000000715255737,2025-01-11,4.669999895617366,False
4050,49.59000015258789,-0.16500000655651093,2025-01-11,4.639999896287918,False
4051,49.59000015258789,-0.15000000596046448,2025-01-11,4.649999896064401,False
4052,49.59000015258789,-0.13500000536441803,2025-01-11,4.419999901205301,True
4053,49.59000015258789,-0.11999999731779099,2025-01-11,4.56999989785254,True
4054,49.59000015258789,-0.10499999672174454,2025-01-11,4.859999891370535,True
4055,49.59000015258789,-0.09000000357627869,2025-01-11,4.7499998938292265,True
4056,49.59000015258789,-0.07500000298023224,2025-01-11,4.739999894052744,True
4057,49.59000015258789,-0.05999999865889549,2025-01-11,5.22999988310039,True
4058,49.59000015258789,-0.04500000178813934,2025-01-11,5.919999867677689,True
4059,49.59000015258789,-0.029999999329447746,2025-01-11,6.169999862089753,True
4060,49.59000015258789,-0.014999999664723873,2025-01-11,7.089999841526151,True
4061,49.59000015258789,0.0,2025-01-11,7.849999824538827,True
4062,49.59000015258789,0.014999999664723873,2025-01-11,8.699999805539846,True
4063,49.59000015258789,0.029999999329447746,2025-01-11,10.10999977402389,True
4064,49.59000015258789,0.04500000178813934,2025-01-11,10.219999771565199,True
4065,49.59000015258789,0.05999999865889549,2025-01-11,10.33999976888299,True
4066,49.59000015258789,0.07500000298023224,2025-01-11,11.089999752119184,True
4067,49.59000015258789,0.09000000357627869,2025-01-11,10.819999758154154,True
4068,49.59000015258789,0.10499999672174454,2025-01-11,,True
4069,49.59000015258789,0.11999999731779099,2025-01-11,,False
4070,49.59000015258789,0.13500000536441803,2025-01-11,,False
4071,49.59000015258789,0.15000000596046448,2025-01-11,,False
4072,49.59000015258789,0.16500000655651093,2025-01-11,,False
4073,49.59000015258789,0.18000000715255737,2025-01-11,,False
4074,49.59000015258789,0.19499999284744263,2025-01-11,,False
4075,49.59000015258789,0.20999999344348907,2025-01-11,,False
4076,49.59000015258789,0.22499999403953552,2025-01-11,,False
4077,49.59000015258789,0.23999999463558197,2025-01-11,,False
4078,49.59000015258789,0.2549999952316284,2025-01-11,,False
4079,49.59000015258789,0.27000001072883606,2025-01-11,,False
4080,49.59000015258789,0.2849999964237213,2025-01-11,,False
4081,49.59000015258789,0.30000001192092896,2025-01-11,,False
4082,49.59000015258789,0.3149999976158142,2025-01-11,,False
4083,49.59000015258789,0.33000001311302185,2025-01-11,,False
4084,49.59000015258789,0.3449999988079071,2025-01-11,,False
4085,49.59000015258789,0.36000001430511475,2025-01-11,,False
4086,49.59000015258789,0.375,2025-01-11,,False
4087,49.59000015258789,0.38999998569488525,2025-01-11,,False
4088,49.59000015258789,0.4050000011920929,2025-01-11,,False
4089,49.59000015258789,0.41999998688697815,2025-01-11,,False
4090,49.59000015258789,0.4350000023841858,2025-01-11,,False
4091,49.59000015258789,0.44999998807907104,2025-01-11,,False
4092,49.59000015258789,0.4650000035762787,2025-01-11,,False
4093,49.59000015258789,0.47999998927116394,2025-01-11,,False
4094,49.59000015258789,0.4950000047683716,2025-01-11,,False
4095,49.599998474121094,-1.2450000047683716,2025-01-11,,False
4096,49.599998474121094,-1.2300000190734863,2025-01-11,3.8199999146163464,False
4097,49.599998474121094,-1.215000033378601,2025-01-11,7.299999836832285,False
4098,49.599998474121094,-1.2000000476837158,2025-01-11,5.359999880194664,False
4099,49.599998474121094,-1.184999942779541,2025-01-11,5.45999987795949,False
4100,49.599998474121094,-1.1699999570846558,2025-01-11,4.719999894499779,False
4101,49.599998474121094,-1.1549999713897705,2025-01-11,4.429999900981784,False
4102,49.599998474121094,-1.1399999856948853,2025-01-11,4.309999903663993,False
4103,49.599998474121094,-1.125,2025-01-11,3.6199999190866947,False
4104,49.599998474121094,-1.1100000143051147,2025-01-11,3.6199999190866947,False
4105,49.599998474121094,-1.0950000286102295,2025-01-11,3.449999922886491,False
4106,49.599998474121094,-1.0800000429153442,2025-01-11,2.939999934285879,False
4107,49.599998474121094,-1.065000057220459,2025-01-11,2.349999947473407,False
4108,49.599998474121094,-1.0499999523162842,2025-01-11,1.8799999579787254,False
4109,49.599998474121094,-1.034999966621399,2025-01-11,1.959999956190586,False
4110,49.599998474121094,-1.0199999809265137,2025-01-11,2.079999953508377,False
4111,49.599998474121094,-1.0049999952316284,2025-01-11,2.12999995239079,False
4112,49.599998474121094,-0.9900000095367432,2025-01-11,2.319999948143959,False
4113,49.599998474121094,-0.9750000238418579,2025-01-11,2.419999945908785,False
4114,49.599998474121094,-0.9599999785423279,2025-01-11,2.389999946579337,False
4115,49.599998474121094,-0.9449999928474426,2025-01-11,2.339999947696924,False
4116,49.599998474121094,-0.9300000071525574,2025-01-11,2.489999944344163,False
4117,49.599998474121094,-0.9150000214576721,2025-01-11,2.729999938979745,False
4118,49.599998474121094,-0.8999999761581421,2025-01-11,2.899999935179949,False
4119,49.599998474121094,-0.8849999904632568,2025-01-11,3.0799999311566353,False
4120,49.599998474121094,-0.8700000047683716,2025-01-11,3.4999999217689037,False
4121,49.599998474121094,-0.8550000190734863,2025-01-11,3.4399999231100082,False
4122,49.599998474121094,-0.8399999737739563,2025-01-11,3.609999919310212,False
4123,49.599998474121094,-0.824999988079071,2025-01-11,3.5099999215453863,False
4124,49.599998474121094,-0.8100000023841858,2025-01-11,3.489999921992421,False
4125,49.599998474121094,-0.7950000166893005,2025-01-11,3.449999922886491,False
4126,49.599998474121094,-0.7799999713897705,2025-01-11,3.1899999286979437,False
4127,49.599998474121094,-0.7649999856948853,2025-01-11,2.729999938979745,False
4128,49.599998474121094,-0.75,2025-01-11,2.5199999436736107,False
4129,49.599998474121094,-0.7350000143051147,2025-01-11,2.249999949708581,False
4130,49.599998474121094,-0.7200000286102295,2025-01-11,2.059999953955412,False
4131,49.599998474121094,-0.7049999833106995,2025-01-11,2.2199999503791332,False
4132,49.599998474121094,-0.6899999976158142,2025-01-11,2.4499999452382326,False
4133,49.599998474121094,-0.675000011920929,2025-01-11,2.4799999445676804,False
4134,49.599998474121094,-0.6600000262260437,2025-01-11,2.6499999407678843,False
4135,49.599998474121094,-0.6449999809265137,2025-01-11,2.8899999354034662,False
4136,49.599998474121094,-0.6299999952316284,2025-01-11,3.0299999322742224,False
4137,49.599998474121094,-0.6150000095367432,2025-01-11,3.0299999322742224,False
4138,49.599998474121094,-0.6000000238418579,2025-01-11,3.0999999307096004,False
4139,49.599998474121094,-0.5849999785423279,2025-01-11,2.9499999340623617,False
4140,49.599998474121094,-0.5699999928474426,2025-01-11,2.6399999409914017,False
4141,49.599998474121094,-0.5550000071525574,2025-01-11,2.489999944344163,False
4142,49.599998474121094,-0.5400000214576721,2025-01-11,2.1599999517202377,False
4143,49.599998474121094,-0.5249999761581421,2025-01-11,2.079999953508377,False
4144,49.599998474121094,-0.5099999904632568,2025-01-11,2.149999951943755,False
4145,49.599998474121094,-0.4950000047683716,2025-01-11,2.2799999490380287,False
4146,49.599998474121094,-0.47999998927116394,2025-01-11,2.4099999461323023,False
4147,49.599998474121094,-0.4650000035762787,2025-01-11,2.939999934285879,False
4148,49.599998474121094,-0.44999998807907104,2025-01-11,3.3799999244511127,False
4149,49.599998474121094,-0.4350000023841858,2025-01-11,3.729999916628003,False
4150,49.599998474121094,-0.41999998688697815,2025-01-11,3.849999913945794,False
4151,49.599998474121094,-0.4050000011920929,2025-01-11,3.879999913275242,False
4152,49.599998474121094,-0.38999998569488525,2025-01-11,4.099999908357859,False
4153,49.599998474121094,-0.375,2025-01-11,4.049999909475446,False
4154,49.599998474121094,-0.36000001430511475,2025-01-11,4.21999990567565,False
4155,49.599998474121094,-0.3449999988079071,2025-01-11,4.469999900087714,False
4156,49.599998474121094,-0.33000001311302185,2025-01-11,4.679999895393848,False
4157,49.599998474121094,-0.3149999976158142,2025-01-11,4.739999894052744,False
4158,49.599998474121094,-0.30000001192092896,2025-01-11,4.659999895840883,False
4159,49.599998474121094,-0.2849999964237213,2025-01-11,4.83999989181757,False
4160,49.599998474121094,-0.27000001072883606,2025-01-11,4.789999892935157,False
4161,49.599998474121094,-0.2549999952316284,2025-01-11,4.719999894499779,False
4162,49.599998474121094,-0.23999999463558197,2025-01-11,4.679999895393848,False
4163,49.599998474121094,-0.22499999403953552,2025-01-11,4.6299998965114355,False
4164,49.599998474121094,-0.20999999344348907,2025-01-11,4.679999895393848,False
4165,49.599998474121094,-0.19499999284744263,2025-01-11,4.739999894052744,False
4166,49.599998474121094,-0.18000000715255737,2025-01-11,4.649999896064401,False
4167,49.599998474121094,-0.16500000655651093,2025-01-11,4.739999894052744,False
4168,49.599998474121094,-0.15000000596046448,2025-01-11,4.659999895840883,False
4169,49.599998474121094,-0.13500000536441803,2025-01-11,4.459999900311232,False
4170,49.599998474121094,-0.11999999731779099,2025-01-11,4.399999901652336,True
4171,49.599998474121094,-0.10499999672174454,2025-01-11,4.699999894946814,True
4172,49.599998474121094,-0.09000000357627869,2025-01-11,4.699999894946814,True
4173,49.599998474121094,-0.07500000298023224,2025-01-11,4.699999894946814,True
4174,49.599998474121094,-0.05999999865889549,2025-01-11,5.039999887347221,True
4175,49.599998474121094,-0.04500000178813934,2025-01-11,5.429999878630042,True
4176,49.599998474121094,-0.029999999329447746,2025-01-11,5.989999866113067,True
4177,49.599998474121094,-0.014999999664723873,2025-01-11,6.419999856501818,True
4178,49.599998474121094,0.0,2025-01-11,7.1199998408555984,True
4179,49.599998474121094,0.014999999664723873,2025-01-11,7.8599998243153095,True
4180,49.599998474121094,0.029999999329447746,2025-01-11,9.189999794587493,True
4181,49.599998474121094,0.04500000178813934,2025-01-11,9.169999795034528,True
4182,49.599998474121094,0.05999999865889549,2025-01-11,9.869999779388309,True
4183,49.599998474121094,0.07500000298023224,2025-01-11,10.37999976798892,True
4184,49.599998474121094,0.09000000357627869,2025-01-11,11.219999749213457,True
4185,49.599998474121094,0.10499999672174454,2025-01-11,10.469999765977263,True
4186,49.599998474121094,0.11999999731779099,2025-01-11,,False
4187,49.599998474121094,0.13500000536441803,2025-01-11,,False
4188,49.599998474121094,0.15000000596046448,2025-01-11,,False
4189,49.599998474121094,0.16500000655651093,2025-01-11,,False
4190,49.599998474121094,0.18000000715255737,2025-01-11,,False
4191,49.599998474121094,0.19499999284744263,2025-01-11,,False
4192,49.599998474121094,0.20999999344348907,2025-01-11,,False
4193,49.599998474121094,0.22499999403953552,2025-01-11,,False
4194,49.599998474121094,0.23999999463558197,2025-01-11,,False
4195,49.599998474121094,0.2549999952316284,2025-01-11,,False
4196,49.599998474121094,0.27000001072883606,2025-01-11,,False
4197,49.599998474121094,0.2849999964237213,2025-01-11,,False
4198,49.599998474121094,0.30000001192092896,2025-01-11,,False
4199,49.599998474121094,0.3149999976158142,2025-01-11,,False
4200,49.599998474121094,0.33000001311302185,2025-01-11,,False
4201,49.599998474121094,0.3449999988079071,2025-01-11,,False
4202,49.599998474121094,0.36000001430511475,2025-01-11,,False
4203,49.599998474121094,0.375,2025-01-11,,False
4204,49.599998474121094,0.38999998569488525,2025-01-11,,False
4205,49.599998474121094,0.4050000011920929,2025-01-11,,False
4206,49.599998474121094,0.41999998688697815,2025-01-11,,False
4207,49.599998474121094,0.4350000023841858,2025-01-11,,False
4208,49.599998474121094,0.44999998807907104,2025-01-11,,False
4209,49.599998474121094,0.4650000035762787,2025-01-11,,False
4210,49.599998474121094,0.47999998927116394,2025-01-11,,False
4211,49.599998474121094,0.4950000047683716,2025-01-11,,False
4212,49.61000061035156,-1.2450000047683716,2025-01-11,,False
4213,49.61000061035156,-1.2300000190734863,2025-01-11,,False
4214,49.61000061035156,-1.215000033378601,2025-01-11,5.799999870359898,False
4215,49.61000061035156,-1.2000000476837158,2025-01-11,4.56999989785254,False
4216,49.61000061035156,-1.184999942779541,2025-01-11,4.829999892041087,False
4217,49.61000061035156,-1.1699999570846558,2025-01-11,4.5099998991936445,False
4218,49.61000061035156,-1.1549999713897705,2025-01-11,4.25999990478158,False
4219,49.61000061035156,-1.1399999856948853,2025-01-11,4.3899999018758535,False
4220,49.61000061035156,-1.125,2025-01-11,4.139999907463789,False
4221,49.61000061035156,-1.1100000143051147,2025-01-11,3.229999927803874,False
4222,49.61000061035156,-1.0950000286102295,2025-01-11,2.9599999338388443,False
4223,49.61000061035156,-1.0800000429153442,2025-01-11,2.7099999394267797,False
4224,49.61000061035156,-1.065000057220459,2025-01-11,2.1699999514967203,False
4225,49.61000061035156,-1.0499999523162842,2025-01-11,1.8999999575316906,False
4226,49.61000061035156,-1.034999966621399,2025-01-11,1.9999999552965164,False
4227,49.61000061035156,-1.0199999809265137,2025-01-11,1.9999999552965164,False
4228,49.61000061035156,-1.0049999952316284,2025-01-11,2.299999948590994,False
4229,49.61000061035156,-0.9900000095367432,2025-01-11,2.509999943897128,False
4230,49.61000061035156,-0.9750000238418579,2025-01-11,2.6899999398738146,False
4231,49.61000061035156,-0.9599999785423279,2025-01-11,2.5999999418854713,False
4232,49.61000061035156,-0.9449999928474426,2025-01-11,2.779999937862158,False
4233,49.61000061035156,-0.9300000071525574,2025-01-11,2.8799999356269836,False
4234,49.61000061035156,-0.9150000214576721,2025-01-11,3.05999993160367,False
4235,49.61000061035156,-0.8999999761581421,2025-01-11,3.009999932721257,False
4236,49.61000061035156,-0.8849999904632568,2025-01-11,3.2599999271333218,False
4237,49.61000061035156,-0.8700000047683716,2025-01-11,3.3399999253451824,False
4238,49.61000061035156,-0.8550000190734863,2025-01-11,3.519999921321869,False
4239,49.61000061035156,-0.8399999737739563,2025-01-11,3.4399999231100082,False
4240,49.61000061035156,-0.824999988079071,2025-01-11,3.609999919310212,False
4241,49.61000061035156,-0.8100000023841858,2025-01-11,3.5299999210983515,False
4242,49.61000061035156,-0.7950000166893005,2025-01-11,3.3899999242275953,False
4243,49.61000061035156,-0.7799999713897705,2025-01-11,3.1399999298155308,False
4244,49.61000061035156,-0.7649999856948853,2025-01-11,2.8099999371916056,False
4245,49.61000061035156,-0.75,2025-01-11,2.5299999434500933,False
4246,49.61000061035156,-0.7350000143051147,2025-01-11,2.3599999472498894,False
4247,49.61000061035156,-0.7200000286102295,2025-01-11,2.459999945014715,False
4248,49.61000061035156,-0.7049999833106995,2025-01-11,2.489999944344163,False
4249,49.61000061035156,-0.6899999976158142,2025-01-11,2.8299999367445707,False
4250,49.61000061035156,-0.675000011920929,2025-01-11,2.939999934285879,False
4251,49.61000061035156,-0.6600000262260437,2025-01-11,2.9799999333918095,False
4252,49.61000061035156,-0.6449999809265137,2025-01-11,3.229999927803874,False
4253,49.61000061035156,-0.6299999952316284,2025-01-11,3.2899999264627695,False
4254,49.61000061035156,-0.6150000095367432,2025-01-11,3.299999926239252,False
4255,49.61000061035156,-0.6000000238418579,2025-01-11,3.179999928921461,False
4256,49.61000061035156,-0.5849999785423279,2025-01-11,2.919999934732914,False
4257,49.61000061035156,-0.5699999928474426,2025-01-11,2.6699999403208494,False
4258,49.61000061035156,-0.5550000071525574,2025-01-11,2.389999946579337,False
4259,49.61000061035156,-0.5400000214576721,2025-01-11,2.179999951273203,False
4260,49.61000061035156,-0.5249999761581421,2025-01-11,2.149999951943755,False
4261,49.61000061035156,-0.5099999904632568,2025-01-11,2.2799999490380287,False
4262,49.61000061035156,-0.4950000047683716,2025-01-11,2.2099999506026506,False
4263,49.61000061035156,-0.47999998927116394,2025-01-11,2.629999941214919,False
4264,49.61000061035156,-0.4650000035762787,2025-01-11,2.9599999338388443,False
4265,49.61000061035156,-0.44999998807907104,2025-01-11,3.449999922886491,False
4266,49.61000061035156,-0.4350000023841858,2025-01-11,3.7199999168515205,False
4267,49.61000061035156,-0.41999998688697815,2025-01-11,3.8399999141693115,False
4268,49.61000061035156,-0.4050000011920929,2025-01-11,3.799999915063381,False
4269,49.61000061035156,-0.38999998569488525,2025-01-11,3.9899999108165503,False
4270,49.61000061035156,-0.375,2025-01-11,4.039999909698963,False
4271,49.61000061035156,-0.36000001430511475,2025-01-11,4.279999904334545,False
4272,49.61000061035156,-0.3449999988079071,2025-01-11,4.3199999034404755,False
4273,49.61000061035156,-0.33000001311302185,2025-01-11,4.449999900534749,False
4274,49.61000061035156,-0.3149999976158142,2025-01-11,4.599999897181988,False
4275,49.61000061035156,-0.30000001192092896,2025-01-11,4.499999899417162,False
4276,49.61000061035156,-0.2849999964237213,2025-01-11,4.639999896287918,False
4277,49.61000061035156,-0.27000001072883606,2025-01-11,4.789999892935157,False
4278,49.61000061035156,-0.2549999952316284,2025-01-11,4.769999893382192,False
4279,49.61000061035156,-0.23999999463558197,2025-01-11,4.859999891370535,False
4280,49.61000061035156,-0.22499999403953552,2025-01-11,4.559999898076057,False
4281,49.61000061035156,-0.20999999344348907,2025-01-11,4.799999892711639,False
4282,49.61000061035156,-0.19499999284744263,2025-01-11,4.759999893605709,False
4283,49.61000061035156,-0.18000000715255737,2025-01-11,4.679999895393848,False
4284,49.61000061035156,-0.16500000655651093,2025-01-11,4.639999896287918,False
4285,49.61000061035156,-0.15000000596046448,2025-01-11,4.52999989874661,False
4286,49.61000061035156,-0.13500000536441803,2025-01-11,4.5099998991936445,False
4287,49.61000061035156,-0.11999999731779099,2025-01-11,4.459999900311232,False
4288,49.61000061035156,-0.10499999672174454,2025-01-11,4.459999900311232,False
4289,49.61000061035156,-0.09000000357627869,2025-01-11,4.6299998965114355,True
4290,49.61000061035156,-0.07500000298023224,2025-01-11,4.719999894499779,True
4291,49.61000061035156,-0.05999999865889549,2025-01-11,4.969999888911843,True
4292,49.61000061035156,-0.04500000178813934,2025-01-11,5.019999887794256,True
4293,49.61000061035156,-0.029999999329447746,2025-01-11,5.389999879524112,True
4294,49.61000061035156,-0.014999999664723873,2025-01-11,5.889999868348241,True
4295,49.61000061035156,0.0,2025-01-11,6.11999986320734,True
4296,49.61000061035156,0.014999999664723873,2025-01-11,7.289999837055802,True
4297,49.61000061035156,0.029999999329447746,2025-01-11,7.999999821186066,True
4298,49.61000061035156,0.04500000178813934,2025-01-11,8.629999807104468,True
4299,49.61000061035156,0.05999999865889549,2025-01-11,9.819999780505896,True
4300,49.61000061035156,0.07500000298023224,2025-01-11,9.909999778494239,True
4301,49.61000061035156,0.09000000357627869,2025-01-11,9.469999788329005,True
4302,49.61000061035156,0.10499999672174454,2025-01-11,9.549999786540866,True
4303,49.61000061035156,0.11999999731779099,2025-01-11,11.209999749436975,False
4304,49.61000061035156,0.13500000536441803,2025-01-11,,False
4305,49.61000061035156,0.15000000596046448,2025-01-11,,False
4306,49.61000061035156,0.16500000655651093,2025-01-11,,False
4307,49.61000061035156,0.18000000715255737,2025-01-11,,False
4308,49.61000061035156,0.19499999284744263,2025-01-11,,False
4309,49.61000061035156,0.20999999344348907,2025-01-11,,False
4310,49.61000061035156,0.22499999403953552,2025-01-11,,False
4311,49.61000061035156,0.23999999463558197,2025-01-11,,False
4312,49.61000061035156,0.2549999952316284,2025-01-11,,False
4313,49.61000061035156,0.27000001072883606,2025-01-11,,False
4314,49.61000061035156,0.2849999964237213,2025-01-11,,False
4315,49.61000061035156,0.30000001192092896,2025-01-11,,False
4316,49.61000061035156,0.3149999976158142,2025-01-11,,False
4317,49.61000061035156,0.33000001311302185,2025-01-11,,False
4318,49.61000061035156,0.3449999988079071,2025-01-11,,False
4319,49.61000061035156,0.36000001430511475,2025-01-11,,False
4320,49.61000061035156,0.375,2025-01-11,,False
4321,49.61000061035156,0.38999998569488525,2025-01-11,,False
4322,49.61000061035156,0.4050000011920929,2025-01-11,,False
4323,49.61000061035156,0.41999998688697815,2025-01-11,,False
4324,49.61000061035156,0.4350000023841858,2025-01-11,,False
4325,49.61000061035156,0.44999998807907104,2025-01-11,,False
4326,49.61000061035156,0.4650000035762787,2025-01-11,,False
4327,49.61000061035156,0.47999998927116394,2025-01-11,,False
4328,49.61000061035156,0.4950000047683716,2025-01-11,,False
4329,49.619998931884766,-1.2450000047683716,2025-01-11,,False
4330,49.619998931884766,-1.2300000190734863,2025-01-11,,False
4331,49.619998931884766,-1.215000033378601,2025-01-11,,False
4332,49.619998931884766,-1.2000000476837158,2025-01-11,4.339999902993441,False
4333,49.619998931884766,-1.184999942779541,2025-01-11,4.289999904111028,False
4334,49.619998931884766,-1.1699999570846558,2025-01-11,3.899999912828207,False
4335,49.619998931884766,-1.1549999713897705,2025-01-11,4.739999894052744,False
4336,49.619998931884766,-1.1399999856948853,2025-01-11,3.9899999108165503,False
4337,49.619998931884766,-1.125,2025-01-11,3.899999912828207,False
4338,49.619998931884766,-1.1100000143051147,2025-01-11,3.089999930933118,False
4339,49.619998931884766,-1.0950000286102295,2025-01-11,2.74999993853271,False
4340,49.619998931884766,-1.0800000429153442,2025-01-11,2.3999999463558197,False
4341,49.619998931884766,-1.065000057220459,2025-01-11,2.12999995239079,False
4342,49.619998931884766,-1.0499999523162842,2025-01-11,1.9999999552965164,False
4343,49.619998931884766,-1.034999966621399,2025-01-11,2.199999950826168,False
4344,49.619998931884766,-1.0199999809265137,2025-01-11,2.2899999488145113,False
4345,49.619998931884766,-1.0049999952316284,2025-01-11,2.2199999503791332,False
4346,49.619998931884766,-0.9900000095367432,2025-01-11,2.43999994546175,False
4347,49.619998931884766,-0.9750000238418579,2025-01-11,2.7699999380856752,False
4348,49.619998931884766,-0.9599999785423279,2025-01-11,2.74999993853271,False
4349,49.619998931884766,-0.9449999928474426,2025-01-11,2.9099999349564314,False
4350,49.619998931884766,-0.9300000071525574,2025-01-11,3.01999993249774,False
4351,49.619998931884766,-0.9150000214576721,2025-01-11,3.05999993160367,False
4352,49.619998931884766,-0.8999999761581421,2025-01-11,3.1199999302625656,False
4353,49.619998931884766,-0.8849999904632568,2025-01-11,3.3799999244511127,False
4354,49.619998931884766,-0.8700000047683716,2025-01-11,3.5099999215453863,False
4355,49.619998931884766,-0.8550000190734863,2025-01-11,3.419999923557043,False
4356,49.619998931884766,-0.8399999737739563,2025-01-11,3.5499999206513166,False
4357,49.619998931884766,-0.824999988079071,2025-01-11,3.5499999206513166,False
4358,49.619998931884766,-0.8100000023841858,2025-01-11,3.519999921321869,False
4359,49.619998931884766,-0.7950000166893005,2025-01-11,3.3299999255687,False
4360,49.619998931884766,-0.7799999713897705,2025-01-11,3.0499999318271875,False
4361,49.619998931884766,-0.7649999856948853,2025-01-11,2.8399999365210533,False
4362,49.619998931884766,-0.75,2025-01-11,2.7399999387562275,False
4363,49.619998931884766,-0.7350000143051147,2025-01-11,2.559999942779541,False
4364,49.619998931884766,-0.7200000286102295,2025-01-11,2.6699999403208494,False
4365,49.619998931884766,-0.7049999833106995,2025-01-11,2.939999934285879,False
4366,49.619998931884766,-0.6899999976158142,2025-01-11,3.1899999286979437,False
4367,49.619998931884766,-0.675000011920929,2025-01-11,3.3799999244511127,False
4368,49.619998931884766,-0.6600000262260437,2025-01-11,3.449999922886491,False
4369,49.619998931884766,-0.6449999809265137,2025-01-11,3.4999999217689037,False
4370,49.619998931884766,-0.6299999952316284,2025-01-11,3.4799999222159386,False
4371,49.619998931884766,-0.6150000095367432,2025-01-11,3.3599999248981476,False
4372,49.619998931884766,-0.6000000238418579,2025-01-11,3.1699999291449785,False
4373,49.619998931884766,-0.5849999785423279,2025-01-11,2.8599999360740185,False
4374,49.619998931884766,-0.5699999928474426,2025-01-11,2.659999940544367,False
4375,49.619998931884766,-0.5550000071525574,2025-01-11,2.269999949261546,False
4376,49.619998931884766,-0.5400000214576721,2025-01-11,2.1599999517202377,False
4377,49.619998931884766,-0.5249999761581421,2025-01-11,2.1199999526143074,False
4378,49.619998931884766,-0.5099999904632568,2025-01-11,2.1599999517202377,False
4379,49.619998931884766,-0.4950000047683716,2025-01-11,2.199999950826168,False
4380,49.619998931884766,-0.47999998927116394,2025-01-11,2.5199999436736107,False
4381,49.619998931884766,-0.4650000035762787,2025-01-11,2.969999933615327,False
4382,49.619998931884766,-0.44999998807907104,2025-01-11,3.449999922886491,False
4383,49.619998931884766,-0.4350000023841858,2025-01-11,3.6199999190866947,False
4384,49.619998931884766,-0.41999998688697815,2025-01-11,3.8699999134987593,False
4385,49.619998931884766,-0.4050000011920929,2025-01-11,3.9299999121576548,False
4386,49.619998931884766,-0.38999998569488525,2025-01-11,3.999999910593033,False
4387,49.619998931884766,-0.375,2025-01-11,4.209999905899167,False
4388,49.619998931884766,-0.36000001430511475,2025-01-11,4.239999905228615,False
4389,49.619998931884766,-0.3449999988079071,2025-01-11,4.289999904111028,False
4390,49.619998931884766,-0.33000001311302185,2025-01-11,4.469999900087714,False
4391,49.619998931884766,-0.3149999976158142,2025-01-11,4.649999896064401,False
4392,49.619998931884766,-0.30000001192092896,2025-01-11,4.649999896064401,False
4393,49.619998931884766,-0.2849999964237213,2025-01-11,4.599999897181988,False
4394,49.619998931884766,-0.27000001072883606,2025-01-11,4.699999894946814,False
4395,49.619998931884766,-0.2549999952316284,2025-01-11,4.789999892935157,False
4396,49.619998931884766,-0.23999999463558197,2025-01-11,4.789999892935157,False
4397,49.619998931884766,-0.22499999403953552,2025-01-11,4.709999894723296,False
4398,49.619998931884766,-0.20999999344348907,2025-01-11,4.669999895617366,False
4399,49.619998931884766,-0.19499999284744263,2025-01-11,4.639999896287918,False
4400,49.619998931884766,-0.18000000715255737,2025-01-11,4.709999894723296,False
4401,49.619998931884766,-0.16500000655651093,2025-01-11,4.6299998965114355,False
4402,49.619998931884766,-0.15000000596046448,2025-01-11,4.579999897629023,False
4403,49.619998931884766,-0.13500000536441803,2025-01-11,4.599999897181988,False
4404,49.619998931884766,-0.11999999731779099,2025-01-11,4.599999897181988,False
4405,49.619998931884766,-0.10499999672174454,2025-01-11,4.399999901652336,False
4406,49.619998931884766,-0.09000000357627869,2025-01-11,4.689999895170331,True
4407,49.619998931884766,-0.07500000298023224,2025-01-11,4.83999989181757,True
4408,49.619998931884766,-0.05999999865889549,2025-01-11,5.1099998857825994,True
4409,49.619998931884766,-0.04500000178813934,2025-01-11,5.009999888017774,True
4410,49.619998931884766,-0.029999999329447746,2025-01-11,5.199999883770943,True
4411,49.619998931884766,-0.014999999664723873,2025-01-11,5.409999879077077,True
4412,49.619998931884766,0.0,2025-01-11,5.349999880418181,True
4413,49.619998931884766,0.014999999664723873,2025-01-11,5.649999873712659,True
4414,49.619998931884766,0.029999999329447746,2025-01-11,6.899999845772982,True
4415,49.619998931884766,0.04500000178813934,2025-01-11,7.499999832361937,True
4416,49.619998931884766,0.05999999865889549,2025-01-11,8.2099998164922,True
4417,49.619998931884766,0.07500000298023224,2025-01-11,9.209999794140458,True
4418,49.619998931884766,0.09000000357627869,2025-01-11,10.659999761730433,True
4419,49.619998931884766,0.10499999672174454,2025-01-11,9.589999785646796,True
4420,49.619998931884766,0.11999999731779099,2025-01-11,9.789999781176448,False
4421,49.619998931884766,0.13500000536441803,2025-01-11,,False
4422,49.619998931884766,0.15000000596046448,2025-01-11,,False
4423,49.619998931884766,0.16500000655651093,2025-01-11,,False
4424,49.619998931884766,0.18000000715255737,2025-01-11,,False
4425,49.619998931884766,0.19499999284744263,2025-01-11,,False
4426,49.619998931884766,0.20999999344348907,2025-01-11,,False
4427,49.619998931884766,0.22499999403953552,2025-01-11,,False
4428,49.619998931884766,0.23999999463558197,2025-01-11,,False
4429,49.619998931884766,0.2549999952316284,2025-01-11,,False
4430,49.619998931884766,0.27000001072883606,2025-01-11,,False
4431,49.619998931884766,0.2849999964237213,2025-01-11,,False
4432,49.619998931884766,0.30000001192092896,2025-01-11,,False
4433,49.619998931884766,0.3149999976158142,2025-01-11,,False
4434,49.619998931884766,0.33000001311302185,2025-01-11,,False
4435,49.619998931884766,0.3449999988079071,2025-01-11,,False
4436,49.619998931884766,0.36000001430511475,2025-01-11,,False
4437,49.619998931884766,0.375,2025-01-11,,False
4438,49.619998931884766,0.38999998569488525,2025-01-11,,False
4439,49.619998931884766,0.4050000011920929,2025-01-11,,False
4440,49.619998931884766,0.41999998688697815,2025-01-11,,False
4441,49.619998931884766,0.4350000023841858,2025-01-11,,False
4442,49.619998931884766,0.44999998807907104,2025-01-11,,False
4443,49.619998931884766,0.4650000035762787,2025-01-11,,False
4444,49.619998931884766,0.47999998927116394,2025-01-11,,False
4445,49.619998931884766,0.4950000047683716,2025-01-11,,False
4446,49.630001068115234,-1.2450000047683716,2025-01-11,,False
4447,49.630001068115234,-1.2300000190734863,2025-01-11,,False
4448,49.630001068115234,-1.215000033378601,2025-01-11,4.239999905228615,False
4449,49.630001068115234,-1.2000000476837158,2025-01-11,4.769999893382192,False
4450,49.630001068115234,-1.184999942779541,2025-01-11,4.049999909475446,False
4451,49.630001068115234,-1.1699999570846558,2025-01-11,3.759999915957451,False
4452,49.630001068115234,-1.1549999713897705,2025-01-11,3.8399999141693115,False
4453,49.630001068115234,-1.1399999856948853,2025-01-11,3.6699999179691076,False
4454,49.630001068115234,-1.125,2025-01-11,3.779999915510416,False
4455,49.630001068115234,-1.1100000143051147,2025-01-11,2.6199999414384365,False
4456,49.630001068115234,-1.0950000286102295,2025-01-11,2.369999947026372,False
4457,49.630001068115234,-1.0800000429153442,2025-01-11,2.0699999537318945,False
4458,49.630001068115234,-1.065000057220459,2025-01-11,2.0499999541789293,False
4459,49.630001068115234,-1.0499999523162842,2025-01-11,2.199999950826168,False
4460,49.630001068115234,-1.034999966621399,2025-01-11,2.229999950155616,False
4461,49.630001068115234,-1.0199999809265137,2025-01-11,2.339999947696924,False
4462,49.630001068115234,-1.0049999952316284,2025-01-11,2.2899999488145113,False
4463,49.630001068115234,-0.9900000095367432,2025-01-11,2.5499999430030584,False
4464,49.630001068115234,-0.9750000238418579,2025-01-11,2.679999940097332,False
4465,49.630001068115234,-0.9599999785423279,2025-01-11,2.869999935850501,False
4466,49.630001068115234,-0.9449999928474426,2025-01-11,2.9799999333918095,False
4467,49.630001068115234,-0.9300000071525574,2025-01-11,2.9799999333918095,False
4468,49.630001068115234,-0.9150000214576721,2025-01-11,3.089999930933118,False
4469,49.630001068115234,-0.8999999761581421,2025-01-11,3.3599999248981476,False
4470,49.630001068115234,-0.8849999904632568,2025-01-11,3.4799999222159386,False
4471,49.630001068115234,-0.8700000047683716,2025-01-11,3.5799999199807644,False
4472,49.630001068115234,-0.8550000190734863,2025-01-11,3.5799999199807644,False
4473,49.630001068115234,-0.8399999737739563,2025-01-11,3.7399999164044857,False
4474,49.630001068115234,-0.824999988079071,2025-01-11,3.589999919757247,False
4475,49.630001068115234,-0.8100000023841858,2025-01-11,3.539999920874834,False
4476,49.630001068115234,-0.7950000166893005,2025-01-11,3.419999923557043,False
4477,49.630001068115234,-0.7799999713897705,2025-01-11,2.989999933168292,False
4478,49.630001068115234,-0.7649999856948853,2025-01-11,2.7199999392032623,False
4479,49.630001068115234,-0.75,2025-01-11,2.6899999398738146,False
4480,49.630001068115234,-0.7350000143051147,2025-01-11,2.869999935850501,False
4481,49.630001068115234,-0.7200000286102295,2025-01-11,2.899999935179949,False
4482,49.630001068115234,-0.7049999833106995,2025-01-11,3.1999999284744263,False
4483,49.630001068115234,-0.6899999976158142,2025-01-11,3.489999921992421,False
4484,49.630001068115234,-0.675000011920929,2025-01-11,3.4999999217689037,False
4485,49.630001068115234,-0.6600000262260437,2025-01-11,3.4999999217689037,False
4486,49.630001068115234,-0.6449999809265137,2025-01-11,3.5099999215453863,False
4487,49.630001068115234,-0.6299999952316284,2025-01-11,3.5299999210983515,False
4488,49.630001068115234,-0.6150000095367432,2025-01-11,3.349999925121665,False
4489,49.630001068115234,-0.6000000238418579,2025-01-11,3.1899999286979437,False
4490,49.630001068115234,-0.5849999785423279,2025-01-11,2.9299999345093966,False
4491,49.630001068115234,-0.5699999928474426,2025-01-11,2.5999999418854713,False
4492,49.630001068115234,-0.5550000071525574,2025-01-11,2.3599999472498894,False
4493,49.630001068115234,-0.5400000214576721,2025-01-11,2.1399999521672726,False
4494,49.630001068115234,-0.5249999761581421,2025-01-11,2.0899999532848597,False
4495,49.630001068115234,-0.5099999904632568,2025-01-11,2.0399999544024467,False
4496,49.630001068115234,-0.4950000047683716,2025-01-11,2.2899999488145113,False
4497,49.630001068115234,-0.47999998927116394,2025-01-11,2.3599999472498894,False
4498,49.630001068115234,-0.4650000035762787,2025-01-11,2.919999934732914,False
4499,49.630001068115234,-0.44999998807907104,2025-01-11,3.349999925121665,False
4500,49.630001068115234,-0.4350000023841858,2025-01-11,3.759999915957451,False
4501,49.630001068115234,-0.41999998688697815,2025-01-11,3.9399999119341373,False
4502,49.630001068115234,-0.4050000011920929,2025-01-11,4.019999910145998,False
4503,49.630001068115234,-0.38999998569488525,2025-01-11,4.019999910145998,False
4504,49.630001068115234,-0.375,2025-01-11,4.149999907240272,False
4505,49.630001068115234,-0.36000001430511475,2025-01-11,4.29999990388751,False
4506,49.630001068115234,-0.3449999988079071,2025-01-11,4.2699999045580626,False
4507,49.630001068115234,-0.33000001311302185,2025-01-11,4.3899999018758535,False
4508,49.630001068115234,-0.3149999976158142,2025-01-11,4.479999899864197,False
4509,49.630001068115234,-0.30000001192092896,2025-01-11,4.639999896287918,False
4510,49.630001068115234,-0.2849999964237213,2025-01-11,4.619999896734953,False
4511,49.630001068115234,-0.27000001072883606,2025-01-11,4.579999897629023,False
4512,49.630001068115234,-0.2549999952316284,2025-01-11,4.6299998965114355,False
4513,49.630001068115234,-0.23999999463558197,2025-01-11,4.649999896064401,False
4514,49.630001068115234,-0.22499999403953552,2025-01-11,4.799999892711639,False
4515,49.630001068115234,-0.20999999344348907,2025-01-11,4.719999894499779,False
4516,49.630001068115234,-0.19499999284744263,2025-01-11,4.679999895393848,False
4517,49.630001068115234,-0.18000000715255737,2025-01-11,4.619999896734953,False
4518,49.630001068115234,-0.16500000655651093,2025-01-11,4.699999894946814,False
4519,49.630001068115234,-0.15000000596046448,2025-01-11,4.6299998965114355,False
4520,49.630001068115234,-0.13500000536441803,2025-01-11,4.589999897405505,False
4521,49.630001068115234,-0.11999999731779099,2025-01-11,4.499999899417162,False
4522,49.630001068115234,-0.10499999672174454,2025-01-11,4.559999898076057,False
4523,49.630001068115234,-0.09000000357627869,2025-01-11,4.769999893382192,True
4524,49.630001068115234,-0.07500000298023224,2025-01-11,4.709999894723296,True
4525,49.630001068115234,-0.05999999865889549,2025-01-11,4.9399998895823956,True
4526,49.630001068115234,-0.04500000178813934,2025-01-11,5.139999885112047,True
4527,49.630001068115234,-0.029999999329447746,2025-01-11,4.91999989002943,True
4528,49.630001068115234,-0.014999999664723873,2025-01-11,4.949999889358878,True
4529,49.630001068115234,0.0,2025-01-11,5.049999887123704,True
4530,49.630001068115234,0.014999999664723873,2025-01-11,5.349999880418181,True
4531,49.630001068115234,0.029999999329447746,2025-01-11,6.319999858736992,True
4532,49.630001068115234,0.04500000178813934,2025-01-11,6.649999851360917,True
4533,49.630001068115234,0.05999999865889549,2025-01-11,6.8799998462200165,True
4534,49.630001068115234,0.07500000298023224,2025-01-11,7.7899998258799314,True
4535,49.630001068115234,0.09000000357627869,2025-01-11,8.86999980174005,True
4536,49.630001068115234,0.10499999672174454,2025-01-11,9.299999792128801,True
4537,49.630001068115234,0.11999999731779099,2025-01-11,8.74999980442226,False
4538,49.630001068115234,0.13500000536441803,2025-01-11,9.959999777376652,False
4539,49.630001068115234,0.15000000596046448,2025-01-11,,False
4540,49.630001068115234,0.16500000655651093,2025-01-11,,False
4541,49.630001068115234,0.18000000715255737,2025-01-11,,False
4542,49.630001068115234,0.19499999284744263,2025-01-11,,False
4543,49.630001068115234,0.20999999344348907,2025-01-11,,False
4544,49.630001068115234,0.22499999403953552,2025-01-11,,False
4545,49.630001068115234,0.23999999463558197,2025-01-11,,False
4546,49.630001068115234,0.2549999952316284,2025-01-11,,False
4547,49.630001068115234,0.27000001072883606,2025-01-11,,False
4548,49.630001068115234,0.2849999964237213,2025-01-11,,False
4549,49.630001068115234,0.30000001192092896,2025-01-11,,False
4550,49.630001068115234,0.3149999976158142,2025-01-11,,False
4551,49.630001068115234,0.33000001311302185,2025-01-11,,False
4552,49.630001068115234,0.3449999988079071,2025-01-11,,False
4553,49.630001068115234,0.36000001430511475,2025-01-11,,False
4554,49.630001068115234,0.375,2025-01-11,,False
4555,49.630001068115234,0.38999998569488525,2025-01-11,,False
4556,49.630001068115234,0.4050000011920929,2025-01-11,,False
4557,49.630001068115234,0.41999998688697815,2025-01-11,,False
4558,49.630001068115234,0.4350000023841858,2025-01-11,,False
4559,49.630001068115234,0.44999998807907104,2025-01-11,,False
4560,49.630001068115234,0.4650000035762787,2025-01-11,,False
4561,49.630001068115234,0.47999998927116394,2025-01-11,,False
4562,49.630001068115234,0.4950000047683716,2025-01-11,,False
4563,49.63999938964844,-1.2450000047683716,2025-01-11,,False
4564,49.63999938964844,-1.2300000190734863,2025-01-11,,False
4565,49.63999938964844,-1.215000033378601,2025-01-11,3.6999999172985554,False
4566,49.63999938964844,-1.2000000476837158,2025-01-11,4.7499998938292265,False
4567,49.63999938964844,-1.184999942779541,2025-01-11,3.8899999130517244,False
4568,49.63999938964844,-1.1699999570846558,2025-01-11,3.689999917522073,False
4569,49.63999938964844,-1.1549999713897705,2025-01-11,3.779999915510416,False
4570,49.63999938964844,-1.1399999856948853,2025-01-11,3.799999915063381,False
4571,49.63999938964844,-1.125,2025-01-11,3.209999928250909,False
4572,49.63999938964844,-1.1100000143051147,2025-01-11,3.01999993249774,False
4573,49.63999938964844,-1.0950000286102295,2025-01-11,2.369999947026372,False
4574,49.63999938964844,-1.0800000429153442,2025-01-11,2.109999952837825,False
4575,49.63999938964844,-1.065000057220459,2025-01-11,2.299999948590994,False
4576,49.63999938964844,-1.0499999523162842,2025-01-11,2.299999948590994,False
4577,49.63999938964844,-1.034999966621399,2025-01-11,2.419999945908785,False
4578,49.63999938964844,-1.0199999809265137,2025-01-11,2.4699999447911978,False
4579,49.63999938964844,-1.0049999952316284,2025-01-11,2.3099999483674765,False
4580,49.63999938964844,-0.9900000095367432,2025-01-11,2.5899999421089888,False
4581,49.63999938964844,-0.9750000238418579,2025-01-11,2.779999937862158,False
4582,49.63999938964844,-0.9599999785423279,2025-01-11,2.819999936968088,False
4583,49.63999938964844,-0.9449999928474426,2025-01-11,3.009999932721257,False
4584,49.63999938964844,-0.9300000071525574,2025-01-11,3.0999999307096004,False
4585,49.63999938964844,-0.9150000214576721,2025-01-11,3.0699999313801527,False
4586,49.63999938964844,-0.8999999761581421,2025-01-11,3.1999999284744263,False
4587,49.63999938964844,-0.8849999904632568,2025-01-11,3.489999921992421,False
4588,49.63999938964844,-0.8700000047683716,2025-01-11,3.5499999206513166,False
4589,49.63999938964844,-0.8550000190734863,2025-01-11,3.6499999184161425,False
4590,49.63999938964844,-0.8399999737739563,2025-01-11,3.969999911263585,False
4591,49.63999938964844,-0.824999988079071,2025-01-11,3.63999991863966,False
4592,49.63999938964844,-0.8100000023841858,2025-01-11,3.3799999244511127,False
4593,49.63999938964844,-0.7950000166893005,2025-01-11,3.3199999257922173,False
4594,49.63999938964844,-0.7799999713897705,2025-01-11,2.9999999329447746,False
4595,49.63999938964844,-0.7649999856948853,2025-01-11,2.779999937862158,False
4596,49.63999938964844,-0.75,2025-01-11,2.939999934285879,False
4597,49.63999938964844,-0.7350000143051147,2025-01-11,2.989999933168292,False
4598,49.63999938964844,-0.7200000286102295,2025-01-11,3.109999930486083,False
4599,49.63999938964844,-0.7049999833106995,2025-01-11,3.399999924004078,False
4600,49.63999938964844,-0.6899999976158142,2025-01-11,3.489999921992421,False
4601,49.63999938964844,-0.675000011920929,2025-01-11,3.5499999206513166,False
4602,49.63999938964844,-0.6600000262260437,2025-01-11,3.449999922886491,False
4603,49.63999938964844,-0.6449999809265137,2025-01-11,3.4599999226629734,False
4604,49.63999938964844,-0.6299999952316284,2025-01-11,3.399999924004078,False
4605,49.63999938964844,-0.6150000095367432,2025-01-11,3.279999926686287,False
4606,49.63999938964844,-0.6000000238418579,2025-01-11,3.1899999286979437,False
4607,49.63999938964844,-0.5849999785423279,2025-01-11,2.9599999338388443,False
4608,49.63999938964844,-0.5699999928474426,2025-01-11,2.6199999414384365,False
4609,49.63999938964844,-0.5550000071525574,2025-01-11,2.3299999479204416,False
4610,49.63999938964844,-0.5400000214576721,2025-01-11,2.0999999530613422,False
4611,49.63999938964844,-0.5249999761581421,2025-01-11,2.029999954625964,False
4612,49.63999938964844,-0.5099999904632568,2025-01-11,2.179999951273203,False
4613,49.63999938964844,-0.4950000047683716,2025-01-11,2.2899999488145113,False
4614,49.63999938964844,-0.47999998927116394,2025-01-11,2.229999950155616,False
4615,49.63999938964844,-0.4650000035762787,2025-01-11,2.6899999398738146,False
4616,49.63999938964844,-0.44999998807907104,2025-01-11,3.299999926239252,False
4617,49.63999938964844,-0.4350000023841858,2025-01-11,3.8099999148398638,False
4618,49.63999938964844,-0.41999998688697815,2025-01-11,3.9799999110400677,False
4619,49.63999938964844,-0.4050000011920929,2025-01-11,4.029999909922481,False
4620,49.63999938964844,-0.38999998569488525,2025-01-11,4.139999907463789,False
4621,49.63999938964844,-0.375,2025-01-11,4.329999903216958,False
4622,49.63999938964844,-0.36000001430511475,2025-01-11,4.169999906793237,False
4623,49.63999938964844,-0.3449999988079071,2025-01-11,4.479999899864197,False
4624,49.63999938964844,-0.33000001311302185,2025-01-11,4.399999901652336,False
4625,49.63999938964844,-0.3149999976158142,2025-01-11,4.369999902322888,False
4626,49.63999938964844,-0.30000001192092896,2025-01-11,4.589999897405505,False
4627,49.63999938964844,-0.2849999964237213,2025-01-11,4.56999989785254,False
4628,49.63999938964844,-0.27000001072883606,2025-01-11,4.52999989874661,False
4629,49.63999938964844,-0.2549999952316284,2025-01-11,4.60999989695847,False
4630,49.63999938964844,-0.23999999463558197,2025-01-11,4.56999989785254,False
4631,49.63999938964844,-0.22499999403953552,2025-01-11,4.679999895393848,False
4632,49.63999938964844,-0.20999999344348907,2025-01-11,4.599999897181988,False
4633,49.63999938964844,-0.19499999284744263,2025-01-11,4.579999897629023,False
4634,49.63999938964844,-0.18000000715255737,2025-01-11,4.669999895617366,False
4635,49.63999938964844,-0.16500000655651093,2025-01-11,4.60999989695847,False
4636,49.63999938964844,-0.15000000596046448,2025-01-11,4.579999897629023,False
4637,49.63999938964844,-0.13500000536441803,2025-01-11,4.499999899417162,False
4638,49.63999938964844,-0.11999999731779099,2025-01-11,4.539999898523092,False
4639,49.63999938964844,-0.10499999672174454,2025-01-11,4.499999899417162,False
4640,49.63999938964844,-0.09000000357627869,2025-01-11,4.639999896287918,True
4641,49.63999938964844,-0.07500000298023224,2025-01-11,4.739999894052744,True
4642,49.63999938964844,-0.05999999865889549,2025-01-11,4.719999894499779,True
4643,49.63999938964844,-0.04500000178813934,2025-01-11,4.729999894276261,True
4644,49.63999938964844,-0.029999999329447746,2025-01-11,4.9399998895823956,True
4645,49.63999938964844,-0.014999999664723873,2025-01-11,4.739999894052744,True
4646,49.63999938964844,0.0,2025-01-11,4.909999890252948,True
4647,49.63999938964844,0.014999999664723873,2025-01-11,5.089999886229634,True
4648,49.63999938964844,0.029999999329447746,2025-01-11,5.689999872818589,True
4649,49.63999938964844,0.04500000178813934,2025-01-11,6.0899998638778925,True
4650,49.63999938964844,0.05999999865889549,2025-01-11,6.07999986410141,True
4651,49.63999938964844,0.07500000298023224,2025-01-11,6.509999854490161,True
4652,49.63999938964844,0.09000000357627869,2025-01-11,8.199999816715717,True
4653,49.63999938964844,0.10499999672174454,2025-01-11,8.409999812021852,True
4654,49.63999938964844,0.11999999731779099,2025-01-11,8.649999806657434,False
4655,49.63999938964844,0.13500000536441803,2025-01-11,9.619999784976244,False
4656,49.63999938964844,0.15000000596046448,2025-01-11,,False
4657,49.63999938964844,0.16500000655651093,2025-01-11,,False
4658,49.63999938964844,0.18000000715255737,2025-01-11,,False
4659,49.63999938964844,0.19499999284744263,2025-01-11,,False
4660,49.63999938964844,0.20999999344348907,2025-01-11,,False
4661,49.63999938964844,0.22499999403953552,2025-01-11,,False
4662,49.63999938964844,0.23999999463558197,2025-01-11,,False
4663,49.63999938964844,0.2549999952316284,2025-01-11,,False
4664,49.63999938964844,0.27000001072883606,2025-01-11,,False
4665,49.63999938964844,0.2849999964237213,2025-01-11,,False
4666,49.63999938964844,0.30000001192092896,2025-01-11,,False
4667,49.63999938964844,0.3149999976158142,2025-01-11,,False
4668,49.63999938964844,0.33000001311302185,2025-01-11,,False
4669,49.63999938964844,0.3449999988079071,2025-01-11,,False
4670,49.63999938964844,0.36000001430511475,2025-01-11,,False
4671,49.63999938964844,0.375,2025-01-11,,False
4672,49.63999938964844,0.38999998569488525,2025-01-11,,False
4673,49.63999938964844,0.4050000011920929,2025-01-11,,False
4674,49.63999938964844,0.41999998688697815,2025-01-11,,False
4675,49.63999938964844,0.4350000023841858,2025-01-11,,False
4676,49.63999938964844,0.44999998807907104,2025-01-11,,False
4677,49.63999938964844,0.4650000035762787,2025-01-11,,False
4678,49.63999938964844,0.47999998927116394,2025-01-11,,False
4679,49.63999938964844,0.4950000047683716,2025-01-11,,False
4680,49.650001525878906,-1.2450000047683716,2025-01-11,,False
4681,49.650001525878906,-1.2300000190734863,2025-01-11,,False
4682,49.650001525878906,-1.215000033378601,2025-01-11,4.7499998938292265,False
4683,49.650001525878906,-1.2000000476837158,2025-01-11,3.279999926686287,False
4684,49.650001525878906,-1.184999942779541,2025-01-11,2.819999936968088,False
4685,49.650001525878906,-1.1699999570846558,2025-01-11,3.0699999313801527,False
4686,49.650001525878906,-1.1549999713897705,2025-01-11,3.759999915957451,False
4687,49.650001525878906,-1.1399999856948853,2025-01-11,3.489999921992421,False
4688,49.650001525878906,-1.125,2025-01-11,3.109999930486083,False
4689,49.650001525878906,-1.1100000143051147,2025-01-11,2.629999941214919,False
4690,49.650001525878906,-1.0950000286102295,2025-01-11,2.0399999544024467,False
4691,49.650001525878906,-1.0800000429153442,2025-01-11,2.349999947473407,False
4692,49.650001525878906,-1.065000057220459,2025-01-11,2.4699999447911978,False
4693,49.650001525878906,-1.0499999523162842,2025-01-11,2.4299999456852674,False
4694,49.650001525878906,-1.034999966621399,2025-01-11,2.7099999394267797,False
4695,49.650001525878906,-1.0199999809265137,2025-01-11,2.459999945014715,False
4696,49.650001525878906,-1.0049999952316284,2025-01-11,2.4499999452382326,False
4697,49.650001525878906,-0.9900000095367432,2025-01-11,2.779999937862158,False
4698,49.650001525878906,-0.9750000238418579,2025-01-11,2.7699999380856752,False
4699,49.650001525878906,-0.9599999785423279,2025-01-11,2.9299999345093966,False
4700,49.650001525878906,-0.9449999928474426,2025-01-11,3.159999929368496,False
4701,49.650001525878906,-0.9300000071525574,2025-01-11,3.2199999280273914,False
4702,49.650001525878906,-0.9150000214576721,2025-01-11,3.3099999260157347,False
4703,49.650001525878906,-0.8999999761581421,2025-01-11,3.3799999244511127,False
4704,49.650001525878906,-0.8849999904632568,2025-01-11,3.5099999215453863,False
4705,49.650001525878906,-0.8700000047683716,2025-01-11,3.6699999179691076,False
4706,49.650001525878906,-0.8550000190734863,2025-01-11,3.6999999172985554,False
4707,49.650001525878906,-0.8399999737739563,2025-01-11,3.689999917522073,False
4708,49.650001525878906,-0.824999988079071,2025-01-11,3.5799999199807644,False
4709,49.650001525878906,-0.8100000023841858,2025-01-11,3.3399999253451824,False
4710,49.650001525878906,-0.7950000166893005,2025-01-11,3.519999921321869,False
4711,49.650001525878906,-0.7799999713897705,2025-01-11,3.399999924004078,False
4712,49.650001525878906,-0.7649999856948853,2025-01-11,3.0999999307096004,False
4713,49.650001525878906,-0.75,2025-01-11,3.0999999307096004,False
4714,49.650001525878906,-0.7350000143051147,2025-01-11,3.209999928250909,False
4715,49.650001525878906,-0.7200000286102295,2025-01-11,3.3399999253451824,False
4716,49.650001525878906,-0.7049999833106995,2025-01-11,3.449999922886491,False
4717,49.650001525878906,-0.6899999976158142,2025-01-11,3.4999999217689037,False
4718,49.650001525878906,-0.675000011920929,2025-01-11,3.4799999222159386,False
4719,49.650001525878906,-0.6600000262260437,2025-01-11,3.4099999237805605,False
4720,49.650001525878906,-0.6449999809265137,2025-01-11,3.3099999260157347,False
4721,49.650001525878906,-0.6299999952316284,2025-01-11,3.2599999271333218,False
4722,49.650001525878906,-0.6150000095367432,2025-01-11,3.2699999269098043,False
4723,49.650001525878906,-0.6000000238418579,2025-01-11,3.1499999295920134,False
4724,49.650001525878906,-0.5849999785423279,2025-01-11,3.05999993160367,False
4725,49.650001525878906,-0.5699999928474426,2025-01-11,2.699999939650297,False
4726,49.650001525878906,-0.5550000071525574,2025-01-11,2.369999947026372,False
4727,49.650001525878906,-0.5400000214576721,2025-01-11,2.0699999537318945,False
4728,49.650001525878906,-0.5249999761581421,2025-01-11,2.179999951273203,False
4729,49.650001525878906,-0.5099999904632568,2025-01-11,2.109999952837825,False
4730,49.650001525878906,-0.4950000047683716,2025-01-11,2.1399999521672726,False
4731,49.650001525878906,-0.47999998927116394,2025-01-11,2.339999947696924,False
4732,49.650001525878906,-0.4650000035762787,2025-01-11,2.5699999425560236,False
4733,49.650001525878906,-0.44999998807907104,2025-01-11,3.209999928250909,False
4734,49.650001525878906,-0.4350000023841858,2025-01-11,3.5499999206513166,False
4735,49.650001525878906,-0.41999998688697815,2025-01-11,3.849999913945794,False
4736,49.650001525878906,-0.4050000011920929,2025-01-11,3.9799999110400677,False
4737,49.650001525878906,-0.38999998569488525,2025-01-11,4.039999909698963,False
4738,49.650001525878906,-0.375,2025-01-11,4.089999908581376,False
4739,49.650001525878906,-0.36000001430511475,2025-01-11,4.3199999034404755,False
4740,49.650001525878906,-0.3449999988079071,2025-01-11,4.449999900534749,False
4741,49.650001525878906,-0.33000001311302185,2025-01-11,4.369999902322888,False
4742,49.650001525878906,-0.3149999976158142,2025-01-11,4.449999900534749,False
4743,49.650001525878906,-0.30000001192092896,2025-01-11,4.689999895170331,False
4744,49.650001525878906,-0.2849999964237213,2025-01-11,4.599999897181988,False
4745,49.650001525878906,-0.27000001072883606,2025-01-11,4.52999989874661,False
4746,49.650001525878906,-0.2549999952316284,2025-01-11,4.539999898523092,False
4747,49.650001525878906,-0.23999999463558197,2025-01-11,4.719999894499779,False
4748,49.650001525878906,-0.22499999403953552,2025-01-11,4.56999989785254,False
4749,49.650001525878906,-0.20999999344348907,2025-01-11,4.549999898299575,False
4750,49.650001525878906,-0.19499999284744263,2025-01-11,4.639999896287918,False
4751,49.650001525878906,-0.18000000715255737,2025-01-11,4.729999894276261,False
4752,49.650001525878906,-0.16500000655651093,2025-01-11,4.559999898076057,False
4753,49.650001525878906,-0.15000000596046448,2025-01-11,4.56999989785254,False
4754,49.650001525878906,-0.13500000536441803,2025-01-11,4.619999896734953,False
4755,49.650001525878906,-0.11999999731779099,2025-01-11,4.559999898076057,False
4756,49.650001525878906,-0.10499999672174454,2025-01-11,4.29999990388751,False
4757,49.650001525878906,-0.09000000357627869,2025-01-11,4.409999901428819,True
4758,49.650001525878906,-0.07500000298023224,2025-01-11,4.52999989874661,True
4759,49.650001525878906,-0.05999999865889549,2025-01-11,4.559999898076057,True
4760,49.650001525878906,-0.04500000178813934,2025-01-11,4.7499998938292265,True
4761,49.650001525878906,-0.029999999329447746,2025-01-11,4.789999892935157,True
4762,49.650001525878906,-0.014999999664723873,2025-01-11,4.649999896064401,True
4763,49.650001525878906,0.0,2025-01-11,4.699999894946814,True
4764,49.650001525878906,0.014999999664723873,2025-01-11,5.069999886676669,True
4765,49.650001525878906,0.029999999329447746,2025-01-11,5.129999885335565,True
4766,49.650001525878906,0.04500000178813934,2025-01-11,5.7299998719245195,True
4767,49.650001525878906,0.05999999865889549,2025-01-11,5.22999988310039,True
4768,49.650001525878906,0.07500000298023224,2025-01-11,5.959999866783619,True
4769,49.650001525878906,0.09000000357627869,2025-01-11,7.469999833032489,True
4770,49.650001525878906,0.10499999672174454,2025-01-11,8.449999811127782,True
4771,49.650001525878906,0.11999999731779099,2025-01-11,8.47999981045723,False
4772,49.650001525878906,0.13500000536441803,2025-01-11,8.159999817609787,False
4773,49.650001525878906,0.15000000596046448,2025-01-11,,False
4774,49.650001525878906,0.16500000655651093,2025-01-11,,False
4775,49.650001525878906,0.18000000715255737,2025-01-11,,False
4776,49.650001525878906,0.19499999284744263,2025-01-11,,False
4777,49.650001525878906,0.20999999344348907,2025-01-11,,False
4778,49.650001525878906,0.22499999403953552,2025-01-11,,False
4779,49.650001525878906,0.23999999463558197,2025-01-11,,False
4780,49.650001525878906,0.2549999952316284,2025-01-11,,False
4781,49.650001525878906,0.27000001072883606,2025-01-11,,False
4782,49.650001525878906,0.2849999964237213,2025-01-11,,False
4783,49.650001525878906,0.30000001192092896,2025-01-11,,False
4784,49.650001525878906,0.3149999976158142,2025-01-11,,False
4785,49.650001525878906,0.33000001311302185,2025-01-11,,False
4786,49.650001525878906,0.3449999988079071,2025-01-11,,False
4787,49.650001525878906,0.36000001430511475,2025-01-11,,False
4788,49.650001525878906,0.375,2025-01-11,,False
4789,49.650001525878906,0.38999998569488525,2025-01-11,,False
4790,49.650001525878906,0.4050000011920929,2025-01-11,,False
4791,49.650001525878906,0.41999998688697815,2025-01-11,,False
4792,49.650001525878906,0.4350000023841858,2025-01-11,,False
4793,49.650001525878906,0.44999998807907104,2025-01-11,,False
4794,49.650001525878906,0.4650000035762787,2025-01-11,,False
4795,49.650001525878906,0.47999998927116394,2025-01-11,,False
4796,49.650001525878906,0.4950000047683716,2025-01-11,,False
4797,49.65999984741211,-1.2450000047683716,2025-01-11,,False
4798,49.65999984741211,-1.2300000190734863,2025-01-11,5.589999875053763,False
4799,49.65999984741211,-1.215000033378601,2025-01-11,3.8199999146163464,False
4800,49.65999984741211,-1.2000000476837158,2025-01-11,3.4099999237805605,False
4801,49.65999984741211,-1.184999942779541,2025-01-11,4.9899998884648085,False
4802,49.65999984741211,-1.1699999570846558,2025-01-11,3.4399999231100082,False
4803,49.65999984741211,-1.1549999713897705,2025-01-11,3.3899999242275953,False
4804,49.65999984741211,-1.1399999856948853,2025-01-11,3.399999924004078,False
4805,49.65999984741211,-1.125,2025-01-11,3.1699999291449785,False
4806,49.65999984741211,-1.1100000143051147,2025-01-11,2.4799999445676804,False
4807,49.65999984741211,-1.0950000286102295,2025-01-11,2.579999942332506,False
4808,49.65999984741211,-1.0800000429153442,2025-01-11,2.5899999421089888,False
4809,49.65999984741211,-1.065000057220459,2025-01-11,2.6499999407678843,False
4810,49.65999984741211,-1.0499999523162842,2025-01-11,2.509999943897128,False
4811,49.65999984741211,-1.034999966621399,2025-01-11,2.699999939650297,False
4812,49.65999984741211,-1.0199999809265137,2025-01-11,2.7599999383091927,False
4813,49.65999984741211,-1.0049999952316284,2025-01-11,2.819999936968088,False
4814,49.65999984741211,-0.9900000095367432,2025-01-11,2.8399999365210533,False
4815,49.65999984741211,-0.9750000238418579,2025-01-11,2.969999933615327,False
4816,49.65999984741211,-0.9599999785423279,2025-01-11,2.939999934285879,False
4817,49.65999984741211,-0.9449999928474426,2025-01-11,3.1999999284744263,False
4818,49.65999984741211,-0.9300000071525574,2025-01-11,3.4399999231100082,False
4819,49.65999984741211,-0.9150000214576721,2025-01-11,3.4599999226629734,False
4820,49.65999984741211,-0.8999999761581421,2025-01-11,3.589999919757247,False
4821,49.65999984741211,-0.8849999904632568,2025-01-11,3.589999919757247,False
4822,49.65999984741211,-0.8700000047683716,2025-01-11,3.7899999152868986,False
4823,49.65999984741211,-0.8550000190734863,2025-01-11,3.5599999204277992,False
4824,49.65999984741211,-0.8399999737739563,2025-01-11,3.6699999179691076,False
4825,49.65999984741211,-0.824999988079071,2025-01-11,3.7199999168515205,False
4826,49.65999984741211,-0.8100000023841858,2025-01-11,3.6299999188631773,False
4827,49.65999984741211,-0.7950000166893005,2025-01-11,3.4599999226629734,False
4828,49.65999984741211,-0.7799999713897705,2025-01-11,3.539999920874834,False
4829,49.65999984741211,-0.7649999856948853,2025-01-11,3.399999924004078,False
4830,49.65999984741211,-0.75,2025-01-11,3.419999923557043,False
4831,49.65999984741211,-0.7350000143051147,2025-01-11,3.449999922886491,False
4832,49.65999984741211,-0.7200000286102295,2025-01-11,3.4299999233335257,False
4833,49.65999984741211,-0.7049999833106995,2025-01-11,3.569999920204282,False
4834,49.65999984741211,-0.6899999976158142,2025-01-11,3.5299999210983515,False
4835,49.65999984741211,-0.675000011920929,2025-01-11,3.4299999233335257,False
4836,49.65999984741211,-0.6600000262260437,2025-01-11,3.3199999257922173,False
4837,49.65999984741211,-0.6449999809265137,2025-01-11,3.3099999260157347,False
4838,49.65999984741211,-0.6299999952316284,2025-01-11,3.1899999286979437,False
4839,49.65999984741211,-0.6150000095367432,2025-01-11,3.179999928921461,False
4840,49.65999984741211,-0.6000000238418579,2025-01-11,3.1499999295920134,False
4841,49.65999984741211,-0.5849999785423279,2025-01-11,2.899999935179949,False
4842,49.65999984741211,-0.5699999928474426,2025-01-11,2.5899999421089888,False
4843,49.65999984741211,-0.5550000071525574,2025-01-11,2.319999948143959,False
4844,49.65999984741211,-0.5400000214576721,2025-01-11,2.1599999517202377,False
4845,49.65999984741211,-0.5249999761581421,2025-01-11,2.1699999514967203,False
4846,49.65999984741211,-0.5099999904632568,2025-01-11,2.059999953955412,False
4847,49.65999984741211,-0.4950000047683716,2025-01-11,2.12999995239079,False
4848,49.65999984741211,-0.47999998927116394,2025-01-11,2.319999948143959,False
4849,49.65999984741211,-0.4650000035762787,2025-01-11,2.5899999421089888,False
4850,49.65999984741211,-0.44999998807907104,2025-01-11,3.039999932050705,False
4851,49.65999984741211,-0.4350000023841858,2025-01-11,3.3899999242275953,False
4852,49.65999984741211,-0.41999998688697815,2025-01-11,3.4999999217689037,False
4853,49.65999984741211,-0.4050000011920929,2025-01-11,3.849999913945794,False
4854,49.65999984741211,-0.38999998569488525,2025-01-11,3.9799999110400677,False
4855,49.65999984741211,-0.375,2025-01-11,4.049999909475446,False
4856,49.65999984741211,-0.36000001430511475,2025-01-11,4.179999906569719,False
4857,49.65999984741211,-0.3449999988079071,2025-01-11,4.419999901205301,False
4858,49.65999984741211,-0.33000001311302185,2025-01-11,4.21999990567565,False
4859,49.65999984741211,-0.3149999976158142,2025-01-11,4.3199999034404755,False
4860,49.65999984741211,-0.30000001192092896,2025-01-11,4.349999902769923,False
4861,49.65999984741211,-0.2849999964237213,2025-01-11,4.3899999018758535,False
4862,49.65999984741211,-0.27000001072883606,2025-01-11,4.52999989874661,False
4863,49.65999984741211,-0.2549999952316284,2025-01-11,4.399999901652336,False
4864,49.65999984741211,-0.23999999463558197,2025-01-11,4.429999900981784,False
4865,49.65999984741211,-0.22499999403953552,2025-01-11,4.519999898970127,False
4866,49.65999984741211,-0.20999999344348907,2025-01-11,4.60999989695847,False
4867,49.65999984741211,-0.19499999284744263,2025-01-11,4.6299998965114355,False
4868,49.65999984741211,-0.18000000715255737,2025-01-11,4.499999899417162,False
4869,49.65999984741211,-0.16500000655651093,2025-01-11,4.449999900534749,False
4870,49.65999984741211,-0.15000000596046448,2025-01-11,4.589999897405505,False
4871,49.65999984741211,-0.13500000536441803,2025-01-11,4.599999897181988,False
4872,49.65999984741211,-0.11999999731779099,2025-01-11,4.469999900087714,False
4873,49.65999984741211,-0.10499999672174454,2025-01-11,4.5099998991936445,False
4874,49.65999984741211,-0.09000000357627869,2025-01-11,4.279999904334545,False
4875,49.65999984741211,-0.07500000298023224,2025-01-11,4.489999899640679,False
4876,49.65999984741211,-0.05999999865889549,2025-01-11,4.479999899864197,True
4877,49.65999984741211,-0.04500000178813934,2025-01-11,4.699999894946814,True
4878,49.65999984741211,-0.029999999329447746,2025-01-11,4.7499998938292265,True
4879,49.65999984741211,-0.014999999664723873,2025-01-11,4.719999894499779,True
4880,49.65999984741211,0.0,2025-01-11,4.539999898523092,True
4881,49.65999984741211,0.014999999664723873,2025-01-11,4.7499998938292265,True
4882,49.65999984741211,0.029999999329447746,2025-01-11,4.9399998895823956,True
4883,49.65999984741211,0.04500000178813934,2025-01-11,5.069999886676669,True
4884,49.65999984741211,0.05999999865889549,2025-01-11,4.889999890699983,True
4885,49.65999984741211,0.07500000298023224,2025-01-11,5.159999884665012,True
4886,49.65999984741211,0.09000000357627869,2025-01-11,6.599999852478504,True
4887,49.65999984741211,0.10499999672174454,2025-01-11,8.239999815821648,True
4888,49.65999984741211,0.11999999731779099,2025-01-11,7.719999827444553,False
4889,49.65999984741211,0.13500000536441803,2025-01-11,7.759999826550484,False
4890,49.65999984741211,0.15000000596046448,2025-01-11,,False
4891,49.65999984741211,0.16500000655651093,2025-01-11,,False
4892,49.65999984741211,0.18000000715255737,2025-01-11,,False
4893,49.65999984741211,0.19499999284744263,2025-01-11,,False
4894,49.65999984741211,0.20999999344348907,2025-01-11,,False
4895,49.65999984741211,0.22499999403953552,2025-01-11,,False
4896,49.65999984741211,0.23999999463558197,2025-01-11,,False
4897,49.65999984741211,0.2549999952316284,2025-01-11,,False
4898,49.65999984741211,0.27000001072883606,2025-01-11,,False
4899,49.65999984741211,0.2849999964237213,2025-01-11,,False
4900,49.65999984741211,0.30000001192092896,2025-01-11,,False
4901,49.65999984741211,0.3149999976158142,2025-01-11,,False
4902,49.65999984741211,0.33000001311302185,2025-01-11,,False
4903,49.65999984741211,0.3449999988079071,2025-01-11,,False
4904,49.65999984741211,0.36000001430511475,2025-01-11,,False
4905,49.65999984741211,0.375,2025-01-11,,False
4906,49.65999984741211,0.38999998569488525,2025-01-11,,False
4907,49.65999984741211,0.4050000011920929,2025-01-11,,False
4908,49.65999984741211,0.41999998688697815,2025-01-11,,False
4909,49.65999984741211,0.4350000023841858,2025-01-11,,False
4910,49.65999984741211,0.44999998807907104,2025-01-11,,False
4911,49.65999984741211,0.4650000035762787,2025-01-11,,False
4912,49.65999984741211,0.47999998927116394,2025-01-11,,False
4913,49.65999984741211,0.4950000047683716,2025-01-11,,False
4914,49.66999816894531,-1.2450000047683716,2025-01-11,2.269999949261546,False
4915,49.66999816894531,-1.2300000190734863,2025-01-11,4.789999892935157,False
4916,49.66999816894531,-1.215000033378601,2025-01-11,3.9399999119341373,False
4917,49.66999816894531,-1.2000000476837158,2025-01-11,3.7499999161809683,False
4918,49.66999816894531,-1.184999942779541,2025-01-11,3.1499999295920134,False
4919,49.66999816894531,-1.1699999570846558,2025-01-11,3.01999993249774,False
4920,49.66999816894531,-1.1549999713897705,2025-01-11,3.039999932050705,False
4921,49.66999816894531,-1.1399999856948853,2025-01-11,3.009999932721257,False
4922,49.66999816894531,-1.125,2025-01-11,2.8799999356269836,False
4923,49.66999816894531,-1.1100000143051147,2025-01-11,2.849999936297536,False
4924,49.66999816894531,-1.0950000286102295,2025-01-11,2.729999938979745,False
4925,49.66999816894531,-1.0800000429153442,2025-01-11,2.989999933168292,False
4926,49.66999816894531,-1.065000057220459,2025-01-11,3.0499999318271875,False
4927,49.66999816894531,-1.0499999523162842,2025-01-11,2.799999937415123,False
4928,49.66999816894531,-1.034999966621399,2025-01-11,2.919999934732914,False
4929,49.66999816894531,-1.0199999809265137,2025-01-11,2.9099999349564314,False
4930,49.66999816894531,-1.0049999952316284,2025-01-11,2.9099999349564314,False
4931,49.66999816894531,-0.9900000095367432,2025-01-11,2.9099999349564314,False
4932,49.66999816894531,-0.9750000238418579,2025-01-11,3.159999929368496,False
4933,49.66999816894531,-0.9599999785423279,2025-01-11,3.2699999269098043,False
4934,49.66999816894531,-0.9449999928474426,2025-01-11,3.349999925121665,False
4935,49.66999816894531,-0.9300000071525574,2025-01-11,3.469999922439456,False
4936,49.66999816894531,-0.9150000214576721,2025-01-11,3.63999991863966,False
4937,49.66999816894531,-0.8999999761581421,2025-01-11,3.5299999210983515,False
4938,49.66999816894531,-0.8849999904632568,2025-01-11,3.729999916628003,False
4939,49.66999816894531,-0.8700000047683716,2025-01-11,3.609999919310212,False
4940,49.66999816894531,-0.8550000190734863,2025-01-11,3.609999919310212,False
4941,49.66999816894531,-0.8399999737739563,2025-01-11,3.6699999179691076,False
4942,49.66999816894531,-0.824999988079071,2025-01-11,3.7899999152868986,False
4943,49.66999816894531,-0.8100000023841858,2025-01-11,3.7399999164044857,False
4944,49.66999816894531,-0.7950000166893005,2025-01-11,3.6699999179691076,False
4945,49.66999816894531,-0.7799999713897705,2025-01-11,3.7399999164044857,False
4946,49.66999816894531,-0.7649999856948853,2025-01-11,3.6199999190866947,False
4947,49.66999816894531,-0.75,2025-01-11,3.4599999226629734,False
4948,49.66999816894531,-0.7350000143051147,2025-01-11,3.4299999233335257,False
4949,49.66999816894531,-0.7200000286102295,2025-01-11,3.539999920874834,False
4950,49.66999816894531,-0.7049999833106995,2025-01-11,3.4999999217689037,False
4951,49.66999816894531,-0.6899999976158142,2025-01-11,3.449999922886491,False
4952,49.66999816894531,-0.675000011920929,2025-01-11,3.3099999260157347,False
4953,49.66999816894531,-0.6600000262260437,2025-01-11,3.3099999260157347,False
4954,49.66999816894531,-0.6449999809265137,2025-01-11,3.249999927356839,False
4955,49.66999816894531,-0.6299999952316284,2025-01-11,3.1999999284744263,False
4956,49.66999816894531,-0.6150000095367432,2025-01-11,3.0799999311566353,False
4957,49.66999816894531,-0.6000000238418579,2025-01-11,2.989999933168292,False
4958,49.66999816894531,-0.5849999785423279,2025-01-11,2.8899999354034662,False
4959,49.66999816894531,-0.5699999928474426,2025-01-11,2.5699999425560236,False
4960,49.66999816894531,-0.5550000071525574,2025-01-11,2.2799999490380287,False
4961,49.66999816894531,-0.5400000214576721,2025-01-11,2.0699999537318945,False
4962,49.66999816894531,-0.5249999761581421,2025-01-11,2.0999999530613422,False
4963,49.66999816894531,-0.5099999904632568,2025-01-11,2.059999953955412,False
4964,49.66999816894531,-0.4950000047683716,2025-01-11,2.0199999548494816,False
4965,49.66999816894531,-0.47999998927116394,2025-01-11,2.1399999521672726,False
4966,49.66999816894531,-0.4650000035762787,2025-01-11,2.269999949261546,False
4967,49.66999816894531,-0.44999998807907104,2025-01-11,2.699999939650297,False
4968,49.66999816894531,-0.4350000023841858,2025-01-11,3.109999930486083,False
4969,49.66999816894531,-0.41999998688697815,2025-01-11,3.3099999260157347,False
4970,49.66999816894531,-0.4050000011920929,2025-01-11,3.689999917522073,False
4971,49.66999816894531,-0.38999998569488525,2025-01-11,3.7699999157339334,False
4972,49.66999816894531,-0.375,2025-01-11,3.879999913275242,False
4973,49.66999816894531,-0.36000001430511475,2025-01-11,4.039999909698963,False
4974,49.66999816894531,-0.3449999988079071,2025-01-11,4.189999906346202,False
4975,49.66999816894531,-0.33000001311302185,2025-01-11,4.229999905452132,False
4976,49.66999816894531,-0.3149999976158142,2025-01-11,4.359999902546406,False
4977,49.66999816894531,-0.30000001192092896,2025-01-11,4.239999905228615,False
4978,49.66999816894531,-0.2849999964237213,2025-01-11,4.229999905452132,False
4979,49.66999816894531,-0.27000001072883606,2025-01-11,4.52999989874661,False
4980,49.66999816894531,-0.2549999952316284,2025-01-11,4.379999902099371,False
4981,49.66999816894531,-0.23999999463558197,2025-01-11,4.519999898970127,False
4982,49.66999816894531,-0.22499999403953552,2025-01-11,4.549999898299575,False
4983,49.66999816894531,-0.20999999344348907,2025-01-11,4.459999900311232,False
4984,49.66999816894531,-0.19499999284744263,2025-01-11,4.449999900534749,False
4985,49.66999816894531,-0.18000000715255737,2025-01-11,4.489999899640679,False
4986,49.66999816894531,-0.16500000655651093,2025-01-11,4.489999899640679,False
4987,49.66999816894531,-0.15000000596046448,2025-01-11,4.519999898970127,False
4988,49.66999816894531,-0.13500000536441803,2025-01-11,4.349999902769923,False
4989,49.66999816894531,-0.11999999731779099,2025-01-11,4.239999905228615,False
4990,49.66999816894531,-0.10499999672174454,2025-01-11,4.519999898970127,False
4991,49.66999816894531,-0.09000000357627869,2025-01-11,4.25999990478158,False
4992,49.66999816894531,-0.07500000298023224,2025-01-11,4.369999902322888,False
4993,49.66999816894531,-0.05999999865889549,2025-01-11,4.329999903216958,False
4994,49.66999816894531,-0.04500000178813934,2025-01-11,4.379999902099371,False
4995,49.66999816894531,-0.029999999329447746,2025-01-11,4.60999989695847,False
4996,49.66999816894531,-0.014999999664723873,2025-01-11,4.539999898523092,True
4997,49.66999816894531,0.0,2025-01-11,4.7499998938292265,True
4998,49.66999816894531,0.014999999664723873,2025-01-11,4.7499998938292265,True
4999,49.66999816894531,0.029999999329447746,2025-01-11,4.929999889805913,True
5000,49.66999816894531,0.04500000178813934,2025-01-11,4.519999898970127,True
5001,49.66999816894531,0.05999999865889549,2025-01-11,4.679999895393848,True
5002,49.66999816894531,0.07500000298023224,2025-01-11,5.289999881759286,True
5003,49.66999816894531,0.09000000357627869,2025-01-11,6.529999854043126,True
5004,49.66999816894531,0.10499999672174454,2025-01-11,7.879999823868275,True
5005,49.66999816894531,0.11999999731779099,2025-01-11,8.029999820515513,False
5006,49.66999816894531,0.13500000536441803,2025-01-11,8.299999814480543,False
5007,49.66999816894531,0.15000000596046448,2025-01-11,8.47999981045723,False
5008,49.66999816894531,0.16500000655651093,2025-01-11,,False
5009,49.66999816894531,0.18000000715255737,2025-01-11,,False
5010,49.66999816894531,0.19499999284744263,2025-01-11,,False
5011,49.66999816894531,0.20999999344348907,2025-01-11,,False
5012,49.66999816894531,0.22499999403953552,2025-01-11,,False
5013,49.66999816894531,0.23999999463558197,2025-01-11,,False
5014,49.66999816894531,0.2549999952316284,2025-01-11,,False
5015,49.66999816894531,0.27000001072883606,2025-01-11,,False
5016,49.66999816894531,0.2849999964237213,2025-01-11,,False
5017,49.66999816894531,0.30000001192092896,2025-01-11,,False
5018,49.66999816894531,0.3149999976158142,2025-01-11,,False
5019,49.66999816894531,0.33000001311302185,2025-01-11,,False
5020,49.66999816894531,0.3449999988079071,2025-01-11,,False
5021,49.66999816894531,0.36000001430511475,2025-01-11,,False
5022,49.66999816894531,0.375,2025-01-11,,False
5023,49.66999816894531,0.38999998569488525,2025-01-11,,False
5024,49.66999816894531,0.4050000011920929,2025-01-11,,False
5025,49.66999816894531,0.41999998688697815,2025-01-11,,False
5026,49.66999816894531,0.4350000023841858,2025-01-11,,False
5027,49.66999816894531,0.44999998807907104,2025-01-11,,False
5028,49.66999816894531,0.4650000035762787,2025-01-11,,False
5029,49.66999816894531,0.47999998927116394,2025-01-11,,False
5030,49.66999816894531,0.4950000047683716,2025-01-11,,False
5031,49.68000030517578,-1.2450000047683716,2025-01-11,4.249999905005097,False
5032,49.68000030517578,-1.2300000190734863,2025-01-11,4.429999900981784,False
5033,49.68000030517578,-1.215000033378601,2025-01-11,3.179999928921461,False
5034,49.68000030517578,-1.2000000476837158,2025-01-11,3.0799999311566353,False
5035,49.68000030517578,-1.184999942779541,2025-01-11,3.2199999280273914,False
5036,49.68000030517578,-1.1699999570846558,2025-01-11,2.74999993853271,False
5037,49.68000030517578,-1.1549999713897705,2025-01-11,3.01999993249774,False
5038,49.68000030517578,-1.1399999856948853,2025-01-11,2.9099999349564314,False
5039,49.68000030517578,-1.125,2025-01-11,2.7399999387562275,False
5040,49.68000030517578,-1.1100000143051147,2025-01-11,3.05999993160367,False
5041,49.68000030517578,-1.0950000286102295,2025-01-11,2.8899999354034662,False
5042,49.68000030517578,-1.0800000429153442,2025-01-11,2.969999933615327,False
5043,49.68000030517578,-1.065000057220459,2025-01-11,3.1699999291449785,False
5044,49.68000030517578,-1.0499999523162842,2025-01-11,3.0699999313801527,False
5045,49.68000030517578,-1.034999966621399,2025-01-11,2.9599999338388443,False
5046,49.68000030517578,-1.0199999809265137,2025-01-11,3.1499999295920134,False
5047,49.68000030517578,-1.0049999952316284,2025-01-11,3.0999999307096004,False
5048,49.68000030517578,-0.9900000095367432,2025-01-11,3.129999930039048,False
5049,49.68000030517578,-0.9750000238418579,2025-01-11,3.279999926686287,False
5050,49.68000030517578,-0.9599999785423279,2025-01-11,3.4099999237805605,False
5051,49.68000030517578,-0.9449999928474426,2025-01-11,3.4999999217689037,False
5052,49.68000030517578,-0.9300000071525574,2025-01-11,3.6699999179691076,False
5053,49.68000030517578,-0.9150000214576721,2025-01-11,3.539999920874834,False
5054,49.68000030517578,-0.8999999761581421,2025-01-11,3.5799999199807644,False
5055,49.68000030517578,-0.8849999904632568,2025-01-11,3.659999918192625,False
5056,49.68000030517578,-0.8700000047683716,2025-01-11,3.589999919757247,False
5057,49.68000030517578,-0.8550000190734863,2025-01-11,3.779999915510416,False
5058,49.68000030517578,-0.8399999737739563,2025-01-11,3.6699999179691076,False
5059,49.68000030517578,-0.824999988079071,2025-01-11,3.5999999195337296,False
5060,49.68000030517578,-0.8100000023841858,2025-01-11,3.7199999168515205,False
5061,49.68000030517578,-0.7950000166893005,2025-01-11,3.689999917522073,False
5062,49.68000030517578,-0.7799999713897705,2025-01-11,3.6699999179691076,False
5063,49.68000030517578,-0.7649999856948853,2025-01-11,3.6999999172985554,False
5064,49.68000030517578,-0.75,2025-01-11,3.5299999210983515,False
5065,49.68000030517578,-0.7350000143051147,2025-01-11,3.4999999217689037,False
5066,49.68000030517578,-0.7200000286102295,2025-01-11,3.5299999210983515,False
5067,49.68000030517578,-0.7049999833106995,2025-01-11,3.449999922886491,False
5068,49.68000030517578,-0.6899999976158142,2025-01-11,3.3299999255687,False
5069,49.68000030517578,-0.675000011920929,2025-01-11,3.349999925121665,False
5070,49.68000030517578,-0.6600000262260437,2025-01-11,3.179999928921461,False
5071,49.68000030517578,-0.6449999809265137,2025-01-11,3.1399999298155308,False
5072,49.68000030517578,-0.6299999952316284,2025-01-11,3.0799999311566353,False
5073,49.68000030517578,-0.6150000095367432,2025-01-11,3.039999932050705,False
5074,49.68000030517578,-0.6000000238418579,2025-01-11,2.8599999360740185,False
5075,49.68000030517578,-0.5849999785423279,2025-01-11,2.779999937862158,False
5076,49.68000030517578,-0.5699999928474426,2025-01-11,2.579999942332506,False
5077,49.68000030517578,-0.5550000071525574,2025-01-11,2.229999950155616,False
5078,49.68000030517578,-0.5400000214576721,2025-01-11,2.1199999526143074,False
5079,49.68000030517578,-0.5249999761581421,2025-01-11,1.9699999559670687,False
5080,49.68000030517578,-0.5099999904632568,2025-01-11,1.9299999568611383,False
5081,49.68000030517578,-0.4950000047683716,2025-01-11,1.9099999573081732,False
5082,49.68000030517578,-0.47999998927116394,2025-01-11,1.9299999568611383,False
5083,49.68000030517578,-0.4650000035762787,2025-01-11,2.0699999537318945,False
5084,49.68000030517578,-0.44999998807907104,2025-01-11,2.3299999479204416,False
5085,49.68000030517578,-0.4350000023841858,2025-01-11,2.6399999409914017,False
5086,49.68000030517578,-0.41999998688697815,2025-01-11,2.819999936968088,False
5087,49.68000030517578,-0.4050000011920929,2025-01-11,3.159999929368496,False
5088,49.68000030517578,-0.38999998569488525,2025-01-11,3.3099999260157347,False
5089,49.68000030517578,-0.375,2025-01-11,3.449999922886491,False
5090,49.68000030517578,-0.36000001430511475,2025-01-11,3.829999914392829,False
5091,49.68000030517578,-0.3449999988079071,2025-01-11,4.019999910145998,False
5092,49.68000030517578,-0.33000001311302185,2025-01-11,3.9299999121576548,False
5093,49.68000030517578,-0.3149999976158142,2025-01-11,4.119999907910824,False
5094,49.68000030517578,-0.30000001192092896,2025-01-11,4.3199999034404755,False
5095,49.68000030517578,-0.2849999964237213,2025-01-11,4.249999905005097,False
5096,49.68000030517578,-0.27000001072883606,2025-01-11,4.159999907016754,False
5097,49.68000030517578,-0.2549999952316284,2025-01-11,4.4399999007582664,False
5098,49.68000030517578,-0.23999999463558197,2025-01-11,4.339999902993441,False
5099,49.68000030517578,-0.22499999403953552,2025-01-11,4.449999900534749,False
5100,49.68000030517578,-0.20999999344348907,2025-01-11,4.369999902322888,False
5101,49.68000030517578,-0.19499999284744263,2025-01-11,4.249999905005097,False
5102,49.68000030517578,-0.18000000715255737,2025-01-11,4.29999990388751,False
5103,49.68000030517578,-0.16500000655651093,2025-01-11,4.489999899640679,False
5104,49.68000030517578,-0.15000000596046448,2025-01-11,4.2699999045580626,False
5105,49.68000030517578,-0.13500000536441803,2025-01-11,4.279999904334545,False
5106,49.68000030517578,-0.11999999731779099,2025-01-11,4.329999903216958,False
5107,49.68000030517578,-0.10499999672174454,2025-01-11,4.129999907687306,False
5108,49.68000030517578,-0.09000000357627869,2025-01-11,4.179999906569719,False
5109,49.68000030517578,-0.07500000298023224,2025-01-11,4.2699999045580626,False
5110,49.68000030517578,-0.05999999865889549,2025-01-11,4.329999903216958,False
5111,49.68000030517578,-0.04500000178813934,2025-01-11,4.499999899417162,False
5112,49.68000030517578,-0.029999999329447746,2025-01-11,4.549999898299575,False
5113,49.68000030517578,-0.014999999664723873,2025-01-11,4.639999896287918,False
5114,49.68000030517578,0.0,2025-01-11,4.789999892935157,True
5115,49.68000030517578,0.014999999664723873,2025-01-11,4.60999989695847,True
5116,49.68000030517578,0.029999999329447746,2025-01-11,4.789999892935157,True
5117,49.68000030517578,0.04500000178813934,2025-01-11,4.689999895170331,True
5118,49.68000030517578,0.05999999865889549,2025-01-11,4.619999896734953,True
5119,49.68000030517578,0.07500000298023224,2025-01-11,5.22999988310039,True
5120,49.68000030517578,0.09000000357627869,2025-01-11,6.669999850913882,True
5121,49.68000030517578,0.10499999672174454,2025-01-11,8.359999813139439,True
5122,49.68000030517578,0.11999999731779099,2025-01-11,9.969999777153134,False
5123,49.68000030517578,0.13500000536441803,2025-01-11,10.37999976798892,False
5124,49.68000030517578,0.15000000596046448,2025-01-11,11.379999745637178,False
5125,49.68000030517578,0.16500000655651093,2025-01-11,,False
5126,49.68000030517578,0.18000000715255737,2025-01-11,,False
5127,49.68000030517578,0.19499999284744263,2025-01-11,,False
5128,49.68000030517578,0.20999999344348907,2025-01-11,,False
5129,49.68000030517578,0.22499999403953552,2025-01-11,,False
5130,49.68000030517578,0.23999999463558197,2025-01-11,,False
5131,49.68000030517578,0.2549999952316284,2025-01-11,,False
5132,49.68000030517578,0.27000001072883606,2025-01-11,,False
5133,49.68000030517578,0.2849999964237213,2025-01-11,,False
5134,49.68000030517578,0.30000001192092896,2025-01-11,,False
5135,49.68000030517578,0.3149999976158142,2025-01-11,,False
5136,49.68000030517578,0.33000001311302185,2025-01-11,,False
5137,49.68000030517578,0.3449999988079071,2025-01-11,,False
5138,49.68000030517578,0.36000001430511475,2025-01-11,,False
5139,49.68000030517578,0.375,2025-01-11,,False
5140,49.68000030517578,0.38999998569488525,2025-01-11,,False
5141,49.68000030517578,0.4050000011920929,2025-01-11,,False
5142,49.68000030517578,0.41999998688697815,2025-01-11,,False
5143,49.68000030517578,0.4350000023841858,2025-01-11,,False
5144,49.68000030517578,0.44999998807907104,2025-01-11,,False
5145,49.68000030517578,0.4650000035762787,2025-01-11,,False
5146,49.68000030517578,0.47999998927116394,2025-01-11,,False
5147,49.68000030517578,0.4950000047683716,2025-01-11,,False
5148,49.689998626708984,-1.2450000047683716,2025-01-11,3.3099999260157347,False
5149,49.689998626708984,-1.2300000190734863,2025-01-11,2.939999934285879,False
5150,49.689998626708984,-1.215000033378601,2025-01-11,4.339999902993441,False
5151,49.689998626708984,-1.2000000476837158,2025-01-11,2.6899999398738146,False
5152,49.689998626708984,-1.184999942779541,2025-01-11,3.129999930039048,False
5153,49.689998626708984,-1.1699999570846558,2025-01-11,2.679999940097332,False
5154,49.689998626708984,-1.1549999713897705,2025-01-11,2.699999939650297,False
5155,49.689998626708984,-1.1399999856948853,2025-01-11,3.0799999311566353,False
5156,49.689998626708984,-1.125,2025-01-11,3.179999928921461,False
5157,49.689998626708984,-1.1100000143051147,2025-01-11,3.299999926239252,False
5158,49.689998626708984,-1.0950000286102295,2025-01-11,3.1699999291449785,False
5159,49.689998626708984,-1.0800000429153442,2025-01-11,3.0699999313801527,False
5160,49.689998626708984,-1.065000057220459,2025-01-11,3.299999926239252,False
5161,49.689998626708984,-1.0499999523162842,2025-01-11,3.3099999260157347,False
5162,49.689998626708984,-1.034999966621399,2025-01-11,3.2599999271333218,False
5163,49.689998626708984,-1.0199999809265137,2025-01-11,3.3899999242275953,False
5164,49.689998626708984,-1.0049999952316284,2025-01-11,3.0999999307096004,False
5165,49.689998626708984,-0.9900000095367432,2025-01-11,3.179999928921461,False
5166,49.689998626708984,-0.9750000238418579,2025-01-11,3.539999920874834,False
5167,49.689998626708984,-0.9599999785423279,2025-01-11,3.5599999204277992,False
5168,49.689998626708984,-0.9449999928474426,2025-01-11,3.519999921321869,False
5169,49.689998626708984,-0.9300000071525574,2025-01-11,3.799999915063381,False
5170,49.689998626708984,-0.9150000214576721,2025-01-11,3.7399999164044857,False
5171,49.689998626708984,-0.8999999761581421,2025-01-11,3.7899999152868986,False
5172,49.689998626708984,-0.8849999904632568,2025-01-11,3.5999999195337296,False
5173,49.689998626708984,-0.8700000047683716,2025-01-11,3.6999999172985554,False
5174,49.689998626708984,-0.8550000190734863,2025-01-11,3.8399999141693115,False
5175,49.689998626708984,-0.8399999737739563,2025-01-11,3.759999915957451,False
5176,49.689998626708984,-0.824999988079071,2025-01-11,3.6999999172985554,False
5177,49.689998626708984,-0.8100000023841858,2025-01-11,3.689999917522073,False
5178,49.689998626708984,-0.7950000166893005,2025-01-11,3.6999999172985554,False
5179,49.689998626708984,-0.7799999713897705,2025-01-11,3.609999919310212,False
5180,49.689998626708984,-0.7649999856948853,2025-01-11,3.5599999204277992,False
5181,49.689998626708984,-0.75,2025-01-11,3.609999919310212,False
5182,49.689998626708984,-0.7350000143051147,2025-01-11,3.589999919757247,False
5183,49.689998626708984,-0.7200000286102295,2025-01-11,3.4799999222159386,False
5184,49.689998626708984,-0.7049999833106995,2025-01-11,3.4599999226629734,False
5185,49.689998626708984,-0.6899999976158142,2025-01-11,3.4099999237805605,False
5186,49.689998626708984,-0.675000011920929,2025-01-11,3.4299999233335257,False
5187,49.689998626708984,-0.6600000262260437,2025-01-11,3.2599999271333218,False
5188,49.689998626708984,-0.6449999809265137,2025-01-11,3.1199999302625656,False
5189,49.689998626708984,-0.6299999952316284,2025-01-11,3.01999993249774,False
5190,49.689998626708984,-0.6150000095367432,2025-01-11,3.01999993249774,False
5191,49.689998626708984,-0.6000000238418579,2025-01-11,2.8899999354034662,False
5192,49.689998626708984,-0.5849999785423279,2025-01-11,2.74999993853271,False
5193,49.689998626708984,-0.5699999928474426,2025-01-11,2.4699999447911978,False
5194,49.689998626708984,-0.5550000071525574,2025-01-11,2.1599999517202377,False
5195,49.689998626708984,-0.5400000214576721,2025-01-11,2.029999954625964,False
5196,49.689998626708984,-0.5249999761581421,2025-01-11,1.8699999582022429,False
5197,49.689998626708984,-0.5099999904632568,2025-01-11,1.8499999586492777,False
5198,49.689998626708984,-0.4950000047683716,2025-01-11,1.8699999582022429,False
5199,49.689998626708984,-0.47999998927116394,2025-01-11,1.9199999570846558,False
5200,49.689998626708984,-0.4650000035762787,2025-01-11,1.9499999564141035,False
5201,49.689998626708984,-0.44999998807907104,2025-01-11,2.0499999541789293,False
5202,49.689998626708984,-0.4350000023841858,2025-01-11,2.1699999514967203,False
5203,49.689998626708984,-0.41999998688697815,2025-01-11,2.249999949708581,False
5204,49.689998626708984,-0.4050000011920929,2025-01-11,2.43999994546175,False
5205,49.689998626708984,-0.38999998569488525,2025-01-11,2.6399999409914017,False
5206,49.689998626708984,-0.375,2025-01-11,2.8899999354034662,False
5207,49.689998626708984,-0.36000001430511475,2025-01-11,3.0699999313801527,False
5208,49.689998626708984,-0.3449999988079071,2025-01-11,3.3299999255687,False
5209,49.689998626708984,-0.33000001311302185,2025-01-11,3.449999922886491,False
5210,49.689998626708984,-0.3149999976158142,2025-01-11,3.489999921992421,False
5211,49.689998626708984,-0.30000001192092896,2025-01-11,3.5599999204277992,False
5212,49.689998626708984,-0.2849999964237213,2025-01-11,4.089999908581376,False
5213,49.689998626708984,-0.27000001072883606,2025-01-11,4.009999910369515,False
5214,49.689998626708984,-0.2549999952316284,2025-01-11,4.239999905228615,False
5215,49.689998626708984,-0.23999999463558197,2025-01-11,4.189999906346202,False
5216,49.689998626708984,-0.22499999403953552,2025-01-11,4.289999904111028,False
5217,49.689998626708984,-0.20999999344348907,2025-01-11,4.239999905228615,False
5218,49.689998626708984,-0.19499999284744263,2025-01-11,4.249999905005097,False
5219,49.689998626708984,-0.18000000715255737,2025-01-11,4.149999907240272,False
5220,49.689998626708984,-0.16500000655651093,2025-01-11,4.339999902993441,False
5221,49.689998626708984,-0.15000000596046448,2025-01-11,4.2699999045580626,False
5222,49.689998626708984,-0.13500000536441803,2025-01-11,4.0799999088048935,False
5223,49.689998626708984,-0.11999999731779099,2025-01-11,4.119999907910824,False
5224,49.689998626708984,-0.10499999672174454,2025-01-11,4.159999907016754,False
5225,49.689998626708984,-0.09000000357627869,2025-01-11,4.29999990388751,False
5226,49.689998626708984,-0.07500000298023224,2025-01-11,4.419999901205301,False
5227,49.689998626708984,-0.05999999865889549,2025-01-11,4.399999901652336,False
5228,49.689998626708984,-0.04500000178813934,2025-01-11,4.52999989874661,False
5229,49.689998626708984,-0.029999999329447746,2025-01-11,4.419999901205301,False
5230,49.689998626708984,-0.014999999664723873,2025-01-11,4.699999894946814,False
5231,49.689998626708984,0.0,2025-01-11,4.5099998991936445,True
5232,49.689998626708984,0.014999999664723873,2025-01-11,4.599999897181988,True
5233,49.689998626708984,0.029999999329447746,2025-01-11,4.579999897629023,True
5234,49.689998626708984,0.04500000178813934,2025-01-11,4.729999894276261,True
5235,49.689998626708984,0.05999999865889549,2025-01-11,4.789999892935157,True
5236,49.689998626708984,0.07500000298023224,2025-01-11,5.039999887347221,True
5237,49.689998626708984,0.09000000357627869,2025-01-11,6.539999853819609,True
5238,49.689998626708984,0.10499999672174454,2025-01-11,8.889999801293015,True
5239,49.689998626708984,0.11999999731779099,2025-01-11,10.659999761730433,False
5240,49.689998626708984,0.13500000536441803,2025-01-11,12.939999710768461,False
5241,49.689998626708984,0.15000000596046448,2025-01-11,13.679999694228172,False
5242,49.689998626708984,0.16500000655651093,2025-01-11,,False
5243,49.689998626708984,0.18000000715255737,2025-01-11,,False
5244,49.689998626708984,0.19499999284744263,2025-01-11,,False
5245,49.689998626708984,0.20999999344348907,2025-01-11,,False
5246,49.689998626708984,0.22499999403953552,2025-01-11,,False
5247,49.689998626708984,0.23999999463558197,2025-01-11,,False
5248,49.689998626708984,0.2549999952316284,2025-01-11,,False
5249,49.689998626708984,0.27000001072883606,2025-01-11,,False
5250,49.689998626708984,0.2849999964237213,2025-01-11,,False
5251,49.689998626708984,0.30000001192092896,2025-01-11,,False
5252,49.689998626708984,0.3149999976158142,2025-01-11,,False
5253,49.689998626708984,0.33000001311302185,2025-01-11,,False
5254,49.689998626708984,0.3449999988079071,2025-01-11,,False
5255,49.689998626708984,0.36000001430511475,2025-01-11,,False
5256,49.689998626708984,0.375,2025-01-11,,False
5257,49.689998626708984,0.38999998569488525,2025-01-11,,False
5258,49.689998626708984,0.4050000011920929,2025-01-11,,False
5259,49.689998626708984,0.41999998688697815,2025-01-11,,False
5260,49.689998626708984,0.4350000023841858,2025-01-11,,False
5261,49.689998626708984,0.44999998807907104,2025-01-11,,False
5262,49.689998626708984,0.4650000035762787,2025-01-11,,False
5263,49.689998626708984,0.47999998927116394,2025-01-11,,False
5264,49.689998626708984,0.4950000047683716,2025-01-11,,False
5265,49.70000076293945,-1.2450000047683716,2025-01-11,3.159999929368496,False
5266,49.70000076293945,-1.2300000190734863,2025-01-11,2.339999947696924,False
5267,49.70000076293945,-1.215000033378601,2025-01-11,2.3799999468028545,False
5268,49.70000076293945,-1.2000000476837158,2025-01-11,2.5299999434500933,False
5269,49.70000076293945,-1.184999942779541,2025-01-11,2.149999951943755,False
5270,49.70000076293945,-1.1699999570846558,2025-01-11,2.339999947696924,False
5271,49.70000076293945,-1.1549999713897705,2025-01-11,3.05999993160367,False
5272,49.70000076293945,-1.1399999856948853,2025-01-11,3.129999930039048,False
5273,49.70000076293945,-1.125,2025-01-11,3.3299999255687,False
5274,49.70000076293945,-1.1100000143051147,2025-01-11,3.3899999242275953,False
5275,49.70000076293945,-1.0950000286102295,2025-01-11,3.3599999248981476,False
5276,49.70000076293945,-1.0800000429153442,2025-01-11,3.36999992467463,False
5277,49.70000076293945,-1.065000057220459,2025-01-11,3.3099999260157347,False
5278,49.70000076293945,-1.0499999523162842,2025-01-11,3.36999992467463,False
5279,49.70000076293945,-1.034999966621399,2025-01-11,3.1999999284744263,False
5280,49.70000076293945,-1.0199999809265137,2025-01-11,3.449999922886491,False
5281,49.70000076293945,-1.0049999952316284,2025-01-11,3.569999920204282,False
5282,49.70000076293945,-0.9900000095367432,2025-01-11,3.3799999244511127,False
5283,49.70000076293945,-0.9750000238418579,2025-01-11,3.519999921321869,False
5284,49.70000076293945,-0.9599999785423279,2025-01-11,3.469999922439456,False
5285,49.70000076293945,-0.9449999928474426,2025-01-11,3.5499999206513166,False
5286,49.70000076293945,-0.9300000071525574,2025-01-11,3.6699999179691076,False
5287,49.70000076293945,-0.9150000214576721,2025-01-11,3.7499999161809683,False
5288,49.70000076293945,-0.8999999761581421,2025-01-11,3.8199999146163464,False
5289,49.70000076293945,-0.8849999904632568,2025-01-11,3.609999919310212,False
5290,49.70000076293945,-0.8700000047683716,2025-01-11,3.829999914392829,False
5291,49.70000076293945,-0.8550000190734863,2025-01-11,3.8199999146163464,False
5292,49.70000076293945,-0.8399999737739563,2025-01-11,3.709999917075038,False
5293,49.70000076293945,-0.824999988079071,2025-01-11,3.759999915957451,False
5294,49.70000076293945,-0.8100000023841858,2025-01-11,3.67999991774559,False
5295,49.70000076293945,-0.7950000166893005,2025-01-11,3.67999991774559,False
5296,49.70000076293945,-0.7799999713897705,2025-01-11,3.759999915957451,False
5297,49.70000076293945,-0.7649999856948853,2025-01-11,3.67999991774559,False
5298,49.70000076293945,-0.75,2025-01-11,3.539999920874834,False
5299,49.70000076293945,-0.7350000143051147,2025-01-11,3.63999991863966,False
5300,49.70000076293945,-0.7200000286102295,2025-01-11,3.589999919757247,False
5301,49.70000076293945,-0.7049999833106995,2025-01-11,3.519999921321869,False
5302,49.70000076293945,-0.6899999976158142,2025-01-11,3.4999999217689037,False
5303,49.70000076293945,-0.675000011920929,2025-01-11,3.4999999217689037,False
5304,49.70000076293945,-0.6600000262260437,2025-01-11,3.399999924004078,False
5305,49.70000076293945,-0.6449999809265137,2025-01-11,3.179999928921461,False
5306,49.70000076293945,-0.6299999952316284,2025-01-11,3.01999993249774,False
5307,49.70000076293945,-0.6150000095367432,2025-01-11,2.9499999340623617,False
5308,49.70000076293945,-0.6000000238418579,2025-01-11,2.819999936968088,False
5309,49.70000076293945,-0.5849999785423279,2025-01-11,2.6699999403208494,False
5310,49.70000076293945,-0.5699999928474426,2025-01-11,2.369999947026372,False
5311,49.70000076293945,-0.5550000071525574,2025-01-11,2.109999952837825,False
5312,49.70000076293945,-0.5400000214576721,2025-01-11,1.959999956190586,False
5313,49.70000076293945,-0.5249999761581421,2025-01-11,1.7999999597668648,False
5314,49.70000076293945,-0.5099999904632568,2025-01-11,1.7999999597668648,False
5315,49.70000076293945,-0.4950000047683716,2025-01-11,1.8499999586492777,False
5316,49.70000076293945,-0.47999998927116394,2025-01-11,1.81999995931983,False
5317,49.70000076293945,-0.4650000035762787,2025-01-11,1.8999999575316906,False
5318,49.70000076293945,-0.44999998807907104,2025-01-11,1.8699999582022429,False
5319,49.70000076293945,-0.4350000023841858,2025-01-11,1.8999999575316906,False
5320,49.70000076293945,-0.41999998688697815,2025-01-11,1.7799999602138996,False
5321,49.70000076293945,-0.4050000011920929,2025-01-11,1.7799999602138996,False
5322,49.70000076293945,-0.38999998569488525,2025-01-11,2.109999952837825,False
5323,49.70000076293945,-0.375,2025-01-11,2.199999950826168,False
5324,49.70000076293945,-0.36000001430511475,2025-01-11,2.3999999463558197,False
5325,49.70000076293945,-0.3449999988079071,2025-01-11,2.5499999430030584,False
5326,49.70000076293945,-0.33000001311302185,2025-01-11,2.5999999418854713,False
5327,49.70000076293945,-0.3149999976158142,2025-01-11,2.74999993853271,False
5328,49.70000076293945,-0.30000001192092896,2025-01-11,2.9499999340623617,False
5329,49.70000076293945,-0.2849999964237213,2025-01-11,3.419999923557043,False
5330,49.70000076293945,-0.27000001072883606,2025-01-11,3.6199999190866947,False
5331,49.70000076293945,-0.2549999952316284,2025-01-11,3.67999991774559,False
5332,49.70000076293945,-0.23999999463558197,2025-01-11,4.109999908134341,False
5333,49.70000076293945,-0.22499999403953552,2025-01-11,3.729999916628003,False
5334,49.70000076293945,-0.20999999344348907,2025-01-11,3.6699999179691076,False
5335,49.70000076293945,-0.19499999284744263,2025-01-11,3.6299999188631773,False
5336,49.70000076293945,-0.18000000715255737,2025-01-11,3.5299999210983515,False
5337,49.70000076293945,-0.16500000655651093,2025-01-11,3.4599999226629734,False
5338,49.70000076293945,-0.15000000596046448,2025-01-11,3.8899999130517244,False
5339,49.70000076293945,-0.13500000536441803,2025-01-11,3.9599999114871025,False
5340,49.70000076293945,-0.11999999731779099,2025-01-11,4.129999907687306,False
5341,49.70000076293945,-0.10499999672174454,2025-01-11,4.179999906569719,False
5342,49.70000076293945,-0.09000000357627869,2025-01-11,4.119999907910824,False
5343,49.70000076293945,-0.07500000298023224,2025-01-11,4.229999905452132,False
5344,49.70000076293945,-0.05999999865889549,2025-01-11,4.429999900981784,False
5345,49.70000076293945,-0.04500000178813934,2025-01-11,4.539999898523092,False
5346,49.70000076293945,-0.029999999329447746,2025-01-11,4.499999899417162,False
5347,49.70000076293945,-0.014999999664723873,2025-01-11,4.5099998991936445,False
5348,49.70000076293945,0.0,2025-01-11,4.5099998991936445,False
5349,49.70000076293945,0.014999999664723873,2025-01-11,4.789999892935157,False
5350,49.70000076293945,0.029999999329447746,2025-01-11,4.759999893605709,True
5351,49.70000076293945,0.04500000178813934,2025-01-11,4.739999894052744,True
5352,49.70000076293945,0.05999999865889549,2025-01-11,4.949999889358878,True
5353,49.70000076293945,0.07500000298023224,2025-01-11,5.169999884441495,True
5354,49.70000076293945,0.09000000357627869,2025-01-11,6.6599998511374,True
5355,49.70000076293945,0.10499999672174454,2025-01-11,8.78999980352819,True
5356,49.70000076293945,0.11999999731779099,2025-01-11,10.529999764636159,False
5357,49.70000076293945,0.13500000536441803,2025-01-11,14.219999682158232,False
5358,49.70000076293945,0.15000000596046448,2025-01-11,15.269999658688903,False
5359,49.70000076293945,0.16500000655651093,2025-01-11,15.829999646171927,False
5360,49.70000076293945,0.18000000715255737,2025-01-11,,False
5361,49.70000076293945,0.19499999284744263,2025-01-11,,False
5362,49.70000076293945,0.20999999344348907,2025-01-11,,False
5363,49.70000076293945,0.22499999403953552,2025-01-11,,False
5364,49.70000076293945,0.23999999463558197,2025-01-11,,False
5365,49.70000076293945,0.2549999952316284,2025-01-11,,False
5366,49.70000076293945,0.27000001072883606,2025-01-11,,False
5367,49.70000076293945,0.2849999964237213,2025-01-11,,False
5368,49.70000076293945,0.30000001192092896,2025-01-11,,False
5369,49.70000076293945,0.3149999976158142,2025-01-11,,False
5370,49.70000076293945,0.33000001311302185,2025-01-11,,False
5371,49.70000076293945,0.3449999988079071,2025-01-11,,False
5372,49.70000076293945,0.36000001430511475,2025-01-11,,False
5373,49.70000076293945,0.375,2025-01-11,,False
5374,49.70000076293945,0.38999998569488525,2025-01-11,,False
5375,49.70000076293945,0.4050000011920929,2025-01-11,,False
5376,49.70000076293945,0.41999998688697815,2025-01-11,,False
5377,49.70000076293945,0.4350000023841858,2025-01-11,,False
5378,49.70000076293945,0.44999998807907104,2025-01-11,,False
5379,49.70000076293945,0.4650000035762787,2025-01-11,,False
5380,49.70000076293945,0.47999998927116394,2025-01-11,,False
5381,49.70000076293945,0.4950000047683716,2025-01-11,,False
5382,49.709999084472656,-1.2450000047683716,2025-01-11,3.849999913945794,False
5383,49.709999084472656,-1.2300000190734863,2025-01-11,3.349999925121665,False
5384,49.709999084472656,-1.215000033378601,2025-01-11,2.4799999445676804,False
5385,49.709999084472656,-1.2000000476837158,2025-01-11,2.5199999436736107,False
5386,49.709999084472656,-1.184999942779541,2025-01-11,2.419999945908785,False
5387,49.709999084472656,-1.1699999570846558,2025-01-11,2.729999938979745,False
5388,49.709999084472656,-1.1549999713897705,2025-01-11,2.8899999354034662,False
5389,49.709999084472656,-1.1399999856948853,2025-01-11,3.3899999242275953,False
5390,49.709999084472656,-1.125,2025-01-11,3.2699999269098043,False
5391,49.709999084472656,-1.1100000143051147,2025-01-11,3.469999922439456,False
5392,49.709999084472656,-1.0950000286102295,2025-01-11,3.7699999157339334,False
5393,49.709999084472656,-1.0800000429153442,2025-01-11,3.67999991774559,False
5394,49.709999084472656,-1.065000057220459,2025-01-11,3.4799999222159386,False
5395,49.709999084472656,-1.0499999523162842,2025-01-11,3.6699999179691076,False
5396,49.709999084472656,-1.034999966621399,2025-01-11,3.659999918192625,False
5397,49.709999084472656,-1.0199999809265137,2025-01-11,3.4799999222159386,False
5398,49.709999084472656,-1.0049999952316284,2025-01-11,3.5999999195337296,False
5399,49.709999084472656,-0.9900000095367432,2025-01-11,3.609999919310212,False
5400,49.709999084472656,-0.9750000238418579,2025-01-11,3.659999918192625,False
5401,49.709999084472656,-0.9599999785423279,2025-01-11,3.7499999161809683,False
5402,49.709999084472656,-0.9449999928474426,2025-01-11,3.7399999164044857,False
5403,49.709999084472656,-0.9300000071525574,2025-01-11,3.63999991863966,False
5404,49.709999084472656,-0.9150000214576721,2025-01-11,3.7199999168515205,False
5405,49.709999084472656,-0.8999999761581421,2025-01-11,3.689999917522073,False
5406,49.709999084472656,-0.8849999904632568,2025-01-11,3.689999917522073,False
5407,49.709999084472656,-0.8700000047683716,2025-01-11,3.63999991863966,False
5408,49.709999084472656,-0.8550000190734863,2025-01-11,3.779999915510416,False
5409,49.709999084472656,-0.8399999737739563,2025-01-11,3.689999917522073,False
5410,49.709999084472656,-0.824999988079071,2025-01-11,3.7899999152868986,False
5411,49.709999084472656,-0.8100000023841858,2025-01-11,3.609999919310212,False
5412,49.709999084472656,-0.7950000166893005,2025-01-11,3.7199999168515205,False
5413,49.709999084472656,-0.7799999713897705,2025-01-11,3.7899999152868986,False
5414,49.709999084472656,-0.7649999856948853,2025-01-11,3.589999919757247,False
5415,49.709999084472656,-0.75,2025-01-11,3.5799999199807644,False
5416,49.709999084472656,-0.7350000143051147,2025-01-11,3.67999991774559,False
5417,49.709999084472656,-0.7200000286102295,2025-01-11,3.569999920204282,False
5418,49.709999084472656,-0.7049999833106995,2025-01-11,3.659999918192625,False
5419,49.709999084472656,-0.6899999976158142,2025-01-11,3.689999917522073,False
5420,49.709999084472656,-0.675000011920929,2025-01-11,3.5799999199807644,False
5421,49.709999084472656,-0.6600000262260437,2025-01-11,3.3899999242275953,False
5422,49.709999084472656,-0.6449999809265137,2025-01-11,3.209999928250909,False
5423,49.709999084472656,-0.6299999952316284,2025-01-11,3.0299999322742224,False
5424,49.709999084472656,-0.6150000095367432,2025-01-11,2.969999933615327,False
5425,49.709999084472656,-0.6000000238418579,2025-01-11,2.849999936297536,False
5426,49.709999084472656,-0.5849999785423279,2025-01-11,2.699999939650297,False
5427,49.709999084472656,-0.5699999928474426,2025-01-11,2.509999943897128,False
5428,49.709999084472656,-0.5550000071525574,2025-01-11,2.179999951273203,False
5429,49.709999084472656,-0.5400000214576721,2025-01-11,2.009999955072999,False
5430,49.709999084472656,-0.5249999761581421,2025-01-11,1.8299999590963125,False
5431,49.709999084472656,-0.5099999904632568,2025-01-11,1.7499999608844519,False
5432,49.709999084472656,-0.4950000047683716,2025-01-11,1.7799999602138996,False
5433,49.709999084472656,-0.47999998927116394,2025-01-11,1.8099999595433474,False
5434,49.709999084472656,-0.4650000035762787,2025-01-11,1.8599999584257603,False
5435,49.709999084472656,-0.44999998807907104,2025-01-11,1.699999962002039,False
5436,49.709999084472656,-0.4350000023841858,2025-01-11,1.5999999642372131,False
5437,49.709999084472656,-0.41999998688697815,2025-01-11,1.6299999635666609,False
5438,49.709999084472656,-0.4050000011920929,2025-01-11,1.6099999640136957,False
5439,49.709999084472656,-0.38999998569488525,2025-01-11,1.5499999653548002,False
5440,49.709999084472656,-0.375,2025-01-11,1.6899999622255564,False
5441,49.709999084472656,-0.36000001430511475,2025-01-11,1.6599999628961086,False
5442,49.709999084472656,-0.3449999988079071,2025-01-11,1.8599999584257603,False
5443,49.709999084472656,-0.33000001311302185,2025-01-11,1.889999957755208,False
5444,49.709999084472656,-0.3149999976158142,2025-01-11,2.059999953955412,False
5445,49.709999084472656,-0.30000001192092896,2025-01-11,2.349999947473407,False
5446,49.709999084472656,-0.2849999964237213,2025-01-11,2.609999941661954,False
5447,49.709999084472656,-0.27000001072883606,2025-01-11,2.9299999345093966,False
5448,49.709999084472656,-0.2549999952316284,2025-01-11,3.109999930486083,False
5449,49.709999084472656,-0.23999999463558197,2025-01-11,3.2199999280273914,False
5450,49.709999084472656,-0.22499999403953552,2025-01-11,3.1199999302625656,False
5451,49.709999084472656,-0.20999999344348907,2025-01-11,3.039999932050705,False
5452,49.709999084472656,-0.19499999284744263,2025-01-11,2.8599999360740185,False
5453,49.709999084472656,-0.18000000715255737,2025-01-11,2.7399999387562275,False
5454,49.709999084472656,-0.16500000655651093,2025-01-11,2.939999934285879,False
5455,49.709999084472656,-0.15000000596046448,2025-01-11,3.1999999284744263,False
5456,49.709999084472656,-0.13500000536441803,2025-01-11,3.799999915063381,False
5457,49.709999084472656,-0.11999999731779099,2025-01-11,4.149999907240272,False
5458,49.709999084472656,-0.10499999672174454,2025-01-11,4.129999907687306,False
5459,49.709999084472656,-0.09000000357627869,2025-01-11,4.29999990388751,False
5460,49.709999084472656,-0.07500000298023224,2025-01-11,4.169999906793237,False
5461,49.709999084472656,-0.05999999865889549,2025-01-11,4.289999904111028,False
5462,49.709999084472656,-0.04500000178813934,2025-01-11,4.52999989874661,False
5463,49.709999084472656,-0.029999999329447746,2025-01-11,4.6299998965114355,False
5464,49.709999084472656,-0.014999999664723873,2025-01-11,4.56999989785254,False
5465,49.709999084472656,0.0,2025-01-11,4.579999897629023,False
5466,49.709999084472656,0.014999999664723873,2025-01-11,4.769999893382192,False
5467,49.709999084472656,0.029999999329447746,2025-01-11,4.949999889358878,True
5468,49.709999084472656,0.04500000178813934,2025-01-11,4.469999900087714,True
5469,49.709999084472656,0.05999999865889549,2025-01-11,4.819999892264605,True
5470,49.709999084472656,0.07500000298023224,2025-01-11,5.219999883323908,True
5471,49.709999084472656,0.09000000357627869,2025-01-11,6.229999860748649,True
5472,49.709999084472656,0.10499999672174454,2025-01-11,8.01999982073903,True
5473,49.709999084472656,0.11999999731779099,2025-01-11,10.009999776259065,False
5474,49.709999084472656,0.13500000536441803,2025-01-11,12.669999716803432,False
5475,49.709999084472656,0.15000000596046448,2025-01-11,15.29999965801835,False
5476,49.709999084472656,0.16500000655651093,2025-01-11,15.819999646395445,False
5477,49.709999084472656,0.18000000715255737,2025-01-11,15.17999966070056,False
5478,49.709999084472656,0.19499999284744263,2025-01-11,,False
5479,49.709999084472656,0.20999999344348907,2025-01-11,,False
5480,49.709999084472656,0.22499999403953552,2025-01-11,,False
5481,49.709999084472656,0.23999999463558197,2025-01-11,,False
5482,49.709999084472656,0.2549999952316284,2025-01-11,,False
5483,49.709999084472656,0.27000001072883606,2025-01-11,,False
5484,49.709999084472656,0.2849999964237213,2025-01-11,,False
5485,49.709999084472656,0.30000001192092896,2025-01-11,,False
5486,49.709999084472656,0.3149999976158142,2025-01-11,,False
5487,49.709999084472656,0.33000001311302185,2025-01-11,,False
5488,49.709999084472656,0.3449999988079071,2025-01-11,,False
5489,49.709999084472656,0.36000001430511475,2025-01-11,,False
5490,49.709999084472656,0.375,2025-01-11,,False
5491,49.709999084472656,0.38999998569488525,2025-01-11,,False
5492,49.709999084472656,0.4050000011920929,2025-01-11,,False
5493,49.709999084472656,0.41999998688697815,2025-01-11,,False
5494,49.709999084472656,0.4350000023841858,2025-01-11,,False
5495,49.709999084472656,0.44999998807907104,2025-01-11,,False
5496,49.709999084472656,0.4650000035762787,2025-01-11,,False
5497,49.709999084472656,0.47999998927116394,2025-01-11,,False
5498,49.709999084472656,0.4950000047683716,2025-01-11,,False
5499,49.720001220703125,-1.2450000047683716,2025-01-11,3.1699999291449785,False
5500,49.720001220703125,-1.2300000190734863,2025-01-11,2.8099999371916056,False
5501,49.720001220703125,-1.215000033378601,2025-01-11,2.4999999441206455,False
5502,49.720001220703125,-1.2000000476837158,2025-01-11,1.769999960437417,False
5503,49.720001220703125,-1.184999942779541,2025-01-11,2.74999993853271,False
5504,49.720001220703125,-1.1699999570846558,2025-01-11,2.9299999345093966,False
5505,49.720001220703125,-1.1549999713897705,2025-01-11,3.279999926686287,False
5506,49.720001220703125,-1.1399999856948853,2025-01-11,3.5999999195337296,False
5507,49.720001220703125,-1.125,2025-01-11,3.5599999204277992,False
5508,49.720001220703125,-1.1100000143051147,2025-01-11,3.689999917522073,False
5509,49.720001220703125,-1.0950000286102295,2025-01-11,3.6499999184161425,False
5510,49.720001220703125,-1.0800000429153442,2025-01-11,3.4399999231100082,False
5511,49.720001220703125,-1.065000057220459,2025-01-11,3.7399999164044857,False
5512,49.720001220703125,-1.0499999523162842,2025-01-11,3.67999991774559,False
5513,49.720001220703125,-1.034999966621399,2025-01-11,3.519999921321869,False
5514,49.720001220703125,-1.0199999809265137,2025-01-11,3.6499999184161425,False
5515,49.720001220703125,-1.0049999952316284,2025-01-11,3.5999999195337296,False
5516,49.720001220703125,-0.9900000095367432,2025-01-11,3.589999919757247,False
5517,49.720001220703125,-0.9750000238418579,2025-01-11,3.67999991774559,False
5518,49.720001220703125,-0.9599999785423279,2025-01-11,3.7499999161809683,False
5519,49.720001220703125,-0.9449999928474426,2025-01-11,3.709999917075038,False
5520,49.720001220703125,-0.9300000071525574,2025-01-11,3.539999920874834,False
5521,49.720001220703125,-0.9150000214576721,2025-01-11,3.659999918192625,False
5522,49.720001220703125,-0.8999999761581421,2025-01-11,3.8099999148398638,False
5523,49.720001220703125,-0.8849999904632568,2025-01-11,3.6699999179691076,False
5524,49.720001220703125,-0.8700000047683716,2025-01-11,3.659999918192625,False
5525,49.720001220703125,-0.8550000190734863,2025-01-11,3.6199999190866947,False
5526,49.720001220703125,-0.8399999737739563,2025-01-11,3.67999991774559,False
5527,49.720001220703125,-0.824999988079071,2025-01-11,3.609999919310212,False
5528,49.720001220703125,-0.8100000023841858,2025-01-11,3.63999991863966,False
5529,49.720001220703125,-0.7950000166893005,2025-01-11,3.7199999168515205,False
5530,49.720001220703125,-0.7799999713897705,2025-01-11,3.7899999152868986,False
5531,49.720001220703125,-0.7649999856948853,2025-01-11,3.659999918192625,False
5532,49.720001220703125,-0.75,2025-01-11,3.5299999210983515,False
5533,49.720001220703125,-0.7350000143051147,2025-01-11,3.729999916628003,False
5534,49.720001220703125,-0.7200000286102295,2025-01-11,3.7399999164044857,False
5535,49.720001220703125,-0.7049999833106995,2025-01-11,3.67999991774559,False
5536,49.720001220703125,-0.6899999976158142,2025-01-11,3.6999999172985554,False
5537,49.720001220703125,-0.675000011920929,2025-01-11,3.5299999210983515,False
5538,49.720001220703125,-0.6600000262260437,2025-01-11,3.4299999233335257,False
5539,49.720001220703125,-0.6449999809265137,2025-01-11,3.3599999248981476,False
5540,49.720001220703125,-0.6299999952316284,2025-01-11,3.1199999302625656,False
5541,49.720001220703125,-0.6150000095367432,2025-01-11,2.9499999340623617,False
5542,49.720001220703125,-0.6000000238418579,2025-01-11,2.869999935850501,False
5543,49.720001220703125,-0.5849999785423279,2025-01-11,2.74999993853271,False
5544,49.720001220703125,-0.5699999928474426,2025-01-11,2.539999943226576,False
5545,49.720001220703125,-0.5550000071525574,2025-01-11,2.2899999488145113,False
5546,49.720001220703125,-0.5400000214576721,2025-01-11,2.029999954625964,False
5547,49.720001220703125,-0.5249999761581421,2025-01-11,1.8099999595433474,False
5548,49.720001220703125,-0.5099999904632568,2025-01-11,1.7399999611079693,False
5549,49.720001220703125,-0.4950000047683716,2025-01-11,1.8699999582022429,False
5550,49.720001220703125,-0.47999998927116394,2025-01-11,1.7799999602138996,False
5551,49.720001220703125,-0.4650000035762787,2025-01-11,1.649999963119626,False
5552,49.720001220703125,-0.44999998807907104,2025-01-11,1.6099999640136957,False
5553,49.720001220703125,-0.4350000023841858,2025-01-11,1.5999999642372131,False
5554,49.720001220703125,-0.41999998688697815,2025-01-11,1.5499999653548002,False
5555,49.720001220703125,-0.4050000011920929,2025-01-11,1.4999999664723873,False
5556,49.720001220703125,-0.38999998569488525,2025-01-11,1.3699999693781137,False
5557,49.720001220703125,-0.375,2025-01-11,1.2599999718368053,False
5558,49.720001220703125,-0.36000001430511475,2025-01-11,1.2999999709427357,False
5559,49.720001220703125,-0.3449999988079071,2025-01-11,1.3299999702721834,False
5560,49.720001220703125,-0.33000001311302185,2025-01-11,1.219999972730875,False
5561,49.720001220703125,-0.3149999976158142,2025-01-11,1.5999999642372131,False
5562,49.720001220703125,-0.30000001192092896,2025-01-11,1.649999963119626,False
5563,49.720001220703125,-0.2849999964237213,2025-01-11,2.0399999544024467,False
5564,49.720001220703125,-0.27000001072883606,2025-01-11,2.4299999456852674,False
5565,49.720001220703125,-0.2549999952316284,2025-01-11,2.2899999488145113,False
5566,49.720001220703125,-0.23999999463558197,2025-01-11,2.3599999472498894,False
5567,49.720001220703125,-0.22499999403953552,2025-01-11,2.489999944344163,False
5568,49.720001220703125,-0.20999999344348907,2025-01-11,2.509999943897128,False
5569,49.720001220703125,-0.19499999284744263,2025-01-11,2.059999953955412,False
5570,49.720001220703125,-0.18000000715255737,2025-01-11,2.0699999537318945,False
5571,49.720001220703125,-0.16500000655651093,2025-01-11,2.419999945908785,False
5572,49.720001220703125,-0.15000000596046448,2025-01-11,2.9299999345093966,False
5573,49.720001220703125,-0.13500000536441803,2025-01-11,3.5499999206513166,False
5574,49.720001220703125,-0.11999999731779099,2025-01-11,4.029999909922481,False
5575,49.720001220703125,-0.10499999672174454,2025-01-11,4.099999908357859,False
5576,49.720001220703125,-0.09000000357627869,2025-01-11,4.159999907016754,False
5577,49.720001220703125,-0.07500000298023224,2025-01-11,4.29999990388751,False
5578,49.720001220703125,-0.05999999865889549,2025-01-11,4.379999902099371,False
5579,49.720001220703125,-0.04500000178813934,2025-01-11,4.249999905005097,False
5580,49.720001220703125,-0.029999999329447746,2025-01-11,4.639999896287918,False
5581,49.720001220703125,-0.014999999664723873,2025-01-11,4.499999899417162,False
5582,49.720001220703125,0.0,2025-01-11,4.60999989695847,False
5583,49.720001220703125,0.014999999664723873,2025-01-11,4.799999892711639,False
5584,49.720001220703125,0.029999999329447746,2025-01-11,4.589999897405505,True
5585,49.720001220703125,0.04500000178813934,2025-01-11,4.6299998965114355,True
5586,49.720001220703125,0.05999999865889549,2025-01-11,4.639999896287918,True
5587,49.720001220703125,0.07500000298023224,2025-01-11,5.079999886453152,True
5588,49.720001220703125,0.09000000357627869,2025-01-11,5.799999870359898,True
5589,49.720001220703125,0.10499999672174454,2025-01-11,7.239999838173389,True
5590,49.720001220703125,0.11999999731779099,2025-01-11,9.21999979391694,False
5591,49.720001220703125,0.13500000536441803,2025-01-11,11.429999744519591,False
5592,49.720001220703125,0.15000000596046448,2025-01-11,12.849999712780118,False
5593,49.720001220703125,0.16500000655651093,2025-01-11,14.879999667406082,False
5594,49.720001220703125,0.18000000715255737,2025-01-11,15.21999965980649,False
5595,49.720001220703125,0.19499999284744263,2025-01-11,17.61999960616231,False
5596,49.720001220703125,0.20999999344348907,2025-01-11,15.689999649301171,False
5597,49.720001220703125,0.22499999403953552,2025-01-11,14.90999966673553,False
5598,49.720001220703125,0.23999999463558197,2025-01-11,,False
5599,49.720001220703125,0.2549999952316284,2025-01-11,,False
5600,49.720001220703125,0.27000001072883606,2025-01-11,,False
5601,49.720001220703125,0.2849999964237213,2025-01-11,,False
5602,49.720001220703125,0.30000001192092896,2025-01-11,,False
5603,49.720001220703125,0.3149999976158142,2025-01-11,,False
5604,49.720001220703125,0.33000001311302185,2025-01-11,,False
5605,49.720001220703125,0.3449999988079071,2025-01-11,,False
5606,49.720001220703125,0.36000001430511475,2025-01-11,,False
5607,49.720001220703125,0.375,2025-01-11,,False
5608,49.720001220703125,0.38999998569488525,2025-01-11,,False
5609,49.720001220703125,0.4050000011920929,2025-01-11,,False
5610,49.720001220703125,0.41999998688697815,2025-01-11,,False
5611,49.720001220703125,0.4350000023841858,2025-01-11,,False
5612,49.720001220703125,0.44999998807907104,2025-01-11,,False
5613,49.720001220703125,0.4650000035762787,2025-01-11,,False
5614,49.720001220703125,0.47999998927116394,2025-01-11,,False
5615,49.720001220703125,0.4950000047683716,2025-01-11,,False
5616,49.72999954223633,-1.2450000047683716,2025-01-11,3.229999927803874,False
5617,49.72999954223633,-1.2300000190734863,2025-01-11,2.729999938979745,False
5618,49.72999954223633,-1.215000033378601,2025-01-11,2.5299999434500933,False
5619,49.72999954223633,-1.2000000476837158,2025-01-11,2.6199999414384365,False
5620,49.72999954223633,-1.184999942779541,2025-01-11,2.7699999380856752,False
5621,49.72999954223633,-1.1699999570846558,2025-01-11,3.05999993160367,False
5622,49.72999954223633,-1.1549999713897705,2025-01-11,3.689999917522073,False
5623,49.72999954223633,-1.1399999856948853,2025-01-11,3.829999914392829,False
5624,49.72999954223633,-1.125,2025-01-11,3.67999991774559,False
5625,49.72999954223633,-1.1100000143051147,2025-01-11,3.709999917075038,False
5626,49.72999954223633,-1.0950000286102295,2025-01-11,3.6199999190866947,False
5627,49.72999954223633,-1.0800000429153442,2025-01-11,3.7499999161809683,False
5628,49.72999954223633,-1.065000057220459,2025-01-11,3.659999918192625,False
5629,49.72999954223633,-1.0499999523162842,2025-01-11,3.8099999148398638,False
5630,49.72999954223633,-1.034999966621399,2025-01-11,3.469999922439456,False
5631,49.72999954223633,-1.0199999809265137,2025-01-11,3.7699999157339334,False
5632,49.72999954223633,-1.0049999952316284,2025-01-11,3.7499999161809683,False
5633,49.72999954223633,-0.9900000095367432,2025-01-11,3.6199999190866947,False
5634,49.72999954223633,-0.9750000238418579,2025-01-11,3.6499999184161425,False
5635,49.72999954223633,-0.9599999785423279,2025-01-11,3.6199999190866947,False
5636,49.72999954223633,-0.9449999928474426,2025-01-11,3.7499999161809683,False
5637,49.72999954223633,-0.9300000071525574,2025-01-11,3.5999999195337296,False
5638,49.72999954223633,-0.9150000214576721,2025-01-11,3.729999916628003,False
5639,49.72999954223633,-0.8999999761581421,2025-01-11,3.63999991863966,False
5640,49.72999954223633,-0.8849999904632568,2025-01-11,3.67999991774559,False
5641,49.72999954223633,-0.8700000047683716,2025-01-11,3.709999917075038,False
5642,49.72999954223633,-0.8550000190734863,2025-01-11,3.63999991863966,False
5643,49.72999954223633,-0.8399999737739563,2025-01-11,3.5499999206513166,False
5644,49.72999954223633,-0.824999988079071,2025-01-11,3.63999991863966,False
5645,49.72999954223633,-0.8100000023841858,2025-01-11,3.6999999172985554,False
5646,49.72999954223633,-0.7950000166893005,2025-01-11,3.659999918192625,False
5647,49.72999954223633,-0.7799999713897705,2025-01-11,3.7399999164044857,False
5648,49.72999954223633,-0.7649999856948853,2025-01-11,3.729999916628003,False
5649,49.72999954223633,-0.75,2025-01-11,3.6699999179691076,False
5650,49.72999954223633,-0.7350000143051147,2025-01-11,3.7199999168515205,False
5651,49.72999954223633,-0.7200000286102295,2025-01-11,3.689999917522073,False
5652,49.72999954223633,-0.7049999833106995,2025-01-11,3.6299999188631773,False
5653,49.72999954223633,-0.6899999976158142,2025-01-11,3.5799999199807644,False
5654,49.72999954223633,-0.675000011920929,2025-01-11,3.5599999204277992,False
5655,49.72999954223633,-0.6600000262260437,2025-01-11,3.519999921321869,False
5656,49.72999954223633,-0.6449999809265137,2025-01-11,3.36999992467463,False
5657,49.72999954223633,-0.6299999952316284,2025-01-11,3.1499999295920134,False
5658,49.72999954223633,-0.6150000095367432,2025-01-11,2.9499999340623617,False
5659,49.72999954223633,-0.6000000238418579,2025-01-11,2.8399999365210533,False
5660,49.72999954223633,-0.5849999785423279,2025-01-11,2.679999940097332,False
5661,49.72999954223633,-0.5699999928474426,2025-01-11,2.509999943897128,False
5662,49.72999954223633,-0.5550000071525574,2025-01-11,2.319999948143959,False
5663,49.72999954223633,-0.5400000214576721,2025-01-11,2.109999952837825,False
5664,49.72999954223633,-0.5249999761581421,2025-01-11,1.8599999584257603,False
5665,49.72999954223633,-0.5099999904632568,2025-01-11,1.7299999613314867,False
5666,49.72999954223633,-0.4950000047683716,2025-01-11,1.8299999590963125,False
5667,49.72999954223633,-0.47999998927116394,2025-01-11,1.7599999606609344,False
5668,49.72999954223633,-0.4650000035762787,2025-01-11,1.5699999649077654,False
5669,49.72999954223633,-0.44999998807907104,2025-01-11,1.5899999644607306,False
5670,49.72999954223633,-0.4350000023841858,2025-01-11,1.4999999664723873,False
5671,49.72999954223633,-0.41999998688697815,2025-01-11,1.4899999666959047,False
5672,49.72999954223633,-0.4050000011920929,2025-01-11,1.4699999671429396,False
5673,49.72999954223633,-0.38999998569488525,2025-01-11,1.3999999687075615,False
5674,49.72999954223633,-0.375,2025-01-11,1.409999968484044,False
5675,49.72999954223633,-0.36000001430511475,2025-01-11,1.3299999702721834,False
5676,49.72999954223633,-0.3449999988079071,2025-01-11,1.1599999740719795,False
5677,49.72999954223633,-0.33000001311302185,2025-01-11,1.0899999756366014,False
5678,49.72999954223633,-0.3149999976158142,2025-01-11,1.219999972730875,False
5679,49.72999954223633,-0.30000001192092896,2025-01-11,1.529999965801835,False
5680,49.72999954223633,-0.2849999964237213,2025-01-11,1.7299999613314867,False
5681,49.72999954223633,-0.27000001072883606,2025-01-11,1.9099999573081732,False
5682,49.72999954223633,-0.2549999952316284,2025-01-11,2.1699999514967203,False
5683,49.72999954223633,-0.23999999463558197,2025-01-11,2.149999951943755,False
5684,49.72999954223633,-0.22499999403953552,2025-01-11,2.1699999514967203,False
5685,49.72999954223633,-0.20999999344348907,2025-01-11,2.0199999548494816,False
5686,49.72999954223633,-0.19499999284744263,2025-01-11,1.9299999568611383,False
5687,49.72999954223633,-0.18000000715255737,2025-01-11,2.0399999544024467,False
5688,49.72999954223633,-0.16500000655651093,2025-01-11,2.2599999494850636,False
5689,49.72999954223633,-0.15000000596046448,2025-01-11,2.939999934285879,False
5690,49.72999954223633,-0.13500000536441803,2025-01-11,3.709999917075038,False
5691,49.72999954223633,-0.11999999731779099,2025-01-11,3.94999991171062,False
5692,49.72999954223633,-0.10499999672174454,2025-01-11,4.1999999061226845,False
5693,49.72999954223633,-0.09000000357627869,2025-01-11,4.279999904334545,False
5694,49.72999954223633,-0.07500000298023224,2025-01-11,4.29999990388751,False
5695,49.72999954223633,-0.05999999865889549,2025-01-11,4.3899999018758535,False
5696,49.72999954223633,-0.04500000178813934,2025-01-11,4.179999906569719,False
5697,49.72999954223633,-0.029999999329447746,2025-01-11,4.559999898076057,False
5698,49.72999954223633,-0.014999999664723873,2025-01-11,4.469999900087714,False
5699,49.72999954223633,0.0,2025-01-11,4.669999895617366,False
5700,49.72999954223633,0.014999999664723873,2025-01-11,4.819999892264605,False
5701,49.72999954223633,0.029999999329447746,2025-01-11,4.519999898970127,False
5702,49.72999954223633,0.04500000178813934,2025-01-11,4.469999900087714,True
5703,49.72999954223633,0.05999999865889549,2025-01-11,4.549999898299575,True
5704,49.72999954223633,0.07500000298023224,2025-01-11,4.959999889135361,True
5705,49.72999954223633,0.09000000357627869,2025-01-11,5.869999868795276,True
5706,49.72999954223633,0.10499999672174454,2025-01-11,6.749999849125743,True
5707,49.72999954223633,0.11999999731779099,2025-01-11,8.2099998164922,False
5708,49.72999954223633,0.13500000536441803,2025-01-11,9.63999978452921,False
5709,49.72999954223633,0.15000000596046448,2025-01-11,10.719999760389328,False
5710,49.72999954223633,0.16500000655651093,2025-01-11,11.65999973937869,False
5711,49.72999954223633,0.18000000715255737,2025-01-11,13.109999706968665,False
5712,49.72999954223633,0.19499999284744263,2025-01-11,14.299999680370092,False
5713,49.72999954223633,0.20999999344348907,2025-01-11,13.12999970652163,False
5714,49.72999954223633,0.22499999403953552,2025-01-11,13.04999970830977,False
5715,49.72999954223633,0.23999999463558197,2025-01-11,12.229999726638198,False
5716,49.72999954223633,0.2549999952316284,2025-01-11,,False
5717,49.72999954223633,0.27000001072883606,2025-01-11,,False
5718,49.72999954223633,0.2849999964237213,2025-01-11,,False
5719,49.72999954223633,0.30000001192092896,2025-01-11,,False
5720,49.72999954223633,0.3149999976158142,2025-01-11,,False
5721,49.72999954223633,0.33000001311302185,2025-01-11,,False
5722,49.72999954223633,0.3449999988079071,2025-01-11,,False
5723,49.72999954223633,0.36000001430511475,2025-01-11,,False
5724,49.72999954223633,0.375,2025-01-11,,False
5725,49.72999954223633,0.38999998569488525,2025-01-11,,False
5726,49.72999954223633,0.4050000011920929,2025-01-11,,False
5727,49.72999954223633,0.41999998688697815,2025-01-11,,False
5728,49.72999954223633,0.4350000023841858,2025-01-11,,False
5729,49.72999954223633,0.44999998807907104,2025-01-11,,False
5730,49.72999954223633,0.4650000035762787,2025-01-11,,False
5731,49.72999954223633,0.47999998927116394,2025-01-11,,False
5732,49.72999954223633,0.4950000047683716,2025-01-11,,False
5733,49.7400016784668,-1.2450000047683716,2025-01-11,2.8099999371916056,False
5734,49.7400016784668,-1.2300000190734863,2025-01-11,2.5699999425560236,False
5735,49.7400016784668,-1.215000033378601,2025-01-11,2.9499999340623617,False
5736,49.7400016784668,-1.2000000476837158,2025-01-11,2.939999934285879,False
5737,49.7400016784668,-1.184999942779541,2025-01-11,3.1699999291449785,False
5738,49.7400016784668,-1.1699999570846558,2025-01-11,3.279999926686287,False
5739,49.7400016784668,-1.1549999713897705,2025-01-11,3.5799999199807644,False
5740,49.7400016784668,-1.1399999856948853,2025-01-11,3.5799999199807644,False
5741,49.7400016784668,-1.125,2025-01-11,3.609999919310212,False
5742,49.7400016784668,-1.1100000143051147,2025-01-11,3.689999917522073,False
5743,49.7400016784668,-1.0950000286102295,2025-01-11,3.8099999148398638,False
5744,49.7400016784668,-1.0800000429153442,2025-01-11,3.7399999164044857,False
5745,49.7400016784668,-1.065000057220459,2025-01-11,3.779999915510416,False
5746,49.7400016784668,-1.0499999523162842,2025-01-11,3.67999991774559,False
5747,49.7400016784668,-1.034999966621399,2025-01-11,3.6699999179691076,False
5748,49.7400016784668,-1.0199999809265137,2025-01-11,3.67999991774559,False
5749,49.7400016784668,-1.0049999952316284,2025-01-11,3.7899999152868986,False
5750,49.7400016784668,-0.9900000095367432,2025-01-11,3.729999916628003,False
5751,49.7400016784668,-0.9750000238418579,2025-01-11,3.729999916628003,False
5752,49.7400016784668,-0.9599999785423279,2025-01-11,3.799999915063381,False
5753,49.7400016784668,-0.9449999928474426,2025-01-11,3.63999991863966,False
5754,49.7400016784668,-0.9300000071525574,2025-01-11,3.6699999179691076,False
5755,49.7400016784668,-0.9150000214576721,2025-01-11,3.609999919310212,False
5756,49.7400016784668,-0.8999999761581421,2025-01-11,3.609999919310212,False
5757,49.7400016784668,-0.8849999904632568,2025-01-11,3.779999915510416,False
5758,49.7400016784668,-0.8700000047683716,2025-01-11,3.569999920204282,False
5759,49.7400016784668,-0.8550000190734863,2025-01-11,3.67999991774559,False
5760,49.7400016784668,-0.8399999737739563,2025-01-11,3.6999999172985554,False
5761,49.7400016784668,-0.824999988079071,2025-01-11,3.539999920874834,False
5762,49.7400016784668,-0.8100000023841858,2025-01-11,3.5499999206513166,False
5763,49.7400016784668,-0.7950000166893005,2025-01-11,3.6699999179691076,False
5764,49.7400016784668,-0.7799999713897705,2025-01-11,3.729999916628003,False
5765,49.7400016784668,-0.7649999856948853,2025-01-11,3.6999999172985554,False
5766,49.7400016784668,-0.75,2025-01-11,3.6199999190866947,False
5767,49.7400016784668,-0.7350000143051147,2025-01-11,3.589999919757247,False
5768,49.7400016784668,-0.7200000286102295,2025-01-11,3.6699999179691076,False
5769,49.7400016784668,-0.7049999833106995,2025-01-11,3.729999916628003,False
5770,49.7400016784668,-0.6899999976158142,2025-01-11,3.539999920874834,False
5771,49.7400016784668,-0.675000011920929,2025-01-11,3.539999920874834,False
5772,49.7400016784668,-0.6600000262260437,2025-01-11,3.4099999237805605,False
5773,49.7400016784668,-0.6449999809265137,2025-01-11,3.1899999286979437,False
5774,49.7400016784668,-0.6299999952316284,2025-01-11,3.0499999318271875,False
5775,49.7400016784668,-0.6150000095367432,2025-01-11,2.8799999356269836,False
5776,49.7400016784668,-0.6000000238418579,2025-01-11,2.6899999398738146,False
5777,49.7400016784668,-0.5849999785423279,2025-01-11,2.5199999436736107,False
5778,49.7400016784668,-0.5699999928474426,2025-01-11,2.4699999447911978,False
5779,49.7400016784668,-0.5550000071525574,2025-01-11,2.1899999510496855,False
5780,49.7400016784668,-0.5400000214576721,2025-01-11,2.1599999517202377,False
5781,49.7400016784668,-0.5249999761581421,2025-01-11,1.9799999557435513,False
5782,49.7400016784668,-0.5099999904632568,2025-01-11,1.699999962002039,False
5783,49.7400016784668,-0.4950000047683716,2025-01-11,1.6799999624490738,False
5784,49.7400016784668,-0.47999998927116394,2025-01-11,1.769999960437417,False
5785,49.7400016784668,-0.4650000035762787,2025-01-11,1.6299999635666609,False
5786,49.7400016784668,-0.44999998807907104,2025-01-11,1.5199999660253525,False
5787,49.7400016784668,-0.4350000023841858,2025-01-11,1.649999963119626,False
5788,49.7400016784668,-0.41999998688697815,2025-01-11,1.529999965801835,False
5789,49.7400016784668,-0.4050000011920929,2025-01-11,1.50999996624887,False
5790,49.7400016784668,-0.38999998569488525,2025-01-11,1.4899999666959047,False
5791,49.7400016784668,-0.375,2025-01-11,1.339999970048666,False
5792,49.7400016784668,-0.36000001430511475,2025-01-11,1.2599999718368053,False
5793,49.7400016784668,-0.3449999988079071,2025-01-11,1.169999973848462,False
5794,49.7400016784668,-0.33000001311302185,2025-01-11,1.2799999713897705,False
5795,49.7400016784668,-0.3149999976158142,2025-01-11,1.2099999729543924,False
5796,49.7400016784668,-0.30000001192092896,2025-01-11,1.4899999666959047,False
5797,49.7400016784668,-0.2849999964237213,2025-01-11,1.5499999653548002,False
5798,49.7400016784668,-0.27000001072883606,2025-01-11,1.6399999633431435,False
5799,49.7400016784668,-0.2549999952316284,2025-01-11,1.7299999613314867,False
5800,49.7400016784668,-0.23999999463558197,2025-01-11,1.7899999599903822,False
5801,49.7400016784668,-0.22499999403953552,2025-01-11,1.8499999586492777,False
5802,49.7400016784668,-0.20999999344348907,2025-01-11,1.769999960437417,False
5803,49.7400016784668,-0.19499999284744263,2025-01-11,1.889999957755208,False
5804,49.7400016784668,-0.18000000715255737,2025-01-11,1.9199999570846558,False
5805,49.7400016784668,-0.16500000655651093,2025-01-11,2.4299999456852674,False
5806,49.7400016784668,-0.15000000596046448,2025-01-11,3.0499999318271875,False
5807,49.7400016784668,-0.13500000536441803,2025-01-11,3.589999919757247,False
5808,49.7400016784668,-0.11999999731779099,2025-01-11,3.9899999108165503,False
5809,49.7400016784668,-0.10499999672174454,2025-01-11,4.179999906569719,False
5810,49.7400016784668,-0.09000000357627869,2025-01-11,4.279999904334545,False
5811,49.7400016784668,-0.07500000298023224,2025-01-11,4.179999906569719,False
5812,49.7400016784668,-0.05999999865889549,2025-01-11,4.309999903663993,False
5813,49.7400016784668,-0.04500000178813934,2025-01-11,4.189999906346202,False
5814,49.7400016784668,-0.029999999329447746,2025-01-11,4.369999902322888,False
5815,49.7400016784668,-0.014999999664723873,2025-01-11,4.539999898523092,False
5816,49.7400016784668,0.0,2025-01-11,4.449999900534749,False
5817,49.7400016784668,0.014999999664723873,2025-01-11,4.499999899417162,False
5818,49.7400016784668,0.029999999329447746,2025-01-11,4.6299998965114355,False
5819,49.7400016784668,0.04500000178813934,2025-01-11,4.469999900087714,True
5820,49.7400016784668,0.05999999865889549,2025-01-11,4.56999989785254,True
5821,49.7400016784668,0.07500000298023224,2025-01-11,5.239999882876873,True
5822,49.7400016784668,0.09000000357627869,2025-01-11,5.76999987103045,True
5823,49.7400016784668,0.10499999672174454,2025-01-11,6.529999854043126,True
5824,49.7400016784668,0.11999999731779099,2025-01-11,7.159999839961529,False
5825,49.7400016784668,0.13500000536441803,2025-01-11,7.679999828338623,False
5826,49.7400016784668,0.15000000596046448,2025-01-11,8.28999981470406,False
5827,49.7400016784668,0.16500000655651093,2025-01-11,8.109999818727374,False
5828,49.7400016784668,0.18000000715255737,2025-01-11,8.709999805316329,False
5829,49.7400016784668,0.19499999284744263,2025-01-11,9.13999979570508,False
5830,49.7400016784668,0.20999999344348907,2025-01-11,9.899999778717756,False
5831,49.7400016784668,0.22499999403953552,2025-01-11,10.409999767318368,False
5832,49.7400016784668,0.23999999463558197,2025-01-11,10.289999770000577,False
5833,49.7400016784668,0.2549999952316284,2025-01-11,9.039999797940254,False
5834,49.7400016784668,0.27000001072883606,2025-01-11,10.519999764859676,False
5835,49.7400016784668,0.2849999964237213,2025-01-11,,False
5836,49.7400016784668,0.30000001192092896,2025-01-11,,False
5837,49.7400016784668,0.3149999976158142,2025-01-11,,False
5838,49.7400016784668,0.33000001311302185,2025-01-11,,False
5839,49.7400016784668,0.3449999988079071,2025-01-11,,False
5840,49.7400016784668,0.36000001430511475,2025-01-11,,False
5841,49.7400016784668,0.375,2025-01-11,,False
5842,49.7400016784668,0.38999998569488525,2025-01-11,,False
5843,49.7400016784668,0.4050000011920929,2025-01-11,,False
5844,49.7400016784668,0.41999998688697815,2025-01-11,,False
5845,49.7400016784668,0.4350000023841858,2025-01-11,,False
5846,49.7400016784668,0.44999998807907104,2025-01-11,,False
5847,49.7400016784668,0.4650000035762787,2025-01-11,,False
5848,49.7400016784668,0.47999998927116394,2025-01-11,,False
5849,49.7400016784668,0.4950000047683716,2025-01-11,,False
5850,49.75,-1.2450000047683716,2025-01-11,2.919999934732914,False
5851,49.75,-1.2300000190734863,2025-01-11,2.819999936968088,False
5852,49.75,-1.215000033378601,2025-01-11,2.8599999360740185,False
5853,49.75,-1.2000000476837158,2025-01-11,3.2399999275803566,False
5854,49.75,-1.184999942779541,2025-01-11,3.3299999255687,False
5855,49.75,-1.1699999570846558,2025-01-11,3.4099999237805605,False
5856,49.75,-1.1549999713897705,2025-01-11,3.6699999179691076,False
5857,49.75,-1.1399999856948853,2025-01-11,3.729999916628003,False
5858,49.75,-1.125,2025-01-11,3.689999917522073,False
5859,49.75,-1.1100000143051147,2025-01-11,3.8399999141693115,False
5860,49.75,-1.0950000286102295,2025-01-11,3.799999915063381,False
5861,49.75,-1.0800000429153442,2025-01-11,3.5599999204277992,False
5862,49.75,-1.065000057220459,2025-01-11,3.7199999168515205,False
5863,49.75,-1.0499999523162842,2025-01-11,3.4799999222159386,False
5864,49.75,-1.034999966621399,2025-01-11,3.659999918192625,False
5865,49.75,-1.0199999809265137,2025-01-11,3.8099999148398638,False
5866,49.75,-1.0049999952316284,2025-01-11,3.7399999164044857,False
5867,49.75,-0.9900000095367432,2025-01-11,3.67999991774559,False
5868,49.75,-0.9750000238418579,2025-01-11,3.7699999157339334,False
5869,49.75,-0.9599999785423279,2025-01-11,3.7499999161809683,False
5870,49.75,-0.9449999928474426,2025-01-11,3.849999913945794,False
5871,49.75,-0.9300000071525574,2025-01-11,3.7699999157339334,False
5872,49.75,-0.9150000214576721,2025-01-11,3.7399999164044857,False
5873,49.75,-0.8999999761581421,2025-01-11,3.6299999188631773,False
5874,49.75,-0.8849999904632568,2025-01-11,3.6299999188631773,False
5875,49.75,-0.8700000047683716,2025-01-11,3.779999915510416,False
5876,49.75,-0.8550000190734863,2025-01-11,3.6499999184161425,False
5877,49.75,-0.8399999737739563,2025-01-11,3.759999915957451,False
5878,49.75,-0.824999988079071,2025-01-11,3.5299999210983515,False
5879,49.75,-0.8100000023841858,2025-01-11,3.67999991774559,False
5880,49.75,-0.7950000166893005,2025-01-11,3.7199999168515205,False
5881,49.75,-0.7799999713897705,2025-01-11,3.7399999164044857,False
5882,49.75,-0.7649999856948853,2025-01-11,3.7499999161809683,False
5883,49.75,-0.75,2025-01-11,3.729999916628003,False
5884,49.75,-0.7350000143051147,2025-01-11,3.6999999172985554,False
5885,49.75,-0.7200000286102295,2025-01-11,3.7699999157339334,False
5886,49.75,-0.7049999833106995,2025-01-11,3.7699999157339334,False
5887,49.75,-0.6899999976158142,2025-01-11,3.519999921321869,False
5888,49.75,-0.675000011920929,2025-01-11,3.399999924004078,False
5889,49.75,-0.6600000262260437,2025-01-11,3.229999927803874,False
5890,49.75,-0.6449999809265137,2025-01-11,3.009999932721257,False
5891,49.75,-0.6299999952316284,2025-01-11,2.819999936968088,False
5892,49.75,-0.6150000095367432,2025-01-11,2.6399999409914017,False
5893,49.75,-0.6000000238418579,2025-01-11,2.4299999456852674,False
5894,49.75,-0.5849999785423279,2025-01-11,2.4099999461323023,False
5895,49.75,-0.5699999928474426,2025-01-11,2.229999950155616,False
5896,49.75,-0.5550000071525574,2025-01-11,2.1399999521672726,False
5897,49.75,-0.5400000214576721,2025-01-11,2.0499999541789293,False
5898,49.75,-0.5249999761581421,2025-01-11,1.9899999555200338,False
5899,49.75,-0.5099999904632568,2025-01-11,1.8999999575316906,False
5900,49.75,-0.4950000047683716,2025-01-11,1.839999958872795,False
5901,49.75,-0.47999998927116394,2025-01-11,1.8099999595433474,False
5902,49.75,-0.4650000035762787,2025-01-11,1.7199999615550041,False
5903,49.75,-0.44999998807907104,2025-01-11,1.6399999633431435,False
5904,49.75,-0.4350000023841858,2025-01-11,1.649999963119626,False
5905,49.75,-0.41999998688697815,2025-01-11,1.5999999642372131,False
5906,49.75,-0.4050000011920929,2025-01-11,1.5699999649077654,False
5907,49.75,-0.38999998569488525,2025-01-11,1.4799999669194221,False
5908,49.75,-0.375,2025-01-11,1.3499999698251486,False
5909,49.75,-0.36000001430511475,2025-01-11,1.2999999709427357,False
5910,49.75,-0.3449999988079071,2025-01-11,1.389999968931079,False
5911,49.75,-0.33000001311302185,2025-01-11,1.3999999687075615,False
5912,49.75,-0.3149999976158142,2025-01-11,1.3199999704957008,False
5913,49.75,-0.30000001192092896,2025-01-11,1.1899999734014273,False
5914,49.75,-0.2849999964237213,2025-01-11,1.219999972730875,False
5915,49.75,-0.27000001072883606,2025-01-11,1.5399999655783176,False
5916,49.75,-0.2549999952316284,2025-01-11,1.4699999671429396,False
5917,49.75,-0.23999999463558197,2025-01-11,1.4899999666959047,False
5918,49.75,-0.22499999403953552,2025-01-11,1.6199999637901783,False
5919,49.75,-0.20999999344348907,2025-01-11,1.5399999655783176,False
5920,49.75,-0.19499999284744263,2025-01-11,1.6099999640136957,False
5921,49.75,-0.18000000715255737,2025-01-11,1.8499999586492777,False
5922,49.75,-0.16500000655651093,2025-01-11,2.339999947696924,False
5923,49.75,-0.15000000596046448,2025-01-11,2.9299999345093966,False
5924,49.75,-0.13500000536441803,2025-01-11,3.36999992467463,False
5925,49.75,-0.11999999731779099,2025-01-11,3.8699999134987593,False
5926,49.75,-0.10499999672174454,2025-01-11,3.9399999119341373,False
5927,49.75,-0.09000000357627869,2025-01-11,4.039999909698963,False
5928,49.75,-0.07500000298023224,2025-01-11,4.119999907910824,False
5929,49.75,-0.05999999865889549,2025-01-11,4.209999905899167,False
5930,49.75,-0.04500000178813934,2025-01-11,4.209999905899167,False
5931,49.75,-0.029999999329447746,2025-01-11,4.189999906346202,False
5932,49.75,-0.014999999664723873,2025-01-11,4.359999902546406,False
5933,49.75,0.0,2025-01-11,4.139999907463789,False
5934,49.75,0.014999999664723873,2025-01-11,4.069999909028411,False
5935,49.75,0.029999999329447746,2025-01-11,4.419999901205301,False
5936,49.75,0.04500000178813934,2025-01-11,4.359999902546406,True
5937,49.75,0.05999999865889549,2025-01-11,4.3899999018758535,True
5938,49.75,0.07500000298023224,2025-01-11,4.859999891370535,True
5939,49.75,0.09000000357627869,2025-01-11,5.509999876841903,True
5940,49.75,0.10499999672174454,2025-01-11,5.799999870359898,True
5941,49.75,0.11999999731779099,2025-01-11,6.34999985806644,False
5942,49.75,0.13500000536441803,2025-01-11,6.709999850019813,False
5943,49.75,0.15000000596046448,2025-01-11,6.549999853596091,False
5944,49.75,0.16500000655651093,2025-01-11,6.229999860748649,False
5945,49.75,0.18000000715255737,2025-01-11,5.909999867901206,False
5946,49.75,0.19499999284744263,2025-01-11,6.2799998596310616,False
5947,49.75,0.20999999344348907,2025-01-11,6.96999984420836,False
5948,49.75,0.22499999403953552,2025-01-11,7.7899998258799314,False
5949,49.75,0.23999999463558197,2025-01-11,7.749999826774001,False
5950,49.75,0.2549999952316284,2025-01-11,7.649999829009175,False
5951,49.75,0.27000001072883606,2025-01-11,6.919999845325947,False
5952,49.75,0.2849999964237213,2025-01-11,7.509999832138419,False
5953,49.75,0.30000001192092896,2025-01-11,8.059999819844961,False
5954,49.75,0.3149999976158142,2025-01-11,,False
5955,49.75,0.33000001311302185,2025-01-11,,False
5956,49.75,0.3449999988079071,2025-01-11,,False
5957,49.75,0.36000001430511475,2025-01-11,,False
5958,49.75,0.375,2025-01-11,,False
5959,49.75,0.38999998569488525,2025-01-11,,False
5960,49.75,0.4050000011920929,2025-01-11,,False
5961,49.75,0.41999998688697815,2025-01-11,,False
5962,49.75,0.4350000023841858,2025-01-11,,False
5963,49.75,0.44999998807907104,2025-01-11,,False
5964,49.75,0.4650000035762787,2025-01-11,,False
5965,49.75,0.47999998927116394,2025-01-11,,False
5966,49.75,0.4950000047683716,2025-01-11,,False
5967,49.7599983215332,-1.2450000047683716,2025-01-11,3.3299999255687,False
5968,49.7599983215332,-1.2300000190734863,2025-01-11,3.6499999184161425,False
5969,49.7599983215332,-1.215000033378601,2025-01-11,3.249999927356839,False
5970,49.7599983215332,-1.2000000476837158,2025-01-11,3.4599999226629734,False
5971,49.7599983215332,-1.184999942779541,2025-01-11,3.4599999226629734,False
5972,49.7599983215332,-1.1699999570846558,2025-01-11,3.3799999244511127,False
5973,49.7599983215332,-1.1549999713897705,2025-01-11,3.419999923557043,False
5974,49.7599983215332,-1.1399999856948853,2025-01-11,3.829999914392829,False
5975,49.7599983215332,-1.125,2025-01-11,3.6199999190866947,False
5976,49.7599983215332,-1.1100000143051147,2025-01-11,3.7399999164044857,False
5977,49.7599983215332,-1.0950000286102295,2025-01-11,3.7699999157339334,False
5978,49.7599983215332,-1.0800000429153442,2025-01-11,3.5299999210983515,False
5979,49.7599983215332,-1.065000057220459,2025-01-11,3.67999991774559,False
5980,49.7599983215332,-1.0499999523162842,2025-01-11,3.5599999204277992,False
5981,49.7599983215332,-1.034999966621399,2025-01-11,3.539999920874834,False
5982,49.7599983215332,-1.0199999809265137,2025-01-11,3.6299999188631773,False
5983,49.7599983215332,-1.0049999952316284,2025-01-11,3.829999914392829,False
5984,49.7599983215332,-0.9900000095367432,2025-01-11,3.729999916628003,False
5985,49.7599983215332,-0.9750000238418579,2025-01-11,3.689999917522073,False
5986,49.7599983215332,-0.9599999785423279,2025-01-11,3.779999915510416,False
5987,49.7599983215332,-0.9449999928474426,2025-01-11,3.6299999188631773,False
5988,49.7599983215332,-0.9300000071525574,2025-01-11,3.7399999164044857,False
5989,49.7599983215332,-0.9150000214576721,2025-01-11,3.7199999168515205,False
5990,49.7599983215332,-0.8999999761581421,2025-01-11,3.589999919757247,False
5991,49.7599983215332,-0.8849999904632568,2025-01-11,3.5499999206513166,False
5992,49.7599983215332,-0.8700000047683716,2025-01-11,3.899999912828207,False
5993,49.7599983215332,-0.8550000190734863,2025-01-11,3.659999918192625,False
5994,49.7599983215332,-0.8399999737739563,2025-01-11,3.689999917522073,False
5995,49.7599983215332,-0.824999988079071,2025-01-11,3.8399999141693115,False
5996,49.7599983215332,-0.8100000023841858,2025-01-11,3.6999999172985554,False
5997,49.7599983215332,-0.7950000166893005,2025-01-11,3.6499999184161425,False
5998,49.7599983215332,-0.7799999713897705,2025-01-11,3.63999991863966,False
5999,49.7599983215332,-0.7649999856948853,2025-01-11,3.7399999164044857,False
6000,49.7599983215332,-0.75,2025-01-11,3.7399999164044857,False
6001,49.7599983215332,-0.7350000143051147,2025-01-11,3.7399999164044857,False
6002,49.7599983215332,-0.7200000286102295,2025-01-11,3.489999921992421,False
6003,49.7599983215332,-0.7049999833106995,2025-01-11,3.67999991774559,False
6004,49.7599983215332,-0.6899999976158142,2025-01-11,3.4999999217689037,False
6005,49.7599983215332,-0.675000011920929,2025-01-11,3.129999930039048,False
6006,49.7599983215332,-0.6600000262260437,2025-01-11,2.9599999338388443,False
6007,49.7599983215332,-0.6449999809265137,2025-01-11,2.729999938979745,False
6008,49.7599983215332,-0.6299999952316284,2025-01-11,2.6899999398738146,False
6009,49.7599983215332,-0.6150000095367432,2025-01-11,2.5299999434500933,False
6010,49.7599983215332,-0.6000000238418579,2025-01-11,2.349999947473407,False
6011,49.7599983215332,-0.5849999785423279,2025-01-11,2.319999948143959,False
6012,49.7599983215332,-0.5699999928474426,2025-01-11,2.2599999494850636,False
6013,49.7599983215332,-0.5550000071525574,2025-01-11,2.12999995239079,False
6014,49.7599983215332,-0.5400000214576721,2025-01-11,1.9999999552965164,False
6015,49.7599983215332,-0.5249999761581421,2025-01-11,1.959999956190586,False
6016,49.7599983215332,-0.5099999904632568,2025-01-11,1.9499999564141035,False
6017,49.7599983215332,-0.4950000047683716,2025-01-11,1.839999958872795,False
6018,49.7599983215332,-0.47999998927116394,2025-01-11,1.7399999611079693,False
6019,49.7599983215332,-0.4650000035762787,2025-01-11,1.7199999615550041,False
6020,49.7599983215332,-0.44999998807907104,2025-01-11,1.6799999624490738,False
6021,49.7599983215332,-0.4350000023841858,2025-01-11,1.649999963119626,False
6022,49.7599983215332,-0.41999998688697815,2025-01-11,1.8599999584257603,False
6023,49.7599983215332,-0.4050000011920929,2025-01-11,1.6699999626725912,False
6024,49.7599983215332,-0.38999998569488525,2025-01-11,1.5599999651312828,False
6025,49.7599983215332,-0.375,2025-01-11,1.5199999660253525,False
6026,49.7599983215332,-0.36000001430511475,2025-01-11,1.4499999675899744,False
6027,49.7599983215332,-0.3449999988079071,2025-01-11,1.1799999736249447,False
6028,49.7599983215332,-0.33000001311302185,2025-01-11,1.3299999702721834,False
6029,49.7599983215332,-0.3149999976158142,2025-01-11,1.2799999713897705,False
6030,49.7599983215332,-0.30000001192092896,2025-01-11,1.2499999720603228,False
6031,49.7599983215332,-0.2849999964237213,2025-01-11,1.1999999731779099,False
6032,49.7599983215332,-0.27000001072883606,2025-01-11,1.3099999707192183,False
6033,49.7599983215332,-0.2549999952316284,2025-01-11,1.409999968484044,False
6034,49.7599983215332,-0.23999999463558197,2025-01-11,1.2999999709427357,False
6035,49.7599983215332,-0.22499999403953552,2025-01-11,1.3999999687075615,False
6036,49.7599983215332,-0.20999999344348907,2025-01-11,1.339999970048666,False
6037,49.7599983215332,-0.19499999284744263,2025-01-11,1.4699999671429396,False
6038,49.7599983215332,-0.18000000715255737,2025-01-11,1.8499999586492777,False
6039,49.7599983215332,-0.16500000655651093,2025-01-11,2.4299999456852674,False
6040,49.7599983215332,-0.15000000596046448,2025-01-11,2.8399999365210533,False
6041,49.7599983215332,-0.13500000536441803,2025-01-11,3.1699999291449785,False
6042,49.7599983215332,-0.11999999731779099,2025-01-11,3.659999918192625,False
6043,49.7599983215332,-0.10499999672174454,2025-01-11,3.9399999119341373,False
6044,49.7599983215332,-0.09000000357627869,2025-01-11,3.9899999108165503,False
6045,49.7599983215332,-0.07500000298023224,2025-01-11,4.029999909922481,False
6046,49.7599983215332,-0.05999999865889549,2025-01-11,4.169999906793237,False
6047,49.7599983215332,-0.04500000178813934,2025-01-11,4.309999903663993,False
6048,49.7599983215332,-0.029999999329447746,2025-01-11,4.29999990388751,False
6049,49.7599983215332,-0.014999999664723873,2025-01-11,4.249999905005097,False
6050,49.7599983215332,0.0,2025-01-11,4.279999904334545,False
6051,49.7599983215332,0.014999999664723873,2025-01-11,4.109999908134341,False
6052,49.7599983215332,0.029999999329447746,2025-01-11,4.069999909028411,False
6053,49.7599983215332,0.04500000178813934,2025-01-11,4.279999904334545,True
6054,49.7599983215332,0.05999999865889549,2025-01-11,4.3199999034404755,True
6055,49.7599983215332,0.07500000298023224,2025-01-11,4.549999898299575,True
6056,49.7599983215332,0.09000000357627869,2025-01-11,4.789999892935157,True
6057,49.7599983215332,0.10499999672174454,2025-01-11,5.089999886229634,True
6058,49.7599983215332,0.11999999731779099,2025-01-11,5.509999876841903,False
6059,49.7599983215332,0.13500000536441803,2025-01-11,5.759999871253967,False
6060,49.7599983215332,0.15000000596046448,2025-01-11,5.909999867901206,False
6061,49.7599983215332,0.16500000655651093,2025-01-11,5.589999875053763,False
6062,49.7599983215332,0.18000000715255737,2025-01-11,5.4199998788535595,False
6063,49.7599983215332,0.19499999284744263,2025-01-11,5.449999878183007,False
6064,49.7599983215332,0.20999999344348907,2025-01-11,5.529999876394868,False
6065,49.7599983215332,0.22499999403953552,2025-01-11,5.599999874830246,False
6066,49.7599983215332,0.23999999463558197,2025-01-11,5.76999987103045,False
6067,49.7599983215332,0.2549999952316284,2025-01-11,5.7299998719245195,False
6068,49.7599983215332,0.27000001072883606,2025-01-11,5.6099998746067286,False
6069,49.7599983215332,0.2849999964237213,2025-01-11,6.609999852254987,False
6070,49.7599983215332,0.30000001192092896,2025-01-11,7.599999830126762,False
6071,49.7599983215332,0.3149999976158142,2025-01-11,7.559999831020832,False
6072,49.7599983215332,0.33000001311302185,2025-01-11,8.379999812692404,False
6073,49.7599983215332,0.3449999988079071,2025-01-11,,False
6074,49.7599983215332,0.36000001430511475,2025-01-11,,False
6075,49.7599983215332,0.375,2025-01-11,,False
6076,49.7599983215332,0.38999998569488525,2025-01-11,,False
6077,49.7599983215332,0.4050000011920929,2025-01-11,,False
6078,49.7599983215332,0.41999998688697815,2025-01-11,,False
6079,49.7599983215332,0.4350000023841858,2025-01-11,,False
6080,49.7599983215332,0.44999998807907104,2025-01-11,,False
6081,49.7599983215332,0.4650000035762787,2025-01-11,,False
6082,49.7599983215332,0.47999998927116394,2025-01-11,,False
6083,49.7599983215332,0.4950000047683716,2025-01-11,,False
6084,49.77000045776367,-1.2450000047683716,2025-01-11,3.609999919310212,False
6085,49.77000045776367,-1.2300000190734863,2025-01-11,3.419999923557043,False
6086,49.77000045776367,-1.215000033378601,2025-01-11,3.6999999172985554,False
6087,49.77000045776367,-1.2000000476837158,2025-01-11,3.5799999199807644,False
6088,49.77000045776367,-1.184999942779541,2025-01-11,3.6999999172985554,False
6089,49.77000045776367,-1.1699999570846558,2025-01-11,3.3399999253451824,False
6090,49.77000045776367,-1.1549999713897705,2025-01-11,3.5299999210983515,False
6091,49.77000045776367,-1.1399999856948853,2025-01-11,3.63999991863966,False
6092,49.77000045776367,-1.125,2025-01-11,3.609999919310212,False
6093,49.77000045776367,-1.1100000143051147,2025-01-11,3.8099999148398638,False
6094,49.77000045776367,-1.0950000286102295,2025-01-11,3.67999991774559,False
6095,49.77000045776367,-1.0800000429153442,2025-01-11,3.5999999195337296,False
6096,49.77000045776367,-1.065000057220459,2025-01-11,3.7499999161809683,False
6097,49.77000045776367,-1.0499999523162842,2025-01-11,3.7399999164044857,False
6098,49.77000045776367,-1.034999966621399,2025-01-11,3.7199999168515205,False
6099,49.77000045776367,-1.0199999809265137,2025-01-11,3.5099999215453863,False
6100,49.77000045776367,-1.0049999952316284,2025-01-11,3.5299999210983515,False
6101,49.77000045776367,-0.9900000095367432,2025-01-11,3.689999917522073,False
6102,49.77000045776367,-0.9750000238418579,2025-01-11,3.6699999179691076,False
6103,49.77000045776367,-0.9599999785423279,2025-01-11,3.7399999164044857,False
6104,49.77000045776367,-0.9449999928474426,2025-01-11,3.6199999190866947,False
6105,49.77000045776367,-0.9300000071525574,2025-01-11,3.689999917522073,False
6106,49.77000045776367,-0.9150000214576721,2025-01-11,3.7399999164044857,False
6107,49.77000045776367,-0.8999999761581421,2025-01-11,3.6699999179691076,False
6108,49.77000045776367,-0.8849999904632568,2025-01-11,3.589999919757247,False
6109,49.77000045776367,-0.8700000047683716,2025-01-11,3.7499999161809683,False
6110,49.77000045776367,-0.8550000190734863,2025-01-11,3.779999915510416,False
6111,49.77000045776367,-0.8399999737739563,2025-01-11,3.659999918192625,False
6112,49.77000045776367,-0.824999988079071,2025-01-11,3.8699999134987593,False
6113,49.77000045776367,-0.8100000023841858,2025-01-11,3.689999917522073,False
6114,49.77000045776367,-0.7950000166893005,2025-01-11,3.7499999161809683,False
6115,49.77000045776367,-0.7799999713897705,2025-01-11,3.709999917075038,False
6116,49.77000045776367,-0.7649999856948853,2025-01-11,3.6699999179691076,False
6117,49.77000045776367,-0.75,2025-01-11,3.7399999164044857,False
6118,49.77000045776367,-0.7350000143051147,2025-01-11,3.8199999146163464,False
6119,49.77000045776367,-0.7200000286102295,2025-01-11,3.3299999255687,False
6120,49.77000045776367,-0.7049999833106995,2025-01-11,3.2899999264627695,False
6121,49.77000045776367,-0.6899999976158142,2025-01-11,3.2599999271333218,False
6122,49.77000045776367,-0.675000011920929,2025-01-11,3.159999929368496,False
6123,49.77000045776367,-0.6600000262260437,2025-01-11,2.969999933615327,False
6124,49.77000045776367,-0.6449999809265137,2025-01-11,2.7099999394267797,False
6125,49.77000045776367,-0.6299999952316284,2025-01-11,2.629999941214919,False
6126,49.77000045776367,-0.6150000095367432,2025-01-11,2.4299999456852674,False
6127,49.77000045776367,-0.6000000238418579,2025-01-11,2.2599999494850636,False
6128,49.77000045776367,-0.5849999785423279,2025-01-11,2.12999995239079,False
6129,49.77000045776367,-0.5699999928474426,2025-01-11,2.0999999530613422,False
6130,49.77000045776367,-0.5550000071525574,2025-01-11,2.1199999526143074,False
6131,49.77000045776367,-0.5400000214576721,2025-01-11,1.889999957755208,False
6132,49.77000045776367,-0.5249999761581421,2025-01-11,1.8299999590963125,False
6133,49.77000045776367,-0.5099999904632568,2025-01-11,1.889999957755208,False
6134,49.77000045776367,-0.4950000047683716,2025-01-11,1.7899999599903822,False
6135,49.77000045776367,-0.47999998927116394,2025-01-11,1.7499999608844519,False
6136,49.77000045776367,-0.4650000035762787,2025-01-11,1.8499999586492777,False
6137,49.77000045776367,-0.44999998807907104,2025-01-11,1.9099999573081732,False
6138,49.77000045776367,-0.4350000023841858,2025-01-11,1.8599999584257603,False
6139,49.77000045776367,-0.41999998688697815,2025-01-11,1.839999958872795,False
6140,49.77000045776367,-0.4050000011920929,2025-01-11,1.7299999613314867,False
6141,49.77000045776367,-0.38999998569488525,2025-01-11,1.5599999651312828,False
6142,49.77000045776367,-0.375,2025-01-11,1.50999996624887,False
6143,49.77000045776367,-0.36000001430511475,2025-01-11,1.289999971166253,False
6144,49.77000045776367,-0.3449999988079071,2025-01-11,1.2499999720603228,False
6145,49.77000045776367,-0.33000001311302185,2025-01-11,1.1899999734014273,False
6146,49.77000045776367,-0.3149999976158142,2025-01-11,1.2499999720603228,False
6147,49.77000045776367,-0.30000001192092896,2025-01-11,1.219999972730875,False
6148,49.77000045776367,-0.2849999964237213,2025-01-11,1.0699999760836363,False
6149,49.77000045776367,-0.27000001072883606,2025-01-11,1.219999972730875,False
6150,49.77000045776367,-0.2549999952316284,2025-01-11,1.269999971613288,False
6151,49.77000045776367,-0.23999999463558197,2025-01-11,1.1899999734014273,False
6152,49.77000045776367,-0.22499999403953552,2025-01-11,1.1599999740719795,False
6153,49.77000045776367,-0.20999999344348907,2025-01-11,1.2099999729543924,False
6154,49.77000045776367,-0.19499999284744263,2025-01-11,1.289999971166253,False
6155,49.77000045776367,-0.18000000715255737,2025-01-11,1.6699999626725912,False
6156,49.77000045776367,-0.16500000655651093,2025-01-11,2.0399999544024467,False
6157,49.77000045776367,-0.15000000596046448,2025-01-11,2.5999999418854713,False
6158,49.77000045776367,-0.13500000536441803,2025-01-11,3.089999930933118,False
6159,49.77000045776367,-0.11999999731779099,2025-01-11,3.449999922886491,False
6160,49.77000045776367,-0.10499999672174454,2025-01-11,3.8599999137222767,False
6161,49.77000045776367,-0.09000000357627869,2025-01-11,3.899999912828207,False
6162,49.77000045776367,-0.07500000298023224,2025-01-11,3.9899999108165503,False
6163,49.77000045776367,-0.05999999865889549,2025-01-11,4.21999990567565,False
6164,49.77000045776367,-0.04500000178813934,2025-01-11,4.159999907016754,False
6165,49.77000045776367,-0.029999999329447746,2025-01-11,4.2699999045580626,False
6166,49.77000045776367,-0.014999999664723873,2025-01-11,4.289999904111028,False
6167,49.77000045776367,0.0,2025-01-11,4.119999907910824,False
6168,49.77000045776367,0.014999999664723873,2025-01-11,4.099999908357859,False
6169,49.77000045776367,0.029999999329447746,2025-01-11,3.8699999134987593,False
6170,49.77000045776367,0.04500000178813934,2025-01-11,4.099999908357859,False
6171,49.77000045776367,0.05999999865889549,2025-01-11,4.21999990567565,False
6172,49.77000045776367,0.07500000298023224,2025-01-11,4.379999902099371,False
6173,49.77000045776367,0.09000000357627869,2025-01-11,4.359999902546406,False
6174,49.77000045776367,0.10499999672174454,2025-01-11,4.56999989785254,False
6175,49.77000045776367,0.11999999731779099,2025-01-11,4.759999893605709,False
6176,49.77000045776367,0.13500000536441803,2025-01-11,5.089999886229634,False
6177,49.77000045776367,0.15000000596046448,2025-01-11,5.379999879747629,False
6178,49.77000045776367,0.16500000655651093,2025-01-11,5.469999877735972,False
6179,49.77000045776367,0.18000000715255737,2025-01-11,5.259999882429838,False
6180,49.77000045776367,0.19499999284744263,2025-01-11,5.22999988310039,False
6181,49.77000045776367,0.20999999344348907,2025-01-11,5.249999882653356,False
6182,49.77000045776367,0.22499999403953552,2025-01-11,5.049999887123704,False
6183,49.77000045776367,0.23999999463558197,2025-01-11,4.829999892041087,False
6184,49.77000045776367,0.2549999952316284,2025-01-11,4.829999892041087,False
6185,49.77000045776367,0.27000001072883606,2025-01-11,4.769999893382192,False
6186,49.77000045776367,0.2849999964237213,2025-01-11,5.129999885335565,False
6187,49.77000045776367,0.30000001192092896,2025-01-11,5.0599998869001865,False
6188,49.77000045776367,0.3149999976158142,2025-01-11,6.649999851360917,False
6189,49.77000045776367,0.33000001311302185,2025-01-11,7.439999833703041,False
6190,49.77000045776367,0.3449999988079071,2025-01-11,8.229999816045165,False
6191,49.77000045776367,0.36000001430511475,2025-01-11,10.189999772235751,False
6192,49.77000045776367,0.375,2025-01-11,,False
6193,49.77000045776367,0.38999998569488525,2025-01-11,,False
6194,49.77000045776367,0.4050000011920929,2025-01-11,,False
6195,49.77000045776367,0.41999998688697815,2025-01-11,,False
6196,49.77000045776367,0.4350000023841858,2025-01-11,,False
6197,49.77000045776367,0.44999998807907104,2025-01-11,,False
6198,49.77000045776367,0.4650000035762787,2025-01-11,,False
6199,49.77000045776367,0.47999998927116394,2025-01-11,,False
6200,49.77000045776367,0.4950000047683716,2025-01-11,,False
6201,49.779998779296875,-1.2450000047683716,2025-01-11,3.489999921992421,False
6202,49.779998779296875,-1.2300000190734863,2025-01-11,3.5799999199807644,False
6203,49.779998779296875,-1.215000033378601,2025-01-11,3.3299999255687,False
6204,49.779998779296875,-1.2000000476837158,2025-01-11,3.539999920874834,False
6205,49.779998779296875,-1.184999942779541,2025-01-11,3.36999992467463,False
6206,49.779998779296875,-1.1699999570846558,2025-01-11,3.4299999233335257,False
6207,49.779998779296875,-1.1549999713897705,2025-01-11,3.659999918192625,False
6208,49.779998779296875,-1.1399999856948853,2025-01-11,3.7499999161809683,False
6209,49.779998779296875,-1.125,2025-01-11,3.4299999233335257,False
6210,49.779998779296875,-1.1100000143051147,2025-01-11,3.5499999206513166,False
6211,49.779998779296875,-1.0950000286102295,2025-01-11,3.7499999161809683,False
6212,49.779998779296875,-1.0800000429153442,2025-01-11,3.519999921321869,False
6213,49.779998779296875,-1.065000057220459,2025-01-11,3.609999919310212,False
6214,49.779998779296875,-1.0499999523162842,2025-01-11,3.5499999206513166,False
6215,49.779998779296875,-1.034999966621399,2025-01-11,3.6199999190866947,False
6216,49.779998779296875,-1.0199999809265137,2025-01-11,3.63999991863966,False
6217,49.779998779296875,-1.0049999952316284,2025-01-11,3.7899999152868986,False
6218,49.779998779296875,-0.9900000095367432,2025-01-11,3.7399999164044857,False
6219,49.779998779296875,-0.9750000238418579,2025-01-11,3.7499999161809683,False
6220,49.779998779296875,-0.9599999785423279,2025-01-11,3.8699999134987593,False
6221,49.779998779296875,-0.9449999928474426,2025-01-11,3.7199999168515205,False
6222,49.779998779296875,-0.9300000071525574,2025-01-11,3.7699999157339334,False
6223,49.779998779296875,-0.9150000214576721,2025-01-11,3.6999999172985554,False
6224,49.779998779296875,-0.8999999761581421,2025-01-11,3.7499999161809683,False
6225,49.779998779296875,-0.8849999904632568,2025-01-11,3.6199999190866947,False
6226,49.779998779296875,-0.8700000047683716,2025-01-11,3.849999913945794,False
6227,49.779998779296875,-0.8550000190734863,2025-01-11,3.779999915510416,False
6228,49.779998779296875,-0.8399999737739563,2025-01-11,3.8099999148398638,False
6229,49.779998779296875,-0.824999988079071,2025-01-11,3.8199999146163464,False
6230,49.779998779296875,-0.8100000023841858,2025-01-11,3.7199999168515205,False
6231,49.779998779296875,-0.7950000166893005,2025-01-11,3.829999914392829,False
6232,49.779998779296875,-0.7799999713897705,2025-01-11,3.7699999157339334,False
6233,49.779998779296875,-0.7649999856948853,2025-01-11,3.5499999206513166,False
6234,49.779998779296875,-0.75,2025-01-11,3.539999920874834,False
6235,49.779998779296875,-0.7350000143051147,2025-01-11,3.659999918192625,False
6236,49.779998779296875,-0.7200000286102295,2025-01-11,3.3199999257922173,False
6237,49.779998779296875,-0.7049999833106995,2025-01-11,3.2399999275803566,False
6238,49.779998779296875,-0.6899999976158142,2025-01-11,3.01999993249774,False
6239,49.779998779296875,-0.675000011920929,2025-01-11,3.05999993160367,False
6240,49.779998779296875,-0.6600000262260437,2025-01-11,2.9099999349564314,False
6241,49.779998779296875,-0.6449999809265137,2025-01-11,2.6699999403208494,False
6242,49.779998779296875,-0.6299999952316284,2025-01-11,2.4999999441206455,False
6243,49.779998779296875,-0.6150000095367432,2025-01-11,2.4499999452382326,False
6244,49.779998779296875,-0.6000000238418579,2025-01-11,2.2399999499320984,False
6245,49.779998779296875,-0.5849999785423279,2025-01-11,2.109999952837825,False
6246,49.779998779296875,-0.5699999928474426,2025-01-11,2.079999953508377,False
6247,49.779998779296875,-0.5550000071525574,2025-01-11,2.029999954625964,False
6248,49.779998779296875,-0.5400000214576721,2025-01-11,1.9699999559670687,False
6249,49.779998779296875,-0.5249999761581421,2025-01-11,1.8299999590963125,False
6250,49.779998779296875,-0.5099999904632568,2025-01-11,1.8099999595433474,False
6251,49.779998779296875,-0.4950000047683716,2025-01-11,1.699999962002039,False
6252,49.779998779296875,-0.47999998927116394,2025-01-11,1.8099999595433474,False
6253,49.779998779296875,-0.4650000035762787,2025-01-11,1.939999956637621,False
6254,49.779998779296875,-0.44999998807907104,2025-01-11,1.9199999570846558,False
6255,49.779998779296875,-0.4350000023841858,2025-01-11,1.889999957755208,False
6256,49.779998779296875,-0.41999998688697815,2025-01-11,1.7999999597668648,False
6257,49.779998779296875,-0.4050000011920929,2025-01-11,1.6399999633431435,False
6258,49.779998779296875,-0.38999998569488525,2025-01-11,1.4799999669194221,False
6259,49.779998779296875,-0.375,2025-01-11,1.3599999696016312,False
6260,49.779998779296875,-0.36000001430511475,2025-01-11,1.3199999704957008,False
6261,49.779998779296875,-0.3449999988079071,2025-01-11,1.2999999709427357,False
6262,49.779998779296875,-0.33000001311302185,2025-01-11,1.3199999704957008,False
6263,49.779998779296875,-0.3149999976158142,2025-01-11,1.2999999709427357,False
6264,49.779998779296875,-0.30000001192092896,2025-01-11,1.289999971166253,False
6265,49.779998779296875,-0.2849999964237213,2025-01-11,1.1899999734014273,False
6266,49.779998779296875,-0.27000001072883606,2025-01-11,1.0899999756366014,False
6267,49.779998779296875,-0.2549999952316284,2025-01-11,1.0799999758601189,False
6268,49.779998779296875,-0.23999999463558197,2025-01-11,1.0799999758601189,False
6269,49.779998779296875,-0.22499999403953552,2025-01-11,1.0099999774247408,False
6270,49.779998779296875,-0.20999999344348907,2025-01-11,1.0599999763071537,False
6271,49.779998779296875,-0.19499999284744263,2025-01-11,1.2999999709427357,False
6272,49.779998779296875,-0.18000000715255737,2025-01-11,1.5999999642372131,False
6273,49.779998779296875,-0.16500000655651093,2025-01-11,2.029999954625964,False
6274,49.779998779296875,-0.15000000596046448,2025-01-11,2.419999945908785,False
6275,49.779998779296875,-0.13500000536441803,2025-01-11,2.919999934732914,False
6276,49.779998779296875,-0.11999999731779099,2025-01-11,3.5099999215453863,False
6277,49.779998779296875,-0.10499999672174454,2025-01-11,3.779999915510416,False
6278,49.779998779296875,-0.09000000357627869,2025-01-11,4.039999909698963,False
6279,49.779998779296875,-0.07500000298023224,2025-01-11,4.019999910145998,False
6280,49.779998779296875,-0.05999999865889549,2025-01-11,4.069999909028411,False
6281,49.779998779296875,-0.04500000178813934,2025-01-11,4.249999905005097,False
6282,49.779998779296875,-0.029999999329447746,2025-01-11,4.229999905452132,False
6283,49.779998779296875,-0.014999999664723873,2025-01-11,4.29999990388751,False
6284,49.779998779296875,0.0,2025-01-11,4.069999909028411,False
6285,49.779998779296875,0.014999999664723873,2025-01-11,4.049999909475446,False
6286,49.779998779296875,0.029999999329447746,2025-01-11,3.8899999130517244,False
6287,49.779998779296875,0.04500000178813934,2025-01-11,3.9099999126046896,False
6288,49.779998779296875,0.05999999865889549,2025-01-11,4.029999909922481,False
6289,49.779998779296875,0.07500000298023224,2025-01-11,4.229999905452132,False
6290,49.779998779296875,0.09000000357627869,2025-01-11,4.25999990478158,False
6291,49.779998779296875,0.10499999672174454,2025-01-11,4.409999901428819,False
6292,49.779998779296875,0.11999999731779099,2025-01-11,4.489999899640679,False
6293,49.779998779296875,0.13500000536441803,2025-01-11,4.709999894723296,False
6294,49.779998779296875,0.15000000596046448,2025-01-11,5.029999887570739,False
6295,49.779998779296875,0.16500000655651093,2025-01-11,5.1799998842179775,False
6296,49.779998779296875,0.18000000715255737,2025-01-11,5.1799998842179775,False
6297,49.779998779296875,0.19499999284744263,2025-01-11,5.129999885335565,False
6298,49.779998779296875,0.20999999344348907,2025-01-11,5.009999888017774,False
6299,49.779998779296875,0.22499999403953552,2025-01-11,4.8699998911470175,False
6300,49.779998779296875,0.23999999463558197,2025-01-11,4.539999898523092,False
6301,49.779998779296875,0.2549999952316284,2025-01-11,4.329999903216958,False
6302,49.779998779296875,0.27000001072883606,2025-01-11,4.479999899864197,False
6303,49.779998779296875,0.2849999964237213,2025-01-11,4.279999904334545,False
6304,49.779998779296875,0.30000001192092896,2025-01-11,4.559999898076057,False
6305,49.779998779296875,0.3149999976158142,2025-01-11,5.259999882429838,False
6306,49.779998779296875,0.33000001311302185,2025-01-11,5.14999988488853,False
6307,49.779998779296875,0.3449999988079071,2025-01-11,6.3299998585134745,False
6308,49.779998779296875,0.36000001430511475,2025-01-11,6.899999845772982,False
6309,49.779998779296875,0.375,2025-01-11,10.519999764859676,False
6310,49.779998779296875,0.38999998569488525,2025-01-11,10.349999768659472,False
6311,49.779998779296875,0.4050000011920929,2025-01-11,,False
6312,49.779998779296875,0.41999998688697815,2025-01-11,,False
6313,49.779998779296875,0.4350000023841858,2025-01-11,,False
6314,49.779998779296875,0.44999998807907104,2025-01-11,,False
6315,49.779998779296875,0.4650000035762787,2025-01-11,,False
6316,49.779998779296875,0.47999998927116394,2025-01-11,,False
6317,49.779998779296875,0.4950000047683716,2025-01-11,,False
6318,49.790000915527344,-1.2450000047683716,2025-01-11,3.67999991774559,False
6319,49.790000915527344,-1.2300000190734863,2025-01-11,3.689999917522073,False
6320,49.790000915527344,-1.215000033378601,2025-01-11,3.519999921321869,False
6321,49.790000915527344,-1.2000000476837158,2025-01-11,3.3099999260157347,False
6322,49.790000915527344,-1.184999942779541,2025-01-11,3.4599999226629734,False
6323,49.790000915527344,-1.1699999570846558,2025-01-11,3.2899999264627695,False
6324,49.790000915527344,-1.1549999713897705,2025-01-11,3.5299999210983515,False
6325,49.790000915527344,-1.1399999856948853,2025-01-11,3.4399999231100082,False
6326,49.790000915527344,-1.125,2025-01-11,3.609999919310212,False
6327,49.790000915527344,-1.1100000143051147,2025-01-11,3.5099999215453863,False
6328,49.790000915527344,-1.0950000286102295,2025-01-11,3.5299999210983515,False
6329,49.790000915527344,-1.0800000429153442,2025-01-11,3.829999914392829,False
6330,49.790000915527344,-1.065000057220459,2025-01-11,3.6199999190866947,False
6331,49.790000915527344,-1.0499999523162842,2025-01-11,3.5799999199807644,False
6332,49.790000915527344,-1.034999966621399,2025-01-11,3.6699999179691076,False
6333,49.790000915527344,-1.0199999809265137,2025-01-11,3.659999918192625,False
6334,49.790000915527344,-1.0049999952316284,2025-01-11,3.67999991774559,False
6335,49.790000915527344,-0.9900000095367432,2025-01-11,3.7399999164044857,False
6336,49.790000915527344,-0.9750000238418579,2025-01-11,3.6499999184161425,False
6337,49.790000915527344,-0.9599999785423279,2025-01-11,3.7699999157339334,False
6338,49.790000915527344,-0.9449999928474426,2025-01-11,3.8399999141693115,False
6339,49.790000915527344,-0.9300000071525574,2025-01-11,3.659999918192625,False
6340,49.790000915527344,-0.9150000214576721,2025-01-11,3.659999918192625,False
6341,49.790000915527344,-0.8999999761581421,2025-01-11,3.6699999179691076,False
6342,49.790000915527344,-0.8849999904632568,2025-01-11,3.729999916628003,False
6343,49.790000915527344,-0.8700000047683716,2025-01-11,3.5499999206513166,False
6344,49.790000915527344,-0.8550000190734863,2025-01-11,3.709999917075038,False
6345,49.790000915527344,-0.8399999737739563,2025-01-11,3.6699999179691076,False
6346,49.790000915527344,-0.824999988079071,2025-01-11,3.689999917522073,False
6347,49.790000915527344,-0.8100000023841858,2025-01-11,3.6199999190866947,False
6348,49.790000915527344,-0.7950000166893005,2025-01-11,3.63999991863966,False
6349,49.790000915527344,-0.7799999713897705,2025-01-11,3.7399999164044857,False
6350,49.790000915527344,-0.7649999856948853,2025-01-11,3.4799999222159386,False
6351,49.790000915527344,-0.75,2025-01-11,3.3799999244511127,False
6352,49.790000915527344,-0.7350000143051147,2025-01-11,3.349999925121665,False
6353,49.790000915527344,-0.7200000286102295,2025-01-11,3.109999930486083,False
6354,49.790000915527344,-0.7049999833106995,2025-01-11,3.089999930933118,False
6355,49.790000915527344,-0.6899999976158142,2025-01-11,2.8799999356269836,False
6356,49.790000915527344,-0.675000011920929,2025-01-11,2.919999934732914,False
6357,49.790000915527344,-0.6600000262260437,2025-01-11,2.8099999371916056,False
6358,49.790000915527344,-0.6449999809265137,2025-01-11,2.6399999409914017,False
6359,49.790000915527344,-0.6299999952316284,2025-01-11,2.5999999418854713,False
6360,49.790000915527344,-0.6150000095367432,2025-01-11,2.3799999468028545,False
6361,49.790000915527344,-0.6000000238418579,2025-01-11,2.149999951943755,False
6362,49.790000915527344,-0.5849999785423279,2025-01-11,2.0899999532848597,False
6363,49.790000915527344,-0.5699999928474426,2025-01-11,2.0399999544024467,False
6364,49.790000915527344,-0.5550000071525574,2025-01-11,1.9999999552965164,False
6365,49.790000915527344,-0.5400000214576721,2025-01-11,1.889999957755208,False
6366,49.790000915527344,-0.5249999761581421,2025-01-11,1.9299999568611383,False
6367,49.790000915527344,-0.5099999904632568,2025-01-11,1.839999958872795,False
6368,49.790000915527344,-0.4950000047683716,2025-01-11,1.889999957755208,False
6369,49.790000915527344,-0.47999998927116394,2025-01-11,2.0499999541789293,False
6370,49.790000915527344,-0.4650000035762787,2025-01-11,2.0399999544024467,False
6371,49.790000915527344,-0.44999998807907104,2025-01-11,1.9799999557435513,False
6372,49.790000915527344,-0.4350000023841858,2025-01-11,1.9699999559670687,False
6373,49.790000915527344,-0.41999998688697815,2025-01-11,1.6599999628961086,False
6374,49.790000915527344,-0.4050000011920929,2025-01-11,1.5999999642372131,False
6375,49.790000915527344,-0.38999998569488525,2025-01-11,1.5199999660253525,False
6376,49.790000915527344,-0.375,2025-01-11,1.4799999669194221,False
6377,49.790000915527344,-0.36000001430511475,2025-01-11,1.339999970048666,False
6378,49.790000915527344,-0.3449999988079071,2025-01-11,1.289999971166253,False
6379,49.790000915527344,-0.33000001311302185,2025-01-11,1.2799999713897705,False
6380,49.790000915527344,-0.3149999976158142,2025-01-11,1.2999999709427357,False
6381,49.790000915527344,-0.30000001192092896,2025-01-11,1.2599999718368053,False
6382,49.790000915527344,-0.2849999964237213,2025-01-11,1.169999973848462,False
6383,49.790000915527344,-0.27000001072883606,2025-01-11,1.0099999774247408,False
6384,49.790000915527344,-0.2549999952316284,2025-01-11,0.979999978095293,False
6385,49.790000915527344,-0.23999999463558197,2025-01-11,1.099999975413084,False
6386,49.790000915527344,-0.22499999403953552,2025-01-11,1.1399999745190144,False
6387,49.790000915527344,-0.20999999344348907,2025-01-11,1.0799999758601189,False
6388,49.790000915527344,-0.19499999284744263,2025-01-11,1.219999972730875,False
6389,49.790000915527344,-0.18000000715255737,2025-01-11,1.5499999653548002,False
6390,49.790000915527344,-0.16500000655651093,2025-01-11,1.8699999582022429,False
6391,49.790000915527344,-0.15000000596046448,2025-01-11,2.3299999479204416,False
6392,49.790000915527344,-0.13500000536441803,2025-01-11,2.9999999329447746,False
6393,49.790000915527344,-0.11999999731779099,2025-01-11,3.4399999231100082,False
6394,49.790000915527344,-0.10499999672174454,2025-01-11,3.7499999161809683,False
6395,49.790000915527344,-0.09000000357627869,2025-01-11,3.9299999121576548,False
6396,49.790000915527344,-0.07500000298023224,2025-01-11,3.94999991171062,False
6397,49.790000915527344,-0.05999999865889549,2025-01-11,3.9899999108165503,False
6398,49.790000915527344,-0.04500000178813934,2025-01-11,4.229999905452132,False
6399,49.790000915527344,-0.029999999329447746,2025-01-11,4.21999990567565,False
6400,49.790000915527344,-0.014999999664723873,2025-01-11,4.0799999088048935,False
6401,49.790000915527344,0.0,2025-01-11,4.009999910369515,False
6402,49.790000915527344,0.014999999664723873,2025-01-11,3.9799999110400677,False
6403,49.790000915527344,0.029999999329447746,2025-01-11,3.799999915063381,False
6404,49.790000915527344,0.04500000178813934,2025-01-11,3.7199999168515205,False
6405,49.790000915527344,0.05999999865889549,2025-01-11,3.9299999121576548,False
6406,49.790000915527344,0.07500000298023224,2025-01-11,4.029999909922481,False
6407,49.790000915527344,0.09000000357627869,2025-01-11,4.229999905452132,False
6408,49.790000915527344,0.10499999672174454,2025-01-11,4.329999903216958,False
6409,49.790000915527344,0.11999999731779099,2025-01-11,4.369999902322888,False
6410,49.790000915527344,0.13500000536441803,2025-01-11,4.499999899417162,False
6411,49.790000915527344,0.15000000596046448,2025-01-11,4.759999893605709,False
6412,49.790000915527344,0.16500000655651093,2025-01-11,4.8799998909235,False
6413,49.790000915527344,0.18000000715255737,2025-01-11,5.099999886006117,False
6414,49.790000915527344,0.19499999284744263,2025-01-11,4.8699998911470175,False
6415,49.790000915527344,0.20999999344348907,2025-01-11,4.859999891370535,False
6416,49.790000915527344,0.22499999403953552,2025-01-11,4.769999893382192,False
6417,49.790000915527344,0.23999999463558197,2025-01-11,4.489999899640679,False
6418,49.790000915527344,0.2549999952316284,2025-01-11,4.2699999045580626,False
6419,49.790000915527344,0.27000001072883606,2025-01-11,4.099999908357859,False
6420,49.790000915527344,0.2849999964237213,2025-01-11,3.9599999114871025,False
6421,49.790000915527344,0.30000001192092896,2025-01-11,4.369999902322888,False
6422,49.790000915527344,0.3149999976158142,2025-01-11,4.859999891370535,False
6423,49.790000915527344,0.33000001311302185,2025-01-11,4.669999895617366,False
6424,49.790000915527344,0.3449999988079071,2025-01-11,5.439999878406525,False
6425,49.790000915527344,0.36000001430511475,2025-01-11,6.009999865666032,False
6426,49.790000915527344,0.375,2025-01-11,7.369999835267663,False
6427,49.790000915527344,0.38999998569488525,2025-01-11,7.269999837502837,False
6428,49.790000915527344,0.4050000011920929,2025-01-11,8.389999812468886,False
6429,49.790000915527344,0.41999998688697815,2025-01-11,,False
6430,49.790000915527344,0.4350000023841858,2025-01-11,,False
6431,49.790000915527344,0.44999998807907104,2025-01-11,,False
6432,49.790000915527344,0.4650000035762787,2025-01-11,,False
6433,49.790000915527344,0.47999998927116394,2025-01-11,,False
6434,49.790000915527344,0.4950000047683716,2025-01-11,,False
6435,49.79999923706055,-1.2450000047683716,2025-01-11,3.539999920874834,False
6436,49.79999923706055,-1.2300000190734863,2025-01-11,3.1199999302625656,False
6437,49.79999923706055,-1.215000033378601,2025-01-11,3.5299999210983515,False
6438,49.79999923706055,-1.2000000476837158,2025-01-11,3.3799999244511127,False
6439,49.79999923706055,-1.184999942779541,2025-01-11,3.539999920874834,False
6440,49.79999923706055,-1.1699999570846558,2025-01-11,3.1399999298155308,False
6441,49.79999923706055,-1.1549999713897705,2025-01-11,3.36999992467463,False
6442,49.79999923706055,-1.1399999856948853,2025-01-11,3.519999921321869,False
6443,49.79999923706055,-1.125,2025-01-11,3.5999999195337296,False
6444,49.79999923706055,-1.1100000143051147,2025-01-11,3.63999991863966,False
6445,49.79999923706055,-1.0950000286102295,2025-01-11,3.5499999206513166,False
6446,49.79999923706055,-1.0800000429153442,2025-01-11,3.609999919310212,False
6447,49.79999923706055,-1.065000057220459,2025-01-11,3.779999915510416,False
6448,49.79999923706055,-1.0499999523162842,2025-01-11,3.6699999179691076,False
6449,49.79999923706055,-1.034999966621399,2025-01-11,3.67999991774559,False
6450,49.79999923706055,-1.0199999809265137,2025-01-11,3.8099999148398638,False
6451,49.79999923706055,-1.0049999952316284,2025-01-11,3.709999917075038,False
6452,49.79999923706055,-0.9900000095367432,2025-01-11,3.7699999157339334,False
6453,49.79999923706055,-0.9750000238418579,2025-01-11,3.659999918192625,False
6454,49.79999923706055,-0.9599999785423279,2025-01-11,3.6699999179691076,False
6455,49.79999923706055,-0.9449999928474426,2025-01-11,3.8199999146163464,False
6456,49.79999923706055,-0.9300000071525574,2025-01-11,3.63999991863966,False
6457,49.79999923706055,-0.9150000214576721,2025-01-11,3.4999999217689037,False
6458,49.79999923706055,-0.8999999761581421,2025-01-11,3.689999917522073,False
6459,49.79999923706055,-0.8849999904632568,2025-01-11,3.67999991774559,False
6460,49.79999923706055,-0.8700000047683716,2025-01-11,3.63999991863966,False
6461,49.79999923706055,-0.8550000190734863,2025-01-11,3.7499999161809683,False
6462,49.79999923706055,-0.8399999737739563,2025-01-11,3.539999920874834,False
6463,49.79999923706055,-0.824999988079071,2025-01-11,3.5599999204277992,False
6464,49.79999923706055,-0.8100000023841858,2025-01-11,3.609999919310212,False
6465,49.79999923706055,-0.7950000166893005,2025-01-11,3.6999999172985554,False
6466,49.79999923706055,-0.7799999713897705,2025-01-11,3.4299999233335257,False
6467,49.79999923706055,-0.7649999856948853,2025-01-11,3.5599999204277992,False
6468,49.79999923706055,-0.75,2025-01-11,3.2199999280273914,False
6469,49.79999923706055,-0.7350000143051147,2025-01-11,3.05999993160367,False
6470,49.79999923706055,-0.7200000286102295,2025-01-11,3.1499999295920134,False
6471,49.79999923706055,-0.7049999833106995,2025-01-11,2.969999933615327,False
6472,49.79999923706055,-0.6899999976158142,2025-01-11,2.819999936968088,False
6473,49.79999923706055,-0.675000011920929,2025-01-11,2.9099999349564314,False
6474,49.79999923706055,-0.6600000262260437,2025-01-11,2.699999939650297,False
6475,49.79999923706055,-0.6449999809265137,2025-01-11,2.5299999434500933,False
6476,49.79999923706055,-0.6299999952316284,2025-01-11,2.3999999463558197,False
6477,49.79999923706055,-0.6150000095367432,2025-01-11,2.299999948590994,False
6478,49.79999923706055,-0.6000000238418579,2025-01-11,2.1199999526143074,False
6479,49.79999923706055,-0.5849999785423279,2025-01-11,2.0199999548494816,False
6480,49.79999923706055,-0.5699999928474426,2025-01-11,1.9899999555200338,False
6481,49.79999923706055,-0.5550000071525574,2025-01-11,1.9899999555200338,False
6482,49.79999923706055,-0.5400000214576721,2025-01-11,2.0899999532848597,False
6483,49.79999923706055,-0.5249999761581421,2025-01-11,1.959999956190586,False
6484,49.79999923706055,-0.5099999904632568,2025-01-11,1.8699999582022429,False
6485,49.79999923706055,-0.4950000047683716,2025-01-11,1.8599999584257603,False
6486,49.79999923706055,-0.47999998927116394,2025-01-11,1.9699999559670687,False
6487,49.79999923706055,-0.4650000035762787,2025-01-11,2.009999955072999,False
6488,49.79999923706055,-0.44999998807907104,2025-01-11,1.959999956190586,False
6489,49.79999923706055,-0.4350000023841858,2025-01-11,1.8299999590963125,False
6490,49.79999923706055,-0.41999998688697815,2025-01-11,1.81999995931983,False
6491,49.79999923706055,-0.4050000011920929,2025-01-11,1.5499999653548002,False
6492,49.79999923706055,-0.38999998569488525,2025-01-11,1.5499999653548002,False
6493,49.79999923706055,-0.375,2025-01-11,1.4899999666959047,False
6494,49.79999923706055,-0.36000001430511475,2025-01-11,1.3499999698251486,False
6495,49.79999923706055,-0.3449999988079071,2025-01-11,1.3199999704957008,False
6496,49.79999923706055,-0.33000001311302185,2025-01-11,1.3299999702721834,False
6497,49.79999923706055,-0.3149999976158142,2025-01-11,1.339999970048666,False
6498,49.79999923706055,-0.30000001192092896,2025-01-11,1.2799999713897705,False
6499,49.79999923706055,-0.2849999964237213,2025-01-11,1.1599999740719795,False
6500,49.79999923706055,-0.27000001072883606,2025-01-11,1.219999972730875,False
6501,49.79999923706055,-0.2549999952316284,2025-01-11,1.1099999751895666,False
6502,49.79999923706055,-0.23999999463558197,2025-01-11,1.149999974295497,False
6503,49.79999923706055,-0.22499999403953552,2025-01-11,1.1999999731779099,False
6504,49.79999923706055,-0.20999999344348907,2025-01-11,1.2399999722838402,False
6505,49.79999923706055,-0.19499999284744263,2025-01-11,1.2099999729543924,False
6506,49.79999923706055,-0.18000000715255737,2025-01-11,1.4499999675899744,False
6507,49.79999923706055,-0.16500000655651093,2025-01-11,1.769999960437417,False
6508,49.79999923706055,-0.15000000596046448,2025-01-11,2.3299999479204416,False
6509,49.79999923706055,-0.13500000536441803,2025-01-11,2.9599999338388443,False
6510,49.79999923706055,-0.11999999731779099,2025-01-11,3.729999916628003,False
6511,49.79999923706055,-0.10499999672174454,2025-01-11,3.689999917522073,False
6512,49.79999923706055,-0.09000000357627869,2025-01-11,3.9099999126046896,False
6513,49.79999923706055,-0.07500000298023224,2025-01-11,3.9299999121576548,False
6514,49.79999923706055,-0.05999999865889549,2025-01-11,4.089999908581376,False
6515,49.79999923706055,-0.04500000178813934,2025-01-11,4.059999909251928,False
6516,49.79999923706055,-0.029999999329447746,2025-01-11,4.109999908134341,False
6517,49.79999923706055,-0.014999999664723873,2025-01-11,4.059999909251928,False
6518,49.79999923706055,0.0,2025-01-11,4.019999910145998,False
6519,49.79999923706055,0.014999999664723873,2025-01-11,3.8699999134987593,False
6520,49.79999923706055,0.029999999329447746,2025-01-11,3.709999917075038,False
6521,49.79999923706055,0.04500000178813934,2025-01-11,3.7199999168515205,False
6522,49.79999923706055,0.05999999865889549,2025-01-11,3.8199999146163464,False
6523,49.79999923706055,0.07500000298023224,2025-01-11,3.9899999108165503,False
6524,49.79999923706055,0.09000000357627869,2025-01-11,3.9899999108165503,False
6525,49.79999923706055,0.10499999672174454,2025-01-11,4.019999910145998,False
6526,49.79999923706055,0.11999999731779099,2025-01-11,4.179999906569719,False
6527,49.79999923706055,0.13500000536441803,2025-01-11,4.289999904111028,False
6528,49.79999923706055,0.15000000596046448,2025-01-11,4.52999989874661,False
6529,49.79999923706055,0.16500000655651093,2025-01-11,4.659999895840883,False
6530,49.79999923706055,0.18000000715255737,2025-01-11,4.719999894499779,False
6531,49.79999923706055,0.19499999284744263,2025-01-11,4.809999892488122,False
6532,49.79999923706055,0.20999999344348907,2025-01-11,5.039999887347221,False
6533,49.79999923706055,0.22499999403953552,2025-01-11,4.909999890252948,False
6534,49.79999923706055,0.23999999463558197,2025-01-11,4.449999900534749,False
6535,49.79999923706055,0.2549999952316284,2025-01-11,4.039999909698963,False
6536,49.79999923706055,0.27000001072883606,2025-01-11,3.969999911263585,False
6537,49.79999923706055,0.2849999964237213,2025-01-11,4.129999907687306,False
6538,49.79999923706055,0.30000001192092896,2025-01-11,4.179999906569719,False
6539,49.79999923706055,0.3149999976158142,2025-01-11,4.369999902322888,False
6540,49.79999923706055,0.33000001311302185,2025-01-11,4.399999901652336,False
6541,49.79999923706055,0.3449999988079071,2025-01-11,5.099999886006117,False
6542,49.79999923706055,0.36000001430511475,2025-01-11,5.359999880194664,False
6543,49.79999923706055,0.375,2025-01-11,5.649999873712659,False
6544,49.79999923706055,0.38999998569488525,2025-01-11,6.6399998515844345,False
6545,49.79999923706055,0.4050000011920929,2025-01-11,8.059999819844961,False
6546,49.79999923706055,0.41999998688697815,2025-01-11,8.849999802187085,False
6547,49.79999923706055,0.4350000023841858,2025-01-11,12.049999730661511,False
6548,49.79999923706055,0.44999998807907104,2025-01-11,,False
6549,49.79999923706055,0.4650000035762787,2025-01-11,,False
6550,49.79999923706055,0.47999998927116394,2025-01-11,,False
6551,49.79999923706055,0.4950000047683716,2025-01-11,,False
6552,49.810001373291016,-1.2450000047683716,2025-01-11,3.5299999210983515,False
6553,49.810001373291016,-1.2300000190734863,2025-01-11,3.4599999226629734,False
6554,49.810001373291016,-1.215000033378601,2025-01-11,3.3399999253451824,False
6555,49.810001373291016,-1.2000000476837158,2025-01-11,3.419999923557043,False
6556,49.810001373291016,-1.184999942779541,2025-01-11,3.4999999217689037,False
6557,49.810001373291016,-1.1699999570846558,2025-01-11,3.1399999298155308,False
6558,49.810001373291016,-1.1549999713897705,2025-01-11,2.9599999338388443,False
6559,49.810001373291016,-1.1399999856948853,2025-01-11,2.9599999338388443,False
6560,49.810001373291016,-1.125,2025-01-11,2.9499999340623617,False
6561,49.810001373291016,-1.1100000143051147,2025-01-11,3.3799999244511127,False
6562,49.810001373291016,-1.0950000286102295,2025-01-11,3.589999919757247,False
6563,49.810001373291016,-1.0800000429153442,2025-01-11,3.689999917522073,False
6564,49.810001373291016,-1.065000057220459,2025-01-11,3.6499999184161425,False
6565,49.810001373291016,-1.0499999523162842,2025-01-11,3.779999915510416,False
6566,49.810001373291016,-1.034999966621399,2025-01-11,3.7499999161809683,False
6567,49.810001373291016,-1.0199999809265137,2025-01-11,3.709999917075038,False
6568,49.810001373291016,-1.0049999952316284,2025-01-11,3.6199999190866947,False
6569,49.810001373291016,-0.9900000095367432,2025-01-11,3.6299999188631773,False
6570,49.810001373291016,-0.9750000238418579,2025-01-11,3.7399999164044857,False
6571,49.810001373291016,-0.9599999785423279,2025-01-11,3.6499999184161425,False
6572,49.810001373291016,-0.9449999928474426,2025-01-11,3.729999916628003,False
6573,49.810001373291016,-0.9300000071525574,2025-01-11,3.7199999168515205,False
6574,49.810001373291016,-0.9150000214576721,2025-01-11,3.609999919310212,False
6575,49.810001373291016,-0.8999999761581421,2025-01-11,3.7399999164044857,False
6576,49.810001373291016,-0.8849999904632568,2025-01-11,3.609999919310212,False
6577,49.810001373291016,-0.8700000047683716,2025-01-11,3.63999991863966,False
6578,49.810001373291016,-0.8550000190734863,2025-01-11,3.6999999172985554,False
6579,49.810001373291016,-0.8399999737739563,2025-01-11,3.5799999199807644,False
6580,49.810001373291016,-0.824999988079071,2025-01-11,3.539999920874834,False
6581,49.810001373291016,-0.8100000023841858,2025-01-11,3.6699999179691076,False
6582,49.810001373291016,-0.7950000166893005,2025-01-11,3.469999922439456,False
6583,49.810001373291016,-0.7799999713897705,2025-01-11,3.5499999206513166,False
6584,49.810001373291016,-0.7649999856948853,2025-01-11,3.489999921992421,False
6585,49.810001373291016,-0.75,2025-01-11,3.1699999291449785,False
6586,49.810001373291016,-0.7350000143051147,2025-01-11,3.089999930933118,False
6587,49.810001373291016,-0.7200000286102295,2025-01-11,3.0799999311566353,False
6588,49.810001373291016,-0.7049999833106995,2025-01-11,2.969999933615327,False
6589,49.810001373291016,-0.6899999976158142,2025-01-11,2.8599999360740185,False
6590,49.810001373291016,-0.675000011920929,2025-01-11,2.779999937862158,False
6591,49.810001373291016,-0.6600000262260437,2025-01-11,2.5899999421089888,False
6592,49.810001373291016,-0.6449999809265137,2025-01-11,2.419999945908785,False
6593,49.810001373291016,-0.6299999952316284,2025-01-11,2.1899999510496855,False
6594,49.810001373291016,-0.6150000095367432,2025-01-11,2.0899999532848597,False
6595,49.810001373291016,-0.6000000238418579,2025-01-11,2.0399999544024467,False
6596,49.810001373291016,-0.5849999785423279,2025-01-11,1.939999956637621,False
6597,49.810001373291016,-0.5699999928474426,2025-01-11,1.9799999557435513,False
6598,49.810001373291016,-0.5550000071525574,2025-01-11,2.1199999526143074,False
6599,49.810001373291016,-0.5400000214576721,2025-01-11,2.0699999537318945,False
6600,49.810001373291016,-0.5249999761581421,2025-01-11,2.109999952837825,False
6601,49.810001373291016,-0.5099999904632568,2025-01-11,2.079999953508377,False
6602,49.810001373291016,-0.4950000047683716,2025-01-11,2.0899999532848597,False
6603,49.810001373291016,-0.47999998927116394,2025-01-11,1.9499999564141035,False
6604,49.810001373291016,-0.4650000035762787,2025-01-11,2.059999953955412,False
6605,49.810001373291016,-0.44999998807907104,2025-01-11,2.0199999548494816,False
6606,49.810001373291016,-0.4350000023841858,2025-01-11,1.81999995931983,False
6607,49.810001373291016,-0.41999998688697815,2025-01-11,1.649999963119626,False
6608,49.810001373291016,-0.4050000011920929,2025-01-11,1.6399999633431435,False
6609,49.810001373291016,-0.38999998569488525,2025-01-11,1.5599999651312828,False
6610,49.810001373291016,-0.375,2025-01-11,1.50999996624887,False
6611,49.810001373291016,-0.36000001430511475,2025-01-11,1.4199999682605267,False
6612,49.810001373291016,-0.3449999988079071,2025-01-11,1.4899999666959047,False
6613,49.810001373291016,-0.33000001311302185,2025-01-11,1.4199999682605267,False
6614,49.810001373291016,-0.3149999976158142,2025-01-11,1.3799999691545963,False
6615,49.810001373291016,-0.30000001192092896,2025-01-11,1.389999968931079,False
6616,49.810001373291016,-0.2849999964237213,2025-01-11,1.2999999709427357,False
6617,49.810001373291016,-0.27000001072883606,2025-01-11,1.269999971613288,False
6618,49.810001373291016,-0.2549999952316284,2025-01-11,1.289999971166253,False
6619,49.810001373291016,-0.23999999463558197,2025-01-11,1.3099999707192183,False
6620,49.810001373291016,-0.22499999403953552,2025-01-11,1.2999999709427357,False
6621,49.810001373291016,-0.20999999344348907,2025-01-11,1.3199999704957008,False
6622,49.810001373291016,-0.19499999284744263,2025-01-11,1.3599999696016312,False
6623,49.810001373291016,-0.18000000715255737,2025-01-11,1.50999996624887,False
6624,49.810001373291016,-0.16500000655651093,2025-01-11,1.7999999597668648,False
6625,49.810001373291016,-0.15000000596046448,2025-01-11,2.489999944344163,False
6626,49.810001373291016,-0.13500000536441803,2025-01-11,3.0999999307096004,False
6627,49.810001373291016,-0.11999999731779099,2025-01-11,3.63999991863966,False
6628,49.810001373291016,-0.10499999672174454,2025-01-11,3.9099999126046896,False
6629,49.810001373291016,-0.09000000357627869,2025-01-11,3.7499999161809683,False
6630,49.810001373291016,-0.07500000298023224,2025-01-11,3.8099999148398638,False
6631,49.810001373291016,-0.05999999865889549,2025-01-11,4.039999909698963,False
6632,49.810001373291016,-0.04500000178813934,2025-01-11,4.029999909922481,False
6633,49.810001373291016,-0.029999999329447746,2025-01-11,4.119999907910824,False
6634,49.810001373291016,-0.014999999664723873,2025-01-11,4.179999906569719,False
6635,49.810001373291016,0.0,2025-01-11,4.059999909251928,False
6636,49.810001373291016,0.014999999664723873,2025-01-11,3.799999915063381,False
6637,49.810001373291016,0.029999999329447746,2025-01-11,3.8199999146163464,False
6638,49.810001373291016,0.04500000178813934,2025-01-11,3.7899999152868986,False
6639,49.810001373291016,0.05999999865889549,2025-01-11,3.709999917075038,False
6640,49.810001373291016,0.07500000298023224,2025-01-11,3.7199999168515205,False
6641,49.810001373291016,0.09000000357627869,2025-01-11,3.799999915063381,False
6642,49.810001373291016,0.10499999672174454,2025-01-11,3.899999912828207,False
6643,49.810001373291016,0.11999999731779099,2025-01-11,4.159999907016754,False
6644,49.810001373291016,0.13500000536441803,2025-01-11,4.189999906346202,False
6645,49.810001373291016,0.15000000596046448,2025-01-11,4.179999906569719,False
6646,49.810001373291016,0.16500000655651093,2025-01-11,4.4399999007582664,False
6647,49.810001373291016,0.18000000715255737,2025-01-11,4.599999897181988,False
6648,49.810001373291016,0.19499999284744263,2025-01-11,4.7499998938292265,False
6649,49.810001373291016,0.20999999344348907,2025-01-11,4.8699998911470175,False
6650,49.810001373291016,0.22499999403953552,2025-01-11,4.799999892711639,False
6651,49.810001373291016,0.23999999463558197,2025-01-11,4.619999896734953,False
6652,49.810001373291016,0.2549999952316284,2025-01-11,4.059999909251928,False
6653,49.810001373291016,0.27000001072883606,2025-01-11,3.849999913945794,False
6654,49.810001373291016,0.2849999964237213,2025-01-11,3.9899999108165503,False
6655,49.810001373291016,0.30000001192092896,2025-01-11,4.009999910369515,False
6656,49.810001373291016,0.3149999976158142,2025-01-11,3.969999911263585,False
6657,49.810001373291016,0.33000001311302185,2025-01-11,4.309999903663993,False
6658,49.810001373291016,0.3449999988079071,2025-01-11,4.5099998991936445,False
6659,49.810001373291016,0.36000001430511475,2025-01-11,4.949999889358878,False
6660,49.810001373291016,0.375,2025-01-11,5.399999879300594,False
6661,49.810001373291016,0.38999998569488525,2025-01-11,5.909999867901206,False
6662,49.810001373291016,0.4050000011920929,2025-01-11,7.029999842867255,False
6663,49.810001373291016,0.41999998688697815,2025-01-11,8.729999804869294,False
6664,49.810001373291016,0.4350000023841858,2025-01-11,10.659999761730433,False
6665,49.810001373291016,0.44999998807907104,2025-01-11,15.189999660477042,False
6666,49.810001373291016,0.4650000035762787,2025-01-11,22.14999950490892,False
6667,49.810001373291016,0.47999998927116394,2025-01-11,,False
6668,49.810001373291016,0.4950000047683716,2025-01-11,,False
6669,49.81999969482422,-1.2450000047683716,2025-01-11,3.539999920874834,False
6670,49.81999969482422,-1.2300000190734863,2025-01-11,3.7199999168515205,False
6671,49.81999969482422,-1.215000033378601,2025-01-11,3.4099999237805605,False
6672,49.81999969482422,-1.2000000476837158,2025-01-11,3.689999917522073,False
6673,49.81999969482422,-1.184999942779541,2025-01-11,3.2899999264627695,False
6674,49.81999969482422,-1.1699999570846558,2025-01-11,2.5299999434500933,False
6675,49.81999969482422,-1.1549999713897705,2025-01-11,2.389999946579337,False
6676,49.81999969482422,-1.1399999856948853,2025-01-11,2.43999994546175,False
6677,49.81999969482422,-1.125,2025-01-11,2.389999946579337,False
6678,49.81999969482422,-1.1100000143051147,2025-01-11,2.609999941661954,False
6679,49.81999969482422,-1.0950000286102295,2025-01-11,2.8899999354034662,False
6680,49.81999969482422,-1.0800000429153442,2025-01-11,3.5999999195337296,False
6681,49.81999969482422,-1.065000057220459,2025-01-11,3.5599999204277992,False
6682,49.81999969482422,-1.0499999523162842,2025-01-11,3.759999915957451,False
6683,49.81999969482422,-1.034999966621399,2025-01-11,3.589999919757247,False
6684,49.81999969482422,-1.0199999809265137,2025-01-11,3.67999991774559,False
6685,49.81999969482422,-1.0049999952316284,2025-01-11,3.569999920204282,False
6686,49.81999969482422,-0.9900000095367432,2025-01-11,3.539999920874834,False
6687,49.81999969482422,-0.9750000238418579,2025-01-11,3.729999916628003,False
6688,49.81999969482422,-0.9599999785423279,2025-01-11,3.6199999190866947,False
6689,49.81999969482422,-0.9449999928474426,2025-01-11,3.7199999168515205,False
6690,49.81999969482422,-0.9300000071525574,2025-01-11,3.689999917522073,False
6691,49.81999969482422,-0.9150000214576721,2025-01-11,3.6999999172985554,False
6692,49.81999969482422,-0.8999999761581421,2025-01-11,3.779999915510416,False
6693,49.81999969482422,-0.8849999904632568,2025-01-11,3.6199999190866947,False
6694,49.81999969482422,-0.8700000047683716,2025-01-11,3.4799999222159386,False
6695,49.81999969482422,-0.8550000190734863,2025-01-11,3.419999923557043,False
6696,49.81999969482422,-0.8399999737739563,2025-01-11,3.4599999226629734,False
6697,49.81999969482422,-0.824999988079071,2025-01-11,3.589999919757247,False
6698,49.81999969482422,-0.8100000023841858,2025-01-11,3.4799999222159386,False
6699,49.81999969482422,-0.7950000166893005,2025-01-11,3.36999992467463,False
6700,49.81999969482422,-0.7799999713897705,2025-01-11,3.2199999280273914,False
6701,49.81999969482422,-0.7649999856948853,2025-01-11,3.4299999233335257,False
6702,49.81999969482422,-0.75,2025-01-11,3.0799999311566353,False
6703,49.81999969482422,-0.7350000143051147,2025-01-11,2.969999933615327,False
6704,49.81999969482422,-0.7200000286102295,2025-01-11,2.9799999333918095,False
6705,49.81999969482422,-0.7049999833106995,2025-01-11,2.7699999380856752,False
6706,49.81999969482422,-0.6899999976158142,2025-01-11,2.6399999409914017,False
6707,49.81999969482422,-0.675000011920929,2025-01-11,2.5999999418854713,False
6708,49.81999969482422,-0.6600000262260437,2025-01-11,2.4699999447911978,False
6709,49.81999969482422,-0.6449999809265137,2025-01-11,2.509999943897128,False
6710,49.81999969482422,-0.6299999952316284,2025-01-11,2.2599999494850636,False
6711,49.81999969482422,-0.6150000095367432,2025-01-11,2.0399999544024467,False
6712,49.81999969482422,-0.6000000238418579,2025-01-11,2.079999953508377,False
6713,49.81999969482422,-0.5849999785423279,2025-01-11,1.9699999559670687,False
6714,49.81999969482422,-0.5699999928474426,2025-01-11,2.0399999544024467,False
6715,49.81999969482422,-0.5550000071525574,2025-01-11,2.029999954625964,False
6716,49.81999969482422,-0.5400000214576721,2025-01-11,2.0899999532848597,False
6717,49.81999969482422,-0.5249999761581421,2025-01-11,2.179999951273203,False
6718,49.81999969482422,-0.5099999904632568,2025-01-11,2.0999999530613422,False
6719,49.81999969482422,-0.4950000047683716,2025-01-11,2.079999953508377,False
6720,49.81999969482422,-0.47999998927116394,2025-01-11,2.149999951943755,False
6721,49.81999969482422,-0.4650000035762787,2025-01-11,2.0999999530613422,False
6722,49.81999969482422,-0.44999998807907104,2025-01-11,1.9499999564141035,False
6723,49.81999969482422,-0.4350000023841858,2025-01-11,1.8099999595433474,False
6724,49.81999969482422,-0.41999998688697815,2025-01-11,1.6799999624490738,False
6725,49.81999969482422,-0.4050000011920929,2025-01-11,1.5999999642372131,False
6726,49.81999969482422,-0.38999998569488525,2025-01-11,1.699999962002039,False
6727,49.81999969482422,-0.375,2025-01-11,1.6099999640136957,False
6728,49.81999969482422,-0.36000001430511475,2025-01-11,1.649999963119626,False
6729,49.81999969482422,-0.3449999988079071,2025-01-11,1.6599999628961086,False
6730,49.81999969482422,-0.33000001311302185,2025-01-11,1.4999999664723873,False
6731,49.81999969482422,-0.3149999976158142,2025-01-11,1.5399999655783176,False
6732,49.81999969482422,-0.30000001192092896,2025-01-11,1.4399999678134918,False
6733,49.81999969482422,-0.2849999964237213,2025-01-11,1.3599999696016312,False
6734,49.81999969482422,-0.27000001072883606,2025-01-11,1.3299999702721834,False
6735,49.81999969482422,-0.2549999952316284,2025-01-11,1.409999968484044,False
6736,49.81999969482422,-0.23999999463558197,2025-01-11,1.459999967366457,False
6737,49.81999969482422,-0.22499999403953552,2025-01-11,1.6099999640136957,False
6738,49.81999969482422,-0.20999999344348907,2025-01-11,1.4699999671429396,False
6739,49.81999969482422,-0.19499999284744263,2025-01-11,1.459999967366457,False
6740,49.81999969482422,-0.18000000715255737,2025-01-11,1.8099999595433474,False
6741,49.81999969482422,-0.16500000655651093,2025-01-11,1.959999956190586,False
6742,49.81999969482422,-0.15000000596046448,2025-01-11,2.609999941661954,False
6743,49.81999969482422,-0.13500000536441803,2025-01-11,3.249999927356839,False
6744,49.81999969482422,-0.11999999731779099,2025-01-11,3.6199999190866947,False
6745,49.81999969482422,-0.10499999672174454,2025-01-11,3.709999917075038,False
6746,49.81999969482422,-0.09000000357627869,2025-01-11,3.799999915063381,False
6747,49.81999969482422,-0.07500000298023224,2025-01-11,3.9799999110400677,False
6748,49.81999969482422,-0.05999999865889549,2025-01-11,3.94999991171062,False
6749,49.81999969482422,-0.04500000178813934,2025-01-11,4.069999909028411,False
6750,49.81999969482422,-0.029999999329447746,2025-01-11,3.9899999108165503,False
6751,49.81999969482422,-0.014999999664723873,2025-01-11,4.189999906346202,False
6752,49.81999969482422,0.0,2025-01-11,3.999999910593033,False
6753,49.81999969482422,0.014999999664723873,2025-01-11,4.019999910145998,False
6754,49.81999969482422,0.029999999329447746,2025-01-11,3.8099999148398638,False
6755,49.81999969482422,0.04500000178813934,2025-01-11,3.829999914392829,False
6756,49.81999969482422,0.05999999865889549,2025-01-11,3.729999916628003,False
6757,49.81999969482422,0.07500000298023224,2025-01-11,3.67999991774559,False
6758,49.81999969482422,0.09000000357627869,2025-01-11,3.709999917075038,False
6759,49.81999969482422,0.10499999672174454,2025-01-11,3.8099999148398638,False
6760,49.81999969482422,0.11999999731779099,2025-01-11,3.879999913275242,False
6761,49.81999969482422,0.13500000536441803,2025-01-11,3.919999912381172,False
6762,49.81999969482422,0.15000000596046448,2025-01-11,4.019999910145998,False
6763,49.81999969482422,0.16500000655651093,2025-01-11,4.0799999088048935,False
6764,49.81999969482422,0.18000000715255737,2025-01-11,4.52999989874661,False
6765,49.81999969482422,0.19499999284744263,2025-01-11,4.799999892711639,False
6766,49.81999969482422,0.20999999344348907,2025-01-11,4.809999892488122,False
6767,49.81999969482422,0.22499999403953552,2025-01-11,4.639999896287918,False
6768,49.81999969482422,0.23999999463558197,2025-01-11,4.249999905005097,False
6769,49.81999969482422,0.2549999952316284,2025-01-11,3.94999991171062,False
6770,49.81999969482422,0.27000001072883606,2025-01-11,3.829999914392829,False
6771,49.81999969482422,0.2849999964237213,2025-01-11,3.779999915510416,False
6772,49.81999969482422,0.30000001192092896,2025-01-11,3.8599999137222767,False
6773,49.81999969482422,0.3149999976158142,2025-01-11,3.9899999108165503,False
6774,49.81999969482422,0.33000001311302185,2025-01-11,4.229999905452132,False
6775,49.81999969482422,0.3449999988079071,2025-01-11,4.579999897629023,False
6776,49.81999969482422,0.36000001430511475,2025-01-11,4.669999895617366,False
6777,49.81999969482422,0.375,2025-01-11,4.909999890252948,False
6778,49.81999969482422,0.38999998569488525,2025-01-11,5.089999886229634,False
6779,49.81999969482422,0.4050000011920929,2025-01-11,5.979999866336584,False
6780,49.81999969482422,0.41999998688697815,2025-01-11,7.439999833703041,False
6781,49.81999969482422,0.4350000023841858,2025-01-11,9.619999784976244,False
6782,49.81999969482422,0.44999998807907104,2025-01-11,13.379999700933695,False
6783,49.81999969482422,0.4650000035762787,2025-01-11,17.049999618902802,False
6784,49.81999969482422,0.47999998927116394,2025-01-11,26.789999401196837,False
6785,49.81999969482422,0.4950000047683716,2025-01-11,33.44999925233424,False
6786,49.83000183105469,-1.2450000047683716,2025-01-11,3.689999917522073,False
6787,49.83000183105469,-1.2300000190734863,2025-01-11,3.469999922439456,False
6788,49.83000183105469,-1.215000033378601,2025-01-11,3.4599999226629734,False
6789,49.83000183105469,-1.2000000476837158,2025-01-11,3.419999923557043,False
6790,49.83000183105469,-1.184999942779541,2025-01-11,3.0299999322742224,False
6791,49.83000183105469,-1.1699999570846558,2025-01-11,2.2899999488145113,False
6792,49.83000183105469,-1.1549999713897705,2025-01-11,1.889999957755208,False
6793,49.83000183105469,-1.1399999856948853,2025-01-11,1.339999970048666,False
6794,49.83000183105469,-1.125,2025-01-11,1.529999965801835,False
6795,49.83000183105469,-1.1100000143051147,2025-01-11,1.889999957755208,False
6796,49.83000183105469,-1.0950000286102295,2025-01-11,2.3599999472498894,False
6797,49.83000183105469,-1.0800000429153442,2025-01-11,3.0699999313801527,False
6798,49.83000183105469,-1.065000057220459,2025-01-11,3.279999926686287,False
6799,49.83000183105469,-1.0499999523162842,2025-01-11,3.5499999206513166,False
6800,49.83000183105469,-1.034999966621399,2025-01-11,3.7899999152868986,False
6801,49.83000183105469,-1.0199999809265137,2025-01-11,3.709999917075038,False
6802,49.83000183105469,-1.0049999952316284,2025-01-11,3.7399999164044857,False
6803,49.83000183105469,-0.9900000095367432,2025-01-11,3.6999999172985554,False
6804,49.83000183105469,-0.9750000238418579,2025-01-11,3.6499999184161425,False
6805,49.83000183105469,-0.9599999785423279,2025-01-11,3.709999917075038,False
6806,49.83000183105469,-0.9449999928474426,2025-01-11,3.6699999179691076,False
6807,49.83000183105469,-0.9300000071525574,2025-01-11,3.63999991863966,False
6808,49.83000183105469,-0.9150000214576721,2025-01-11,3.7699999157339334,False
6809,49.83000183105469,-0.8999999761581421,2025-01-11,3.609999919310212,False
6810,49.83000183105469,-0.8849999904632568,2025-01-11,3.539999920874834,False
6811,49.83000183105469,-0.8700000047683716,2025-01-11,3.3599999248981476,False
6812,49.83000183105469,-0.8550000190734863,2025-01-11,3.3399999253451824,False
6813,49.83000183105469,-0.8399999737739563,2025-01-11,3.519999921321869,False
6814,49.83000183105469,-0.824999988079071,2025-01-11,3.4099999237805605,False
6815,49.83000183105469,-0.8100000023841858,2025-01-11,3.3299999255687,False
6816,49.83000183105469,-0.7950000166893005,2025-01-11,3.349999925121665,False
6817,49.83000183105469,-0.7799999713897705,2025-01-11,3.109999930486083,False
6818,49.83000183105469,-0.7649999856948853,2025-01-11,2.9999999329447746,False
6819,49.83000183105469,-0.75,2025-01-11,3.0499999318271875,False
6820,49.83000183105469,-0.7350000143051147,2025-01-11,2.869999935850501,False
6821,49.83000183105469,-0.7200000286102295,2025-01-11,2.7599999383091927,False
6822,49.83000183105469,-0.7049999833106995,2025-01-11,2.7399999387562275,False
6823,49.83000183105469,-0.6899999976158142,2025-01-11,2.6699999403208494,False
6824,49.83000183105469,-0.675000011920929,2025-01-11,2.5299999434500933,False
6825,49.83000183105469,-0.6600000262260437,2025-01-11,2.5499999430030584,False
6826,49.83000183105469,-0.6449999809265137,2025-01-11,2.3999999463558197,False
6827,49.83000183105469,-0.6299999952316284,2025-01-11,2.2599999494850636,False
6828,49.83000183105469,-0.6150000095367432,2025-01-11,2.12999995239079,False
6829,49.83000183105469,-0.6000000238418579,2025-01-11,2.079999953508377,False
6830,49.83000183105469,-0.5849999785423279,2025-01-11,2.0399999544024467,False
6831,49.83000183105469,-0.5699999928474426,2025-01-11,2.0399999544024467,False
6832,49.83000183105469,-0.5550000071525574,2025-01-11,2.029999954625964,False
6833,49.83000183105469,-0.5400000214576721,2025-01-11,2.059999953955412,False
6834,49.83000183105469,-0.5249999761581421,2025-01-11,2.2199999503791332,False
6835,49.83000183105469,-0.5099999904632568,2025-01-11,2.2899999488145113,False
6836,49.83000183105469,-0.4950000047683716,2025-01-11,2.1399999521672726,False
6837,49.83000183105469,-0.47999998927116394,2025-01-11,2.109999952837825,False
6838,49.83000183105469,-0.4650000035762787,2025-01-11,2.079999953508377,False
6839,49.83000183105469,-0.44999998807907104,2025-01-11,1.9999999552965164,False
6840,49.83000183105469,-0.4350000023841858,2025-01-11,1.8699999582022429,False
6841,49.83000183105469,-0.41999998688697815,2025-01-11,1.6599999628961086,False
6842,49.83000183105469,-0.4050000011920929,2025-01-11,1.7499999608844519,False
6843,49.83000183105469,-0.38999998569488525,2025-01-11,1.5499999653548002,False
6844,49.83000183105469,-0.375,2025-01-11,1.6699999626725912,False
6845,49.83000183105469,-0.36000001430511475,2025-01-11,1.699999962002039,False
6846,49.83000183105469,-0.3449999988079071,2025-01-11,1.5599999651312828,False
6847,49.83000183105469,-0.33000001311302185,2025-01-11,1.4499999675899744,False
6848,49.83000183105469,-0.3149999976158142,2025-01-11,1.5599999651312828,False
6849,49.83000183105469,-0.30000001192092896,2025-01-11,1.4499999675899744,False
6850,49.83000183105469,-0.2849999964237213,2025-01-11,1.389999968931079,False
6851,49.83000183105469,-0.27000001072883606,2025-01-11,1.389999968931079,False
6852,49.83000183105469,-0.2549999952316284,2025-01-11,1.459999967366457,False
6853,49.83000183105469,-0.23999999463558197,2025-01-11,1.4899999666959047,False
6854,49.83000183105469,-0.22499999403953552,2025-01-11,1.5399999655783176,False
6855,49.83000183105469,-0.20999999344348907,2025-01-11,1.579999964684248,False
6856,49.83000183105469,-0.19499999284744263,2025-01-11,1.6699999626725912,False
6857,49.83000183105469,-0.18000000715255737,2025-01-11,1.889999957755208,False
6858,49.83000183105469,-0.16500000655651093,2025-01-11,2.249999949708581,False
6859,49.83000183105469,-0.15000000596046448,2025-01-11,2.6899999398738146,False
6860,49.83000183105469,-0.13500000536441803,2025-01-11,3.2699999269098043,False
6861,49.83000183105469,-0.11999999731779099,2025-01-11,3.63999991863966,False
6862,49.83000183105469,-0.10499999672174454,2025-01-11,3.729999916628003,False
6863,49.83000183105469,-0.09000000357627869,2025-01-11,3.8699999134987593,False
6864,49.83000183105469,-0.07500000298023224,2025-01-11,3.829999914392829,False
6865,49.83000183105469,-0.05999999865889549,2025-01-11,3.8599999137222767,False
6866,49.83000183105469,-0.04500000178813934,2025-01-11,3.8699999134987593,False
6867,49.83000183105469,-0.029999999329447746,2025-01-11,3.94999991171062,False
6868,49.83000183105469,-0.014999999664723873,2025-01-11,3.94999991171062,False
6869,49.83000183105469,0.0,2025-01-11,4.0799999088048935,False
6870,49.83000183105469,0.014999999664723873,2025-01-11,3.9899999108165503,False
6871,49.83000183105469,0.029999999329447746,2025-01-11,3.779999915510416,False
6872,49.83000183105469,0.04500000178813934,2025-01-11,3.7499999161809683,False
6873,49.83000183105469,0.05999999865889549,2025-01-11,3.6999999172985554,False
6874,49.83000183105469,0.07500000298023224,2025-01-11,3.7399999164044857,False
6875,49.83000183105469,0.09000000357627869,2025-01-11,3.729999916628003,False
6876,49.83000183105469,0.10499999672174454,2025-01-11,3.729999916628003,False
6877,49.83000183105469,0.11999999731779099,2025-01-11,3.67999991774559,False
6878,49.83000183105469,0.13500000536441803,2025-01-11,3.8599999137222767,False
6879,49.83000183105469,0.15000000596046448,2025-01-11,3.969999911263585,False
6880,49.83000183105469,0.16500000655651093,2025-01-11,4.009999910369515,False
6881,49.83000183105469,0.18000000715255737,2025-01-11,4.519999898970127,False
6882,49.83000183105469,0.19499999284744263,2025-01-11,4.669999895617366,False
6883,49.83000183105469,0.20999999344348907,2025-01-11,4.709999894723296,False
6884,49.83000183105469,0.22499999403953552,2025-01-11,4.619999896734953,False
6885,49.83000183105469,0.23999999463558197,2025-01-11,4.21999990567565,False
6886,49.83000183105469,0.2549999952316284,2025-01-11,3.779999915510416,False
6887,49.83000183105469,0.27000001072883606,2025-01-11,3.539999920874834,False
6888,49.83000183105469,0.2849999964237213,2025-01-11,3.449999922886491,False
6889,49.83000183105469,0.30000001192092896,2025-01-11,3.759999915957451,False
6890,49.83000183105469,0.3149999976158142,2025-01-11,3.9299999121576548,False
6891,49.83000183105469,0.33000001311302185,2025-01-11,4.019999910145998,False
6892,49.83000183105469,0.3449999988079071,2025-01-11,4.229999905452132,False
6893,49.83000183105469,0.36000001430511475,2025-01-11,4.21999990567565,False
6894,49.83000183105469,0.375,2025-01-11,4.759999893605709,False
6895,49.83000183105469,0.38999998569488525,2025-01-11,5.079999886453152,False
6896,49.83000183105469,0.4050000011920929,2025-01-11,5.089999886229634,False
6897,49.83000183105469,0.41999998688697815,2025-01-11,6.359999857842922,False
6898,49.83000183105469,0.4350000023841858,2025-01-11,6.869999846443534,False
6899,49.83000183105469,0.44999998807907104,2025-01-11,8.999999798834324,False
6900,49.83000183105469,0.4650000035762787,2025-01-11,15.75999964773655,False
6901,49.83000183105469,0.47999998927116394,2025-01-11,23.289999479427934,False
6902,49.83000183105469,0.4950000047683716,2025-01-11,27.079999394714832,False
6903,49.84000015258789,-1.2450000047683716,2025-01-11,3.7699999157339334,False
6904,49.84000015258789,-1.2300000190734863,2025-01-11,3.6699999179691076,False
6905,49.84000015258789,-1.215000033378601,2025-01-11,3.349999925121665,False
6906,49.84000015258789,-1.2000000476837158,2025-01-11,3.179999928921461,False
6907,49.84000015258789,-1.184999942779541,2025-01-11,2.819999936968088,False
6908,49.84000015258789,-1.1699999570846558,2025-01-11,2.1599999517202377,False
6909,49.84000015258789,-1.1549999713897705,2025-01-11,1.5899999644607306,False
6910,49.84000015258789,-1.1399999856948853,2025-01-11,1.3299999702721834,False
6911,49.84000015258789,-1.125,2025-01-11,1.3099999707192183,False
6912,49.84000015258789,-1.1100000143051147,2025-01-11,1.4799999669194221,False
6913,49.84000015258789,-1.0950000286102295,2025-01-11,2.0899999532848597,False
6914,49.84000015258789,-1.0800000429153442,2025-01-11,2.6699999403208494,False
6915,49.84000015258789,-1.065000057220459,2025-01-11,2.729999938979745,False
6916,49.84000015258789,-1.0499999523162842,2025-01-11,3.209999928250909,False
6917,49.84000015258789,-1.034999966621399,2025-01-11,3.6999999172985554,False
6918,49.84000015258789,-1.0199999809265137,2025-01-11,3.729999916628003,False
6919,49.84000015258789,-1.0049999952316284,2025-01-11,3.6999999172985554,False
6920,49.84000015258789,-0.9900000095367432,2025-01-11,3.569999920204282,False
6921,49.84000015258789,-0.9750000238418579,2025-01-11,3.6199999190866947,False
6922,49.84000015258789,-0.9599999785423279,2025-01-11,3.7199999168515205,False
6923,49.84000015258789,-0.9449999928474426,2025-01-11,3.589999919757247,False
6924,49.84000015258789,-0.9300000071525574,2025-01-11,3.6999999172985554,False
6925,49.84000015258789,-0.9150000214576721,2025-01-11,3.489999921992421,False
6926,49.84000015258789,-0.8999999761581421,2025-01-11,3.449999922886491,False
6927,49.84000015258789,-0.8849999904632568,2025-01-11,3.4399999231100082,False
6928,49.84000015258789,-0.8700000047683716,2025-01-11,3.469999922439456,False
6929,49.84000015258789,-0.8550000190734863,2025-01-11,3.229999927803874,False
6930,49.84000015258789,-0.8399999737739563,2025-01-11,3.2599999271333218,False
6931,49.84000015258789,-0.824999988079071,2025-01-11,3.449999922886491,False
6932,49.84000015258789,-0.8100000023841858,2025-01-11,3.299999926239252,False
6933,49.84000015258789,-0.7950000166893005,2025-01-11,3.1999999284744263,False
6934,49.84000015258789,-0.7799999713897705,2025-01-11,2.919999934732914,False
6935,49.84000015258789,-0.7649999856948853,2025-01-11,2.7399999387562275,False
6936,49.84000015258789,-0.75,2025-01-11,2.5999999418854713,False
6937,49.84000015258789,-0.7350000143051147,2025-01-11,2.559999942779541,False
6938,49.84000015258789,-0.7200000286102295,2025-01-11,2.6699999403208494,False
6939,49.84000015258789,-0.7049999833106995,2025-01-11,2.5499999430030584,False
6940,49.84000015258789,-0.6899999976158142,2025-01-11,2.4699999447911978,False
6941,49.84000015258789,-0.675000011920929,2025-01-11,2.5299999434500933,False
6942,49.84000015258789,-0.6600000262260437,2025-01-11,2.4799999445676804,False
6943,49.84000015258789,-0.6449999809265137,2025-01-11,2.349999947473407,False
6944,49.84000015258789,-0.6299999952316284,2025-01-11,2.349999947473407,False
6945,49.84000015258789,-0.6150000095367432,2025-01-11,2.2199999503791332,False
6946,49.84000015258789,-0.6000000238418579,2025-01-11,2.1199999526143074,False
6947,49.84000015258789,-0.5849999785423279,2025-01-11,2.12999995239079,False
6948,49.84000015258789,-0.5699999928474426,2025-01-11,2.109999952837825,False
6949,49.84000015258789,-0.5550000071525574,2025-01-11,2.059999953955412,False
6950,49.84000015258789,-0.5400000214576721,2025-01-11,2.149999951943755,False
6951,49.84000015258789,-0.5249999761581421,2025-01-11,2.0699999537318945,False
6952,49.84000015258789,-0.5099999904632568,2025-01-11,2.12999995239079,False
6953,49.84000015258789,-0.4950000047683716,2025-01-11,2.229999950155616,False
6954,49.84000015258789,-0.47999998927116394,2025-01-11,2.229999950155616,False
6955,49.84000015258789,-0.4650000035762787,2025-01-11,2.1399999521672726,False
6956,49.84000015258789,-0.44999998807907104,2025-01-11,2.009999955072999,False
6957,49.84000015258789,-0.4350000023841858,2025-01-11,1.9099999573081732,False
6958,49.84000015258789,-0.41999998688697815,2025-01-11,1.7999999597668648,False
6959,49.84000015258789,-0.4050000011920929,2025-01-11,1.6699999626725912,False
6960,49.84000015258789,-0.38999998569488525,2025-01-11,1.6699999626725912,False
6961,49.84000015258789,-0.375,2025-01-11,1.6299999635666609,False
6962,49.84000015258789,-0.36000001430511475,2025-01-11,1.579999964684248,False
6963,49.84000015258789,-0.3449999988079071,2025-01-11,1.4499999675899744,False
6964,49.84000015258789,-0.33000001311302185,2025-01-11,1.389999968931079,False
6965,49.84000015258789,-0.3149999976158142,2025-01-11,1.339999970048666,False
6966,49.84000015258789,-0.30000001192092896,2025-01-11,1.3999999687075615,False
6967,49.84000015258789,-0.2849999964237213,2025-01-11,1.5199999660253525,False
6968,49.84000015258789,-0.27000001072883606,2025-01-11,1.4199999682605267,False
6969,49.84000015258789,-0.2549999952316284,2025-01-11,1.459999967366457,False
6970,49.84000015258789,-0.23999999463558197,2025-01-11,1.529999965801835,False
6971,49.84000015258789,-0.22499999403953552,2025-01-11,1.7399999611079693,False
6972,49.84000015258789,-0.20999999344348907,2025-01-11,1.8999999575316906,False
6973,49.84000015258789,-0.19499999284744263,2025-01-11,1.9099999573081732,False
6974,49.84000015258789,-0.18000000715255737,2025-01-11,1.9699999559670687,False
6975,49.84000015258789,-0.16500000655651093,2025-01-11,2.5299999434500933,False
6976,49.84000015258789,-0.15000000596046448,2025-01-11,2.779999937862158,False
6977,49.84000015258789,-0.13500000536441803,2025-01-11,3.209999928250909,False
6978,49.84000015258789,-0.11999999731779099,2025-01-11,3.539999920874834,False
6979,49.84000015258789,-0.10499999672174454,2025-01-11,3.539999920874834,False
6980,49.84000015258789,-0.09000000357627869,2025-01-11,3.609999919310212,False
6981,49.84000015258789,-0.07500000298023224,2025-01-11,3.8099999148398638,False
6982,49.84000015258789,-0.05999999865889549,2025-01-11,3.5599999204277992,False
6983,49.84000015258789,-0.04500000178813934,2025-01-11,3.129999930039048,False
6984,49.84000015258789,-0.029999999329447746,2025-01-11,3.0699999313801527,False
6985,49.84000015258789,-0.014999999664723873,2025-01-11,3.4599999226629734,False
6986,49.84000015258789,0.0,2025-01-11,3.849999913945794,False
6987,49.84000015258789,0.014999999664723873,2025-01-11,3.8899999130517244,False
6988,49.84000015258789,0.029999999329447746,2025-01-11,3.9599999114871025,False
6989,49.84000015258789,0.04500000178813934,2025-01-11,3.8199999146163464,False
6990,49.84000015258789,0.05999999865889549,2025-01-11,3.7399999164044857,False
6991,49.84000015258789,0.07500000298023224,2025-01-11,3.8899999130517244,False
6992,49.84000015258789,0.09000000357627869,2025-01-11,3.6299999188631773,False
6993,49.84000015258789,0.10499999672174454,2025-01-11,3.609999919310212,False
6994,49.84000015258789,0.11999999731779099,2025-01-11,3.5599999204277992,False
6995,49.84000015258789,0.13500000536441803,2025-01-11,3.6999999172985554,False
6996,49.84000015258789,0.15000000596046448,2025-01-11,3.9599999114871025,False
6997,49.84000015258789,0.16500000655651093,2025-01-11,4.029999909922481,False
6998,49.84000015258789,0.18000000715255737,2025-01-11,4.289999904111028,False
6999,49.84000015258789,0.19499999284744263,2025-01-11,4.599999897181988,False
7000,49.84000015258789,0.20999999344348907,2025-01-11,4.549999898299575,False
7001,49.84000015258789,0.22499999403953552,2025-01-11,4.399999901652336,False
7002,49.84000015258789,0.23999999463558197,2025-01-11,4.069999909028411,False
7003,49.84000015258789,0.2549999952316284,2025-01-11,3.519999921321869,False
7004,49.84000015258789,0.27000001072883606,2025-01-11,3.4799999222159386,False
7005,49.84000015258789,0.2849999964237213,2025-01-11,3.5499999206513166,False
7006,49.84000015258789,0.30000001192092896,2025-01-11,3.829999914392829,False
7007,49.84000015258789,0.3149999976158142,2025-01-11,3.9599999114871025,False
7008,49.84000015258789,0.33000001311302185,2025-01-11,3.899999912828207,False
7009,49.84000015258789,0.3449999988079071,2025-01-11,3.8599999137222767,False
7010,49.84000015258789,0.36000001430511475,2025-01-11,4.119999907910824,False
7011,49.84000015258789,0.375,2025-01-11,4.119999907910824,False
7012,49.84000015258789,0.38999998569488525,2025-01-11,4.29999990388751,False
7013,49.84000015258789,0.4050000011920929,2025-01-11,4.639999896287918,False
7014,49.84000015258789,0.41999998688697815,2025-01-11,4.9399998895823956,False
7015,49.84000015258789,0.4350000023841858,2025-01-11,5.359999880194664,False
7016,49.84000015258789,0.44999998807907104,2025-01-11,6.199999861419201,False
7017,49.84000015258789,0.4650000035762787,2025-01-11,7.459999833256006,False
7018,49.84000015258789,0.47999998927116394,2025-01-11,12.149999728426337,False
7019,49.84000015258789,0.4950000047683716,2025-01-11,17.38999961130321,False
7020,49.849998474121094,-1.2450000047683716,2025-01-11,3.469999922439456,False
7021,49.849998474121094,-1.2300000190734863,2025-01-11,3.709999917075038,False
7022,49.849998474121094,-1.215000033378601,2025-01-11,3.229999927803874,False
7023,49.849998474121094,-1.2000000476837158,2025-01-11,2.989999933168292,False
7024,49.849998474121094,-1.184999942779541,2025-01-11,2.559999942779541,False
7025,49.849998474121094,-1.1699999570846558,2025-01-11,2.0199999548494816,False
7026,49.849998474121094,-1.1549999713897705,2025-01-11,1.6399999633431435,False
7027,49.849998474121094,-1.1399999856948853,2025-01-11,1.409999968484044,False
7028,49.849998474121094,-1.125,2025-01-11,1.6299999635666609,False
7029,49.849998474121094,-1.1100000143051147,2025-01-11,1.4999999664723873,False
7030,49.849998474121094,-1.0950000286102295,2025-01-11,1.6399999633431435,False
7031,49.849998474121094,-1.0800000429153442,2025-01-11,1.9799999557435513,False
7032,49.849998474121094,-1.065000057220459,2025-01-11,2.1599999517202377,False
7033,49.849998474121094,-1.0499999523162842,2025-01-11,2.659999940544367,False
7034,49.849998474121094,-1.034999966621399,2025-01-11,2.9799999333918095,False
7035,49.849998474121094,-1.0199999809265137,2025-01-11,3.6199999190866947,False
7036,49.849998474121094,-1.0049999952316284,2025-01-11,3.589999919757247,False
7037,49.849998474121094,-0.9900000095367432,2025-01-11,3.5599999204277992,False
7038,49.849998474121094,-0.9750000238418579,2025-01-11,3.4399999231100082,False
7039,49.849998474121094,-0.9599999785423279,2025-01-11,3.5299999210983515,False
7040,49.849998474121094,-0.9449999928474426,2025-01-11,3.4099999237805605,False
7041,49.849998474121094,-0.9300000071525574,2025-01-11,3.539999920874834,False
7042,49.849998474121094,-0.9150000214576721,2025-01-11,3.3399999253451824,False
7043,49.849998474121094,-0.8999999761581421,2025-01-11,3.399999924004078,False
7044,49.849998474121094,-0.8849999904632568,2025-01-11,3.3399999253451824,False
7045,49.849998474121094,-0.8700000047683716,2025-01-11,3.159999929368496,False
7046,49.849998474121094,-0.8550000190734863,2025-01-11,3.2699999269098043,False
7047,49.849998474121094,-0.8399999737739563,2025-01-11,3.3599999248981476,False
7048,49.849998474121094,-0.824999988079071,2025-01-11,3.4399999231100082,False
7049,49.849998474121094,-0.8100000023841858,2025-01-11,3.2899999264627695,False
7050,49.849998474121094,-0.7950000166893005,2025-01-11,3.0999999307096004,False
7051,49.849998474121094,-0.7799999713897705,2025-01-11,2.779999937862158,False
7052,49.849998474121094,-0.7649999856948853,2025-01-11,2.5699999425560236,False
7053,49.849998474121094,-0.75,2025-01-11,2.4699999447911978,False
7054,49.849998474121094,-0.7350000143051147,2025-01-11,2.509999943897128,False
7055,49.849998474121094,-0.7200000286102295,2025-01-11,2.5999999418854713,False
7056,49.849998474121094,-0.7049999833106995,2025-01-11,2.509999943897128,False
7057,49.849998474121094,-0.6899999976158142,2025-01-11,2.339999947696924,False
7058,49.849998474121094,-0.675000011920929,2025-01-11,2.319999948143959,False
7059,49.849998474121094,-0.6600000262260437,2025-01-11,2.269999949261546,False
7060,49.849998474121094,-0.6449999809265137,2025-01-11,2.2399999499320984,False
7061,49.849998474121094,-0.6299999952316284,2025-01-11,2.2599999494850636,False
7062,49.849998474121094,-0.6150000095367432,2025-01-11,2.149999951943755,False
7063,49.849998474121094,-0.6000000238418579,2025-01-11,2.079999953508377,False
7064,49.849998474121094,-0.5849999785423279,2025-01-11,2.179999951273203,False
7065,49.849998474121094,-0.5699999928474426,2025-01-11,2.1599999517202377,False
7066,49.849998474121094,-0.5550000071525574,2025-01-11,2.149999951943755,False
7067,49.849998474121094,-0.5400000214576721,2025-01-11,2.0699999537318945,False
7068,49.849998474121094,-0.5249999761581421,2025-01-11,2.12999995239079,False
7069,49.849998474121094,-0.5099999904632568,2025-01-11,2.079999953508377,False
7070,49.849998474121094,-0.4950000047683716,2025-01-11,2.1899999510496855,False
7071,49.849998474121094,-0.47999998927116394,2025-01-11,2.0999999530613422,False
7072,49.849998474121094,-0.4650000035762787,2025-01-11,2.1699999514967203,False
7073,49.849998474121094,-0.44999998807907104,2025-01-11,2.0499999541789293,False
7074,49.849998474121094,-0.4350000023841858,2025-01-11,1.9499999564141035,False
7075,49.849998474121094,-0.41999998688697815,2025-01-11,1.9699999559670687,False
7076,49.849998474121094,-0.4050000011920929,2025-01-11,1.8099999595433474,False
7077,49.849998474121094,-0.38999998569488525,2025-01-11,1.8099999595433474,False
7078,49.849998474121094,-0.375,2025-01-11,1.7399999611079693,False
7079,49.849998474121094,-0.36000001430511475,2025-01-11,1.5699999649077654,False
7080,49.849998474121094,-0.3449999988079071,2025-01-11,1.4299999680370092,False
7081,49.849998474121094,-0.33000001311302185,2025-01-11,1.2299999725073576,False
7082,49.849998474121094,-0.3149999976158142,2025-01-11,1.1999999731779099,False
7083,49.849998474121094,-0.30000001192092896,2025-01-11,1.409999968484044,False
7084,49.849998474121094,-0.2849999964237213,2025-01-11,1.3999999687075615,False
7085,49.849998474121094,-0.27000001072883606,2025-01-11,1.459999967366457,False
7086,49.849998474121094,-0.2549999952316284,2025-01-11,1.50999996624887,False
7087,49.849998474121094,-0.23999999463558197,2025-01-11,1.7399999611079693,False
7088,49.849998474121094,-0.22499999403953552,2025-01-11,1.7799999602138996,False
7089,49.849998474121094,-0.20999999344348907,2025-01-11,1.81999995931983,False
7090,49.849998474121094,-0.19499999284744263,2025-01-11,1.959999956190586,False
7091,49.849998474121094,-0.18000000715255737,2025-01-11,2.1899999510496855,False
7092,49.849998474121094,-0.16500000655651093,2025-01-11,2.3599999472498894,False
7093,49.849998474121094,-0.15000000596046448,2025-01-11,2.6499999407678843,False
7094,49.849998474121094,-0.13500000536441803,2025-01-11,3.0699999313801527,False
7095,49.849998474121094,-0.11999999731779099,2025-01-11,3.349999925121665,False
7096,49.849998474121094,-0.10499999672174454,2025-01-11,3.5999999195337296,False
7097,49.849998474121094,-0.09000000357627869,2025-01-11,3.67999991774559,False
7098,49.849998474121094,-0.07500000298023224,2025-01-11,3.689999917522073,False
7099,49.849998474121094,-0.05999999865889549,2025-01-11,3.159999929368496,False
7100,49.849998474121094,-0.04500000178813934,2025-01-11,2.6499999407678843,False
7101,49.849998474121094,-0.029999999329447746,2025-01-11,2.229999950155616,False
7102,49.849998474121094,-0.014999999664723873,2025-01-11,2.4999999441206455,False
7103,49.849998474121094,0.0,2025-01-11,3.4099999237805605,False
7104,49.849998474121094,0.014999999664723873,2025-01-11,3.8699999134987593,False
7105,49.849998474121094,0.029999999329447746,2025-01-11,4.039999909698963,False
7106,49.849998474121094,0.04500000178813934,2025-01-11,3.94999991171062,False
7107,49.849998474121094,0.05999999865889549,2025-01-11,3.919999912381172,False
7108,49.849998474121094,0.07500000298023224,2025-01-11,3.9099999126046896,False
7109,49.849998474121094,0.09000000357627869,2025-01-11,3.94999991171062,False
7110,49.849998474121094,0.10499999672174454,2025-01-11,3.7199999168515205,False
7111,49.849998474121094,0.11999999731779099,2025-01-11,3.6499999184161425,False
7112,49.849998474121094,0.13500000536441803,2025-01-11,3.709999917075038,False
7113,49.849998474121094,0.15000000596046448,2025-01-11,3.879999913275242,False
7114,49.849998474121094,0.16500000655651093,2025-01-11,4.039999909698963,False
7115,49.849998474121094,0.18000000715255737,2025-01-11,4.089999908581376,False
7116,49.849998474121094,0.19499999284744263,2025-01-11,4.289999904111028,False
7117,49.849998474121094,0.20999999344348907,2025-01-11,4.349999902769923,False
7118,49.849998474121094,0.22499999403953552,2025-01-11,4.089999908581376,False
7119,49.849998474121094,0.23999999463558197,2025-01-11,3.759999915957451,False
7120,49.849998474121094,0.2549999952316284,2025-01-11,3.449999922886491,False
7121,49.849998474121094,0.27000001072883606,2025-01-11,3.3799999244511127,False
7122,49.849998474121094,0.2849999964237213,2025-01-11,3.419999923557043,False
7123,49.849998474121094,0.30000001192092896,2025-01-11,3.5599999204277992,False
7124,49.849998474121094,0.3149999976158142,2025-01-11,3.9099999126046896,False
7125,49.849998474121094,0.33000001311302185,2025-01-11,3.829999914392829,False
7126,49.849998474121094,0.3449999988079071,2025-01-11,3.8099999148398638,False
7127,49.849998474121094,0.36000001430511475,2025-01-11,3.829999914392829,False
7128,49.849998474121094,0.375,2025-01-11,3.659999918192625,False
7129,49.849998474121094,0.38999998569488525,2025-01-11,3.779999915510416,False
7130,49.849998474121094,0.4050000011920929,2025-01-11,3.919999912381172,False
7131,49.849998474121094,0.41999998688697815,2025-01-11,4.1999999061226845,False
7132,49.849998474121094,0.4350000023841858,2025-01-11,4.52999989874661,False
7133,49.849998474121094,0.44999998807907104,2025-01-11,5.259999882429838,False
7134,49.849998474121094,0.4650000035762787,2025-01-11,5.619999874383211,False
7135,49.849998474121094,0.47999998927116394,2025-01-11,6.439999856054783,False
7136,49.849998474121094,0.4950000047683716,2025-01-11,10.089999774470925,False
7137,49.86000061035156,-1.2450000047683716,2025-01-11,3.1499999295920134,False
7138,49.86000061035156,-1.2300000190734863,2025-01-11,3.0299999322742224,False
7139,49.86000061035156,-1.215000033378601,2025-01-11,2.8299999367445707,False
7140,49.86000061035156,-1.2000000476837158,2025-01-11,2.7399999387562275,False
7141,49.86000061035156,-1.184999942779541,2025-01-11,2.5999999418854713,False
7142,49.86000061035156,-1.1699999570846558,2025-01-11,2.179999951273203,False
7143,49.86000061035156,-1.1549999713897705,2025-01-11,1.8799999579787254,False
7144,49.86000061035156,-1.1399999856948853,2025-01-11,1.6299999635666609,False
7145,49.86000061035156,-1.125,2025-01-11,1.8499999586492777,False
7146,49.86000061035156,-1.1100000143051147,2025-01-11,2.1399999521672726,False
7147,49.86000061035156,-1.0950000286102295,2025-01-11,2.0499999541789293,False
7148,49.86000061035156,-1.0800000429153442,2025-01-11,1.839999958872795,False
7149,49.86000061035156,-1.065000057220459,2025-01-11,2.0999999530613422,False
7150,49.86000061035156,-1.0499999523162842,2025-01-11,2.1599999517202377,False
7151,49.86000061035156,-1.034999966621399,2025-01-11,2.7099999394267797,False
7152,49.86000061035156,-1.0199999809265137,2025-01-11,3.3199999257922173,False
7153,49.86000061035156,-1.0049999952316284,2025-01-11,3.4299999233335257,False
7154,49.86000061035156,-0.9900000095367432,2025-01-11,3.569999920204282,False
7155,49.86000061035156,-0.9750000238418579,2025-01-11,3.5799999199807644,False
7156,49.86000061035156,-0.9599999785423279,2025-01-11,3.4099999237805605,False
7157,49.86000061035156,-0.9449999928474426,2025-01-11,3.249999927356839,False
7158,49.86000061035156,-0.9300000071525574,2025-01-11,3.249999927356839,False
7159,49.86000061035156,-0.9150000214576721,2025-01-11,3.2199999280273914,False
7160,49.86000061035156,-0.8999999761581421,2025-01-11,3.0299999322742224,False
7161,49.86000061035156,-0.8849999904632568,2025-01-11,2.9099999349564314,False
7162,49.86000061035156,-0.8700000047683716,2025-01-11,2.989999933168292,False
7163,49.86000061035156,-0.8550000190734863,2025-01-11,2.9099999349564314,False
7164,49.86000061035156,-0.8399999737739563,2025-01-11,3.0999999307096004,False
7165,49.86000061035156,-0.824999988079071,2025-01-11,3.089999930933118,False
7166,49.86000061035156,-0.8100000023841858,2025-01-11,3.1499999295920134,False
7167,49.86000061035156,-0.7950000166893005,2025-01-11,2.969999933615327,False
7168,49.86000061035156,-0.7799999713897705,2025-01-11,2.5299999434500933,False
7169,49.86000061035156,-0.7649999856948853,2025-01-11,2.4699999447911978,False
7170,49.86000061035156,-0.75,2025-01-11,2.2599999494850636,False
7171,49.86000061035156,-0.7350000143051147,2025-01-11,2.4299999456852674,False
7172,49.86000061035156,-0.7200000286102295,2025-01-11,2.4799999445676804,False
7173,49.86000061035156,-0.7049999833106995,2025-01-11,2.369999947026372,False
7174,49.86000061035156,-0.6899999976158142,2025-01-11,2.2799999490380287,False
7175,49.86000061035156,-0.675000011920929,2025-01-11,2.0999999530613422,False
7176,49.86000061035156,-0.6600000262260437,2025-01-11,2.199999950826168,False
7177,49.86000061035156,-0.6449999809265137,2025-01-11,2.1899999510496855,False
7178,49.86000061035156,-0.6299999952316284,2025-01-11,2.149999951943755,False
7179,49.86000061035156,-0.6150000095367432,2025-01-11,2.2599999494850636,False
7180,49.86000061035156,-0.6000000238418579,2025-01-11,2.1199999526143074,False
7181,49.86000061035156,-0.5849999785423279,2025-01-11,2.1399999521672726,False
7182,49.86000061035156,-0.5699999928474426,2025-01-11,2.1599999517202377,False
7183,49.86000061035156,-0.5550000071525574,2025-01-11,2.2099999506026506,False
7184,49.86000061035156,-0.5400000214576721,2025-01-11,2.109999952837825,False
7185,49.86000061035156,-0.5249999761581421,2025-01-11,2.1199999526143074,False
7186,49.86000061035156,-0.5099999904632568,2025-01-11,2.149999951943755,False
7187,49.86000061035156,-0.4950000047683716,2025-01-11,2.2199999503791332,False
7188,49.86000061035156,-0.47999998927116394,2025-01-11,2.2099999506026506,False
7189,49.86000061035156,-0.4650000035762787,2025-01-11,2.2199999503791332,False
7190,49.86000061035156,-0.44999998807907104,2025-01-11,2.12999995239079,False
7191,49.86000061035156,-0.4350000023841858,2025-01-11,2.079999953508377,False
7192,49.86000061035156,-0.41999998688697815,2025-01-11,2.009999955072999,False
7193,49.86000061035156,-0.4050000011920929,2025-01-11,1.9899999555200338,False
7194,49.86000061035156,-0.38999998569488525,2025-01-11,1.839999958872795,False
7195,49.86000061035156,-0.375,2025-01-11,1.6799999624490738,False
7196,49.86000061035156,-0.36000001430511475,2025-01-11,1.7099999617785215,False
7197,49.86000061035156,-0.3449999988079071,2025-01-11,1.50999996624887,False
7198,49.86000061035156,-0.33000001311302185,2025-01-11,1.389999968931079,False
7199,49.86000061035156,-0.3149999976158142,2025-01-11,1.3599999696016312,False
7200,49.86000061035156,-0.30000001192092896,2025-01-11,1.4499999675899744,False
7201,49.86000061035156,-0.2849999964237213,2025-01-11,1.4499999675899744,False
7202,49.86000061035156,-0.27000001072883606,2025-01-11,1.5399999655783176,False
7203,49.86000061035156,-0.2549999952316284,2025-01-11,1.579999964684248,False
7204,49.86000061035156,-0.23999999463558197,2025-01-11,1.5899999644607306,False
7205,49.86000061035156,-0.22499999403953552,2025-01-11,1.649999963119626,False
7206,49.86000061035156,-0.20999999344348907,2025-01-11,1.6899999622255564,False
7207,49.86000061035156,-0.19499999284744263,2025-01-11,1.939999956637621,False
7208,49.86000061035156,-0.18000000715255737,2025-01-11,2.12999995239079,False
7209,49.86000061035156,-0.16500000655651093,2025-01-11,2.3799999468028545,False
7210,49.86000061035156,-0.15000000596046448,2025-01-11,2.6199999414384365,False
7211,49.86000061035156,-0.13500000536441803,2025-01-11,2.939999934285879,False
7212,49.86000061035156,-0.11999999731779099,2025-01-11,3.3099999260157347,False
7213,49.86000061035156,-0.10499999672174454,2025-01-11,3.569999920204282,False
7214,49.86000061035156,-0.09000000357627869,2025-01-11,3.7199999168515205,False
7215,49.86000061035156,-0.07500000298023224,2025-01-11,3.5999999195337296,False
7216,49.86000061035156,-0.05999999865889549,2025-01-11,2.8799999356269836,False
7217,49.86000061035156,-0.04500000178813934,2025-01-11,2.0399999544024467,False
7218,49.86000061035156,-0.029999999329447746,2025-01-11,1.5899999644607306,False
7219,49.86000061035156,-0.014999999664723873,2025-01-11,2.0699999537318945,False
7220,49.86000061035156,0.0,2025-01-11,3.2899999264627695,False
7221,49.86000061035156,0.014999999664723873,2025-01-11,3.829999914392829,False
7222,49.86000061035156,0.029999999329447746,2025-01-11,3.8199999146163464,False
7223,49.86000061035156,0.04500000178813934,2025-01-11,3.9599999114871025,False
7224,49.86000061035156,0.05999999865889549,2025-01-11,4.109999908134341,False
7225,49.86000061035156,0.07500000298023224,2025-01-11,3.919999912381172,False
7226,49.86000061035156,0.09000000357627869,2025-01-11,3.94999991171062,False
7227,49.86000061035156,0.10499999672174454,2025-01-11,3.759999915957451,False
7228,49.86000061035156,0.11999999731779099,2025-01-11,3.659999918192625,False
7229,49.86000061035156,0.13500000536441803,2025-01-11,3.569999920204282,False
7230,49.86000061035156,0.15000000596046448,2025-01-11,3.6699999179691076,False
7231,49.86000061035156,0.16500000655651093,2025-01-11,3.879999913275242,False
7232,49.86000061035156,0.18000000715255737,2025-01-11,4.049999909475446,False
7233,49.86000061035156,0.19499999284744263,2025-01-11,4.179999906569719,False
7234,49.86000061035156,0.20999999344348907,2025-01-11,4.209999905899167,False
7235,49.86000061035156,0.22499999403953552,2025-01-11,3.919999912381172,False
7236,49.86000061035156,0.23999999463558197,2025-01-11,3.569999920204282,False
7237,49.86000061035156,0.2549999952316284,2025-01-11,3.419999923557043,False
7238,49.86000061035156,0.27000001072883606,2025-01-11,3.3299999255687,False
7239,49.86000061035156,0.2849999964237213,2025-01-11,3.3799999244511127,False
7240,49.86000061035156,0.30000001192092896,2025-01-11,3.569999920204282,False
7241,49.86000061035156,0.3149999976158142,2025-01-11,3.539999920874834,False
7242,49.86000061035156,0.33000001311302185,2025-01-11,3.489999921992421,False
7243,49.86000061035156,0.3449999988079071,2025-01-11,3.4999999217689037,False
7244,49.86000061035156,0.36000001430511475,2025-01-11,3.3899999242275953,False
7245,49.86000061035156,0.375,2025-01-11,3.3099999260157347,False
7246,49.86000061035156,0.38999998569488525,2025-01-11,3.3799999244511127,False
7247,49.86000061035156,0.4050000011920929,2025-01-11,3.349999925121665,False
7248,49.86000061035156,0.41999998688697815,2025-01-11,3.469999922439456,False
7249,49.86000061035156,0.4350000023841858,2025-01-11,3.899999912828207,False
7250,49.86000061035156,0.44999998807907104,2025-01-11,4.3199999034404755,False
7251,49.86000061035156,0.4650000035762787,2025-01-11,4.859999891370535,False
7252,49.86000061035156,0.47999998927116394,2025-01-11,5.80999987013638,False
7253,49.86000061035156,0.4950000047683716,2025-01-11,6.9499998446553946,False
7254,49.869998931884766,-1.2450000047683716,2025-01-11,2.819999936968088,False
7255,49.869998931884766,-1.2300000190734863,2025-01-11,2.74999993853271,False
7256,49.869998931884766,-1.215000033378601,2025-01-11,2.779999937862158,False
7257,49.869998931884766,-1.2000000476837158,2025-01-11,2.7899999376386404,False
7258,49.869998931884766,-1.184999942779541,2025-01-11,2.5899999421089888,False
7259,49.869998931884766,-1.1699999570846558,2025-01-11,2.5899999421089888,False
7260,49.869998931884766,-1.1549999713897705,2025-01-11,2.029999954625964,False
7261,49.869998931884766,-1.1399999856948853,2025-01-11,2.009999955072999,False
7262,49.869998931884766,-1.125,2025-01-11,2.4299999456852674,False
7263,49.869998931884766,-1.1100000143051147,2025-01-11,2.7099999394267797,False
7264,49.869998931884766,-1.0950000286102295,2025-01-11,2.679999940097332,False
7265,49.869998931884766,-1.0800000429153442,2025-01-11,2.249999949708581,False
7266,49.869998931884766,-1.065000057220459,2025-01-11,2.0399999544024467,False
7267,49.869998931884766,-1.0499999523162842,2025-01-11,2.2599999494850636,False
7268,49.869998931884766,-1.034999966621399,2025-01-11,2.8899999354034662,False
7269,49.869998931884766,-1.0199999809265137,2025-01-11,3.3099999260157347,False
7270,49.869998931884766,-1.0049999952316284,2025-01-11,3.6299999188631773,False
7271,49.869998931884766,-0.9900000095367432,2025-01-11,3.6299999188631773,False
7272,49.869998931884766,-0.9750000238418579,2025-01-11,3.4099999237805605,False
7273,49.869998931884766,-0.9599999785423279,2025-01-11,3.3299999255687,False
7274,49.869998931884766,-0.9449999928474426,2025-01-11,3.0999999307096004,False
7275,49.869998931884766,-0.9300000071525574,2025-01-11,3.3099999260157347,False
7276,49.869998931884766,-0.9150000214576721,2025-01-11,2.8799999356269836,False
7277,49.869998931884766,-0.8999999761581421,2025-01-11,2.7099999394267797,False
7278,49.869998931884766,-0.8849999904632568,2025-01-11,2.8799999356269836,False
7279,49.869998931884766,-0.8700000047683716,2025-01-11,2.869999935850501,False
7280,49.869998931884766,-0.8550000190734863,2025-01-11,2.779999937862158,False
7281,49.869998931884766,-0.8399999737739563,2025-01-11,2.8899999354034662,False
7282,49.869998931884766,-0.824999988079071,2025-01-11,2.699999939650297,False
7283,49.869998931884766,-0.8100000023841858,2025-01-11,2.729999938979745,False
7284,49.869998931884766,-0.7950000166893005,2025-01-11,2.7099999394267797,False
7285,49.869998931884766,-0.7799999713897705,2025-01-11,2.389999946579337,False
7286,49.869998931884766,-0.7649999856948853,2025-01-11,2.299999948590994,False
7287,49.869998931884766,-0.75,2025-01-11,2.179999951273203,False
7288,49.869998931884766,-0.7350000143051147,2025-01-11,2.199999950826168,False
7289,49.869998931884766,-0.7200000286102295,2025-01-11,2.2399999499320984,False
7290,49.869998931884766,-0.7049999833106995,2025-01-11,2.1399999521672726,False
7291,49.869998931884766,-0.6899999976158142,2025-01-11,1.9899999555200338,False
7292,49.869998931884766,-0.675000011920929,2025-01-11,2.0499999541789293,False
7293,49.869998931884766,-0.6600000262260437,2025-01-11,2.2099999506026506,False
7294,49.869998931884766,-0.6449999809265137,2025-01-11,2.1899999510496855,False
7295,49.869998931884766,-0.6299999952316284,2025-01-11,2.12999995239079,False
7296,49.869998931884766,-0.6150000095367432,2025-01-11,2.299999948590994,False
7297,49.869998931884766,-0.6000000238418579,2025-01-11,2.269999949261546,False
7298,49.869998931884766,-0.5849999785423279,2025-01-11,2.3299999479204416,False
7299,49.869998931884766,-0.5699999928474426,2025-01-11,2.179999951273203,False
7300,49.869998931884766,-0.5550000071525574,2025-01-11,2.249999949708581,False
7301,49.869998931884766,-0.5400000214576721,2025-01-11,2.229999950155616,False
7302,49.869998931884766,-0.5249999761581421,2025-01-11,2.179999951273203,False
7303,49.869998931884766,-0.5099999904632568,2025-01-11,2.249999949708581,False
7304,49.869998931884766,-0.4950000047683716,2025-01-11,2.2099999506026506,False
7305,49.869998931884766,-0.47999998927116394,2025-01-11,2.229999950155616,False
7306,49.869998931884766,-0.4650000035762787,2025-01-11,2.269999949261546,False
7307,49.869998931884766,-0.44999998807907104,2025-01-11,2.2899999488145113,False
7308,49.869998931884766,-0.4350000023841858,2025-01-11,2.12999995239079,False
7309,49.869998931884766,-0.41999998688697815,2025-01-11,2.009999955072999,False
7310,49.869998931884766,-0.4050000011920929,2025-01-11,2.009999955072999,False
7311,49.869998931884766,-0.38999998569488525,2025-01-11,1.8299999590963125,False
7312,49.869998931884766,-0.375,2025-01-11,1.8099999595433474,False
7313,49.869998931884766,-0.36000001430511475,2025-01-11,1.7899999599903822,False
7314,49.869998931884766,-0.3449999988079071,2025-01-11,1.6399999633431435,False
7315,49.869998931884766,-0.33000001311302185,2025-01-11,1.5699999649077654,False
7316,49.869998931884766,-0.3149999976158142,2025-01-11,1.5199999660253525,False
7317,49.869998931884766,-0.30000001192092896,2025-01-11,1.4699999671429396,False
7318,49.869998931884766,-0.2849999964237213,2025-01-11,1.4999999664723873,False
7319,49.869998931884766,-0.27000001072883606,2025-01-11,1.5699999649077654,False
7320,49.869998931884766,-0.2549999952316284,2025-01-11,1.5899999644607306,False
7321,49.869998931884766,-0.23999999463558197,2025-01-11,1.5599999651312828,False
7322,49.869998931884766,-0.22499999403953552,2025-01-11,1.7999999597668648,False
7323,49.869998931884766,-0.20999999344348907,2025-01-11,1.8299999590963125,False
7324,49.869998931884766,-0.19499999284744263,2025-01-11,1.9799999557435513,False
7325,49.869998931884766,-0.18000000715255737,2025-01-11,2.299999948590994,False
7326,49.869998931884766,-0.16500000655651093,2025-01-11,2.5299999434500933,False
7327,49.869998931884766,-0.15000000596046448,2025-01-11,2.6899999398738146,False
7328,49.869998931884766,-0.13500000536441803,2025-01-11,3.1199999302625656,False
7329,49.869998931884766,-0.11999999731779099,2025-01-11,3.1699999291449785,False
7330,49.869998931884766,-0.10499999672174454,2025-01-11,3.6299999188631773,False
7331,49.869998931884766,-0.09000000357627869,2025-01-11,3.609999919310212,False
7332,49.869998931884766,-0.07500000298023224,2025-01-11,3.4999999217689037,False
7333,49.869998931884766,-0.05999999865889549,2025-01-11,2.969999933615327,False
7334,49.869998931884766,-0.04500000178813934,2025-01-11,1.8499999586492777,False
7335,49.869998931884766,-0.029999999329447746,2025-01-11,1.1599999740719795,False
7336,49.869998931884766,-0.014999999664723873,2025-01-11,1.7599999606609344,False
7337,49.869998931884766,0.0,2025-01-11,3.1499999295920134,False
7338,49.869998931884766,0.014999999664723873,2025-01-11,3.7399999164044857,False
7339,49.869998931884766,0.029999999329447746,2025-01-11,3.7899999152868986,False
7340,49.869998931884766,0.04500000178813934,2025-01-11,3.879999913275242,False
7341,49.869998931884766,0.05999999865889549,2025-01-11,3.9799999110400677,False
7342,49.869998931884766,0.07500000298023224,2025-01-11,3.9299999121576548,False
7343,49.869998931884766,0.09000000357627869,2025-01-11,3.7699999157339334,False
7344,49.869998931884766,0.10499999672174454,2025-01-11,3.6499999184161425,False
7345,49.869998931884766,0.11999999731779099,2025-01-11,3.469999922439456,False
7346,49.869998931884766,0.13500000536441803,2025-01-11,3.6299999188631773,False
7347,49.869998931884766,0.15000000596046448,2025-01-11,3.6999999172985554,False
7348,49.869998931884766,0.16500000655651093,2025-01-11,3.899999912828207,False
7349,49.869998931884766,0.18000000715255737,2025-01-11,3.999999910593033,False
7350,49.869998931884766,0.19499999284744263,2025-01-11,4.189999906346202,False
7351,49.869998931884766,0.20999999344348907,2025-01-11,4.069999909028411,False
7352,49.869998931884766,0.22499999403953552,2025-01-11,3.729999916628003,False
7353,49.869998931884766,0.23999999463558197,2025-01-11,3.4799999222159386,False
7354,49.869998931884766,0.2549999952316284,2025-01-11,3.349999925121665,False
7355,49.869998931884766,0.27000001072883606,2025-01-11,3.2199999280273914,False
7356,49.869998931884766,0.2849999964237213,2025-01-11,3.1699999291449785,False
7357,49.869998931884766,0.30000001192092896,2025-01-11,3.1699999291449785,False
7358,49.869998931884766,0.3149999976158142,2025-01-11,3.05999993160367,False
7359,49.869998931884766,0.33000001311302185,2025-01-11,3.0699999313801527,False
7360,49.869998931884766,0.3449999988079071,2025-01-11,3.039999932050705,False
7361,49.869998931884766,0.36000001430511475,2025-01-11,3.0799999311566353,False
7362,49.869998931884766,0.375,2025-01-11,2.8899999354034662,False
7363,49.869998931884766,0.38999998569488525,2025-01-11,2.8799999356269836,False
7364,49.869998931884766,0.4050000011920929,2025-01-11,3.0799999311566353,False
7365,49.869998931884766,0.41999998688697815,2025-01-11,3.209999928250909,False
7366,49.869998931884766,0.4350000023841858,2025-01-11,3.7499999161809683,False
7367,49.869998931884766,0.44999998807907104,2025-01-11,3.969999911263585,False
7368,49.869998931884766,0.4650000035762787,2025-01-11,4.25999990478158,False
7369,49.869998931884766,0.47999998927116394,2025-01-11,4.849999891594052,False
7370,49.869998931884766,0.4950000047683716,2025-01-11,6.03999986499548,False
7371,49.880001068115234,-1.2450000047683716,2025-01-11,2.7199999392032623,False
7372,49.880001068115234,-1.2300000190734863,2025-01-11,2.5999999418854713,False
7373,49.880001068115234,-1.215000033378601,2025-01-11,2.729999938979745,False
7374,49.880001068115234,-1.2000000476837158,2025-01-11,2.8299999367445707,False
7375,49.880001068115234,-1.184999942779541,2025-01-11,2.6899999398738146,False
7376,49.880001068115234,-1.1699999570846558,2025-01-11,2.699999939650297,False
7377,49.880001068115234,-1.1549999713897705,2025-01-11,2.4999999441206455,False
7378,49.880001068115234,-1.1399999856948853,2025-01-11,2.6699999403208494,False
7379,49.880001068115234,-1.125,2025-01-11,3.009999932721257,False
7380,49.880001068115234,-1.1100000143051147,2025-01-11,2.679999940097332,False
7381,49.880001068115234,-1.0950000286102295,2025-01-11,3.01999993249774,False
7382,49.880001068115234,-1.0800000429153442,2025-01-11,2.43999994546175,False
7383,49.880001068115234,-1.065000057220459,2025-01-11,2.1399999521672726,False
7384,49.880001068115234,-1.0499999523162842,2025-01-11,2.319999948143959,False
7385,49.880001068115234,-1.034999966621399,2025-01-11,2.989999933168292,False
7386,49.880001068115234,-1.0199999809265137,2025-01-11,3.249999927356839,False
7387,49.880001068115234,-1.0049999952316284,2025-01-11,3.3899999242275953,False
7388,49.880001068115234,-0.9900000095367432,2025-01-11,3.3599999248981476,False
7389,49.880001068115234,-0.9750000238418579,2025-01-11,3.179999928921461,False
7390,49.880001068115234,-0.9599999785423279,2025-01-11,3.36999992467463,False
7391,49.880001068115234,-0.9449999928474426,2025-01-11,3.129999930039048,False
7392,49.880001068115234,-0.9300000071525574,2025-01-11,3.0699999313801527,False
7393,49.880001068115234,-0.9150000214576721,2025-01-11,3.01999993249774,False
7394,49.880001068115234,-0.8999999761581421,2025-01-11,2.6699999403208494,False
7395,49.880001068115234,-0.8849999904632568,2025-01-11,2.7399999387562275,False
7396,49.880001068115234,-0.8700000047683716,2025-01-11,2.7699999380856752,False
7397,49.880001068115234,-0.8550000190734863,2025-01-11,2.7199999392032623,False
7398,49.880001068115234,-0.8399999737739563,2025-01-11,2.6399999409914017,False
7399,49.880001068115234,-0.824999988079071,2025-01-11,2.4699999447911978,False
7400,49.880001068115234,-0.8100000023841858,2025-01-11,2.369999947026372,False
7401,49.880001068115234,-0.7950000166893005,2025-01-11,2.229999950155616,False
7402,49.880001068115234,-0.7799999713897705,2025-01-11,2.319999948143959,False
7403,49.880001068115234,-0.7649999856948853,2025-01-11,2.1199999526143074,False
7404,49.880001068115234,-0.75,2025-01-11,1.9999999552965164,False
7405,49.880001068115234,-0.7350000143051147,2025-01-11,2.0499999541789293,False
7406,49.880001068115234,-0.7200000286102295,2025-01-11,2.0399999544024467,False
7407,49.880001068115234,-0.7049999833106995,2025-01-11,2.029999954625964,False
7408,49.880001068115234,-0.6899999976158142,2025-01-11,1.8699999582022429,False
7409,49.880001068115234,-0.675000011920929,2025-01-11,1.9999999552965164,False
7410,49.880001068115234,-0.6600000262260437,2025-01-11,2.0899999532848597,False
7411,49.880001068115234,-0.6449999809265137,2025-01-11,1.9799999557435513,False
7412,49.880001068115234,-0.6299999952316284,2025-01-11,2.109999952837825,False
7413,49.880001068115234,-0.6150000095367432,2025-01-11,2.0899999532848597,False
7414,49.880001068115234,-0.6000000238418579,2025-01-11,2.1899999510496855,False
7415,49.880001068115234,-0.5849999785423279,2025-01-11,2.249999949708581,False
7416,49.880001068115234,-0.5699999928474426,2025-01-11,2.2799999490380287,False
7417,49.880001068115234,-0.5550000071525574,2025-01-11,2.3299999479204416,False
7418,49.880001068115234,-0.5400000214576721,2025-01-11,2.179999951273203,False
7419,49.880001068115234,-0.5249999761581421,2025-01-11,2.0899999532848597,False
7420,49.880001068115234,-0.5099999904632568,2025-01-11,2.2099999506026506,False
7421,49.880001068115234,-0.4950000047683716,2025-01-11,2.1399999521672726,False
7422,49.880001068115234,-0.47999998927116394,2025-01-11,2.2599999494850636,False
7423,49.880001068115234,-0.4650000035762787,2025-01-11,2.3099999483674765,False
7424,49.880001068115234,-0.44999998807907104,2025-01-11,2.2899999488145113,False
7425,49.880001068115234,-0.4350000023841858,2025-01-11,2.2199999503791332,False
7426,49.880001068115234,-0.41999998688697815,2025-01-11,2.1699999514967203,False
7427,49.880001068115234,-0.4050000011920929,2025-01-11,1.9699999559670687,False
7428,49.880001068115234,-0.38999998569488525,2025-01-11,1.8799999579787254,False
7429,49.880001068115234,-0.375,2025-01-11,1.8499999586492777,False
7430,49.880001068115234,-0.36000001430511475,2025-01-11,1.959999956190586,False
7431,49.880001068115234,-0.3449999988079071,2025-01-11,1.9299999568611383,False
7432,49.880001068115234,-0.33000001311302185,2025-01-11,1.7999999597668648,False
7433,49.880001068115234,-0.3149999976158142,2025-01-11,1.7099999617785215,False
7434,49.880001068115234,-0.30000001192092896,2025-01-11,1.6599999628961086,False
7435,49.880001068115234,-0.2849999964237213,2025-01-11,1.6099999640136957,False
7436,49.880001068115234,-0.27000001072883606,2025-01-11,1.649999963119626,False
7437,49.880001068115234,-0.2549999952316284,2025-01-11,1.699999962002039,False
7438,49.880001068115234,-0.23999999463558197,2025-01-11,1.7899999599903822,False
7439,49.880001068115234,-0.22499999403953552,2025-01-11,1.8099999595433474,False
7440,49.880001068115234,-0.20999999344348907,2025-01-11,1.8699999582022429,False
7441,49.880001068115234,-0.19499999284744263,2025-01-11,1.959999956190586,False
7442,49.880001068115234,-0.18000000715255737,2025-01-11,2.229999950155616,False
7443,49.880001068115234,-0.16500000655651093,2025-01-11,2.5999999418854713,False
7444,49.880001068115234,-0.15000000596046448,2025-01-11,2.7199999392032623,False
7445,49.880001068115234,-0.13500000536441803,2025-01-11,2.8299999367445707,False
7446,49.880001068115234,-0.11999999731779099,2025-01-11,2.9599999338388443,False
7447,49.880001068115234,-0.10499999672174454,2025-01-11,3.3299999255687,False
7448,49.880001068115234,-0.09000000357627869,2025-01-11,3.3299999255687,False
7449,49.880001068115234,-0.07500000298023224,2025-01-11,3.3899999242275953,False
7450,49.880001068115234,-0.05999999865889549,2025-01-11,2.849999936297536,False
7451,49.880001068115234,-0.04500000178813934,2025-01-11,1.6399999633431435,False
7452,49.880001068115234,-0.029999999329447746,2025-01-11,0.8799999803304672,False
7453,49.880001068115234,-0.014999999664723873,2025-01-11,1.4999999664723873,False
7454,49.880001068115234,0.0,2025-01-11,2.969999933615327,False
7455,49.880001068115234,0.014999999664723873,2025-01-11,3.6999999172985554,False
7456,49.880001068115234,0.029999999329447746,2025-01-11,3.899999912828207,False
7457,49.880001068115234,0.04500000178813934,2025-01-11,3.8699999134987593,False
7458,49.880001068115234,0.05999999865889549,2025-01-11,3.899999912828207,False
7459,49.880001068115234,0.07500000298023224,2025-01-11,3.8099999148398638,False
7460,49.880001068115234,0.09000000357627869,2025-01-11,3.6199999190866947,False
7461,49.880001068115234,0.10499999672174454,2025-01-11,3.4999999217689037,False
7462,49.880001068115234,0.11999999731779099,2025-01-11,3.209999928250909,False
7463,49.880001068115234,0.13500000536441803,2025-01-11,3.5599999204277992,False
7464,49.880001068115234,0.15000000596046448,2025-01-11,3.7199999168515205,False
7465,49.880001068115234,0.16500000655651093,2025-01-11,3.9399999119341373,False
7466,49.880001068115234,0.18000000715255737,2025-01-11,3.94999991171062,False
7467,49.880001068115234,0.19499999284744263,2025-01-11,4.139999907463789,False
7468,49.880001068115234,0.20999999344348907,2025-01-11,3.9599999114871025,False
7469,49.880001068115234,0.22499999403953552,2025-01-11,3.779999915510416,False
7470,49.880001068115234,0.23999999463558197,2025-01-11,3.469999922439456,False
7471,49.880001068115234,0.2549999952316284,2025-01-11,3.129999930039048,False
7472,49.880001068115234,0.27000001072883606,2025-01-11,3.0799999311566353,False
7473,49.880001068115234,0.2849999964237213,2025-01-11,2.9799999333918095,False
7474,49.880001068115234,0.30000001192092896,2025-01-11,2.9099999349564314,False
7475,49.880001068115234,0.3149999976158142,2025-01-11,2.939999934285879,False
7476,49.880001068115234,0.33000001311302185,2025-01-11,2.819999936968088,False
7477,49.880001068115234,0.3449999988079071,2025-01-11,2.8099999371916056,False
7478,49.880001068115234,0.36000001430511475,2025-01-11,2.779999937862158,False
7479,49.880001068115234,0.375,2025-01-11,2.609999941661954,False
7480,49.880001068115234,0.38999998569488525,2025-01-11,2.6199999414384365,False
7481,49.880001068115234,0.4050000011920929,2025-01-11,2.7899999376386404,False
7482,49.880001068115234,0.41999998688697815,2025-01-11,3.1199999302625656,False
7483,49.880001068115234,0.4350000023841858,2025-01-11,3.2699999269098043,False
7484,49.880001068115234,0.44999998807907104,2025-01-11,3.689999917522073,False
7485,49.880001068115234,0.4650000035762787,2025-01-11,3.849999913945794,False
7486,49.880001068115234,0.47999998927116394,2025-01-11,4.339999902993441,False
7487,49.880001068115234,0.4950000047683716,2025-01-11,4.83999989181757,False
7488,49.88999938964844,-1.2450000047683716,2025-01-11,2.7899999376386404,False
7489,49.88999938964844,-1.2300000190734863,2025-01-11,2.7599999383091927,False
7490,49.88999938964844,-1.215000033378601,2025-01-11,2.9299999345093966,False
7491,49.88999938964844,-1.2000000476837158,2025-01-11,2.9299999345093966,False
7492,49.88999938964844,-1.184999942779541,2025-01-11,2.9099999349564314,False
7493,49.88999938964844,-1.1699999570846558,2025-01-11,2.9099999349564314,False
7494,49.88999938964844,-1.1549999713897705,2025-01-11,2.729999938979745,False
7495,49.88999938964844,-1.1399999856948853,2025-01-11,2.7599999383091927,False
7496,49.88999938964844,-1.125,2025-01-11,2.779999937862158,False
7497,49.88999938964844,-1.1100000143051147,2025-01-11,2.7399999387562275,False
7498,49.88999938964844,-1.0950000286102295,2025-01-11,2.799999937415123,False
7499,49.88999938964844,-1.0800000429153442,2025-01-11,2.4999999441206455,False
7500,49.88999938964844,-1.065000057220459,2025-01-11,2.4099999461323023,False
7501,49.88999938964844,-1.0499999523162842,2025-01-11,2.729999938979745,False
7502,49.88999938964844,-1.034999966621399,2025-01-11,3.0299999322742224,False
7503,49.88999938964844,-1.0199999809265137,2025-01-11,3.179999928921461,False
7504,49.88999938964844,-1.0049999952316284,2025-01-11,3.129999930039048,False
7505,49.88999938964844,-0.9900000095367432,2025-01-11,3.2699999269098043,False
7506,49.88999938964844,-0.9750000238418579,2025-01-11,3.179999928921461,False
7507,49.88999938964844,-0.9599999785423279,2025-01-11,3.179999928921461,False
7508,49.88999938964844,-0.9449999928474426,2025-01-11,3.2699999269098043,False
7509,49.88999938964844,-0.9300000071525574,2025-01-11,3.05999993160367,False
7510,49.88999938964844,-0.9150000214576721,2025-01-11,2.8899999354034662,False
7511,49.88999938964844,-0.8999999761581421,2025-01-11,2.5999999418854713,False
7512,49.88999938964844,-0.8849999904632568,2025-01-11,2.5499999430030584,False
7513,49.88999938964844,-0.8700000047683716,2025-01-11,2.609999941661954,False
7514,49.88999938964844,-0.8550000190734863,2025-01-11,2.5899999421089888,False
7515,49.88999938964844,-0.8399999737739563,2025-01-11,2.419999945908785,False
7516,49.88999938964844,-0.824999988079071,2025-01-11,2.249999949708581,False
7517,49.88999938964844,-0.8100000023841858,2025-01-11,2.2099999506026506,False
7518,49.88999938964844,-0.7950000166893005,2025-01-11,2.2199999503791332,False
7519,49.88999938964844,-0.7799999713897705,2025-01-11,2.12999995239079,False
7520,49.88999938964844,-0.7649999856948853,2025-01-11,1.8699999582022429,False
7521,49.88999938964844,-0.75,2025-01-11,1.8699999582022429,False
7522,49.88999938964844,-0.7350000143051147,2025-01-11,1.8799999579787254,False
7523,49.88999938964844,-0.7200000286102295,2025-01-11,1.8799999579787254,False
7524,49.88999938964844,-0.7049999833106995,2025-01-11,1.9899999555200338,False
7525,49.88999938964844,-0.6899999976158142,2025-01-11,1.8499999586492777,False
7526,49.88999938964844,-0.675000011920929,2025-01-11,1.9899999555200338,False
7527,49.88999938964844,-0.6600000262260437,2025-01-11,1.9699999559670687,False
7528,49.88999938964844,-0.6449999809265137,2025-01-11,2.12999995239079,False
7529,49.88999938964844,-0.6299999952316284,2025-01-11,2.1199999526143074,False
7530,49.88999938964844,-0.6150000095367432,2025-01-11,2.12999995239079,False
7531,49.88999938964844,-0.6000000238418579,2025-01-11,2.249999949708581,False
7532,49.88999938964844,-0.5849999785423279,2025-01-11,2.2099999506026506,False
7533,49.88999938964844,-0.5699999928474426,2025-01-11,2.2399999499320984,False
7534,49.88999938964844,-0.5550000071525574,2025-01-11,2.2899999488145113,False
7535,49.88999938964844,-0.5400000214576721,2025-01-11,2.1399999521672726,False
7536,49.88999938964844,-0.5249999761581421,2025-01-11,2.0899999532848597,False
7537,49.88999938964844,-0.5099999904632568,2025-01-11,2.0899999532848597,False
7538,49.88999938964844,-0.4950000047683716,2025-01-11,2.1399999521672726,False
7539,49.88999938964844,-0.47999998927116394,2025-01-11,2.12999995239079,False
7540,49.88999938964844,-0.4650000035762787,2025-01-11,2.229999950155616,False
7541,49.88999938964844,-0.44999998807907104,2025-01-11,2.3299999479204416,False
7542,49.88999938964844,-0.4350000023841858,2025-01-11,2.249999949708581,False
7543,49.88999938964844,-0.41999998688697815,2025-01-11,2.199999950826168,False
7544,49.88999938964844,-0.4050000011920929,2025-01-11,2.0199999548494816,False
7545,49.88999938964844,-0.38999998569488525,2025-01-11,1.9899999555200338,False
7546,49.88999938964844,-0.375,2025-01-11,2.0199999548494816,False
7547,49.88999938964844,-0.36000001430511475,2025-01-11,1.959999956190586,False
7548,49.88999938964844,-0.3449999988079071,2025-01-11,1.9199999570846558,False
7549,49.88999938964844,-0.33000001311302185,2025-01-11,1.959999956190586,False
7550,49.88999938964844,-0.3149999976158142,2025-01-11,1.8599999584257603,False
7551,49.88999938964844,-0.30000001192092896,2025-01-11,1.7599999606609344,False
7552,49.88999938964844,-0.2849999964237213,2025-01-11,1.8299999590963125,False
7553,49.88999938964844,-0.27000001072883606,2025-01-11,1.769999960437417,False
7554,49.88999938964844,-0.2549999952316284,2025-01-11,1.7899999599903822,False
7555,49.88999938964844,-0.23999999463558197,2025-01-11,1.9899999555200338,False
7556,49.88999938964844,-0.22499999403953552,2025-01-11,1.889999957755208,False
7557,49.88999938964844,-0.20999999344348907,2025-01-11,1.8999999575316906,False
7558,49.88999938964844,-0.19499999284744263,2025-01-11,2.12999995239079,False
7559,49.88999938964844,-0.18000000715255737,2025-01-11,2.299999948590994,False
7560,49.88999938964844,-0.16500000655651093,2025-01-11,2.4699999447911978,False
7561,49.88999938964844,-0.15000000596046448,2025-01-11,2.459999945014715,False
7562,49.88999938964844,-0.13500000536441803,2025-01-11,2.339999947696924,False
7563,49.88999938964844,-0.11999999731779099,2025-01-11,2.369999947026372,False
7564,49.88999938964844,-0.10499999672174454,2025-01-11,2.389999946579337,False
7565,49.88999938964844,-0.09000000357627869,2025-01-11,2.5199999436736107,False
7566,49.88999938964844,-0.07500000298023224,2025-01-11,2.9999999329447746,False
7567,49.88999938964844,-0.05999999865889549,2025-01-11,3.0499999318271875,False
7568,49.88999938964844,-0.04500000178813934,2025-01-11,1.7899999599903822,False
7569,49.88999938964844,-0.029999999329447746,2025-01-11,0.8299999814480543,False
7570,49.88999938964844,-0.014999999664723873,2025-01-11,1.5899999644607306,False
7571,49.88999938964844,0.0,2025-01-11,2.9999999329447746,False
7572,49.88999938964844,0.014999999664723873,2025-01-11,3.729999916628003,False
7573,49.88999938964844,0.029999999329447746,2025-01-11,3.7499999161809683,False
7574,49.88999938964844,0.04500000178813934,2025-01-11,3.879999913275242,False
7575,49.88999938964844,0.05999999865889549,2025-01-11,3.919999912381172,False
7576,49.88999938964844,0.07500000298023224,2025-01-11,3.829999914392829,False
7577,49.88999938964844,0.09000000357627869,2025-01-11,3.539999920874834,False
7578,49.88999938964844,0.10499999672174454,2025-01-11,3.1399999298155308,False
7579,49.88999938964844,0.11999999731779099,2025-01-11,3.109999930486083,False
7580,49.88999938964844,0.13500000536441803,2025-01-11,3.4299999233335257,False
7581,49.88999938964844,0.15000000596046448,2025-01-11,3.7699999157339334,False
7582,49.88999938964844,0.16500000655651093,2025-01-11,3.9399999119341373,False
7583,49.88999938964844,0.18000000715255737,2025-01-11,3.969999911263585,False
7584,49.88999938964844,0.19499999284744263,2025-01-11,3.919999912381172,False
7585,49.88999938964844,0.20999999344348907,2025-01-11,3.94999991171062,False
7586,49.88999938964844,0.22499999403953552,2025-01-11,3.849999913945794,False
7587,49.88999938964844,0.23999999463558197,2025-01-11,3.4599999226629734,False
7588,49.88999938964844,0.2549999952316284,2025-01-11,3.2699999269098043,False
7589,49.88999938964844,0.27000001072883606,2025-01-11,3.05999993160367,False
7590,49.88999938964844,0.2849999964237213,2025-01-11,2.9599999338388443,False
7591,49.88999938964844,0.30000001192092896,2025-01-11,2.969999933615327,False
7592,49.88999938964844,0.3149999976158142,2025-01-11,3.009999932721257,False
7593,49.88999938964844,0.33000001311302185,2025-01-11,2.9099999349564314,False
7594,49.88999938964844,0.3449999988079071,2025-01-11,2.7699999380856752,False
7595,49.88999938964844,0.36000001430511475,2025-01-11,2.389999946579337,False
7596,49.88999938964844,0.375,2025-01-11,2.609999941661954,False
7597,49.88999938964844,0.38999998569488525,2025-01-11,2.5499999430030584,False
7598,49.88999938964844,0.4050000011920929,2025-01-11,2.539999943226576,False
7599,49.88999938964844,0.41999998688697815,2025-01-11,3.039999932050705,False
7600,49.88999938964844,0.4350000023841858,2025-01-11,3.159999929368496,False
7601,49.88999938964844,0.44999998807907104,2025-01-11,3.419999923557043,False
7602,49.88999938964844,0.4650000035762787,2025-01-11,3.569999920204282,False
7603,49.88999938964844,0.47999998927116394,2025-01-11,3.9599999114871025,False
7604,49.88999938964844,0.4950000047683716,2025-01-11,4.169999906793237,False
7605,49.900001525878906,-1.2450000047683716,2025-01-11,2.7399999387562275,False
7606,49.900001525878906,-1.2300000190734863,2025-01-11,2.9499999340623617,False
7607,49.900001525878906,-1.215000033378601,2025-01-11,2.74999993853271,False
7608,49.900001525878906,-1.2000000476837158,2025-01-11,2.9799999333918095,False
7609,49.900001525878906,-1.184999942779541,2025-01-11,2.9999999329447746,False
7610,49.900001525878906,-1.1699999570846558,2025-01-11,3.039999932050705,False
7611,49.900001525878906,-1.1549999713897705,2025-01-11,2.8299999367445707,False
7612,49.900001525878906,-1.1399999856948853,2025-01-11,2.679999940097332,False
7613,49.900001525878906,-1.125,2025-01-11,2.5899999421089888,False
7614,49.900001525878906,-1.1100000143051147,2025-01-11,2.8899999354034662,False
7615,49.900001525878906,-1.0950000286102295,2025-01-11,2.9099999349564314,False
7616,49.900001525878906,-1.0800000429153442,2025-01-11,2.3999999463558197,False
7617,49.900001525878906,-1.065000057220459,2025-01-11,2.3099999483674765,False
7618,49.900001525878906,-1.0499999523162842,2025-01-11,2.6699999403208494,False
7619,49.900001525878906,-1.034999966621399,2025-01-11,2.849999936297536,False
7620,49.900001525878906,-1.0199999809265137,2025-01-11,2.849999936297536,False
7621,49.900001525878906,-1.0049999952316284,2025-01-11,2.9599999338388443,False
7622,49.900001525878906,-0.9900000095367432,2025-01-11,2.9999999329447746,False
7623,49.900001525878906,-0.9750000238418579,2025-01-11,3.1899999286979437,False
7624,49.900001525878906,-0.9599999785423279,2025-01-11,3.159999929368496,False
7625,49.900001525878906,-0.9449999928474426,2025-01-11,3.249999927356839,False
7626,49.900001525878906,-0.9300000071525574,2025-01-11,3.0999999307096004,False
7627,49.900001525878906,-0.9150000214576721,2025-01-11,2.6499999407678843,False
7628,49.900001525878906,-0.8999999761581421,2025-01-11,2.4999999441206455,False
7629,49.900001525878906,-0.8849999904632568,2025-01-11,2.43999994546175,False
7630,49.900001525878906,-0.8700000047683716,2025-01-11,2.109999952837825,False
7631,49.900001525878906,-0.8550000190734863,2025-01-11,1.959999956190586,False
7632,49.900001525878906,-0.8399999737739563,2025-01-11,1.8799999579787254,False
7633,49.900001525878906,-0.824999988079071,2025-01-11,1.8099999595433474,False
7634,49.900001525878906,-0.8100000023841858,2025-01-11,1.8999999575316906,False
7635,49.900001525878906,-0.7950000166893005,2025-01-11,2.109999952837825,False
7636,49.900001525878906,-0.7799999713897705,2025-01-11,2.0399999544024467,False
7637,49.900001525878906,-0.7649999856948853,2025-01-11,1.8699999582022429,False
7638,49.900001525878906,-0.75,2025-01-11,1.8499999586492777,False
7639,49.900001525878906,-0.7350000143051147,2025-01-11,1.889999957755208,False
7640,49.900001525878906,-0.7200000286102295,2025-01-11,1.959999956190586,False
7641,49.900001525878906,-0.7049999833106995,2025-01-11,1.889999957755208,False
7642,49.900001525878906,-0.6899999976158142,2025-01-11,1.9299999568611383,False
7643,49.900001525878906,-0.675000011920929,2025-01-11,1.8799999579787254,False
7644,49.900001525878906,-0.6600000262260437,2025-01-11,1.9799999557435513,False
7645,49.900001525878906,-0.6449999809265137,2025-01-11,2.0999999530613422,False
7646,49.900001525878906,-0.6299999952316284,2025-01-11,2.12999995239079,False
7647,49.900001525878906,-0.6150000095367432,2025-01-11,2.179999951273203,False
7648,49.900001525878906,-0.6000000238418579,2025-01-11,2.2099999506026506,False
7649,49.900001525878906,-0.5849999785423279,2025-01-11,2.319999948143959,False
7650,49.900001525878906,-0.5699999928474426,2025-01-11,2.2199999503791332,False
7651,49.900001525878906,-0.5550000071525574,2025-01-11,1.9899999555200338,False
7652,49.900001525878906,-0.5400000214576721,2025-01-11,2.0699999537318945,False
7653,49.900001525878906,-0.5249999761581421,2025-01-11,2.009999955072999,False
7654,49.900001525878906,-0.5099999904632568,2025-01-11,2.059999953955412,False
7655,49.900001525878906,-0.4950000047683716,2025-01-11,2.0999999530613422,False
7656,49.900001525878906,-0.47999998927116394,2025-01-11,2.1599999517202377,False
7657,49.900001525878906,-0.4650000035762787,2025-01-11,2.2399999499320984,False
7658,49.900001525878906,-0.44999998807907104,2025-01-11,2.319999948143959,False
7659,49.900001525878906,-0.4350000023841858,2025-01-11,2.1599999517202377,False
7660,49.900001525878906,-0.41999998688697815,2025-01-11,2.2599999494850636,False
7661,49.900001525878906,-0.4050000011920929,2025-01-11,2.1399999521672726,False
7662,49.900001525878906,-0.38999998569488525,2025-01-11,2.0499999541789293,False
7663,49.900001525878906,-0.375,2025-01-11,2.009999955072999,False
7664,49.900001525878906,-0.36000001430511475,2025-01-11,1.889999957755208,False
7665,49.900001525878906,-0.3449999988079071,2025-01-11,1.939999956637621,False
7666,49.900001525878906,-0.33000001311302185,2025-01-11,2.1899999510496855,False
7667,49.900001525878906,-0.3149999976158142,2025-01-11,2.079999953508377,False
7668,49.900001525878906,-0.30000001192092896,2025-01-11,1.9099999573081732,False
7669,49.900001525878906,-0.2849999964237213,2025-01-11,1.6899999622255564,False
7670,49.900001525878906,-0.27000001072883606,2025-01-11,1.6599999628961086,False
7671,49.900001525878906,-0.2549999952316284,2025-01-11,1.7599999606609344,False
7672,49.900001525878906,-0.23999999463558197,2025-01-11,1.8599999584257603,False
7673,49.900001525878906,-0.22499999403953552,2025-01-11,2.0499999541789293,False
7674,49.900001525878906,-0.20999999344348907,2025-01-11,2.0499999541789293,False
7675,49.900001525878906,-0.19499999284744263,2025-01-11,2.109999952837825,False
7676,49.900001525878906,-0.18000000715255737,2025-01-11,2.3099999483674765,False
7677,49.900001525878906,-0.16500000655651093,2025-01-11,2.509999943897128,False
7678,49.900001525878906,-0.15000000596046448,2025-01-11,2.079999953508377,False
7679,49.900001525878906,-0.13500000536441803,2025-01-11,1.9299999568611383,False
7680,49.900001525878906,-0.11999999731779099,2025-01-11,1.9699999559670687,False
7681,49.900001525878906,-0.10499999672174454,2025-01-11,1.4899999666959047,False
7682,49.900001525878906,-0.09000000357627869,2025-01-11,1.8999999575316906,False
7683,49.900001525878906,-0.07500000298023224,2025-01-11,2.389999946579337,False
7684,49.900001525878906,-0.05999999865889549,2025-01-11,2.3599999472498894,False
7685,49.900001525878906,-0.04500000178813934,2025-01-11,1.889999957755208,False
7686,49.900001525878906,-0.029999999329447746,2025-01-11,0.9599999785423279,False
7687,49.900001525878906,-0.014999999664723873,2025-01-11,1.9499999564141035,False
7688,49.900001525878906,0.0,2025-01-11,3.209999928250909,False
7689,49.900001525878906,0.014999999664723873,2025-01-11,3.659999918192625,False
7690,49.900001525878906,0.029999999329447746,2025-01-11,3.7899999152868986,False
7691,49.900001525878906,0.04500000178813934,2025-01-11,3.8699999134987593,False
7692,49.900001525878906,0.05999999865889549,2025-01-11,3.8199999146163464,False
7693,49.900001525878906,0.07500000298023224,2025-01-11,3.8099999148398638,False
7694,49.900001525878906,0.09000000357627869,2025-01-11,3.5999999195337296,False
7695,49.900001525878906,0.10499999672174454,2025-01-11,3.179999928921461,False
7696,49.900001525878906,0.11999999731779099,2025-01-11,3.0699999313801527,False
7697,49.900001525878906,0.13500000536441803,2025-01-11,3.3899999242275953,False
7698,49.900001525878906,0.15000000596046448,2025-01-11,3.709999917075038,False
7699,49.900001525878906,0.16500000655651093,2025-01-11,3.8099999148398638,False
7700,49.900001525878906,0.18000000715255737,2025-01-11,3.9299999121576548,False
7701,49.900001525878906,0.19499999284744263,2025-01-11,3.9599999114871025,False
7702,49.900001525878906,0.20999999344348907,2025-01-11,3.9899999108165503,False
7703,49.900001525878906,0.22499999403953552,2025-01-11,3.779999915510416,False
7704,49.900001525878906,0.23999999463558197,2025-01-11,3.519999921321869,False
7705,49.900001525878906,0.2549999952316284,2025-01-11,3.299999926239252,False
7706,49.900001525878906,0.27000001072883606,2025-01-11,3.039999932050705,False
7707,49.900001525878906,0.2849999964237213,2025-01-11,3.009999932721257,False
7708,49.900001525878906,0.30000001192092896,2025-01-11,3.05999993160367,False
7709,49.900001525878906,0.3149999976158142,2025-01-11,2.9799999333918095,False
7710,49.900001525878906,0.33000001311302185,2025-01-11,3.129999930039048,False
7711,49.900001525878906,0.3449999988079071,2025-01-11,2.849999936297536,False
7712,49.900001525878906,0.36000001430511475,2025-01-11,2.3999999463558197,False
7713,49.900001525878906,0.375,2025-01-11,2.349999947473407,False
7714,49.900001525878906,0.38999998569488525,2025-01-11,2.43999994546175,False
7715,49.900001525878906,0.4050000011920929,2025-01-11,2.539999943226576,False
7716,49.900001525878906,0.41999998688697815,2025-01-11,2.799999937415123,False
7717,49.900001525878906,0.4350000023841858,2025-01-11,3.0499999318271875,False
7718,49.900001525878906,0.44999998807907104,2025-01-11,3.129999930039048,False
7719,49.900001525878906,0.4650000035762787,2025-01-11,3.1899999286979437,False
7720,49.900001525878906,0.47999998927116394,2025-01-11,3.419999923557043,False
7721,49.900001525878906,0.4950000047683716,2025-01-11,3.6699999179691076,False
7722,49.90999984741211,-1.2450000047683716,2025-01-11,2.4099999461323023,False
7723,49.90999984741211,-1.2300000190734863,2025-01-11,2.419999945908785,False
7724,49.90999984741211,-1.215000033378601,2025-01-11,2.8299999367445707,False
7725,49.90999984741211,-1.2000000476837158,2025-01-11,3.109999930486083,False
7726,49.90999984741211,-1.184999942779541,2025-01-11,3.2199999280273914,False
7727,49.90999984741211,-1.1699999570846558,2025-01-11,3.1899999286979437,False
7728,49.90999984741211,-1.1549999713897705,2025-01-11,2.9999999329447746,False
7729,49.90999984741211,-1.1399999856948853,2025-01-11,2.659999940544367,False
7730,49.90999984741211,-1.125,2025-01-11,2.7099999394267797,False
7731,49.90999984741211,-1.1100000143051147,2025-01-11,2.5699999425560236,False
7732,49.90999984741211,-1.0950000286102295,2025-01-11,2.5699999425560236,False
7733,49.90999984741211,-1.0800000429153442,2025-01-11,2.389999946579337,False
7734,49.90999984741211,-1.065000057220459,2025-01-11,2.43999994546175,False
7735,49.90999984741211,-1.0499999523162842,2025-01-11,2.7099999394267797,False
7736,49.90999984741211,-1.034999966621399,2025-01-11,2.899999935179949,False
7737,49.90999984741211,-1.0199999809265137,2025-01-11,2.8099999371916056,False
7738,49.90999984741211,-1.0049999952316284,2025-01-11,2.8899999354034662,False
7739,49.90999984741211,-0.9900000095367432,2025-01-11,2.939999934285879,False
7740,49.90999984741211,-0.9750000238418579,2025-01-11,2.9499999340623617,False
7741,49.90999984741211,-0.9599999785423279,2025-01-11,3.0999999307096004,False
7742,49.90999984741211,-0.9449999928474426,2025-01-11,3.01999993249774,False
7743,49.90999984741211,-0.9300000071525574,2025-01-11,2.7899999376386404,False
7744,49.90999984741211,-0.9150000214576721,2025-01-11,2.7099999394267797,False
7745,49.90999984741211,-0.8999999761581421,2025-01-11,2.629999941214919,False
7746,49.90999984741211,-0.8849999904632568,2025-01-11,2.2899999488145113,False
7747,49.90999984741211,-0.8700000047683716,2025-01-11,1.9799999557435513,False
7748,49.90999984741211,-0.8550000190734863,2025-01-11,1.6799999624490738,False
7749,49.90999984741211,-0.8399999737739563,2025-01-11,1.579999964684248,False
7750,49.90999984741211,-0.824999988079071,2025-01-11,1.5399999655783176,False
7751,49.90999984741211,-0.8100000023841858,2025-01-11,1.7899999599903822,False
7752,49.90999984741211,-0.7950000166893005,2025-01-11,1.8999999575316906,False
7753,49.90999984741211,-0.7799999713897705,2025-01-11,2.149999951943755,False
7754,49.90999984741211,-0.7649999856948853,2025-01-11,2.1599999517202377,False
7755,49.90999984741211,-0.75,2025-01-11,2.0899999532848597,False
7756,49.90999984741211,-0.7350000143051147,2025-01-11,1.9999999552965164,False
7757,49.90999984741211,-0.7200000286102295,2025-01-11,2.1899999510496855,False
7758,49.90999984741211,-0.7049999833106995,2025-01-11,1.9799999557435513,False
7759,49.90999984741211,-0.6899999976158142,2025-01-11,1.9999999552965164,False
7760,49.90999984741211,-0.675000011920929,2025-01-11,1.8799999579787254,False
7761,49.90999984741211,-0.6600000262260437,2025-01-11,2.029999954625964,False
7762,49.90999984741211,-0.6449999809265137,2025-01-11,2.0399999544024467,False
7763,49.90999984741211,-0.6299999952316284,2025-01-11,2.12999995239079,False
7764,49.90999984741211,-0.6150000095367432,2025-01-11,2.2799999490380287,False
7765,49.90999984741211,-0.6000000238418579,2025-01-11,2.149999951943755,False
7766,49.90999984741211,-0.5849999785423279,2025-01-11,2.1899999510496855,False
7767,49.90999984741211,-0.5699999928474426,2025-01-11,2.149999951943755,False
7768,49.90999984741211,-0.5550000071525574,2025-01-11,1.8599999584257603,False
7769,49.90999984741211,-0.5400000214576721,2025-01-11,1.769999960437417,False
7770,49.90999984741211,-0.5249999761581421,2025-01-11,1.7299999613314867,False
7771,49.90999984741211,-0.5099999904632568,2025-01-11,2.009999955072999,False
7772,49.90999984741211,-0.4950000047683716,2025-01-11,2.0899999532848597,False
7773,49.90999984741211,-0.47999998927116394,2025-01-11,2.12999995239079,False
7774,49.90999984741211,-0.4650000035762787,2025-01-11,2.2399999499320984,False
7775,49.90999984741211,-0.44999998807907104,2025-01-11,2.109999952837825,False
7776,49.90999984741211,-0.4350000023841858,2025-01-11,2.149999951943755,False
7777,49.90999984741211,-0.41999998688697815,2025-01-11,2.2399999499320984,False
7778,49.90999984741211,-0.4050000011920929,2025-01-11,2.0899999532848597,False
7779,49.90999984741211,-0.38999998569488525,2025-01-11,2.029999954625964,False
7780,49.90999984741211,-0.375,2025-01-11,1.8699999582022429,False
7781,49.90999984741211,-0.36000001430511475,2025-01-11,1.8499999586492777,False
7782,49.90999984741211,-0.3449999988079071,2025-01-11,1.939999956637621,False
7783,49.90999984741211,-0.33000001311302185,2025-01-11,2.029999954625964,False
7784,49.90999984741211,-0.3149999976158142,2025-01-11,1.9899999555200338,False
7785,49.90999984741211,-0.30000001192092896,2025-01-11,1.7799999602138996,False
7786,49.90999984741211,-0.2849999964237213,2025-01-11,1.6599999628961086,False
7787,49.90999984741211,-0.27000001072883606,2025-01-11,1.9699999559670687,False
7788,49.90999984741211,-0.2549999952316284,2025-01-11,1.8499999586492777,False
7789,49.90999984741211,-0.23999999463558197,2025-01-11,1.8299999590963125,False
7790,49.90999984741211,-0.22499999403953552,2025-01-11,1.8099999595433474,False
7791,49.90999984741211,-0.20999999344348907,2025-01-11,1.8699999582022429,False
7792,49.90999984741211,-0.19499999284744263,2025-01-11,1.9899999555200338,False
7793,49.90999984741211,-0.18000000715255737,2025-01-11,2.1199999526143074,False
7794,49.90999984741211,-0.16500000655651093,2025-01-11,2.349999947473407,False
7795,49.90999984741211,-0.15000000596046448,2025-01-11,1.8499999586492777,False
7796,49.90999984741211,-0.13500000536441803,2025-01-11,1.7499999608844519,False
7797,49.90999984741211,-0.11999999731779099,2025-01-11,1.4499999675899744,False
7798,49.90999984741211,-0.10499999672174454,2025-01-11,1.0599999763071537,False
7799,49.90999984741211,-0.09000000357627869,2025-01-11,1.389999968931079,False
7800,49.90999984741211,-0.07500000298023224,2025-01-11,1.7599999606609344,False
7801,49.90999984741211,-0.05999999865889549,2025-01-11,2.12999995239079,False
7802,49.90999984741211,-0.04500000178813934,2025-01-11,1.9799999557435513,False
7803,49.90999984741211,-0.029999999329447746,2025-01-11,1.7899999599903822,False
7804,49.90999984741211,-0.014999999664723873,2025-01-11,2.0899999532848597,False
7805,49.90999984741211,0.0,2025-01-11,3.419999923557043,False
7806,49.90999984741211,0.014999999664723873,2025-01-11,3.689999917522073,False
7807,49.90999984741211,0.029999999329447746,2025-01-11,3.7899999152868986,False
7808,49.90999984741211,0.04500000178813934,2025-01-11,3.7499999161809683,False
7809,49.90999984741211,0.05999999865889549,2025-01-11,3.729999916628003,False
7810,49.90999984741211,0.07500000298023224,2025-01-11,3.879999913275242,False
7811,49.90999984741211,0.09000000357627869,2025-01-11,3.5999999195337296,False
7812,49.90999984741211,0.10499999672174454,2025-01-11,3.299999926239252,False
7813,49.90999984741211,0.11999999731779099,2025-01-11,3.489999921992421,False
7814,49.90999984741211,0.13500000536441803,2025-01-11,3.67999991774559,False
7815,49.90999984741211,0.15000000596046448,2025-01-11,3.569999920204282,False
7816,49.90999984741211,0.16500000655651093,2025-01-11,3.759999915957451,False
7817,49.90999984741211,0.18000000715255737,2025-01-11,3.899999912828207,False
7818,49.90999984741211,0.19499999284744263,2025-01-11,4.039999909698963,False
7819,49.90999984741211,0.20999999344348907,2025-01-11,4.0799999088048935,False
7820,49.90999984741211,0.22499999403953552,2025-01-11,3.7499999161809683,False
7821,49.90999984741211,0.23999999463558197,2025-01-11,3.5999999195337296,False
7822,49.90999984741211,0.2549999952316284,2025-01-11,3.3599999248981476,False
7823,49.90999984741211,0.27000001072883606,2025-01-11,3.0299999322742224,False
7824,49.90999984741211,0.2849999964237213,2025-01-11,2.8799999356269836,False
7825,49.90999984741211,0.30000001192092896,2025-01-11,2.8599999360740185,False
7826,49.90999984741211,0.3149999976158142,2025-01-11,2.9799999333918095,False
7827,49.90999984741211,0.33000001311302185,2025-01-11,3.009999932721257,False
7828,49.90999984741211,0.3449999988079071,2025-01-11,2.8299999367445707,False
7829,49.90999984741211,0.36000001430511475,2025-01-11,2.579999942332506,False
7830,49.90999984741211,0.375,2025-01-11,2.339999947696924,False
7831,49.90999984741211,0.38999998569488525,2025-01-11,2.1899999510496855,False
7832,49.90999984741211,0.4050000011920929,2025-01-11,2.559999942779541,False
7833,49.90999984741211,0.41999998688697815,2025-01-11,2.6699999403208494,False
7834,49.90999984741211,0.4350000023841858,2025-01-11,2.8399999365210533,False
7835,49.90999984741211,0.44999998807907104,2025-01-11,2.969999933615327,False
7836,49.90999984741211,0.4650000035762787,2025-01-11,2.8599999360740185,False
7837,49.90999984741211,0.47999998927116394,2025-01-11,3.009999932721257,False
7838,49.90999984741211,0.4950000047683716,2025-01-11,2.9099999349564314,False
7839,49.91999816894531,-1.2450000047683716,2025-01-11,2.0899999532848597,False
7840,49.91999816894531,-1.2300000190734863,2025-01-11,2.509999943897128,False
7841,49.91999816894531,-1.215000033378601,2025-01-11,2.8299999367445707,False
7842,49.91999816894531,-1.2000000476837158,2025-01-11,3.0799999311566353,False
7843,49.91999816894531,-1.184999942779541,2025-01-11,3.36999992467463,False
7844,49.91999816894531,-1.1699999570846558,2025-01-11,3.449999922886491,False
7845,49.91999816894531,-1.1549999713897705,2025-01-11,3.05999993160367,False
7846,49.91999816894531,-1.1399999856948853,2025-01-11,2.7599999383091927,False
7847,49.91999816894531,-1.125,2025-01-11,2.6499999407678843,False
7848,49.91999816894531,-1.1100000143051147,2025-01-11,2.3299999479204416,False
7849,49.91999816894531,-1.0950000286102295,2025-01-11,2.299999948590994,False
7850,49.91999816894531,-1.0800000429153442,2025-01-11,2.249999949708581,False
7851,49.91999816894531,-1.065000057220459,2025-01-11,2.369999947026372,False
7852,49.91999816894531,-1.0499999523162842,2025-01-11,2.43999994546175,False
7853,49.91999816894531,-1.034999966621399,2025-01-11,2.629999941214919,False
7854,49.91999816894531,-1.0199999809265137,2025-01-11,2.609999941661954,False
7855,49.91999816894531,-1.0049999952316284,2025-01-11,2.9599999338388443,False
7856,49.91999816894531,-0.9900000095367432,2025-01-11,2.939999934285879,False
7857,49.91999816894531,-0.9750000238418579,2025-01-11,3.009999932721257,False
7858,49.91999816894531,-0.9599999785423279,2025-01-11,2.849999936297536,False
7859,49.91999816894531,-0.9449999928474426,2025-01-11,2.6699999403208494,False
7860,49.91999816894531,-0.9300000071525574,2025-01-11,2.559999942779541,False
7861,49.91999816894531,-0.9150000214576721,2025-01-11,2.5199999436736107,False
7862,49.91999816894531,-0.8999999761581421,2025-01-11,2.2099999506026506,False
7863,49.91999816894531,-0.8849999904632568,2025-01-11,1.9899999555200338,False
7864,49.91999816894531,-0.8700000047683716,2025-01-11,1.7499999608844519,False
7865,49.91999816894531,-0.8550000190734863,2025-01-11,1.7999999597668648,False
7866,49.91999816894531,-0.8399999737739563,2025-01-11,1.6099999640136957,False
7867,49.91999816894531,-0.824999988079071,2025-01-11,1.4699999671429396,False
7868,49.91999816894531,-0.8100000023841858,2025-01-11,1.7099999617785215,False
7869,49.91999816894531,-0.7950000166893005,2025-01-11,1.9499999564141035,False
7870,49.91999816894531,-0.7799999713897705,2025-01-11,1.959999956190586,False
7871,49.91999816894531,-0.7649999856948853,2025-01-11,2.029999954625964,False
7872,49.91999816894531,-0.75,2025-01-11,2.109999952837825,False
7873,49.91999816894531,-0.7350000143051147,2025-01-11,2.079999953508377,False
7874,49.91999816894531,-0.7200000286102295,2025-01-11,1.9699999559670687,False
7875,49.91999816894531,-0.7049999833106995,2025-01-11,2.0499999541789293,False
7876,49.91999816894531,-0.6899999976158142,2025-01-11,1.9199999570846558,False
7877,49.91999816894531,-0.675000011920929,2025-01-11,2.0199999548494816,False
7878,49.91999816894531,-0.6600000262260437,2025-01-11,1.939999956637621,False
7879,49.91999816894531,-0.6449999809265137,2025-01-11,2.0199999548494816,False
7880,49.91999816894531,-0.6299999952316284,2025-01-11,2.0699999537318945,False
7881,49.91999816894531,-0.6150000095367432,2025-01-11,2.249999949708581,False
7882,49.91999816894531,-0.6000000238418579,2025-01-11,2.079999953508377,False
7883,49.91999816894531,-0.5849999785423279,2025-01-11,1.9999999552965164,False
7884,49.91999816894531,-0.5699999928474426,2025-01-11,1.8599999584257603,False
7885,49.91999816894531,-0.5550000071525574,2025-01-11,1.6699999626725912,False
7886,49.91999816894531,-0.5400000214576721,2025-01-11,1.5999999642372131,False
7887,49.91999816894531,-0.5249999761581421,2025-01-11,1.5399999655783176,False
7888,49.91999816894531,-0.5099999904632568,2025-01-11,1.8699999582022429,False
7889,49.91999816894531,-0.4950000047683716,2025-01-11,1.9799999557435513,False
7890,49.91999816894531,-0.47999998927116394,2025-01-11,2.0899999532848597,False
7891,49.91999816894531,-0.4650000035762787,2025-01-11,2.0899999532848597,False
7892,49.91999816894531,-0.44999998807907104,2025-01-11,2.0499999541789293,False
7893,49.91999816894531,-0.4350000023841858,2025-01-11,2.079999953508377,False
7894,49.91999816894531,-0.41999998688697815,2025-01-11,2.059999953955412,False
7895,49.91999816894531,-0.4050000011920929,2025-01-11,2.109999952837825,False
7896,49.91999816894531,-0.38999998569488525,2025-01-11,1.959999956190586,False
7897,49.91999816894531,-0.375,2025-01-11,1.9099999573081732,False
7898,49.91999816894531,-0.36000001430511475,2025-01-11,1.8499999586492777,False
7899,49.91999816894531,-0.3449999988079071,2025-01-11,1.7299999613314867,False
7900,49.91999816894531,-0.33000001311302185,2025-01-11,1.8299999590963125,False
7901,49.91999816894531,-0.3149999976158142,2025-01-11,1.699999962002039,False
7902,49.91999816894531,-0.30000001192092896,2025-01-11,1.769999960437417,False
7903,49.91999816894531,-0.2849999964237213,2025-01-11,1.769999960437417,False
7904,49.91999816894531,-0.27000001072883606,2025-01-11,1.769999960437417,False
7905,49.91999816894531,-0.2549999952316284,2025-01-11,1.889999957755208,False
7906,49.91999816894531,-0.23999999463558197,2025-01-11,1.959999956190586,False
7907,49.91999816894531,-0.22499999403953552,2025-01-11,1.9699999559670687,False
7908,49.91999816894531,-0.20999999344348907,2025-01-11,1.8799999579787254,False
7909,49.91999816894531,-0.19499999284744263,2025-01-11,1.9999999552965164,False
7910,49.91999816894531,-0.18000000715255737,2025-01-11,2.1199999526143074,False
7911,49.91999816894531,-0.16500000655651093,2025-01-11,1.939999956637621,False
7912,49.91999816894531,-0.15000000596046448,2025-01-11,1.6199999637901783,False
7913,49.91999816894531,-0.13500000536441803,2025-01-11,1.529999965801835,False
7914,49.91999816894531,-0.11999999731779099,2025-01-11,0.8499999810010195,False
7915,49.91999816894531,-0.10499999672174454,2025-01-11,0.9399999789893627,False
7916,49.91999816894531,-0.09000000357627869,2025-01-11,0.9199999794363976,False
7917,49.91999816894531,-0.07500000298023224,2025-01-11,1.3599999696016312,False
7918,49.91999816894531,-0.05999999865889549,2025-01-11,1.8599999584257603,False
7919,49.91999816894531,-0.04500000178813934,2025-01-11,2.299999948590994,False
7920,49.91999816894531,-0.029999999329447746,2025-01-11,2.319999948143959,False
7921,49.91999816894531,-0.014999999664723873,2025-01-11,3.05999993160367,False
7922,49.91999816894531,0.0,2025-01-11,3.5099999215453863,False
7923,49.91999816894531,0.014999999664723873,2025-01-11,3.6299999188631773,False
7924,49.91999816894531,0.029999999329447746,2025-01-11,3.7499999161809683,False
7925,49.91999816894531,0.04500000178813934,2025-01-11,3.659999918192625,False
7926,49.91999816894531,0.05999999865889549,2025-01-11,3.729999916628003,False
7927,49.91999816894531,0.07500000298023224,2025-01-11,3.779999915510416,False
7928,49.91999816894531,0.09000000357627869,2025-01-11,3.7199999168515205,False
7929,49.91999816894531,0.10499999672174454,2025-01-11,3.709999917075038,False
7930,49.91999816894531,0.11999999731779099,2025-01-11,3.7699999157339334,False
7931,49.91999816894531,0.13500000536441803,2025-01-11,3.7199999168515205,False
7932,49.91999816894531,0.15000000596046448,2025-01-11,3.7899999152868986,False
7933,49.91999816894531,0.16500000655651093,2025-01-11,3.8599999137222767,False
7934,49.91999816894531,0.18000000715255737,2025-01-11,3.8399999141693115,False
7935,49.91999816894531,0.19499999284744263,2025-01-11,3.9299999121576548,False
7936,49.91999816894531,0.20999999344348907,2025-01-11,4.049999909475446,False
7937,49.91999816894531,0.22499999403953552,2025-01-11,3.919999912381172,False
7938,49.91999816894531,0.23999999463558197,2025-01-11,3.7899999152868986,False
7939,49.91999816894531,0.2549999952316284,2025-01-11,3.5099999215453863,False
7940,49.91999816894531,0.27000001072883606,2025-01-11,3.3099999260157347,False
7941,49.91999816894531,0.2849999964237213,2025-01-11,2.849999936297536,False
7942,49.91999816894531,0.30000001192092896,2025-01-11,2.9299999345093966,False
7943,49.91999816894531,0.3149999976158142,2025-01-11,2.989999933168292,False
7944,49.91999816894531,0.33000001311302185,2025-01-11,2.8899999354034662,False
7945,49.91999816894531,0.3449999988079071,2025-01-11,2.369999947026372,False
7946,49.91999816894531,0.36000001430511475,2025-01-11,2.0699999537318945,False
7947,49.91999816894531,0.375,2025-01-11,1.8099999595433474,False
7948,49.91999816894531,0.38999998569488525,2025-01-11,1.8799999579787254,False
7949,49.91999816894531,0.4050000011920929,2025-01-11,2.4999999441206455,False
7950,49.91999816894531,0.41999998688697815,2025-01-11,2.6199999414384365,False
7951,49.91999816894531,0.4350000023841858,2025-01-11,2.349999947473407,False
7952,49.91999816894531,0.44999998807907104,2025-01-11,2.489999944344163,False
7953,49.91999816894531,0.4650000035762787,2025-01-11,2.249999949708581,False
7954,49.91999816894531,0.47999998927116394,2025-01-11,1.9299999568611383,False
7955,49.91999816894531,0.4950000047683716,2025-01-11,1.8799999579787254,False
7956,49.93000030517578,-1.2450000047683716,2025-01-11,2.1599999517202377,False
7957,49.93000030517578,-1.2300000190734863,2025-01-11,2.369999947026372,False
7958,49.93000030517578,-1.215000033378601,2025-01-11,2.609999941661954,False
7959,49.93000030517578,-1.2000000476837158,2025-01-11,2.819999936968088,False
7960,49.93000030517578,-1.184999942779541,2025-01-11,3.5099999215453863,False
7961,49.93000030517578,-1.1699999570846558,2025-01-11,3.249999927356839,False
7962,49.93000030517578,-1.1549999713897705,2025-01-11,3.05999993160367,False
7963,49.93000030517578,-1.1399999856948853,2025-01-11,2.4299999456852674,False
7964,49.93000030517578,-1.125,2025-01-11,2.269999949261546,False
7965,49.93000030517578,-1.1100000143051147,2025-01-11,2.0999999530613422,False
7966,49.93000030517578,-1.0950000286102295,2025-01-11,2.2599999494850636,False
7967,49.93000030517578,-1.0800000429153442,2025-01-11,2.3299999479204416,False
7968,49.93000030517578,-1.065000057220459,2025-01-11,2.2899999488145113,False
7969,49.93000030517578,-1.0499999523162842,2025-01-11,2.389999946579337,False
7970,49.93000030517578,-1.034999966621399,2025-01-11,2.9299999345093966,False
7971,49.93000030517578,-1.0199999809265137,2025-01-11,2.819999936968088,False
7972,49.93000030517578,-1.0049999952316284,2025-01-11,2.74999993853271,False
7973,49.93000030517578,-0.9900000095367432,2025-01-11,2.7199999392032623,False
7974,49.93000030517578,-0.9750000238418579,2025-01-11,2.9599999338388443,False
7975,49.93000030517578,-0.9599999785423279,2025-01-11,2.989999933168292,False
7976,49.93000030517578,-0.9449999928474426,2025-01-11,2.5199999436736107,False
7977,49.93000030517578,-0.9300000071525574,2025-01-11,2.4499999452382326,False
7978,49.93000030517578,-0.9150000214576721,2025-01-11,2.4299999456852674,False
7979,49.93000030517578,-0.8999999761581421,2025-01-11,2.339999947696924,False
7980,49.93000030517578,-0.8849999904632568,2025-01-11,2.0999999530613422,False
7981,49.93000030517578,-0.8700000047683716,2025-01-11,1.8699999582022429,False
7982,49.93000030517578,-0.8550000190734863,2025-01-11,1.939999956637621,False
7983,49.93000030517578,-0.8399999737739563,2025-01-11,1.5999999642372131,False
7984,49.93000030517578,-0.824999988079071,2025-01-11,1.4699999671429396,False
7985,49.93000030517578,-0.8100000023841858,2025-01-11,1.8499999586492777,False
7986,49.93000030517578,-0.7950000166893005,2025-01-11,1.8999999575316906,False
7987,49.93000030517578,-0.7799999713897705,2025-01-11,1.9199999570846558,False
7988,49.93000030517578,-0.7649999856948853,2025-01-11,2.109999952837825,False
7989,49.93000030517578,-0.75,2025-01-11,2.179999951273203,False
7990,49.93000030517578,-0.7350000143051147,2025-01-11,2.179999951273203,False
7991,49.93000030517578,-0.7200000286102295,2025-01-11,2.0399999544024467,False
7992,49.93000030517578,-0.7049999833106995,2025-01-11,2.0199999548494816,False
7993,49.93000030517578,-0.6899999976158142,2025-01-11,1.9999999552965164,False
7994,49.93000030517578,-0.675000011920929,2025-01-11,1.939999956637621,False
7995,49.93000030517578,-0.6600000262260437,2025-01-11,2.009999955072999,False
7996,49.93000030517578,-0.6449999809265137,2025-01-11,2.0899999532848597,False
7997,49.93000030517578,-0.6299999952316284,2025-01-11,1.9999999552965164,False
7998,49.93000030517578,-0.6150000095367432,2025-01-11,2.009999955072999,False
7999,49.93000030517578,-0.6000000238418579,2025-01-11,1.9499999564141035,False
8000,49.93000030517578,-0.5849999785423279,2025-01-11,1.839999958872795,False
8001,49.93000030517578,-0.5699999928474426,2025-01-11,1.5399999655783176,False
8002,49.93000030517578,-0.5550000071525574,2025-01-11,1.2799999713897705,False
8003,49.93000030517578,-0.5400000214576721,2025-01-11,1.1999999731779099,False
8004,49.93000030517578,-0.5249999761581421,2025-01-11,1.3599999696016312,False
8005,49.93000030517578,-0.5099999904632568,2025-01-11,1.6699999626725912,False
8006,49.93000030517578,-0.4950000047683716,2025-01-11,2.029999954625964,False
8007,49.93000030517578,-0.47999998927116394,2025-01-11,2.079999953508377,False
8008,49.93000030517578,-0.4650000035762787,2025-01-11,2.0499999541789293,False
8009,49.93000030517578,-0.44999998807907104,2025-01-11,2.079999953508377,False
8010,49.93000030517578,-0.4350000023841858,2025-01-11,2.0199999548494816,False
8011,49.93000030517578,-0.41999998688697815,2025-01-11,1.8999999575316906,False
8012,49.93000030517578,-0.4050000011920929,2025-01-11,1.7799999602138996,False
8013,49.93000030517578,-0.38999998569488525,2025-01-11,1.6599999628961086,False
8014,49.93000030517578,-0.375,2025-01-11,1.6099999640136957,False
8015,49.93000030517578,-0.36000001430511475,2025-01-11,1.5199999660253525,False
8016,49.93000030517578,-0.3449999988079071,2025-01-11,1.4699999671429396,False
8017,49.93000030517578,-0.33000001311302185,2025-01-11,1.5899999644607306,False
8018,49.93000030517578,-0.3149999976158142,2025-01-11,1.6699999626725912,False
8019,49.93000030517578,-0.30000001192092896,2025-01-11,1.7799999602138996,False
8020,49.93000030517578,-0.2849999964237213,2025-01-11,1.839999958872795,False
8021,49.93000030517578,-0.27000001072883606,2025-01-11,1.8299999590963125,False
8022,49.93000030517578,-0.2549999952316284,2025-01-11,1.8699999582022429,False
8023,49.93000030517578,-0.23999999463558197,2025-01-11,1.9199999570846558,False
8024,49.93000030517578,-0.22499999403953552,2025-01-11,1.9799999557435513,False
8025,49.93000030517578,-0.20999999344348907,2025-01-11,1.9899999555200338,False
8026,49.93000030517578,-0.19499999284744263,2025-01-11,2.0399999544024467,False
8027,49.93000030517578,-0.18000000715255737,2025-01-11,2.1899999510496855,False
8028,49.93000030517578,-0.16500000655651093,2025-01-11,1.5999999642372131,False
8029,49.93000030517578,-0.15000000596046448,2025-01-11,1.3699999693781137,False
8030,49.93000030517578,-0.13500000536441803,2025-01-11,1.2099999729543924,False
8031,49.93000030517578,-0.11999999731779099,2025-01-11,0.9499999787658453,False
8032,49.93000030517578,-0.10499999672174454,2025-01-11,0.7799999825656414,False
8033,49.93000030517578,-0.09000000357627869,2025-01-11,0.8699999805539846,False
8034,49.93000030517578,-0.07500000298023224,2025-01-11,1.0599999763071537,False
8035,49.93000030517578,-0.05999999865889549,2025-01-11,1.769999960437417,False
8036,49.93000030517578,-0.04500000178813934,2025-01-11,2.1399999521672726,False
8037,49.93000030517578,-0.029999999329447746,2025-01-11,2.8599999360740185,False
8038,49.93000030517578,-0.014999999664723873,2025-01-11,3.1699999291449785,False
8039,49.93000030517578,0.0,2025-01-11,3.469999922439456,False
8040,49.93000030517578,0.014999999664723873,2025-01-11,3.659999918192625,False
8041,49.93000030517578,0.029999999329447746,2025-01-11,3.7199999168515205,False
8042,49.93000030517578,0.04500000178813934,2025-01-11,3.7899999152868986,False
8043,49.93000030517578,0.05999999865889549,2025-01-11,3.63999991863966,False
8044,49.93000030517578,0.07500000298023224,2025-01-11,3.759999915957451,False
8045,49.93000030517578,0.09000000357627869,2025-01-11,3.969999911263585,False
8046,49.93000030517578,0.10499999672174454,2025-01-11,3.689999917522073,False
8047,49.93000030517578,0.11999999731779099,2025-01-11,3.6499999184161425,False
8048,49.93000030517578,0.13500000536441803,2025-01-11,3.689999917522073,False
8049,49.93000030517578,0.15000000596046448,2025-01-11,3.689999917522073,False
8050,49.93000030517578,0.16500000655651093,2025-01-11,3.6999999172985554,False
8051,49.93000030517578,0.18000000715255737,2025-01-11,3.849999913945794,False
8052,49.93000030517578,0.19499999284744263,2025-01-11,3.9599999114871025,False
8053,49.93000030517578,0.20999999344348907,2025-01-11,3.9299999121576548,False
8054,49.93000030517578,0.22499999403953552,2025-01-11,3.879999913275242,False
8055,49.93000030517578,0.23999999463558197,2025-01-11,3.7499999161809683,False
8056,49.93000030517578,0.2549999952316284,2025-01-11,3.5999999195337296,False
8057,49.93000030517578,0.27000001072883606,2025-01-11,3.3399999253451824,False
8058,49.93000030517578,0.2849999964237213,2025-01-11,3.0799999311566353,False
8059,49.93000030517578,0.30000001192092896,2025-01-11,2.9499999340623617,False
8060,49.93000030517578,0.3149999976158142,2025-01-11,2.8099999371916056,False
8061,49.93000030517578,0.33000001311302185,2025-01-11,2.5699999425560236,False
8062,49.93000030517578,0.3449999988079071,2025-01-11,1.9899999555200338,False
8063,49.93000030517578,0.36000001430511475,2025-01-11,1.8999999575316906,False
8064,49.93000030517578,0.375,2025-01-11,1.6099999640136957,False
8065,49.93000030517578,0.38999998569488525,2025-01-11,1.699999962002039,False
8066,49.93000030517578,0.4050000011920929,2025-01-11,1.81999995931983,False
8067,49.93000030517578,0.41999998688697815,2025-01-11,1.7199999615550041,False
8068,49.93000030517578,0.4350000023841858,2025-01-11,1.81999995931983,False
8069,49.93000030517578,0.44999998807907104,2025-01-11,1.7399999611079693,False
8070,49.93000030517578,0.4650000035762787,2025-01-11,1.6199999637901783,False
8071,49.93000030517578,0.47999998927116394,2025-01-11,0.9199999794363976,False
8072,49.93000030517578,0.4950000047683716,2025-01-11,0.909999979659915,False
8073,49.939998626708984,-1.2450000047683716,2025-01-11,2.059999953955412,False
8074,49.939998626708984,-1.2300000190734863,2025-01-11,2.299999948590994,False
8075,49.939998626708984,-1.215000033378601,2025-01-11,2.5899999421089888,False
8076,49.939998626708984,-1.2000000476837158,2025-01-11,3.1499999295920134,False
8077,49.939998626708984,-1.184999942779541,2025-01-11,3.179999928921461,False
8078,49.939998626708984,-1.1699999570846558,2025-01-11,3.2199999280273914,False
8079,49.939998626708984,-1.1549999713897705,2025-01-11,2.699999939650297,False
8080,49.939998626708984,-1.1399999856948853,2025-01-11,2.3299999479204416,False
8081,49.939998626708984,-1.125,2025-01-11,1.81999995931983,False
8082,49.939998626708984,-1.1100000143051147,2025-01-11,1.8999999575316906,False
8083,49.939998626708984,-1.0950000286102295,2025-01-11,2.3599999472498894,False
8084,49.939998626708984,-1.0800000429153442,2025-01-11,2.5299999434500933,False
8085,49.939998626708984,-1.065000057220459,2025-01-11,2.3299999479204416,False
8086,49.939998626708984,-1.0499999523162842,2025-01-11,2.3799999468028545,False
8087,49.939998626708984,-1.034999966621399,2025-01-11,2.5499999430030584,False
8088,49.939998626708984,-1.0199999809265137,2025-01-11,2.609999941661954,False
8089,49.939998626708984,-1.0049999952316284,2025-01-11,2.6499999407678843,False
8090,49.939998626708984,-0.9900000095367432,2025-01-11,2.799999937415123,False
8091,49.939998626708984,-0.9750000238418579,2025-01-11,2.819999936968088,False
8092,49.939998626708984,-0.9599999785423279,2025-01-11,2.6899999398738146,False
8093,49.939998626708984,-0.9449999928474426,2025-01-11,2.5699999425560236,False
8094,49.939998626708984,-0.9300000071525574,2025-01-11,2.459999945014715,False
8095,49.939998626708984,-0.9150000214576721,2025-01-11,2.0999999530613422,False
8096,49.939998626708984,-0.8999999761581421,2025-01-11,2.0699999537318945,False
8097,49.939998626708984,-0.8849999904632568,2025-01-11,1.9699999559670687,False
8098,49.939998626708984,-0.8700000047683716,2025-01-11,1.839999958872795,False
8099,49.939998626708984,-0.8550000190734863,2025-01-11,1.839999958872795,False
8100,49.939998626708984,-0.8399999737739563,2025-01-11,1.6299999635666609,False
8101,49.939998626708984,-0.824999988079071,2025-01-11,1.5899999644607306,False
8102,49.939998626708984,-0.8100000023841858,2025-01-11,1.7999999597668648,False
8103,49.939998626708984,-0.7950000166893005,2025-01-11,2.0199999548494816,False
8104,49.939998626708984,-0.7799999713897705,2025-01-11,1.9899999555200338,False
8105,49.939998626708984,-0.7649999856948853,2025-01-11,2.1199999526143074,False
8106,49.939998626708984,-0.75,2025-01-11,2.3799999468028545,False
8107,49.939998626708984,-0.7350000143051147,2025-01-11,2.2399999499320984,False
8108,49.939998626708984,-0.7200000286102295,2025-01-11,2.109999952837825,False
8109,49.939998626708984,-0.7049999833106995,2025-01-11,2.149999951943755,False
8110,49.939998626708984,-0.6899999976158142,2025-01-11,1.9799999557435513,False
8111,49.939998626708984,-0.675000011920929,2025-01-11,1.9499999564141035,False
8112,49.939998626708984,-0.6600000262260437,2025-01-11,1.9999999552965164,False
8113,49.939998626708984,-0.6449999809265137,2025-01-11,2.0199999548494816,False
8114,49.939998626708984,-0.6299999952316284,2025-01-11,1.9999999552965164,False
8115,49.939998626708984,-0.6150000095367432,2025-01-11,1.8599999584257603,False
8116,49.939998626708984,-0.6000000238418579,2025-01-11,1.769999960437417,False
8117,49.939998626708984,-0.5849999785423279,2025-01-11,1.579999964684248,False
8118,49.939998626708984,-0.5699999928474426,2025-01-11,1.0899999756366014,False
8119,49.939998626708984,-0.5550000071525574,2025-01-11,1.0499999765306711,False
8120,49.939998626708984,-0.5400000214576721,2025-01-11,1.0099999774247408,False
8121,49.939998626708984,-0.5249999761581421,2025-01-11,1.2299999725073576,False
8122,49.939998626708984,-0.5099999904632568,2025-01-11,1.4199999682605267,False
8123,49.939998626708984,-0.4950000047683716,2025-01-11,1.81999995931983,False
8124,49.939998626708984,-0.47999998927116394,2025-01-11,1.959999956190586,False
8125,49.939998626708984,-0.4650000035762787,2025-01-11,1.9799999557435513,False
8126,49.939998626708984,-0.44999998807907104,2025-01-11,2.0499999541789293,False
8127,49.939998626708984,-0.4350000023841858,2025-01-11,2.009999955072999,False
8128,49.939998626708984,-0.41999998688697815,2025-01-11,1.8499999586492777,False
8129,49.939998626708984,-0.4050000011920929,2025-01-11,1.6699999626725912,False
8130,49.939998626708984,-0.38999998569488525,2025-01-11,1.4299999680370092,False
8131,49.939998626708984,-0.375,2025-01-11,1.289999971166253,False
8132,49.939998626708984,-0.36000001430511475,2025-01-11,1.149999974295497,False
8133,49.939998626708984,-0.3449999988079071,2025-01-11,1.1299999747425318,False
8134,49.939998626708984,-0.33000001311302185,2025-01-11,1.289999971166253,False
8135,49.939998626708984,-0.3149999976158142,2025-01-11,1.5199999660253525,False
8136,49.939998626708984,-0.30000001192092896,2025-01-11,1.7999999597668648,False
8137,49.939998626708984,-0.2849999964237213,2025-01-11,1.81999995931983,False
8138,49.939998626708984,-0.27000001072883606,2025-01-11,1.9699999559670687,False
8139,49.939998626708984,-0.2549999952316284,2025-01-11,2.0399999544024467,False
8140,49.939998626708984,-0.23999999463558197,2025-01-11,2.059999953955412,False
8141,49.939998626708984,-0.22499999403953552,2025-01-11,2.0699999537318945,False
8142,49.939998626708984,-0.20999999344348907,2025-01-11,2.079999953508377,False
8143,49.939998626708984,-0.19499999284744263,2025-01-11,2.149999951943755,False
8144,49.939998626708984,-0.18000000715255737,2025-01-11,2.029999954625964,False
8145,49.939998626708984,-0.16500000655651093,2025-01-11,1.4699999671429396,False
8146,49.939998626708984,-0.15000000596046448,2025-01-11,1.2799999713897705,False
8147,49.939998626708984,-0.13500000536441803,2025-01-11,0.8999999798834324,False
8148,49.939998626708984,-0.11999999731779099,2025-01-11,0.7499999832361937,False
8149,49.939998626708984,-0.10499999672174454,2025-01-11,0.7799999825656414,False
8150,49.939998626708984,-0.09000000357627869,2025-01-11,0.8799999803304672,False
8151,49.939998626708984,-0.07500000298023224,2025-01-11,1.1899999734014273,False
8152,49.939998626708984,-0.05999999865889549,2025-01-11,1.9099999573081732,False
8153,49.939998626708984,-0.04500000178813934,2025-01-11,2.1199999526143074,False
8154,49.939998626708984,-0.029999999329447746,2025-01-11,3.1199999302625656,False
8155,49.939998626708984,-0.014999999664723873,2025-01-11,3.2899999264627695,False
8156,49.939998626708984,0.0,2025-01-11,3.5499999206513166,False
8157,49.939998626708984,0.014999999664723873,2025-01-11,3.609999919310212,False
8158,49.939998626708984,0.029999999329447746,2025-01-11,3.609999919310212,False
8159,49.939998626708984,0.04500000178813934,2025-01-11,3.7199999168515205,False
8160,49.939998626708984,0.05999999865889549,2025-01-11,3.6999999172985554,False
8161,49.939998626708984,0.07500000298023224,2025-01-11,3.6199999190866947,False
8162,49.939998626708984,0.09000000357627869,2025-01-11,3.659999918192625,False
8163,49.939998626708984,0.10499999672174454,2025-01-11,3.7499999161809683,False
8164,49.939998626708984,0.11999999731779099,2025-01-11,3.689999917522073,False
8165,49.939998626708984,0.13500000536441803,2025-01-11,3.5499999206513166,False
8166,49.939998626708984,0.15000000596046448,2025-01-11,3.5999999195337296,False
8167,49.939998626708984,0.16500000655651093,2025-01-11,3.659999918192625,False
8168,49.939998626708984,0.18000000715255737,2025-01-11,3.829999914392829,False
8169,49.939998626708984,0.19499999284744263,2025-01-11,3.729999916628003,False
8170,49.939998626708984,0.20999999344348907,2025-01-11,3.8199999146163464,False
8171,49.939998626708984,0.22499999403953552,2025-01-11,3.5299999210983515,False
8172,49.939998626708984,0.23999999463558197,2025-01-11,3.419999923557043,False
8173,49.939998626708984,0.2549999952316284,2025-01-11,3.3199999257922173,False
8174,49.939998626708984,0.27000001072883606,2025-01-11,3.2699999269098043,False
8175,49.939998626708984,0.2849999964237213,2025-01-11,3.179999928921461,False
8176,49.939998626708984,0.30000001192092896,2025-01-11,2.8299999367445707,False
8177,49.939998626708984,0.3149999976158142,2025-01-11,2.419999945908785,False
8178,49.939998626708984,0.33000001311302185,2025-01-11,2.1199999526143074,False
8179,49.939998626708984,0.3449999988079071,2025-01-11,1.8699999582022429,False
8180,49.939998626708984,0.36000001430511475,2025-01-11,1.5999999642372131,False
8181,49.939998626708984,0.375,2025-01-11,1.289999971166253,False
8182,49.939998626708984,0.38999998569488525,2025-01-11,1.409999968484044,False
8183,49.939998626708984,0.4050000011920929,2025-01-11,1.4199999682605267,False
8184,49.939998626708984,0.41999998688697815,2025-01-11,1.5399999655783176,False
8185,49.939998626708984,0.4350000023841858,2025-01-11,1.3999999687075615,False
8186,49.939998626708984,0.44999998807907104,2025-01-11,1.1799999736249447,False
8187,49.939998626708984,0.4650000035762787,2025-01-11,0.789999982342124,False
8188,49.939998626708984,0.47999998927116394,2025-01-11,0.4899999890476465,False
8189,49.939998626708984,0.4950000047683716,2025-01-11,0.36999999172985554,False
8190,49.95000076293945,-1.2450000047683716,2025-01-11,1.9299999568611383,False
8191,49.95000076293945,-1.2300000190734863,2025-01-11,2.1899999510496855,False
8192,49.95000076293945,-1.215000033378601,2025-01-11,2.419999945908785,False
8193,49.95000076293945,-1.2000000476837158,2025-01-11,2.74999993853271,False
8194,49.95000076293945,-1.184999942779541,2025-01-11,2.8599999360740185,False
8195,49.95000076293945,-1.1699999570846558,2025-01-11,2.6399999409914017,False
8196,49.95000076293945,-1.1549999713897705,2025-01-11,2.059999953955412,False
8197,49.95000076293945,-1.1399999856948853,2025-01-11,1.7999999597668648,False
8198,49.95000076293945,-1.125,2025-01-11,1.4999999664723873,False
8199,49.95000076293945,-1.1100000143051147,2025-01-11,1.7099999617785215,False
8200,49.95000076293945,-1.0950000286102295,2025-01-11,1.9899999555200338,False
8201,49.95000076293945,-1.0800000429153442,2025-01-11,2.249999949708581,False
8202,49.95000076293945,-1.065000057220459,2025-01-11,2.339999947696924,False
8203,49.95000076293945,-1.0499999523162842,2025-01-11,2.4099999461323023,False
8204,49.95000076293945,-1.034999966621399,2025-01-11,2.459999945014715,False
8205,49.95000076293945,-1.0199999809265137,2025-01-11,2.5499999430030584,False
8206,49.95000076293945,-1.0049999952316284,2025-01-11,2.5899999421089888,False
8207,49.95000076293945,-0.9900000095367432,2025-01-11,2.8299999367445707,False
8208,49.95000076293945,-0.9750000238418579,2025-01-11,2.8899999354034662,False
8209,49.95000076293945,-0.9599999785423279,2025-01-11,2.779999937862158,False
8210,49.95000076293945,-0.9449999928474426,2025-01-11,2.3999999463558197,False
8211,49.95000076293945,-0.9300000071525574,2025-01-11,2.3099999483674765,False
8212,49.95000076293945,-0.9150000214576721,2025-01-11,2.1199999526143074,False
8213,49.95000076293945,-0.8999999761581421,2025-01-11,1.7299999613314867,False
8214,49.95000076293945,-0.8849999904632568,2025-01-11,1.529999965801835,False
8215,49.95000076293945,-0.8700000047683716,2025-01-11,1.409999968484044,False
8216,49.95000076293945,-0.8550000190734863,2025-01-11,1.4699999671429396,False
8217,49.95000076293945,-0.8399999737739563,2025-01-11,1.4499999675899744,False
8218,49.95000076293945,-0.824999988079071,2025-01-11,1.3799999691545963,False
8219,49.95000076293945,-0.8100000023841858,2025-01-11,1.7799999602138996,False
8220,49.95000076293945,-0.7950000166893005,2025-01-11,1.8799999579787254,False
8221,49.95000076293945,-0.7799999713897705,2025-01-11,1.9899999555200338,False
8222,49.95000076293945,-0.7649999856948853,2025-01-11,2.109999952837825,False
8223,49.95000076293945,-0.75,2025-01-11,2.2199999503791332,False
8224,49.95000076293945,-0.7350000143051147,2025-01-11,2.299999948590994,False
8225,49.95000076293945,-0.7200000286102295,2025-01-11,2.369999947026372,False
8226,49.95000076293945,-0.7049999833106995,2025-01-11,2.3299999479204416,False
8227,49.95000076293945,-0.6899999976158142,2025-01-11,2.0199999548494816,False
8228,49.95000076293945,-0.675000011920929,2025-01-11,1.9999999552965164,False
8229,49.95000076293945,-0.6600000262260437,2025-01-11,1.9999999552965164,False
8230,49.95000076293945,-0.6449999809265137,2025-01-11,1.9799999557435513,False
8231,49.95000076293945,-0.6299999952316284,2025-01-11,2.009999955072999,False
8232,49.95000076293945,-0.6150000095367432,2025-01-11,1.8799999579787254,False
8233,49.95000076293945,-0.6000000238418579,2025-01-11,1.7099999617785215,False
8234,49.95000076293945,-0.5849999785423279,2025-01-11,1.4499999675899744,False
8235,49.95000076293945,-0.5699999928474426,2025-01-11,1.0099999774247408,False
8236,49.95000076293945,-0.5550000071525574,2025-01-11,0.8999999798834324,False
8237,49.95000076293945,-0.5400000214576721,2025-01-11,0.7799999825656414,False
8238,49.95000076293945,-0.5249999761581421,2025-01-11,1.1199999749660492,False
8239,49.95000076293945,-0.5099999904632568,2025-01-11,1.409999968484044,False
8240,49.95000076293945,-0.4950000047683716,2025-01-11,1.6799999624490738,False
8241,49.95000076293945,-0.47999998927116394,2025-01-11,1.839999958872795,False
8242,49.95000076293945,-0.4650000035762787,2025-01-11,1.8699999582022429,False
8243,49.95000076293945,-0.44999998807907104,2025-01-11,1.9499999564141035,False
8244,49.95000076293945,-0.4350000023841858,2025-01-11,1.889999957755208,False
8245,49.95000076293945,-0.41999998688697815,2025-01-11,1.5599999651312828,False
8246,49.95000076293945,-0.4050000011920929,2025-01-11,1.3699999693781137,False
8247,49.95000076293945,-0.38999998569488525,2025-01-11,1.1899999734014273,False
8248,49.95000076293945,-0.375,2025-01-11,0.7599999830126762,False
8249,49.95000076293945,-0.36000001430511475,2025-01-11,0.7399999834597111,False
8250,49.95000076293945,-0.3449999988079071,2025-01-11,0.8299999814480543,False
8251,49.95000076293945,-0.33000001311302185,2025-01-11,1.269999971613288,False
8252,49.95000076293945,-0.3149999976158142,2025-01-11,1.5899999644607306,False
8253,49.95000076293945,-0.30000001192092896,2025-01-11,1.7799999602138996,False
8254,49.95000076293945,-0.2849999964237213,2025-01-11,2.079999953508377,False
8255,49.95000076293945,-0.27000001072883606,2025-01-11,2.0699999537318945,False
8256,49.95000076293945,-0.2549999952316284,2025-01-11,2.1699999514967203,False
8257,49.95000076293945,-0.23999999463558197,2025-01-11,2.059999953955412,False
8258,49.95000076293945,-0.22499999403953552,2025-01-11,1.9099999573081732,False
8259,49.95000076293945,-0.20999999344348907,2025-01-11,1.9699999559670687,False
8260,49.95000076293945,-0.19499999284744263,2025-01-11,1.81999995931983,False
8261,49.95000076293945,-0.18000000715255737,2025-01-11,1.459999967366457,False
8262,49.95000076293945,-0.16500000655651093,2025-01-11,1.1299999747425318,False
8263,49.95000076293945,-0.15000000596046448,2025-01-11,0.9599999785423279,False
8264,49.95000076293945,-0.13500000536441803,2025-01-11,0.7599999830126762,False
8265,49.95000076293945,-0.11999999731779099,2025-01-11,0.8199999816715717,False
8266,49.95000076293945,-0.10499999672174454,2025-01-11,0.9899999778717756,False
8267,49.95000076293945,-0.09000000357627869,2025-01-11,0.9299999792128801,False
8268,49.95000076293945,-0.07500000298023224,2025-01-11,1.0199999772012234,False
8269,49.95000076293945,-0.05999999865889549,2025-01-11,1.4799999669194221,False
8270,49.95000076293945,-0.04500000178813934,2025-01-11,2.0499999541789293,False
8271,49.95000076293945,-0.029999999329447746,2025-01-11,2.6399999409914017,False
8272,49.95000076293945,-0.014999999664723873,2025-01-11,3.01999993249774,False
8273,49.95000076293945,0.0,2025-01-11,3.279999926686287,False
8274,49.95000076293945,0.014999999664723873,2025-01-11,3.5999999195337296,False
8275,49.95000076293945,0.029999999329447746,2025-01-11,3.63999991863966,False
8276,49.95000076293945,0.04500000178813934,2025-01-11,3.6699999179691076,False
8277,49.95000076293945,0.05999999865889549,2025-01-11,3.7199999168515205,False
8278,49.95000076293945,0.07500000298023224,2025-01-11,3.689999917522073,False
8279,49.95000076293945,0.09000000357627869,2025-01-11,3.569999920204282,False
8280,49.95000076293945,0.10499999672174454,2025-01-11,3.6499999184161425,False
8281,49.95000076293945,0.11999999731779099,2025-01-11,3.829999914392829,False
8282,49.95000076293945,0.13500000536441803,2025-01-11,3.689999917522073,False
8283,49.95000076293945,0.15000000596046448,2025-01-11,3.5499999206513166,False
8284,49.95000076293945,0.16500000655651093,2025-01-11,3.659999918192625,False
8285,49.95000076293945,0.18000000715255737,2025-01-11,3.36999992467463,False
8286,49.95000076293945,0.19499999284744263,2025-01-11,2.819999936968088,False
8287,49.95000076293945,0.20999999344348907,2025-01-11,2.4099999461323023,False
8288,49.95000076293945,0.22499999403953552,2025-01-11,2.339999947696924,False
8289,49.95000076293945,0.23999999463558197,2025-01-11,2.229999950155616,False
8290,49.95000076293945,0.2549999952316284,2025-01-11,2.579999942332506,False
8291,49.95000076293945,0.27000001072883606,2025-01-11,2.7399999387562275,False
8292,49.95000076293945,0.2849999964237213,2025-01-11,2.869999935850501,False
8293,49.95000076293945,0.30000001192092896,2025-01-11,2.8099999371916056,False
8294,49.95000076293945,0.3149999976158142,2025-01-11,2.2199999503791332,False
8295,49.95000076293945,0.33000001311302185,2025-01-11,2.029999954625964,False
8296,49.95000076293945,0.3449999988079071,2025-01-11,1.6399999633431435,False
8297,49.95000076293945,0.36000001430511475,2025-01-11,1.149999974295497,False
8298,49.95000076293945,0.375,2025-01-11,0.669999985024333,False
8299,49.95000076293945,0.38999998569488525,2025-01-11,0.6399999856948853,False
8300,49.95000076293945,0.4050000011920929,2025-01-11,0.7099999841302633,False
8301,49.95000076293945,0.41999998688697815,2025-01-11,0.5899999868124723,False
8302,49.95000076293945,0.4350000023841858,2025-01-11,0.6099999863654375,False
8303,49.95000076293945,0.44999998807907104,2025-01-11,0.5399999879300594,False
8304,49.95000076293945,0.4650000035762787,2025-01-11,0.5399999879300594,False
8305,49.95000076293945,0.47999998927116394,2025-01-11,0.2799999937415123,False
8306,49.95000076293945,0.4950000047683716,2025-01-11,0.40999999083578587,False
8307,49.959999084472656,-1.2450000047683716,2025-01-11,1.9999999552965164,False
8308,49.959999084472656,-1.2300000190734863,2025-01-11,1.9299999568611383,False
8309,49.959999084472656,-1.215000033378601,2025-01-11,2.029999954625964,False
8310,49.959999084472656,-1.2000000476837158,2025-01-11,2.0699999537318945,False
8311,49.959999084472656,-1.184999942779541,2025-01-11,2.109999952837825,False
8312,49.959999084472656,-1.1699999570846558,2025-01-11,2.339999947696924,False
8313,49.959999084472656,-1.1549999713897705,2025-01-11,1.81999995931983,False
8314,49.959999084472656,-1.1399999856948853,2025-01-11,1.219999972730875,False
8315,49.959999084472656,-1.125,2025-01-11,1.1999999731779099,False
8316,49.959999084472656,-1.1100000143051147,2025-01-11,1.2999999709427357,False
8317,49.959999084472656,-1.0950000286102295,2025-01-11,1.6099999640136957,False
8318,49.959999084472656,-1.0800000429153442,2025-01-11,2.079999953508377,False
8319,49.959999084472656,-1.065000057220459,2025-01-11,2.299999948590994,False
8320,49.959999084472656,-1.0499999523162842,2025-01-11,2.3299999479204416,False
8321,49.959999084472656,-1.034999966621399,2025-01-11,2.43999994546175,False
8322,49.959999084472656,-1.0199999809265137,2025-01-11,2.539999943226576,False
8323,49.959999084472656,-1.0049999952316284,2025-01-11,2.659999940544367,False
8324,49.959999084472656,-0.9900000095367432,2025-01-11,2.6699999403208494,False
8325,49.959999084472656,-0.9750000238418579,2025-01-11,2.729999938979745,False
8326,49.959999084472656,-0.9599999785423279,2025-01-11,2.5699999425560236,False
8327,49.959999084472656,-0.9449999928474426,2025-01-11,2.2099999506026506,False
8328,49.959999084472656,-0.9300000071525574,2025-01-11,2.0699999537318945,False
8329,49.959999084472656,-0.9150000214576721,2025-01-11,1.8099999595433474,False
8330,49.959999084472656,-0.8999999761581421,2025-01-11,1.5699999649077654,False
8331,49.959999084472656,-0.8849999904632568,2025-01-11,1.2299999725073576,False
8332,49.959999084472656,-0.8700000047683716,2025-01-11,1.1599999740719795,False
8333,49.959999084472656,-0.8550000190734863,2025-01-11,1.339999970048666,False
8334,49.959999084472656,-0.8399999737739563,2025-01-11,1.2299999725073576,False
8335,49.959999084472656,-0.824999988079071,2025-01-11,1.3099999707192183,False
8336,49.959999084472656,-0.8100000023841858,2025-01-11,1.4699999671429396,False
8337,49.959999084472656,-0.7950000166893005,2025-01-11,1.699999962002039,False
8338,49.959999084472656,-0.7799999713897705,2025-01-11,1.8699999582022429,False
8339,49.959999084472656,-0.7649999856948853,2025-01-11,2.1599999517202377,False
8340,49.959999084472656,-0.75,2025-01-11,2.269999949261546,False
8341,49.959999084472656,-0.7350000143051147,2025-01-11,2.3299999479204416,False
8342,49.959999084472656,-0.7200000286102295,2025-01-11,2.2399999499320984,False
8343,49.959999084472656,-0.7049999833106995,2025-01-11,2.339999947696924,False
8344,49.959999084472656,-0.6899999976158142,2025-01-11,2.1199999526143074,False
8345,49.959999084472656,-0.675000011920929,2025-01-11,2.009999955072999,False
8346,49.959999084472656,-0.6600000262260437,2025-01-11,1.8499999586492777,False
8347,49.959999084472656,-0.6449999809265137,2025-01-11,1.939999956637621,False
8348,49.959999084472656,-0.6299999952316284,2025-01-11,1.9299999568611383,False
8349,49.959999084472656,-0.6150000095367432,2025-01-11,1.81999995931983,False
8350,49.959999084472656,-0.6000000238418579,2025-01-11,1.649999963119626,False
8351,49.959999084472656,-0.5849999785423279,2025-01-11,1.269999971613288,False
8352,49.959999084472656,-0.5699999928474426,2025-01-11,1.1999999731779099,False
8353,49.959999084472656,-0.5550000071525574,2025-01-11,0.8299999814480543,False
8354,49.959999084472656,-0.5400000214576721,2025-01-11,0.7399999834597111,False
8355,49.959999084472656,-0.5249999761581421,2025-01-11,0.979999978095293,False
8356,49.959999084472656,-0.5099999904632568,2025-01-11,1.3099999707192183,False
8357,49.959999084472656,-0.4950000047683716,2025-01-11,1.4699999671429396,False
8358,49.959999084472656,-0.47999998927116394,2025-01-11,1.6399999633431435,False
8359,49.959999084472656,-0.4650000035762787,2025-01-11,1.7899999599903822,False
8360,49.959999084472656,-0.44999998807907104,2025-01-11,1.8799999579787254,False
8361,49.959999084472656,-0.4350000023841858,2025-01-11,1.8299999590963125,False
8362,49.959999084472656,-0.41999998688697815,2025-01-11,1.3299999702721834,False
8363,49.959999084472656,-0.4050000011920929,2025-01-11,1.149999974295497,False
8364,49.959999084472656,-0.38999998569488525,2025-01-11,0.669999985024333,False
8365,49.959999084472656,-0.375,2025-01-11,0.7199999839067459,False
8366,49.959999084472656,-0.36000001430511475,2025-01-11,0.669999985024333,False
8367,49.959999084472656,-0.3449999988079071,2025-01-11,0.8099999818950891,False
8368,49.959999084472656,-0.33000001311302185,2025-01-11,1.1999999731779099,False
8369,49.959999084472656,-0.3149999976158142,2025-01-11,1.5699999649077654,False
8370,49.959999084472656,-0.30000001192092896,2025-01-11,1.939999956637621,False
8371,49.959999084472656,-0.2849999964237213,2025-01-11,1.9799999557435513,False
8372,49.959999084472656,-0.27000001072883606,2025-01-11,2.269999949261546,False
8373,49.959999084472656,-0.2549999952316284,2025-01-11,2.179999951273203,False
8374,49.959999084472656,-0.23999999463558197,2025-01-11,2.029999954625964,False
8375,49.959999084472656,-0.22499999403953552,2025-01-11,1.8099999595433474,False
8376,49.959999084472656,-0.20999999344348907,2025-01-11,1.5199999660253525,False
8377,49.959999084472656,-0.19499999284744263,2025-01-11,1.4699999671429396,False
8378,49.959999084472656,-0.18000000715255737,2025-01-11,1.2299999725073576,False
8379,49.959999084472656,-0.16500000655651093,2025-01-11,0.8499999810010195,False
8380,49.959999084472656,-0.15000000596046448,2025-01-11,0.7199999839067459,False
8381,49.959999084472656,-0.13500000536441803,2025-01-11,0.6299999859184027,False
8382,49.959999084472656,-0.11999999731779099,2025-01-11,0.8599999807775021,False
8383,49.959999084472656,-0.10499999672174454,2025-01-11,0.8199999816715717,False
8384,49.959999084472656,-0.09000000357627869,2025-01-11,1.1599999740719795,False
8385,49.959999084472656,-0.07500000298023224,2025-01-11,0.8899999801069498,False
8386,49.959999084472656,-0.05999999865889549,2025-01-11,1.0599999763071537,False
8387,49.959999084472656,-0.04500000178813934,2025-01-11,1.5199999660253525,False
8388,49.959999084472656,-0.029999999329447746,2025-01-11,1.81999995931983,False
8389,49.959999084472656,-0.014999999664723873,2025-01-11,2.269999949261546,False
8390,49.959999084472656,0.0,2025-01-11,2.819999936968088,False
8391,49.959999084472656,0.014999999664723873,2025-01-11,3.089999930933118,False
8392,49.959999084472656,0.029999999329447746,2025-01-11,3.4999999217689037,False
8393,49.959999084472656,0.04500000178813934,2025-01-11,3.5499999206513166,False
8394,49.959999084472656,0.05999999865889549,2025-01-11,3.6699999179691076,False
8395,49.959999084472656,0.07500000298023224,2025-01-11,3.609999919310212,False
8396,49.959999084472656,0.09000000357627869,2025-01-11,3.63999991863966,False
8397,49.959999084472656,0.10499999672174454,2025-01-11,3.67999991774559,False
8398,49.959999084472656,0.11999999731779099,2025-01-11,3.249999927356839,False
8399,49.959999084472656,0.13500000536441803,2025-01-11,3.279999926686287,False
8400,49.959999084472656,0.15000000596046448,2025-01-11,3.0299999322742224,False
8401,49.959999084472656,0.16500000655651093,2025-01-11,3.01999993249774,False
8402,49.959999084472656,0.18000000715255737,2025-01-11,2.7899999376386404,False
8403,49.959999084472656,0.19499999284744263,2025-01-11,2.0399999544024467,False
8404,49.959999084472656,0.20999999344348907,2025-01-11,1.1199999749660492,False
8405,49.959999084472656,0.22499999403953552,2025-01-11,1.0199999772012234,False
8406,49.959999084472656,0.23999999463558197,2025-01-11,1.0699999760836363,False
8407,49.959999084472656,0.2549999952316284,2025-01-11,1.3499999698251486,False
8408,49.959999084472656,0.27000001072883606,2025-01-11,1.839999958872795,False
8409,49.959999084472656,0.2849999964237213,2025-01-11,2.12999995239079,False
8410,49.959999084472656,0.30000001192092896,2025-01-11,2.249999949708581,False
8411,49.959999084472656,0.3149999976158142,2025-01-11,1.9899999555200338,False
8412,49.959999084472656,0.33000001311302185,2025-01-11,1.9899999555200338,False
8413,49.959999084472656,0.3449999988079071,2025-01-11,1.6299999635666609,False
8414,49.959999084472656,0.36000001430511475,2025-01-11,0.6499999854713678,False
8415,49.959999084472656,0.375,2025-01-11,0.5799999870359898,False
8416,49.959999084472656,0.38999998569488525,2025-01-11,0.6099999863654375,False
8417,49.959999084472656,0.4050000011920929,2025-01-11,0.5899999868124723,False
8418,49.959999084472656,0.41999998688697815,2025-01-11,0.5399999879300594,False
8419,49.959999084472656,0.4350000023841858,2025-01-11,0.3799999915063381,False
8420,49.959999084472656,0.44999998807907104,2025-01-11,0.3899999912828207,False
8421,49.959999084472656,0.4650000035762787,2025-01-11,0.40999999083578587,False
8422,49.959999084472656,0.47999998927116394,2025-01-11,0.2899999935179949,False
8423,49.959999084472656,0.4950000047683716,2025-01-11,0.6199999861419201,False
8424,49.970001220703125,-1.2450000047683716,2025-01-11,2.539999943226576,False
8425,49.970001220703125,-1.2300000190734863,2025-01-11,2.109999952837825,False
8426,49.970001220703125,-1.215000033378601,2025-01-11,2.0999999530613422,False
8427,49.970001220703125,-1.2000000476837158,2025-01-11,2.1399999521672726,False
8428,49.970001220703125,-1.184999942779541,2025-01-11,2.0999999530613422,False
8429,49.970001220703125,-1.1699999570846558,2025-01-11,2.1199999526143074,False
8430,49.970001220703125,-1.1549999713897705,2025-01-11,1.7099999617785215,False
8431,49.970001220703125,-1.1399999856948853,2025-01-11,1.2599999718368053,False
8432,49.970001220703125,-1.125,2025-01-11,1.389999968931079,False
8433,49.970001220703125,-1.1100000143051147,2025-01-11,1.219999972730875,False
8434,49.970001220703125,-1.0950000286102295,2025-01-11,1.4499999675899744,False
8435,49.970001220703125,-1.0800000429153442,2025-01-11,2.0699999537318945,False
8436,49.970001220703125,-1.065000057220459,2025-01-11,2.079999953508377,False
8437,49.970001220703125,-1.0499999523162842,2025-01-11,2.1399999521672726,False
8438,49.970001220703125,-1.034999966621399,2025-01-11,2.2199999503791332,False
8439,49.970001220703125,-1.0199999809265137,2025-01-11,2.4799999445676804,False
8440,49.970001220703125,-1.0049999952316284,2025-01-11,2.609999941661954,False
8441,49.970001220703125,-0.9900000095367432,2025-01-11,2.6399999409914017,False
8442,49.970001220703125,-0.9750000238418579,2025-01-11,2.6399999409914017,False
8443,49.970001220703125,-0.9599999785423279,2025-01-11,2.339999947696924,False
8444,49.970001220703125,-0.9449999928474426,2025-01-11,1.959999956190586,False
8445,49.970001220703125,-0.9300000071525574,2025-01-11,1.8599999584257603,False
8446,49.970001220703125,-0.9150000214576721,2025-01-11,1.5599999651312828,False
8447,49.970001220703125,-0.8999999761581421,2025-01-11,1.4399999678134918,False
8448,49.970001220703125,-0.8849999904632568,2025-01-11,1.219999972730875,False
8449,49.970001220703125,-0.8700000047683716,2025-01-11,1.1299999747425318,False
8450,49.970001220703125,-0.8550000190734863,2025-01-11,0.9299999792128801,False
8451,49.970001220703125,-0.8399999737739563,2025-01-11,1.0599999763071537,False
8452,49.970001220703125,-0.824999988079071,2025-01-11,1.1399999745190144,False
8453,49.970001220703125,-0.8100000023841858,2025-01-11,1.1999999731779099,False
8454,49.970001220703125,-0.7950000166893005,2025-01-11,1.3799999691545963,False
8455,49.970001220703125,-0.7799999713897705,2025-01-11,1.6899999622255564,False
8456,49.970001220703125,-0.7649999856948853,2025-01-11,1.7099999617785215,False
8457,49.970001220703125,-0.75,2025-01-11,1.7499999608844519,False
8458,49.970001220703125,-0.7350000143051147,2025-01-11,1.7999999597668648,False
8459,49.970001220703125,-0.7200000286102295,2025-01-11,1.959999956190586,False
8460,49.970001220703125,-0.7049999833106995,2025-01-11,2.149999951943755,False
8461,49.970001220703125,-0.6899999976158142,2025-01-11,1.9299999568611383,False
8462,49.970001220703125,-0.675000011920929,2025-01-11,1.839999958872795,False
8463,49.970001220703125,-0.6600000262260437,2025-01-11,1.7899999599903822,False
8464,49.970001220703125,-0.6449999809265137,2025-01-11,1.7299999613314867,False
8465,49.970001220703125,-0.6299999952316284,2025-01-11,1.8699999582022429,False
8466,49.970001220703125,-0.6150000095367432,2025-01-11,1.7599999606609344,False
8467,49.970001220703125,-0.6000000238418579,2025-01-11,1.5699999649077654,False
8468,49.970001220703125,-0.5849999785423279,2025-01-11,1.3199999704957008,False
8469,49.970001220703125,-0.5699999928474426,2025-01-11,1.0199999772012234,False
8470,49.970001220703125,-0.5550000071525574,2025-01-11,0.8599999807775021,False
8471,49.970001220703125,-0.5400000214576721,2025-01-11,0.8399999812245369,False
8472,49.970001220703125,-0.5249999761581421,2025-01-11,0.9199999794363976,False
8473,49.970001220703125,-0.5099999904632568,2025-01-11,1.269999971613288,False
8474,49.970001220703125,-0.4950000047683716,2025-01-11,1.4299999680370092,False
8475,49.970001220703125,-0.47999998927116394,2025-01-11,1.5899999644607306,False
8476,49.970001220703125,-0.4650000035762787,2025-01-11,1.7299999613314867,False
8477,49.970001220703125,-0.44999998807907104,2025-01-11,1.699999962002039,False
8478,49.970001220703125,-0.4350000023841858,2025-01-11,1.3699999693781137,False
8479,49.970001220703125,-0.41999998688697815,2025-01-11,1.2399999722838402,False
8480,49.970001220703125,-0.4050000011920929,2025-01-11,1.029999976977706,False
8481,49.970001220703125,-0.38999998569488525,2025-01-11,0.5299999881535769,False
8482,49.970001220703125,-0.375,2025-01-11,0.4899999890476465,False
8483,49.970001220703125,-0.36000001430511475,2025-01-11,0.6099999863654375,False
8484,49.970001220703125,-0.3449999988079071,2025-01-11,0.789999982342124,False
8485,49.970001220703125,-0.33000001311302185,2025-01-11,1.1099999751895666,False
8486,49.970001220703125,-0.3149999976158142,2025-01-11,1.3799999691545963,False
8487,49.970001220703125,-0.30000001192092896,2025-01-11,1.8099999595433474,False
8488,49.970001220703125,-0.2849999964237213,2025-01-11,1.9899999555200338,False
8489,49.970001220703125,-0.27000001072883606,2025-01-11,1.9699999559670687,False
8490,49.970001220703125,-0.2549999952316284,2025-01-11,1.7999999597668648,False
8491,49.970001220703125,-0.23999999463558197,2025-01-11,1.6199999637901783,False
8492,49.970001220703125,-0.22499999403953552,2025-01-11,1.5499999653548002,False
8493,49.970001220703125,-0.20999999344348907,2025-01-11,1.339999970048666,False
8494,49.970001220703125,-0.19499999284744263,2025-01-11,1.269999971613288,False
8495,49.970001220703125,-0.18000000715255737,2025-01-11,0.6399999856948853,False
8496,49.970001220703125,-0.16500000655651093,2025-01-11,0.5699999872595072,False
8497,49.970001220703125,-0.15000000596046448,2025-01-11,0.6799999848008156,False
8498,49.970001220703125,-0.13500000536441803,2025-01-11,0.7599999830126762,False
8499,49.970001220703125,-0.11999999731779099,2025-01-11,0.8399999812245369,False
8500,49.970001220703125,-0.10499999672174454,2025-01-11,0.8199999816715717,False
8501,49.970001220703125,-0.09000000357627869,2025-01-11,0.9699999783188105,False
8502,49.970001220703125,-0.07500000298023224,2025-01-11,0.8399999812245369,False
8503,49.970001220703125,-0.05999999865889549,2025-01-11,0.7699999827891588,False
8504,49.970001220703125,-0.04500000178813934,2025-01-11,0.9199999794363976,False
8505,49.970001220703125,-0.029999999329447746,2025-01-11,1.0799999758601189,False
8506,49.970001220703125,-0.014999999664723873,2025-01-11,1.6099999640136957,False
8507,49.970001220703125,0.0,2025-01-11,2.0399999544024467,False
8508,49.970001220703125,0.014999999664723873,2025-01-11,2.4999999441206455,False
8509,49.970001220703125,0.029999999329447746,2025-01-11,2.699999939650297,False
8510,49.970001220703125,0.04500000178813934,2025-01-11,2.8599999360740185,False
8511,49.970001220703125,0.05999999865889549,2025-01-11,2.9499999340623617,False
8512,49.970001220703125,0.07500000298023224,2025-01-11,3.039999932050705,False
8513,49.970001220703125,0.09000000357627869,2025-01-11,3.0299999322742224,False
8514,49.970001220703125,0.10499999672174454,2025-01-11,2.939999934285879,False
8515,49.970001220703125,0.11999999731779099,2025-01-11,2.849999936297536,False
8516,49.970001220703125,0.13500000536441803,2025-01-11,2.899999935179949,False
8517,49.970001220703125,0.15000000596046448,2025-01-11,2.8399999365210533,False
8518,49.970001220703125,0.16500000655651093,2025-01-11,2.6499999407678843,False
8519,49.970001220703125,0.18000000715255737,2025-01-11,2.459999945014715,False
8520,49.970001220703125,0.19499999284744263,2025-01-11,1.4199999682605267,False
8521,49.970001220703125,0.20999999344348907,2025-01-11,0.9599999785423279,False
8522,49.970001220703125,0.22499999403953552,2025-01-11,0.5599999874830246,False
8523,49.970001220703125,0.23999999463558197,2025-01-11,0.5899999868124723,False
8524,49.970001220703125,0.2549999952316284,2025-01-11,0.9199999794363976,False
8525,49.970001220703125,0.27000001072883606,2025-01-11,1.3599999696016312,False
8526,49.970001220703125,0.2849999964237213,2025-01-11,1.6899999622255564,False
8527,49.970001220703125,0.30000001192092896,2025-01-11,1.8099999595433474,False
8528,49.970001220703125,0.3149999976158142,2025-01-11,1.6799999624490738,False
8529,49.970001220703125,0.33000001311302185,2025-01-11,1.3999999687075615,False
8530,49.970001220703125,0.3449999988079071,2025-01-11,0.979999978095293,False
8531,49.970001220703125,0.36000001430511475,2025-01-11,0.6599999852478504,False
8532,49.970001220703125,0.375,2025-01-11,0.5799999870359898,False
8533,49.970001220703125,0.38999998569488525,2025-01-11,0.4999999888241291,False
8534,49.970001220703125,0.4050000011920929,2025-01-11,0.5199999883770943,False
8535,49.970001220703125,0.41999998688697815,2025-01-11,0.5199999883770943,False
8536,49.970001220703125,0.4350000023841858,2025-01-11,0.4599999897181988,False
8537,49.970001220703125,0.44999998807907104,2025-01-11,0.3299999926239252,False
8538,49.970001220703125,0.4650000035762787,2025-01-11,0.3499999921768904,False
8539,49.970001220703125,0.47999998927116394,2025-01-11,0.24999999441206455,False
8540,49.970001220703125,0.4950000047683716,2025-01-11,0.46999998949468136,False
8541,49.97999954223633,-1.2450000047683716,2025-01-11,2.4499999452382326,False
8542,49.97999954223633,-1.2300000190734863,2025-01-11,2.149999951943755,False
8543,49.97999954223633,-1.215000033378601,2025-01-11,2.1199999526143074,False
8544,49.97999954223633,-1.2000000476837158,2025-01-11,2.149999951943755,False
8545,49.97999954223633,-1.184999942779541,2025-01-11,2.3099999483674765,False
8546,49.97999954223633,-1.1699999570846558,2025-01-11,2.12999995239079,False
8547,49.97999954223633,-1.1549999713897705,2025-01-11,1.9499999564141035,False
8548,49.97999954223633,-1.1399999856948853,2025-01-11,1.2999999709427357,False
8549,49.97999954223633,-1.125,2025-01-11,1.289999971166253,False
8550,49.97999954223633,-1.1100000143051147,2025-01-11,1.2599999718368053,False
8551,49.97999954223633,-1.0950000286102295,2025-01-11,1.459999967366457,False
8552,49.97999954223633,-1.0800000429153442,2025-01-11,2.0499999541789293,False
8553,49.97999954223633,-1.065000057220459,2025-01-11,1.9899999555200338,False
8554,49.97999954223633,-1.0499999523162842,2025-01-11,2.0699999537318945,False
8555,49.97999954223633,-1.034999966621399,2025-01-11,2.249999949708581,False
8556,49.97999954223633,-1.0199999809265137,2025-01-11,2.5499999430030584,False
8557,49.97999954223633,-1.0049999952316284,2025-01-11,2.489999944344163,False
8558,49.97999954223633,-0.9900000095367432,2025-01-11,2.369999947026372,False
8559,49.97999954223633,-0.9750000238418579,2025-01-11,2.1899999510496855,False
8560,49.97999954223633,-0.9599999785423279,2025-01-11,1.9999999552965164,False
8561,49.97999954223633,-0.9449999928474426,2025-01-11,1.9299999568611383,False
8562,49.97999954223633,-0.9300000071525574,2025-01-11,1.6099999640136957,False
8563,49.97999954223633,-0.9150000214576721,2025-01-11,1.409999968484044,False
8564,49.97999954223633,-0.8999999761581421,2025-01-11,1.3699999693781137,False
8565,49.97999954223633,-0.8849999904632568,2025-01-11,1.1599999740719795,False
8566,49.97999954223633,-0.8700000047683716,2025-01-11,0.9399999789893627,False
8567,49.97999954223633,-0.8550000190734863,2025-01-11,0.909999979659915,False
8568,49.97999954223633,-0.8399999737739563,2025-01-11,0.909999979659915,False
8569,49.97999954223633,-0.824999988079071,2025-01-11,1.0099999774247408,False
8570,49.97999954223633,-0.8100000023841858,2025-01-11,1.099999975413084,False
8571,49.97999954223633,-0.7950000166893005,2025-01-11,1.1299999747425318,False
8572,49.97999954223633,-0.7799999713897705,2025-01-11,1.339999970048666,False
8573,49.97999954223633,-0.7649999856948853,2025-01-11,1.409999968484044,False
8574,49.97999954223633,-0.75,2025-01-11,1.4299999680370092,False
8575,49.97999954223633,-0.7350000143051147,2025-01-11,1.5499999653548002,False
8576,49.97999954223633,-0.7200000286102295,2025-01-11,1.4699999671429396,False
8577,49.97999954223633,-0.7049999833106995,2025-01-11,1.6399999633431435,False
8578,49.97999954223633,-0.6899999976158142,2025-01-11,1.5899999644607306,False
8579,49.97999954223633,-0.675000011920929,2025-01-11,1.6699999626725912,False
8580,49.97999954223633,-0.6600000262260437,2025-01-11,1.6899999622255564,False
8581,49.97999954223633,-0.6449999809265137,2025-01-11,1.6199999637901783,False
8582,49.97999954223633,-0.6299999952316284,2025-01-11,1.6699999626725912,False
8583,49.97999954223633,-0.6150000095367432,2025-01-11,1.6399999633431435,False
8584,49.97999954223633,-0.6000000238418579,2025-01-11,1.6299999635666609,False
8585,49.97999954223633,-0.5849999785423279,2025-01-11,1.3799999691545963,False
8586,49.97999954223633,-0.5699999928474426,2025-01-11,1.0199999772012234,False
8587,49.97999954223633,-0.5550000071525574,2025-01-11,0.8899999801069498,False
8588,49.97999954223633,-0.5400000214576721,2025-01-11,0.8499999810010195,False
8589,49.97999954223633,-0.5249999761581421,2025-01-11,0.9499999787658453,False
8590,49.97999954223633,-0.5099999904632568,2025-01-11,1.1199999749660492,False
8591,49.97999954223633,-0.4950000047683716,2025-01-11,1.3299999702721834,False
8592,49.97999954223633,-0.47999998927116394,2025-01-11,1.5599999651312828,False
8593,49.97999954223633,-0.4650000035762787,2025-01-11,1.5599999651312828,False
8594,49.97999954223633,-0.44999998807907104,2025-01-11,1.289999971166253,False
8595,49.97999954223633,-0.4350000023841858,2025-01-11,1.219999972730875,False
8596,49.97999954223633,-0.41999998688697815,2025-01-11,1.1199999749660492,False
8597,49.97999954223633,-0.4050000011920929,2025-01-11,0.8799999803304672,False
8598,49.97999954223633,-0.38999998569488525,2025-01-11,0.5799999870359898,False
8599,49.97999954223633,-0.375,2025-01-11,0.4899999890476465,False
8600,49.97999954223633,-0.36000001430511475,2025-01-11,0.5099999886006117,False
8601,49.97999954223633,-0.3449999988079071,2025-01-11,0.669999985024333,False
8602,49.97999954223633,-0.33000001311302185,2025-01-11,0.9399999789893627,False
8603,49.97999954223633,-0.3149999976158142,2025-01-11,1.3799999691545963,False
8604,49.97999954223633,-0.30000001192092896,2025-01-11,1.4799999669194221,False
8605,49.97999954223633,-0.2849999964237213,2025-01-11,1.5199999660253525,False
8606,49.97999954223633,-0.27000001072883606,2025-01-11,1.5599999651312828,False
8607,49.97999954223633,-0.2549999952316284,2025-01-11,1.5499999653548002,False
8608,49.97999954223633,-0.23999999463558197,2025-01-11,1.459999967366457,False
8609,49.97999954223633,-0.22499999403953552,2025-01-11,1.1399999745190144,False
8610,49.97999954223633,-0.20999999344348907,2025-01-11,0.6899999845772982,False
8611,49.97999954223633,-0.19499999284744263,2025-01-11,0.4899999890476465,False
8612,49.97999954223633,-0.18000000715255737,2025-01-11,0.5399999879300594,False
8613,49.97999954223633,-0.16500000655651093,2025-01-11,0.35999999195337296,False
8614,49.97999954223633,-0.15000000596046448,2025-01-11,0.29999999329447746,False
8615,49.97999954223633,-0.13500000536441803,2025-01-11,0.5599999874830246,False
8616,49.97999954223633,-0.11999999731779099,2025-01-11,0.8299999814480543,False
8617,49.97999954223633,-0.10499999672174454,2025-01-11,0.7999999821186066,False
8618,49.97999954223633,-0.09000000357627869,2025-01-11,0.789999982342124,False
8619,49.97999954223633,-0.07500000298023224,2025-01-11,0.8599999807775021,False
8620,49.97999954223633,-0.05999999865889549,2025-01-11,0.8199999816715717,False
8621,49.97999954223633,-0.04500000178813934,2025-01-11,0.6299999859184027,False
8622,49.97999954223633,-0.029999999329447746,2025-01-11,0.5799999870359898,False
8623,49.97999954223633,-0.014999999664723873,2025-01-11,0.9899999778717756,False
8624,49.97999954223633,0.0,2025-01-11,1.459999967366457,False
8625,49.97999954223633,0.014999999664723873,2025-01-11,1.7499999608844519,False
8626,49.97999954223633,0.029999999329447746,2025-01-11,1.9699999559670687,False
8627,49.97999954223633,0.04500000178813934,2025-01-11,1.959999956190586,False
8628,49.97999954223633,0.05999999865889549,2025-01-11,2.1399999521672726,False
8629,49.97999954223633,0.07500000298023224,2025-01-11,2.2599999494850636,False
8630,49.97999954223633,0.09000000357627869,2025-01-11,2.4499999452382326,False
8631,49.97999954223633,0.10499999672174454,2025-01-11,2.179999951273203,False
8632,49.97999954223633,0.11999999731779099,2025-01-11,2.109999952837825,False
8633,49.97999954223633,0.13500000536441803,2025-01-11,2.0499999541789293,False
8634,49.97999954223633,0.15000000596046448,2025-01-11,1.9099999573081732,False
8635,49.97999954223633,0.16500000655651093,2025-01-11,2.2099999506026506,False
8636,49.97999954223633,0.18000000715255737,2025-01-11,2.1399999521672726,False
8637,49.97999954223633,0.19499999284744263,2025-01-11,1.649999963119626,False
8638,49.97999954223633,0.20999999344348907,2025-01-11,1.099999975413084,False
8639,49.97999954223633,0.22499999403953552,2025-01-11,0.6099999863654375,False
8640,49.97999954223633,0.23999999463558197,2025-01-11,0.549999987706542,False
8641,49.97999954223633,0.2549999952316284,2025-01-11,0.7599999830126762,False
8642,49.97999954223633,0.27000001072883606,2025-01-11,0.979999978095293,False
8643,49.97999954223633,0.2849999964237213,2025-01-11,1.2799999713897705,False
8644,49.97999954223633,0.30000001192092896,2025-01-11,1.4699999671429396,False
8645,49.97999954223633,0.3149999976158142,2025-01-11,1.219999972730875,False
8646,49.97999954223633,0.33000001311302185,2025-01-11,0.7599999830126762,False
8647,49.97999954223633,0.3449999988079071,2025-01-11,0.42999999038875103,False
8648,49.97999954223633,0.36000001430511475,2025-01-11,0.4899999890476465,False
8649,49.97999954223633,0.375,2025-01-11,0.5599999874830246,False
8650,49.97999954223633,0.38999998569488525,2025-01-11,0.669999985024333,False
8651,49.97999954223633,0.4050000011920929,2025-01-11,0.5099999886006117,False
8652,49.97999954223633,0.41999998688697815,2025-01-11,0.3799999915063381,False
8653,49.97999954223633,0.4350000023841858,2025-01-11,0.41999999061226845,False
8654,49.97999954223633,0.44999998807907104,2025-01-11,0.3799999915063381,False
8655,49.97999954223633,0.4650000035762787,2025-01-11,0.30999999307096004,False
8656,49.97999954223633,0.47999998927116394,2025-01-11,0.35999999195337296,False
8657,49.97999954223633,0.4950000047683716,2025-01-11,0.36999999172985554,False
8658,49.9900016784668,-1.2450000047683716,2025-01-11,2.5199999436736107,False
8659,49.9900016784668,-1.2300000190734863,2025-01-11,2.2899999488145113,False
8660,49.9900016784668,-1.215000033378601,2025-01-11,2.2099999506026506,False
8661,49.9900016784668,-1.2000000476837158,2025-01-11,2.2799999490380287,False
8662,49.9900016784668,-1.184999942779541,2025-01-11,2.419999945908785,False
8663,49.9900016784668,-1.1699999570846558,2025-01-11,2.2199999503791332,False
8664,49.9900016784668,-1.1549999713897705,2025-01-11,2.0399999544024467,False
8665,49.9900016784668,-1.1399999856948853,2025-01-11,1.529999965801835,False
8666,49.9900016784668,-1.125,2025-01-11,1.3699999693781137,False
8667,49.9900016784668,-1.1100000143051147,2025-01-11,1.4399999678134918,False
8668,49.9900016784668,-1.0950000286102295,2025-01-11,1.4899999666959047,False
8669,49.9900016784668,-1.0800000429153442,2025-01-11,1.7499999608844519,False
8670,49.9900016784668,-1.065000057220459,2025-01-11,2.3099999483674765,False
8671,49.9900016784668,-1.0499999523162842,2025-01-11,2.009999955072999,False
8672,49.9900016784668,-1.034999966621399,2025-01-11,2.0899999532848597,False
8673,49.9900016784668,-1.0199999809265137,2025-01-11,2.1399999521672726,False
8674,49.9900016784668,-1.0049999952316284,2025-01-11,2.3599999472498894,False
8675,49.9900016784668,-0.9900000095367432,2025-01-11,2.0699999537318945,False
8676,49.9900016784668,-0.9750000238418579,2025-01-11,1.939999956637621,False
8677,49.9900016784668,-0.9599999785423279,2025-01-11,1.7199999615550041,False
8678,49.9900016784668,-0.9449999928474426,2025-01-11,1.6199999637901783,False
8679,49.9900016784668,-0.9300000071525574,2025-01-11,1.2999999709427357,False
8680,49.9900016784668,-0.9150000214576721,2025-01-11,1.389999968931079,False
8681,49.9900016784668,-0.8999999761581421,2025-01-11,1.2099999729543924,False
8682,49.9900016784668,-0.8849999904632568,2025-01-11,0.979999978095293,False
8683,49.9900016784668,-0.8700000047683716,2025-01-11,0.9699999783188105,False
8684,49.9900016784668,-0.8550000190734863,2025-01-11,0.7299999836832285,False
8685,49.9900016784668,-0.8399999737739563,2025-01-11,0.6999999843537807,False
8686,49.9900016784668,-0.824999988079071,2025-01-11,0.8699999805539846,False
8687,49.9900016784668,-0.8100000023841858,2025-01-11,0.8499999810010195,False
8688,49.9900016784668,-0.7950000166893005,2025-01-11,0.9699999783188105,False
8689,49.9900016784668,-0.7799999713897705,2025-01-11,1.0599999763071537,False
8690,49.9900016784668,-0.7649999856948853,2025-01-11,1.1299999747425318,False
8691,49.9900016784668,-0.75,2025-01-11,1.1299999747425318,False
8692,49.9900016784668,-0.7350000143051147,2025-01-11,1.389999968931079,False
8693,49.9900016784668,-0.7200000286102295,2025-01-11,1.3299999702721834,False
8694,49.9900016784668,-0.7049999833106995,2025-01-11,1.2999999709427357,False
8695,49.9900016784668,-0.6899999976158142,2025-01-11,1.289999971166253,False
8696,49.9900016784668,-0.675000011920929,2025-01-11,1.3599999696016312,False
8697,49.9900016784668,-0.6600000262260437,2025-01-11,1.3499999698251486,False
8698,49.9900016784668,-0.6449999809265137,2025-01-11,1.4399999678134918,False
8699,49.9900016784668,-0.6299999952316284,2025-01-11,1.4999999664723873,False
8700,49.9900016784668,-0.6150000095367432,2025-01-11,1.6399999633431435,False
8701,49.9900016784668,-0.6000000238418579,2025-01-11,1.6399999633431435,False
8702,49.9900016784668,-0.5849999785423279,2025-01-11,1.3699999693781137,False
8703,49.9900016784668,-0.5699999928474426,2025-01-11,1.2499999720603228,False
8704,49.9900016784668,-0.5550000071525574,2025-01-11,1.029999976977706,False
8705,49.9900016784668,-0.5400000214576721,2025-01-11,0.9299999792128801,False
8706,49.9900016784668,-0.5249999761581421,2025-01-11,1.0499999765306711,False
8707,49.9900016784668,-0.5099999904632568,2025-01-11,1.149999974295497,False
8708,49.9900016784668,-0.4950000047683716,2025-01-11,1.289999971166253,False
8709,49.9900016784668,-0.47999998927116394,2025-01-11,1.269999971613288,False
8710,49.9900016784668,-0.4650000035762787,2025-01-11,1.169999973848462,False
8711,49.9900016784668,-0.44999998807907104,2025-01-11,1.099999975413084,False
8712,49.9900016784668,-0.4350000023841858,2025-01-11,1.0599999763071537,False
8713,49.9900016784668,-0.41999998688697815,2025-01-11,0.7499999832361937,False
8714,49.9900016784668,-0.4050000011920929,2025-01-11,0.4599999897181988,False
8715,49.9900016784668,-0.38999998569488525,2025-01-11,0.4499999899417162,False
8716,49.9900016784668,-0.375,2025-01-11,0.5099999886006117,False
8717,49.9900016784668,-0.36000001430511475,2025-01-11,0.5099999886006117,False
8718,49.9900016784668,-0.3449999988079071,2025-01-11,0.549999987706542,False
8719,49.9900016784668,-0.33000001311302185,2025-01-11,0.7999999821186066,False
8720,49.9900016784668,-0.3149999976158142,2025-01-11,0.9999999776482582,False
8721,49.9900016784668,-0.30000001192092896,2025-01-11,1.1099999751895666,False
8722,49.9900016784668,-0.2849999964237213,2025-01-11,1.0799999758601189,False
8723,49.9900016784668,-0.27000001072883606,2025-01-11,1.2499999720603228,False
8724,49.9900016784668,-0.2549999952316284,2025-01-11,1.0599999763071537,False
8725,49.9900016784668,-0.23999999463558197,2025-01-11,0.8599999807775021,False
8726,49.9900016784668,-0.22499999403953552,2025-01-11,0.8099999818950891,False
8727,49.9900016784668,-0.20999999344348907,2025-01-11,0.6999999843537807,False
8728,49.9900016784668,-0.19499999284744263,2025-01-11,0.6999999843537807,False
8729,49.9900016784668,-0.18000000715255737,2025-01-11,0.5299999881535769,False
8730,49.9900016784668,-0.16500000655651093,2025-01-11,0.42999999038875103,False
8731,49.9900016784668,-0.15000000596046448,2025-01-11,0.25999999418854713,False
8732,49.9900016784668,-0.13500000536441803,2025-01-11,0.4499999899417162,False
8733,49.9900016784668,-0.11999999731779099,2025-01-11,0.5299999881535769,False
8734,49.9900016784668,-0.10499999672174454,2025-01-11,0.7599999830126762,False
8735,49.9900016784668,-0.09000000357627869,2025-01-11,0.7199999839067459,False
8736,49.9900016784668,-0.07500000298023224,2025-01-11,0.9199999794363976,False
8737,49.9900016784668,-0.05999999865889549,2025-01-11,0.5899999868124723,False
8738,49.9900016784668,-0.04500000178813934,2025-01-11,0.4499999899417162,False
8739,49.9900016784668,-0.029999999329447746,2025-01-11,0.41999999061226845,False
8740,49.9900016784668,-0.014999999664723873,2025-01-11,0.6199999861419201,False
8741,49.9900016784668,0.0,2025-01-11,0.8299999814480543,False
8742,49.9900016784668,0.014999999664723873,2025-01-11,1.339999970048666,False
8743,49.9900016784668,0.029999999329447746,2025-01-11,1.269999971613288,False
8744,49.9900016784668,0.04500000178813934,2025-01-11,1.2599999718368053,False
8745,49.9900016784668,0.05999999865889549,2025-01-11,1.1399999745190144,False
8746,49.9900016784668,0.07500000298023224,2025-01-11,1.5199999660253525,False
8747,49.9900016784668,0.09000000357627869,2025-01-11,1.6299999635666609,False
8748,49.9900016784668,0.10499999672174454,2025-01-11,1.5999999642372131,False
8749,49.9900016784668,0.11999999731779099,2025-01-11,1.5999999642372131,False
8750,49.9900016784668,0.13500000536441803,2025-01-11,1.6099999640136957,False
8751,49.9900016784668,0.15000000596046448,2025-01-11,1.8099999595433474,False
8752,49.9900016784668,0.16500000655651093,2025-01-11,2.0399999544024467,False
8753,49.9900016784668,0.18000000715255737,2025-01-11,2.0199999548494816,False
8754,49.9900016784668,0.19499999284744263,2025-01-11,1.3499999698251486,False
8755,49.9900016784668,0.20999999344348907,2025-01-11,0.8299999814480543,False
8756,49.9900016784668,0.22499999403953552,2025-01-11,0.7399999834597111,False
8757,49.9900016784668,0.23999999463558197,2025-01-11,0.6999999843537807,False
8758,49.9900016784668,0.2549999952316284,2025-01-11,0.8299999814480543,False
8759,49.9900016784668,0.27000001072883606,2025-01-11,0.9399999789893627,False
8760,49.9900016784668,0.2849999964237213,2025-01-11,0.8199999816715717,False
8761,49.9900016784668,0.30000001192092896,2025-01-11,0.789999982342124,False
8762,49.9900016784668,0.3149999976158142,2025-01-11,0.7599999830126762,False
8763,49.9900016784668,0.33000001311302185,2025-01-11,0.3999999910593033,False
8764,49.9900016784668,0.3449999988079071,2025-01-11,0.3399999924004078,False
8765,49.9900016784668,0.36000001430511475,2025-01-11,0.3399999924004078,False
8766,49.9900016784668,0.375,2025-01-11,0.47999998927116394,False
8767,49.9900016784668,0.38999998569488525,2025-01-11,0.4399999901652336,False
8768,49.9900016784668,0.4050000011920929,2025-01-11,0.40999999083578587,False
8769,49.9900016784668,0.41999998688697815,2025-01-11,0.4599999897181988,False
8770,49.9900016784668,0.4350000023841858,2025-01-11,0.3999999910593033,False
8771,49.9900016784668,0.44999998807907104,2025-01-11,0.2899999935179949,False
8772,49.9900016784668,0.4650000035762787,2025-01-11,0.29999999329447746,False
8773,49.9900016784668,0.47999998927116394,2025-01-11,0.23999999463558197,False
8774,49.9900016784668,0.4950000047683716,2025-01-11,0.3499999921768904,False
8775,50.0,-1.2450000047683716,2025-01-11,2.5499999430030584,False
8776,50.0,-1.2300000190734863,2025-01-11,2.459999945014715,False
8777,50.0,-1.215000033378601,2025-01-11,2.4099999461323023,False
8778,50.0,-1.2000000476837158,2025-01-11,2.1899999510496855,False
8779,50.0,-1.184999942779541,2025-01-11,2.389999946579337,False
8780,50.0,-1.1699999570846558,2025-01-11,2.2799999490380287,False
8781,50.0,-1.1549999713897705,2025-01-11,2.1899999510496855,False
8782,50.0,-1.1399999856948853,2025-01-11,1.6299999635666609,False
8783,50.0,-1.125,2025-01-11,1.4199999682605267,False
8784,50.0,-1.1100000143051147,2025-01-11,1.5599999651312828,False
8785,50.0,-1.0950000286102295,2025-01-11,1.6599999628961086,False
8786,50.0,-1.0800000429153442,2025-01-11,1.7899999599903822,False
8787,50.0,-1.065000057220459,2025-01-11,1.9299999568611383,False
8788,50.0,-1.0499999523162842,2025-01-11,1.769999960437417,False
8789,50.0,-1.034999966621399,2025-01-11,1.81999995931983,False
8790,50.0,-1.0199999809265137,2025-01-11,1.9099999573081732,False
8791,50.0,-1.0049999952316284,2025-01-11,1.9699999559670687,False
8792,50.0,-0.9900000095367432,2025-01-11,2.0999999530613422,False
8793,50.0,-0.9750000238418579,2025-01-11,2.0399999544024467,False
8794,50.0,-0.9599999785423279,2025-01-11,1.7499999608844519,False
8795,50.0,-0.9449999928474426,2025-01-11,1.4699999671429396,False
8796,50.0,-0.9300000071525574,2025-01-11,1.339999970048666,False
8797,50.0,-0.9150000214576721,2025-01-11,1.219999972730875,False
8798,50.0,-0.8999999761581421,2025-01-11,1.0499999765306711,False
8799,50.0,-0.8849999904632568,2025-01-11,0.9199999794363976,False
8800,50.0,-0.8700000047683716,2025-01-11,0.7299999836832285,False
8801,50.0,-0.8550000190734863,2025-01-11,0.8999999798834324,False
8802,50.0,-0.8399999737739563,2025-01-11,0.8199999816715717,False
8803,50.0,-0.824999988079071,2025-01-11,0.8999999798834324,False
8804,50.0,-0.8100000023841858,2025-01-11,0.9299999792128801,False
8805,50.0,-0.7950000166893005,2025-01-11,0.8199999816715717,False
8806,50.0,-0.7799999713897705,2025-01-11,0.8999999798834324,False
8807,50.0,-0.7649999856948853,2025-01-11,0.8799999803304672,False
8808,50.0,-0.75,2025-01-11,1.0099999774247408,False
8809,50.0,-0.7350000143051147,2025-01-11,0.9299999792128801,False
8810,50.0,-0.7200000286102295,2025-01-11,1.0599999763071537,False
8811,50.0,-0.7049999833106995,2025-01-11,1.0799999758601189,False
8812,50.0,-0.6899999976158142,2025-01-11,1.1999999731779099,False
8813,50.0,-0.675000011920929,2025-01-11,1.1399999745190144,False
8814,50.0,-0.6600000262260437,2025-01-11,1.2399999722838402,False
8815,50.0,-0.6449999809265137,2025-01-11,1.2299999725073576,False
8816,50.0,-0.6299999952316284,2025-01-11,1.3799999691545963,False
8817,50.0,-0.6150000095367432,2025-01-11,1.4699999671429396,False
8818,50.0,-0.6000000238418579,2025-01-11,1.4399999678134918,False
8819,50.0,-0.5849999785423279,2025-01-11,1.3699999693781137,False
8820,50.0,-0.5699999928474426,2025-01-11,1.3199999704957008,False
8821,50.0,-0.5550000071525574,2025-01-11,1.1899999734014273,False
8822,50.0,-0.5400000214576721,2025-01-11,1.0799999758601189,False
8823,50.0,-0.5249999761581421,2025-01-11,1.099999975413084,False
8824,50.0,-0.5099999904632568,2025-01-11,1.1099999751895666,False
8825,50.0,-0.4950000047683716,2025-01-11,1.099999975413084,False
8826,50.0,-0.47999998927116394,2025-01-11,0.979999978095293,False
8827,50.0,-0.4650000035762787,2025-01-11,0.8999999798834324,False
8828,50.0,-0.44999998807907104,2025-01-11,0.8899999801069498,False
8829,50.0,-0.4350000023841858,2025-01-11,0.6899999845772982,False
8830,50.0,-0.41999998688697815,2025-01-11,0.4599999897181988,False
8831,50.0,-0.4050000011920929,2025-01-11,0.4499999899417162,False
8832,50.0,-0.38999998569488525,2025-01-11,0.41999999061226845,False
8833,50.0,-0.375,2025-01-11,0.4599999897181988,False
8834,50.0,-0.36000001430511475,2025-01-11,0.4399999901652336,False
8835,50.0,-0.3449999988079071,2025-01-11,0.42999999038875103,False
8836,50.0,-0.33000001311302185,2025-01-11,0.5399999879300594,False
8837,50.0,-0.3149999976158142,2025-01-11,0.5399999879300594,False
8838,50.0,-0.30000001192092896,2025-01-11,0.789999982342124,False
8839,50.0,-0.2849999964237213,2025-01-11,0.6899999845772982,False
8840,50.0,-0.27000001072883606,2025-01-11,0.4599999897181988,False
8841,50.0,-0.2549999952316284,2025-01-11,0.7099999841302633,False
8842,50.0,-0.23999999463558197,2025-01-11,0.6599999852478504,False
8843,50.0,-0.22499999403953552,2025-01-11,0.5899999868124723,False
8844,50.0,-0.20999999344348907,2025-01-11,0.5699999872595072,False
8845,50.0,-0.19499999284744263,2025-01-11,0.6299999859184027,False
8846,50.0,-0.18000000715255737,2025-01-11,0.5599999874830246,False
8847,50.0,-0.16500000655651093,2025-01-11,0.4499999899417162,False
8848,50.0,-0.15000000596046448,2025-01-11,0.18999999575316906,False
8849,50.0,-0.13500000536441803,2025-01-11,0.1599999964237213,False
8850,50.0,-0.11999999731779099,2025-01-11,0.42999999038875103,False
8851,50.0,-0.10499999672174454,2025-01-11,0.6199999861419201,False
8852,50.0,-0.09000000357627869,2025-01-11,0.7799999825656414,False
8853,50.0,-0.07500000298023224,2025-01-11,0.5799999870359898,False
8854,50.0,-0.05999999865889549,2025-01-11,0.36999999172985554,False
8855,50.0,-0.04500000178813934,2025-01-11,0.47999998927116394,False
8856,50.0,-0.029999999329447746,2025-01-11,0.5999999865889549,False
8857,50.0,-0.014999999664723873,2025-01-11,0.7299999836832285,False
8858,50.0,0.0,2025-01-11,1.0099999774247408,False
8859,50.0,0.014999999664723873,2025-01-11,1.1199999749660492,False
8860,50.0,0.029999999329447746,2025-01-11,1.1799999736249447,False
8861,50.0,0.04500000178813934,2025-01-11,0.979999978095293,False
8862,50.0,0.05999999865889549,2025-01-11,0.8899999801069498,False
8863,50.0,0.07500000298023224,2025-01-11,0.979999978095293,False
8864,50.0,0.09000000357627869,2025-01-11,1.0399999767541885,False
8865,50.0,0.10499999672174454,2025-01-11,1.269999971613288,False
8866,50.0,0.11999999731779099,2025-01-11,1.339999970048666,False
8867,50.0,0.13500000536441803,2025-01-11,1.579999964684248,False
8868,50.0,0.15000000596046448,2025-01-11,1.6199999637901783,False
8869,50.0,0.16500000655651093,2025-01-11,1.8799999579787254,False
8870,50.0,0.18000000715255737,2025-01-11,1.7599999606609344,False
8871,50.0,0.19499999284744263,2025-01-11,1.1399999745190144,False
8872,50.0,0.20999999344348907,2025-01-11,0.8199999816715717,False
8873,50.0,0.22499999403953552,2025-01-11,0.8599999807775021,False
8874,50.0,0.23999999463558197,2025-01-11,1.3199999704957008,False
8875,50.0,0.2549999952316284,2025-01-11,1.2599999718368053,False
8876,50.0,0.27000001072883606,2025-01-11,1.0599999763071537,False
8877,50.0,0.2849999964237213,2025-01-11,0.7099999841302633,False
8878,50.0,0.30000001192092896,2025-01-11,0.40999999083578587,False
8879,50.0,0.3149999976158142,2025-01-11,0.2699999939650297,False
8880,50.0,0.33000001311302185,2025-01-11,0.2199999950826168,False
8881,50.0,0.3449999988079071,2025-01-11,0.17999999597668648,False
8882,50.0,0.36000001430511475,2025-01-11,0.3799999915063381,False
8883,50.0,0.375,2025-01-11,0.42999999038875103,False
8884,50.0,0.38999998569488525,2025-01-11,0.3899999912828207,False
8885,50.0,0.4050000011920929,2025-01-11,0.5199999883770943,False
8886,50.0,0.41999998688697815,2025-01-11,0.47999998927116394,False
8887,50.0,0.4350000023841858,2025-01-11,0.40999999083578587,False
8888,50.0,0.44999998807907104,2025-01-11,0.5699999872595072,False
8889,50.0,0.4650000035762787,2025-01-11,0.4399999901652336,False
8890,50.0,0.47999998927116394,2025-01-11,0.4499999899417162,False
8891,50.0,0.4950000047683716,2025-01-11,0.5099999886006117,False
8892,50.0099983215332,-1.2450000047683716,2025-01-11,2.5499999430030584,False
8893,50.0099983215332,-1.2300000190734863,2025-01-11,2.43999994546175,False
8894,50.0099983215332,-1.215000033378601,2025-01-11,2.389999946579337,False
8895,50.0099983215332,-1.2000000476837158,2025-01-11,2.1699999514967203,False
8896,50.0099983215332,-1.184999942779541,2025-01-11,1.9999999552965164,False
8897,50.0099983215332,-1.1699999570846558,2025-01-11,2.1899999510496855,False
8898,50.0099983215332,-1.1549999713897705,2025-01-11,2.079999953508377,False
8899,50.0099983215332,-1.1399999856948853,2025-01-11,1.6799999624490738,False
8900,50.0099983215332,-1.125,2025-01-11,1.6899999622255564,False
8901,50.0099983215332,-1.1100000143051147,2025-01-11,1.4699999671429396,False
8902,50.0099983215332,-1.0950000286102295,2025-01-11,1.5899999644607306,False
8903,50.0099983215332,-1.0800000429153442,2025-01-11,1.6699999626725912,False
8904,50.0099983215332,-1.065000057220459,2025-01-11,1.6599999628961086,False
8905,50.0099983215332,-1.0499999523162842,2025-01-11,1.6199999637901783,False
8906,50.0099983215332,-1.034999966621399,2025-01-11,1.6299999635666609,False
8907,50.0099983215332,-1.0199999809265137,2025-01-11,1.5899999644607306,False
8908,50.0099983215332,-1.0049999952316284,2025-01-11,1.5599999651312828,False
8909,50.0099983215332,-0.9900000095367432,2025-01-11,1.5999999642372131,False
8910,50.0099983215332,-0.9750000238418579,2025-01-11,1.6099999640136957,False
8911,50.0099983215332,-0.9599999785423279,2025-01-11,1.4299999680370092,False
8912,50.0099983215332,-0.9449999928474426,2025-01-11,1.219999972730875,False
8913,50.0099983215332,-0.9300000071525574,2025-01-11,1.3699999693781137,False
8914,50.0099983215332,-0.9150000214576721,2025-01-11,1.0699999760836363,False
8915,50.0099983215332,-0.8999999761581421,2025-01-11,0.9399999789893627,False
8916,50.0099983215332,-0.8849999904632568,2025-01-11,0.8799999803304672,False
8917,50.0099983215332,-0.8700000047683716,2025-01-11,0.7599999830126762,False
8918,50.0099983215332,-0.8550000190734863,2025-01-11,0.8799999803304672,False
8919,50.0099983215332,-0.8399999737739563,2025-01-11,0.909999979659915,False
8920,50.0099983215332,-0.824999988079071,2025-01-11,0.9399999789893627,False
8921,50.0099983215332,-0.8100000023841858,2025-01-11,1.099999975413084,False
8922,50.0099983215332,-0.7950000166893005,2025-01-11,0.9599999785423279,False
8923,50.0099983215332,-0.7799999713897705,2025-01-11,1.0899999756366014,False
8924,50.0099983215332,-0.7649999856948853,2025-01-11,1.099999975413084,False
8925,50.0099983215332,-0.75,2025-01-11,1.029999976977706,False
8926,50.0099983215332,-0.7350000143051147,2025-01-11,1.0499999765306711,False
8927,50.0099983215332,-0.7200000286102295,2025-01-11,0.9499999787658453,False
8928,50.0099983215332,-0.7049999833106995,2025-01-11,0.9199999794363976,False
8929,50.0099983215332,-0.6899999976158142,2025-01-11,0.9999999776482582,False
8930,50.0099983215332,-0.675000011920929,2025-01-11,1.0099999774247408,False
8931,50.0099983215332,-0.6600000262260437,2025-01-11,1.0199999772012234,False
8932,50.0099983215332,-0.6449999809265137,2025-01-11,1.2599999718368053,False
8933,50.0099983215332,-0.6299999952316284,2025-01-11,1.2499999720603228,False
8934,50.0099983215332,-0.6150000095367432,2025-01-11,1.3499999698251486,False
8935,50.0099983215332,-0.6000000238418579,2025-01-11,1.3199999704957008,False
8936,50.0099983215332,-0.5849999785423279,2025-01-11,1.3599999696016312,False
8937,50.0099983215332,-0.5699999928474426,2025-01-11,1.219999972730875,False
8938,50.0099983215332,-0.5550000071525574,2025-01-11,1.1999999731779099,False
8939,50.0099983215332,-0.5400000214576721,2025-01-11,1.0199999772012234,False
8940,50.0099983215332,-0.5249999761581421,2025-01-11,0.9999999776482582,False
8941,50.0099983215332,-0.5099999904632568,2025-01-11,0.9599999785423279,False
8942,50.0099983215332,-0.4950000047683716,2025-01-11,0.9699999783188105,False
8943,50.0099983215332,-0.47999998927116394,2025-01-11,0.7999999821186066,False
8944,50.0099983215332,-0.4650000035762787,2025-01-11,0.7799999825656414,False
8945,50.0099983215332,-0.44999998807907104,2025-01-11,0.6599999852478504,False
8946,50.0099983215332,-0.4350000023841858,2025-01-11,0.4599999897181988,False
8947,50.0099983215332,-0.41999998688697815,2025-01-11,0.4499999899417162,False
8948,50.0099983215332,-0.4050000011920929,2025-01-11,0.4399999901652336,False
8949,50.0099983215332,-0.38999998569488525,2025-01-11,0.47999998927116394,False
8950,50.0099983215332,-0.375,2025-01-11,0.3899999912828207,False
8951,50.0099983215332,-0.36000001430511475,2025-01-11,0.4399999901652336,False
8952,50.0099983215332,-0.3449999988079071,2025-01-11,0.42999999038875103,False
8953,50.0099983215332,-0.33000001311302185,2025-01-11,0.5099999886006117,False
8954,50.0099983215332,-0.3149999976158142,2025-01-11,0.4599999897181988,False
8955,50.0099983215332,-0.30000001192092896,2025-01-11,0.549999987706542,False
8956,50.0099983215332,-0.2849999964237213,2025-01-11,0.4999999888241291,False
8957,50.0099983215332,-0.27000001072883606,2025-01-11,0.4899999890476465,False
8958,50.0099983215332,-0.2549999952316284,2025-01-11,0.6099999863654375,False
8959,50.0099983215332,-0.23999999463558197,2025-01-11,0.5799999870359898,False
8960,50.0099983215332,-0.22499999403953552,2025-01-11,0.42999999038875103,False
8961,50.0099983215332,-0.20999999344348907,2025-01-11,0.4999999888241291,False
8962,50.0099983215332,-0.19499999284744263,2025-01-11,0.3499999921768904,False
8963,50.0099983215332,-0.18000000715255737,2025-01-11,0.41999999061226845,False
8964,50.0099983215332,-0.16500000655651093,2025-01-11,0.30999999307096004,False
8965,50.0099983215332,-0.15000000596046448,2025-01-11,0.19999999552965164,False
8966,50.0099983215332,-0.13500000536441803,2025-01-11,0.24999999441206455,False
8967,50.0099983215332,-0.11999999731779099,2025-01-11,0.30999999307096004,False
8968,50.0099983215332,-0.10499999672174454,2025-01-11,0.5699999872595072,False
8969,50.0099983215332,-0.09000000357627869,2025-01-11,0.5099999886006117,False
8970,50.0099983215332,-0.07500000298023224,2025-01-11,0.47999998927116394,False
8971,50.0099983215332,-0.05999999865889549,2025-01-11,0.5899999868124723,False
8972,50.0099983215332,-0.04500000178813934,2025-01-11,0.6999999843537807,False
8973,50.0099983215332,-0.029999999329447746,2025-01-11,0.7299999836832285,False
8974,50.0099983215332,-0.014999999664723873,2025-01-11,0.9399999789893627,False
8975,50.0099983215332,0.0,2025-01-11,1.289999971166253,False
8976,50.0099983215332,0.014999999664723873,2025-01-11,1.3299999702721834,False
8977,50.0099983215332,0.029999999329447746,2025-01-11,1.3799999691545963,False
8978,50.0099983215332,0.04500000178813934,2025-01-11,1.2399999722838402,False
8979,50.0099983215332,0.05999999865889549,2025-01-11,0.979999978095293,False
8980,50.0099983215332,0.07500000298023224,2025-01-11,0.8899999801069498,False
8981,50.0099983215332,0.09000000357627869,2025-01-11,1.1399999745190144,False
8982,50.0099983215332,0.10499999672174454,2025-01-11,1.3999999687075615,False
8983,50.0099983215332,0.11999999731779099,2025-01-11,1.5899999644607306,False
8984,50.0099983215332,0.13500000536441803,2025-01-11,1.7999999597668648,False
8985,50.0099983215332,0.15000000596046448,2025-01-11,2.2099999506026506,False
8986,50.0099983215332,0.16500000655651093,2025-01-11,2.0899999532848597,False
8987,50.0099983215332,0.18000000715255737,2025-01-11,1.839999958872795,False
8988,50.0099983215332,0.19499999284744263,2025-01-11,1.50999996624887,False
8989,50.0099983215332,0.20999999344348907,2025-01-11,1.3999999687075615,False
8990,50.0099983215332,0.22499999403953552,2025-01-11,1.4399999678134918,False
8991,50.0099983215332,0.23999999463558197,2025-01-11,1.6699999626725912,False
8992,50.0099983215332,0.2549999952316284,2025-01-11,1.5599999651312828,False
8993,50.0099983215332,0.27000001072883606,2025-01-11,1.149999974295497,False
8994,50.0099983215332,0.2849999964237213,2025-01-11,0.7699999827891588,False
8995,50.0099983215332,0.30000001192092896,2025-01-11,0.41999999061226845,False
8996,50.0099983215332,0.3149999976158142,2025-01-11,0.40999999083578587,False
8997,50.0099983215332,0.33000001311302185,2025-01-11,0.2899999935179949,False
8998,50.0099983215332,0.3449999988079071,2025-01-11,0.30999999307096004,False
8999,50.0099983215332,0.36000001430511475,2025-01-11,0.2799999937415123,False
9000,50.0099983215332,0.375,2025-01-11,0.24999999441206455,False
9001,50.0099983215332,0.38999998569488525,2025-01-11,0.549999987706542,False
9002,50.0099983215332,0.4050000011920929,2025-01-11,0.549999987706542,False
9003,50.0099983215332,0.41999998688697815,2025-01-11,0.4899999890476465,False
9004,50.0099983215332,0.4350000023841858,2025-01-11,0.7199999839067459,False
9005,50.0099983215332,0.44999998807907104,2025-01-11,0.789999982342124,False
9006,50.0099983215332,0.4650000035762787,2025-01-11,0.9399999789893627,False
9007,50.0099983215332,0.47999998927116394,2025-01-11,0.9699999783188105,False
9008,50.0099983215332,0.4950000047683716,2025-01-11,0.7099999841302633,False
9009,50.02000045776367,-1.2450000047683716,2025-01-11,2.229999950155616,False
9010,50.02000045776367,-1.2300000190734863,2025-01-11,2.1599999517202377,False
9011,50.02000045776367,-1.215000033378601,2025-01-11,2.029999954625964,False
9012,50.02000045776367,-1.2000000476837158,2025-01-11,2.029999954625964,False
9013,50.02000045776367,-1.184999942779541,2025-01-11,1.8699999582022429,False
9014,50.02000045776367,-1.1699999570846558,2025-01-11,1.889999957755208,False
9015,50.02000045776367,-1.1549999713897705,2025-01-11,1.8699999582022429,False
9016,50.02000045776367,-1.1399999856948853,2025-01-11,1.6699999626725912,False
9017,50.02000045776367,-1.125,2025-01-11,1.4199999682605267,False
9018,50.02000045776367,-1.1100000143051147,2025-01-11,1.4799999669194221,False
9019,50.02000045776367,-1.0950000286102295,2025-01-11,1.4399999678134918,False
9020,50.02000045776367,-1.0800000429153442,2025-01-11,1.3999999687075615,False
9021,50.02000045776367,-1.065000057220459,2025-01-11,1.3699999693781137,False
9022,50.02000045776367,-1.0499999523162842,2025-01-11,1.219999972730875,False
9023,50.02000045776367,-1.034999966621399,2025-01-11,1.289999971166253,False
9024,50.02000045776367,-1.0199999809265137,2025-01-11,1.4299999680370092,False
9025,50.02000045776367,-1.0049999952316284,2025-01-11,1.4199999682605267,False
9026,50.02000045776367,-0.9900000095367432,2025-01-11,1.3999999687075615,False
9027,50.02000045776367,-0.9750000238418579,2025-01-11,1.2999999709427357,False
9028,50.02000045776367,-0.9599999785423279,2025-01-11,1.1599999740719795,False
9029,50.02000045776367,-0.9449999928474426,2025-01-11,1.1399999745190144,False
9030,50.02000045776367,-0.9300000071525574,2025-01-11,1.269999971613288,False
9031,50.02000045776367,-0.9150000214576721,2025-01-11,1.2499999720603228,False
9032,50.02000045776367,-0.8999999761581421,2025-01-11,1.099999975413084,False
9033,50.02000045776367,-0.8849999904632568,2025-01-11,1.099999975413084,False
9034,50.02000045776367,-0.8700000047683716,2025-01-11,1.1099999751895666,False
9035,50.02000045776367,-0.8550000190734863,2025-01-11,1.2599999718368053,False
9036,50.02000045776367,-0.8399999737739563,2025-01-11,1.0899999756366014,False
9037,50.02000045776367,-0.824999988079071,2025-01-11,1.2099999729543924,False
9038,50.02000045776367,-0.8100000023841858,2025-01-11,1.2599999718368053,False
9039,50.02000045776367,-0.7950000166893005,2025-01-11,1.3799999691545963,False
9040,50.02000045776367,-0.7799999713897705,2025-01-11,1.3299999702721834,False
9041,50.02000045776367,-0.7649999856948853,2025-01-11,1.339999970048666,False
9042,50.02000045776367,-0.75,2025-01-11,1.1799999736249447,False
9043,50.02000045776367,-0.7350000143051147,2025-01-11,0.909999979659915,False
9044,50.02000045776367,-0.7200000286102295,2025-01-11,0.9499999787658453,False
9045,50.02000045776367,-0.7049999833106995,2025-01-11,1.0099999774247408,False
9046,50.02000045776367,-0.6899999976158142,2025-01-11,0.8999999798834324,False
9047,50.02000045776367,-0.675000011920929,2025-01-11,0.8399999812245369,False
9048,50.02000045776367,-0.6600000262260437,2025-01-11,0.9999999776482582,False
9049,50.02000045776367,-0.6449999809265137,2025-01-11,1.1299999747425318,False
9050,50.02000045776367,-0.6299999952316284,2025-01-11,1.1899999734014273,False
9051,50.02000045776367,-0.6150000095367432,2025-01-11,1.169999973848462,False
9052,50.02000045776367,-0.6000000238418579,2025-01-11,1.1999999731779099,False
9053,50.02000045776367,-0.5849999785423279,2025-01-11,1.099999975413084,False
9054,50.02000045776367,-0.5699999928474426,2025-01-11,1.0699999760836363,False
9055,50.02000045776367,-0.5550000071525574,2025-01-11,1.0899999756366014,False
9056,50.02000045776367,-0.5400000214576721,2025-01-11,0.979999978095293,False
9057,50.02000045776367,-0.5249999761581421,2025-01-11,0.9499999787658453,False
9058,50.02000045776367,-0.5099999904632568,2025-01-11,0.8699999805539846,False
9059,50.02000045776367,-0.4950000047683716,2025-01-11,0.8799999803304672,False
9060,50.02000045776367,-0.47999998927116394,2025-01-11,0.6099999863654375,False
9061,50.02000045776367,-0.4650000035762787,2025-01-11,0.4999999888241291,False
9062,50.02000045776367,-0.44999998807907104,2025-01-11,0.5099999886006117,False
9063,50.02000045776367,-0.4350000023841858,2025-01-11,0.4899999890476465,False
9064,50.02000045776367,-0.41999998688697815,2025-01-11,0.46999998949468136,False
9065,50.02000045776367,-0.4050000011920929,2025-01-11,0.5099999886006117,False
9066,50.02000045776367,-0.38999998569488525,2025-01-11,0.5399999879300594,False
9067,50.02000045776367,-0.375,2025-01-11,0.4399999901652336,False
9068,50.02000045776367,-0.36000001430511475,2025-01-11,0.4899999890476465,False
9069,50.02000045776367,-0.3449999988079071,2025-01-11,0.5399999879300594,False
9070,50.02000045776367,-0.33000001311302185,2025-01-11,0.5599999874830246,False
9071,50.02000045776367,-0.3149999976158142,2025-01-11,0.5099999886006117,False
9072,50.02000045776367,-0.30000001192092896,2025-01-11,0.6199999861419201,False
9073,50.02000045776367,-0.2849999964237213,2025-01-11,0.41999999061226845,False
9074,50.02000045776367,-0.27000001072883606,2025-01-11,0.42999999038875103,False
9075,50.02000045776367,-0.2549999952316284,2025-01-11,0.5599999874830246,False
9076,50.02000045776367,-0.23999999463558197,2025-01-11,0.5099999886006117,False
9077,50.02000045776367,-0.22499999403953552,2025-01-11,0.5999999865889549,False
9078,50.02000045776367,-0.20999999344348907,2025-01-11,0.47999998927116394,False
9079,50.02000045776367,-0.19499999284744263,2025-01-11,0.40999999083578587,False
9080,50.02000045776367,-0.18000000715255737,2025-01-11,0.41999999061226845,False
9081,50.02000045776367,-0.16500000655651093,2025-01-11,0.35999999195337296,False
9082,50.02000045776367,-0.15000000596046448,2025-01-11,0.3299999926239252,False
9083,50.02000045776367,-0.13500000536441803,2025-01-11,0.2899999935179949,False
9084,50.02000045776367,-0.11999999731779099,2025-01-11,0.3999999910593033,False
9085,50.02000045776367,-0.10499999672174454,2025-01-11,0.5199999883770943,False
9086,50.02000045776367,-0.09000000357627869,2025-01-11,0.789999982342124,False
9087,50.02000045776367,-0.07500000298023224,2025-01-11,0.789999982342124,False
9088,50.02000045776367,-0.05999999865889549,2025-01-11,0.8999999798834324,False
9089,50.02000045776367,-0.04500000178813934,2025-01-11,0.909999979659915,False
9090,50.02000045776367,-0.029999999329447746,2025-01-11,1.0399999767541885,False
9091,50.02000045776367,-0.014999999664723873,2025-01-11,1.3199999704957008,False
9092,50.02000045776367,0.0,2025-01-11,1.6099999640136957,False
9093,50.02000045776367,0.014999999664723873,2025-01-11,1.6899999622255564,False
9094,50.02000045776367,0.029999999329447746,2025-01-11,1.9099999573081732,False
9095,50.02000045776367,0.04500000178813934,2025-01-11,1.6799999624490738,False
9096,50.02000045776367,0.05999999865889549,2025-01-11,1.169999973848462,False
9097,50.02000045776367,0.07500000298023224,2025-01-11,1.1299999747425318,False
9098,50.02000045776367,0.09000000357627869,2025-01-11,1.4299999680370092,False
9099,50.02000045776367,0.10499999672174454,2025-01-11,1.959999956190586,False
9100,50.02000045776367,0.11999999731779099,2025-01-11,2.179999951273203,False
9101,50.02000045776367,0.13500000536441803,2025-01-11,2.579999942332506,False
9102,50.02000045776367,0.15000000596046448,2025-01-11,2.6899999398738146,False
9103,50.02000045776367,0.16500000655651093,2025-01-11,2.4799999445676804,False
9104,50.02000045776367,0.18000000715255737,2025-01-11,2.2599999494850636,False
9105,50.02000045776367,0.19499999284744263,2025-01-11,1.9699999559670687,False
9106,50.02000045776367,0.20999999344348907,2025-01-11,1.8299999590963125,False
9107,50.02000045776367,0.22499999403953552,2025-01-11,1.6899999622255564,False
9108,50.02000045776367,0.23999999463558197,2025-01-11,1.7999999597668648,False
9109,50.02000045776367,0.2549999952316284,2025-01-11,1.5199999660253525,False
9110,50.02000045776367,0.27000001072883606,2025-01-11,1.149999974295497,False
9111,50.02000045776367,0.2849999964237213,2025-01-11,0.8699999805539846,False
9112,50.02000045776367,0.30000001192092896,2025-01-11,0.23999999463558197,False
9113,50.02000045776367,0.3149999976158142,2025-01-11,0.2699999939650297,False
9114,50.02000045776367,0.33000001311302185,2025-01-11,0.18999999575316906,False
9115,50.02000045776367,0.3449999988079071,2025-01-11,0.2699999939650297,False
9116,50.02000045776367,0.36000001430511475,2025-01-11,0.25999999418854713,False
9117,50.02000045776367,0.375,2025-01-11,0.3899999912828207,False
9118,50.02000045776367,0.38999998569488525,2025-01-11,0.4999999888241291,False
9119,50.02000045776367,0.4050000011920929,2025-01-11,0.6399999856948853,False
9120,50.02000045776367,0.41999998688697815,2025-01-11,0.7599999830126762,False
9121,50.02000045776367,0.4350000023841858,2025-01-11,0.8999999798834324,False
9122,50.02000045776367,0.44999998807907104,2025-01-11,1.1399999745190144,False
9123,50.02000045776367,0.4650000035762787,2025-01-11,1.1399999745190144,False
9124,50.02000045776367,0.47999998927116394,2025-01-11,0.9999999776482582,False
9125,50.02000045776367,0.4950000047683716,2025-01-11,0.6999999843537807,False
9126,50.029998779296875,-1.2450000047683716,2025-01-11,2.0999999530613422,False
9127,50.029998779296875,-1.2300000190734863,2025-01-11,1.959999956190586,False
9128,50.029998779296875,-1.215000033378601,2025-01-11,1.9099999573081732,False
9129,50.029998779296875,-1.2000000476837158,2025-01-11,1.7999999597668648,False
9130,50.029998779296875,-1.184999942779541,2025-01-11,1.7899999599903822,False
9131,50.029998779296875,-1.1699999570846558,2025-01-11,1.7999999597668648,False
9132,50.029998779296875,-1.1549999713897705,2025-01-11,2.009999955072999,False
9133,50.029998779296875,-1.1399999856948853,2025-01-11,1.7299999613314867,False
9134,50.029998779296875,-1.125,2025-01-11,1.5699999649077654,False
9135,50.029998779296875,-1.1100000143051147,2025-01-11,1.4999999664723873,False
9136,50.029998779296875,-1.0950000286102295,2025-01-11,1.4199999682605267,False
9137,50.029998779296875,-1.0800000429153442,2025-01-11,1.4199999682605267,False
9138,50.029998779296875,-1.065000057220459,2025-01-11,1.3099999707192183,False
9139,50.029998779296875,-1.0499999523162842,2025-01-11,1.1899999734014273,False
9140,50.029998779296875,-1.034999966621399,2025-01-11,0.9999999776482582,False
9141,50.029998779296875,-1.0199999809265137,2025-01-11,1.2599999718368053,False
9142,50.029998779296875,-1.0049999952316284,2025-01-11,1.3099999707192183,False
9143,50.029998779296875,-0.9900000095367432,2025-01-11,1.2999999709427357,False
9144,50.029998779296875,-0.9750000238418579,2025-01-11,1.219999972730875,False
9145,50.029998779296875,-0.9599999785423279,2025-01-11,1.1299999747425318,False
9146,50.029998779296875,-0.9449999928474426,2025-01-11,1.0799999758601189,False
9147,50.029998779296875,-0.9300000071525574,2025-01-11,1.029999976977706,False
9148,50.029998779296875,-0.9150000214576721,2025-01-11,1.1799999736249447,False
9149,50.029998779296875,-0.8999999761581421,2025-01-11,1.269999971613288,False
9150,50.029998779296875,-0.8849999904632568,2025-01-11,1.2599999718368053,False
9151,50.029998779296875,-0.8700000047683716,2025-01-11,1.3799999691545963,False
9152,50.029998779296875,-0.8550000190734863,2025-01-11,1.579999964684248,False
9153,50.029998779296875,-0.8399999737739563,2025-01-11,1.4799999669194221,False
9154,50.029998779296875,-0.824999988079071,2025-01-11,1.4399999678134918,False
9155,50.029998779296875,-0.8100000023841858,2025-01-11,1.5599999651312828,False
9156,50.029998779296875,-0.7950000166893005,2025-01-11,1.50999996624887,False
9157,50.029998779296875,-0.7799999713897705,2025-01-11,1.4899999666959047,False
9158,50.029998779296875,-0.7649999856948853,2025-01-11,1.409999968484044,False
9159,50.029998779296875,-0.75,2025-01-11,1.3299999702721834,False
9160,50.029998779296875,-0.7350000143051147,2025-01-11,1.0499999765306711,False
9161,50.029998779296875,-0.7200000286102295,2025-01-11,0.9599999785423279,False
9162,50.029998779296875,-0.7049999833106995,2025-01-11,0.9699999783188105,False
9163,50.029998779296875,-0.6899999976158142,2025-01-11,0.8599999807775021,False
9164,50.029998779296875,-0.675000011920929,2025-01-11,0.8899999801069498,False
9165,50.029998779296875,-0.6600000262260437,2025-01-11,1.0099999774247408,False
9166,50.029998779296875,-0.6449999809265137,2025-01-11,1.169999973848462,False
9167,50.029998779296875,-0.6299999952316284,2025-01-11,1.0899999756366014,False
9168,50.029998779296875,-0.6150000095367432,2025-01-11,1.0899999756366014,False
9169,50.029998779296875,-0.6000000238418579,2025-01-11,0.9699999783188105,False
9170,50.029998779296875,-0.5849999785423279,2025-01-11,0.9399999789893627,False
9171,50.029998779296875,-0.5699999928474426,2025-01-11,0.9699999783188105,False
9172,50.029998779296875,-0.5550000071525574,2025-01-11,0.9299999792128801,False
9173,50.029998779296875,-0.5400000214576721,2025-01-11,0.909999979659915,False
9174,50.029998779296875,-0.5249999761581421,2025-01-11,0.8299999814480543,False
9175,50.029998779296875,-0.5099999904632568,2025-01-11,0.8099999818950891,False
9176,50.029998779296875,-0.4950000047683716,2025-01-11,0.6799999848008156,False
9177,50.029998779296875,-0.47999998927116394,2025-01-11,0.5799999870359898,False
9178,50.029998779296875,-0.4650000035762787,2025-01-11,0.6299999859184027,False
9179,50.029998779296875,-0.44999998807907104,2025-01-11,0.5599999874830246,False
9180,50.029998779296875,-0.4350000023841858,2025-01-11,0.5799999870359898,False
9181,50.029998779296875,-0.41999998688697815,2025-01-11,0.47999998927116394,False
9182,50.029998779296875,-0.4050000011920929,2025-01-11,0.5099999886006117,False
9183,50.029998779296875,-0.38999998569488525,2025-01-11,0.4999999888241291,False
9184,50.029998779296875,-0.375,2025-01-11,0.549999987706542,False
9185,50.029998779296875,-0.36000001430511475,2025-01-11,0.4999999888241291,False
9186,50.029998779296875,-0.3449999988079071,2025-01-11,0.5099999886006117,False
9187,50.029998779296875,-0.33000001311302185,2025-01-11,0.5699999872595072,False
9188,50.029998779296875,-0.3149999976158142,2025-01-11,0.5599999874830246,False
9189,50.029998779296875,-0.30000001192092896,2025-01-11,0.5699999872595072,False
9190,50.029998779296875,-0.2849999964237213,2025-01-11,0.47999998927116394,False
9191,50.029998779296875,-0.27000001072883606,2025-01-11,0.4399999901652336,False
9192,50.029998779296875,-0.2549999952316284,2025-01-11,0.42999999038875103,False
9193,50.029998779296875,-0.23999999463558197,2025-01-11,0.5299999881535769,False
9194,50.029998779296875,-0.22499999403953552,2025-01-11,0.5799999870359898,False
9195,50.029998779296875,-0.20999999344348907,2025-01-11,0.5599999874830246,False
9196,50.029998779296875,-0.19499999284744263,2025-01-11,0.6399999856948853,False
9197,50.029998779296875,-0.18000000715255737,2025-01-11,0.6199999861419201,False
9198,50.029998779296875,-0.16500000655651093,2025-01-11,0.7199999839067459,False
9199,50.029998779296875,-0.15000000596046448,2025-01-11,0.5299999881535769,False
9200,50.029998779296875,-0.13500000536441803,2025-01-11,0.5299999881535769,False
9201,50.029998779296875,-0.11999999731779099,2025-01-11,0.5399999879300594,False
9202,50.029998779296875,-0.10499999672174454,2025-01-11,0.6499999854713678,False
9203,50.029998779296875,-0.09000000357627869,2025-01-11,0.8999999798834324,False
9204,50.029998779296875,-0.07500000298023224,2025-01-11,1.0199999772012234,False
9205,50.029998779296875,-0.05999999865889549,2025-01-11,1.0899999756366014,False
9206,50.029998779296875,-0.04500000178813934,2025-01-11,1.269999971613288,False
9207,50.029998779296875,-0.029999999329447746,2025-01-11,1.3299999702721834,False
9208,50.029998779296875,-0.014999999664723873,2025-01-11,1.5899999644607306,False
9209,50.029998779296875,0.0,2025-01-11,2.109999952837825,False
9210,50.029998779296875,0.014999999664723873,2025-01-11,2.2599999494850636,False
9211,50.029998779296875,0.029999999329447746,2025-01-11,2.2899999488145113,False
9212,50.029998779296875,0.04500000178813934,2025-01-11,1.9699999559670687,False
9213,50.029998779296875,0.05999999865889549,2025-01-11,1.6699999626725912,False
9214,50.029998779296875,0.07500000298023224,2025-01-11,1.7199999615550041,False
9215,50.029998779296875,0.09000000357627869,2025-01-11,1.9899999555200338,False
9216,50.029998779296875,0.10499999672174454,2025-01-11,2.4799999445676804,False
9217,50.029998779296875,0.11999999731779099,2025-01-11,2.779999937862158,False
9218,50.029998779296875,0.13500000536441803,2025-01-11,3.1399999298155308,False
9219,50.029998779296875,0.15000000596046448,2025-01-11,3.009999932721257,False
9220,50.029998779296875,0.16500000655651093,2025-01-11,2.939999934285879,False
9221,50.029998779296875,0.18000000715255737,2025-01-11,2.5999999418854713,False
9222,50.029998779296875,0.19499999284744263,2025-01-11,2.419999945908785,False
9223,50.029998779296875,0.20999999344348907,2025-01-11,2.059999953955412,False
9224,50.029998779296875,0.22499999403953552,2025-01-11,2.009999955072999,False
9225,50.029998779296875,0.23999999463558197,2025-01-11,1.579999964684248,False
9226,50.029998779296875,0.2549999952316284,2025-01-11,1.169999973848462,False
9227,50.029998779296875,0.27000001072883606,2025-01-11,1.1399999745190144,False
9228,50.029998779296875,0.2849999964237213,2025-01-11,0.8999999798834324,False
9229,50.029998779296875,0.30000001192092896,2025-01-11,0.35999999195337296,False
9230,50.029998779296875,0.3149999976158142,2025-01-11,0.29999999329447746,False
9231,50.029998779296875,0.33000001311302185,2025-01-11,0.29999999329447746,False
9232,50.029998779296875,0.3449999988079071,2025-01-11,0.3399999924004078,False
9233,50.029998779296875,0.36000001430511475,2025-01-11,0.3299999926239252,False
9234,50.029998779296875,0.375,2025-01-11,0.4999999888241291,False
9235,50.029998779296875,0.38999998569488525,2025-01-11,0.6899999845772982,False
9236,50.029998779296875,0.4050000011920929,2025-01-11,0.909999979659915,False
9237,50.029998779296875,0.41999998688697815,2025-01-11,1.169999973848462,False
9238,50.029998779296875,0.4350000023841858,2025-01-11,1.339999970048666,False
9239,50.029998779296875,0.44999998807907104,2025-01-11,1.2299999725073576,False
9240,50.029998779296875,0.4650000035762787,2025-01-11,1.169999973848462,False
9241,50.029998779296875,0.47999998927116394,2025-01-11,1.0399999767541885,False
9242,50.029998779296875,0.4950000047683716,2025-01-11,0.7399999834597111,False
9243,50.040000915527344,-1.2450000047683716,2025-01-11,1.959999956190586,False
9244,50.040000915527344,-1.2300000190734863,2025-01-11,1.889999957755208,False
9245,50.040000915527344,-1.215000033378601,2025-01-11,1.699999962002039,False
9246,50.040000915527344,-1.2000000476837158,2025-01-11,1.7599999606609344,False
9247,50.040000915527344,-1.184999942779541,2025-01-11,1.8799999579787254,False
9248,50.040000915527344,-1.1699999570846558,2025-01-11,1.959999956190586,False
9249,50.040000915527344,-1.1549999713897705,2025-01-11,2.0199999548494816,False
9250,50.040000915527344,-1.1399999856948853,2025-01-11,2.0199999548494816,False
9251,50.040000915527344,-1.125,2025-01-11,1.889999957755208,False
9252,50.040000915527344,-1.1100000143051147,2025-01-11,1.7299999613314867,False
9253,50.040000915527344,-1.0950000286102295,2025-01-11,1.50999996624887,False
9254,50.040000915527344,-1.0800000429153442,2025-01-11,1.4699999671429396,False
9255,50.040000915527344,-1.065000057220459,2025-01-11,1.3799999691545963,False
9256,50.040000915527344,-1.0499999523162842,2025-01-11,1.269999971613288,False
9257,50.040000915527344,-1.034999966621399,2025-01-11,1.219999972730875,False
9258,50.040000915527344,-1.0199999809265137,2025-01-11,1.1999999731779099,False
9259,50.040000915527344,-1.0049999952316284,2025-01-11,1.2399999722838402,False
9260,50.040000915527344,-0.9900000095367432,2025-01-11,1.169999973848462,False
9261,50.040000915527344,-0.9750000238418579,2025-01-11,1.169999973848462,False
9262,50.040000915527344,-0.9599999785423279,2025-01-11,1.099999975413084,False
9263,50.040000915527344,-0.9449999928474426,2025-01-11,1.1399999745190144,False
9264,50.040000915527344,-0.9300000071525574,2025-01-11,1.0899999756366014,False
9265,50.040000915527344,-0.9150000214576721,2025-01-11,1.2099999729543924,False
9266,50.040000915527344,-0.8999999761581421,2025-01-11,1.4399999678134918,False
9267,50.040000915527344,-0.8849999904632568,2025-01-11,1.6799999624490738,False
9268,50.040000915527344,-0.8700000047683716,2025-01-11,1.5999999642372131,False
9269,50.040000915527344,-0.8550000190734863,2025-01-11,1.5899999644607306,False
9270,50.040000915527344,-0.8399999737739563,2025-01-11,1.5599999651312828,False
9271,50.040000915527344,-0.824999988079071,2025-01-11,1.579999964684248,False
9272,50.040000915527344,-0.8100000023841858,2025-01-11,1.579999964684248,False
9273,50.040000915527344,-0.7950000166893005,2025-01-11,1.459999967366457,False
9274,50.040000915527344,-0.7799999713897705,2025-01-11,1.5899999644607306,False
9275,50.040000915527344,-0.7649999856948853,2025-01-11,1.4699999671429396,False
9276,50.040000915527344,-0.75,2025-01-11,1.3599999696016312,False
9277,50.040000915527344,-0.7350000143051147,2025-01-11,1.1099999751895666,False
9278,50.040000915527344,-0.7200000286102295,2025-01-11,0.9699999783188105,False
9279,50.040000915527344,-0.7049999833106995,2025-01-11,0.8099999818950891,False
9280,50.040000915527344,-0.6899999976158142,2025-01-11,0.8899999801069498,False
9281,50.040000915527344,-0.675000011920929,2025-01-11,0.9299999792128801,False
9282,50.040000915527344,-0.6600000262260437,2025-01-11,1.1099999751895666,False
9283,50.040000915527344,-0.6449999809265137,2025-01-11,1.219999972730875,False
9284,50.040000915527344,-0.6299999952316284,2025-01-11,1.1399999745190144,False
9285,50.040000915527344,-0.6150000095367432,2025-01-11,0.9999999776482582,False
9286,50.040000915527344,-0.6000000238418579,2025-01-11,0.8399999812245369,False
9287,50.040000915527344,-0.5849999785423279,2025-01-11,0.6999999843537807,False
9288,50.040000915527344,-0.5699999928474426,2025-01-11,0.669999985024333,False
9289,50.040000915527344,-0.5550000071525574,2025-01-11,0.8299999814480543,False
9290,50.040000915527344,-0.5400000214576721,2025-01-11,0.7099999841302633,False
9291,50.040000915527344,-0.5249999761581421,2025-01-11,0.6799999848008156,False
9292,50.040000915527344,-0.5099999904632568,2025-01-11,0.7299999836832285,False
9293,50.040000915527344,-0.4950000047683716,2025-01-11,0.5999999865889549,False
9294,50.040000915527344,-0.47999998927116394,2025-01-11,0.6499999854713678,False
9295,50.040000915527344,-0.4650000035762787,2025-01-11,0.5899999868124723,False
9296,50.040000915527344,-0.44999998807907104,2025-01-11,0.6599999852478504,False
9297,50.040000915527344,-0.4350000023841858,2025-01-11,0.6199999861419201,False
9298,50.040000915527344,-0.41999998688697815,2025-01-11,0.7299999836832285,False
9299,50.040000915527344,-0.4050000011920929,2025-01-11,0.5899999868124723,False
9300,50.040000915527344,-0.38999998569488525,2025-01-11,0.6399999856948853,False
9301,50.040000915527344,-0.375,2025-01-11,0.5799999870359898,False
9302,50.040000915527344,-0.36000001430511475,2025-01-11,0.5699999872595072,False
9303,50.040000915527344,-0.3449999988079071,2025-01-11,0.6099999863654375,False
9304,50.040000915527344,-0.33000001311302185,2025-01-11,0.549999987706542,False
9305,50.040000915527344,-0.3149999976158142,2025-01-11,0.5299999881535769,False
9306,50.040000915527344,-0.30000001192092896,2025-01-11,0.5299999881535769,False
9307,50.040000915527344,-0.2849999964237213,2025-01-11,0.5199999883770943,False
9308,50.040000915527344,-0.27000001072883606,2025-01-11,0.47999998927116394,False
9309,50.040000915527344,-0.2549999952316284,2025-01-11,0.4499999899417162,False
9310,50.040000915527344,-0.23999999463558197,2025-01-11,0.6099999863654375,False
9311,50.040000915527344,-0.22499999403953552,2025-01-11,0.6799999848008156,False
9312,50.040000915527344,-0.20999999344348907,2025-01-11,0.6099999863654375,False
9313,50.040000915527344,-0.19499999284744263,2025-01-11,0.789999982342124,False
9314,50.040000915527344,-0.18000000715255737,2025-01-11,0.7799999825656414,False
9315,50.040000915527344,-0.16500000655651093,2025-01-11,0.7199999839067459,False
9316,50.040000915527344,-0.15000000596046448,2025-01-11,0.6599999852478504,False
9317,50.040000915527344,-0.13500000536441803,2025-01-11,0.6799999848008156,False
9318,50.040000915527344,-0.11999999731779099,2025-01-11,0.789999982342124,False
9319,50.040000915527344,-0.10499999672174454,2025-01-11,0.8999999798834324,False
9320,50.040000915527344,-0.09000000357627869,2025-01-11,1.149999974295497,False
9321,50.040000915527344,-0.07500000298023224,2025-01-11,1.3299999702721834,False
9322,50.040000915527344,-0.05999999865889549,2025-01-11,1.339999970048666,False
9323,50.040000915527344,-0.04500000178813934,2025-01-11,1.5599999651312828,False
9324,50.040000915527344,-0.029999999329447746,2025-01-11,1.529999965801835,False
9325,50.040000915527344,-0.014999999664723873,2025-01-11,1.6799999624490738,False
9326,50.040000915527344,0.0,2025-01-11,2.009999955072999,False
9327,50.040000915527344,0.014999999664723873,2025-01-11,2.2599999494850636,False
9328,50.040000915527344,0.029999999329447746,2025-01-11,2.349999947473407,False
9329,50.040000915527344,0.04500000178813934,2025-01-11,2.2099999506026506,False
9330,50.040000915527344,0.05999999865889549,2025-01-11,2.2799999490380287,False
9331,50.040000915527344,0.07500000298023224,2025-01-11,2.229999950155616,False
9332,50.040000915527344,0.09000000357627869,2025-01-11,2.369999947026372,False
9333,50.040000915527344,0.10499999672174454,2025-01-11,2.799999937415123,False
9334,50.040000915527344,0.11999999731779099,2025-01-11,3.159999929368496,False
9335,50.040000915527344,0.13500000536441803,2025-01-11,3.1499999295920134,False
9336,50.040000915527344,0.15000000596046448,2025-01-11,3.229999927803874,False
9337,50.040000915527344,0.16500000655651093,2025-01-11,3.129999930039048,False
9338,50.040000915527344,0.18000000715255737,2025-01-11,2.7399999387562275,False
9339,50.040000915527344,0.19499999284744263,2025-01-11,2.699999939650297,False
9340,50.040000915527344,0.20999999344348907,2025-01-11,2.4799999445676804,False
9341,50.040000915527344,0.22499999403953552,2025-01-11,2.1199999526143074,False
9342,50.040000915527344,0.23999999463558197,2025-01-11,1.1999999731779099,False
9343,50.040000915527344,0.2549999952316284,2025-01-11,1.1299999747425318,False
9344,50.040000915527344,0.27000001072883606,2025-01-11,1.029999976977706,False
9345,50.040000915527344,0.2849999964237213,2025-01-11,0.5699999872595072,False
9346,50.040000915527344,0.30000001192092896,2025-01-11,0.3299999926239252,False
9347,50.040000915527344,0.3149999976158142,2025-01-11,0.42999999038875103,False
9348,50.040000915527344,0.33000001311302185,2025-01-11,0.4399999901652336,False
9349,50.040000915527344,0.3449999988079071,2025-01-11,0.5399999879300594,False
9350,50.040000915527344,0.36000001430511475,2025-01-11,0.5199999883770943,False
9351,50.040000915527344,0.375,2025-01-11,0.6999999843537807,False
9352,50.040000915527344,0.38999998569488525,2025-01-11,0.8199999816715717,False
9353,50.040000915527344,0.4050000011920929,2025-01-11,1.1899999734014273,False
9354,50.040000915527344,0.41999998688697815,2025-01-11,1.2099999729543924,False
9355,50.040000915527344,0.4350000023841858,2025-01-11,1.389999968931079,False
9356,50.040000915527344,0.44999998807907104,2025-01-11,1.2399999722838402,False
9357,50.040000915527344,0.4650000035762787,2025-01-11,1.2099999729543924,False
9358,50.040000915527344,0.47999998927116394,2025-01-11,1.0099999774247408,False
9359,50.040000915527344,0.4950000047683716,2025-01-11,0.7099999841302633,False
9360,50.04999923706055,-1.2450000047683716,2025-01-11,1.699999962002039,False
9361,50.04999923706055,-1.2300000190734863,2025-01-11,1.9299999568611383,False
9362,50.04999923706055,-1.215000033378601,2025-01-11,1.7799999602138996,False
9363,50.04999923706055,-1.2000000476837158,2025-01-11,1.769999960437417,False
9364,50.04999923706055,-1.184999942779541,2025-01-11,1.7999999597668648,False
9365,50.04999923706055,-1.1699999570846558,2025-01-11,1.8999999575316906,False
9366,50.04999923706055,-1.1549999713897705,2025-01-11,2.009999955072999,False
9367,50.04999923706055,-1.1399999856948853,2025-01-11,2.079999953508377,False
9368,50.04999923706055,-1.125,2025-01-11,1.9199999570846558,False
9369,50.04999923706055,-1.1100000143051147,2025-01-11,1.8499999586492777,False
9370,50.04999923706055,-1.0950000286102295,2025-01-11,1.6799999624490738,False
9371,50.04999923706055,-1.0800000429153442,2025-01-11,1.6799999624490738,False
9372,50.04999923706055,-1.065000057220459,2025-01-11,1.579999964684248,False
9373,50.04999923706055,-1.0499999523162842,2025-01-11,1.4799999669194221,False
9374,50.04999923706055,-1.034999966621399,2025-01-11,1.389999968931079,False
9375,50.04999923706055,-1.0199999809265137,2025-01-11,1.2999999709427357,False
9376,50.04999923706055,-1.0049999952316284,2025-01-11,1.389999968931079,False
9377,50.04999923706055,-0.9900000095367432,2025-01-11,1.1999999731779099,False
9378,50.04999923706055,-0.9750000238418579,2025-01-11,1.0899999756366014,False
9379,50.04999923706055,-0.9599999785423279,2025-01-11,0.9999999776482582,False
9380,50.04999923706055,-0.9449999928474426,2025-01-11,1.0599999763071537,False
9381,50.04999923706055,-0.9300000071525574,2025-01-11,1.1299999747425318,False
9382,50.04999923706055,-0.9150000214576721,2025-01-11,1.3299999702721834,False
9383,50.04999923706055,-0.8999999761581421,2025-01-11,1.5399999655783176,False
9384,50.04999923706055,-0.8849999904632568,2025-01-11,1.6099999640136957,False
9385,50.04999923706055,-0.8700000047683716,2025-01-11,1.5999999642372131,False
9386,50.04999923706055,-0.8550000190734863,2025-01-11,1.6399999633431435,False
9387,50.04999923706055,-0.8399999737739563,2025-01-11,1.5699999649077654,False
9388,50.04999923706055,-0.824999988079071,2025-01-11,1.5499999653548002,False
9389,50.04999923706055,-0.8100000023841858,2025-01-11,1.4999999664723873,False
9390,50.04999923706055,-0.7950000166893005,2025-01-11,1.5399999655783176,False
9391,50.04999923706055,-0.7799999713897705,2025-01-11,1.699999962002039,False
9392,50.04999923706055,-0.7649999856948853,2025-01-11,1.4399999678134918,False
9393,50.04999923706055,-0.75,2025-01-11,1.3699999693781137,False
9394,50.04999923706055,-0.7350000143051147,2025-01-11,1.2599999718368053,False
9395,50.04999923706055,-0.7200000286102295,2025-01-11,1.2299999725073576,False
9396,50.04999923706055,-0.7049999833106995,2025-01-11,1.0499999765306711,False
9397,50.04999923706055,-0.6899999976158142,2025-01-11,0.9999999776482582,False
9398,50.04999923706055,-0.675000011920929,2025-01-11,1.1099999751895666,False
9399,50.04999923706055,-0.6600000262260437,2025-01-11,1.169999973848462,False
9400,50.04999923706055,-0.6449999809265137,2025-01-11,1.2099999729543924,False
9401,50.04999923706055,-0.6299999952316284,2025-01-11,1.2399999722838402,False
9402,50.04999923706055,-0.6150000095367432,2025-01-11,0.979999978095293,False
9403,50.04999923706055,-0.6000000238418579,2025-01-11,0.6899999845772982,False
9404,50.04999923706055,-0.5849999785423279,2025-01-11,0.7099999841302633,False
9405,50.04999923706055,-0.5699999928474426,2025-01-11,0.6299999859184027,False
9406,50.04999923706055,-0.5550000071525574,2025-01-11,0.6299999859184027,False
9407,50.04999923706055,-0.5400000214576721,2025-01-11,0.6299999859184027,False
9408,50.04999923706055,-0.5249999761581421,2025-01-11,0.6999999843537807,False
9409,50.04999923706055,-0.5099999904632568,2025-01-11,0.7799999825656414,False
9410,50.04999923706055,-0.4950000047683716,2025-01-11,0.7199999839067459,False
9411,50.04999923706055,-0.47999998927116394,2025-01-11,0.6299999859184027,False
9412,50.04999923706055,-0.4650000035762787,2025-01-11,0.6099999863654375,False
9413,50.04999923706055,-0.44999998807907104,2025-01-11,0.6799999848008156,False
9414,50.04999923706055,-0.4350000023841858,2025-01-11,0.8199999816715717,False
9415,50.04999923706055,-0.41999998688697815,2025-01-11,0.9599999785423279,False
9416,50.04999923706055,-0.4050000011920929,2025-01-11,1.0499999765306711,False
9417,50.04999923706055,-0.38999998569488525,2025-01-11,0.9999999776482582,False
9418,50.04999923706055,-0.375,2025-01-11,0.8899999801069498,False
9419,50.04999923706055,-0.36000001430511475,2025-01-11,0.7099999841302633,False
9420,50.04999923706055,-0.3449999988079071,2025-01-11,0.6299999859184027,False
9421,50.04999923706055,-0.33000001311302185,2025-01-11,0.5899999868124723,False
9422,50.04999923706055,-0.3149999976158142,2025-01-11,0.549999987706542,False
9423,50.04999923706055,-0.30000001192092896,2025-01-11,0.5799999870359898,False
9424,50.04999923706055,-0.2849999964237213,2025-01-11,0.6299999859184027,False
9425,50.04999923706055,-0.27000001072883606,2025-01-11,0.6399999856948853,False
9426,50.04999923706055,-0.2549999952316284,2025-01-11,0.669999985024333,False
9427,50.04999923706055,-0.23999999463558197,2025-01-11,0.6199999861419201,False
9428,50.04999923706055,-0.22499999403953552,2025-01-11,0.669999985024333,False
9429,50.04999923706055,-0.20999999344348907,2025-01-11,0.8399999812245369,False
9430,50.04999923706055,-0.19499999284744263,2025-01-11,0.7999999821186066,False
9431,50.04999923706055,-0.18000000715255737,2025-01-11,1.0599999763071537,False
9432,50.04999923706055,-0.16500000655651093,2025-01-11,0.8599999807775021,False
9433,50.04999923706055,-0.15000000596046448,2025-01-11,0.8499999810010195,False
9434,50.04999923706055,-0.13500000536441803,2025-01-11,1.0199999772012234,False
9435,50.04999923706055,-0.11999999731779099,2025-01-11,1.0699999760836363,False
9436,50.04999923706055,-0.10499999672174454,2025-01-11,1.1599999740719795,False
9437,50.04999923706055,-0.09000000357627869,2025-01-11,1.289999971166253,False
9438,50.04999923706055,-0.07500000298023224,2025-01-11,1.4999999664723873,False
9439,50.04999923706055,-0.05999999865889549,2025-01-11,1.6099999640136957,False
9440,50.04999923706055,-0.04500000178813934,2025-01-11,1.7199999615550041,False
9441,50.04999923706055,-0.029999999329447746,2025-01-11,1.6799999624490738,False
9442,50.04999923706055,-0.014999999664723873,2025-01-11,1.9199999570846558,False
9443,50.04999923706055,0.0,2025-01-11,1.9799999557435513,False
9444,50.04999923706055,0.014999999664723873,2025-01-11,2.1899999510496855,False
9445,50.04999923706055,0.029999999329447746,2025-01-11,2.4299999456852674,False
9446,50.04999923706055,0.04500000178813934,2025-01-11,2.4299999456852674,False
9447,50.04999923706055,0.05999999865889549,2025-01-11,2.4299999456852674,False
9448,50.04999923706055,0.07500000298023224,2025-01-11,2.4299999456852674,False
9449,50.04999923706055,0.09000000357627869,2025-01-11,2.7399999387562275,False
9450,50.04999923706055,0.10499999672174454,2025-01-11,3.1899999286979437,False
9451,50.04999923706055,0.11999999731779099,2025-01-11,3.2599999271333218,False
9452,50.04999923706055,0.13500000536441803,2025-01-11,3.179999928921461,False
9453,50.04999923706055,0.15000000596046448,2025-01-11,3.0999999307096004,False
9454,50.04999923706055,0.16500000655651093,2025-01-11,3.0699999313801527,False
9455,50.04999923706055,0.18000000715255737,2025-01-11,2.819999936968088,False
9456,50.04999923706055,0.19499999284744263,2025-01-11,2.779999937862158,False
9457,50.04999923706055,0.20999999344348907,2025-01-11,2.509999943897128,False
9458,50.04999923706055,0.22499999403953552,2025-01-11,1.8299999590963125,False
9459,50.04999923706055,0.23999999463558197,2025-01-11,0.979999978095293,False
9460,50.04999923706055,0.2549999952316284,2025-01-11,0.9899999778717756,False
9461,50.04999923706055,0.27000001072883606,2025-01-11,0.9599999785423279,False
9462,50.04999923706055,0.2849999964237213,2025-01-11,0.6499999854713678,False
9463,50.04999923706055,0.30000001192092896,2025-01-11,0.4599999897181988,False
9464,50.04999923706055,0.3149999976158142,2025-01-11,0.47999998927116394,False
9465,50.04999923706055,0.33000001311302185,2025-01-11,0.47999998927116394,False
9466,50.04999923706055,0.3449999988079071,2025-01-11,0.7699999827891588,False
9467,50.04999923706055,0.36000001430511475,2025-01-11,0.8999999798834324,False
9468,50.04999923706055,0.375,2025-01-11,0.8499999810010195,False
9469,50.04999923706055,0.38999998569488525,2025-01-11,0.9999999776482582,False
9470,50.04999923706055,0.4050000011920929,2025-01-11,1.1399999745190144,False
9471,50.04999923706055,0.41999998688697815,2025-01-11,1.2999999709427357,False
9472,50.04999923706055,0.4350000023841858,2025-01-11,1.2599999718368053,False
9473,50.04999923706055,0.44999998807907104,2025-01-11,1.0899999756366014,False
9474,50.04999923706055,0.4650000035762787,2025-01-11,0.6899999845772982,False
9475,50.04999923706055,0.47999998927116394,2025-01-11,0.7499999832361937,False
9476,50.04999923706055,0.4950000047683716,2025-01-11,0.3199999928474426,False
9477,50.060001373291016,-1.2450000047683716,2025-01-11,1.579999964684248,False
9478,50.060001373291016,-1.2300000190734863,2025-01-11,1.7499999608844519,False
9479,50.060001373291016,-1.215000033378601,2025-01-11,1.8699999582022429,False
9480,50.060001373291016,-1.2000000476837158,2025-01-11,1.81999995931983,False
9481,50.060001373291016,-1.184999942779541,2025-01-11,1.8799999579787254,False
9482,50.060001373291016,-1.1699999570846558,2025-01-11,1.9699999559670687,False
9483,50.060001373291016,-1.1549999713897705,2025-01-11,2.109999952837825,False
9484,50.060001373291016,-1.1399999856948853,2025-01-11,2.0699999537318945,False
9485,50.060001373291016,-1.125,2025-01-11,2.0199999548494816,False
9486,50.060001373291016,-1.1100000143051147,2025-01-11,1.9899999555200338,False
9487,50.060001373291016,-1.0950000286102295,2025-01-11,1.839999958872795,False
9488,50.060001373291016,-1.0800000429153442,2025-01-11,1.7999999597668648,False
9489,50.060001373291016,-1.065000057220459,2025-01-11,1.81999995931983,False
9490,50.060001373291016,-1.0499999523162842,2025-01-11,1.7199999615550041,False
9491,50.060001373291016,-1.034999966621399,2025-01-11,1.5999999642372131,False
9492,50.060001373291016,-1.0199999809265137,2025-01-11,1.6099999640136957,False
9493,50.060001373291016,-1.0049999952316284,2025-01-11,1.4999999664723873,False
9494,50.060001373291016,-0.9900000095367432,2025-01-11,1.3199999704957008,False
9495,50.060001373291016,-0.9750000238418579,2025-01-11,1.169999973848462,False
9496,50.060001373291016,-0.9599999785423279,2025-01-11,1.0899999756366014,False
9497,50.060001373291016,-0.9449999928474426,2025-01-11,1.149999974295497,False
9498,50.060001373291016,-0.9300000071525574,2025-01-11,1.3199999704957008,False
9499,50.060001373291016,-0.9150000214576721,2025-01-11,1.3599999696016312,False
9500,50.060001373291016,-0.8999999761581421,2025-01-11,1.5999999642372131,False
9501,50.060001373291016,-0.8849999904632568,2025-01-11,1.6099999640136957,False
9502,50.060001373291016,-0.8700000047683716,2025-01-11,1.5699999649077654,False
9503,50.060001373291016,-0.8550000190734863,2025-01-11,1.6399999633431435,False
9504,50.060001373291016,-0.8399999737739563,2025-01-11,1.5899999644607306,False
9505,50.060001373291016,-0.824999988079071,2025-01-11,1.5999999642372131,False
9506,50.060001373291016,-0.8100000023841858,2025-01-11,1.6399999633431435,False
9507,50.060001373291016,-0.7950000166893005,2025-01-11,1.7299999613314867,False
9508,50.060001373291016,-0.7799999713897705,2025-01-11,1.5399999655783176,False
9509,50.060001373291016,-0.7649999856948853,2025-01-11,1.409999968484044,False
9510,50.060001373291016,-0.75,2025-01-11,1.409999968484044,False
9511,50.060001373291016,-0.7350000143051147,2025-01-11,1.3799999691545963,False
9512,50.060001373291016,-0.7200000286102295,2025-01-11,1.2799999713897705,False
9513,50.060001373291016,-0.7049999833106995,2025-01-11,1.169999973848462,False
9514,50.060001373291016,-0.6899999976158142,2025-01-11,1.2799999713897705,False
9515,50.060001373291016,-0.675000011920929,2025-01-11,1.3299999702721834,False
9516,50.060001373291016,-0.6600000262260437,2025-01-11,1.2099999729543924,False
9517,50.060001373291016,-0.6449999809265137,2025-01-11,1.2399999722838402,False
9518,50.060001373291016,-0.6299999952316284,2025-01-11,1.1599999740719795,False
9519,50.060001373291016,-0.6150000095367432,2025-01-11,0.8099999818950891,False
9520,50.060001373291016,-0.6000000238418579,2025-01-11,0.5999999865889549,False
9521,50.060001373291016,-0.5849999785423279,2025-01-11,0.5899999868124723,False
9522,50.060001373291016,-0.5699999928474426,2025-01-11,0.5599999874830246,False
9523,50.060001373291016,-0.5550000071525574,2025-01-11,0.5299999881535769,False
9524,50.060001373291016,-0.5400000214576721,2025-01-11,0.6499999854713678,False
9525,50.060001373291016,-0.5249999761581421,2025-01-11,0.6299999859184027,False
9526,50.060001373291016,-0.5099999904632568,2025-01-11,0.6999999843537807,False
9527,50.060001373291016,-0.4950000047683716,2025-01-11,0.6199999861419201,False
9528,50.060001373291016,-0.47999998927116394,2025-01-11,0.669999985024333,False
9529,50.060001373291016,-0.4650000035762787,2025-01-11,0.6899999845772982,False
9530,50.060001373291016,-0.44999998807907104,2025-01-11,0.8999999798834324,False
9531,50.060001373291016,-0.4350000023841858,2025-01-11,0.9399999789893627,False
9532,50.060001373291016,-0.41999998688697815,2025-01-11,1.1199999749660492,False
9533,50.060001373291016,-0.4050000011920929,2025-01-11,1.2099999729543924,False
9534,50.060001373291016,-0.38999998569488525,2025-01-11,1.219999972730875,False
9535,50.060001373291016,-0.375,2025-01-11,1.1399999745190144,False
9536,50.060001373291016,-0.36000001430511475,2025-01-11,1.0599999763071537,False
9537,50.060001373291016,-0.3449999988079071,2025-01-11,0.9299999792128801,False
9538,50.060001373291016,-0.33000001311302185,2025-01-11,0.8499999810010195,False
9539,50.060001373291016,-0.3149999976158142,2025-01-11,0.8299999814480543,False
9540,50.060001373291016,-0.30000001192092896,2025-01-11,0.7699999827891588,False
9541,50.060001373291016,-0.2849999964237213,2025-01-11,0.7399999834597111,False
9542,50.060001373291016,-0.27000001072883606,2025-01-11,0.8299999814480543,False
9543,50.060001373291016,-0.2549999952316284,2025-01-11,0.789999982342124,False
9544,50.060001373291016,-0.23999999463558197,2025-01-11,0.7799999825656414,False
9545,50.060001373291016,-0.22499999403953552,2025-01-11,0.6499999854713678,False
9546,50.060001373291016,-0.20999999344348907,2025-01-11,0.6899999845772982,False
9547,50.060001373291016,-0.19499999284744263,2025-01-11,0.6799999848008156,False
9548,50.060001373291016,-0.18000000715255737,2025-01-11,0.9499999787658453,False
9549,50.060001373291016,-0.16500000655651093,2025-01-11,0.9999999776482582,False
9550,50.060001373291016,-0.15000000596046448,2025-01-11,0.9899999778717756,False
9551,50.060001373291016,-0.13500000536441803,2025-01-11,0.9899999778717756,False
9552,50.060001373291016,-0.11999999731779099,2025-01-11,0.9499999787658453,False
9553,50.060001373291016,-0.10499999672174454,2025-01-11,1.0599999763071537,False
9554,50.060001373291016,-0.09000000357627869,2025-01-11,1.2799999713897705,False
9555,50.060001373291016,-0.07500000298023224,2025-01-11,1.4199999682605267,False
9556,50.060001373291016,-0.05999999865889549,2025-01-11,1.5399999655783176,False
9557,50.060001373291016,-0.04500000178813934,2025-01-11,1.7399999611079693,False
9558,50.060001373291016,-0.029999999329447746,2025-01-11,1.6399999633431435,False
9559,50.060001373291016,-0.014999999664723873,2025-01-11,1.6699999626725912,False
9560,50.060001373291016,0.0,2025-01-11,1.8299999590963125,False
9561,50.060001373291016,0.014999999664723873,2025-01-11,2.0699999537318945,False
9562,50.060001373291016,0.029999999329447746,2025-01-11,2.3099999483674765,False
9563,50.060001373291016,0.04500000178813934,2025-01-11,2.369999947026372,False
9564,50.060001373291016,0.05999999865889549,2025-01-11,2.6399999409914017,False
9565,50.060001373291016,0.07500000298023224,2025-01-11,2.679999940097332,False
9566,50.060001373291016,0.09000000357627869,2025-01-11,2.7599999383091927,False
9567,50.060001373291016,0.10499999672174454,2025-01-11,2.7599999383091927,False
9568,50.060001373291016,0.11999999731779099,2025-01-11,2.8399999365210533,False
9569,50.060001373291016,0.13500000536441803,2025-01-11,2.699999939650297,False
9570,50.060001373291016,0.15000000596046448,2025-01-11,2.9599999338388443,False
9571,50.060001373291016,0.16500000655651093,2025-01-11,2.8899999354034662,False
9572,50.060001373291016,0.18000000715255737,2025-01-11,2.779999937862158,False
9573,50.060001373291016,0.19499999284744263,2025-01-11,2.4499999452382326,False
9574,50.060001373291016,0.20999999344348907,2025-01-11,2.2899999488145113,False
9575,50.060001373291016,0.22499999403953552,2025-01-11,1.9699999559670687,False
9576,50.060001373291016,0.23999999463558197,2025-01-11,1.149999974295497,False
9577,50.060001373291016,0.2549999952316284,2025-01-11,0.6599999852478504,False
9578,50.060001373291016,0.27000001072883606,2025-01-11,0.46999998949468136,False
9579,50.060001373291016,0.2849999964237213,2025-01-11,0.4899999890476465,False
9580,50.060001373291016,0.30000001192092896,2025-01-11,0.5199999883770943,False
9581,50.060001373291016,0.3149999976158142,2025-01-11,0.5899999868124723,False
9582,50.060001373291016,0.33000001311302185,2025-01-11,0.6199999861419201,False
9583,50.060001373291016,0.3449999988079071,2025-01-11,0.7999999821186066,False
9584,50.060001373291016,0.36000001430511475,2025-01-11,0.8699999805539846,False
9585,50.060001373291016,0.375,2025-01-11,1.2999999709427357,False
9586,50.060001373291016,0.38999998569488525,2025-01-11,1.2399999722838402,False
9587,50.060001373291016,0.4050000011920929,2025-01-11,1.0699999760836363,False
9588,50.060001373291016,0.41999998688697815,2025-01-11,1.149999974295497,False
9589,50.060001373291016,0.4350000023841858,2025-01-11,1.149999974295497,False
9590,50.060001373291016,0.44999998807907104,2025-01-11,0.8299999814480543,False
9591,50.060001373291016,0.4650000035762787,2025-01-11,0.5999999865889549,False
9592,50.060001373291016,0.47999998927116394,2025-01-11,0.3999999910593033,False
9593,50.060001373291016,0.4950000047683716,2025-01-11,0.20999999530613422,False
9594,50.06999969482422,-1.2450000047683716,2025-01-11,1.4799999669194221,False
9595,50.06999969482422,-1.2300000190734863,2025-01-11,1.6399999633431435,False
9596,50.06999969482422,-1.215000033378601,2025-01-11,1.7799999602138996,False
9597,50.06999969482422,-1.2000000476837158,2025-01-11,1.81999995931983,False
9598,50.06999969482422,-1.184999942779541,2025-01-11,1.939999956637621,False
9599,50.06999969482422,-1.1699999570846558,2025-01-11,2.009999955072999,False
9600,50.06999969482422,-1.1549999713897705,2025-01-11,2.079999953508377,False
9601,50.06999969482422,-1.1399999856948853,2025-01-11,2.0199999548494816,False
9602,50.06999969482422,-1.125,2025-01-11,2.0499999541789293,False
9603,50.06999969482422,-1.1100000143051147,2025-01-11,1.9899999555200338,False
9604,50.06999969482422,-1.0950000286102295,2025-01-11,1.9299999568611383,False
9605,50.06999969482422,-1.0800000429153442,2025-01-11,1.8599999584257603,False
9606,50.06999969482422,-1.065000057220459,2025-01-11,1.839999958872795,False
9607,50.06999969482422,-1.0499999523162842,2025-01-11,1.81999995931983,False
9608,50.06999969482422,-1.034999966621399,2025-01-11,1.6699999626725912,False
9609,50.06999969482422,-1.0199999809265137,2025-01-11,1.699999962002039,False
9610,50.06999969482422,-1.0049999952316284,2025-01-11,1.6299999635666609,False
9611,50.06999969482422,-0.9900000095367432,2025-01-11,1.4699999671429396,False
9612,50.06999969482422,-0.9750000238418579,2025-01-11,1.4499999675899744,False
9613,50.06999969482422,-0.9599999785423279,2025-01-11,1.3499999698251486,False
9614,50.06999969482422,-0.9449999928474426,2025-01-11,1.409999968484044,False
9615,50.06999969482422,-0.9300000071525574,2025-01-11,1.4299999680370092,False
9616,50.06999969482422,-0.9150000214576721,2025-01-11,1.4899999666959047,False
9617,50.06999969482422,-0.8999999761581421,2025-01-11,1.5699999649077654,False
9618,50.06999969482422,-0.8849999904632568,2025-01-11,1.6299999635666609,False
9619,50.06999969482422,-0.8700000047683716,2025-01-11,1.6299999635666609,False
9620,50.06999969482422,-0.8550000190734863,2025-01-11,1.7099999617785215,False
9621,50.06999969482422,-0.8399999737739563,2025-01-11,1.6199999637901783,False
9622,50.06999969482422,-0.824999988079071,2025-01-11,1.649999963119626,False
9623,50.06999969482422,-0.8100000023841858,2025-01-11,1.6599999628961086,False
9624,50.06999969482422,-0.7950000166893005,2025-01-11,1.5499999653548002,False
9625,50.06999969482422,-0.7799999713897705,2025-01-11,1.4999999664723873,False
9626,50.06999969482422,-0.7649999856948853,2025-01-11,1.5399999655783176,False
9627,50.06999969482422,-0.75,2025-01-11,1.5499999653548002,False
9628,50.06999969482422,-0.7350000143051147,2025-01-11,1.3699999693781137,False
9629,50.06999969482422,-0.7200000286102295,2025-01-11,1.3499999698251486,False
9630,50.06999969482422,-0.7049999833106995,2025-01-11,1.3299999702721834,False
9631,50.06999969482422,-0.6899999976158142,2025-01-11,1.3099999707192183,False
9632,50.06999969482422,-0.675000011920929,2025-01-11,1.3099999707192183,False
9633,50.06999969482422,-0.6600000262260437,2025-01-11,1.4299999680370092,False
9634,50.06999969482422,-0.6449999809265137,2025-01-11,1.269999971613288,False
9635,50.06999969482422,-0.6299999952316284,2025-01-11,1.0499999765306711,False
9636,50.06999969482422,-0.6150000095367432,2025-01-11,0.7199999839067459,False
9637,50.06999969482422,-0.6000000238418579,2025-01-11,0.6499999854713678,False
9638,50.06999969482422,-0.5849999785423279,2025-01-11,0.5799999870359898,False
9639,50.06999969482422,-0.5699999928474426,2025-01-11,0.549999987706542,False
9640,50.06999969482422,-0.5550000071525574,2025-01-11,0.6499999854713678,False
9641,50.06999969482422,-0.5400000214576721,2025-01-11,0.7399999834597111,False
9642,50.06999969482422,-0.5249999761581421,2025-01-11,0.7199999839067459,False
9643,50.06999969482422,-0.5099999904632568,2025-01-11,0.6399999856948853,False
9644,50.06999969482422,-0.4950000047683716,2025-01-11,0.6199999861419201,False
9645,50.06999969482422,-0.47999998927116394,2025-01-11,0.6899999845772982,False
9646,50.06999969482422,-0.4650000035762787,2025-01-11,0.8399999812245369,False
9647,50.06999969482422,-0.44999998807907104,2025-01-11,0.9999999776482582,False
9648,50.06999969482422,-0.4350000023841858,2025-01-11,1.169999973848462,False
9649,50.06999969482422,-0.41999998688697815,2025-01-11,1.2599999718368053,False
9650,50.06999969482422,-0.4050000011920929,2025-01-11,1.339999970048666,False
9651,50.06999969482422,-0.38999998569488525,2025-01-11,1.3699999693781137,False
9652,50.06999969482422,-0.375,2025-01-11,1.3999999687075615,False
9653,50.06999969482422,-0.36000001430511475,2025-01-11,1.3499999698251486,False
9654,50.06999969482422,-0.3449999988079071,2025-01-11,1.2299999725073576,False
9655,50.06999969482422,-0.33000001311302185,2025-01-11,1.2399999722838402,False
9656,50.06999969482422,-0.3149999976158142,2025-01-11,1.149999974295497,False
9657,50.06999969482422,-0.30000001192092896,2025-01-11,1.1999999731779099,False
9658,50.06999969482422,-0.2849999964237213,2025-01-11,0.9599999785423279,False
9659,50.06999969482422,-0.27000001072883606,2025-01-11,0.8699999805539846,False
9660,50.06999969482422,-0.2549999952316284,2025-01-11,0.8799999803304672,False
9661,50.06999969482422,-0.23999999463558197,2025-01-11,0.7599999830126762,False
9662,50.06999969482422,-0.22499999403953552,2025-01-11,0.6399999856948853,False
9663,50.06999969482422,-0.20999999344348907,2025-01-11,0.6499999854713678,False
9664,50.06999969482422,-0.19499999284744263,2025-01-11,0.6499999854713678,False
9665,50.06999969482422,-0.18000000715255737,2025-01-11,0.8299999814480543,False
9666,50.06999969482422,-0.16500000655651093,2025-01-11,0.9399999789893627,False
9667,50.06999969482422,-0.15000000596046448,2025-01-11,0.8699999805539846,False
9668,50.06999969482422,-0.13500000536441803,2025-01-11,0.8399999812245369,False
9669,50.06999969482422,-0.11999999731779099,2025-01-11,0.8999999798834324,False
9670,50.06999969482422,-0.10499999672174454,2025-01-11,0.8499999810010195,False
9671,50.06999969482422,-0.09000000357627869,2025-01-11,1.0199999772012234,False
9672,50.06999969482422,-0.07500000298023224,2025-01-11,1.1599999740719795,False
9673,50.06999969482422,-0.05999999865889549,2025-01-11,1.2299999725073576,False
9674,50.06999969482422,-0.04500000178813934,2025-01-11,1.3799999691545963,False
9675,50.06999969482422,-0.029999999329447746,2025-01-11,1.5399999655783176,False
9676,50.06999969482422,-0.014999999664723873,2025-01-11,1.529999965801835,False
9677,50.06999969482422,0.0,2025-01-11,1.6699999626725912,False
9678,50.06999969482422,0.014999999664723873,2025-01-11,1.9799999557435513,False
9679,50.06999969482422,0.029999999329447746,2025-01-11,2.1899999510496855,False
9680,50.06999969482422,0.04500000178813934,2025-01-11,2.2099999506026506,False
9681,50.06999969482422,0.05999999865889549,2025-01-11,2.539999943226576,False
9682,50.06999969482422,0.07500000298023224,2025-01-11,2.1199999526143074,False
9683,50.06999969482422,0.09000000357627869,2025-01-11,2.1699999514967203,False
9684,50.06999969482422,0.10499999672174454,2025-01-11,2.2799999490380287,False
9685,50.06999969482422,0.11999999731779099,2025-01-11,2.1399999521672726,False
9686,50.06999969482422,0.13500000536441803,2025-01-11,2.2799999490380287,False
9687,50.06999969482422,0.15000000596046448,2025-01-11,2.2899999488145113,False
9688,50.06999969482422,0.16500000655651093,2025-01-11,2.2599999494850636,False
9689,50.06999969482422,0.18000000715255737,2025-01-11,2.009999955072999,False
9690,50.06999969482422,0.19499999284744263,2025-01-11,1.9199999570846558,False
9691,50.06999969482422,0.20999999344348907,2025-01-11,1.8499999586492777,False
9692,50.06999969482422,0.22499999403953552,2025-01-11,1.50999996624887,False
9693,50.06999969482422,0.23999999463558197,2025-01-11,0.9599999785423279,False
9694,50.06999969482422,0.2549999952316284,2025-01-11,0.6199999861419201,False
9695,50.06999969482422,0.27000001072883606,2025-01-11,0.5099999886006117,False
9696,50.06999969482422,0.2849999964237213,2025-01-11,0.41999999061226845,False
9697,50.06999969482422,0.30000001192092896,2025-01-11,0.5699999872595072,False
9698,50.06999969482422,0.3149999976158142,2025-01-11,0.6399999856948853,False
9699,50.06999969482422,0.33000001311302185,2025-01-11,0.7599999830126762,False
9700,50.06999969482422,0.3449999988079071,2025-01-11,0.909999979659915,False
9701,50.06999969482422,0.36000001430511475,2025-01-11,0.979999978095293,False
9702,50.06999969482422,0.375,2025-01-11,1.1299999747425318,False
9703,50.06999969482422,0.38999998569488525,2025-01-11,1.2399999722838402,False
9704,50.06999969482422,0.4050000011920929,2025-01-11,1.1599999740719795,False
9705,50.06999969482422,0.41999998688697815,2025-01-11,1.1199999749660492,False
9706,50.06999969482422,0.4350000023841858,2025-01-11,0.9499999787658453,False
9707,50.06999969482422,0.44999998807907104,2025-01-11,0.8399999812245369,False
9708,50.06999969482422,0.4650000035762787,2025-01-11,0.5899999868124723,False
9709,50.06999969482422,0.47999998927116394,2025-01-11,0.3799999915063381,False
9710,50.06999969482422,0.4950000047683716,2025-01-11,0.20999999530613422,False
9711,50.08000183105469,-1.2450000047683716,2025-01-11,1.3699999693781137,False
9712,50.08000183105469,-1.2300000190734863,2025-01-11,1.3999999687075615,False
9713,50.08000183105469,-1.215000033378601,2025-01-11,1.579999964684248,False
9714,50.08000183105469,-1.2000000476837158,2025-01-11,1.6899999622255564,False
9715,50.08000183105469,-1.184999942779541,2025-01-11,1.7899999599903822,False
9716,50.08000183105469,-1.1699999570846558,2025-01-11,1.9299999568611383,False
9717,50.08000183105469,-1.1549999713897705,2025-01-11,1.9699999559670687,False
9718,50.08000183105469,-1.1399999856948853,2025-01-11,1.9499999564141035,False
9719,50.08000183105469,-1.125,2025-01-11,1.9499999564141035,False
9720,50.08000183105469,-1.1100000143051147,2025-01-11,1.9699999559670687,False
9721,50.08000183105469,-1.0950000286102295,2025-01-11,1.889999957755208,False
9722,50.08000183105469,-1.0800000429153442,2025-01-11,1.7799999602138996,False
9723,50.08000183105469,-1.065000057220459,2025-01-11,1.7199999615550041,False
9724,50.08000183105469,-1.0499999523162842,2025-01-11,1.7299999613314867,False
9725,50.08000183105469,-1.034999966621399,2025-01-11,1.649999963119626,False
9726,50.08000183105469,-1.0199999809265137,2025-01-11,1.6099999640136957,False
9727,50.08000183105469,-1.0049999952316284,2025-01-11,1.5499999653548002,False
9728,50.08000183105469,-0.9900000095367432,2025-01-11,1.5399999655783176,False
9729,50.08000183105469,-0.9750000238418579,2025-01-11,1.4999999664723873,False
9730,50.08000183105469,-0.9599999785423279,2025-01-11,1.4899999666959047,False
9731,50.08000183105469,-0.9449999928474426,2025-01-11,1.4799999669194221,False
9732,50.08000183105469,-0.9300000071525574,2025-01-11,1.5199999660253525,False
9733,50.08000183105469,-0.9150000214576721,2025-01-11,1.579999964684248,False
9734,50.08000183105469,-0.8999999761581421,2025-01-11,1.5999999642372131,False
9735,50.08000183105469,-0.8849999904632568,2025-01-11,1.6099999640136957,False
9736,50.08000183105469,-0.8700000047683716,2025-01-11,1.649999963119626,False
9737,50.08000183105469,-0.8550000190734863,2025-01-11,1.699999962002039,False
9738,50.08000183105469,-0.8399999737739563,2025-01-11,1.6899999622255564,False
9739,50.08000183105469,-0.824999988079071,2025-01-11,1.6599999628961086,False
9740,50.08000183105469,-0.8100000023841858,2025-01-11,1.6199999637901783,False
9741,50.08000183105469,-0.7950000166893005,2025-01-11,1.6199999637901783,False
9742,50.08000183105469,-0.7799999713897705,2025-01-11,1.6299999635666609,False
9743,50.08000183105469,-0.7649999856948853,2025-01-11,1.6099999640136957,False
9744,50.08000183105469,-0.75,2025-01-11,1.6199999637901783,False
9745,50.08000183105469,-0.7350000143051147,2025-01-11,1.5399999655783176,False
9746,50.08000183105469,-0.7200000286102295,2025-01-11,1.6299999635666609,False
9747,50.08000183105469,-0.7049999833106995,2025-01-11,1.389999968931079,False
9748,50.08000183105469,-0.6899999976158142,2025-01-11,1.3699999693781137,False
9749,50.08000183105469,-0.675000011920929,2025-01-11,1.4499999675899744,False
9750,50.08000183105469,-0.6600000262260437,2025-01-11,1.529999965801835,False
9751,50.08000183105469,-0.6449999809265137,2025-01-11,1.409999968484044,False
9752,50.08000183105469,-0.6299999952316284,2025-01-11,1.0699999760836363,False
9753,50.08000183105469,-0.6150000095367432,2025-01-11,0.8799999803304672,False
9754,50.08000183105469,-0.6000000238418579,2025-01-11,0.6999999843537807,False
9755,50.08000183105469,-0.5849999785423279,2025-01-11,0.6799999848008156,False
9756,50.08000183105469,-0.5699999928474426,2025-01-11,0.5999999865889549,False
9757,50.08000183105469,-0.5550000071525574,2025-01-11,0.7299999836832285,False
9758,50.08000183105469,-0.5400000214576721,2025-01-11,0.7699999827891588,False
9759,50.08000183105469,-0.5249999761581421,2025-01-11,0.7599999830126762,False
9760,50.08000183105469,-0.5099999904632568,2025-01-11,0.6299999859184027,False
9761,50.08000183105469,-0.4950000047683716,2025-01-11,0.6599999852478504,False
9762,50.08000183105469,-0.47999998927116394,2025-01-11,0.8299999814480543,False
9763,50.08000183105469,-0.4650000035762787,2025-01-11,0.8899999801069498,False
9764,50.08000183105469,-0.44999998807907104,2025-01-11,1.149999974295497,False
9765,50.08000183105469,-0.4350000023841858,2025-01-11,1.3299999702721834,False
9766,50.08000183105469,-0.41999998688697815,2025-01-11,1.389999968931079,False
9767,50.08000183105469,-0.4050000011920929,2025-01-11,1.50999996624887,False
9768,50.08000183105469,-0.38999998569488525,2025-01-11,1.5399999655783176,False
9769,50.08000183105469,-0.375,2025-01-11,1.50999996624887,False
9770,50.08000183105469,-0.36000001430511475,2025-01-11,1.5199999660253525,False
9771,50.08000183105469,-0.3449999988079071,2025-01-11,1.5199999660253525,False
9772,50.08000183105469,-0.33000001311302185,2025-01-11,1.5899999644607306,False
9773,50.08000183105469,-0.3149999976158142,2025-01-11,1.4799999669194221,False
9774,50.08000183105469,-0.30000001192092896,2025-01-11,1.389999968931079,False
9775,50.08000183105469,-0.2849999964237213,2025-01-11,1.2799999713897705,False
9776,50.08000183105469,-0.27000001072883606,2025-01-11,1.1799999736249447,False
9777,50.08000183105469,-0.2549999952316284,2025-01-11,1.0699999760836363,False
9778,50.08000183105469,-0.23999999463558197,2025-01-11,0.9299999792128801,False
9779,50.08000183105469,-0.22499999403953552,2025-01-11,0.8299999814480543,False
9780,50.08000183105469,-0.20999999344348907,2025-01-11,0.6399999856948853,False
9781,50.08000183105469,-0.19499999284744263,2025-01-11,0.7199999839067459,False
9782,50.08000183105469,-0.18000000715255737,2025-01-11,0.7299999836832285,False
9783,50.08000183105469,-0.16500000655651093,2025-01-11,0.7399999834597111,False
9784,50.08000183105469,-0.15000000596046448,2025-01-11,0.8099999818950891,False
9785,50.08000183105469,-0.13500000536441803,2025-01-11,0.789999982342124,False
9786,50.08000183105469,-0.11999999731779099,2025-01-11,0.8399999812245369,False
9787,50.08000183105469,-0.10499999672174454,2025-01-11,0.8299999814480543,False
9788,50.08000183105469,-0.09000000357627869,2025-01-11,0.8799999803304672,False
9789,50.08000183105469,-0.07500000298023224,2025-01-11,0.8999999798834324,False
9790,50.08000183105469,-0.05999999865889549,2025-01-11,0.9599999785423279,False
9791,50.08000183105469,-0.04500000178813934,2025-01-11,1.099999975413084,False
9792,50.08000183105469,-0.029999999329447746,2025-01-11,1.149999974295497,False
9793,50.08000183105469,-0.014999999664723873,2025-01-11,1.4699999671429396,False
9794,50.08000183105469,0.0,2025-01-11,1.4299999680370092,False
9795,50.08000183105469,0.014999999664723873,2025-01-11,1.5999999642372131,False
9796,50.08000183105469,0.029999999329447746,2025-01-11,1.4999999664723873,False
9797,50.08000183105469,0.04500000178813934,2025-01-11,1.5399999655783176,False
9798,50.08000183105469,0.05999999865889549,2025-01-11,1.579999964684248,False
9799,50.08000183105469,0.07500000298023224,2025-01-11,1.529999965801835,False
9800,50.08000183105469,0.09000000357627869,2025-01-11,1.459999967366457,False
9801,50.08000183105469,0.10499999672174454,2025-01-11,1.649999963119626,False
9802,50.08000183105469,0.11999999731779099,2025-01-11,1.8699999582022429,False
9803,50.08000183105469,0.13500000536441803,2025-01-11,1.5599999651312828,False
9804,50.08000183105469,0.15000000596046448,2025-01-11,1.5899999644607306,False
9805,50.08000183105469,0.16500000655651093,2025-01-11,1.6799999624490738,False
9806,50.08000183105469,0.18000000715255737,2025-01-11,1.3099999707192183,False
9807,50.08000183105469,0.19499999284744263,2025-01-11,1.169999973848462,False
9808,50.08000183105469,0.20999999344348907,2025-01-11,1.1999999731779099,False
9809,50.08000183105469,0.22499999403953552,2025-01-11,0.6399999856948853,False
9810,50.08000183105469,0.23999999463558197,2025-01-11,0.549999987706542,False
9811,50.08000183105469,0.2549999952316284,2025-01-11,0.5299999881535769,False
9812,50.08000183105469,0.27000001072883606,2025-01-11,0.4999999888241291,False
9813,50.08000183105469,0.2849999964237213,2025-01-11,0.4399999901652336,False
9814,50.08000183105469,0.30000001192092896,2025-01-11,0.6999999843537807,False
9815,50.08000183105469,0.3149999976158142,2025-01-11,0.669999985024333,False
9816,50.08000183105469,0.33000001311302185,2025-01-11,0.8299999814480543,False
9817,50.08000183105469,0.3449999988079071,2025-01-11,1.0599999763071537,False
9818,50.08000183105469,0.36000001430511475,2025-01-11,1.0699999760836363,False
9819,50.08000183105469,0.375,2025-01-11,1.099999975413084,False
9820,50.08000183105469,0.38999998569488525,2025-01-11,1.029999976977706,False
9821,50.08000183105469,0.4050000011920929,2025-01-11,1.1799999736249447,False
9822,50.08000183105469,0.41999998688697815,2025-01-11,0.9299999792128801,False
9823,50.08000183105469,0.4350000023841858,2025-01-11,0.8799999803304672,False
9824,50.08000183105469,0.44999998807907104,2025-01-11,0.6999999843537807,False
9825,50.08000183105469,0.4650000035762787,2025-01-11,0.549999987706542,False
9826,50.08000183105469,0.47999998927116394,2025-01-11,0.4899999890476465,False
9827,50.08000183105469,0.4950000047683716,2025-01-11,0.35999999195337296,False
9828,50.09000015258789,-1.2450000047683716,2025-01-11,1.1399999745190144,False
9829,50.09000015258789,-1.2300000190734863,2025-01-11,1.2999999709427357,False
9830,50.09000015258789,-1.215000033378601,2025-01-11,1.3499999698251486,False
9831,50.09000015258789,-1.2000000476837158,2025-01-11,1.3499999698251486,False
9832,50.09000015258789,-1.184999942779541,2025-01-11,1.6199999637901783,False
9833,50.09000015258789,-1.1699999570846558,2025-01-11,1.769999960437417,False
9834,50.09000015258789,-1.1549999713897705,2025-01-11,1.889999957755208,False
9835,50.09000015258789,-1.1399999856948853,2025-01-11,1.7999999597668648,False
9836,50.09000015258789,-1.125,2025-01-11,1.7799999602138996,False
9837,50.09000015258789,-1.1100000143051147,2025-01-11,1.8299999590963125,False
9838,50.09000015258789,-1.0950000286102295,2025-01-11,1.8299999590963125,False
9839,50.09000015258789,-1.0800000429153442,2025-01-11,1.7099999617785215,False
9840,50.09000015258789,-1.065000057220459,2025-01-11,1.7399999611079693,False
9841,50.09000015258789,-1.0499999523162842,2025-01-11,1.7399999611079693,False
9842,50.09000015258789,-1.034999966621399,2025-01-11,1.649999963119626,False
9843,50.09000015258789,-1.0199999809265137,2025-01-11,1.4999999664723873,False
9844,50.09000015258789,-1.0049999952316284,2025-01-11,1.459999967366457,False
9845,50.09000015258789,-0.9900000095367432,2025-01-11,1.4799999669194221,False
9846,50.09000015258789,-0.9750000238418579,2025-01-11,1.4799999669194221,False
9847,50.09000015258789,-0.9599999785423279,2025-01-11,1.4799999669194221,False
9848,50.09000015258789,-0.9449999928474426,2025-01-11,1.4999999664723873,False
9849,50.09000015258789,-0.9300000071525574,2025-01-11,1.4799999669194221,False
9850,50.09000015258789,-0.9150000214576721,2025-01-11,1.5499999653548002,False
9851,50.09000015258789,-0.8999999761581421,2025-01-11,1.6599999628961086,False
9852,50.09000015258789,-0.8849999904632568,2025-01-11,1.7299999613314867,False
9853,50.09000015258789,-0.8700000047683716,2025-01-11,1.6799999624490738,False
9854,50.09000015258789,-0.8550000190734863,2025-01-11,1.6399999633431435,False
9855,50.09000015258789,-0.8399999737739563,2025-01-11,1.699999962002039,False
9856,50.09000015258789,-0.824999988079071,2025-01-11,1.5699999649077654,False
9857,50.09000015258789,-0.8100000023841858,2025-01-11,1.6599999628961086,False
9858,50.09000015258789,-0.7950000166893005,2025-01-11,1.6399999633431435,False
9859,50.09000015258789,-0.7799999713897705,2025-01-11,1.6299999635666609,False
9860,50.09000015258789,-0.7649999856948853,2025-01-11,1.579999964684248,False
9861,50.09000015258789,-0.75,2025-01-11,1.6199999637901783,False
9862,50.09000015258789,-0.7350000143051147,2025-01-11,1.6099999640136957,False
9863,50.09000015258789,-0.7200000286102295,2025-01-11,1.6299999635666609,False
9864,50.09000015258789,-0.7049999833106995,2025-01-11,1.4299999680370092,False
9865,50.09000015258789,-0.6899999976158142,2025-01-11,1.3299999702721834,False
9866,50.09000015258789,-0.675000011920929,2025-01-11,1.409999968484044,False
9867,50.09000015258789,-0.6600000262260437,2025-01-11,1.4699999671429396,False
9868,50.09000015258789,-0.6449999809265137,2025-01-11,1.3499999698251486,False
9869,50.09000015258789,-0.6299999952316284,2025-01-11,1.149999974295497,False
9870,50.09000015258789,-0.6150000095367432,2025-01-11,1.0799999758601189,False
9871,50.09000015258789,-0.6000000238418579,2025-01-11,0.8599999807775021,False
9872,50.09000015258789,-0.5849999785423279,2025-01-11,0.8299999814480543,False
9873,50.09000015258789,-0.5699999928474426,2025-01-11,0.8299999814480543,False
9874,50.09000015258789,-0.5550000071525574,2025-01-11,0.8299999814480543,False
9875,50.09000015258789,-0.5400000214576721,2025-01-11,0.8999999798834324,False
9876,50.09000015258789,-0.5249999761581421,2025-01-11,0.9199999794363976,False
9877,50.09000015258789,-0.5099999904632568,2025-01-11,0.8499999810010195,False
9878,50.09000015258789,-0.4950000047683716,2025-01-11,0.9899999778717756,False
9879,50.09000015258789,-0.47999998927116394,2025-01-11,1.0399999767541885,False
9880,50.09000015258789,-0.4650000035762787,2025-01-11,1.2399999722838402,False
9881,50.09000015258789,-0.44999998807907104,2025-01-11,1.339999970048666,False
9882,50.09000015258789,-0.4350000023841858,2025-01-11,1.4999999664723873,False
9883,50.09000015258789,-0.41999998688697815,2025-01-11,1.5499999653548002,False
9884,50.09000015258789,-0.4050000011920929,2025-01-11,1.579999964684248,False
9885,50.09000015258789,-0.38999998569488525,2025-01-11,1.6699999626725912,False
9886,50.09000015258789,-0.375,2025-01-11,1.7099999617785215,False
9887,50.09000015258789,-0.36000001430511475,2025-01-11,1.6599999628961086,False
9888,50.09000015258789,-0.3449999988079071,2025-01-11,1.699999962002039,False
9889,50.09000015258789,-0.33000001311302185,2025-01-11,1.8499999586492777,False
9890,50.09000015258789,-0.3149999976158142,2025-01-11,1.699999962002039,False
9891,50.09000015258789,-0.30000001192092896,2025-01-11,1.649999963119626,False
9892,50.09000015258789,-0.2849999964237213,2025-01-11,1.5199999660253525,False
9893,50.09000015258789,-0.27000001072883606,2025-01-11,1.3299999702721834,False
9894,50.09000015258789,-0.2549999952316284,2025-01-11,1.1199999749660492,False
9895,50.09000015258789,-0.23999999463558197,2025-01-11,0.909999979659915,False
9896,50.09000015258789,-0.22499999403953552,2025-01-11,0.7999999821186066,False
9897,50.09000015258789,-0.20999999344348907,2025-01-11,0.7499999832361937,False
9898,50.09000015258789,-0.19499999284744263,2025-01-11,0.6499999854713678,False
9899,50.09000015258789,-0.18000000715255737,2025-01-11,0.6199999861419201,False
9900,50.09000015258789,-0.16500000655651093,2025-01-11,0.7399999834597111,False
9901,50.09000015258789,-0.15000000596046448,2025-01-11,0.7699999827891588,False
9902,50.09000015258789,-0.13500000536441803,2025-01-11,0.6099999863654375,False
9903,50.09000015258789,-0.11999999731779099,2025-01-11,0.8299999814480543,False
9904,50.09000015258789,-0.10499999672174454,2025-01-11,0.7299999836832285,False
9905,50.09000015258789,-0.09000000357627869,2025-01-11,0.789999982342124,False
9906,50.09000015258789,-0.07500000298023224,2025-01-11,0.9499999787658453,False
9907,50.09000015258789,-0.05999999865889549,2025-01-11,0.8399999812245369,False
9908,50.09000015258789,-0.04500000178813934,2025-01-11,0.7499999832361937,False
9909,50.09000015258789,-0.029999999329447746,2025-01-11,0.9599999785423279,False
9910,50.09000015258789,-0.014999999664723873,2025-01-11,1.1599999740719795,False
9911,50.09000015258789,0.0,2025-01-11,1.219999972730875,False
9912,50.09000015258789,0.014999999664723873,2025-01-11,1.1999999731779099,False
9913,50.09000015258789,0.029999999329447746,2025-01-11,1.219999972730875,False
9914,50.09000015258789,0.04500000178813934,2025-01-11,1.0899999756366014,False
9915,50.09000015258789,0.05999999865889549,2025-01-11,1.169999973848462,False
9916,50.09000015258789,0.07500000298023224,2025-01-11,0.9299999792128801,False
9917,50.09000015258789,0.09000000357627869,2025-01-11,0.7699999827891588,False
9918,50.09000015258789,0.10499999672174454,2025-01-11,0.8899999801069498,False
9919,50.09000015258789,0.11999999731779099,2025-01-11,0.9499999787658453,False
9920,50.09000015258789,0.13500000536441803,2025-01-11,0.9399999789893627,False
9921,50.09000015258789,0.15000000596046448,2025-01-11,0.7799999825656414,False
9922,50.09000015258789,0.16500000655651093,2025-01-11,0.8299999814480543,False
9923,50.09000015258789,0.18000000715255737,2025-01-11,0.669999985024333,False
9924,50.09000015258789,0.19499999284744263,2025-01-11,0.7399999834597111,False
9925,50.09000015258789,0.20999999344348907,2025-01-11,0.5699999872595072,False
9926,50.09000015258789,0.22499999403953552,2025-01-11,0.5799999870359898,False
9927,50.09000015258789,0.23999999463558197,2025-01-11,0.5199999883770943,False
9928,50.09000015258789,0.2549999952316284,2025-01-11,0.4399999901652336,False
9929,50.09000015258789,0.27000001072883606,2025-01-11,0.47999998927116394,False
9930,50.09000015258789,0.2849999964237213,2025-01-11,0.46999998949468136,False
9931,50.09000015258789,0.30000001192092896,2025-01-11,0.6199999861419201,False
9932,50.09000015258789,0.3149999976158142,2025-01-11,0.7199999839067459,False
9933,50.09000015258789,0.33000001311302185,2025-01-11,0.7999999821186066,False
9934,50.09000015258789,0.3449999988079071,2025-01-11,0.9499999787658453,False
9935,50.09000015258789,0.36000001430511475,2025-01-11,1.0899999756366014,False
9936,50.09000015258789,0.375,2025-01-11,0.9599999785423279,False
9937,50.09000015258789,0.38999998569488525,2025-01-11,0.9299999792128801,False
9938,50.09000015258789,0.4050000011920929,2025-01-11,0.8999999798834324,False
9939,50.09000015258789,0.41999998688697815,2025-01-11,0.909999979659915,False
9940,50.09000015258789,0.4350000023841858,2025-01-11,0.8299999814480543,False
9941,50.09000015258789,0.44999998807907104,2025-01-11,0.6599999852478504,False
9942,50.09000015258789,0.4650000035762787,2025-01-11,0.6399999856948853,False
9943,50.09000015258789,0.47999998927116394,2025-01-11,0.7099999841302633,False
9944,50.09000015258789,0.4950000047683716,2025-01-11,0.4599999897181988,False
9945,50.099998474121094,-1.2450000047683716,2025-01-11,1.1799999736249447,False
9946,50.099998474121094,-1.2300000190734863,2025-01-11,1.0499999765306711,False
9947,50.099998474121094,-1.215000033378601,2025-01-11,1.0899999756366014,False
9948,50.099998474121094,-1.2000000476837158,2025-01-11,1.1399999745190144,False
9949,50.099998474121094,-1.184999942779541,2025-01-11,1.289999971166253,False
9950,50.099998474121094,-1.1699999570846558,2025-01-11,1.339999970048666,False
9951,50.099998474121094,-1.1549999713897705,2025-01-11,1.5899999644607306,False
9952,50.099998474121094,-1.1399999856948853,2025-01-11,1.7299999613314867,False
9953,50.099998474121094,-1.125,2025-01-11,1.7499999608844519,False
9954,50.099998474121094,-1.1100000143051147,2025-01-11,1.7299999613314867,False
9955,50.099998474121094,-1.0950000286102295,2025-01-11,1.7999999597668648,False
9956,50.099998474121094,-1.0800000429153442,2025-01-11,1.7399999611079693,False
9957,50.099998474121094,-1.065000057220459,2025-01-11,1.6899999622255564,False
9958,50.099998474121094,-1.0499999523162842,2025-01-11,1.699999962002039,False
9959,50.099998474121094,-1.034999966621399,2025-01-11,1.5599999651312828,False
9960,50.099998474121094,-1.0199999809265137,2025-01-11,1.5199999660253525,False
9961,50.099998474121094,-1.0049999952316284,2025-01-11,1.4799999669194221,False
9962,50.099998474121094,-0.9900000095367432,2025-01-11,1.50999996624887,False
9963,50.099998474121094,-0.9750000238418579,2025-01-11,1.4499999675899744,False
9964,50.099998474121094,-0.9599999785423279,2025-01-11,1.4199999682605267,False
9965,50.099998474121094,-0.9449999928474426,2025-01-11,1.4999999664723873,False
9966,50.099998474121094,-0.9300000071525574,2025-01-11,1.4499999675899744,False
9967,50.099998474121094,-0.9150000214576721,2025-01-11,1.5399999655783176,False
9968,50.099998474121094,-0.8999999761581421,2025-01-11,1.5899999644607306,False
9969,50.099998474121094,-0.8849999904632568,2025-01-11,1.6299999635666609,False
9970,50.099998474121094,-0.8700000047683716,2025-01-11,1.7299999613314867,False
9971,50.099998474121094,-0.8550000190734863,2025-01-11,1.6599999628961086,False
9972,50.099998474121094,-0.8399999737739563,2025-01-11,1.649999963119626,False
9973,50.099998474121094,-0.824999988079071,2025-01-11,1.699999962002039,False
9974,50.099998474121094,-0.8100000023841858,2025-01-11,1.649999963119626,False
9975,50.099998474121094,-0.7950000166893005,2025-01-11,1.7099999617785215,False
9976,50.099998474121094,-0.7799999713897705,2025-01-11,1.5399999655783176,False
9977,50.099998474121094,-0.7649999856948853,2025-01-11,1.6299999635666609,False
9978,50.099998474121094,-0.75,2025-01-11,1.579999964684248,False
9979,50.099998474121094,-0.7350000143051147,2025-01-11,1.649999963119626,False
9980,50.099998474121094,-0.7200000286102295,2025-01-11,1.529999965801835,False
9981,50.099998474121094,-0.7049999833106995,2025-01-11,1.3799999691545963,False
9982,50.099998474121094,-0.6899999976158142,2025-01-11,1.269999971613288,False
9983,50.099998474121094,-0.675000011920929,2025-01-11,1.3999999687075615,False
9984,50.099998474121094,-0.6600000262260437,2025-01-11,1.4799999669194221,False
9985,50.099998474121094,-0.6449999809265137,2025-01-11,1.3299999702721834,False
9986,50.099998474121094,-0.6299999952316284,2025-01-11,1.3299999702721834,False
9987,50.099998474121094,-0.6150000095367432,2025-01-11,1.2299999725073576,False
9988,50.099998474121094,-0.6000000238418579,2025-01-11,1.289999971166253,False
9989,50.099998474121094,-0.5849999785423279,2025-01-11,1.1299999747425318,False
9990,50.099998474121094,-0.5699999928474426,2025-01-11,1.1399999745190144,False
9991,50.099998474121094,-0.5550000071525574,2025-01-11,1.1199999749660492,False
9992,50.099998474121094,-0.5400000214576721,2025-01-11,1.0499999765306711,False
9993,50.099998474121094,-0.5249999761581421,2025-01-11,1.0699999760836363,False
9994,50.099998474121094,-0.5099999904632568,2025-01-11,1.0799999758601189,False
9995,50.099998474121094,-0.4950000047683716,2025-01-11,1.219999972730875,False
9996,50.099998474121094,-0.47999998927116394,2025-01-11,1.3099999707192183,False
9997,50.099998474121094,-0.4650000035762787,2025-01-11,1.50999996624887,False
9998,50.099998474121094,-0.44999998807907104,2025-01-11,1.5499999653548002,False
9999,50.099998474121094,-0.4350000023841858,2025-01-11,1.6099999640136957,False
10000,50.099998474121094,-0.41999998688697815,2025-01-11,1.6699999626725912,False
10001,50.099998474121094,-0.4050000011920929,2025-01-11,1.6599999628961086,False
10002,50.099998474121094,-0.38999998569488525,2025-01-11,1.7299999613314867,False
10003,50.099998474121094,-0.375,2025-01-11,1.7199999615550041,False
10004,50.099998474121094,-0.36000001430511475,2025-01-11,1.9099999573081732,False
10005,50.099998474121094,-0.3449999988079071,2025-01-11,1.939999956637621,False
10006,50.099998474121094,-0.33000001311302185,2025-01-11,1.8799999579787254,False
10007,50.099998474121094,-0.3149999976158142,2025-01-11,1.81999995931983,False
10008,50.099998474121094,-0.30000001192092896,2025-01-11,1.7899999599903822,False
10009,50.099998474121094,-0.2849999964237213,2025-01-11,1.6099999640136957,False
10010,50.099998474121094,-0.27000001072883606,2025-01-11,1.529999965801835,False
10011,50.099998474121094,-0.2549999952316284,2025-01-11,1.289999971166253,False
10012,50.099998474121094,-0.23999999463558197,2025-01-11,1.0499999765306711,False
10013,50.099998474121094,-0.22499999403953552,2025-01-11,0.9699999783188105,False
10014,50.099998474121094,-0.20999999344348907,2025-01-11,0.8799999803304672,False
10015,50.099998474121094,-0.19499999284744263,2025-01-11,0.8499999810010195,False
10016,50.099998474121094,-0.18000000715255737,2025-01-11,0.7399999834597111,False
10017,50.099998474121094,-0.16500000655651093,2025-01-11,0.7199999839067459,False
10018,50.099998474121094,-0.15000000596046448,2025-01-11,0.7499999832361937,False
10019,50.099998474121094,-0.13500000536441803,2025-01-11,0.6599999852478504,False
10020,50.099998474121094,-0.11999999731779099,2025-01-11,0.8199999816715717,False
10021,50.099998474121094,-0.10499999672174454,2025-01-11,0.7499999832361937,False
10022,50.099998474121094,-0.09000000357627869,2025-01-11,0.6299999859184027,False
10023,50.099998474121094,-0.07500000298023224,2025-01-11,0.7599999830126762,False
10024,50.099998474121094,-0.05999999865889549,2025-01-11,0.7399999834597111,False
10025,50.099998474121094,-0.04500000178813934,2025-01-11,0.6299999859184027,False
10026,50.099998474121094,-0.029999999329447746,2025-01-11,0.7499999832361937,False
10027,50.099998474121094,-0.014999999664723873,2025-01-11,1.0199999772012234,False
10028,50.099998474121094,0.0,2025-01-11,1.2099999729543924,False
10029,50.099998474121094,0.014999999664723873,2025-01-11,0.8999999798834324,False
10030,50.099998474121094,0.029999999329447746,2025-01-11,0.6799999848008156,False
10031,50.099998474121094,0.04500000178813934,2025-01-11,0.789999982342124,False
10032,50.099998474121094,0.05999999865889549,2025-01-11,0.6499999854713678,False
10033,50.099998474121094,0.07500000298023224,2025-01-11,0.4899999890476465,False
10034,50.099998474121094,0.09000000357627869,2025-01-11,0.5799999870359898,False
10035,50.099998474121094,0.10499999672174454,2025-01-11,0.3999999910593033,False
10036,50.099998474121094,0.11999999731779099,2025-01-11,0.4899999890476465,False
10037,50.099998474121094,0.13500000536441803,2025-01-11,0.5199999883770943,False
10038,50.099998474121094,0.15000000596046448,2025-01-11,0.5399999879300594,False
10039,50.099998474121094,0.16500000655651093,2025-01-11,0.6299999859184027,False
10040,50.099998474121094,0.18000000715255737,2025-01-11,0.5899999868124723,False
10041,50.099998474121094,0.19499999284744263,2025-01-11,0.5899999868124723,False
10042,50.099998474121094,0.20999999344348907,2025-01-11,0.4599999897181988,False
10043,50.099998474121094,0.22499999403953552,2025-01-11,0.5999999865889549,False
10044,50.099998474121094,0.23999999463558197,2025-01-11,0.3999999910593033,False
10045,50.099998474121094,0.2549999952316284,2025-01-11,0.4999999888241291,False
10046,50.099998474121094,0.27000001072883606,2025-01-11,0.5399999879300594,False
10047,50.099998474121094,0.2849999964237213,2025-01-11,0.5399999879300594,False
10048,50.099998474121094,0.30000001192092896,2025-01-11,0.6099999863654375,False
10049,50.099998474121094,0.3149999976158142,2025-01-11,0.5199999883770943,False
10050,50.099998474121094,0.33000001311302185,2025-01-11,0.7299999836832285,False
10051,50.099998474121094,0.3449999988079071,2025-01-11,0.7799999825656414,False
10052,50.099998474121094,0.36000001430511475,2025-01-11,0.9199999794363976,False
10053,50.099998474121094,0.375,2025-01-11,0.8299999814480543,False
10054,50.099998474121094,0.38999998569488525,2025-01-11,0.789999982342124,False
10055,50.099998474121094,0.4050000011920929,2025-01-11,0.7499999832361937,False
10056,50.099998474121094,0.41999998688697815,2025-01-11,0.8699999805539846,False
10057,50.099998474121094,0.4350000023841858,2025-01-11,0.6299999859184027,False
10058,50.099998474121094,0.44999998807907104,2025-01-11,0.6599999852478504,False
10059,50.099998474121094,0.4650000035762787,2025-01-11,0.7399999834597111,False
10060,50.099998474121094,0.47999998927116394,2025-01-11,0.6299999859184027,False
10061,50.099998474121094,0.4950000047683716,2025-01-11,0.549999987706542,False
10062,50.11000061035156,-1.2450000047683716,2025-01-11,1.1399999745190144,False
10063,50.11000061035156,-1.2300000190734863,2025-01-11,0.9899999778717756,False
10064,50.11000061035156,-1.215000033378601,2025-01-11,0.9299999792128801,False
10065,50.11000061035156,-1.2000000476837158,2025-01-11,0.9699999783188105,False
10066,50.11000061035156,-1.184999942779541,2025-01-11,1.099999975413084,False
10067,50.11000061035156,-1.1699999570846558,2025-01-11,1.3499999698251486,False
10068,50.11000061035156,-1.1549999713897705,2025-01-11,1.4799999669194221,False
10069,50.11000061035156,-1.1399999856948853,2025-01-11,1.4999999664723873,False
10070,50.11000061035156,-1.125,2025-01-11,1.5899999644607306,False
10071,50.11000061035156,-1.1100000143051147,2025-01-11,1.7899999599903822,False
10072,50.11000061035156,-1.0950000286102295,2025-01-11,1.6699999626725912,False
10073,50.11000061035156,-1.0800000429153442,2025-01-11,1.6899999622255564,False
10074,50.11000061035156,-1.065000057220459,2025-01-11,1.6899999622255564,False
10075,50.11000061035156,-1.0499999523162842,2025-01-11,1.6299999635666609,False
10076,50.11000061035156,-1.034999966621399,2025-01-11,1.5599999651312828,False
10077,50.11000061035156,-1.0199999809265137,2025-01-11,1.529999965801835,False
10078,50.11000061035156,-1.0049999952316284,2025-01-11,1.4199999682605267,False
10079,50.11000061035156,-0.9900000095367432,2025-01-11,1.389999968931079,False
10080,50.11000061035156,-0.9750000238418579,2025-01-11,1.409999968484044,False
10081,50.11000061035156,-0.9599999785423279,2025-01-11,1.409999968484044,False
10082,50.11000061035156,-0.9449999928474426,2025-01-11,1.4999999664723873,False
10083,50.11000061035156,-0.9300000071525574,2025-01-11,1.5599999651312828,False
10084,50.11000061035156,-0.9150000214576721,2025-01-11,1.50999996624887,False
10085,50.11000061035156,-0.8999999761581421,2025-01-11,1.50999996624887,False
10086,50.11000061035156,-0.8849999904632568,2025-01-11,1.6099999640136957,False
10087,50.11000061035156,-0.8700000047683716,2025-01-11,1.7099999617785215,False
10088,50.11000061035156,-0.8550000190734863,2025-01-11,1.6699999626725912,False
10089,50.11000061035156,-0.8399999737739563,2025-01-11,1.6299999635666609,False
10090,50.11000061035156,-0.824999988079071,2025-01-11,1.5999999642372131,False
10091,50.11000061035156,-0.8100000023841858,2025-01-11,1.6699999626725912,False
10092,50.11000061035156,-0.7950000166893005,2025-01-11,1.5499999653548002,False
10093,50.11000061035156,-0.7799999713897705,2025-01-11,1.6399999633431435,False
10094,50.11000061035156,-0.7649999856948853,2025-01-11,1.7199999615550041,False
10095,50.11000061035156,-0.75,2025-01-11,1.5899999644607306,False
10096,50.11000061035156,-0.7350000143051147,2025-01-11,1.5999999642372131,False
10097,50.11000061035156,-0.7200000286102295,2025-01-11,1.459999967366457,False
10098,50.11000061035156,-0.7049999833106995,2025-01-11,1.2499999720603228,False
10099,50.11000061035156,-0.6899999976158142,2025-01-11,1.1899999734014273,False
10100,50.11000061035156,-0.675000011920929,2025-01-11,1.1799999736249447,False
10101,50.11000061035156,-0.6600000262260437,2025-01-11,1.2999999709427357,False
10102,50.11000061035156,-0.6449999809265137,2025-01-11,1.2599999718368053,False
10103,50.11000061035156,-0.6299999952316284,2025-01-11,1.3699999693781137,False
10104,50.11000061035156,-0.6150000095367432,2025-01-11,1.3599999696016312,False
10105,50.11000061035156,-0.6000000238418579,2025-01-11,1.409999968484044,False
10106,50.11000061035156,-0.5849999785423279,2025-01-11,1.2999999709427357,False
10107,50.11000061035156,-0.5699999928474426,2025-01-11,1.3199999704957008,False
10108,50.11000061035156,-0.5550000071525574,2025-01-11,1.2799999713897705,False
10109,50.11000061035156,-0.5400000214576721,2025-01-11,1.2599999718368053,False
10110,50.11000061035156,-0.5249999761581421,2025-01-11,1.2999999709427357,False
10111,50.11000061035156,-0.5099999904632568,2025-01-11,1.2799999713897705,False
10112,50.11000061035156,-0.4950000047683716,2025-01-11,1.3799999691545963,False
10113,50.11000061035156,-0.47999998927116394,2025-01-11,1.3999999687075615,False
10114,50.11000061035156,-0.4650000035762787,2025-01-11,1.5699999649077654,False
10115,50.11000061035156,-0.44999998807907104,2025-01-11,1.5699999649077654,False
10116,50.11000061035156,-0.4350000023841858,2025-01-11,1.7599999606609344,False
10117,50.11000061035156,-0.41999998688697815,2025-01-11,1.6899999622255564,False
10118,50.11000061035156,-0.4050000011920929,2025-01-11,1.7099999617785215,False
10119,50.11000061035156,-0.38999998569488525,2025-01-11,1.699999962002039,False
10120,50.11000061035156,-0.375,2025-01-11,1.7199999615550041,False
10121,50.11000061035156,-0.36000001430511475,2025-01-11,1.7999999597668648,False
10122,50.11000061035156,-0.3449999988079071,2025-01-11,1.8499999586492777,False
10123,50.11000061035156,-0.33000001311302185,2025-01-11,1.7999999597668648,False
10124,50.11000061035156,-0.3149999976158142,2025-01-11,1.8299999590963125,False
10125,50.11000061035156,-0.30000001192092896,2025-01-11,1.7999999597668648,False
10126,50.11000061035156,-0.2849999964237213,2025-01-11,1.6899999622255564,False
10127,50.11000061035156,-0.27000001072883606,2025-01-11,1.529999965801835,False
10128,50.11000061035156,-0.2549999952316284,2025-01-11,1.3299999702721834,False
10129,50.11000061035156,-0.23999999463558197,2025-01-11,1.1599999740719795,False
10130,50.11000061035156,-0.22499999403953552,2025-01-11,1.0099999774247408,False
10131,50.11000061035156,-0.20999999344348907,2025-01-11,0.9599999785423279,False
10132,50.11000061035156,-0.19499999284744263,2025-01-11,0.909999979659915,False
10133,50.11000061035156,-0.18000000715255737,2025-01-11,0.8799999803304672,False
10134,50.11000061035156,-0.16500000655651093,2025-01-11,0.8099999818950891,False
10135,50.11000061035156,-0.15000000596046448,2025-01-11,0.7099999841302633,False
10136,50.11000061035156,-0.13500000536441803,2025-01-11,0.7699999827891588,False
10137,50.11000061035156,-0.11999999731779099,2025-01-11,0.7399999834597111,False
10138,50.11000061035156,-0.10499999672174454,2025-01-11,0.8899999801069498,False
10139,50.11000061035156,-0.09000000357627869,2025-01-11,0.6199999861419201,False
10140,50.11000061035156,-0.07500000298023224,2025-01-11,0.7099999841302633,False
10141,50.11000061035156,-0.05999999865889549,2025-01-11,0.789999982342124,False
10142,50.11000061035156,-0.04500000178813934,2025-01-11,0.7599999830126762,False
10143,50.11000061035156,-0.029999999329447746,2025-01-11,0.8599999807775021,False
10144,50.11000061035156,-0.014999999664723873,2025-01-11,0.8299999814480543,False
10145,50.11000061035156,0.0,2025-01-11,0.9999999776482582,False
10146,50.11000061035156,0.014999999664723873,2025-01-11,0.9499999787658453,False
10147,50.11000061035156,0.029999999329447746,2025-01-11,0.6999999843537807,False
10148,50.11000061035156,0.04500000178813934,2025-01-11,0.6799999848008156,False
10149,50.11000061035156,0.05999999865889549,2025-01-11,0.5199999883770943,False
10150,50.11000061035156,0.07500000298023224,2025-01-11,0.5299999881535769,False
10151,50.11000061035156,0.09000000357627869,2025-01-11,0.3999999910593033,False
10152,50.11000061035156,0.10499999672174454,2025-01-11,0.3799999915063381,False
10153,50.11000061035156,0.11999999731779099,2025-01-11,0.3899999912828207,False
10154,50.11000061035156,0.13500000536441803,2025-01-11,0.3799999915063381,False
10155,50.11000061035156,0.15000000596046448,2025-01-11,0.5899999868124723,False
10156,50.11000061035156,0.16500000655651093,2025-01-11,0.5299999881535769,False
10157,50.11000061035156,0.18000000715255737,2025-01-11,0.4999999888241291,False
10158,50.11000061035156,0.19499999284744263,2025-01-11,0.3999999910593033,False
10159,50.11000061035156,0.20999999344348907,2025-01-11,0.29999999329447746,False
10160,50.11000061035156,0.22499999403953552,2025-01-11,0.2899999935179949,False
10161,50.11000061035156,0.23999999463558197,2025-01-11,0.3799999915063381,False
10162,50.11000061035156,0.2549999952316284,2025-01-11,0.46999998949468136,False
10163,50.11000061035156,0.27000001072883606,2025-01-11,0.5099999886006117,False
10164,50.11000061035156,0.2849999964237213,2025-01-11,0.4999999888241291,False
10165,50.11000061035156,0.30000001192092896,2025-01-11,0.5099999886006117,False
10166,50.11000061035156,0.3149999976158142,2025-01-11,0.5199999883770943,False
10167,50.11000061035156,0.33000001311302185,2025-01-11,0.549999987706542,False
10168,50.11000061035156,0.3449999988079071,2025-01-11,0.7299999836832285,False
10169,50.11000061035156,0.36000001430511475,2025-01-11,0.6799999848008156,False
10170,50.11000061035156,0.375,2025-01-11,0.7099999841302633,False
10171,50.11000061035156,0.38999998569488525,2025-01-11,0.7199999839067459,False
10172,50.11000061035156,0.4050000011920929,2025-01-11,0.7399999834597111,False
10173,50.11000061035156,0.41999998688697815,2025-01-11,0.669999985024333,False
10174,50.11000061035156,0.4350000023841858,2025-01-11,0.5799999870359898,False
10175,50.11000061035156,0.44999998807907104,2025-01-11,0.6499999854713678,False
10176,50.11000061035156,0.4650000035762787,2025-01-11,0.7299999836832285,False
10177,50.11000061035156,0.47999998927116394,2025-01-11,0.6499999854713678,False
10178,50.11000061035156,0.4950000047683716,2025-01-11,0.7099999841302633,False
10179,50.119998931884766,-1.2450000047683716,2025-01-11,1.0199999772012234,False
10180,50.119998931884766,-1.2300000190734863,2025-01-11,1.0399999767541885,False
10181,50.119998931884766,-1.215000033378601,2025-01-11,0.9699999783188105,False
10182,50.119998931884766,-1.2000000476837158,2025-01-11,0.9599999785423279,False
10183,50.119998931884766,-1.184999942779541,2025-01-11,0.9699999783188105,False
10184,50.119998931884766,-1.1699999570846558,2025-01-11,1.1599999740719795,False
10185,50.119998931884766,-1.1549999713897705,2025-01-11,1.0699999760836363,False
10186,50.119998931884766,-1.1399999856948853,2025-01-11,1.2399999722838402,False
10187,50.119998931884766,-1.125,2025-01-11,1.4499999675899744,False
10188,50.119998931884766,-1.1100000143051147,2025-01-11,1.5499999653548002,False
10189,50.119998931884766,-1.0950000286102295,2025-01-11,1.5699999649077654,False
10190,50.119998931884766,-1.0800000429153442,2025-01-11,1.6799999624490738,False
10191,50.119998931884766,-1.065000057220459,2025-01-11,1.6699999626725912,False
10192,50.119998931884766,-1.0499999523162842,2025-01-11,1.649999963119626,False
10193,50.119998931884766,-1.034999966621399,2025-01-11,1.579999964684248,False
10194,50.119998931884766,-1.0199999809265137,2025-01-11,1.5599999651312828,False
10195,50.119998931884766,-1.0049999952316284,2025-01-11,1.4899999666959047,False
10196,50.119998931884766,-0.9900000095367432,2025-01-11,1.4699999671429396,False
10197,50.119998931884766,-0.9750000238418579,2025-01-11,1.4899999666959047,False
10198,50.119998931884766,-0.9599999785423279,2025-01-11,1.4499999675899744,False
10199,50.119998931884766,-0.9449999928474426,2025-01-11,1.4499999675899744,False
10200,50.119998931884766,-0.9300000071525574,2025-01-11,1.459999967366457,False
10201,50.119998931884766,-0.9150000214576721,2025-01-11,1.3599999696016312,False
10202,50.119998931884766,-0.8999999761581421,2025-01-11,1.4799999669194221,False
10203,50.119998931884766,-0.8849999904632568,2025-01-11,1.5499999653548002,False
10204,50.119998931884766,-0.8700000047683716,2025-01-11,1.529999965801835,False
10205,50.119998931884766,-0.8550000190734863,2025-01-11,1.5899999644607306,False
10206,50.119998931884766,-0.8399999737739563,2025-01-11,1.6799999624490738,False
10207,50.119998931884766,-0.824999988079071,2025-01-11,1.6799999624490738,False
10208,50.119998931884766,-0.8100000023841858,2025-01-11,1.5899999644607306,False
10209,50.119998931884766,-0.7950000166893005,2025-01-11,1.5599999651312828,False
10210,50.119998931884766,-0.7799999713897705,2025-01-11,1.529999965801835,False
10211,50.119998931884766,-0.7649999856948853,2025-01-11,1.579999964684248,False
10212,50.119998931884766,-0.75,2025-01-11,1.529999965801835,False
10213,50.119998931884766,-0.7350000143051147,2025-01-11,1.5699999649077654,False
10214,50.119998931884766,-0.7200000286102295,2025-01-11,1.4299999680370092,False
10215,50.119998931884766,-0.7049999833106995,2025-01-11,1.289999971166253,False
10216,50.119998931884766,-0.6899999976158142,2025-01-11,1.169999973848462,False
10217,50.119998931884766,-0.675000011920929,2025-01-11,1.099999975413084,False
10218,50.119998931884766,-0.6600000262260437,2025-01-11,1.1299999747425318,False
10219,50.119998931884766,-0.6449999809265137,2025-01-11,1.269999971613288,False
10220,50.119998931884766,-0.6299999952316284,2025-01-11,1.339999970048666,False
10221,50.119998931884766,-0.6150000095367432,2025-01-11,1.4199999682605267,False
10222,50.119998931884766,-0.6000000238418579,2025-01-11,1.339999970048666,False
10223,50.119998931884766,-0.5849999785423279,2025-01-11,1.5699999649077654,False
10224,50.119998931884766,-0.5699999928474426,2025-01-11,1.3699999693781137,False
10225,50.119998931884766,-0.5550000071525574,2025-01-11,1.3999999687075615,False
10226,50.119998931884766,-0.5400000214576721,2025-01-11,1.3299999702721834,False
10227,50.119998931884766,-0.5249999761581421,2025-01-11,1.389999968931079,False
10228,50.119998931884766,-0.5099999904632568,2025-01-11,1.5499999653548002,False
10229,50.119998931884766,-0.4950000047683716,2025-01-11,1.4799999669194221,False
10230,50.119998931884766,-0.47999998927116394,2025-01-11,1.579999964684248,False
10231,50.119998931884766,-0.4650000035762787,2025-01-11,1.6399999633431435,False
10232,50.119998931884766,-0.44999998807907104,2025-01-11,1.6299999635666609,False
10233,50.119998931884766,-0.4350000023841858,2025-01-11,1.6099999640136957,False
10234,50.119998931884766,-0.41999998688697815,2025-01-11,1.6299999635666609,False
10235,50.119998931884766,-0.4050000011920929,2025-01-11,1.6899999622255564,False
10236,50.119998931884766,-0.38999998569488525,2025-01-11,1.7299999613314867,False
10237,50.119998931884766,-0.375,2025-01-11,1.7999999597668648,False
10238,50.119998931884766,-0.36000001430511475,2025-01-11,1.8799999579787254,False
10239,50.119998931884766,-0.3449999988079071,2025-01-11,1.8499999586492777,False
10240,50.119998931884766,-0.33000001311302185,2025-01-11,1.7299999613314867,False
10241,50.119998931884766,-0.3149999976158142,2025-01-11,1.8799999579787254,False
10242,50.119998931884766,-0.30000001192092896,2025-01-11,1.8799999579787254,False
10243,50.119998931884766,-0.2849999964237213,2025-01-11,1.8499999586492777,False
10244,50.119998931884766,-0.27000001072883606,2025-01-11,1.6799999624490738,False
10245,50.119998931884766,-0.2549999952316284,2025-01-11,1.6099999640136957,False
10246,50.119998931884766,-0.23999999463558197,2025-01-11,1.3999999687075615,False
10247,50.119998931884766,-0.22499999403953552,2025-01-11,1.2599999718368053,False
10248,50.119998931884766,-0.20999999344348907,2025-01-11,1.099999975413084,False
10249,50.119998931884766,-0.19499999284744263,2025-01-11,1.029999976977706,False
10250,50.119998931884766,-0.18000000715255737,2025-01-11,1.0499999765306711,False
10251,50.119998931884766,-0.16500000655651093,2025-01-11,0.8899999801069498,False
10252,50.119998931884766,-0.15000000596046448,2025-01-11,0.7599999830126762,False
10253,50.119998931884766,-0.13500000536441803,2025-01-11,0.8399999812245369,False
10254,50.119998931884766,-0.11999999731779099,2025-01-11,0.8499999810010195,False
10255,50.119998931884766,-0.10499999672174454,2025-01-11,0.8999999798834324,False
10256,50.119998931884766,-0.09000000357627869,2025-01-11,0.7799999825656414,False
10257,50.119998931884766,-0.07500000298023224,2025-01-11,0.7799999825656414,False
10258,50.119998931884766,-0.05999999865889549,2025-01-11,0.7499999832361937,False
10259,50.119998931884766,-0.04500000178813934,2025-01-11,0.6099999863654375,False
10260,50.119998931884766,-0.029999999329447746,2025-01-11,0.7199999839067459,False
10261,50.119998931884766,-0.014999999664723873,2025-01-11,0.7999999821186066,False
10262,50.119998931884766,0.0,2025-01-11,0.7499999832361937,False
10263,50.119998931884766,0.014999999664723873,2025-01-11,0.789999982342124,False
10264,50.119998931884766,0.029999999329447746,2025-01-11,0.6399999856948853,False
10265,50.119998931884766,0.04500000178813934,2025-01-11,0.5099999886006117,False
10266,50.119998931884766,0.05999999865889549,2025-01-11,0.41999999061226845,False
10267,50.119998931884766,0.07500000298023224,2025-01-11,0.4399999901652336,False
10268,50.119998931884766,0.09000000357627869,2025-01-11,0.6199999861419201,False
10269,50.119998931884766,0.10499999672174454,2025-01-11,0.5999999865889549,False
10270,50.119998931884766,0.11999999731779099,2025-01-11,0.6299999859184027,False
10271,50.119998931884766,0.13500000536441803,2025-01-11,0.5599999874830246,False
10272,50.119998931884766,0.15000000596046448,2025-01-11,0.3799999915063381,False
10273,50.119998931884766,0.16500000655651093,2025-01-11,0.4399999901652336,False
10274,50.119998931884766,0.18000000715255737,2025-01-11,0.46999998949468136,False
10275,50.119998931884766,0.19499999284744263,2025-01-11,0.4399999901652336,False
10276,50.119998931884766,0.20999999344348907,2025-01-11,0.30999999307096004,False
10277,50.119998931884766,0.22499999403953552,2025-01-11,0.17999999597668648,False
10278,50.119998931884766,0.23999999463558197,2025-01-11,0.2799999937415123,False
10279,50.119998931884766,0.2549999952316284,2025-01-11,0.5399999879300594,False
10280,50.119998931884766,0.27000001072883606,2025-01-11,0.3899999912828207,False
10281,50.119998931884766,0.2849999964237213,2025-01-11,0.42999999038875103,False
10282,50.119998931884766,0.30000001192092896,2025-01-11,0.3799999915063381,False
10283,50.119998931884766,0.3149999976158142,2025-01-11,0.41999999061226845,False
10284,50.119998931884766,0.33000001311302185,2025-01-11,0.4999999888241291,False
10285,50.119998931884766,0.3449999988079071,2025-01-11,0.4499999899417162,False
10286,50.119998931884766,0.36000001430511475,2025-01-11,0.5299999881535769,False
10287,50.119998931884766,0.375,2025-01-11,0.5699999872595072,False
10288,50.119998931884766,0.38999998569488525,2025-01-11,0.5999999865889549,False
10289,50.119998931884766,0.4050000011920929,2025-01-11,0.5899999868124723,False
10290,50.119998931884766,0.41999998688697815,2025-01-11,0.5799999870359898,False
10291,50.119998931884766,0.4350000023841858,2025-01-11,0.6899999845772982,False
10292,50.119998931884766,0.44999998807907104,2025-01-11,0.8599999807775021,False
10293,50.119998931884766,0.4650000035762787,2025-01-11,0.7499999832361937,False
10294,50.119998931884766,0.47999998927116394,2025-01-11,0.6899999845772982,False
10295,50.119998931884766,0.4950000047683716,2025-01-11,0.6599999852478504,False
10296,50.130001068115234,-1.2450000047683716,2025-01-11,1.0499999765306711,False
10297,50.130001068115234,-1.2300000190734863,2025-01-11,1.0799999758601189,False
10298,50.130001068115234,-1.215000033378601,2025-01-11,1.0499999765306711,False
10299,50.130001068115234,-1.2000000476837158,2025-01-11,1.0499999765306711,False
10300,50.130001068115234,-1.184999942779541,2025-01-11,0.9499999787658453,False
10301,50.130001068115234,-1.1699999570846558,2025-01-11,0.9599999785423279,False
10302,50.130001068115234,-1.1549999713897705,2025-01-11,0.9599999785423279,False
10303,50.130001068115234,-1.1399999856948853,2025-01-11,0.9899999778717756,False
10304,50.130001068115234,-1.125,2025-01-11,1.169999973848462,False
10305,50.130001068115234,-1.1100000143051147,2025-01-11,1.4299999680370092,False
10306,50.130001068115234,-1.0950000286102295,2025-01-11,1.6299999635666609,False
10307,50.130001068115234,-1.0800000429153442,2025-01-11,1.7099999617785215,False
10308,50.130001068115234,-1.065000057220459,2025-01-11,1.7199999615550041,False
10309,50.130001068115234,-1.0499999523162842,2025-01-11,1.7099999617785215,False
10310,50.130001068115234,-1.034999966621399,2025-01-11,1.6199999637901783,False
10311,50.130001068115234,-1.0199999809265137,2025-01-11,1.6199999637901783,False
10312,50.130001068115234,-1.0049999952316284,2025-01-11,1.5599999651312828,False
10313,50.130001068115234,-0.9900000095367432,2025-01-11,1.459999967366457,False
10314,50.130001068115234,-0.9750000238418579,2025-01-11,1.4299999680370092,False
10315,50.130001068115234,-0.9599999785423279,2025-01-11,1.5599999651312828,False
10316,50.130001068115234,-0.9449999928474426,2025-01-11,1.4999999664723873,False
10317,50.130001068115234,-0.9300000071525574,2025-01-11,1.4899999666959047,False
10318,50.130001068115234,-0.9150000214576721,2025-01-11,1.4299999680370092,False
10319,50.130001068115234,-0.8999999761581421,2025-01-11,1.4499999675899744,False
10320,50.130001068115234,-0.8849999904632568,2025-01-11,1.5499999653548002,False
10321,50.130001068115234,-0.8700000047683716,2025-01-11,1.4499999675899744,False
10322,50.130001068115234,-0.8550000190734863,2025-01-11,1.5999999642372131,False
10323,50.130001068115234,-0.8399999737739563,2025-01-11,1.5499999653548002,False
10324,50.130001068115234,-0.824999988079071,2025-01-11,1.5699999649077654,False
10325,50.130001068115234,-0.8100000023841858,2025-01-11,1.6099999640136957,False
10326,50.130001068115234,-0.7950000166893005,2025-01-11,1.5599999651312828,False
10327,50.130001068115234,-0.7799999713897705,2025-01-11,1.5199999660253525,False
10328,50.130001068115234,-0.7649999856948853,2025-01-11,1.5199999660253525,False
10329,50.130001068115234,-0.75,2025-01-11,1.4999999664723873,False
10330,50.130001068115234,-0.7350000143051147,2025-01-11,1.5899999644607306,False
10331,50.130001068115234,-0.7200000286102295,2025-01-11,1.389999968931079,False
10332,50.130001068115234,-0.7049999833106995,2025-01-11,1.2499999720603228,False
10333,50.130001068115234,-0.6899999976158142,2025-01-11,1.3199999704957008,False
10334,50.130001068115234,-0.675000011920929,2025-01-11,1.2499999720603228,False
10335,50.130001068115234,-0.6600000262260437,2025-01-11,1.2999999709427357,False
10336,50.130001068115234,-0.6449999809265137,2025-01-11,1.3599999696016312,False
10337,50.130001068115234,-0.6299999952316284,2025-01-11,1.4399999678134918,False
10338,50.130001068115234,-0.6150000095367432,2025-01-11,1.3499999698251486,False
10339,50.130001068115234,-0.6000000238418579,2025-01-11,1.4199999682605267,False
10340,50.130001068115234,-0.5849999785423279,2025-01-11,1.459999967366457,False
10341,50.130001068115234,-0.5699999928474426,2025-01-11,1.50999996624887,False
10342,50.130001068115234,-0.5550000071525574,2025-01-11,1.3699999693781137,False
10343,50.130001068115234,-0.5400000214576721,2025-01-11,1.4999999664723873,False
10344,50.130001068115234,-0.5249999761581421,2025-01-11,1.5499999653548002,False
10345,50.130001068115234,-0.5099999904632568,2025-01-11,1.5699999649077654,False
10346,50.130001068115234,-0.4950000047683716,2025-01-11,1.6099999640136957,False
10347,50.130001068115234,-0.47999998927116394,2025-01-11,1.5999999642372131,False
10348,50.130001068115234,-0.4650000035762787,2025-01-11,1.7799999602138996,False
10349,50.130001068115234,-0.44999998807907104,2025-01-11,1.6699999626725912,False
10350,50.130001068115234,-0.4350000023841858,2025-01-11,1.6899999622255564,False
10351,50.130001068115234,-0.41999998688697815,2025-01-11,1.7099999617785215,False
10352,50.130001068115234,-0.4050000011920929,2025-01-11,1.7799999602138996,False
10353,50.130001068115234,-0.38999998569488525,2025-01-11,1.7899999599903822,False
10354,50.130001068115234,-0.375,2025-01-11,1.7999999597668648,False
10355,50.130001068115234,-0.36000001430511475,2025-01-11,1.9099999573081732,False
10356,50.130001068115234,-0.3449999988079071,2025-01-11,1.8299999590963125,False
10357,50.130001068115234,-0.33000001311302185,2025-01-11,1.8299999590963125,False
10358,50.130001068115234,-0.3149999976158142,2025-01-11,1.889999957755208,False
10359,50.130001068115234,-0.30000001192092896,2025-01-11,1.9799999557435513,False
10360,50.130001068115234,-0.2849999964237213,2025-01-11,1.939999956637621,False
10361,50.130001068115234,-0.27000001072883606,2025-01-11,1.7799999602138996,False
10362,50.130001068115234,-0.2549999952316284,2025-01-11,1.699999962002039,False
10363,50.130001068115234,-0.23999999463558197,2025-01-11,1.5699999649077654,False
10364,50.130001068115234,-0.22499999403953552,2025-01-11,1.3099999707192183,False
10365,50.130001068115234,-0.20999999344348907,2025-01-11,1.3099999707192183,False
10366,50.130001068115234,-0.19499999284744263,2025-01-11,1.2099999729543924,False
10367,50.130001068115234,-0.18000000715255737,2025-01-11,1.0899999756366014,False
10368,50.130001068115234,-0.16500000655651093,2025-01-11,1.0199999772012234,False
10369,50.130001068115234,-0.15000000596046448,2025-01-11,0.8999999798834324,False
10370,50.130001068115234,-0.13500000536441803,2025-01-11,0.8099999818950891,False
10371,50.130001068115234,-0.11999999731779099,2025-01-11,0.8599999807775021,False
10372,50.130001068115234,-0.10499999672174454,2025-01-11,1.0199999772012234,False
10373,50.130001068115234,-0.09000000357627869,2025-01-11,0.979999978095293,False
10374,50.130001068115234,-0.07500000298023224,2025-01-11,0.8799999803304672,False
10375,50.130001068115234,-0.05999999865889549,2025-01-11,0.8299999814480543,False
10376,50.130001068115234,-0.04500000178813934,2025-01-11,0.7399999834597111,False
10377,50.130001068115234,-0.029999999329447746,2025-01-11,0.7299999836832285,False
10378,50.130001068115234,-0.014999999664723873,2025-01-11,0.6799999848008156,False
10379,50.130001068115234,0.0,2025-01-11,0.8299999814480543,False
10380,50.130001068115234,0.014999999664723873,2025-01-11,0.909999979659915,False
10381,50.130001068115234,0.029999999329447746,2025-01-11,0.6499999854713678,False
10382,50.130001068115234,0.04500000178813934,2025-01-11,0.5399999879300594,False
10383,50.130001068115234,0.05999999865889549,2025-01-11,0.40999999083578587,False
10384,50.130001068115234,0.07500000298023224,2025-01-11,0.4599999897181988,False
10385,50.130001068115234,0.09000000357627869,2025-01-11,0.5399999879300594,False
10386,50.130001068115234,0.10499999672174454,2025-01-11,0.7199999839067459,False
10387,50.130001068115234,0.11999999731779099,2025-01-11,0.7299999836832285,False
10388,50.130001068115234,0.13500000536441803,2025-01-11,0.7299999836832285,False
10389,50.130001068115234,0.15000000596046448,2025-01-11,0.5899999868124723,False
10390,50.130001068115234,0.16500000655651093,2025-01-11,0.5599999874830246,False
10391,50.130001068115234,0.18000000715255737,2025-01-11,0.46999998949468136,False
10392,50.130001068115234,0.19499999284744263,2025-01-11,0.47999998927116394,False
10393,50.130001068115234,0.20999999344348907,2025-01-11,0.2899999935179949,False
10394,50.130001068115234,0.22499999403953552,2025-01-11,0.2899999935179949,False
10395,50.130001068115234,0.23999999463558197,2025-01-11,0.2799999937415123,False
10396,50.130001068115234,0.2549999952316284,2025-01-11,0.4899999890476465,False
10397,50.130001068115234,0.27000001072883606,2025-01-11,0.5699999872595072,False
10398,50.130001068115234,0.2849999964237213,2025-01-11,0.3499999921768904,False
10399,50.130001068115234,0.30000001192092896,2025-01-11,0.36999999172985554,False
10400,50.130001068115234,0.3149999976158142,2025-01-11,0.4999999888241291,False
10401,50.130001068115234,0.33000001311302185,2025-01-11,0.5299999881535769,False
10402,50.130001068115234,0.3449999988079071,2025-01-11,0.5599999874830246,False
10403,50.130001068115234,0.36000001430511475,2025-01-11,0.6999999843537807,False
10404,50.130001068115234,0.375,2025-01-11,0.5399999879300594,False
10405,50.130001068115234,0.38999998569488525,2025-01-11,0.6799999848008156,False
10406,50.130001068115234,0.4050000011920929,2025-01-11,0.6899999845772982,False
10407,50.130001068115234,0.41999998688697815,2025-01-11,0.789999982342124,False
10408,50.130001068115234,0.4350000023841858,2025-01-11,0.7199999839067459,False
10409,50.130001068115234,0.44999998807907104,2025-01-11,0.7199999839067459,False
10410,50.130001068115234,0.4650000035762787,2025-01-11,0.7799999825656414,False
10411,50.130001068115234,0.47999998927116394,2025-01-11,0.5999999865889549,False
10412,50.130001068115234,0.4950000047683716,2025-01-11,0.6599999852478504,False
10413,50.13999938964844,-1.2450000047683716,2025-01-11,1.2399999722838402,False
10414,50.13999938964844,-1.2300000190734863,2025-01-11,1.1599999740719795,False
10415,50.13999938964844,-1.215000033378601,2025-01-11,1.289999971166253,False
10416,50.13999938964844,-1.2000000476837158,2025-01-11,1.1799999736249447,False
10417,50.13999938964844,-1.184999942779541,2025-01-11,1.1199999749660492,False
10418,50.13999938964844,-1.1699999570846558,2025-01-11,1.0499999765306711,False
10419,50.13999938964844,-1.1549999713897705,2025-01-11,0.9499999787658453,False
10420,50.13999938964844,-1.1399999856948853,2025-01-11,0.9299999792128801,False
10421,50.13999938964844,-1.125,2025-01-11,1.1099999751895666,False
10422,50.13999938964844,-1.1100000143051147,2025-01-11,1.269999971613288,False
10423,50.13999938964844,-1.0950000286102295,2025-01-11,1.6199999637901783,False
10424,50.13999938964844,-1.0800000429153442,2025-01-11,1.7199999615550041,False
10425,50.13999938964844,-1.065000057220459,2025-01-11,1.7999999597668648,False
10426,50.13999938964844,-1.0499999523162842,2025-01-11,1.7499999608844519,False
10427,50.13999938964844,-1.034999966621399,2025-01-11,1.6399999633431435,False
10428,50.13999938964844,-1.0199999809265137,2025-01-11,1.7099999617785215,False
10429,50.13999938964844,-1.0049999952316284,2025-01-11,1.5899999644607306,False
10430,50.13999938964844,-0.9900000095367432,2025-01-11,1.50999996624887,False
10431,50.13999938964844,-0.9750000238418579,2025-01-11,1.4699999671429396,False
10432,50.13999938964844,-0.9599999785423279,2025-01-11,1.4799999669194221,False
10433,50.13999938964844,-0.9449999928474426,2025-01-11,1.5199999660253525,False
10434,50.13999938964844,-0.9300000071525574,2025-01-11,1.5499999653548002,False
10435,50.13999938964844,-0.9150000214576721,2025-01-11,1.4799999669194221,False
10436,50.13999938964844,-0.8999999761581421,2025-01-11,1.5199999660253525,False
10437,50.13999938964844,-0.8849999904632568,2025-01-11,1.579999964684248,False
10438,50.13999938964844,-0.8700000047683716,2025-01-11,1.5499999653548002,False
10439,50.13999938964844,-0.8550000190734863,2025-01-11,1.4999999664723873,False
10440,50.13999938964844,-0.8399999737739563,2025-01-11,1.5599999651312828,False
10441,50.13999938964844,-0.824999988079071,2025-01-11,1.5899999644607306,False
10442,50.13999938964844,-0.8100000023841858,2025-01-11,1.6299999635666609,False
10443,50.13999938964844,-0.7950000166893005,2025-01-11,1.6199999637901783,False
10444,50.13999938964844,-0.7799999713897705,2025-01-11,1.4699999671429396,False
10445,50.13999938964844,-0.7649999856948853,2025-01-11,1.5499999653548002,False
10446,50.13999938964844,-0.75,2025-01-11,1.4899999666959047,False
10447,50.13999938964844,-0.7350000143051147,2025-01-11,1.5599999651312828,False
10448,50.13999938964844,-0.7200000286102295,2025-01-11,1.4199999682605267,False
10449,50.13999938964844,-0.7049999833106995,2025-01-11,1.3699999693781137,False
10450,50.13999938964844,-0.6899999976158142,2025-01-11,1.3599999696016312,False
10451,50.13999938964844,-0.675000011920929,2025-01-11,1.4199999682605267,False
10452,50.13999938964844,-0.6600000262260437,2025-01-11,1.389999968931079,False
10453,50.13999938964844,-0.6449999809265137,2025-01-11,1.4399999678134918,False
10454,50.13999938964844,-0.6299999952316284,2025-01-11,1.50999996624887,False
10455,50.13999938964844,-0.6150000095367432,2025-01-11,1.4499999675899744,False
10456,50.13999938964844,-0.6000000238418579,2025-01-11,1.50999996624887,False
10457,50.13999938964844,-0.5849999785423279,2025-01-11,1.4399999678134918,False
10458,50.13999938964844,-0.5699999928474426,2025-01-11,1.3499999698251486,False
10459,50.13999938964844,-0.5550000071525574,2025-01-11,1.5199999660253525,False
10460,50.13999938964844,-0.5400000214576721,2025-01-11,1.4999999664723873,False
10461,50.13999938964844,-0.5249999761581421,2025-01-11,1.579999964684248,False
10462,50.13999938964844,-0.5099999904632568,2025-01-11,1.50999996624887,False
10463,50.13999938964844,-0.4950000047683716,2025-01-11,1.579999964684248,False
10464,50.13999938964844,-0.47999998927116394,2025-01-11,1.6799999624490738,False
10465,50.13999938964844,-0.4650000035762787,2025-01-11,1.6699999626725912,False
10466,50.13999938964844,-0.44999998807907104,2025-01-11,1.6899999622255564,False
10467,50.13999938964844,-0.4350000023841858,2025-01-11,1.7599999606609344,False
10468,50.13999938964844,-0.41999998688697815,2025-01-11,1.8599999584257603,False
10469,50.13999938964844,-0.4050000011920929,2025-01-11,1.8699999582022429,False
10470,50.13999938964844,-0.38999998569488525,2025-01-11,1.9499999564141035,False
10471,50.13999938964844,-0.375,2025-01-11,1.959999956190586,False
10472,50.13999938964844,-0.36000001430511475,2025-01-11,1.9899999555200338,False
10473,50.13999938964844,-0.3449999988079071,2025-01-11,2.0899999532848597,False
10474,50.13999938964844,-0.33000001311302185,2025-01-11,2.2599999494850636,False
10475,50.13999938964844,-0.3149999976158142,2025-01-11,2.1199999526143074,False
10476,50.13999938964844,-0.30000001192092896,2025-01-11,2.199999950826168,False
10477,50.13999938964844,-0.2849999964237213,2025-01-11,2.1599999517202377,False
10478,50.13999938964844,-0.27000001072883606,2025-01-11,2.059999953955412,False
10479,50.13999938964844,-0.2549999952316284,2025-01-11,1.839999958872795,False
10480,50.13999938964844,-0.23999999463558197,2025-01-11,1.5999999642372131,False
10481,50.13999938964844,-0.22499999403953552,2025-01-11,1.4399999678134918,False
10482,50.13999938964844,-0.20999999344348907,2025-01-11,1.389999968931079,False
10483,50.13999938964844,-0.19499999284744263,2025-01-11,1.4199999682605267,False
10484,50.13999938964844,-0.18000000715255737,2025-01-11,1.269999971613288,False
10485,50.13999938964844,-0.16500000655651093,2025-01-11,1.1399999745190144,False
10486,50.13999938964844,-0.15000000596046448,2025-01-11,1.1299999747425318,False
10487,50.13999938964844,-0.13500000536441803,2025-01-11,0.9899999778717756,False
10488,50.13999938964844,-0.11999999731779099,2025-01-11,0.909999979659915,False
10489,50.13999938964844,-0.10499999672174454,2025-01-11,0.9999999776482582,False
10490,50.13999938964844,-0.09000000357627869,2025-01-11,0.9299999792128801,False
10491,50.13999938964844,-0.07500000298023224,2025-01-11,0.8199999816715717,False
10492,50.13999938964844,-0.05999999865889549,2025-01-11,0.789999982342124,False
10493,50.13999938964844,-0.04500000178813934,2025-01-11,0.7999999821186066,False
10494,50.13999938964844,-0.029999999329447746,2025-01-11,0.8499999810010195,False
10495,50.13999938964844,-0.014999999664723873,2025-01-11,0.8499999810010195,False
10496,50.13999938964844,0.0,2025-01-11,0.8099999818950891,False
10497,50.13999938964844,0.014999999664723873,2025-01-11,0.8299999814480543,False
10498,50.13999938964844,0.029999999329447746,2025-01-11,0.7299999836832285,False
10499,50.13999938964844,0.04500000178813934,2025-01-11,0.7199999839067459,False
10500,50.13999938964844,0.05999999865889549,2025-01-11,0.6099999863654375,False
10501,50.13999938964844,0.07500000298023224,2025-01-11,0.549999987706542,False
10502,50.13999938964844,0.09000000357627869,2025-01-11,0.6299999859184027,False
10503,50.13999938964844,0.10499999672174454,2025-01-11,0.6199999861419201,False
10504,50.13999938964844,0.11999999731779099,2025-01-11,0.7699999827891588,False
10505,50.13999938964844,0.13500000536441803,2025-01-11,0.6099999863654375,False
10506,50.13999938964844,0.15000000596046448,2025-01-11,0.7299999836832285,False
10507,50.13999938964844,0.16500000655651093,2025-01-11,0.5399999879300594,False
10508,50.13999938964844,0.18000000715255737,2025-01-11,0.5999999865889549,False
10509,50.13999938964844,0.19499999284744263,2025-01-11,0.5099999886006117,False
10510,50.13999938964844,0.20999999344348907,2025-01-11,0.3899999912828207,False
10511,50.13999938964844,0.22499999403953552,2025-01-11,0.4499999899417162,False
10512,50.13999938964844,0.23999999463558197,2025-01-11,0.40999999083578587,False
10513,50.13999938964844,0.2549999952316284,2025-01-11,0.6899999845772982,False
10514,50.13999938964844,0.27000001072883606,2025-01-11,0.6099999863654375,False
10515,50.13999938964844,0.2849999964237213,2025-01-11,0.46999998949468136,False
10516,50.13999938964844,0.30000001192092896,2025-01-11,0.5199999883770943,False
10517,50.13999938964844,0.3149999976158142,2025-01-11,0.46999998949468136,False
10518,50.13999938964844,0.33000001311302185,2025-01-11,0.4899999890476465,False
10519,50.13999938964844,0.3449999988079071,2025-01-11,0.6499999854713678,False
10520,50.13999938964844,0.36000001430511475,2025-01-11,0.7199999839067459,False
10521,50.13999938964844,0.375,2025-01-11,0.669999985024333,False
10522,50.13999938964844,0.38999998569488525,2025-01-11,0.8299999814480543,False
10523,50.13999938964844,0.4050000011920929,2025-01-11,0.8899999801069498,False
10524,50.13999938964844,0.41999998688697815,2025-01-11,0.8999999798834324,False
10525,50.13999938964844,0.4350000023841858,2025-01-11,0.7999999821186066,False
10526,50.13999938964844,0.44999998807907104,2025-01-11,0.7599999830126762,False
10527,50.13999938964844,0.4650000035762787,2025-01-11,0.8299999814480543,False
10528,50.13999938964844,0.47999998927116394,2025-01-11,0.7499999832361937,False
10529,50.13999938964844,0.4950000047683716,2025-01-11,0.6799999848008156,False
10530,50.150001525878906,-1.2450000047683716,2025-01-11,1.3199999704957008,False
10531,50.150001525878906,-1.2300000190734863,2025-01-11,1.459999967366457,False
10532,50.150001525878906,-1.215000033378601,2025-01-11,1.4399999678134918,False
10533,50.150001525878906,-1.2000000476837158,2025-01-11,1.3799999691545963,False
10534,50.150001525878906,-1.184999942779541,2025-01-11,1.2799999713897705,False
10535,50.150001525878906,-1.1699999570846558,2025-01-11,1.0899999756366014,False
10536,50.150001525878906,-1.1549999713897705,2025-01-11,0.8799999803304672,False
10537,50.150001525878906,-1.1399999856948853,2025-01-11,0.9199999794363976,False
10538,50.150001525878906,-1.125,2025-01-11,1.1899999734014273,False
10539,50.150001525878906,-1.1100000143051147,2025-01-11,1.169999973848462,False
10540,50.150001525878906,-1.0950000286102295,2025-01-11,1.459999967366457,False
10541,50.150001525878906,-1.0800000429153442,2025-01-11,1.6199999637901783,False
10542,50.150001525878906,-1.065000057220459,2025-01-11,1.7899999599903822,False
10543,50.150001525878906,-1.0499999523162842,2025-01-11,1.7799999602138996,False
10544,50.150001525878906,-1.034999966621399,2025-01-11,1.649999963119626,False
10545,50.150001525878906,-1.0199999809265137,2025-01-11,1.5499999653548002,False
10546,50.150001525878906,-1.0049999952316284,2025-01-11,1.579999964684248,False
10547,50.150001525878906,-0.9900000095367432,2025-01-11,1.5199999660253525,False
10548,50.150001525878906,-0.9750000238418579,2025-01-11,1.5999999642372131,False
10549,50.150001525878906,-0.9599999785423279,2025-01-11,1.4899999666959047,False
10550,50.150001525878906,-0.9449999928474426,2025-01-11,1.5599999651312828,False
10551,50.150001525878906,-0.9300000071525574,2025-01-11,1.5499999653548002,False
10552,50.150001525878906,-0.9150000214576721,2025-01-11,1.409999968484044,False
10553,50.150001525878906,-0.8999999761581421,2025-01-11,1.4799999669194221,False
10554,50.150001525878906,-0.8849999904632568,2025-01-11,1.529999965801835,False
10555,50.150001525878906,-0.8700000047683716,2025-01-11,1.7899999599903822,False
10556,50.150001525878906,-0.8550000190734863,2025-01-11,1.5199999660253525,False
10557,50.150001525878906,-0.8399999737739563,2025-01-11,1.5699999649077654,False
10558,50.150001525878906,-0.824999988079071,2025-01-11,1.6199999637901783,False
10559,50.150001525878906,-0.8100000023841858,2025-01-11,1.6799999624490738,False
10560,50.150001525878906,-0.7950000166893005,2025-01-11,1.5999999642372131,False
10561,50.150001525878906,-0.7799999713897705,2025-01-11,1.5999999642372131,False
10562,50.150001525878906,-0.7649999856948853,2025-01-11,1.5599999651312828,False
10563,50.150001525878906,-0.75,2025-01-11,1.4899999666959047,False
10564,50.150001525878906,-0.7350000143051147,2025-01-11,1.4999999664723873,False
10565,50.150001525878906,-0.7200000286102295,2025-01-11,1.6099999640136957,False
10566,50.150001525878906,-0.7049999833106995,2025-01-11,1.4899999666959047,False
10567,50.150001525878906,-0.6899999976158142,2025-01-11,1.3999999687075615,False
10568,50.150001525878906,-0.675000011920929,2025-01-11,1.4299999680370092,False
10569,50.150001525878906,-0.6600000262260437,2025-01-11,1.459999967366457,False
10570,50.150001525878906,-0.6449999809265137,2025-01-11,1.529999965801835,False
10571,50.150001525878906,-0.6299999952316284,2025-01-11,1.6099999640136957,False
10572,50.150001525878906,-0.6150000095367432,2025-01-11,1.6199999637901783,False
10573,50.150001525878906,-0.6000000238418579,2025-01-11,1.6299999635666609,False
10574,50.150001525878906,-0.5849999785423279,2025-01-11,1.50999996624887,False
10575,50.150001525878906,-0.5699999928474426,2025-01-11,1.4699999671429396,False
10576,50.150001525878906,-0.5550000071525574,2025-01-11,1.4799999669194221,False
10577,50.150001525878906,-0.5400000214576721,2025-01-11,1.5699999649077654,False
10578,50.150001525878906,-0.5249999761581421,2025-01-11,1.5399999655783176,False
10579,50.150001525878906,-0.5099999904632568,2025-01-11,1.5499999653548002,False
10580,50.150001525878906,-0.4950000047683716,2025-01-11,1.6099999640136957,False
10581,50.150001525878906,-0.47999998927116394,2025-01-11,1.649999963119626,False
10582,50.150001525878906,-0.4650000035762787,2025-01-11,1.7599999606609344,False
10583,50.150001525878906,-0.44999998807907104,2025-01-11,1.8999999575316906,False
10584,50.150001525878906,-0.4350000023841858,2025-01-11,1.8799999579787254,False
10585,50.150001525878906,-0.41999998688697815,2025-01-11,1.9899999555200338,False
10586,50.150001525878906,-0.4050000011920929,2025-01-11,2.079999953508377,False
10587,50.150001525878906,-0.38999998569488525,2025-01-11,2.2099999506026506,False
10588,50.150001525878906,-0.375,2025-01-11,2.1699999514967203,False
10589,50.150001525878906,-0.36000001430511475,2025-01-11,2.349999947473407,False
10590,50.150001525878906,-0.3449999988079071,2025-01-11,2.369999947026372,False
10591,50.150001525878906,-0.33000001311302185,2025-01-11,2.5499999430030584,False
10592,50.150001525878906,-0.3149999976158142,2025-01-11,2.5499999430030584,False
10593,50.150001525878906,-0.30000001192092896,2025-01-11,2.4799999445676804,False
10594,50.150001525878906,-0.2849999964237213,2025-01-11,2.489999944344163,False
10595,50.150001525878906,-0.27000001072883606,2025-01-11,2.3799999468028545,False
10596,50.150001525878906,-0.2549999952316284,2025-01-11,2.12999995239079,False
10597,50.150001525878906,-0.23999999463558197,2025-01-11,1.81999995931983,False
10598,50.150001525878906,-0.22499999403953552,2025-01-11,1.6199999637901783,False
10599,50.150001525878906,-0.20999999344348907,2025-01-11,1.5499999653548002,False
10600,50.150001525878906,-0.19499999284744263,2025-01-11,1.4399999678134918,False
10601,50.150001525878906,-0.18000000715255737,2025-01-11,1.4199999682605267,False
10602,50.150001525878906,-0.16500000655651093,2025-01-11,1.3199999704957008,False
10603,50.150001525878906,-0.15000000596046448,2025-01-11,1.289999971166253,False
10604,50.150001525878906,-0.13500000536441803,2025-01-11,1.0799999758601189,False
10605,50.150001525878906,-0.11999999731779099,2025-01-11,0.979999978095293,False
10606,50.150001525878906,-0.10499999672174454,2025-01-11,0.8099999818950891,False
10607,50.150001525878906,-0.09000000357627869,2025-01-11,0.8299999814480543,False
10608,50.150001525878906,-0.07500000298023224,2025-01-11,0.8399999812245369,False
10609,50.150001525878906,-0.05999999865889549,2025-01-11,0.9399999789893627,False
10610,50.150001525878906,-0.04500000178813934,2025-01-11,0.8599999807775021,False
10611,50.150001525878906,-0.029999999329447746,2025-01-11,0.979999978095293,False
10612,50.150001525878906,-0.014999999664723873,2025-01-11,0.9399999789893627,False
10613,50.150001525878906,0.0,2025-01-11,0.6999999843537807,False
10614,50.150001525878906,0.014999999664723873,2025-01-11,0.8299999814480543,False
10615,50.150001525878906,0.029999999329447746,2025-01-11,0.789999982342124,False
10616,50.150001525878906,0.04500000178813934,2025-01-11,0.5899999868124723,False
10617,50.150001525878906,0.05999999865889549,2025-01-11,0.47999998927116394,False
10618,50.150001525878906,0.07500000298023224,2025-01-11,0.5299999881535769,False
10619,50.150001525878906,0.09000000357627869,2025-01-11,0.6099999863654375,False
10620,50.150001525878906,0.10499999672174454,2025-01-11,0.5999999865889549,False
10621,50.150001525878906,0.11999999731779099,2025-01-11,0.7299999836832285,False
10622,50.150001525878906,0.13500000536441803,2025-01-11,0.7299999836832285,False
10623,50.150001525878906,0.15000000596046448,2025-01-11,0.6999999843537807,False
10624,50.150001525878906,0.16500000655651093,2025-01-11,0.5999999865889549,False
10625,50.150001525878906,0.18000000715255737,2025-01-11,0.5099999886006117,False
10626,50.150001525878906,0.19499999284744263,2025-01-11,0.4499999899417162,False
10627,50.150001525878906,0.20999999344348907,2025-01-11,0.40999999083578587,False
10628,50.150001525878906,0.22499999403953552,2025-01-11,0.5399999879300594,False
10629,50.150001525878906,0.23999999463558197,2025-01-11,0.5299999881535769,False
10630,50.150001525878906,0.2549999952316284,2025-01-11,0.7099999841302633,False
10631,50.150001525878906,0.27000001072883606,2025-01-11,0.7499999832361937,False
10632,50.150001525878906,0.2849999964237213,2025-01-11,0.6799999848008156,False
10633,50.150001525878906,0.30000001192092896,2025-01-11,0.5899999868124723,False
10634,50.150001525878906,0.3149999976158142,2025-01-11,0.5699999872595072,False
10635,50.150001525878906,0.33000001311302185,2025-01-11,0.7099999841302633,False
10636,50.150001525878906,0.3449999988079071,2025-01-11,0.8699999805539846,False
10637,50.150001525878906,0.36000001430511475,2025-01-11,0.8299999814480543,False
10638,50.150001525878906,0.375,2025-01-11,0.8499999810010195,False
10639,50.150001525878906,0.38999998569488525,2025-01-11,0.8899999801069498,False
10640,50.150001525878906,0.4050000011920929,2025-01-11,0.9899999778717756,False
10641,50.150001525878906,0.41999998688697815,2025-01-11,0.9899999778717756,False
10642,50.150001525878906,0.4350000023841858,2025-01-11,0.9699999783188105,False
10643,50.150001525878906,0.44999998807907104,2025-01-11,0.789999982342124,False
10644,50.150001525878906,0.4650000035762787,2025-01-11,0.8699999805539846,False
10645,50.150001525878906,0.47999998927116394,2025-01-11,0.8699999805539846,False
10646,50.150001525878906,0.4950000047683716,2025-01-11,0.7199999839067459,False
10647,50.15999984741211,-1.2450000047683716,2025-01-11,1.5199999660253525,False
10648,50.15999984741211,-1.2300000190734863,2025-01-11,1.459999967366457,False
10649,50.15999984741211,-1.215000033378601,2025-01-11,1.5899999644607306,False
10650,50.15999984741211,-1.2000000476837158,2025-01-11,1.459999967366457,False
10651,50.15999984741211,-1.184999942779541,2025-01-11,1.2999999709427357,False
10652,50.15999984741211,-1.1699999570846558,2025-01-11,1.099999975413084,False
10653,50.15999984741211,-1.1549999713897705,2025-01-11,1.0899999756366014,False
10654,50.15999984741211,-1.1399999856948853,2025-01-11,0.8899999801069498,False
10655,50.15999984741211,-1.125,2025-01-11,0.9199999794363976,False
10656,50.15999984741211,-1.1100000143051147,2025-01-11,1.169999973848462,False
10657,50.15999984741211,-1.0950000286102295,2025-01-11,1.3799999691545963,False
10658,50.15999984741211,-1.0800000429153442,2025-01-11,1.5599999651312828,False
10659,50.15999984741211,-1.065000057220459,2025-01-11,1.8099999595433474,False
10660,50.15999984741211,-1.0499999523162842,2025-01-11,1.7499999608844519,False
10661,50.15999984741211,-1.034999966621399,2025-01-11,1.6699999626725912,False
10662,50.15999984741211,-1.0199999809265137,2025-01-11,1.5599999651312828,False
10663,50.15999984741211,-1.0049999952316284,2025-01-11,1.579999964684248,False
10664,50.15999984741211,-0.9900000095367432,2025-01-11,1.579999964684248,False
10665,50.15999984741211,-0.9750000238418579,2025-01-11,1.579999964684248,False
10666,50.15999984741211,-0.9599999785423279,2025-01-11,1.5199999660253525,False
10667,50.15999984741211,-0.9449999928474426,2025-01-11,1.4699999671429396,False
10668,50.15999984741211,-0.9300000071525574,2025-01-11,1.579999964684248,False
10669,50.15999984741211,-0.9150000214576721,2025-01-11,1.7199999615550041,False
10670,50.15999984741211,-0.8999999761581421,2025-01-11,1.5399999655783176,False
10671,50.15999984741211,-0.8849999904632568,2025-01-11,1.5399999655783176,False
10672,50.15999984741211,-0.8700000047683716,2025-01-11,1.6199999637901783,False
10673,50.15999984741211,-0.8550000190734863,2025-01-11,1.6199999637901783,False
10674,50.15999984741211,-0.8399999737739563,2025-01-11,1.649999963119626,False
10675,50.15999984741211,-0.824999988079071,2025-01-11,1.769999960437417,False
10676,50.15999984741211,-0.8100000023841858,2025-01-11,1.7099999617785215,False
10677,50.15999984741211,-0.7950000166893005,2025-01-11,1.6099999640136957,False
10678,50.15999984741211,-0.7799999713897705,2025-01-11,1.6399999633431435,False
10679,50.15999984741211,-0.7649999856948853,2025-01-11,1.6199999637901783,False
10680,50.15999984741211,-0.75,2025-01-11,1.5899999644607306,False
10681,50.15999984741211,-0.7350000143051147,2025-01-11,1.6699999626725912,False
10682,50.15999984741211,-0.7200000286102295,2025-01-11,1.529999965801835,False
10683,50.15999984741211,-0.7049999833106995,2025-01-11,1.5999999642372131,False
10684,50.15999984741211,-0.6899999976158142,2025-01-11,1.5999999642372131,False
10685,50.15999984741211,-0.675000011920929,2025-01-11,1.6099999640136957,False
10686,50.15999984741211,-0.6600000262260437,2025-01-11,1.579999964684248,False
10687,50.15999984741211,-0.6449999809265137,2025-01-11,1.4999999664723873,False
10688,50.15999984741211,-0.6299999952316284,2025-01-11,1.4899999666959047,False
10689,50.15999984741211,-0.6150000095367432,2025-01-11,1.4699999671429396,False
10690,50.15999984741211,-0.6000000238418579,2025-01-11,1.459999967366457,False
10691,50.15999984741211,-0.5849999785423279,2025-01-11,1.50999996624887,False
10692,50.15999984741211,-0.5699999928474426,2025-01-11,1.6399999633431435,False
10693,50.15999984741211,-0.5550000071525574,2025-01-11,1.5399999655783176,False
10694,50.15999984741211,-0.5400000214576721,2025-01-11,1.5199999660253525,False
10695,50.15999984741211,-0.5249999761581421,2025-01-11,1.5399999655783176,False
10696,50.15999984741211,-0.5099999904632568,2025-01-11,1.6799999624490738,False
10697,50.15999984741211,-0.4950000047683716,2025-01-11,1.6599999628961086,False
10698,50.15999984741211,-0.47999998927116394,2025-01-11,1.7799999602138996,False
10699,50.15999984741211,-0.4650000035762787,2025-01-11,1.9299999568611383,False
10700,50.15999984741211,-0.44999998807907104,2025-01-11,2.1199999526143074,False
10701,50.15999984741211,-0.4350000023841858,2025-01-11,2.059999953955412,False
10702,50.15999984741211,-0.41999998688697815,2025-01-11,2.0899999532848597,False
10703,50.15999984741211,-0.4050000011920929,2025-01-11,2.3799999468028545,False
10704,50.15999984741211,-0.38999998569488525,2025-01-11,2.2599999494850636,False
10705,50.15999984741211,-0.375,2025-01-11,2.4299999456852674,False
10706,50.15999984741211,-0.36000001430511475,2025-01-11,2.559999942779541,False
10707,50.15999984741211,-0.3449999988079071,2025-01-11,2.699999939650297,False
10708,50.15999984741211,-0.33000001311302185,2025-01-11,2.869999935850501,False
10709,50.15999984741211,-0.3149999976158142,2025-01-11,2.9099999349564314,False
10710,50.15999984741211,-0.30000001192092896,2025-01-11,2.8099999371916056,False
10711,50.15999984741211,-0.2849999964237213,2025-01-11,2.679999940097332,False
10712,50.15999984741211,-0.27000001072883606,2025-01-11,2.7399999387562275,False
10713,50.15999984741211,-0.2549999952316284,2025-01-11,2.4099999461323023,False
10714,50.15999984741211,-0.23999999463558197,2025-01-11,2.2099999506026506,False
10715,50.15999984741211,-0.22499999403953552,2025-01-11,2.0399999544024467,False
10716,50.15999984741211,-0.20999999344348907,2025-01-11,1.769999960437417,False
10717,50.15999984741211,-0.19499999284744263,2025-01-11,1.7199999615550041,False
10718,50.15999984741211,-0.18000000715255737,2025-01-11,1.7199999615550041,False
10719,50.15999984741211,-0.16500000655651093,2025-01-11,1.4399999678134918,False
10720,50.15999984741211,-0.15000000596046448,2025-01-11,1.269999971613288,False
10721,50.15999984741211,-0.13500000536441803,2025-01-11,1.2299999725073576,False
10722,50.15999984741211,-0.11999999731779099,2025-01-11,1.0699999760836363,False
10723,50.15999984741211,-0.10499999672174454,2025-01-11,0.8199999816715717,False
10724,50.15999984741211,-0.09000000357627869,2025-01-11,0.8599999807775021,False
10725,50.15999984741211,-0.07500000298023224,2025-01-11,0.909999979659915,False
10726,50.15999984741211,-0.05999999865889549,2025-01-11,0.9599999785423279,False
10727,50.15999984741211,-0.04500000178813934,2025-01-11,0.9899999778717756,False
10728,50.15999984741211,-0.029999999329447746,2025-01-11,0.8699999805539846,False
10729,50.15999984741211,-0.014999999664723873,2025-01-11,0.7799999825656414,False
10730,50.15999984741211,0.0,2025-01-11,0.7999999821186066,False
10731,50.15999984741211,0.014999999664723873,2025-01-11,0.7499999832361937,False
10732,50.15999984741211,0.029999999329447746,2025-01-11,0.6599999852478504,False
10733,50.15999984741211,0.04500000178813934,2025-01-11,0.6199999861419201,False
10734,50.15999984741211,0.05999999865889549,2025-01-11,0.4399999901652336,False
10735,50.15999984741211,0.07500000298023224,2025-01-11,0.4499999899417162,False
10736,50.15999984741211,0.09000000357627869,2025-01-11,0.5899999868124723,False
10737,50.15999984741211,0.10499999672174454,2025-01-11,0.5599999874830246,False
10738,50.15999984741211,0.11999999731779099,2025-01-11,0.5699999872595072,False
10739,50.15999984741211,0.13500000536441803,2025-01-11,0.6499999854713678,False
10740,50.15999984741211,0.15000000596046448,2025-01-11,0.5799999870359898,False
10741,50.15999984741211,0.16500000655651093,2025-01-11,0.5799999870359898,False
10742,50.15999984741211,0.18000000715255737,2025-01-11,0.5699999872595072,False
10743,50.15999984741211,0.19499999284744263,2025-01-11,0.6199999861419201,False
10744,50.15999984741211,0.20999999344348907,2025-01-11,0.6599999852478504,False
10745,50.15999984741211,0.22499999403953552,2025-01-11,0.6199999861419201,False
10746,50.15999984741211,0.23999999463558197,2025-01-11,0.6299999859184027,False
10747,50.15999984741211,0.2549999952316284,2025-01-11,0.669999985024333,False
10748,50.15999984741211,0.27000001072883606,2025-01-11,0.8899999801069498,False
10749,50.15999984741211,0.2849999964237213,2025-01-11,0.8599999807775021,False
10750,50.15999984741211,0.30000001192092896,2025-01-11,0.8099999818950891,False
10751,50.15999984741211,0.3149999976158142,2025-01-11,0.8099999818950891,False
10752,50.15999984741211,0.33000001311302185,2025-01-11,0.909999979659915,False
10753,50.15999984741211,0.3449999988079071,2025-01-11,0.8699999805539846,False
10754,50.15999984741211,0.36000001430511475,2025-01-11,0.8899999801069498,False
10755,50.15999984741211,0.375,2025-01-11,0.7699999827891588,False
10756,50.15999984741211,0.38999998569488525,2025-01-11,0.9199999794363976,False
10757,50.15999984741211,0.4050000011920929,2025-01-11,0.8299999814480543,False
10758,50.15999984741211,0.41999998688697815,2025-01-11,0.9999999776482582,False
10759,50.15999984741211,0.4350000023841858,2025-01-11,0.9399999789893627,False
10760,50.15999984741211,0.44999998807907104,2025-01-11,0.8999999798834324,False
10761,50.15999984741211,0.4650000035762787,2025-01-11,0.8999999798834324,False
10762,50.15999984741211,0.47999998927116394,2025-01-11,0.8599999807775021,False
10763,50.15999984741211,0.4950000047683716,2025-01-11,0.8699999805539846,False
10764,50.16999816894531,-1.2450000047683716,2025-01-11,1.5699999649077654,False
10765,50.16999816894531,-1.2300000190734863,2025-01-11,1.5599999651312828,False
10766,50.16999816894531,-1.215000033378601,2025-01-11,1.50999996624887,False
10767,50.16999816894531,-1.2000000476837158,2025-01-11,1.3199999704957008,False
10768,50.16999816894531,-1.184999942779541,2025-01-11,1.219999972730875,False
10769,50.16999816894531,-1.1699999570846558,2025-01-11,1.0099999774247408,False
10770,50.16999816894531,-1.1549999713897705,2025-01-11,0.8799999803304672,False
10771,50.16999816894531,-1.1399999856948853,2025-01-11,0.8999999798834324,False
10772,50.16999816894531,-1.125,2025-01-11,0.979999978095293,False
10773,50.16999816894531,-1.1100000143051147,2025-01-11,1.2099999729543924,False
10774,50.16999816894531,-1.0950000286102295,2025-01-11,1.3799999691545963,False
10775,50.16999816894531,-1.0800000429153442,2025-01-11,1.5499999653548002,False
10776,50.16999816894531,-1.065000057220459,2025-01-11,1.7399999611079693,False
10777,50.16999816894531,-1.0499999523162842,2025-01-11,1.7599999606609344,False
10778,50.16999816894531,-1.034999966621399,2025-01-11,1.6599999628961086,False
10779,50.16999816894531,-1.0199999809265137,2025-01-11,1.6299999635666609,False
10780,50.16999816894531,-1.0049999952316284,2025-01-11,1.5999999642372131,False
10781,50.16999816894531,-0.9900000095367432,2025-01-11,1.6799999624490738,False
10782,50.16999816894531,-0.9750000238418579,2025-01-11,1.6099999640136957,False
10783,50.16999816894531,-0.9599999785423279,2025-01-11,1.579999964684248,False
10784,50.16999816894531,-0.9449999928474426,2025-01-11,1.5999999642372131,False
10785,50.16999816894531,-0.9300000071525574,2025-01-11,1.649999963119626,False
10786,50.16999816894531,-0.9150000214576721,2025-01-11,1.6099999640136957,False
10787,50.16999816894531,-0.8999999761581421,2025-01-11,1.6299999635666609,False
10788,50.16999816894531,-0.8849999904632568,2025-01-11,1.5499999653548002,False
10789,50.16999816894531,-0.8700000047683716,2025-01-11,1.4899999666959047,False
10790,50.16999816894531,-0.8550000190734863,2025-01-11,1.6599999628961086,False
10791,50.16999816894531,-0.8399999737739563,2025-01-11,1.7099999617785215,False
10792,50.16999816894531,-0.824999988079071,2025-01-11,1.6599999628961086,False
10793,50.16999816894531,-0.8100000023841858,2025-01-11,1.7499999608844519,False
10794,50.16999816894531,-0.7950000166893005,2025-01-11,1.699999962002039,False
10795,50.16999816894531,-0.7799999713897705,2025-01-11,1.699999962002039,False
10796,50.16999816894531,-0.7649999856948853,2025-01-11,1.7499999608844519,False
10797,50.16999816894531,-0.75,2025-01-11,1.7799999602138996,False
10798,50.16999816894531,-0.7350000143051147,2025-01-11,1.6899999622255564,False
10799,50.16999816894531,-0.7200000286102295,2025-01-11,1.7299999613314867,False
10800,50.16999816894531,-0.7049999833106995,2025-01-11,1.6699999626725912,False
10801,50.16999816894531,-0.6899999976158142,2025-01-11,1.579999964684248,False
10802,50.16999816894531,-0.675000011920929,2025-01-11,1.6799999624490738,False
10803,50.16999816894531,-0.6600000262260437,2025-01-11,1.5699999649077654,False
10804,50.16999816894531,-0.6449999809265137,2025-01-11,1.5399999655783176,False
10805,50.16999816894531,-0.6299999952316284,2025-01-11,1.5899999644607306,False
10806,50.16999816894531,-0.6150000095367432,2025-01-11,1.5599999651312828,False
10807,50.16999816894531,-0.6000000238418579,2025-01-11,1.5699999649077654,False
10808,50.16999816894531,-0.5849999785423279,2025-01-11,1.6299999635666609,False
10809,50.16999816894531,-0.5699999928474426,2025-01-11,1.5599999651312828,False
10810,50.16999816894531,-0.5550000071525574,2025-01-11,1.6199999637901783,False
10811,50.16999816894531,-0.5400000214576721,2025-01-11,1.4799999669194221,False
10812,50.16999816894531,-0.5249999761581421,2025-01-11,1.6799999624490738,False
10813,50.16999816894531,-0.5099999904632568,2025-01-11,1.649999963119626,False
10814,50.16999816894531,-0.4950000047683716,2025-01-11,1.6299999635666609,False
10815,50.16999816894531,-0.47999998927116394,2025-01-11,1.81999995931983,False
10816,50.16999816894531,-0.4650000035762787,2025-01-11,1.9299999568611383,False
10817,50.16999816894531,-0.44999998807907104,2025-01-11,2.009999955072999,False
10818,50.16999816894531,-0.4350000023841858,2025-01-11,2.0199999548494816,False
10819,50.16999816894531,-0.41999998688697815,2025-01-11,2.1399999521672726,False
10820,50.16999816894531,-0.4050000011920929,2025-01-11,2.339999947696924,False
10821,50.16999816894531,-0.38999998569488525,2025-01-11,2.3599999472498894,False
10822,50.16999816894531,-0.375,2025-01-11,2.559999942779541,False
10823,50.16999816894531,-0.36000001430511475,2025-01-11,2.7099999394267797,False
10824,50.16999816894531,-0.3449999988079071,2025-01-11,2.8399999365210533,False
10825,50.16999816894531,-0.33000001311302185,2025-01-11,2.989999933168292,False
10826,50.16999816894531,-0.3149999976158142,2025-01-11,3.0499999318271875,False
10827,50.16999816894531,-0.30000001192092896,2025-01-11,2.919999934732914,False
10828,50.16999816894531,-0.2849999964237213,2025-01-11,2.869999935850501,False
10829,50.16999816894531,-0.27000001072883606,2025-01-11,2.8099999371916056,False
10830,50.16999816894531,-0.2549999952316284,2025-01-11,2.6899999398738146,False
10831,50.16999816894531,-0.23999999463558197,2025-01-11,2.389999946579337,False
10832,50.16999816894531,-0.22499999403953552,2025-01-11,2.2399999499320984,False
10833,50.16999816894531,-0.20999999344348907,2025-01-11,2.0399999544024467,False
10834,50.16999816894531,-0.19499999284744263,2025-01-11,1.7899999599903822,False
10835,50.16999816894531,-0.18000000715255737,2025-01-11,1.7399999611079693,False
10836,50.16999816894531,-0.16500000655651093,2025-01-11,1.6199999637901783,False
10837,50.16999816894531,-0.15000000596046448,2025-01-11,1.4299999680370092,False
10838,50.16999816894531,-0.13500000536441803,2025-01-11,1.3499999698251486,False
10839,50.16999816894531,-0.11999999731779099,2025-01-11,1.1099999751895666,False
10840,50.16999816894531,-0.10499999672174454,2025-01-11,0.8999999798834324,False
10841,50.16999816894531,-0.09000000357627869,2025-01-11,0.9999999776482582,False
10842,50.16999816894531,-0.07500000298023224,2025-01-11,1.0799999758601189,False
10843,50.16999816894531,-0.05999999865889549,2025-01-11,0.9699999783188105,False
10844,50.16999816894531,-0.04500000178813934,2025-01-11,0.9599999785423279,False
10845,50.16999816894531,-0.029999999329447746,2025-01-11,0.9499999787658453,False
10846,50.16999816894531,-0.014999999664723873,2025-01-11,0.7599999830126762,False
10847,50.16999816894531,0.0,2025-01-11,0.6799999848008156,False
10848,50.16999816894531,0.014999999664723873,2025-01-11,0.7599999830126762,False
10849,50.16999816894531,0.029999999329447746,2025-01-11,0.7999999821186066,False
10850,50.16999816894531,0.04500000178813934,2025-01-11,0.6899999845772982,False
10851,50.16999816894531,0.05999999865889549,2025-01-11,0.5699999872595072,False
10852,50.16999816894531,0.07500000298023224,2025-01-11,0.5199999883770943,False
10853,50.16999816894531,0.09000000357627869,2025-01-11,0.6899999845772982,False
10854,50.16999816894531,0.10499999672174454,2025-01-11,0.6599999852478504,False
10855,50.16999816894531,0.11999999731779099,2025-01-11,0.5599999874830246,False
10856,50.16999816894531,0.13500000536441803,2025-01-11,0.7399999834597111,False
10857,50.16999816894531,0.15000000596046448,2025-01-11,0.6199999861419201,False
10858,50.16999816894531,0.16500000655651093,2025-01-11,0.6999999843537807,False
10859,50.16999816894531,0.18000000715255737,2025-01-11,0.6599999852478504,False
10860,50.16999816894531,0.19499999284744263,2025-01-11,0.7999999821186066,False
10861,50.16999816894531,0.20999999344348907,2025-01-11,0.8499999810010195,False
10862,50.16999816894531,0.22499999403953552,2025-01-11,0.7299999836832285,False
10863,50.16999816894531,0.23999999463558197,2025-01-11,0.7799999825656414,False
10864,50.16999816894531,0.2549999952316284,2025-01-11,0.8199999816715717,False
10865,50.16999816894531,0.27000001072883606,2025-01-11,0.8299999814480543,False
10866,50.16999816894531,0.2849999964237213,2025-01-11,0.9199999794363976,False
10867,50.16999816894531,0.30000001192092896,2025-01-11,1.1399999745190144,False
10868,50.16999816894531,0.3149999976158142,2025-01-11,1.099999975413084,False
10869,50.16999816894531,0.33000001311302185,2025-01-11,1.029999976977706,False
10870,50.16999816894531,0.3449999988079071,2025-01-11,0.9999999776482582,False
10871,50.16999816894531,0.36000001430511475,2025-01-11,0.979999978095293,False
10872,50.16999816894531,0.375,2025-01-11,0.8299999814480543,False
10873,50.16999816894531,0.38999998569488525,2025-01-11,0.8299999814480543,False
10874,50.16999816894531,0.4050000011920929,2025-01-11,0.8199999816715717,False
10875,50.16999816894531,0.41999998688697815,2025-01-11,0.8099999818950891,False
10876,50.16999816894531,0.4350000023841858,2025-01-11,0.8499999810010195,False
10877,50.16999816894531,0.44999998807907104,2025-01-11,0.9399999789893627,False
10878,50.16999816894531,0.4650000035762787,2025-01-11,0.8599999807775021,False
10879,50.16999816894531,0.47999998927116394,2025-01-11,0.8999999798834324,False
10880,50.16999816894531,0.4950000047683716,2025-01-11,0.979999978095293,False
10881,50.18000030517578,-1.2450000047683716,2025-01-11,1.6799999624490738,False
10882,50.18000030517578,-1.2300000190734863,2025-01-11,1.5499999653548002,False
10883,50.18000030517578,-1.215000033378601,2025-01-11,1.4299999680370092,False
10884,50.18000030517578,-1.2000000476837158,2025-01-11,1.339999970048666,False
10885,50.18000030517578,-1.184999942779541,2025-01-11,1.099999975413084,False
10886,50.18000030517578,-1.1699999570846558,2025-01-11,0.9299999792128801,False
10887,50.18000030517578,-1.1549999713897705,2025-01-11,0.8599999807775021,False
10888,50.18000030517578,-1.1399999856948853,2025-01-11,0.9499999787658453,False
10889,50.18000030517578,-1.125,2025-01-11,1.0199999772012234,False
10890,50.18000030517578,-1.1100000143051147,2025-01-11,1.1799999736249447,False
10891,50.18000030517578,-1.0950000286102295,2025-01-11,1.3199999704957008,False
10892,50.18000030517578,-1.0800000429153442,2025-01-11,1.529999965801835,False
10893,50.18000030517578,-1.065000057220459,2025-01-11,1.6599999628961086,False
10894,50.18000030517578,-1.0499999523162842,2025-01-11,1.6699999626725912,False
10895,50.18000030517578,-1.034999966621399,2025-01-11,1.6299999635666609,False
10896,50.18000030517578,-1.0199999809265137,2025-01-11,1.6599999628961086,False
10897,50.18000030517578,-1.0049999952316284,2025-01-11,1.6599999628961086,False
10898,50.18000030517578,-0.9900000095367432,2025-01-11,1.699999962002039,False
10899,50.18000030517578,-0.9750000238418579,2025-01-11,1.6599999628961086,False
10900,50.18000030517578,-0.9599999785423279,2025-01-11,1.6099999640136957,False
10901,50.18000030517578,-0.9449999928474426,2025-01-11,1.6799999624490738,False
10902,50.18000030517578,-0.9300000071525574,2025-01-11,1.6399999633431435,False
10903,50.18000030517578,-0.9150000214576721,2025-01-11,1.6099999640136957,False
10904,50.18000030517578,-0.8999999761581421,2025-01-11,1.6899999622255564,False
10905,50.18000030517578,-0.8849999904632568,2025-01-11,1.5599999651312828,False
10906,50.18000030517578,-0.8700000047683716,2025-01-11,1.5999999642372131,False
10907,50.18000030517578,-0.8550000190734863,2025-01-11,1.6599999628961086,False
10908,50.18000030517578,-0.8399999737739563,2025-01-11,1.6399999633431435,False
10909,50.18000030517578,-0.824999988079071,2025-01-11,1.769999960437417,False
10910,50.18000030517578,-0.8100000023841858,2025-01-11,1.7999999597668648,False
10911,50.18000030517578,-0.7950000166893005,2025-01-11,1.8499999586492777,False
10912,50.18000030517578,-0.7799999713897705,2025-01-11,1.8299999590963125,False
10913,50.18000030517578,-0.7649999856948853,2025-01-11,1.7099999617785215,False
10914,50.18000030517578,-0.75,2025-01-11,1.8299999590963125,False
10915,50.18000030517578,-0.7350000143051147,2025-01-11,1.7799999602138996,False
10916,50.18000030517578,-0.7200000286102295,2025-01-11,1.7599999606609344,False
10917,50.18000030517578,-0.7049999833106995,2025-01-11,1.6599999628961086,False
10918,50.18000030517578,-0.6899999976158142,2025-01-11,1.6199999637901783,False
10919,50.18000030517578,-0.675000011920929,2025-01-11,1.6599999628961086,False
10920,50.18000030517578,-0.6600000262260437,2025-01-11,1.6199999637901783,False
10921,50.18000030517578,-0.6449999809265137,2025-01-11,1.6699999626725912,False
10922,50.18000030517578,-0.6299999952316284,2025-01-11,1.6099999640136957,False
10923,50.18000030517578,-0.6150000095367432,2025-01-11,1.7099999617785215,False
10924,50.18000030517578,-0.6000000238418579,2025-01-11,1.6399999633431435,False
10925,50.18000030517578,-0.5849999785423279,2025-01-11,1.6299999635666609,False
10926,50.18000030517578,-0.5699999928474426,2025-01-11,1.6399999633431435,False
10927,50.18000030517578,-0.5550000071525574,2025-01-11,1.5999999642372131,False
10928,50.18000030517578,-0.5400000214576721,2025-01-11,1.5899999644607306,False
10929,50.18000030517578,-0.5249999761581421,2025-01-11,1.699999962002039,False
10930,50.18000030517578,-0.5099999904632568,2025-01-11,1.6099999640136957,False
10931,50.18000030517578,-0.4950000047683716,2025-01-11,1.5699999649077654,False
10932,50.18000030517578,-0.47999998927116394,2025-01-11,1.839999958872795,False
10933,50.18000030517578,-0.4650000035762787,2025-01-11,1.8799999579787254,False
10934,50.18000030517578,-0.44999998807907104,2025-01-11,1.8999999575316906,False
10935,50.18000030517578,-0.4350000023841858,2025-01-11,2.0499999541789293,False
10936,50.18000030517578,-0.41999998688697815,2025-01-11,2.179999951273203,False
10937,50.18000030517578,-0.4050000011920929,2025-01-11,2.2799999490380287,False
10938,50.18000030517578,-0.38999998569488525,2025-01-11,2.4799999445676804,False
10939,50.18000030517578,-0.375,2025-01-11,2.5899999421089888,False
10940,50.18000030517578,-0.36000001430511475,2025-01-11,2.74999993853271,False
10941,50.18000030517578,-0.3449999988079071,2025-01-11,2.9099999349564314,False
10942,50.18000030517578,-0.33000001311302185,2025-01-11,3.0699999313801527,False
10943,50.18000030517578,-0.3149999976158142,2025-01-11,3.1399999298155308,False
10944,50.18000030517578,-0.30000001192092896,2025-01-11,2.9999999329447746,False
10945,50.18000030517578,-0.2849999964237213,2025-01-11,2.919999934732914,False
10946,50.18000030517578,-0.27000001072883606,2025-01-11,2.919999934732914,False
10947,50.18000030517578,-0.2549999952316284,2025-01-11,2.7199999392032623,False
10948,50.18000030517578,-0.23999999463558197,2025-01-11,2.539999943226576,False
10949,50.18000030517578,-0.22499999403953552,2025-01-11,2.2899999488145113,False
10950,50.18000030517578,-0.20999999344348907,2025-01-11,1.9899999555200338,False
10951,50.18000030517578,-0.19499999284744263,2025-01-11,1.8599999584257603,False
10952,50.18000030517578,-0.18000000715255737,2025-01-11,1.8099999595433474,False
10953,50.18000030517578,-0.16500000655651093,2025-01-11,1.7299999613314867,False
10954,50.18000030517578,-0.15000000596046448,2025-01-11,1.6299999635666609,False
10955,50.18000030517578,-0.13500000536441803,2025-01-11,1.5599999651312828,False
10956,50.18000030517578,-0.11999999731779099,2025-01-11,1.3699999693781137,False
10957,50.18000030517578,-0.10499999672174454,2025-01-11,1.219999972730875,False
10958,50.18000030517578,-0.09000000357627869,2025-01-11,1.1799999736249447,False
10959,50.18000030517578,-0.07500000298023224,2025-01-11,1.1899999734014273,False
10960,50.18000030517578,-0.05999999865889549,2025-01-11,1.1199999749660492,False
10961,50.18000030517578,-0.04500000178813934,2025-01-11,1.0599999763071537,False
10962,50.18000030517578,-0.029999999329447746,2025-01-11,0.9199999794363976,False
10963,50.18000030517578,-0.014999999664723873,2025-01-11,0.8099999818950891,False
10964,50.18000030517578,0.0,2025-01-11,0.7499999832361937,False
10965,50.18000030517578,0.014999999664723873,2025-01-11,0.789999982342124,False
10966,50.18000030517578,0.029999999329447746,2025-01-11,0.7999999821186066,False
10967,50.18000030517578,0.04500000178813934,2025-01-11,0.7999999821186066,False
10968,50.18000030517578,0.05999999865889549,2025-01-11,0.6499999854713678,False
10969,50.18000030517578,0.07500000298023224,2025-01-11,0.5699999872595072,False
10970,50.18000030517578,0.09000000357627869,2025-01-11,0.5799999870359898,False
10971,50.18000030517578,0.10499999672174454,2025-01-11,0.6799999848008156,False
10972,50.18000030517578,0.11999999731779099,2025-01-11,0.669999985024333,False
10973,50.18000030517578,0.13500000536441803,2025-01-11,0.6299999859184027,False
10974,50.18000030517578,0.15000000596046448,2025-01-11,0.6599999852478504,False
10975,50.18000030517578,0.16500000655651093,2025-01-11,0.7499999832361937,False
10976,50.18000030517578,0.18000000715255737,2025-01-11,0.7199999839067459,False
10977,50.18000030517578,0.19499999284744263,2025-01-11,0.979999978095293,False
10978,50.18000030517578,0.20999999344348907,2025-01-11,0.979999978095293,False
10979,50.18000030517578,0.22499999403953552,2025-01-11,0.9599999785423279,False
10980,50.18000030517578,0.23999999463558197,2025-01-11,0.9999999776482582,False
10981,50.18000030517578,0.2549999952316284,2025-01-11,0.8599999807775021,False
10982,50.18000030517578,0.27000001072883606,2025-01-11,0.9399999789893627,False
10983,50.18000030517578,0.2849999964237213,2025-01-11,1.0399999767541885,False
10984,50.18000030517578,0.30000001192092896,2025-01-11,1.1099999751895666,False
10985,50.18000030517578,0.3149999976158142,2025-01-11,1.2599999718368053,False
10986,50.18000030517578,0.33000001311302185,2025-01-11,0.979999978095293,False
10987,50.18000030517578,0.3449999988079071,2025-01-11,1.0199999772012234,False
10988,50.18000030517578,0.36000001430511475,2025-01-11,0.9499999787658453,False
10989,50.18000030517578,0.375,2025-01-11,0.7799999825656414,False
10990,50.18000030517578,0.38999998569488525,2025-01-11,0.789999982342124,False
10991,50.18000030517578,0.4050000011920929,2025-01-11,0.7699999827891588,False
10992,50.18000030517578,0.41999998688697815,2025-01-11,0.6999999843537807,False
10993,50.18000030517578,0.4350000023841858,2025-01-11,0.6899999845772982,False
10994,50.18000030517578,0.44999998807907104,2025-01-11,0.8499999810010195,False
10995,50.18000030517578,0.4650000035762787,2025-01-11,1.0099999774247408,False
10996,50.18000030517578,0.47999998927116394,2025-01-11,0.9399999789893627,False
10997,50.18000030517578,0.4950000047683716,2025-01-11,1.0099999774247408,False
10998,50.189998626708984,-1.2450000047683716,2025-01-11,1.7199999615550041,False
10999,50.189998626708984,-1.2300000190734863,2025-01-11,1.5999999642372131,False
11000,50.189998626708984,-1.215000033378601,2025-01-11,1.6399999633431435,False
11001,50.189998626708984,-1.2000000476837158,2025-01-11,1.389999968931079,False
11002,50.189998626708984,-1.184999942779541,2025-01-11,0.979999978095293,False
11003,50.189998626708984,-1.1699999570846558,2025-01-11,0.8599999807775021,False
11004,50.189998626708984,-1.1549999713897705,2025-01-11,0.8399999812245369,False
11005,50.189998626708984,-1.1399999856948853,2025-01-11,0.8699999805539846,False
11006,50.189998626708984,-1.125,2025-01-11,0.9599999785423279,False
11007,50.189998626708984,-1.1100000143051147,2025-01-11,1.0699999760836363,False
11008,50.189998626708984,-1.0950000286102295,2025-01-11,1.3199999704957008,False
11009,50.189998626708984,-1.0800000429153442,2025-01-11,1.4699999671429396,False
11010,50.189998626708984,-1.065000057220459,2025-01-11,1.6699999626725912,False
11011,50.189998626708984,-1.0499999523162842,2025-01-11,1.6899999622255564,False
11012,50.189998626708984,-1.034999966621399,2025-01-11,1.699999962002039,False
11013,50.189998626708984,-1.0199999809265137,2025-01-11,1.7899999599903822,False
11014,50.189998626708984,-1.0049999952316284,2025-01-11,1.7099999617785215,False
11015,50.189998626708984,-0.9900000095367432,2025-01-11,1.7099999617785215,False
11016,50.189998626708984,-0.9750000238418579,2025-01-11,1.6899999622255564,False
11017,50.189998626708984,-0.9599999785423279,2025-01-11,1.5899999644607306,False
11018,50.189998626708984,-0.9449999928474426,2025-01-11,1.7099999617785215,False
11019,50.189998626708984,-0.9300000071525574,2025-01-11,1.7099999617785215,False
11020,50.189998626708984,-0.9150000214576721,2025-01-11,1.6599999628961086,False
11021,50.189998626708984,-0.8999999761581421,2025-01-11,1.6699999626725912,False
11022,50.189998626708984,-0.8849999904632568,2025-01-11,1.7199999615550041,False
11023,50.189998626708984,-0.8700000047683716,2025-01-11,1.6299999635666609,False
11024,50.189998626708984,-0.8550000190734863,2025-01-11,1.6599999628961086,False
11025,50.189998626708984,-0.8399999737739563,2025-01-11,1.769999960437417,False
11026,50.189998626708984,-0.824999988079071,2025-01-11,1.6599999628961086,False
11027,50.189998626708984,-0.8100000023841858,2025-01-11,1.7999999597668648,False
11028,50.189998626708984,-0.7950000166893005,2025-01-11,1.9299999568611383,False
11029,50.189998626708984,-0.7799999713897705,2025-01-11,1.8799999579787254,False
11030,50.189998626708984,-0.7649999856948853,2025-01-11,1.9699999559670687,False
11031,50.189998626708984,-0.75,2025-01-11,1.9099999573081732,False
11032,50.189998626708984,-0.7350000143051147,2025-01-11,1.9699999559670687,False
11033,50.189998626708984,-0.7200000286102295,2025-01-11,1.9899999555200338,False
11034,50.189998626708984,-0.7049999833106995,2025-01-11,1.769999960437417,False
11035,50.189998626708984,-0.6899999976158142,2025-01-11,1.81999995931983,False
11036,50.189998626708984,-0.675000011920929,2025-01-11,1.81999995931983,False
11037,50.189998626708984,-0.6600000262260437,2025-01-11,1.6599999628961086,False
11038,50.189998626708984,-0.6449999809265137,2025-01-11,1.6699999626725912,False
11039,50.189998626708984,-0.6299999952316284,2025-01-11,1.769999960437417,False
11040,50.189998626708984,-0.6150000095367432,2025-01-11,1.7599999606609344,False
11041,50.189998626708984,-0.6000000238418579,2025-01-11,1.6699999626725912,False
11042,50.189998626708984,-0.5849999785423279,2025-01-11,1.6399999633431435,False
11043,50.189998626708984,-0.5699999928474426,2025-01-11,1.649999963119626,False
11044,50.189998626708984,-0.5550000071525574,2025-01-11,1.649999963119626,False
11045,50.189998626708984,-0.5400000214576721,2025-01-11,1.5999999642372131,False
11046,50.189998626708984,-0.5249999761581421,2025-01-11,1.7099999617785215,False
11047,50.189998626708984,-0.5099999904632568,2025-01-11,1.6899999622255564,False
11048,50.189998626708984,-0.4950000047683716,2025-01-11,1.7199999615550041,False
11049,50.189998626708984,-0.47999998927116394,2025-01-11,1.8299999590963125,False
11050,50.189998626708984,-0.4650000035762787,2025-01-11,1.889999957755208,False
11051,50.189998626708984,-0.44999998807907104,2025-01-11,1.8999999575316906,False
11052,50.189998626708984,-0.4350000023841858,2025-01-11,2.059999953955412,False
11053,50.189998626708984,-0.41999998688697815,2025-01-11,2.199999950826168,False
11054,50.189998626708984,-0.4050000011920929,2025-01-11,2.229999950155616,False
11055,50.189998626708984,-0.38999998569488525,2025-01-11,2.419999945908785,False
11056,50.189998626708984,-0.375,2025-01-11,2.4699999447911978,False
11057,50.189998626708984,-0.36000001430511475,2025-01-11,2.729999938979745,False
11058,50.189998626708984,-0.3449999988079071,2025-01-11,2.9299999345093966,False
11059,50.189998626708984,-0.33000001311302185,2025-01-11,2.989999933168292,False
11060,50.189998626708984,-0.3149999976158142,2025-01-11,3.05999993160367,False
11061,50.189998626708984,-0.30000001192092896,2025-01-11,3.129999930039048,False
11062,50.189998626708984,-0.2849999964237213,2025-01-11,2.9799999333918095,False
11063,50.189998626708984,-0.27000001072883606,2025-01-11,2.9499999340623617,False
11064,50.189998626708984,-0.2549999952316284,2025-01-11,2.7599999383091927,False
11065,50.189998626708984,-0.23999999463558197,2025-01-11,2.6899999398738146,False
11066,50.189998626708984,-0.22499999403953552,2025-01-11,2.339999947696924,False
11067,50.189998626708984,-0.20999999344348907,2025-01-11,2.2099999506026506,False
11068,50.189998626708984,-0.19499999284744263,2025-01-11,1.8499999586492777,False
11069,50.189998626708984,-0.18000000715255737,2025-01-11,1.8699999582022429,False
11070,50.189998626708984,-0.16500000655651093,2025-01-11,1.7999999597668648,False
11071,50.189998626708984,-0.15000000596046448,2025-01-11,1.7199999615550041,False
11072,50.189998626708984,-0.13500000536441803,2025-01-11,1.649999963119626,False
11073,50.189998626708984,-0.11999999731779099,2025-01-11,1.3999999687075615,False
11074,50.189998626708984,-0.10499999672174454,2025-01-11,1.2999999709427357,False
11075,50.189998626708984,-0.09000000357627869,2025-01-11,1.3199999704957008,False
11076,50.189998626708984,-0.07500000298023224,2025-01-11,1.3299999702721834,False
11077,50.189998626708984,-0.05999999865889549,2025-01-11,1.269999971613288,False
11078,50.189998626708984,-0.04500000178813934,2025-01-11,1.169999973848462,False
11079,50.189998626708984,-0.029999999329447746,2025-01-11,0.9699999783188105,False
11080,50.189998626708984,-0.014999999664723873,2025-01-11,0.979999978095293,False
11081,50.189998626708984,0.0,2025-01-11,0.8999999798834324,False
11082,50.189998626708984,0.014999999664723873,2025-01-11,0.7999999821186066,False
11083,50.189998626708984,0.029999999329447746,2025-01-11,0.8299999814480543,False
11084,50.189998626708984,0.04500000178813934,2025-01-11,0.909999979659915,False
11085,50.189998626708984,0.05999999865889549,2025-01-11,0.8099999818950891,False
11086,50.189998626708984,0.07500000298023224,2025-01-11,0.7599999830126762,False
11087,50.189998626708984,0.09000000357627869,2025-01-11,0.7999999821186066,False
11088,50.189998626708984,0.10499999672174454,2025-01-11,0.6999999843537807,False
11089,50.189998626708984,0.11999999731779099,2025-01-11,0.7599999830126762,False
11090,50.189998626708984,0.13500000536441803,2025-01-11,0.7299999836832285,False
11091,50.189998626708984,0.15000000596046448,2025-01-11,0.7499999832361937,False
11092,50.189998626708984,0.16500000655651093,2025-01-11,0.7699999827891588,False
11093,50.189998626708984,0.18000000715255737,2025-01-11,0.8899999801069498,False
11094,50.189998626708984,0.19499999284744263,2025-01-11,0.9399999789893627,False
11095,50.189998626708984,0.20999999344348907,2025-01-11,1.1099999751895666,False
11096,50.189998626708984,0.22499999403953552,2025-01-11,1.0499999765306711,False
11097,50.189998626708984,0.23999999463558197,2025-01-11,1.029999976977706,False
11098,50.189998626708984,0.2549999952316284,2025-01-11,0.8999999798834324,False
11099,50.189998626708984,0.27000001072883606,2025-01-11,0.9399999789893627,False
11100,50.189998626708984,0.2849999964237213,2025-01-11,1.0199999772012234,False
11101,50.189998626708984,0.30000001192092896,2025-01-11,1.169999973848462,False
11102,50.189998626708984,0.3149999976158142,2025-01-11,1.2099999729543924,False
11103,50.189998626708984,0.33000001311302185,2025-01-11,1.0399999767541885,False
11104,50.189998626708984,0.3449999988079071,2025-01-11,1.0099999774247408,False
11105,50.189998626708984,0.36000001430511475,2025-01-11,0.7999999821186066,False
11106,50.189998626708984,0.375,2025-01-11,0.8699999805539846,False
11107,50.189998626708984,0.38999998569488525,2025-01-11,0.8099999818950891,False
11108,50.189998626708984,0.4050000011920929,2025-01-11,0.7499999832361937,False
11109,50.189998626708984,0.41999998688697815,2025-01-11,0.7499999832361937,False
11110,50.189998626708984,0.4350000023841858,2025-01-11,0.7199999839067459,False
11111,50.189998626708984,0.44999998807907104,2025-01-11,0.9399999789893627,False
11112,50.189998626708984,0.4650000035762787,2025-01-11,0.909999979659915,False
11113,50.189998626708984,0.47999998927116394,2025-01-11,0.9399999789893627,False
11114,50.189998626708984,0.4950000047683716,2025-01-11,0.9999999776482582,False
11115,50.20000076293945,-1.2450000047683716,2025-01-11,2.0399999544024467,False
11116,50.20000076293945,-1.2300000190734863,2025-01-11,1.7599999606609344,False
11117,50.20000076293945,-1.215000033378601,2025-01-11,1.4899999666959047,False
11118,50.20000076293945,-1.2000000476837158,2025-01-11,1.3199999704957008,False
11119,50.20000076293945,-1.184999942779541,2025-01-11,1.0899999756366014,False
11120,50.20000076293945,-1.1699999570846558,2025-01-11,0.9399999789893627,False
11121,50.20000076293945,-1.1549999713897705,2025-01-11,0.8099999818950891,False
11122,50.20000076293945,-1.1399999856948853,2025-01-11,0.7799999825656414,False
11123,50.20000076293945,-1.125,2025-01-11,0.7999999821186066,False
11124,50.20000076293945,-1.1100000143051147,2025-01-11,0.9199999794363976,False
11125,50.20000076293945,-1.0950000286102295,2025-01-11,1.3099999707192183,False
11126,50.20000076293945,-1.0800000429153442,2025-01-11,1.5599999651312828,False
11127,50.20000076293945,-1.065000057220459,2025-01-11,1.7399999611079693,False
11128,50.20000076293945,-1.0499999523162842,2025-01-11,1.7799999602138996,False
11129,50.20000076293945,-1.034999966621399,2025-01-11,1.9199999570846558,False
11130,50.20000076293945,-1.0199999809265137,2025-01-11,1.7999999597668648,False
11131,50.20000076293945,-1.0049999952316284,2025-01-11,1.7499999608844519,False
11132,50.20000076293945,-0.9900000095367432,2025-01-11,1.769999960437417,False
11133,50.20000076293945,-0.9750000238418579,2025-01-11,1.699999962002039,False
11134,50.20000076293945,-0.9599999785423279,2025-01-11,1.7399999611079693,False
11135,50.20000076293945,-0.9449999928474426,2025-01-11,1.8099999595433474,False
11136,50.20000076293945,-0.9300000071525574,2025-01-11,1.8299999590963125,False
11137,50.20000076293945,-0.9150000214576721,2025-01-11,1.7899999599903822,False
11138,50.20000076293945,-0.8999999761581421,2025-01-11,1.8099999595433474,False
11139,50.20000076293945,-0.8849999904632568,2025-01-11,1.7499999608844519,False
11140,50.20000076293945,-0.8700000047683716,2025-01-11,1.7099999617785215,False
11141,50.20000076293945,-0.8550000190734863,2025-01-11,1.8499999586492777,False
11142,50.20000076293945,-0.8399999737739563,2025-01-11,1.7799999602138996,False
11143,50.20000076293945,-0.824999988079071,2025-01-11,1.7999999597668648,False
11144,50.20000076293945,-0.8100000023841858,2025-01-11,1.8099999595433474,False
11145,50.20000076293945,-0.7950000166893005,2025-01-11,1.8999999575316906,False
11146,50.20000076293945,-0.7799999713897705,2025-01-11,1.889999957755208,False
11147,50.20000076293945,-0.7649999856948853,2025-01-11,1.9299999568611383,False
11148,50.20000076293945,-0.75,2025-01-11,1.9199999570846558,False
11149,50.20000076293945,-0.7350000143051147,2025-01-11,1.959999956190586,False
11150,50.20000076293945,-0.7200000286102295,2025-01-11,1.9699999559670687,False
11151,50.20000076293945,-0.7049999833106995,2025-01-11,1.889999957755208,False
11152,50.20000076293945,-0.6899999976158142,2025-01-11,1.8599999584257603,False
11153,50.20000076293945,-0.675000011920929,2025-01-11,1.9499999564141035,False
11154,50.20000076293945,-0.6600000262260437,2025-01-11,1.839999958872795,False
11155,50.20000076293945,-0.6449999809265137,2025-01-11,1.8499999586492777,False
11156,50.20000076293945,-0.6299999952316284,2025-01-11,1.7799999602138996,False
11157,50.20000076293945,-0.6150000095367432,2025-01-11,1.7899999599903822,False
11158,50.20000076293945,-0.6000000238418579,2025-01-11,1.6699999626725912,False
11159,50.20000076293945,-0.5849999785423279,2025-01-11,1.649999963119626,False
11160,50.20000076293945,-0.5699999928474426,2025-01-11,1.6699999626725912,False
11161,50.20000076293945,-0.5550000071525574,2025-01-11,1.7399999611079693,False
11162,50.20000076293945,-0.5400000214576721,2025-01-11,1.7999999597668648,False
11163,50.20000076293945,-0.5249999761581421,2025-01-11,1.7299999613314867,False
11164,50.20000076293945,-0.5099999904632568,2025-01-11,1.769999960437417,False
11165,50.20000076293945,-0.4950000047683716,2025-01-11,1.6599999628961086,False
11166,50.20000076293945,-0.47999998927116394,2025-01-11,1.7199999615550041,False
11167,50.20000076293945,-0.4650000035762787,2025-01-11,1.6699999626725912,False
11168,50.20000076293945,-0.44999998807907104,2025-01-11,1.81999995931983,False
11169,50.20000076293945,-0.4350000023841858,2025-01-11,1.9199999570846558,False
11170,50.20000076293945,-0.41999998688697815,2025-01-11,2.0499999541789293,False
11171,50.20000076293945,-0.4050000011920929,2025-01-11,2.199999950826168,False
11172,50.20000076293945,-0.38999998569488525,2025-01-11,2.249999949708581,False
11173,50.20000076293945,-0.375,2025-01-11,2.339999947696924,False
11174,50.20000076293945,-0.36000001430511475,2025-01-11,2.5699999425560236,False
11175,50.20000076293945,-0.3449999988079071,2025-01-11,2.779999937862158,False
11176,50.20000076293945,-0.33000001311302185,2025-01-11,2.9599999338388443,False
11177,50.20000076293945,-0.3149999976158142,2025-01-11,3.0299999322742224,False
11178,50.20000076293945,-0.30000001192092896,2025-01-11,2.989999933168292,False
11179,50.20000076293945,-0.2849999964237213,2025-01-11,2.8799999356269836,False
11180,50.20000076293945,-0.27000001072883606,2025-01-11,2.7899999376386404,False
11181,50.20000076293945,-0.2549999952316284,2025-01-11,2.8299999367445707,False
11182,50.20000076293945,-0.23999999463558197,2025-01-11,2.6399999409914017,False
11183,50.20000076293945,-0.22499999403953552,2025-01-11,2.509999943897128,False
11184,50.20000076293945,-0.20999999344348907,2025-01-11,2.229999950155616,False
11185,50.20000076293945,-0.19499999284744263,2025-01-11,2.079999953508377,False
11186,50.20000076293945,-0.18000000715255737,2025-01-11,1.9699999559670687,False
11187,50.20000076293945,-0.16500000655651093,2025-01-11,1.8999999575316906,False
11188,50.20000076293945,-0.15000000596046448,2025-01-11,1.8699999582022429,False
11189,50.20000076293945,-0.13500000536441803,2025-01-11,1.7499999608844519,False
11190,50.20000076293945,-0.11999999731779099,2025-01-11,1.5499999653548002,False
11191,50.20000076293945,-0.10499999672174454,2025-01-11,1.4999999664723873,False
11192,50.20000076293945,-0.09000000357627869,2025-01-11,1.4199999682605267,False
11193,50.20000076293945,-0.07500000298023224,2025-01-11,1.2999999709427357,False
11194,50.20000076293945,-0.05999999865889549,2025-01-11,1.269999971613288,False
11195,50.20000076293945,-0.04500000178813934,2025-01-11,1.2299999725073576,False
11196,50.20000076293945,-0.029999999329447746,2025-01-11,1.1999999731779099,False
11197,50.20000076293945,-0.014999999664723873,2025-01-11,0.9999999776482582,False
11198,50.20000076293945,0.0,2025-01-11,0.9399999789893627,False
11199,50.20000076293945,0.014999999664723873,2025-01-11,0.9199999794363976,False
11200,50.20000076293945,0.029999999329447746,2025-01-11,0.8999999798834324,False
11201,50.20000076293945,0.04500000178813934,2025-01-11,0.9299999792128801,False
11202,50.20000076293945,0.05999999865889549,2025-01-11,0.8899999801069498,False
11203,50.20000076293945,0.07500000298023224,2025-01-11,0.8799999803304672,False
11204,50.20000076293945,0.09000000357627869,2025-01-11,0.7699999827891588,False
11205,50.20000076293945,0.10499999672174454,2025-01-11,0.8299999814480543,False
11206,50.20000076293945,0.11999999731779099,2025-01-11,0.6999999843537807,False
11207,50.20000076293945,0.13500000536441803,2025-01-11,0.669999985024333,False
11208,50.20000076293945,0.15000000596046448,2025-01-11,0.9299999792128801,False
11209,50.20000076293945,0.16500000655651093,2025-01-11,1.0099999774247408,False
11210,50.20000076293945,0.18000000715255737,2025-01-11,0.9899999778717756,False
11211,50.20000076293945,0.19499999284744263,2025-01-11,1.2099999729543924,False
11212,50.20000076293945,0.20999999344348907,2025-01-11,1.219999972730875,False
11213,50.20000076293945,0.22499999403953552,2025-01-11,1.2099999729543924,False
11214,50.20000076293945,0.23999999463558197,2025-01-11,1.0599999763071537,False
11215,50.20000076293945,0.2549999952316284,2025-01-11,0.9699999783188105,False
11216,50.20000076293945,0.27000001072883606,2025-01-11,0.9699999783188105,False
11217,50.20000076293945,0.2849999964237213,2025-01-11,1.1599999740719795,False
11218,50.20000076293945,0.30000001192092896,2025-01-11,1.0599999763071537,False
11219,50.20000076293945,0.3149999976158142,2025-01-11,1.269999971613288,False
11220,50.20000076293945,0.33000001311302185,2025-01-11,1.289999971166253,False
11221,50.20000076293945,0.3449999988079071,2025-01-11,1.0699999760836363,False
11222,50.20000076293945,0.36000001430511475,2025-01-11,0.8899999801069498,False
11223,50.20000076293945,0.375,2025-01-11,0.9299999792128801,False
11224,50.20000076293945,0.38999998569488525,2025-01-11,0.8799999803304672,False
11225,50.20000076293945,0.4050000011920929,2025-01-11,0.789999982342124,False
11226,50.20000076293945,0.41999998688697815,2025-01-11,0.8799999803304672,False
11227,50.20000076293945,0.4350000023841858,2025-01-11,0.9399999789893627,False
11228,50.20000076293945,0.44999998807907104,2025-01-11,1.0199999772012234,False
11229,50.20000076293945,0.4650000035762787,2025-01-11,0.979999978095293,False
11230,50.20000076293945,0.47999998927116394,2025-01-11,0.9899999778717756,False
11231,50.20000076293945,0.4950000047683716,2025-01-11,0.8699999805539846,False
11232,50.209999084472656,-1.2450000047683716,2025-01-11,2.3299999479204416,False
11233,50.209999084472656,-1.2300000190734863,2025-01-11,2.269999949261546,False
11234,50.209999084472656,-1.215000033378601,2025-01-11,1.7199999615550041,False
11235,50.209999084472656,-1.2000000476837158,2025-01-11,1.529999965801835,False
11236,50.209999084472656,-1.184999942779541,2025-01-11,1.339999970048666,False
11237,50.209999084472656,-1.1699999570846558,2025-01-11,1.1099999751895666,False
11238,50.209999084472656,-1.1549999713897705,2025-01-11,0.9499999787658453,False
11239,50.209999084472656,-1.1399999856948853,2025-01-11,0.9399999789893627,False
11240,50.209999084472656,-1.125,2025-01-11,1.0899999756366014,False
11241,50.209999084472656,-1.1100000143051147,2025-01-11,1.169999973848462,False
11242,50.209999084472656,-1.0950000286102295,2025-01-11,1.3999999687075615,False
11243,50.209999084472656,-1.0800000429153442,2025-01-11,1.5699999649077654,False
11244,50.209999084472656,-1.065000057220459,2025-01-11,1.7799999602138996,False
11245,50.209999084472656,-1.0499999523162842,2025-01-11,1.8099999595433474,False
11246,50.209999084472656,-1.034999966621399,2025-01-11,1.8799999579787254,False
11247,50.209999084472656,-1.0199999809265137,2025-01-11,1.889999957755208,False
11248,50.209999084472656,-1.0049999952316284,2025-01-11,1.839999958872795,False
11249,50.209999084472656,-0.9900000095367432,2025-01-11,1.9299999568611383,False
11250,50.209999084472656,-0.9750000238418579,2025-01-11,1.8999999575316906,False
11251,50.209999084472656,-0.9599999785423279,2025-01-11,1.8699999582022429,False
11252,50.209999084472656,-0.9449999928474426,2025-01-11,1.9199999570846558,False
11253,50.209999084472656,-0.9300000071525574,2025-01-11,1.9199999570846558,False
11254,50.209999084472656,-0.9150000214576721,2025-01-11,1.9199999570846558,False
11255,50.209999084472656,-0.8999999761581421,2025-01-11,1.81999995931983,False
11256,50.209999084472656,-0.8849999904632568,2025-01-11,1.7999999597668648,False
11257,50.209999084472656,-0.8700000047683716,2025-01-11,1.6699999626725912,False
11258,50.209999084472656,-0.8550000190734863,2025-01-11,1.7399999611079693,False
11259,50.209999084472656,-0.8399999737739563,2025-01-11,1.8999999575316906,False
11260,50.209999084472656,-0.824999988079071,2025-01-11,1.8299999590963125,False
11261,50.209999084472656,-0.8100000023841858,2025-01-11,1.8999999575316906,False
11262,50.209999084472656,-0.7950000166893005,2025-01-11,1.959999956190586,False
11263,50.209999084472656,-0.7799999713897705,2025-01-11,1.8599999584257603,False
11264,50.209999084472656,-0.7649999856948853,2025-01-11,1.9699999559670687,False
11265,50.209999084472656,-0.75,2025-01-11,1.9699999559670687,False
11266,50.209999084472656,-0.7350000143051147,2025-01-11,2.009999955072999,False
11267,50.209999084472656,-0.7200000286102295,2025-01-11,1.9799999557435513,False
11268,50.209999084472656,-0.7049999833106995,2025-01-11,2.0699999537318945,False
11269,50.209999084472656,-0.6899999976158142,2025-01-11,1.9499999564141035,False
11270,50.209999084472656,-0.675000011920929,2025-01-11,2.0699999537318945,False
11271,50.209999084472656,-0.6600000262260437,2025-01-11,1.959999956190586,False
11272,50.209999084472656,-0.6449999809265137,2025-01-11,1.939999956637621,False
11273,50.209999084472656,-0.6299999952316284,2025-01-11,1.9799999557435513,False
11274,50.209999084472656,-0.6150000095367432,2025-01-11,1.8699999582022429,False
11275,50.209999084472656,-0.6000000238418579,2025-01-11,1.7899999599903822,False
11276,50.209999084472656,-0.5849999785423279,2025-01-11,1.7999999597668648,False
11277,50.209999084472656,-0.5699999928474426,2025-01-11,1.7999999597668648,False
11278,50.209999084472656,-0.5550000071525574,2025-01-11,1.7999999597668648,False
11279,50.209999084472656,-0.5400000214576721,2025-01-11,1.769999960437417,False
11280,50.209999084472656,-0.5249999761581421,2025-01-11,1.8099999595433474,False
11281,50.209999084472656,-0.5099999904632568,2025-01-11,1.7499999608844519,False
11282,50.209999084472656,-0.4950000047683716,2025-01-11,1.7099999617785215,False
11283,50.209999084472656,-0.47999998927116394,2025-01-11,1.699999962002039,False
11284,50.209999084472656,-0.4650000035762787,2025-01-11,1.699999962002039,False
11285,50.209999084472656,-0.44999998807907104,2025-01-11,1.8499999586492777,False
11286,50.209999084472656,-0.4350000023841858,2025-01-11,1.939999956637621,False
11287,50.209999084472656,-0.41999998688697815,2025-01-11,1.9899999555200338,False
11288,50.209999084472656,-0.4050000011920929,2025-01-11,2.1199999526143074,False
11289,50.209999084472656,-0.38999998569488525,2025-01-11,2.1599999517202377,False
11290,50.209999084472656,-0.375,2025-01-11,2.249999949708581,False
11291,50.209999084472656,-0.36000001430511475,2025-01-11,2.339999947696924,False
11292,50.209999084472656,-0.3449999988079071,2025-01-11,2.6399999409914017,False
11293,50.209999084472656,-0.33000001311302185,2025-01-11,2.799999937415123,False
11294,50.209999084472656,-0.3149999976158142,2025-01-11,2.9499999340623617,False
11295,50.209999084472656,-0.30000001192092896,2025-01-11,2.899999935179949,False
11296,50.209999084472656,-0.2849999964237213,2025-01-11,2.8099999371916056,False
11297,50.209999084472656,-0.27000001072883606,2025-01-11,2.779999937862158,False
11298,50.209999084472656,-0.2549999952316284,2025-01-11,2.819999936968088,False
11299,50.209999084472656,-0.23999999463558197,2025-01-11,2.729999938979745,False
11300,50.209999084472656,-0.22499999403953552,2025-01-11,2.5199999436736107,False
11301,50.209999084472656,-0.20999999344348907,2025-01-11,2.299999948590994,False
11302,50.209999084472656,-0.19499999284744263,2025-01-11,2.1199999526143074,False
11303,50.209999084472656,-0.18000000715255737,2025-01-11,2.0199999548494816,False
11304,50.209999084472656,-0.16500000655651093,2025-01-11,1.9199999570846558,False
11305,50.209999084472656,-0.15000000596046448,2025-01-11,1.9499999564141035,False
11306,50.209999084472656,-0.13500000536441803,2025-01-11,1.769999960437417,False
11307,50.209999084472656,-0.11999999731779099,2025-01-11,1.6699999626725912,False
11308,50.209999084472656,-0.10499999672174454,2025-01-11,1.5499999653548002,False
11309,50.209999084472656,-0.09000000357627869,2025-01-11,1.3799999691545963,False
11310,50.209999084472656,-0.07500000298023224,2025-01-11,1.2599999718368053,False
11311,50.209999084472656,-0.05999999865889549,2025-01-11,1.169999973848462,False
11312,50.209999084472656,-0.04500000178813934,2025-01-11,1.2399999722838402,False
11313,50.209999084472656,-0.029999999329447746,2025-01-11,1.1299999747425318,False
11314,50.209999084472656,-0.014999999664723873,2025-01-11,0.9699999783188105,False
11315,50.209999084472656,0.0,2025-01-11,1.0399999767541885,False
11316,50.209999084472656,0.014999999664723873,2025-01-11,0.9399999789893627,False
11317,50.209999084472656,0.029999999329447746,2025-01-11,1.0099999774247408,False
11318,50.209999084472656,0.04500000178813934,2025-01-11,0.9999999776482582,False
11319,50.209999084472656,0.05999999865889549,2025-01-11,0.9999999776482582,False
11320,50.209999084472656,0.07500000298023224,2025-01-11,1.0199999772012234,False
11321,50.209999084472656,0.09000000357627869,2025-01-11,0.8899999801069498,False
11322,50.209999084472656,0.10499999672174454,2025-01-11,0.8299999814480543,False
11323,50.209999084472656,0.11999999731779099,2025-01-11,0.9899999778717756,False
11324,50.209999084472656,0.13500000536441803,2025-01-11,0.9899999778717756,False
11325,50.209999084472656,0.15000000596046448,2025-01-11,1.0099999774247408,False
11326,50.209999084472656,0.16500000655651093,2025-01-11,1.269999971613288,False
11327,50.209999084472656,0.18000000715255737,2025-01-11,1.1899999734014273,False
11328,50.209999084472656,0.19499999284744263,2025-01-11,1.0799999758601189,False
11329,50.209999084472656,0.20999999344348907,2025-01-11,1.2599999718368053,False
11330,50.209999084472656,0.22499999403953552,2025-01-11,1.169999973848462,False
11331,50.209999084472656,0.23999999463558197,2025-01-11,1.0399999767541885,False
11332,50.209999084472656,0.2549999952316284,2025-01-11,1.0499999765306711,False
11333,50.209999084472656,0.27000001072883606,2025-01-11,0.979999978095293,False
11334,50.209999084472656,0.2849999964237213,2025-01-11,1.0899999756366014,False
11335,50.209999084472656,0.30000001192092896,2025-01-11,1.099999975413084,False
11336,50.209999084472656,0.3149999976158142,2025-01-11,1.1399999745190144,False
11337,50.209999084472656,0.33000001311302185,2025-01-11,1.2799999713897705,False
11338,50.209999084472656,0.3449999988079071,2025-01-11,1.0799999758601189,False
11339,50.209999084472656,0.36000001430511475,2025-01-11,0.8699999805539846,False
11340,50.209999084472656,0.375,2025-01-11,0.8699999805539846,False
11341,50.209999084472656,0.38999998569488525,2025-01-11,1.0099999774247408,False
11342,50.209999084472656,0.4050000011920929,2025-01-11,0.8399999812245369,False
11343,50.209999084472656,0.41999998688697815,2025-01-11,1.0199999772012234,False
11344,50.209999084472656,0.4350000023841858,2025-01-11,1.0499999765306711,False
11345,50.209999084472656,0.44999998807907104,2025-01-11,1.1099999751895666,False
11346,50.209999084472656,0.4650000035762787,2025-01-11,1.2299999725073576,False
11347,50.209999084472656,0.47999998927116394,2025-01-11,1.1899999734014273,False
11348,50.209999084472656,0.4950000047683716,2025-01-11,1.149999974295497,False
11349,50.220001220703125,-1.2450000047683716,2025-01-11,2.819999936968088,False
11350,50.220001220703125,-1.2300000190734863,2025-01-11,2.6499999407678843,False
11351,50.220001220703125,-1.215000033378601,2025-01-11,2.059999953955412,False
11352,50.220001220703125,-1.2000000476837158,2025-01-11,1.7899999599903822,False
11353,50.220001220703125,-1.184999942779541,2025-01-11,1.389999968931079,False
11354,50.220001220703125,-1.1699999570846558,2025-01-11,1.149999974295497,False
11355,50.220001220703125,-1.1549999713897705,2025-01-11,1.2399999722838402,False
11356,50.220001220703125,-1.1399999856948853,2025-01-11,1.0499999765306711,False
11357,50.220001220703125,-1.125,2025-01-11,1.2999999709427357,False
11358,50.220001220703125,-1.1100000143051147,2025-01-11,1.3999999687075615,False
11359,50.220001220703125,-1.0950000286102295,2025-01-11,1.5599999651312828,False
11360,50.220001220703125,-1.0800000429153442,2025-01-11,1.6599999628961086,False
11361,50.220001220703125,-1.065000057220459,2025-01-11,1.7999999597668648,False
11362,50.220001220703125,-1.0499999523162842,2025-01-11,1.9499999564141035,False
11363,50.220001220703125,-1.034999966621399,2025-01-11,2.009999955072999,False
11364,50.220001220703125,-1.0199999809265137,2025-01-11,1.9799999557435513,False
11365,50.220001220703125,-1.0049999952316284,2025-01-11,2.029999954625964,False
11366,50.220001220703125,-0.9900000095367432,2025-01-11,1.8499999586492777,False
11367,50.220001220703125,-0.9750000238418579,2025-01-11,1.939999956637621,False
11368,50.220001220703125,-0.9599999785423279,2025-01-11,1.9499999564141035,False
11369,50.220001220703125,-0.9449999928474426,2025-01-11,2.009999955072999,False
11370,50.220001220703125,-0.9300000071525574,2025-01-11,1.9699999559670687,False
11371,50.220001220703125,-0.9150000214576721,2025-01-11,1.9499999564141035,False
11372,50.220001220703125,-0.8999999761581421,2025-01-11,1.9999999552965164,False
11373,50.220001220703125,-0.8849999904632568,2025-01-11,1.9999999552965164,False
11374,50.220001220703125,-0.8700000047683716,2025-01-11,1.8799999579787254,False
11375,50.220001220703125,-0.8550000190734863,2025-01-11,1.9299999568611383,False
11376,50.220001220703125,-0.8399999737739563,2025-01-11,1.939999956637621,False
11377,50.220001220703125,-0.824999988079071,2025-01-11,1.9499999564141035,False
11378,50.220001220703125,-0.8100000023841858,2025-01-11,1.8999999575316906,False
11379,50.220001220703125,-0.7950000166893005,2025-01-11,1.9999999552965164,False
11380,50.220001220703125,-0.7799999713897705,2025-01-11,2.0399999544024467,False
11381,50.220001220703125,-0.7649999856948853,2025-01-11,2.2399999499320984,False
11382,50.220001220703125,-0.75,2025-01-11,2.1199999526143074,False
11383,50.220001220703125,-0.7350000143051147,2025-01-11,2.1399999521672726,False
11384,50.220001220703125,-0.7200000286102295,2025-01-11,2.1599999517202377,False
11385,50.220001220703125,-0.7049999833106995,2025-01-11,2.179999951273203,False
11386,50.220001220703125,-0.6899999976158142,2025-01-11,2.149999951943755,False
11387,50.220001220703125,-0.675000011920929,2025-01-11,2.149999951943755,False
11388,50.220001220703125,-0.6600000262260437,2025-01-11,2.1599999517202377,False
11389,50.220001220703125,-0.6449999809265137,2025-01-11,2.0899999532848597,False
11390,50.220001220703125,-0.6299999952316284,2025-01-11,2.009999955072999,False
11391,50.220001220703125,-0.6150000095367432,2025-01-11,1.9999999552965164,False
11392,50.220001220703125,-0.6000000238418579,2025-01-11,1.9099999573081732,False
11393,50.220001220703125,-0.5849999785423279,2025-01-11,1.8799999579787254,False
11394,50.220001220703125,-0.5699999928474426,2025-01-11,1.8999999575316906,False
11395,50.220001220703125,-0.5550000071525574,2025-01-11,1.9699999559670687,False
11396,50.220001220703125,-0.5400000214576721,2025-01-11,1.8999999575316906,False
11397,50.220001220703125,-0.5249999761581421,2025-01-11,1.7899999599903822,False
11398,50.220001220703125,-0.5099999904632568,2025-01-11,1.769999960437417,False
11399,50.220001220703125,-0.4950000047683716,2025-01-11,1.7899999599903822,False
11400,50.220001220703125,-0.47999998927116394,2025-01-11,1.7499999608844519,False
11401,50.220001220703125,-0.4650000035762787,2025-01-11,1.81999995931983,False
11402,50.220001220703125,-0.44999998807907104,2025-01-11,1.889999957755208,False
11403,50.220001220703125,-0.4350000023841858,2025-01-11,1.959999956190586,False
11404,50.220001220703125,-0.41999998688697815,2025-01-11,1.9799999557435513,False
11405,50.220001220703125,-0.4050000011920929,2025-01-11,2.079999953508377,False
11406,50.220001220703125,-0.38999998569488525,2025-01-11,2.059999953955412,False
11407,50.220001220703125,-0.375,2025-01-11,2.199999950826168,False
11408,50.220001220703125,-0.36000001430511475,2025-01-11,2.419999945908785,False
11409,50.220001220703125,-0.3449999988079071,2025-01-11,2.4699999447911978,False
11410,50.220001220703125,-0.33000001311302185,2025-01-11,2.5899999421089888,False
11411,50.220001220703125,-0.3149999976158142,2025-01-11,2.699999939650297,False
11412,50.220001220703125,-0.30000001192092896,2025-01-11,2.659999940544367,False
11413,50.220001220703125,-0.2849999964237213,2025-01-11,2.7599999383091927,False
11414,50.220001220703125,-0.27000001072883606,2025-01-11,2.869999935850501,False
11415,50.220001220703125,-0.2549999952316284,2025-01-11,2.7199999392032623,False
11416,50.220001220703125,-0.23999999463558197,2025-01-11,2.679999940097332,False
11417,50.220001220703125,-0.22499999403953552,2025-01-11,2.559999942779541,False
11418,50.220001220703125,-0.20999999344348907,2025-01-11,2.339999947696924,False
11419,50.220001220703125,-0.19499999284744263,2025-01-11,2.229999950155616,False
11420,50.220001220703125,-0.18000000715255737,2025-01-11,2.249999949708581,False
11421,50.220001220703125,-0.16500000655651093,2025-01-11,2.079999953508377,False
11422,50.220001220703125,-0.15000000596046448,2025-01-11,1.9699999559670687,False
11423,50.220001220703125,-0.13500000536441803,2025-01-11,1.959999956190586,False
11424,50.220001220703125,-0.11999999731779099,2025-01-11,1.769999960437417,False
11425,50.220001220703125,-0.10499999672174454,2025-01-11,1.6099999640136957,False
11426,50.220001220703125,-0.09000000357627869,2025-01-11,1.409999968484044,False
11427,50.220001220703125,-0.07500000298023224,2025-01-11,1.2599999718368053,False
11428,50.220001220703125,-0.05999999865889549,2025-01-11,1.2099999729543924,False
11429,50.220001220703125,-0.04500000178813934,2025-01-11,1.269999971613288,False
11430,50.220001220703125,-0.029999999329447746,2025-01-11,1.1599999740719795,False
11431,50.220001220703125,-0.014999999664723873,2025-01-11,1.1099999751895666,False
11432,50.220001220703125,0.0,2025-01-11,1.0799999758601189,False
11433,50.220001220703125,0.014999999664723873,2025-01-11,0.979999978095293,False
11434,50.220001220703125,0.029999999329447746,2025-01-11,1.0899999756366014,False
11435,50.220001220703125,0.04500000178813934,2025-01-11,1.029999976977706,False
11436,50.220001220703125,0.05999999865889549,2025-01-11,0.9999999776482582,False
11437,50.220001220703125,0.07500000298023224,2025-01-11,1.1299999747425318,False
11438,50.220001220703125,0.09000000357627869,2025-01-11,1.029999976977706,False
11439,50.220001220703125,0.10499999672174454,2025-01-11,1.1199999749660492,False
11440,50.220001220703125,0.11999999731779099,2025-01-11,1.0799999758601189,False
11441,50.220001220703125,0.13500000536441803,2025-01-11,1.1599999740719795,False
11442,50.220001220703125,0.15000000596046448,2025-01-11,1.1199999749660492,False
11443,50.220001220703125,0.16500000655651093,2025-01-11,1.2399999722838402,False
11444,50.220001220703125,0.18000000715255737,2025-01-11,1.269999971613288,False
11445,50.220001220703125,0.19499999284744263,2025-01-11,1.2399999722838402,False
11446,50.220001220703125,0.20999999344348907,2025-01-11,1.3099999707192183,False
11447,50.220001220703125,0.22499999403953552,2025-01-11,1.1199999749660492,False
11448,50.220001220703125,0.23999999463558197,2025-01-11,1.0099999774247408,False
11449,50.220001220703125,0.2549999952316284,2025-01-11,0.9699999783188105,False
11450,50.220001220703125,0.27000001072883606,2025-01-11,0.8999999798834324,False
11451,50.220001220703125,0.2849999964237213,2025-01-11,1.0199999772012234,False
11452,50.220001220703125,0.30000001192092896,2025-01-11,1.1299999747425318,False
11453,50.220001220703125,0.3149999976158142,2025-01-11,1.0199999772012234,False
11454,50.220001220703125,0.33000001311302185,2025-01-11,1.169999973848462,False
11455,50.220001220703125,0.3449999988079071,2025-01-11,1.0799999758601189,False
11456,50.220001220703125,0.36000001430511475,2025-01-11,1.0899999756366014,False
11457,50.220001220703125,0.375,2025-01-11,0.8599999807775021,False
11458,50.220001220703125,0.38999998569488525,2025-01-11,0.8999999798834324,False
11459,50.220001220703125,0.4050000011920929,2025-01-11,0.8999999798834324,False
11460,50.220001220703125,0.41999998688697815,2025-01-11,0.9399999789893627,False
11461,50.220001220703125,0.4350000023841858,2025-01-11,1.1899999734014273,False
11462,50.220001220703125,0.44999998807907104,2025-01-11,1.1899999734014273,False
11463,50.220001220703125,0.4650000035762787,2025-01-11,1.3099999707192183,False
11464,50.220001220703125,0.47999998927116394,2025-01-11,1.2399999722838402,False
11465,50.220001220703125,0.4950000047683716,2025-01-11,1.169999973848462,False
11466,50.22999954223633,-1.2450000047683716,2025-01-11,3.299999926239252,False
11467,50.22999954223633,-1.2300000190734863,2025-01-11,3.0299999322742224,False
11468,50.22999954223633,-1.215000033378601,2025-01-11,2.3999999463558197,False
11469,50.22999954223633,-1.2000000476837158,2025-01-11,1.81999995931983,False
11470,50.22999954223633,-1.184999942779541,2025-01-11,1.769999960437417,False
11471,50.22999954223633,-1.1699999570846558,2025-01-11,1.269999971613288,False
11472,50.22999954223633,-1.1549999713897705,2025-01-11,1.219999972730875,False
11473,50.22999954223633,-1.1399999856948853,2025-01-11,1.3299999702721834,False
11474,50.22999954223633,-1.125,2025-01-11,1.3599999696016312,False
11475,50.22999954223633,-1.1100000143051147,2025-01-11,1.339999970048666,False
11476,50.22999954223633,-1.0950000286102295,2025-01-11,1.389999968931079,False
11477,50.22999954223633,-1.0800000429153442,2025-01-11,1.6899999622255564,False
11478,50.22999954223633,-1.065000057220459,2025-01-11,1.8499999586492777,False
11479,50.22999954223633,-1.0499999523162842,2025-01-11,1.939999956637621,False
11480,50.22999954223633,-1.034999966621399,2025-01-11,2.029999954625964,False
11481,50.22999954223633,-1.0199999809265137,2025-01-11,2.0899999532848597,False
11482,50.22999954223633,-1.0049999952316284,2025-01-11,2.059999953955412,False
11483,50.22999954223633,-0.9900000095367432,2025-01-11,2.029999954625964,False
11484,50.22999954223633,-0.9750000238418579,2025-01-11,2.1199999526143074,False
11485,50.22999954223633,-0.9599999785423279,2025-01-11,2.009999955072999,False
11486,50.22999954223633,-0.9449999928474426,2025-01-11,2.1199999526143074,False
11487,50.22999954223633,-0.9300000071525574,2025-01-11,2.0699999537318945,False
11488,50.22999954223633,-0.9150000214576721,2025-01-11,2.059999953955412,False
11489,50.22999954223633,-0.8999999761581421,2025-01-11,2.0899999532848597,False
11490,50.22999954223633,-0.8849999904632568,2025-01-11,2.0699999537318945,False
11491,50.22999954223633,-0.8700000047683716,2025-01-11,1.9799999557435513,False
11492,50.22999954223633,-0.8550000190734863,2025-01-11,2.029999954625964,False
11493,50.22999954223633,-0.8399999737739563,2025-01-11,2.109999952837825,False
11494,50.22999954223633,-0.824999988079071,2025-01-11,1.9899999555200338,False
11495,50.22999954223633,-0.8100000023841858,2025-01-11,2.029999954625964,False
11496,50.22999954223633,-0.7950000166893005,2025-01-11,2.2899999488145113,False
11497,50.22999954223633,-0.7799999713897705,2025-01-11,2.149999951943755,False
11498,50.22999954223633,-0.7649999856948853,2025-01-11,2.1199999526143074,False
11499,50.22999954223633,-0.75,2025-01-11,2.1399999521672726,False
11500,50.22999954223633,-0.7350000143051147,2025-01-11,2.2599999494850636,False
11501,50.22999954223633,-0.7200000286102295,2025-01-11,2.199999950826168,False
11502,50.22999954223633,-0.7049999833106995,2025-01-11,2.2899999488145113,False
11503,50.22999954223633,-0.6899999976158142,2025-01-11,2.269999949261546,False
11504,50.22999954223633,-0.675000011920929,2025-01-11,2.2599999494850636,False
11505,50.22999954223633,-0.6600000262260437,2025-01-11,2.249999949708581,False
11506,50.22999954223633,-0.6449999809265137,2025-01-11,2.1699999514967203,False
11507,50.22999954223633,-0.6299999952316284,2025-01-11,2.229999950155616,False
11508,50.22999954223633,-0.6150000095367432,2025-01-11,2.0699999537318945,False
11509,50.22999954223633,-0.6000000238418579,2025-01-11,2.009999955072999,False
11510,50.22999954223633,-0.5849999785423279,2025-01-11,2.029999954625964,False
11511,50.22999954223633,-0.5699999928474426,2025-01-11,2.079999953508377,False
11512,50.22999954223633,-0.5550000071525574,2025-01-11,2.009999955072999,False
11513,50.22999954223633,-0.5400000214576721,2025-01-11,2.0999999530613422,False
11514,50.22999954223633,-0.5249999761581421,2025-01-11,2.0699999537318945,False
11515,50.22999954223633,-0.5099999904632568,2025-01-11,1.9499999564141035,False
11516,50.22999954223633,-0.4950000047683716,2025-01-11,1.8599999584257603,False
11517,50.22999954223633,-0.47999998927116394,2025-01-11,1.939999956637621,False
11518,50.22999954223633,-0.4650000035762787,2025-01-11,1.8799999579787254,False
11519,50.22999954223633,-0.44999998807907104,2025-01-11,1.9799999557435513,False
11520,50.22999954223633,-0.4350000023841858,2025-01-11,1.9999999552965164,False
11521,50.22999954223633,-0.41999998688697815,2025-01-11,1.9899999555200338,False
11522,50.22999954223633,-0.4050000011920929,2025-01-11,2.1899999510496855,False
11523,50.22999954223633,-0.38999998569488525,2025-01-11,2.1199999526143074,False
11524,50.22999954223633,-0.375,2025-01-11,2.199999950826168,False
11525,50.22999954223633,-0.36000001430511475,2025-01-11,2.249999949708581,False
11526,50.22999954223633,-0.3449999988079071,2025-01-11,2.459999945014715,False
11527,50.22999954223633,-0.33000001311302185,2025-01-11,2.6499999407678843,False
11528,50.22999954223633,-0.3149999976158142,2025-01-11,2.659999940544367,False
11529,50.22999954223633,-0.30000001192092896,2025-01-11,2.699999939650297,False
11530,50.22999954223633,-0.2849999964237213,2025-01-11,2.6399999409914017,False
11531,50.22999954223633,-0.27000001072883606,2025-01-11,2.8099999371916056,False
11532,50.22999954223633,-0.2549999952316284,2025-01-11,2.74999993853271,False
11533,50.22999954223633,-0.23999999463558197,2025-01-11,2.6899999398738146,False
11534,50.22999954223633,-0.22499999403953552,2025-01-11,2.6199999414384365,False
11535,50.22999954223633,-0.20999999344348907,2025-01-11,2.5199999436736107,False
11536,50.22999954223633,-0.19499999284744263,2025-01-11,2.3999999463558197,False
11537,50.22999954223633,-0.18000000715255737,2025-01-11,2.339999947696924,False
11538,50.22999954223633,-0.16500000655651093,2025-01-11,2.229999950155616,False
11539,50.22999954223633,-0.15000000596046448,2025-01-11,2.229999950155616,False
11540,50.22999954223633,-0.13500000536441803,2025-01-11,2.079999953508377,False
11541,50.22999954223633,-0.11999999731779099,2025-01-11,1.939999956637621,False
11542,50.22999954223633,-0.10499999672174454,2025-01-11,1.6799999624490738,False
11543,50.22999954223633,-0.09000000357627869,2025-01-11,1.50999996624887,False
11544,50.22999954223633,-0.07500000298023224,2025-01-11,1.2999999709427357,False
11545,50.22999954223633,-0.05999999865889549,2025-01-11,1.3099999707192183,False
11546,50.22999954223633,-0.04500000178813934,2025-01-11,1.2399999722838402,False
11547,50.22999954223633,-0.029999999329447746,2025-01-11,1.2299999725073576,False
11548,50.22999954223633,-0.014999999664723873,2025-01-11,1.2099999729543924,False
11549,50.22999954223633,0.0,2025-01-11,1.1399999745190144,False
11550,50.22999954223633,0.014999999664723873,2025-01-11,1.0499999765306711,False
11551,50.22999954223633,0.029999999329447746,2025-01-11,0.9999999776482582,False
11552,50.22999954223633,0.04500000178813934,2025-01-11,0.9199999794363976,False
11553,50.22999954223633,0.05999999865889549,2025-01-11,1.0199999772012234,False
11554,50.22999954223633,0.07500000298023224,2025-01-11,1.0699999760836363,False
11555,50.22999954223633,0.09000000357627869,2025-01-11,1.1199999749660492,False
11556,50.22999954223633,0.10499999672174454,2025-01-11,1.029999976977706,False
11557,50.22999954223633,0.11999999731779099,2025-01-11,1.0799999758601189,False
11558,50.22999954223633,0.13500000536441803,2025-01-11,1.0899999756366014,False
11559,50.22999954223633,0.15000000596046448,2025-01-11,1.2499999720603228,False
11560,50.22999954223633,0.16500000655651093,2025-01-11,1.149999974295497,False
11561,50.22999954223633,0.18000000715255737,2025-01-11,1.339999970048666,False
11562,50.22999954223633,0.19499999284744263,2025-01-11,1.2299999725073576,False
11563,50.22999954223633,0.20999999344348907,2025-01-11,1.1999999731779099,False
11564,50.22999954223633,0.22499999403953552,2025-01-11,1.0199999772012234,False
11565,50.22999954223633,0.23999999463558197,2025-01-11,0.8299999814480543,False
11566,50.22999954223633,0.2549999952316284,2025-01-11,0.909999979659915,False
11567,50.22999954223633,0.27000001072883606,2025-01-11,0.8699999805539846,False
11568,50.22999954223633,0.2849999964237213,2025-01-11,0.9599999785423279,False
11569,50.22999954223633,0.30000001192092896,2025-01-11,1.1399999745190144,False
11570,50.22999954223633,0.3149999976158142,2025-01-11,1.269999971613288,False
11571,50.22999954223633,0.33000001311302185,2025-01-11,1.2599999718368053,False
11572,50.22999954223633,0.3449999988079071,2025-01-11,1.0899999756366014,False
11573,50.22999954223633,0.36000001430511475,2025-01-11,0.979999978095293,False
11574,50.22999954223633,0.375,2025-01-11,0.7299999836832285,False
11575,50.22999954223633,0.38999998569488525,2025-01-11,0.8499999810010195,False
11576,50.22999954223633,0.4050000011920929,2025-01-11,0.9599999785423279,False
11577,50.22999954223633,0.41999998688697815,2025-01-11,0.9899999778717756,False
11578,50.22999954223633,0.4350000023841858,2025-01-11,1.1299999747425318,False
11579,50.22999954223633,0.44999998807907104,2025-01-11,1.2299999725073576,False
11580,50.22999954223633,0.4650000035762787,2025-01-11,1.2799999713897705,False
11581,50.22999954223633,0.47999998927116394,2025-01-11,1.289999971166253,False
11582,50.22999954223633,0.4950000047683716,2025-01-11,1.2299999725073576,False
11583,50.2400016784668,-1.2450000047683716,2025-01-11,3.659999918192625,False
11584,50.2400016784668,-1.2300000190734863,2025-01-11,3.209999928250909,False
11585,50.2400016784668,-1.215000033378601,2025-01-11,2.539999943226576,False
11586,50.2400016784668,-1.2000000476837158,2025-01-11,1.9499999564141035,False
11587,50.2400016784668,-1.184999942779541,2025-01-11,1.9099999573081732,False
11588,50.2400016784668,-1.1699999570846558,2025-01-11,1.6599999628961086,False
11589,50.2400016784668,-1.1549999713897705,2025-01-11,1.3499999698251486,False
11590,50.2400016784668,-1.1399999856948853,2025-01-11,1.5499999653548002,False
11591,50.2400016784668,-1.125,2025-01-11,1.4699999671429396,False
11592,50.2400016784668,-1.1100000143051147,2025-01-11,1.5499999653548002,False
11593,50.2400016784668,-1.0950000286102295,2025-01-11,1.4699999671429396,False
11594,50.2400016784668,-1.0800000429153442,2025-01-11,1.6699999626725912,False
11595,50.2400016784668,-1.065000057220459,2025-01-11,1.8299999590963125,False
11596,50.2400016784668,-1.0499999523162842,2025-01-11,1.8799999579787254,False
11597,50.2400016784668,-1.034999966621399,2025-01-11,2.009999955072999,False
11598,50.2400016784668,-1.0199999809265137,2025-01-11,2.0699999537318945,False
11599,50.2400016784668,-1.0049999952316284,2025-01-11,2.269999949261546,False
11600,50.2400016784668,-0.9900000095367432,2025-01-11,2.1699999514967203,False
11601,50.2400016784668,-0.9750000238418579,2025-01-11,2.1899999510496855,False
11602,50.2400016784668,-0.9599999785423279,2025-01-11,2.199999950826168,False
11603,50.2400016784668,-0.9449999928474426,2025-01-11,2.149999951943755,False
11604,50.2400016784668,-0.9300000071525574,2025-01-11,2.1599999517202377,False
11605,50.2400016784668,-0.9150000214576721,2025-01-11,2.1899999510496855,False
11606,50.2400016784668,-0.8999999761581421,2025-01-11,2.1899999510496855,False
11607,50.2400016784668,-0.8849999904632568,2025-01-11,2.229999950155616,False
11608,50.2400016784668,-0.8700000047683716,2025-01-11,2.1899999510496855,False
11609,50.2400016784668,-0.8550000190734863,2025-01-11,2.2399999499320984,False
11610,50.2400016784668,-0.8399999737739563,2025-01-11,2.2399999499320984,False
11611,50.2400016784668,-0.824999988079071,2025-01-11,2.12999995239079,False
11612,50.2400016784668,-0.8100000023841858,2025-01-11,2.179999951273203,False
11613,50.2400016784668,-0.7950000166893005,2025-01-11,2.1699999514967203,False
11614,50.2400016784668,-0.7799999713897705,2025-01-11,2.149999951943755,False
11615,50.2400016784668,-0.7649999856948853,2025-01-11,2.1599999517202377,False
11616,50.2400016784668,-0.75,2025-01-11,2.199999950826168,False
11617,50.2400016784668,-0.7350000143051147,2025-01-11,2.319999948143959,False
11618,50.2400016784668,-0.7200000286102295,2025-01-11,2.3299999479204416,False
11619,50.2400016784668,-0.7049999833106995,2025-01-11,2.3299999479204416,False
11620,50.2400016784668,-0.6899999976158142,2025-01-11,2.3999999463558197,False
11621,50.2400016784668,-0.675000011920929,2025-01-11,2.369999947026372,False
11622,50.2400016784668,-0.6600000262260437,2025-01-11,2.389999946579337,False
11623,50.2400016784668,-0.6449999809265137,2025-01-11,2.3099999483674765,False
11624,50.2400016784668,-0.6299999952316284,2025-01-11,2.349999947473407,False
11625,50.2400016784668,-0.6150000095367432,2025-01-11,2.319999948143959,False
11626,50.2400016784668,-0.6000000238418579,2025-01-11,2.149999951943755,False
11627,50.2400016784668,-0.5849999785423279,2025-01-11,2.0999999530613422,False
11628,50.2400016784668,-0.5699999928474426,2025-01-11,2.059999953955412,False
11629,50.2400016784668,-0.5550000071525574,2025-01-11,2.1599999517202377,False
11630,50.2400016784668,-0.5400000214576721,2025-01-11,2.149999951943755,False
11631,50.2400016784668,-0.5249999761581421,2025-01-11,2.2399999499320984,False
11632,50.2400016784668,-0.5099999904632568,2025-01-11,2.1199999526143074,False
11633,50.2400016784668,-0.4950000047683716,2025-01-11,2.059999953955412,False
11634,50.2400016784668,-0.47999998927116394,2025-01-11,1.9999999552965164,False
11635,50.2400016784668,-0.4650000035762787,2025-01-11,2.0699999537318945,False
11636,50.2400016784668,-0.44999998807907104,2025-01-11,2.0999999530613422,False
11637,50.2400016784668,-0.4350000023841858,2025-01-11,2.1399999521672726,False
11638,50.2400016784668,-0.41999998688697815,2025-01-11,2.1599999517202377,False
11639,50.2400016784668,-0.4050000011920929,2025-01-11,2.149999951943755,False
11640,50.2400016784668,-0.38999998569488525,2025-01-11,2.319999948143959,False
11641,50.2400016784668,-0.375,2025-01-11,2.339999947696924,False
11642,50.2400016784668,-0.36000001430511475,2025-01-11,2.3999999463558197,False
11643,50.2400016784668,-0.3449999988079071,2025-01-11,2.5299999434500933,False
11644,50.2400016784668,-0.33000001311302185,2025-01-11,2.5299999434500933,False
11645,50.2400016784668,-0.3149999976158142,2025-01-11,2.5999999418854713,False
11646,50.2400016784668,-0.30000001192092896,2025-01-11,2.6499999407678843,False
11647,50.2400016784668,-0.2849999964237213,2025-01-11,2.8299999367445707,False
11648,50.2400016784668,-0.27000001072883606,2025-01-11,2.7599999383091927,False
11649,50.2400016784668,-0.2549999952316284,2025-01-11,2.729999938979745,False
11650,50.2400016784668,-0.23999999463558197,2025-01-11,2.6699999403208494,False
11651,50.2400016784668,-0.22499999403953552,2025-01-11,2.5699999425560236,False
11652,50.2400016784668,-0.20999999344348907,2025-01-11,2.489999944344163,False
11653,50.2400016784668,-0.19499999284744263,2025-01-11,2.419999945908785,False
11654,50.2400016784668,-0.18000000715255737,2025-01-11,2.3599999472498894,False
11655,50.2400016784668,-0.16500000655651093,2025-01-11,2.249999949708581,False
11656,50.2400016784668,-0.15000000596046448,2025-01-11,2.2399999499320984,False
11657,50.2400016784668,-0.13500000536441803,2025-01-11,2.12999995239079,False
11658,50.2400016784668,-0.11999999731779099,2025-01-11,2.0499999541789293,False
11659,50.2400016784668,-0.10499999672174454,2025-01-11,1.7799999602138996,False
11660,50.2400016784668,-0.09000000357627869,2025-01-11,1.5899999644607306,False
11661,50.2400016784668,-0.07500000298023224,2025-01-11,1.339999970048666,False
11662,50.2400016784668,-0.05999999865889549,2025-01-11,1.389999968931079,False
11663,50.2400016784668,-0.04500000178813934,2025-01-11,1.2299999725073576,False
11664,50.2400016784668,-0.029999999329447746,2025-01-11,1.149999974295497,False
11665,50.2400016784668,-0.014999999664723873,2025-01-11,1.0799999758601189,False
11666,50.2400016784668,0.0,2025-01-11,1.0699999760836363,False
11667,50.2400016784668,0.014999999664723873,2025-01-11,1.0399999767541885,False
11668,50.2400016784668,0.029999999329447746,2025-01-11,1.0499999765306711,False
11669,50.2400016784668,0.04500000178813934,2025-01-11,1.0199999772012234,False
11670,50.2400016784668,0.05999999865889549,2025-01-11,1.0099999774247408,False
11671,50.2400016784668,0.07500000298023224,2025-01-11,1.0899999756366014,False
11672,50.2400016784668,0.09000000357627869,2025-01-11,1.1899999734014273,False
11673,50.2400016784668,0.10499999672174454,2025-01-11,1.1299999747425318,False
11674,50.2400016784668,0.11999999731779099,2025-01-11,1.219999972730875,False
11675,50.2400016784668,0.13500000536441803,2025-01-11,1.2399999722838402,False
11676,50.2400016784668,0.15000000596046448,2025-01-11,1.169999973848462,False
11677,50.2400016784668,0.16500000655651093,2025-01-11,1.1799999736249447,False
11678,50.2400016784668,0.18000000715255737,2025-01-11,1.169999973848462,False
11679,50.2400016784668,0.19499999284744263,2025-01-11,1.1399999745190144,False
11680,50.2400016784668,0.20999999344348907,2025-01-11,1.1599999740719795,False
11681,50.2400016784668,0.22499999403953552,2025-01-11,0.9299999792128801,False
11682,50.2400016784668,0.23999999463558197,2025-01-11,0.8399999812245369,False
11683,50.2400016784668,0.2549999952316284,2025-01-11,0.8699999805539846,False
11684,50.2400016784668,0.27000001072883606,2025-01-11,0.7799999825656414,False
11685,50.2400016784668,0.2849999964237213,2025-01-11,0.7599999830126762,False
11686,50.2400016784668,0.30000001192092896,2025-01-11,1.029999976977706,False
11687,50.2400016784668,0.3149999976158142,2025-01-11,1.2599999718368053,False
11688,50.2400016784668,0.33000001311302185,2025-01-11,1.2099999729543924,False
11689,50.2400016784668,0.3449999988079071,2025-01-11,1.0399999767541885,False
11690,50.2400016784668,0.36000001430511475,2025-01-11,0.8599999807775021,False
11691,50.2400016784668,0.375,2025-01-11,0.6599999852478504,False
11692,50.2400016784668,0.38999998569488525,2025-01-11,0.5999999865889549,False
11693,50.2400016784668,0.4050000011920929,2025-01-11,0.7099999841302633,False
11694,50.2400016784668,0.41999998688697815,2025-01-11,0.789999982342124,False
11695,50.2400016784668,0.4350000023841858,2025-01-11,1.0399999767541885,False
11696,50.2400016784668,0.44999998807907104,2025-01-11,1.1999999731779099,False
11697,50.2400016784668,0.4650000035762787,2025-01-11,1.1399999745190144,False
11698,50.2400016784668,0.47999998927116394,2025-01-11,1.269999971613288,False
11699,50.2400016784668,0.4950000047683716,2025-01-11,1.2299999725073576,False
11700,50.25,-1.2450000047683716,2025-01-11,3.3199999257922173,False
11701,50.25,-1.2300000190734863,2025-01-11,3.349999925121665,False
11702,50.25,-1.215000033378601,2025-01-11,2.7199999392032623,False
11703,50.25,-1.2000000476837158,2025-01-11,2.4699999447911978,False
11704,50.25,-1.184999942779541,2025-01-11,2.2599999494850636,False
11705,50.25,-1.1699999570846558,2025-01-11,1.939999956637621,False
11706,50.25,-1.1549999713897705,2025-01-11,1.5399999655783176,False
11707,50.25,-1.1399999856948853,2025-01-11,1.389999968931079,False
11708,50.25,-1.125,2025-01-11,1.5399999655783176,False
11709,50.25,-1.1100000143051147,2025-01-11,1.579999964684248,False
11710,50.25,-1.0950000286102295,2025-01-11,1.7099999617785215,False
11711,50.25,-1.0800000429153442,2025-01-11,1.9099999573081732,False
11712,50.25,-1.065000057220459,2025-01-11,1.939999956637621,False
11713,50.25,-1.0499999523162842,2025-01-11,2.009999955072999,False
11714,50.25,-1.034999966621399,2025-01-11,2.079999953508377,False
11715,50.25,-1.0199999809265137,2025-01-11,2.3599999472498894,False
11716,50.25,-1.0049999952316284,2025-01-11,2.489999944344163,False
11717,50.25,-0.9900000095367432,2025-01-11,2.3799999468028545,False
11718,50.25,-0.9750000238418579,2025-01-11,2.2899999488145113,False
11719,50.25,-0.9599999785423279,2025-01-11,2.269999949261546,False
11720,50.25,-0.9449999928474426,2025-01-11,2.3599999472498894,False
11721,50.25,-0.9300000071525574,2025-01-11,2.3099999483674765,False
11722,50.25,-0.9150000214576721,2025-01-11,2.349999947473407,False
11723,50.25,-0.8999999761581421,2025-01-11,2.3099999483674765,False
11724,50.25,-0.8849999904632568,2025-01-11,2.4099999461323023,False
11725,50.25,-0.8700000047683716,2025-01-11,2.4499999452382326,False
11726,50.25,-0.8550000190734863,2025-01-11,2.1399999521672726,False
11727,50.25,-0.8399999737739563,2025-01-11,2.249999949708581,False
11728,50.25,-0.824999988079071,2025-01-11,2.43999994546175,False
11729,50.25,-0.8100000023841858,2025-01-11,2.2899999488145113,False
11730,50.25,-0.7950000166893005,2025-01-11,2.269999949261546,False
11731,50.25,-0.7799999713897705,2025-01-11,2.4699999447911978,False
11732,50.25,-0.7649999856948853,2025-01-11,2.5199999436736107,False
11733,50.25,-0.75,2025-01-11,2.5299999434500933,False
11734,50.25,-0.7350000143051147,2025-01-11,2.4999999441206455,False
11735,50.25,-0.7200000286102295,2025-01-11,2.539999943226576,False
11736,50.25,-0.7049999833106995,2025-01-11,2.539999943226576,False
11737,50.25,-0.6899999976158142,2025-01-11,2.5499999430030584,False
11738,50.25,-0.675000011920929,2025-01-11,2.5999999418854713,False
11739,50.25,-0.6600000262260437,2025-01-11,2.609999941661954,False
11740,50.25,-0.6449999809265137,2025-01-11,2.7899999376386404,False
11741,50.25,-0.6299999952316284,2025-01-11,2.6199999414384365,False
11742,50.25,-0.6150000095367432,2025-01-11,2.539999943226576,False
11743,50.25,-0.6000000238418579,2025-01-11,2.4099999461323023,False
11744,50.25,-0.5849999785423279,2025-01-11,2.249999949708581,False
11745,50.25,-0.5699999928474426,2025-01-11,2.2099999506026506,False
11746,50.25,-0.5550000071525574,2025-01-11,2.269999949261546,False
11747,50.25,-0.5400000214576721,2025-01-11,2.1599999517202377,False
11748,50.25,-0.5249999761581421,2025-01-11,2.249999949708581,False
11749,50.25,-0.5099999904632568,2025-01-11,2.2399999499320984,False
11750,50.25,-0.4950000047683716,2025-01-11,2.179999951273203,False
11751,50.25,-0.47999998927116394,2025-01-11,2.109999952837825,False
11752,50.25,-0.4650000035762787,2025-01-11,2.109999952837825,False
11753,50.25,-0.44999998807907104,2025-01-11,2.0999999530613422,False
11754,50.25,-0.4350000023841858,2025-01-11,2.249999949708581,False
11755,50.25,-0.41999998688697815,2025-01-11,2.2799999490380287,False
11756,50.25,-0.4050000011920929,2025-01-11,2.2599999494850636,False
11757,50.25,-0.38999998569488525,2025-01-11,2.369999947026372,False
11758,50.25,-0.375,2025-01-11,2.43999994546175,False
11759,50.25,-0.36000001430511475,2025-01-11,2.5499999430030584,False
11760,50.25,-0.3449999988079071,2025-01-11,2.609999941661954,False
11761,50.25,-0.33000001311302185,2025-01-11,2.699999939650297,False
11762,50.25,-0.3149999976158142,2025-01-11,2.6499999407678843,False
11763,50.25,-0.30000001192092896,2025-01-11,2.7399999387562275,False
11764,50.25,-0.2849999964237213,2025-01-11,2.7399999387562275,False
11765,50.25,-0.27000001072883606,2025-01-11,2.7099999394267797,False
11766,50.25,-0.2549999952316284,2025-01-11,2.6399999409914017,False
11767,50.25,-0.23999999463558197,2025-01-11,2.679999940097332,False
11768,50.25,-0.22499999403953552,2025-01-11,2.539999943226576,False
11769,50.25,-0.20999999344348907,2025-01-11,2.5499999430030584,False
11770,50.25,-0.19499999284744263,2025-01-11,2.509999943897128,False
11771,50.25,-0.18000000715255737,2025-01-11,2.559999942779541,False
11772,50.25,-0.16500000655651093,2025-01-11,2.389999946579337,False
11773,50.25,-0.15000000596046448,2025-01-11,2.3799999468028545,False
11774,50.25,-0.13500000536441803,2025-01-11,2.2099999506026506,False
11775,50.25,-0.11999999731779099,2025-01-11,2.179999951273203,False
11776,50.25,-0.10499999672174454,2025-01-11,2.079999953508377,False
11777,50.25,-0.09000000357627869,2025-01-11,1.8599999584257603,False
11778,50.25,-0.07500000298023224,2025-01-11,1.6299999635666609,False
11779,50.25,-0.05999999865889549,2025-01-11,1.459999967366457,False
11780,50.25,-0.04500000178813934,2025-01-11,1.3999999687075615,False
11781,50.25,-0.029999999329447746,2025-01-11,1.219999972730875,False
11782,50.25,-0.014999999664723873,2025-01-11,1.2599999718368053,False
11783,50.25,0.0,2025-01-11,1.0899999756366014,False
11784,50.25,0.014999999664723873,2025-01-11,1.1399999745190144,False
11785,50.25,0.029999999329447746,2025-01-11,1.1099999751895666,False
11786,50.25,0.04500000178813934,2025-01-11,1.0899999756366014,False
11787,50.25,0.05999999865889549,2025-01-11,1.0799999758601189,False
11788,50.25,0.07500000298023224,2025-01-11,1.1299999747425318,False
11789,50.25,0.09000000357627869,2025-01-11,1.0499999765306711,False
11790,50.25,0.10499999672174454,2025-01-11,1.0699999760836363,False
11791,50.25,0.11999999731779099,2025-01-11,1.1799999736249447,False
11792,50.25,0.13500000536441803,2025-01-11,1.1199999749660492,False
11793,50.25,0.15000000596046448,2025-01-11,1.169999973848462,False
11794,50.25,0.16500000655651093,2025-01-11,1.1799999736249447,False
11795,50.25,0.18000000715255737,2025-01-11,1.1399999745190144,False
11796,50.25,0.19499999284744263,2025-01-11,1.1299999747425318,False
11797,50.25,0.20999999344348907,2025-01-11,1.029999976977706,False
11798,50.25,0.22499999403953552,2025-01-11,0.9199999794363976,False
11799,50.25,0.23999999463558197,2025-01-11,0.8599999807775021,False
11800,50.25,0.2549999952316284,2025-01-11,0.8499999810010195,False
11801,50.25,0.27000001072883606,2025-01-11,0.8999999798834324,False
11802,50.25,0.2849999964237213,2025-01-11,0.9199999794363976,False
11803,50.25,0.30000001192092896,2025-01-11,1.1099999751895666,False
11804,50.25,0.3149999976158142,2025-01-11,1.289999971166253,False
11805,50.25,0.33000001311302185,2025-01-11,1.2399999722838402,False
11806,50.25,0.3449999988079071,2025-01-11,1.0599999763071537,False
11807,50.25,0.36000001430511475,2025-01-11,0.8999999798834324,False
11808,50.25,0.375,2025-01-11,0.549999987706542,False
11809,50.25,0.38999998569488525,2025-01-11,0.5799999870359898,False
11810,50.25,0.4050000011920929,2025-01-11,0.5599999874830246,False
11811,50.25,0.41999998688697815,2025-01-11,0.6799999848008156,False
11812,50.25,0.4350000023841858,2025-01-11,0.909999979659915,False
11813,50.25,0.44999998807907104,2025-01-11,1.1399999745190144,False
11814,50.25,0.4650000035762787,2025-01-11,1.149999974295497,False
11815,50.25,0.47999998927116394,2025-01-11,1.169999973848462,False
11816,50.25,0.4950000047683716,2025-01-11,1.2299999725073576,False
