,lat,lon,analysed_spim,plume
22117,42.265,3.0,,False
22118,42.265,3.015,,False
22119,42.265,3.03,,False
22120,42.265,3.045,,False
22121,42.265,3.06,,False
22122,42.265,3.075,,False
22123,42.265,3.09,,False
22124,42.265,3.105,,False
22125,42.265,3.12,,False
22126,42.265,3.135,,False
22127,42.265,3.15,,False
22128,42.265,3.165,,False
22129,42.265,3.18,,False
22130,42.265,3.195,,False
22131,42.265,3.21,,False
22132,42.265,3.225,,False
22133,42.265,3.24,,False
22134,42.265,3.255,,False
22135,42.265,3.27,,False
22136,42.265,3.285,,False
22137,42.265,3.3,0.5999999865889549,False
22138,42.265,3.315,0.6299999859184027,False
22139,42.265,3.33,0.669999985024333,False
22140,42.265,3.345,0.7299999836832285,False
22141,42.265,3.36,0.8699999805539846,False
22142,42.265,3.375,1.1199999749660492,False
22143,42.265,3.39,1.2849999712780118,False
22144,42.265,3.405,1.2449999721720815,False
22145,42.265,3.42,1.0849999757483602,False
22146,42.265,3.435,0.8599999807775021,False
22147,42.265,3.45,0.6099999863654375,False
22148,42.265,3.465,0.4899999890476465,False
22149,42.265,3.48,0.4499999899417162,False
22150,42.265,3.495,0.4499999899417162,False
22151,42.265,3.51,0.4449999900534749,False
22152,42.265,3.525,0.36499999184161425,False
22153,42.265,3.54,0.29999999329447746,False
22154,42.265,3.555,0.24499999452382326,False
22155,42.265,3.57,0.18999999575316906,False
22156,42.265,3.585,0.17999999597668648,False
22157,42.265,3.6,0.18499999586492777,False
22158,42.265,3.615,0.19999999552965164,False
22159,42.265,3.63,0.20499999541789293,False
22160,42.265,3.645,0.21499999519437551,False
22161,42.265,3.66,0.2199999950826168,False
22162,42.265,3.675,0.23999999463558197,False
22163,42.265,3.69,0.24499999452382326,False
22164,42.265,3.705,0.25499999430030584,False
22165,42.265,3.72,0.25499999430030584,False
22166,42.265,3.735,0.24999999441206455,False
22167,42.265,3.75,0.24999999441206455,False
22168,42.265,3.765,0.24999999441206455,False
22169,42.265,3.78,0.24999999441206455,False
22170,42.265,3.795,0.24999999441206455,False
22171,42.265,3.81,0.23499999474734068,False
22172,42.265,3.825,0.2249999949708581,False
22173,42.265,3.84,0.2199999950826168,False
22174,42.265,3.855,0.2249999949708581,False
22175,42.265,3.87,0.2299999948590994,False
22176,42.265,3.885,0.23499999474734068,False
22177,42.265,3.9,0.23499999474734068,False
22178,42.265,3.915,0.2249999949708581,False
22179,42.265,3.93,0.2249999949708581,False
22180,42.265,3.945,0.2249999949708581,False
22181,42.265,3.96,0.2199999950826168,False
22182,42.265,3.975,0.2199999950826168,False
22183,42.265,3.99,0.2199999950826168,False
22184,42.265,4.005,0.2199999950826168,False
22185,42.265,4.02,0.2249999949708581,False
22186,42.265,4.035,0.23499999474734068,False
22187,42.265,4.05,0.23999999463558197,False
22188,42.265,4.065,0.23499999474734068,False
22189,42.265,4.08,0.23999999463558197,False
22190,42.265,4.095,0.23999999463558197,False
22191,42.265,4.11,0.23499999474734068,False
22192,42.265,4.125,0.23499999474734068,False
22193,42.265,4.14,0.2249999949708581,False
22194,42.265,4.155,0.21499999519437551,False
22195,42.265,4.17,0.2199999950826168,False
22196,42.265,4.185,0.21499999519437551,False
22197,42.265,4.2,0.20999999530613422,False
22198,42.265,4.215,0.19999999552965164,False
22199,42.265,4.23,0.19999999552965164,False
22200,42.265,4.245,0.18999999575316906,False
22201,42.265,4.26,0.18499999586492777,False
22202,42.265,4.275,0.17999999597668648,False
22203,42.265,4.29,0.1749999960884452,False
22204,42.265,4.305,0.1749999960884452,False
22205,42.265,4.32,0.1599999964237213,False
22206,42.265,4.335,0.15499999653548002,False
22207,42.265,4.35,0.14999999664723873,False
22208,42.265,4.365,0.14999999664723873,False
22209,42.265,4.38,0.14999999664723873,False
22210,42.265,4.395,0.14999999664723873,False
22211,42.265,4.41,0.14499999675899744,False
22212,42.265,4.425,0.12999999709427357,False
22213,42.265,4.44,0.12999999709427357,False
22214,42.265,4.455,0.14499999675899744,False
22215,42.265,4.47,0.13499999698251486,False
22216,42.265,4.485,0.14499999675899744,False
22217,42.265,4.5,0.14999999664723873,False
22218,42.265,4.515,0.15499999653548002,False
22219,42.265,4.53,0.2849999936297536,False
22220,42.265,4.545,0.3349999925121665,False
22221,42.265,4.56,0.3799999915063381,False
22222,42.265,4.575,0.42499999050050974,False
22223,42.265,4.59,0.4949999889358878,False
22224,42.265,4.605,0.4549999898299575,False
22225,42.265,4.62,0.4349999902769923,False
22226,42.265,4.635,0.4349999902769923,False
22227,42.265,4.65,0.41499999072402716,False
22228,42.265,4.665,0.40999999083578587,False
22229,42.265,4.68,0.4049999909475446,False
22230,42.265,4.695,0.3849999913945794,False
22231,42.265,4.71,0.37499999161809683,False
22232,42.265,4.725,0.3899999912828207,False
22233,42.265,4.74,0.3799999915063381,False
22234,42.265,4.755,0.3849999913945794,False
22235,42.265,4.77,0.3349999925121665,False
22236,42.265,4.785,0.2699999939650297,False
22237,42.265,4.8,0.25999999418854713,False
22238,42.265,4.815,0.36999999172985554,False
22239,42.265,4.83,0.3849999913945794,False
22240,42.265,4.845,0.3999999910593033,False
22241,42.265,4.86,0.394999991171062,False
22242,42.265,4.875,0.41999999061226845,False
22243,42.265,4.89,0.4349999902769923,False
22244,42.265,4.905,0.4399999901652336,False
22245,42.265,4.92,0.4499999899417162,False
22246,42.265,4.935,0.47499998938292265,False
22247,42.265,4.95,0.4499999899417162,False
22248,42.265,4.965,0.4349999902769923,False
22249,42.265,4.98,0.41499999072402716,False
22250,42.265,4.995,0.3999999910593033,False
22251,42.265,5.01,0.42499999050050974,False
22252,42.265,5.025,0.42999999038875103,False
22253,42.265,5.04,0.4449999900534749,False
22254,42.265,5.055,0.5399999879300594,False
22255,42.265,5.07,0.6199999861419201,False
22256,42.265,5.085,0.6199999861419201,False
22257,42.265,5.1,0.6199999861419201,False
22258,42.265,5.115,0.3249999927356839,False
22259,42.265,5.13,0.29999999329447746,False
22260,42.265,5.145,0.29499999340623617,False
22261,42.265,5.16,0.29999999329447746,False
22262,42.265,5.175,0.30499999318271875,False
22263,42.265,5.19,0.31499999295920134,False
22264,42.265,5.205,0.30499999318271875,False
22265,42.265,5.22,0.36499999184161425,False
22266,42.265,5.235,0.2649999940767884,False
22267,42.265,5.25,0.25999999418854713,False
22268,42.265,5.265,0.2699999939650297,False
22269,42.265,5.28,0.2649999940767884,False
22270,42.265,5.295,0.2699999939650297,False
22271,42.265,5.31,0.2649999940767884,False
22272,42.265,5.325,0.25999999418854713,False
22273,42.265,5.34,0.2649999940767884,False
22274,42.265,5.355,0.274999993853271,False
22275,42.265,5.37,0.2799999937415123,False
22276,42.265,5.385,0.274999993853271,False
22277,42.265,5.4,0.2649999940767884,False
22278,42.265,5.415,0.25999999418854713,False
22279,42.265,5.43,0.25999999418854713,False
22280,42.265,5.445,0.25999999418854713,False
22281,42.265,5.46,0.25999999418854713,False
22282,42.265,5.475,0.25999999418854713,False
22283,42.265,5.49,0.25499999430030584,False
22284,42.265,5.505,0.24999999441206455,False
22285,42.265,5.52,0.24999999441206455,False
22286,42.265,5.535,0.24999999441206455,False
22287,42.265,5.55,0.24499999452382326,False
22288,42.265,5.565,0.25499999430030584,False
22289,42.265,5.58,0.25499999430030584,False
22290,42.265,5.595,0.25999999418854713,False
22291,42.265,5.61,0.25999999418854713,False
22292,42.265,5.625,0.2649999940767884,False
22293,42.265,5.64,0.25999999418854713,False
22294,42.265,5.655,0.2699999939650297,False
22295,42.265,5.67,0.274999993853271,False
22296,42.265,5.685,0.2699999939650297,False
22297,42.265,5.7,0.2799999937415123,False
22298,42.265,5.715,0.2799999937415123,False
22299,42.265,5.73,0.274999993853271,False
22300,42.265,5.745,0.2699999939650297,False
22301,42.265,5.76,0.25999999418854713,False
22302,42.265,5.775,0.25999999418854713,False
22303,42.265,5.79,0.24999999441206455,False
22304,42.265,5.805,0.24499999452382326,False
22305,42.265,5.82,0.24999999441206455,False
22306,42.265,5.835,0.24999999441206455,False
22307,42.265,5.85,0.24499999452382326,False
22308,42.265,5.865,0.23999999463558197,False
22309,42.265,5.88,0.2299999948590994,False
22310,42.265,5.895,0.2249999949708581,False
22311,42.265,5.91,0.20999999530613422,False
22312,42.265,5.925,0.19999999552965164,False
22313,42.265,5.94,0.2299999948590994,False
22314,42.265,5.955,0.2299999948590994,False
22315,42.265,5.97,0.23499999474734068,False
22316,42.265,5.985,0.24499999452382326,False
22317,42.265,6.0,0.24999999441206455,False
22534,42.285,3.0,,False
22535,42.285,3.015,,False
22536,42.285,3.03,,False
22537,42.285,3.045,,False
22538,42.285,3.06,,False
22539,42.285,3.075,,False
22540,42.285,3.09,,False
22541,42.285,3.105,,False
22542,42.285,3.12,,False
22543,42.285,3.135,,False
22544,42.285,3.15,,False
22545,42.285,3.165,,False
22546,42.285,3.18,,False
22547,42.285,3.195,,False
22548,42.285,3.21,,False
22549,42.285,3.225,,False
22550,42.285,3.24,,False
22551,42.285,3.255,,False
22552,42.285,3.27,,False
22553,42.285,3.285,,False
22554,42.285,3.3,0.5599999874830246,False
22555,42.285,3.315,0.7849999824538827,False
22556,42.285,3.33,0.8299999814480543,False
22557,42.285,3.345,0.9499999787658453,False
22558,42.285,3.36,1.0349999768659472,False
22559,42.285,3.375,1.1249999748542905,False
22560,42.285,3.39,1.1899999734014273,False
22561,42.285,3.405,1.0549999764189124,False
22562,42.285,3.42,0.8549999808892608,False
22563,42.285,3.435,0.6549999853596091,False
22564,42.285,3.45,0.47999998927116394,False
22565,42.285,3.465,0.394999991171062,False
22566,42.285,3.48,0.3999999910593033,False
22567,42.285,3.495,0.3799999915063381,False
22568,42.285,3.51,0.3449999922886491,False
22569,42.285,3.525,0.2799999937415123,False
22570,42.285,3.54,0.2299999948590994,False
22571,42.285,3.555,0.19499999564141035,False
22572,42.285,3.57,0.1699999962002039,False
22573,42.285,3.585,0.19499999564141035,False
22574,42.285,3.6,0.21499999519437551,False
22575,42.285,3.615,0.21499999519437551,False
22576,42.285,3.63,0.2199999950826168,False
22577,42.285,3.645,0.2299999948590994,False
22578,42.285,3.66,0.2299999948590994,False
22579,42.285,3.675,0.24499999452382326,False
22580,42.285,3.69,0.25999999418854713,False
22581,42.285,3.705,0.25499999430030584,False
22582,42.285,3.72,0.25499999430030584,False
22583,42.285,3.735,0.24999999441206455,False
22584,42.285,3.75,0.23999999463558197,False
22585,42.285,3.765,0.24499999452382326,False
22586,42.285,3.78,0.24499999452382326,False
22587,42.285,3.795,0.24499999452382326,False
22588,42.285,3.81,0.24499999452382326,False
22589,42.285,3.825,0.24499999452382326,False
22590,42.285,3.84,0.24499999452382326,False
22591,42.285,3.855,0.24499999452382326,False
22592,42.285,3.87,0.24499999452382326,False
22593,42.285,3.885,0.24499999452382326,False
22594,42.285,3.9,0.24999999441206455,False
22595,42.285,3.915,0.24499999452382326,False
22596,42.285,3.93,0.24499999452382326,False
22597,42.285,3.945,0.23999999463558197,False
22598,42.285,3.96,0.23499999474734068,False
22599,42.285,3.975,0.2299999948590994,False
22600,42.285,3.99,0.2249999949708581,False
22601,42.285,4.005,0.2249999949708581,False
22602,42.285,4.02,0.2199999950826168,False
22603,42.285,4.035,0.2199999950826168,False
22604,42.285,4.05,0.2199999950826168,False
22605,42.285,4.065,0.2249999949708581,False
22606,42.285,4.08,0.23499999474734068,False
22607,42.285,4.095,0.2299999948590994,False
22608,42.285,4.11,0.23999999463558197,False
22609,42.285,4.125,0.23999999463558197,False
22610,42.285,4.14,0.23999999463558197,False
22611,42.285,4.155,0.23999999463558197,False
22612,42.285,4.17,0.23499999474734068,False
22613,42.285,4.185,0.2299999948590994,False
22614,42.285,4.2,0.2249999949708581,False
22615,42.285,4.215,0.20999999530613422,False
22616,42.285,4.23,0.19499999564141035,False
22617,42.285,4.245,0.18999999575316906,False
22618,42.285,4.26,0.17999999597668648,False
22619,42.285,4.275,0.17999999597668648,False
22620,42.285,4.29,0.17999999597668648,False
22621,42.285,4.305,0.1749999960884452,False
22622,42.285,4.32,0.1649999963119626,False
22623,42.285,4.335,0.1649999963119626,False
22624,42.285,4.35,0.1599999964237213,False
22625,42.285,4.365,0.14999999664723873,False
22626,42.285,4.38,0.14999999664723873,False
22627,42.285,4.395,0.14499999675899744,False
22628,42.285,4.41,0.13499999698251486,False
22629,42.285,4.425,0.12999999709427357,False
22630,42.285,4.44,0.11999999731779099,False
22631,42.285,4.455,0.12499999720603228,False
22632,42.285,4.47,0.13999999687075615,False
22633,42.285,4.485,0.12999999709427357,False
22634,42.285,4.5,0.14499999675899744,False
22635,42.285,4.515,0.14499999675899744,False
22636,42.285,4.53,0.21499999519437551,False
22637,42.285,4.545,0.31499999295920134,False
22638,42.285,4.56,0.35999999195337296,False
22639,42.285,4.575,0.3849999913945794,False
22640,42.285,4.59,0.4549999898299575,False
22641,42.285,4.605,0.4499999899417162,False
22642,42.285,4.62,0.46999998949468136,False
22643,42.285,4.635,0.4449999900534749,False
22644,42.285,4.65,0.41999999061226845,False
22645,42.285,4.665,0.41999999061226845,False
22646,42.285,4.68,0.4049999909475446,False
22647,42.285,4.695,0.3899999912828207,False
22648,42.285,4.71,0.3849999913945794,False
22649,42.285,4.725,0.3899999912828207,False
22650,42.285,4.74,0.394999991171062,False
22651,42.285,4.755,0.31499999295920134,False
22652,42.285,4.77,0.274999993853271,False
22653,42.285,4.785,0.2849999936297536,False
22654,42.285,4.8,0.2899999935179949,False
22655,42.285,4.815,0.2649999940767884,False
22656,42.285,4.83,0.41499999072402716,False
22657,42.285,4.845,0.42999999038875103,False
22658,42.285,4.86,0.4349999902769923,False
22659,42.285,4.875,0.46999998949468136,False
22660,42.285,4.89,0.514999988488853,False
22661,42.285,4.905,0.5549999875947833,False
22662,42.285,4.92,0.549999987706542,False
22663,42.285,4.935,0.5349999880418181,False
22664,42.285,4.95,0.514999988488853,False
22665,42.285,4.965,0.5099999886006117,False
22666,42.285,4.98,0.4899999890476465,False
22667,42.285,4.995,0.47499998938292265,False
22668,42.285,5.01,0.4499999899417162,False
22669,42.285,5.025,0.549999987706542,False
22670,42.285,5.04,0.634999985806644,False
22671,42.285,5.055,0.6299999859184027,False
22672,42.285,5.07,0.6249999860301614,False
22673,42.285,5.085,0.6249999860301614,False
22674,42.285,5.1,0.6199999861419201,False
22675,42.285,5.115,0.5999999865889549,False
22676,42.285,5.13,0.394999991171062,False
22677,42.285,5.145,0.2899999935179949,False
22678,42.285,5.16,0.31499999295920134,False
22679,42.285,5.175,0.3349999925121665,False
22680,42.285,5.19,0.31499999295920134,False
22681,42.285,5.205,0.274999993853271,False
22682,42.285,5.22,0.25499999430030584,False
22683,42.285,5.235,0.24499999452382326,False
22684,42.285,5.25,0.24999999441206455,False
22685,42.285,5.265,0.25499999430030584,False
22686,42.285,5.28,0.25999999418854713,False
22687,42.285,5.295,0.25499999430030584,False
22688,42.285,5.31,0.2699999939650297,False
22689,42.285,5.325,0.25999999418854713,False
22690,42.285,5.34,0.2699999939650297,False
22691,42.285,5.355,0.274999993853271,False
22692,42.285,5.37,0.2649999940767884,False
22693,42.285,5.385,0.25499999430030584,False
22694,42.285,5.4,0.24999999441206455,False
22695,42.285,5.415,0.24999999441206455,False
22696,42.285,5.43,0.25499999430030584,False
22697,42.285,5.445,0.25499999430030584,False
22698,42.285,5.46,0.25999999418854713,False
22699,42.285,5.475,0.25999999418854713,False
22700,42.285,5.49,0.25499999430030584,False
22701,42.285,5.505,0.25999999418854713,False
22702,42.285,5.52,0.24999999441206455,False
22703,42.285,5.535,0.24999999441206455,False
22704,42.285,5.55,0.23999999463558197,False
22705,42.285,5.565,0.24499999452382326,False
22706,42.285,5.58,0.2699999939650297,False
22707,42.285,5.595,0.2649999940767884,False
22708,42.285,5.61,0.25999999418854713,False
22709,42.285,5.625,0.2699999939650297,False
22710,42.285,5.64,0.274999993853271,False
22711,42.285,5.655,0.2849999936297536,False
22712,42.285,5.67,0.2899999935179949,False
22713,42.285,5.685,0.2849999936297536,False
22714,42.285,5.7,0.2799999937415123,False
22715,42.285,5.715,0.2799999937415123,False
22716,42.285,5.73,0.2799999937415123,False
22717,42.285,5.745,0.2699999939650297,False
22718,42.285,5.76,0.2699999939650297,False
22719,42.285,5.775,0.25999999418854713,False
22720,42.285,5.79,0.25499999430030584,False
22721,42.285,5.805,0.23999999463558197,False
22722,42.285,5.82,0.24999999441206455,False
22723,42.285,5.835,0.24499999452382326,False
22724,42.285,5.85,0.24499999452382326,False
22725,42.285,5.865,0.23999999463558197,False
22726,42.285,5.88,0.23499999474734068,False
22727,42.285,5.895,0.2249999949708581,False
22728,42.285,5.91,0.20999999530613422,False
22729,42.285,5.925,0.21499999519437551,False
22730,42.285,5.94,0.2249999949708581,False
22731,42.285,5.955,0.23999999463558197,False
22732,42.285,5.97,0.23499999474734068,False
22733,42.285,5.985,0.23999999463558197,False
22734,42.285,6.0,0.24999999441206455,False
22951,42.305,3.0,,False
22952,42.305,3.015,,False
22953,42.305,3.03,,False
22954,42.305,3.045,,False
22955,42.305,3.06,,False
22956,42.305,3.075,,False
22957,42.305,3.09,,False
22958,42.305,3.105,,False
22959,42.305,3.12,,False
22960,42.305,3.135,,False
22961,42.305,3.15,,False
22962,42.305,3.165,,False
22963,42.305,3.18,,False
22964,42.305,3.195,,False
22965,42.305,3.21,,False
22966,42.305,3.225,,False
22967,42.305,3.24,,False
22968,42.305,3.255,,False
22969,42.305,3.27,,False
22970,42.305,3.285,,False
22971,42.305,3.3,,False
22972,42.305,3.315,,False
22973,42.305,3.33,0.9549999786540866,False
22974,42.305,3.345,1.1249999748542905,False
22975,42.305,3.36,1.0049999775364995,False
22976,42.305,3.375,0.9399999789893627,False
22977,42.305,3.39,0.7999999821186066,False
22978,42.305,3.405,0.634999985806644,False
22979,42.305,3.42,0.5349999880418181,False
22980,42.305,3.435,0.3999999910593033,False
22981,42.305,3.45,0.36499999184161425,False
22982,42.305,3.465,0.3499999921768904,False
22983,42.305,3.48,0.35999999195337296,False
22984,42.305,3.495,0.30999999307096004,False
22985,42.305,3.51,0.25999999418854713,False
22986,42.305,3.525,0.20999999530613422,False
22987,42.305,3.54,0.17999999597668648,False
22988,42.305,3.555,0.17999999597668648,False
22989,42.305,3.57,0.18499999586492777,False
22990,42.305,3.585,0.20999999530613422,False
22991,42.305,3.6,0.2249999949708581,False
22992,42.305,3.615,0.23999999463558197,False
22993,42.305,3.63,0.23499999474734068,False
22994,42.305,3.645,0.23499999474734068,False
22995,42.305,3.66,0.23499999474734068,False
22996,42.305,3.675,0.23999999463558197,False
22997,42.305,3.69,0.24999999441206455,False
22998,42.305,3.705,0.24499999452382326,False
22999,42.305,3.72,0.24499999452382326,False
23000,42.305,3.735,0.24999999441206455,False
23001,42.305,3.75,0.23999999463558197,False
23002,42.305,3.765,0.23999999463558197,False
23003,42.305,3.78,0.23999999463558197,False
23004,42.305,3.795,0.23499999474734068,False
23005,42.305,3.81,0.24499999452382326,False
23006,42.305,3.825,0.24999999441206455,False
23007,42.305,3.84,0.24499999452382326,False
23008,42.305,3.855,0.24999999441206455,False
23009,42.305,3.87,0.24999999441206455,False
23010,42.305,3.885,0.24999999441206455,False
23011,42.305,3.9,0.25499999430030584,False
23012,42.305,3.915,0.2649999940767884,False
23013,42.305,3.93,0.2649999940767884,False
23014,42.305,3.945,0.2649999940767884,False
23015,42.305,3.96,0.25499999430030584,False
23016,42.305,3.975,0.24999999441206455,False
23017,42.305,3.99,0.24499999452382326,False
23018,42.305,4.005,0.23999999463558197,False
23019,42.305,4.02,0.23499999474734068,False
23020,42.305,4.035,0.23499999474734068,False
23021,42.305,4.05,0.23499999474734068,False
23022,42.305,4.065,0.2249999949708581,False
23023,42.305,4.08,0.2199999950826168,False
23024,42.305,4.095,0.2299999948590994,False
23025,42.305,4.11,0.23499999474734068,False
23026,42.305,4.125,0.23499999474734068,False
23027,42.305,4.14,0.23999999463558197,False
23028,42.305,4.155,0.24499999452382326,False
23029,42.305,4.17,0.23999999463558197,False
23030,42.305,4.185,0.23999999463558197,False
23031,42.305,4.2,0.2299999948590994,False
23032,42.305,4.215,0.2249999949708581,False
23033,42.305,4.23,0.20499999541789293,False
23034,42.305,4.245,0.18999999575316906,False
23035,42.305,4.26,0.17999999597668648,False
23036,42.305,4.275,0.1649999963119626,False
23037,42.305,4.29,0.1699999962002039,False
23038,42.305,4.305,0.1749999960884452,False
23039,42.305,4.32,0.1699999962002039,False
23040,42.305,4.335,0.1699999962002039,False
23041,42.305,4.35,0.1599999964237213,False
23042,42.305,4.365,0.15499999653548002,False
23043,42.305,4.38,0.15499999653548002,False
23044,42.305,4.395,0.14499999675899744,False
23045,42.305,4.41,0.13999999687075615,False
23046,42.305,4.425,0.12999999709427357,False
23047,42.305,4.44,0.11999999731779099,False
23048,42.305,4.455,0.11999999731779099,False
23049,42.305,4.47,0.12499999720603228,False
23050,42.305,4.485,0.13999999687075615,False
23051,42.305,4.5,0.13999999687075615,False
23052,42.305,4.515,0.13999999687075615,False
23053,42.305,4.53,0.19999999552965164,False
23054,42.305,4.545,0.29499999340623617,False
23055,42.305,4.56,0.3399999924004078,False
23056,42.305,4.575,0.35999999195337296,False
23057,42.305,4.59,0.4049999909475446,False
23058,42.305,4.605,0.42499999050050974,False
23059,42.305,4.62,0.4599999897181988,False
23060,42.305,4.635,0.47499998938292265,False
23061,42.305,4.65,0.4349999902769923,False
23062,42.305,4.665,0.40999999083578587,False
23063,42.305,4.68,0.42499999050050974,False
23064,42.305,4.695,0.3799999915063381,False
23065,42.305,4.71,0.36999999172985554,False
23066,42.305,4.725,0.30999999307096004,False
23067,42.305,4.74,0.25999999418854713,False
23068,42.305,4.755,0.274999993853271,False
23069,42.305,4.77,0.29499999340623617,False
23070,42.305,4.785,0.29999999329447746,False
23071,42.305,4.8,0.2899999935179949,False
23072,42.305,4.815,0.29999999329447746,False
23073,42.305,4.83,0.30499999318271875,False
23074,42.305,4.845,0.4599999897181988,False
23075,42.305,4.86,0.47499998938292265,False
23076,42.305,4.875,0.4999999888241291,False
23077,42.305,4.89,0.5299999881535769,False
23078,42.305,4.905,0.5599999874830246,False
23079,42.305,4.92,0.5549999875947833,False
23080,42.305,4.935,0.5349999880418181,False
23081,42.305,4.95,0.5099999886006117,False
23082,42.305,4.965,0.5199999883770943,False
23083,42.305,4.98,0.4999999888241291,False
23084,42.305,4.995,0.4899999890476465,False
23085,42.305,5.01,0.5799999870359898,False
23086,42.305,5.025,0.6099999863654375,False
23087,42.305,5.04,0.6299999859184027,False
23088,42.305,5.055,0.6199999861419201,False
23089,42.305,5.07,0.6149999862536788,False
23090,42.305,5.085,0.6049999864771962,False
23091,42.305,5.1,0.6049999864771962,False
23092,42.305,5.115,0.5799999870359898,False
23093,42.305,5.13,0.514999988488853,False
23094,42.305,5.145,0.29499999340623617,False
23095,42.305,5.16,0.3449999922886491,False
23096,42.305,5.175,0.35999999195337296,False
23097,42.305,5.19,0.3249999927356839,False
23098,42.305,5.205,0.2899999935179949,False
23099,42.305,5.22,0.2699999939650297,False
23100,42.305,5.235,0.274999993853271,False
23101,42.305,5.25,0.2649999940767884,False
23102,42.305,5.265,0.25999999418854713,False
23103,42.305,5.28,0.25999999418854713,False
23104,42.305,5.295,0.25999999418854713,False
23105,42.305,5.31,0.25999999418854713,False
23106,42.305,5.325,0.25999999418854713,False
23107,42.305,5.34,0.2699999939650297,False
23108,42.305,5.355,0.274999993853271,False
23109,42.305,5.37,0.2699999939650297,False
23110,42.305,5.385,0.24999999441206455,False
23111,42.305,5.4,0.24999999441206455,False
23112,42.305,5.415,0.24999999441206455,False
23113,42.305,5.43,0.25499999430030584,False
23114,42.305,5.445,0.25499999430030584,False
23115,42.305,5.46,0.25499999430030584,False
23116,42.305,5.475,0.25999999418854713,False
23117,42.305,5.49,0.24999999441206455,False
23118,42.305,5.505,0.24499999452382326,False
23119,42.305,5.52,0.24499999452382326,False
23120,42.305,5.535,0.25999999418854713,False
23121,42.305,5.55,0.24499999452382326,False
23122,42.305,5.565,0.24499999452382326,False
23123,42.305,5.58,0.25499999430030584,False
23124,42.305,5.595,0.25499999430030584,False
23125,42.305,5.61,0.25999999418854713,False
23126,42.305,5.625,0.2649999940767884,False
23127,42.305,5.64,0.2699999939650297,False
23128,42.305,5.655,0.2849999936297536,False
23129,42.305,5.67,0.2799999937415123,False
23130,42.305,5.685,0.2799999937415123,False
23131,42.305,5.7,0.2799999937415123,False
23132,42.305,5.715,0.2899999935179949,False
23133,42.305,5.73,0.2799999937415123,False
23134,42.305,5.745,0.2849999936297536,False
23135,42.305,5.76,0.2849999936297536,False
23136,42.305,5.775,0.274999993853271,False
23137,42.305,5.79,0.274999993853271,False
23138,42.305,5.805,0.24999999441206455,False
23139,42.305,5.82,0.23499999474734068,False
23140,42.305,5.835,0.2299999948590994,False
23141,42.305,5.85,0.2299999948590994,False
23142,42.305,5.865,0.23499999474734068,False
23143,42.305,5.88,0.2199999950826168,False
23144,42.305,5.895,0.2249999949708581,False
23145,42.305,5.91,0.2199999950826168,False
23146,42.305,5.925,0.23499999474734068,False
23147,42.305,5.94,0.24999999441206455,False
23148,42.305,5.955,0.24499999452382326,False
23149,42.305,5.97,0.23499999474734068,False
23150,42.305,5.985,0.23999999463558197,False
23151,42.305,6.0,0.24999999441206455,False
23368,42.325,3.0,,False
23369,42.325,3.015,,False
23370,42.325,3.03,,False
23371,42.325,3.045,,False
23372,42.325,3.06,,False
23373,42.325,3.075,,False
23374,42.325,3.09,,False
23375,42.325,3.105,,False
23376,42.325,3.12,,False
23377,42.325,3.135,,False
23378,42.325,3.15,,False
23379,42.325,3.165,,False
23380,42.325,3.18,,False
23381,42.325,3.195,,False
23382,42.325,3.21,,False
23383,42.325,3.225,,False
23384,42.325,3.24,,False
23385,42.325,3.255,,False
23386,42.325,3.27,,False
23387,42.325,3.285,,False
23388,42.325,3.3,,False
23389,42.325,3.315,,False
23390,42.325,3.33,0.7799999825656414,False
23391,42.325,3.345,0.8899999801069498,False
23392,42.325,3.36,0.824999981559813,False
23393,42.325,3.375,0.6199999861419201,False
23394,42.325,3.39,0.5099999886006117,False
23395,42.325,3.405,0.3899999912828207,False
23396,42.325,3.42,0.35499999206513166,False
23397,42.325,3.435,0.3299999926239252,False
23398,42.325,3.45,0.3449999922886491,False
23399,42.325,3.465,0.36499999184161425,False
23400,42.325,3.48,0.31499999295920134,False
23401,42.325,3.495,0.2649999940767884,False
23402,42.325,3.51,0.19999999552965164,False
23403,42.325,3.525,0.17999999597668648,False
23404,42.325,3.54,0.1699999962002039,False
23405,42.325,3.555,0.18499999586492777,False
23406,42.325,3.57,0.20999999530613422,False
23407,42.325,3.585,0.23499999474734068,False
23408,42.325,3.6,0.23999999463558197,False
23409,42.325,3.615,0.23999999463558197,False
23410,42.325,3.63,0.23999999463558197,False
23411,42.325,3.645,0.24499999452382326,False
23412,42.325,3.66,0.23999999463558197,False
23413,42.325,3.675,0.24999999441206455,False
23414,42.325,3.69,0.24499999452382326,False
23415,42.325,3.705,0.23999999463558197,False
23416,42.325,3.72,0.23999999463558197,False
23417,42.325,3.735,0.24499999452382326,False
23418,42.325,3.75,0.23999999463558197,False
23419,42.325,3.765,0.23499999474734068,False
23420,42.325,3.78,0.23999999463558197,False
23421,42.325,3.795,0.23999999463558197,False
23422,42.325,3.81,0.23999999463558197,False
23423,42.325,3.825,0.24499999452382326,False
23424,42.325,3.84,0.24999999441206455,False
23425,42.325,3.855,0.24999999441206455,False
23426,42.325,3.87,0.25999999418854713,False
23427,42.325,3.885,0.25999999418854713,False
23428,42.325,3.9,0.25999999418854713,False
23429,42.325,3.915,0.2699999939650297,False
23430,42.325,3.93,0.2799999937415123,False
23431,42.325,3.945,0.2849999936297536,False
23432,42.325,3.96,0.274999993853271,False
23433,42.325,3.975,0.2799999937415123,False
23434,42.325,3.99,0.274999993853271,False
23435,42.325,4.005,0.2649999940767884,False
23436,42.325,4.02,0.2649999940767884,False
23437,42.325,4.035,0.25999999418854713,False
23438,42.325,4.05,0.25499999430030584,False
23439,42.325,4.065,0.24499999452382326,False
23440,42.325,4.08,0.23499999474734068,False
23441,42.325,4.095,0.2299999948590994,False
23442,42.325,4.11,0.2249999949708581,False
23443,42.325,4.125,0.2299999948590994,False
23444,42.325,4.14,0.2299999948590994,False
23445,42.325,4.155,0.23999999463558197,False
23446,42.325,4.17,0.24499999452382326,False
23447,42.325,4.185,0.24499999452382326,False
23448,42.325,4.2,0.23999999463558197,False
23449,42.325,4.215,0.2249999949708581,False
23450,42.325,4.23,0.21499999519437551,False
23451,42.325,4.245,0.19499999564141035,False
23452,42.325,4.26,0.18499999586492777,False
23453,42.325,4.275,0.1749999960884452,False
23454,42.325,4.29,0.1699999962002039,False
23455,42.325,4.305,0.1699999962002039,False
23456,42.325,4.32,0.1699999962002039,False
23457,42.325,4.335,0.1599999964237213,False
23458,42.325,4.35,0.1599999964237213,False
23459,42.325,4.365,0.1649999963119626,False
23460,42.325,4.38,0.1649999963119626,False
23461,42.325,4.395,0.1599999964237213,False
23462,42.325,4.41,0.15499999653548002,False
23463,42.325,4.425,0.14499999675899744,False
23464,42.325,4.44,0.13499999698251486,False
23465,42.325,4.455,0.12499999720603228,False
23466,42.325,4.47,0.13499999698251486,False
23467,42.325,4.485,0.13499999698251486,False
23468,42.325,4.5,0.1699999962002039,False
23469,42.325,4.515,0.1699999962002039,False
23470,42.325,4.53,0.1699999962002039,False
23471,42.325,4.545,0.23999999463558197,False
23472,42.325,4.56,0.2799999937415123,False
23473,42.325,4.575,0.30999999307096004,False
23474,42.325,4.59,0.35499999206513166,False
23475,42.325,4.605,0.3849999913945794,False
23476,42.325,4.62,0.4049999909475446,False
23477,42.325,4.635,0.47499998938292265,False
23478,42.325,4.65,0.41999999061226845,False
23479,42.325,4.665,0.41999999061226845,False
23480,42.325,4.68,0.3799999915063381,False
23481,42.325,4.695,0.30499999318271875,False
23482,42.325,4.71,0.25999999418854713,False
23483,42.325,4.725,0.25999999418854713,False
23484,42.325,4.74,0.2699999939650297,False
23485,42.325,4.755,0.2849999936297536,False
23486,42.325,4.77,0.30999999307096004,False
23487,42.325,4.785,0.3199999928474426,False
23488,42.325,4.8,0.3299999926239252,False
23489,42.325,4.815,0.3199999928474426,False
23490,42.325,4.83,0.3299999926239252,False
23491,42.325,4.845,0.3299999926239252,False
23492,42.325,4.86,0.4499999899417162,False
23493,42.325,4.875,0.46499998960644007,False
23494,42.325,4.89,0.47499998938292265,False
23495,42.325,4.905,0.4899999890476465,False
23496,42.325,4.92,0.46499998960644007,False
23497,42.325,4.935,0.4549999898299575,False
23498,42.325,4.95,0.4599999897181988,False
23499,42.325,4.965,0.46499998960644007,False
23500,42.325,4.98,0.46499998960644007,False
23501,42.325,4.995,0.4599999897181988,False
23502,42.325,5.01,0.514999988488853,False
23503,42.325,5.025,0.584999986924231,False
23504,42.325,5.04,0.6099999863654375,False
23505,42.325,5.055,0.6149999862536788,False
23506,42.325,5.07,0.4549999898299575,False
23507,42.325,5.085,0.4599999897181988,False
23508,42.325,5.1,0.4349999902769923,False
23509,42.325,5.115,0.2799999937415123,False
23510,42.325,5.13,0.2649999940767884,False
23511,42.325,5.145,0.274999993853271,False
23512,42.325,5.16,0.2899999935179949,False
23513,42.325,5.175,0.3349999925121665,False
23514,42.325,5.19,0.3199999928474426,False
23515,42.325,5.205,0.2699999939650297,False
23516,42.325,5.22,0.2649999940767884,False
23517,42.325,5.235,0.274999993853271,False
23518,42.325,5.25,0.2849999936297536,False
23519,42.325,5.265,0.274999993853271,False
23520,42.325,5.28,0.2649999940767884,False
23521,42.325,5.295,0.274999993853271,False
23522,42.325,5.31,0.2849999936297536,False
23523,42.325,5.325,0.274999993853271,False
23524,42.325,5.34,0.274999993853271,False
23525,42.325,5.355,0.2799999937415123,False
23526,42.325,5.37,0.2649999940767884,False
23527,42.325,5.385,0.25499999430030584,False
23528,42.325,5.4,0.24499999452382326,False
23529,42.325,5.415,0.23999999463558197,False
23530,42.325,5.43,0.24999999441206455,False
23531,42.325,5.445,0.25499999430030584,False
23532,42.325,5.46,0.25999999418854713,False
23533,42.325,5.475,0.24999999441206455,False
23534,42.325,5.49,0.24999999441206455,False
23535,42.325,5.505,0.25999999418854713,False
23536,42.325,5.52,0.25499999430030584,False
23537,42.325,5.535,0.24999999441206455,False
23538,42.325,5.55,0.24999999441206455,False
23539,42.325,5.565,0.24999999441206455,False
23540,42.325,5.58,0.24999999441206455,False
23541,42.325,5.595,0.25499999430030584,False
23542,42.325,5.61,0.25499999430030584,False
23543,42.325,5.625,0.2699999939650297,False
23544,42.325,5.64,0.2799999937415123,False
23545,42.325,5.655,0.274999993853271,False
23546,42.325,5.67,0.2899999935179949,False
23547,42.325,5.685,0.2849999936297536,False
23548,42.325,5.7,0.2849999936297536,False
23549,42.325,5.715,0.29499999340623617,False
23550,42.325,5.73,0.2899999935179949,False
23551,42.325,5.745,0.2899999935179949,False
23552,42.325,5.76,0.2899999935179949,False
23553,42.325,5.775,0.274999993853271,False
23554,42.325,5.79,0.2649999940767884,False
23555,42.325,5.805,0.274999993853271,False
23556,42.325,5.82,0.2699999939650297,False
23557,42.325,5.835,0.24999999441206455,False
23558,42.325,5.85,0.24499999452382326,False
23559,42.325,5.865,0.24499999452382326,False
23560,42.325,5.88,0.23499999474734068,False
23561,42.325,5.895,0.23999999463558197,False
23562,42.325,5.91,0.23999999463558197,False
23563,42.325,5.925,0.23999999463558197,False
23564,42.325,5.94,0.24999999441206455,False
23565,42.325,5.955,0.2649999940767884,False
23566,42.325,5.97,0.24499999452382326,False
23567,42.325,5.985,0.23499999474734068,False
23568,42.325,6.0,0.23999999463558197,False
23785,42.345,3.0,,False
23786,42.345,3.015,,False
23787,42.345,3.03,,False
23788,42.345,3.045,,False
23789,42.345,3.06,,False
23790,42.345,3.075,,False
23791,42.345,3.09,,False
23792,42.345,3.105,,False
23793,42.345,3.12,,False
23794,42.345,3.135,,False
23795,42.345,3.15,,False
23796,42.345,3.165,,False
23797,42.345,3.18,,False
23798,42.345,3.195,,False
23799,42.345,3.21,,False
23800,42.345,3.225,,False
23801,42.345,3.24,,False
23802,42.345,3.255,,False
23803,42.345,3.27,,False
23804,42.345,3.285,,False
23805,42.345,3.3,,False
23806,42.345,3.315,,False
23807,42.345,3.33,0.7149999840185046,False
23808,42.345,3.345,0.5599999874830246,False
23809,42.345,3.36,0.4499999899417162,False
23810,42.345,3.375,0.3899999912828207,False
23811,42.345,3.39,0.37499999161809683,False
23812,42.345,3.405,0.3399999924004078,False
23813,42.345,3.42,0.3249999927356839,False
23814,42.345,3.435,0.3249999927356839,False
23815,42.345,3.45,0.3249999927356839,False
23816,42.345,3.465,0.29999999329447746,False
23817,42.345,3.48,0.25999999418854713,False
23818,42.345,3.495,0.2249999949708581,False
23819,42.345,3.51,0.18499999586492777,False
23820,42.345,3.525,0.1699999962002039,False
23821,42.345,3.54,0.1699999962002039,False
23822,42.345,3.555,0.18999999575316906,False
23823,42.345,3.57,0.21499999519437551,False
23824,42.345,3.585,0.24999999441206455,False
23825,42.345,3.6,0.24999999441206455,False
23826,42.345,3.615,0.24999999441206455,False
23827,42.345,3.63,0.24499999452382326,False
23828,42.345,3.645,0.24499999452382326,False
23829,42.345,3.66,0.25999999418854713,False
23830,42.345,3.675,0.24999999441206455,False
23831,42.345,3.69,0.24499999452382326,False
23832,42.345,3.705,0.24999999441206455,False
23833,42.345,3.72,0.24499999452382326,False
23834,42.345,3.735,0.24999999441206455,False
23835,42.345,3.75,0.25499999430030584,False
23836,42.345,3.765,0.25499999430030584,False
23837,42.345,3.78,0.24499999452382326,False
23838,42.345,3.795,0.24999999441206455,False
23839,42.345,3.81,0.25499999430030584,False
23840,42.345,3.825,0.25499999430030584,False
23841,42.345,3.84,0.2649999940767884,False
23842,42.345,3.855,0.2649999940767884,False
23843,42.345,3.87,0.274999993853271,False
23844,42.345,3.885,0.2849999936297536,False
23845,42.345,3.9,0.2849999936297536,False
23846,42.345,3.915,0.29999999329447746,False
23847,42.345,3.93,0.29999999329447746,False
23848,42.345,3.945,0.30499999318271875,False
23849,42.345,3.96,0.30999999307096004,False
23850,42.345,3.975,0.30999999307096004,False
23851,42.345,3.99,0.30999999307096004,False
23852,42.345,4.005,0.30999999307096004,False
23853,42.345,4.02,0.29999999329447746,False
23854,42.345,4.035,0.2849999936297536,False
23855,42.345,4.05,0.274999993853271,False
23856,42.345,4.065,0.2649999940767884,False
23857,42.345,4.08,0.25499999430030584,False
23858,42.345,4.095,0.23499999474734068,False
23859,42.345,4.11,0.2299999948590994,False
23860,42.345,4.125,0.2299999948590994,False
23861,42.345,4.14,0.23999999463558197,False
23862,42.345,4.155,0.24999999441206455,False
23863,42.345,4.17,0.24999999441206455,False
23864,42.345,4.185,0.24499999452382326,False
23865,42.345,4.2,0.23499999474734068,False
23866,42.345,4.215,0.23499999474734068,False
23867,42.345,4.23,0.2249999949708581,False
23868,42.345,4.245,0.20499999541789293,False
23869,42.345,4.26,0.19999999552965164,False
23870,42.345,4.275,0.18999999575316906,False
23871,42.345,4.29,0.17999999597668648,False
23872,42.345,4.305,0.1749999960884452,False
23873,42.345,4.32,0.1599999964237213,False
23874,42.345,4.335,0.1599999964237213,False
23875,42.345,4.35,0.1599999964237213,False
23876,42.345,4.365,0.1699999962002039,False
23877,42.345,4.38,0.1699999962002039,False
23878,42.345,4.395,0.1699999962002039,False
23879,42.345,4.41,0.1649999963119626,False
23880,42.345,4.425,0.15499999653548002,False
23881,42.345,4.44,0.14499999675899744,False
23882,42.345,4.455,0.13999999687075615,False
23883,42.345,4.47,0.13999999687075615,False
23884,42.345,4.485,0.14499999675899744,False
23885,42.345,4.5,0.13999999687075615,False
23886,42.345,4.515,0.14999999664723873,False
23887,42.345,4.53,0.14999999664723873,False
23888,42.345,4.545,0.24499999452382326,False
23889,42.345,4.56,0.2299999948590994,False
23890,42.345,4.575,0.25999999418854713,False
23891,42.345,4.59,0.29999999329447746,False
23892,42.345,4.605,0.3199999928474426,False
23893,42.345,4.62,0.3499999921768904,False
23894,42.345,4.635,0.37499999161809683,False
23895,42.345,4.65,0.3799999915063381,False
23896,42.345,4.665,0.3799999915063381,False
23897,42.345,4.68,0.3399999924004078,False
23898,42.345,4.695,0.25499999430030584,False
23899,42.345,4.71,0.25499999430030584,False
23900,42.345,4.725,0.25499999430030584,False
23901,42.345,4.74,0.25999999418854713,False
23902,42.345,4.755,0.2799999937415123,False
23903,42.345,4.77,0.31499999295920134,False
23904,42.345,4.785,0.3499999921768904,False
23905,42.345,4.8,0.3499999921768904,False
23906,42.345,4.815,0.35499999206513166,False
23907,42.345,4.83,0.35499999206513166,False
23908,42.345,4.845,0.3299999926239252,False
23909,42.345,4.86,0.36499999184161425,False
23910,42.345,4.875,0.42499999050050974,False
23911,42.345,4.89,0.4349999902769923,False
23912,42.345,4.905,0.4349999902769923,False
23913,42.345,4.92,0.41499999072402716,False
23914,42.345,4.935,0.394999991171062,False
23915,42.345,4.95,0.3999999910593033,False
23916,42.345,4.965,0.41999999061226845,False
23917,42.345,4.98,0.4399999901652336,False
23918,42.345,4.995,0.4449999900534749,False
23919,42.345,5.01,0.4449999900534749,False
23920,42.345,5.025,0.5399999879300594,False
23921,42.345,5.04,0.4349999902769923,False
23922,42.345,5.055,0.30999999307096004,False
23923,42.345,5.07,0.31499999295920134,False
23924,42.345,5.085,0.3199999928474426,False
23925,42.345,5.1,0.2649999940767884,False
23926,42.345,5.115,0.24999999441206455,False
23927,42.345,5.13,0.25999999418854713,False
23928,42.345,5.145,0.2699999939650297,False
23929,42.345,5.16,0.2849999936297536,False
23930,42.345,5.175,0.2799999937415123,False
23931,42.345,5.19,0.2899999935179949,False
23932,42.345,5.205,0.2899999935179949,False
23933,42.345,5.22,0.2799999937415123,False
23934,42.345,5.235,0.2799999937415123,False
23935,42.345,5.25,0.2799999937415123,False
23936,42.345,5.265,0.2649999940767884,False
23937,42.345,5.28,0.2649999940767884,False
23938,42.345,5.295,0.2799999937415123,False
23939,42.345,5.31,0.2799999937415123,False
23940,42.345,5.325,0.2849999936297536,False
23941,42.345,5.34,0.2799999937415123,False
23942,42.345,5.355,0.2899999935179949,False
23943,42.345,5.37,0.2849999936297536,False
23944,42.345,5.385,0.2649999940767884,False
23945,42.345,5.4,0.25499999430030584,False
23946,42.345,5.415,0.2649999940767884,False
23947,42.345,5.43,0.2649999940767884,False
23948,42.345,5.445,0.2649999940767884,False
23949,42.345,5.46,0.2699999939650297,False
23950,42.345,5.475,0.2649999940767884,False
23951,42.345,5.49,0.25499999430030584,False
23952,42.345,5.505,0.25499999430030584,False
23953,42.345,5.52,0.25499999430030584,False
23954,42.345,5.535,0.23999999463558197,False
23955,42.345,5.55,0.24499999452382326,False
23956,42.345,5.565,0.25999999418854713,False
23957,42.345,5.58,0.25499999430030584,False
23958,42.345,5.595,0.24499999452382326,False
23959,42.345,5.61,0.24499999452382326,False
23960,42.345,5.625,0.25999999418854713,False
23961,42.345,5.64,0.2649999940767884,False
23962,42.345,5.655,0.2699999939650297,False
23963,42.345,5.67,0.2699999939650297,False
23964,42.345,5.685,0.2699999939650297,False
23965,42.345,5.7,0.2799999937415123,False
23966,42.345,5.715,0.2849999936297536,False
23967,42.345,5.73,0.274999993853271,False
23968,42.345,5.745,0.2849999936297536,False
23969,42.345,5.76,0.2799999937415123,False
23970,42.345,5.775,0.2699999939650297,False
23971,42.345,5.79,0.274999993853271,False
23972,42.345,5.805,0.2799999937415123,False
23973,42.345,5.82,0.2699999939650297,False
23974,42.345,5.835,0.25999999418854713,False
23975,42.345,5.85,0.25499999430030584,False
23976,42.345,5.865,0.24999999441206455,False
23977,42.345,5.88,0.24499999452382326,False
23978,42.345,5.895,0.24499999452382326,False
23979,42.345,5.91,0.23999999463558197,False
23980,42.345,5.925,0.23999999463558197,False
23981,42.345,5.94,0.24999999441206455,False
23982,42.345,5.955,0.25999999418854713,False
23983,42.345,5.97,0.25499999430030584,False
23984,42.345,5.985,0.24499999452382326,False
23985,42.345,6.0,0.24499999452382326,False
24202,42.364998,3.0,,False
24203,42.364998,3.015,,False
24204,42.364998,3.03,,False
24205,42.364998,3.045,,False
24206,42.364998,3.06,,False
24207,42.364998,3.075,,False
24208,42.364998,3.09,,False
24209,42.364998,3.105,,False
24210,42.364998,3.12,,False
24211,42.364998,3.135,,False
24212,42.364998,3.15,,False
24213,42.364998,3.165,,False
24214,42.364998,3.18,,False
24215,42.364998,3.195,,False
24216,42.364998,3.21,,False
24217,42.364998,3.225,,False
24218,42.364998,3.24,0.824999981559813,False
24219,42.364998,3.255,0.7749999826774001,False
24220,42.364998,3.27,0.8049999820068479,False
24221,42.364998,3.285,0.669999985024333,False
24222,42.364998,3.3,0.5999999865889549,False
24223,42.364998,3.315,0.5349999880418181,False
24224,42.364998,3.33,0.4449999900534749,False
24225,42.364998,3.345,0.3349999925121665,False
24226,42.364998,3.36,0.2849999936297536,False
24227,42.364998,3.375,0.274999993853271,False
24228,42.364998,3.39,0.2899999935179949,False
24229,42.364998,3.405,0.274999993853271,False
24230,42.364998,3.42,0.25499999430030584,False
24231,42.364998,3.435,0.2299999948590994,False
24232,42.364998,3.45,0.2299999948590994,False
24233,42.364998,3.465,0.2249999949708581,False
24234,42.364998,3.48,0.20499999541789293,False
24235,42.364998,3.495,0.19999999552965164,False
24236,42.364998,3.51,0.17999999597668648,False
24237,42.364998,3.525,0.1749999960884452,False
24238,42.364998,3.54,0.17999999597668648,False
24239,42.364998,3.555,0.18999999575316906,False
24240,42.364998,3.57,0.2249999949708581,False
24241,42.364998,3.585,0.24499999452382326,False
24242,42.364998,3.6,0.25499999430030584,False
24243,42.364998,3.615,0.25999999418854713,False
24244,42.364998,3.63,0.25499999430030584,False
24245,42.364998,3.645,0.25499999430030584,False
24246,42.364998,3.66,0.25999999418854713,False
24247,42.364998,3.675,0.2649999940767884,False
24248,42.364998,3.69,0.25999999418854713,False
24249,42.364998,3.705,0.25999999418854713,False
24250,42.364998,3.72,0.25499999430030584,False
24251,42.364998,3.735,0.2649999940767884,False
24252,42.364998,3.75,0.2649999940767884,False
24253,42.364998,3.765,0.2699999939650297,False
24254,42.364998,3.78,0.2699999939650297,False
24255,42.364998,3.795,0.274999993853271,False
24256,42.364998,3.81,0.2799999937415123,False
24257,42.364998,3.825,0.274999993853271,False
24258,42.364998,3.84,0.2849999936297536,False
24259,42.364998,3.855,0.2899999935179949,False
24260,42.364998,3.87,0.2899999935179949,False
24261,42.364998,3.885,0.30499999318271875,False
24262,42.364998,3.9,0.30999999307096004,False
24263,42.364998,3.915,0.30999999307096004,False
24264,42.364998,3.93,0.31499999295920134,False
24265,42.364998,3.945,0.3199999928474426,False
24266,42.364998,3.96,0.3199999928474426,False
24267,42.364998,3.975,0.3199999928474426,False
24268,42.364998,3.99,0.3249999927356839,False
24269,42.364998,4.005,0.3299999926239252,False
24270,42.364998,4.02,0.3249999927356839,False
24271,42.364998,4.035,0.30999999307096004,False
24272,42.364998,4.05,0.30499999318271875,False
24273,42.364998,4.065,0.2899999935179949,False
24274,42.364998,4.08,0.274999993853271,False
24275,42.364998,4.095,0.25999999418854713,False
24276,42.364998,4.11,0.24999999441206455,False
24277,42.364998,4.125,0.24499999452382326,False
24278,42.364998,4.14,0.23999999463558197,False
24279,42.364998,4.155,0.24499999452382326,False
24280,42.364998,4.17,0.23999999463558197,False
24281,42.364998,4.185,0.23499999474734068,False
24282,42.364998,4.2,0.2299999948590994,False
24283,42.364998,4.215,0.2249999949708581,False
24284,42.364998,4.23,0.2199999950826168,False
24285,42.364998,4.245,0.20999999530613422,False
24286,42.364998,4.26,0.20499999541789293,False
24287,42.364998,4.275,0.19499999564141035,False
24288,42.364998,4.29,0.17999999597668648,False
24289,42.364998,4.305,0.17999999597668648,False
24290,42.364998,4.32,0.1649999963119626,False
24291,42.364998,4.335,0.1649999963119626,False
24292,42.364998,4.35,0.1699999962002039,False
24293,42.364998,4.365,0.1649999963119626,False
24294,42.364998,4.38,0.1649999963119626,False
24295,42.364998,4.395,0.1699999962002039,False
24296,42.364998,4.41,0.1599999964237213,False
24297,42.364998,4.425,0.14499999675899744,False
24298,42.364998,4.44,0.13499999698251486,False
24299,42.364998,4.455,0.13499999698251486,False
24300,42.364998,4.47,0.13999999687075615,False
24301,42.364998,4.485,0.15499999653548002,False
24302,42.364998,4.5,0.14499999675899744,False
24303,42.364998,4.515,0.13999999687075615,False
24304,42.364998,4.53,0.13999999687075615,False
24305,42.364998,4.545,0.14999999664723873,False
24306,42.364998,4.56,0.19499999564141035,False
24307,42.364998,4.575,0.2199999950826168,False
24308,42.364998,4.59,0.24999999441206455,False
24309,42.364998,4.605,0.2699999939650297,False
24310,42.364998,4.62,0.29499999340623617,False
24311,42.364998,4.635,0.3299999926239252,False
24312,42.364998,4.65,0.3349999925121665,False
24313,42.364998,4.665,0.30999999307096004,False
24314,42.364998,4.68,0.30999999307096004,False
24315,42.364998,4.695,0.29499999340623617,False
24316,42.364998,4.71,0.30999999307096004,False
24317,42.364998,4.725,0.30999999307096004,False
24318,42.364998,4.74,0.31499999295920134,False
24319,42.364998,4.755,0.31499999295920134,False
24320,42.364998,4.77,0.3349999925121665,False
24321,42.364998,4.785,0.36499999184161425,False
24322,42.364998,4.8,0.37499999161809683,False
24323,42.364998,4.815,0.3799999915063381,False
24324,42.364998,4.83,0.36999999172985554,False
24325,42.364998,4.845,0.3349999925121665,False
24326,42.364998,4.86,0.36499999184161425,False
24327,42.364998,4.875,0.3799999915063381,False
24328,42.364998,4.89,0.3999999910593033,False
24329,42.364998,4.905,0.4049999909475446,False
24330,42.364998,4.92,0.3999999910593033,False
24331,42.364998,4.935,0.394999991171062,False
24332,42.364998,4.95,0.4049999909475446,False
24333,42.364998,4.965,0.40999999083578587,False
24334,42.364998,4.98,0.3999999910593033,False
24335,42.364998,4.995,0.3899999912828207,False
24336,42.364998,5.01,0.37499999161809683,False
24337,42.364998,5.025,0.3249999927356839,False
24338,42.364998,5.04,0.3299999926239252,False
24339,42.364998,5.055,0.3499999921768904,False
24340,42.364998,5.07,0.30499999318271875,False
24341,42.364998,5.085,0.30999999307096004,False
24342,42.364998,5.1,0.2699999939650297,False
24343,42.364998,5.115,0.2699999939650297,False
24344,42.364998,5.13,0.25499999430030584,False
24345,42.364998,5.145,0.2299999948590994,False
24346,42.364998,5.16,0.2249999949708581,False
24347,42.364998,5.175,0.23499999474734068,False
24348,42.364998,5.19,0.2649999940767884,False
24349,42.364998,5.205,0.25999999418854713,False
24350,42.364998,5.22,0.2799999937415123,False
24351,42.364998,5.235,0.2799999937415123,False
24352,42.364998,5.25,0.274999993853271,False
24353,42.364998,5.265,0.274999993853271,False
24354,42.364998,5.28,0.2899999935179949,False
24355,42.364998,5.295,0.2799999937415123,False
24356,42.364998,5.31,0.2699999939650297,False
24357,42.364998,5.325,0.2699999939650297,False
24358,42.364998,5.34,0.2849999936297536,False
24359,42.364998,5.355,0.2849999936297536,False
24360,42.364998,5.37,0.2799999937415123,False
24361,42.364998,5.385,0.274999993853271,False
24362,42.364998,5.4,0.2699999939650297,False
24363,42.364998,5.415,0.2699999939650297,False
24364,42.364998,5.43,0.2699999939650297,False
24365,42.364998,5.445,0.2699999939650297,False
24366,42.364998,5.46,0.274999993853271,False
24367,42.364998,5.475,0.274999993853271,False
24368,42.364998,5.49,0.274999993853271,False
24369,42.364998,5.505,0.274999993853271,False
24370,42.364998,5.52,0.25499999430030584,False
24371,42.364998,5.535,0.24499999452382326,False
24372,42.364998,5.55,0.24999999441206455,False
24373,42.364998,5.565,0.2649999940767884,False
24374,42.364998,5.58,0.24999999441206455,False
24375,42.364998,5.595,0.23999999463558197,False
24376,42.364998,5.61,0.25499999430030584,False
24377,42.364998,5.625,0.25999999418854713,False
24378,42.364998,5.64,0.25999999418854713,False
24379,42.364998,5.655,0.274999993853271,False
24380,42.364998,5.67,0.274999993853271,False
24381,42.364998,5.685,0.2799999937415123,False
24382,42.364998,5.7,0.274999993853271,False
24383,42.364998,5.715,0.2799999937415123,False
24384,42.364998,5.73,0.2799999937415123,False
24385,42.364998,5.745,0.2649999940767884,False
24386,42.364998,5.76,0.2699999939650297,False
24387,42.364998,5.775,0.2699999939650297,False
24388,42.364998,5.79,0.274999993853271,False
24389,42.364998,5.805,0.2799999937415123,False
24390,42.364998,5.82,0.274999993853271,False
24391,42.364998,5.835,0.2699999939650297,False
24392,42.364998,5.85,0.2649999940767884,False
24393,42.364998,5.865,0.2649999940767884,False
24394,42.364998,5.88,0.25999999418854713,False
24395,42.364998,5.895,0.25999999418854713,False
24396,42.364998,5.91,0.25999999418854713,False
24397,42.364998,5.925,0.25999999418854713,False
24398,42.364998,5.94,0.2649999940767884,False
24399,42.364998,5.955,0.2649999940767884,False
24400,42.364998,5.97,0.2649999940767884,False
24401,42.364998,5.985,0.24999999441206455,False
24402,42.364998,6.0,0.24499999452382326,False
24619,42.385002,3.0,,False
24620,42.385002,3.015,,False
24621,42.385002,3.03,,False
24622,42.385002,3.045,,False
24623,42.385002,3.06,,False
24624,42.385002,3.075,,False
24625,42.385002,3.09,,False
24626,42.385002,3.105,,False
24627,42.385002,3.12,,False
24628,42.385002,3.135,,False
24629,42.385002,3.15,,False
24630,42.385002,3.165,,False
24631,42.385002,3.18,,False
24632,42.385002,3.195,,False
24633,42.385002,3.21,1.0799999758601189,False
24634,42.385002,3.225,1.064999976195395,False
24635,42.385002,3.24,0.9299999792128801,False
24636,42.385002,3.255,0.8549999808892608,False
24637,42.385002,3.27,0.7599999830126762,False
24638,42.385002,3.285,0.6749999849125743,False
24639,42.385002,3.3,0.549999987706542,False
24640,42.385002,3.315,0.42999999038875103,False
24641,42.385002,3.33,0.3199999928474426,False
24642,42.385002,3.345,0.25999999418854713,False
24643,42.385002,3.36,0.2199999950826168,False
24644,42.385002,3.375,0.2249999949708581,False
24645,42.385002,3.39,0.21499999519437551,False
24646,42.385002,3.405,0.19999999552965164,False
24647,42.385002,3.42,0.18499999586492777,False
24648,42.385002,3.435,0.18499999586492777,False
24649,42.385002,3.45,0.18999999575316906,False
24650,42.385002,3.465,0.19999999552965164,False
24651,42.385002,3.48,0.21499999519437551,False
24652,42.385002,3.495,0.20499999541789293,False
24653,42.385002,3.51,0.18999999575316906,False
24654,42.385002,3.525,0.1749999960884452,False
24655,42.385002,3.54,0.17999999597668648,False
24656,42.385002,3.555,0.19499999564141035,False
24657,42.385002,3.57,0.2299999948590994,False
24658,42.385002,3.585,0.2649999940767884,False
24659,42.385002,3.6,0.274999993853271,False
24660,42.385002,3.615,0.2849999936297536,False
24661,42.385002,3.63,0.2799999937415123,False
24662,42.385002,3.645,0.2799999937415123,False
24663,42.385002,3.66,0.2899999935179949,False
24664,42.385002,3.675,0.2799999937415123,False
24665,42.385002,3.69,0.2699999939650297,False
24666,42.385002,3.705,0.2649999940767884,False
24667,42.385002,3.72,0.2649999940767884,False
24668,42.385002,3.735,0.2699999939650297,False
24669,42.385002,3.75,0.2649999940767884,False
24670,42.385002,3.765,0.2699999939650297,False
24671,42.385002,3.78,0.2799999937415123,False
24672,42.385002,3.795,0.2799999937415123,False
24673,42.385002,3.81,0.2799999937415123,False
24674,42.385002,3.825,0.2799999937415123,False
24675,42.385002,3.84,0.2799999937415123,False
24676,42.385002,3.855,0.2849999936297536,False
24677,42.385002,3.87,0.2849999936297536,False
24678,42.385002,3.885,0.2849999936297536,False
24679,42.385002,3.9,0.2849999936297536,False
24680,42.385002,3.915,0.2899999935179949,False
24681,42.385002,3.93,0.29499999340623617,False
24682,42.385002,3.945,0.2899999935179949,False
24683,42.385002,3.96,0.29999999329447746,False
24684,42.385002,3.975,0.29499999340623617,False
24685,42.385002,3.99,0.29999999329447746,False
24686,42.385002,4.005,0.29999999329447746,False
24687,42.385002,4.02,0.30499999318271875,False
24688,42.385002,4.035,0.3199999928474426,False
24689,42.385002,4.05,0.3249999927356839,False
24690,42.385002,4.065,0.3249999927356839,False
24691,42.385002,4.08,0.3199999928474426,False
24692,42.385002,4.095,0.31499999295920134,False
24693,42.385002,4.11,0.2899999935179949,False
24694,42.385002,4.125,0.2799999937415123,False
24695,42.385002,4.14,0.2699999939650297,False
24696,42.385002,4.155,0.25499999430030584,False
24697,42.385002,4.17,0.24499999452382326,False
24698,42.385002,4.185,0.23999999463558197,False
24699,42.385002,4.2,0.2299999948590994,False
24700,42.385002,4.215,0.2199999950826168,False
24701,42.385002,4.23,0.21499999519437551,False
24702,42.385002,4.245,0.20499999541789293,False
24703,42.385002,4.26,0.19999999552965164,False
24704,42.385002,4.275,0.19499999564141035,False
24705,42.385002,4.29,0.18999999575316906,False
24706,42.385002,4.305,0.18499999586492777,False
24707,42.385002,4.32,0.18499999586492777,False
24708,42.385002,4.335,0.1699999962002039,False
24709,42.385002,4.35,0.1749999960884452,False
24710,42.385002,4.365,0.1749999960884452,False
24711,42.385002,4.38,0.1649999963119626,False
24712,42.385002,4.395,0.1649999963119626,False
24713,42.385002,4.41,0.15499999653548002,False
24714,42.385002,4.425,0.13999999687075615,False
24715,42.385002,4.44,0.12999999709427357,False
24716,42.385002,4.455,0.12499999720603228,False
24717,42.385002,4.47,0.12499999720603228,False
24718,42.385002,4.485,0.13999999687075615,False
24719,42.385002,4.5,0.13999999687075615,False
24720,42.385002,4.515,0.14499999675899744,False
24721,42.385002,4.53,0.14499999675899744,False
24722,42.385002,4.545,0.14999999664723873,False
24723,42.385002,4.56,0.14999999664723873,False
24724,42.385002,4.575,0.18999999575316906,False
24725,42.385002,4.59,0.1649999963119626,False
24726,42.385002,4.605,0.1649999963119626,False
24727,42.385002,4.62,0.274999993853271,False
24728,42.385002,4.635,0.2699999939650297,False
24729,42.385002,4.65,0.25999999418854713,False
24730,42.385002,4.665,0.3199999928474426,False
24731,42.385002,4.68,0.3249999927356839,False
24732,42.385002,4.695,0.3249999927356839,False
24733,42.385002,4.71,0.3299999926239252,False
24734,42.385002,4.725,0.3399999924004078,False
24735,42.385002,4.74,0.3299999926239252,False
24736,42.385002,4.755,0.35499999206513166,False
24737,42.385002,4.77,0.36999999172985554,False
24738,42.385002,4.785,0.37499999161809683,False
24739,42.385002,4.8,0.3899999912828207,False
24740,42.385002,4.815,0.3899999912828207,False
24741,42.385002,4.83,0.36999999172985554,False
24742,42.385002,4.845,0.3399999924004078,False
24743,42.385002,4.86,0.3349999925121665,False
24744,42.385002,4.875,0.3499999921768904,False
24745,42.385002,4.89,0.36499999184161425,False
24746,42.385002,4.905,0.36499999184161425,False
24747,42.385002,4.92,0.37499999161809683,False
24748,42.385002,4.935,0.394999991171062,False
24749,42.385002,4.95,0.36499999184161425,False
24750,42.385002,4.965,0.36999999172985554,False
24751,42.385002,4.98,0.35999999195337296,False
24752,42.385002,4.995,0.3349999925121665,False
24753,42.385002,5.01,0.3199999928474426,False
24754,42.385002,5.025,0.2899999935179949,False
24755,42.385002,5.04,0.2699999939650297,False
24756,42.385002,5.055,0.274999993853271,False
24757,42.385002,5.07,0.2649999940767884,False
24758,42.385002,5.085,0.2699999939650297,False
24759,42.385002,5.1,0.2799999937415123,False
24760,42.385002,5.115,0.25999999418854713,False
24761,42.385002,5.13,0.24999999441206455,False
24762,42.385002,5.145,0.25499999430030584,False
24763,42.385002,5.16,0.25499999430030584,False
24764,42.385002,5.175,0.24999999441206455,False
24765,42.385002,5.19,0.25999999418854713,False
24766,42.385002,5.205,0.2649999940767884,False
24767,42.385002,5.22,0.2649999940767884,False
24768,42.385002,5.235,0.274999993853271,False
24769,42.385002,5.25,0.2899999935179949,False
24770,42.385002,5.265,0.2799999937415123,False
24771,42.385002,5.28,0.2699999939650297,False
24772,42.385002,5.295,0.274999993853271,False
24773,42.385002,5.31,0.2699999939650297,False
24774,42.385002,5.325,0.2799999937415123,False
24775,42.385002,5.34,0.2799999937415123,False
24776,42.385002,5.355,0.2849999936297536,False
24777,42.385002,5.37,0.274999993853271,False
24778,42.385002,5.385,0.274999993853271,False
24779,42.385002,5.4,0.2699999939650297,False
24780,42.385002,5.415,0.2699999939650297,False
24781,42.385002,5.43,0.2649999940767884,False
24782,42.385002,5.445,0.2699999939650297,False
24783,42.385002,5.46,0.2699999939650297,False
24784,42.385002,5.475,0.274999993853271,False
24785,42.385002,5.49,0.2699999939650297,False
24786,42.385002,5.505,0.2699999939650297,False
24787,42.385002,5.52,0.25499999430030584,False
24788,42.385002,5.535,0.24499999452382326,False
24789,42.385002,5.55,0.24499999452382326,False
24790,42.385002,5.565,0.25499999430030584,False
24791,42.385002,5.58,0.24999999441206455,False
24792,42.385002,5.595,0.25999999418854713,False
24793,42.385002,5.61,0.25999999418854713,False
24794,42.385002,5.625,0.2649999940767884,False
24795,42.385002,5.64,0.2649999940767884,False
24796,42.385002,5.655,0.274999993853271,False
24797,42.385002,5.67,0.2799999937415123,False
24798,42.385002,5.685,0.274999993853271,False
24799,42.385002,5.7,0.2699999939650297,False
24800,42.385002,5.715,0.2799999937415123,False
24801,42.385002,5.73,0.274999993853271,False
24802,42.385002,5.745,0.2699999939650297,False
24803,42.385002,5.76,0.25999999418854713,False
24804,42.385002,5.775,0.274999993853271,False
24805,42.385002,5.79,0.274999993853271,False
24806,42.385002,5.805,0.2699999939650297,False
24807,42.385002,5.82,0.2649999940767884,False
24808,42.385002,5.835,0.2699999939650297,False
24809,42.385002,5.85,0.2699999939650297,False
24810,42.385002,5.865,0.274999993853271,False
24811,42.385002,5.88,0.2699999939650297,False
24812,42.385002,5.895,0.274999993853271,False
24813,42.385002,5.91,0.274999993853271,False
24814,42.385002,5.925,0.274999993853271,False
24815,42.385002,5.94,0.274999993853271,False
24816,42.385002,5.955,0.2799999937415123,False
24817,42.385002,5.97,0.2649999940767884,False
24818,42.385002,5.985,0.2649999940767884,False
24819,42.385002,6.0,0.25999999418854713,False
25036,42.405,3.0,,False
25037,42.405,3.015,,False
25038,42.405,3.03,,False
25039,42.405,3.045,,False
25040,42.405,3.06,,False
25041,42.405,3.075,,False
25042,42.405,3.09,,False
25043,42.405,3.105,,False
25044,42.405,3.12,,False
25045,42.405,3.135,,False
25046,42.405,3.15,,False
25047,42.405,3.165,,False
25048,42.405,3.18,,False
25049,42.405,3.195,1.099999975413084,False
25050,42.405,3.21,1.0349999768659472,False
25051,42.405,3.225,1.0399999767541885,False
25052,42.405,3.24,1.0099999774247408,False
25053,42.405,3.255,0.9399999789893627,False
25054,42.405,3.27,0.7699999827891588,False
25055,42.405,3.285,0.6049999864771962,False
25056,42.405,3.3,0.4549999898299575,False
25057,42.405,3.315,0.3299999926239252,False
25058,42.405,3.33,0.2649999940767884,False
25059,42.405,3.345,0.2299999948590994,False
25060,42.405,3.36,0.2199999950826168,False
25061,42.405,3.375,0.20499999541789293,False
25062,42.405,3.39,0.17999999597668648,False
25063,42.405,3.405,0.1749999960884452,False
25064,42.405,3.42,0.1749999960884452,False
25065,42.405,3.435,0.1749999960884452,False
25066,42.405,3.45,0.17999999597668648,False
25067,42.405,3.465,0.19999999552965164,False
25068,42.405,3.48,0.19999999552965164,False
25069,42.405,3.495,0.18999999575316906,False
25070,42.405,3.51,0.17999999597668648,False
25071,42.405,3.525,0.1699999962002039,False
25072,42.405,3.54,0.1749999960884452,False
25073,42.405,3.555,0.18999999575316906,False
25074,42.405,3.57,0.2199999950826168,False
25075,42.405,3.585,0.25499999430030584,False
25076,42.405,3.6,0.274999993853271,False
25077,42.405,3.615,0.2899999935179949,False
25078,42.405,3.63,0.29499999340623617,False
25079,42.405,3.645,0.2899999935179949,False
25080,42.405,3.66,0.29499999340623617,False
25081,42.405,3.675,0.2899999935179949,False
25082,42.405,3.69,0.2849999936297536,False
25083,42.405,3.705,0.2699999939650297,False
25084,42.405,3.72,0.274999993853271,False
25085,42.405,3.735,0.2649999940767884,False
25086,42.405,3.75,0.2649999940767884,False
25087,42.405,3.765,0.2699999939650297,False
25088,42.405,3.78,0.2799999937415123,False
25089,42.405,3.795,0.274999993853271,False
25090,42.405,3.81,0.2699999939650297,False
25091,42.405,3.825,0.2699999939650297,False
25092,42.405,3.84,0.2699999939650297,False
25093,42.405,3.855,0.2649999940767884,False
25094,42.405,3.87,0.2649999940767884,False
25095,42.405,3.885,0.274999993853271,False
25096,42.405,3.9,0.25999999418854713,False
25097,42.405,3.915,0.2649999940767884,False
25098,42.405,3.93,0.25999999418854713,False
25099,42.405,3.945,0.25999999418854713,False
25100,42.405,3.96,0.2699999939650297,False
25101,42.405,3.975,0.274999993853271,False
25102,42.405,3.99,0.2649999940767884,False
25103,42.405,4.005,0.2849999936297536,False
25104,42.405,4.02,0.29499999340623617,False
25105,42.405,4.035,0.30999999307096004,False
25106,42.405,4.05,0.3249999927356839,False
25107,42.405,4.065,0.3349999925121665,False
25108,42.405,4.08,0.3399999924004078,False
25109,42.405,4.095,0.3349999925121665,False
25110,42.405,4.11,0.3199999928474426,False
25111,42.405,4.125,0.30499999318271875,False
25112,42.405,4.14,0.2899999935179949,False
25113,42.405,4.155,0.2699999939650297,False
25114,42.405,4.17,0.25499999430030584,False
25115,42.405,4.185,0.23999999463558197,False
25116,42.405,4.2,0.2299999948590994,False
25117,42.405,4.215,0.2299999948590994,False
25118,42.405,4.23,0.2199999950826168,False
25119,42.405,4.245,0.20999999530613422,False
25120,42.405,4.26,0.19999999552965164,False
25121,42.405,4.275,0.19499999564141035,False
25122,42.405,4.29,0.18999999575316906,False
25123,42.405,4.305,0.18999999575316906,False
25124,42.405,4.32,0.17999999597668648,False
25125,42.405,4.335,0.18499999586492777,False
25126,42.405,4.35,0.17999999597668648,False
25127,42.405,4.365,0.17999999597668648,False
25128,42.405,4.38,0.1649999963119626,False
25129,42.405,4.395,0.14999999664723873,False
25130,42.405,4.41,0.14499999675899744,False
25131,42.405,4.425,0.12999999709427357,False
25132,42.405,4.44,0.1149999974295497,False
25133,42.405,4.455,0.1099999975413084,False
25134,42.405,4.47,0.10499999765306711,False
25135,42.405,4.485,0.11999999731779099,False
25136,42.405,4.5,0.12999999709427357,False
25137,42.405,4.515,0.13499999698251486,False
25138,42.405,4.53,0.14999999664723873,False
25139,42.405,4.545,0.15499999653548002,False
25140,42.405,4.56,0.14999999664723873,False
25141,42.405,4.575,0.1649999963119626,False
25142,42.405,4.59,0.1749999960884452,False
25143,42.405,4.605,0.1699999962002039,False
25144,42.405,4.62,0.2249999949708581,False
25145,42.405,4.635,0.2649999940767884,False
25146,42.405,4.65,0.2849999936297536,False
25147,42.405,4.665,0.29499999340623617,False
25148,42.405,4.68,0.41499999072402716,False
25149,42.405,4.695,0.30999999307096004,False
25150,42.405,4.71,0.30999999307096004,False
25151,42.405,4.725,0.30999999307096004,False
25152,42.405,4.74,0.30999999307096004,False
25153,42.405,4.755,0.31499999295920134,False
25154,42.405,4.77,0.46499998960644007,False
25155,42.405,4.785,0.4899999890476465,False
25156,42.405,4.8,0.4999999888241291,False
25157,42.405,4.815,0.36999999172985554,False
25158,42.405,4.83,0.37499999161809683,False
25159,42.405,4.845,0.36499999184161425,False
25160,42.405,4.86,0.3449999922886491,False
25161,42.405,4.875,0.3299999926239252,False
25162,42.405,4.89,0.3349999925121665,False
25163,42.405,4.905,0.3199999928474426,False
25164,42.405,4.92,0.3299999926239252,False
25165,42.405,4.935,0.3249999927356839,False
25166,42.405,4.95,0.3449999922886491,False
25167,42.405,4.965,0.3349999925121665,False
25168,42.405,4.98,0.31499999295920134,False
25169,42.405,4.995,0.2849999936297536,False
25170,42.405,5.01,0.25499999430030584,False
25171,42.405,5.025,0.23499999474734068,False
25172,42.405,5.04,0.2299999948590994,False
25173,42.405,5.055,0.24499999452382326,False
25174,42.405,5.07,0.24499999452382326,False
25175,42.405,5.085,0.24999999441206455,False
25176,42.405,5.1,0.2649999940767884,False
25177,42.405,5.115,0.25499999430030584,False
25178,42.405,5.13,0.24499999452382326,False
25179,42.405,5.145,0.24499999452382326,False
25180,42.405,5.16,0.23499999474734068,False
25181,42.405,5.175,0.24499999452382326,False
25182,42.405,5.19,0.24999999441206455,False
25183,42.405,5.205,0.25999999418854713,False
25184,42.405,5.22,0.2699999939650297,False
25185,42.405,5.235,0.2849999936297536,False
25186,42.405,5.25,0.2799999937415123,False
25187,42.405,5.265,0.2799999937415123,False
25188,42.405,5.28,0.2799999937415123,False
25189,42.405,5.295,0.2899999935179949,False
25190,42.405,5.31,0.2899999935179949,False
25191,42.405,5.325,0.2899999935179949,False
25192,42.405,5.34,0.2849999936297536,False
25193,42.405,5.355,0.274999993853271,False
25194,42.405,5.37,0.274999993853271,False
25195,42.405,5.385,0.2799999937415123,False
25196,42.405,5.4,0.2799999937415123,False
25197,42.405,5.415,0.2699999939650297,False
25198,42.405,5.43,0.2699999939650297,False
25199,42.405,5.445,0.274999993853271,False
25200,42.405,5.46,0.2849999936297536,False
25201,42.405,5.475,0.2799999937415123,False
25202,42.405,5.49,0.2699999939650297,False
25203,42.405,5.505,0.2699999939650297,False
25204,42.405,5.52,0.25499999430030584,False
25205,42.405,5.535,0.24999999441206455,False
25206,42.405,5.55,0.24999999441206455,False
25207,42.405,5.565,0.24999999441206455,False
25208,42.405,5.58,0.25499999430030584,False
25209,42.405,5.595,0.25499999430030584,False
25210,42.405,5.61,0.25999999418854713,False
25211,42.405,5.625,0.25999999418854713,False
25212,42.405,5.64,0.2699999939650297,False
25213,42.405,5.655,0.2699999939650297,False
25214,42.405,5.67,0.274999993853271,False
25215,42.405,5.685,0.2699999939650297,False
25216,42.405,5.7,0.2649999940767884,False
25217,42.405,5.715,0.2699999939650297,False
25218,42.405,5.73,0.2799999937415123,False
25219,42.405,5.745,0.2699999939650297,False
25220,42.405,5.76,0.2699999939650297,False
25221,42.405,5.775,0.2799999937415123,False
25222,42.405,5.79,0.274999993853271,False
25223,42.405,5.805,0.2649999940767884,False
25224,42.405,5.82,0.2699999939650297,False
25225,42.405,5.835,0.2699999939650297,False
25226,42.405,5.85,0.2649999940767884,False
25227,42.405,5.865,0.2699999939650297,False
25228,42.405,5.88,0.2699999939650297,False
25229,42.405,5.895,0.2699999939650297,False
25230,42.405,5.91,0.2699999939650297,False
25231,42.405,5.925,0.2699999939650297,False
25232,42.405,5.94,0.274999993853271,False
25233,42.405,5.955,0.2799999937415123,False
25234,42.405,5.97,0.2699999939650297,False
25235,42.405,5.985,0.2649999940767884,False
25236,42.405,6.0,0.25499999430030584,False
25453,42.425,3.0,,False
25454,42.425,3.015,,False
25455,42.425,3.03,,False
25456,42.425,3.045,,False
25457,42.425,3.06,,False
25458,42.425,3.075,,False
25459,42.425,3.09,,False
25460,42.425,3.105,,False
25461,42.425,3.12,,False
25462,42.425,3.135,,False
25463,42.425,3.15,,False
25464,42.425,3.165,,False
25465,42.425,3.18,,False
25466,42.425,3.195,,False
25467,42.425,3.21,0.9749999782070518,False
25468,42.425,3.225,0.979999978095293,False
25469,42.425,3.24,0.9599999785423279,False
25470,42.425,3.255,0.8299999814480543,False
25471,42.425,3.27,0.669999985024333,False
25472,42.425,3.285,0.514999988488853,False
25473,42.425,3.3,0.4049999909475446,False
25474,42.425,3.315,0.30999999307096004,False
25475,42.425,3.33,0.24999999441206455,False
25476,42.425,3.345,0.2199999950826168,False
25477,42.425,3.36,0.19499999564141035,False
25478,42.425,3.375,0.18499999586492777,False
25479,42.425,3.39,0.1699999962002039,False
25480,42.425,3.405,0.1649999963119626,False
25481,42.425,3.42,0.1599999964237213,False
25482,42.425,3.435,0.1699999962002039,False
25483,42.425,3.45,0.19499999564141035,False
25484,42.425,3.465,0.20499999541789293,False
25485,42.425,3.48,0.20499999541789293,False
25486,42.425,3.495,0.19999999552965164,False
25487,42.425,3.51,0.19499999564141035,False
25488,42.425,3.525,0.18999999575316906,False
25489,42.425,3.54,0.18999999575316906,False
25490,42.425,3.555,0.19999999552965164,False
25491,42.425,3.57,0.2249999949708581,False
25492,42.425,3.585,0.25999999418854713,False
25493,42.425,3.6,0.274999993853271,False
25494,42.425,3.615,0.2899999935179949,False
25495,42.425,3.63,0.29499999340623617,False
25496,42.425,3.645,0.2899999935179949,False
25497,42.425,3.66,0.29499999340623617,False
25498,42.425,3.675,0.2899999935179949,False
25499,42.425,3.69,0.2899999935179949,False
25500,42.425,3.705,0.2849999936297536,False
25501,42.425,3.72,0.29499999340623617,False
25502,42.425,3.735,0.2899999935179949,False
25503,42.425,3.75,0.2849999936297536,False
25504,42.425,3.765,0.2849999936297536,False
25505,42.425,3.78,0.2849999936297536,False
25506,42.425,3.795,0.2849999936297536,False
25507,42.425,3.81,0.2849999936297536,False
25508,42.425,3.825,0.2799999937415123,False
25509,42.425,3.84,0.274999993853271,False
25510,42.425,3.855,0.274999993853271,False
25511,42.425,3.87,0.2649999940767884,False
25512,42.425,3.885,0.2649999940767884,False
25513,42.425,3.9,0.25999999418854713,False
25514,42.425,3.915,0.25999999418854713,False
25515,42.425,3.93,0.25999999418854713,False
25516,42.425,3.945,0.24999999441206455,False
25517,42.425,3.96,0.24999999441206455,False
25518,42.425,3.975,0.25999999418854713,False
25519,42.425,3.99,0.25999999418854713,False
25520,42.425,4.005,0.274999993853271,False
25521,42.425,4.02,0.2849999936297536,False
25522,42.425,4.035,0.29999999329447746,False
25523,42.425,4.05,0.31499999295920134,False
25524,42.425,4.065,0.3249999927356839,False
25525,42.425,4.08,0.3199999928474426,False
25526,42.425,4.095,0.31499999295920134,False
25527,42.425,4.11,0.30499999318271875,False
25528,42.425,4.125,0.2899999935179949,False
25529,42.425,4.14,0.2799999937415123,False
25530,42.425,4.155,0.25999999418854713,False
25531,42.425,4.17,0.25499999430030584,False
25532,42.425,4.185,0.23499999474734068,False
25533,42.425,4.2,0.2299999948590994,False
25534,42.425,4.215,0.2199999950826168,False
25535,42.425,4.23,0.21499999519437551,False
25536,42.425,4.245,0.20499999541789293,False
25537,42.425,4.26,0.20499999541789293,False
25538,42.425,4.275,0.19499999564141035,False
25539,42.425,4.29,0.18999999575316906,False
25540,42.425,4.305,0.18999999575316906,False
25541,42.425,4.32,0.19499999564141035,False
25542,42.425,4.335,0.17999999597668648,False
25543,42.425,4.35,0.17999999597668648,False
25544,42.425,4.365,0.17999999597668648,False
25545,42.425,4.38,0.1599999964237213,False
25546,42.425,4.395,0.14999999664723873,False
25547,42.425,4.41,0.12999999709427357,False
25548,42.425,4.425,0.12499999720603228,False
25549,42.425,4.44,0.1099999975413084,False
25550,42.425,4.455,0.12499999720603228,False
25551,42.425,4.47,0.11999999731779099,False
25552,42.425,4.485,0.11999999731779099,False
25553,42.425,4.5,0.12499999720603228,False
25554,42.425,4.515,0.12499999720603228,False
25555,42.425,4.53,0.12999999709427357,False
25556,42.425,4.545,0.12999999709427357,False
25557,42.425,4.56,0.13999999687075615,False
25558,42.425,4.575,0.15499999653548002,False
25559,42.425,4.59,0.1649999963119626,False
25560,42.425,4.605,0.18499999586492777,False
25561,42.425,4.62,0.1749999960884452,False
25562,42.425,4.635,0.2699999939650297,False
25563,42.425,4.65,0.30499999318271875,False
25564,42.425,4.665,0.3449999922886491,False
25565,42.425,4.68,0.37499999161809683,False
25566,42.425,4.695,0.46999998949468136,False
25567,42.425,4.71,0.4499999899417162,False
25568,42.425,4.725,0.4449999900534749,False
25569,42.425,4.74,0.4599999897181988,False
25570,42.425,4.755,0.584999986924231,False
25571,42.425,4.77,0.6099999863654375,False
25572,42.425,4.785,0.6049999864771962,False
25573,42.425,4.8,0.5999999865889549,False
25574,42.425,4.815,0.37499999161809683,False
25575,42.425,4.83,0.36999999172985554,False
25576,42.425,4.845,0.35499999206513166,False
25577,42.425,4.86,0.3499999921768904,False
25578,42.425,4.875,0.3449999922886491,False
25579,42.425,4.89,0.36499999184161425,False
25580,42.425,4.905,0.35499999206513166,False
25581,42.425,4.92,0.3499999921768904,False
25582,42.425,4.935,0.3349999925121665,False
25583,42.425,4.95,0.3249999927356839,False
25584,42.425,4.965,0.30499999318271875,False
25585,42.425,4.98,0.29499999340623617,False
25586,42.425,4.995,0.23499999474734068,False
25587,42.425,5.01,0.2299999948590994,False
25588,42.425,5.025,0.2299999948590994,False
25589,42.425,5.04,0.24499999452382326,False
25590,42.425,5.055,0.24999999441206455,False
25591,42.425,5.07,0.24499999452382326,False
25592,42.425,5.085,0.25999999418854713,False
25593,42.425,5.1,0.25999999418854713,False
25594,42.425,5.115,0.24999999441206455,False
25595,42.425,5.13,0.23999999463558197,False
25596,42.425,5.145,0.23499999474734068,False
25597,42.425,5.16,0.2299999948590994,False
25598,42.425,5.175,0.24499999452382326,False
25599,42.425,5.19,0.2649999940767884,False
25600,42.425,5.205,0.2649999940767884,False
25601,42.425,5.22,0.274999993853271,False
25602,42.425,5.235,0.2799999937415123,False
25603,42.425,5.25,0.2699999939650297,False
25604,42.425,5.265,0.2899999935179949,False
25605,42.425,5.28,0.2849999936297536,False
25606,42.425,5.295,0.2899999935179949,False
25607,42.425,5.31,0.2899999935179949,False
25608,42.425,5.325,0.2799999937415123,False
25609,42.425,5.34,0.2649999940767884,False
25610,42.425,5.355,0.2699999939650297,False
25611,42.425,5.37,0.2699999939650297,False
25612,42.425,5.385,0.274999993853271,False
25613,42.425,5.4,0.274999993853271,False
25614,42.425,5.415,0.2649999940767884,False
25615,42.425,5.43,0.2649999940767884,False
25616,42.425,5.445,0.2649999940767884,False
25617,42.425,5.46,0.2699999939650297,False
25618,42.425,5.475,0.274999993853271,False
25619,42.425,5.49,0.25999999418854713,False
25620,42.425,5.505,0.24999999441206455,False
25621,42.425,5.52,0.24999999441206455,False
25622,42.425,5.535,0.24999999441206455,False
25623,42.425,5.55,0.24999999441206455,False
25624,42.425,5.565,0.25999999418854713,False
25625,42.425,5.58,0.25999999418854713,False
25626,42.425,5.595,0.2649999940767884,False
25627,42.425,5.61,0.25999999418854713,False
25628,42.425,5.625,0.2649999940767884,False
25629,42.425,5.64,0.274999993853271,False
25630,42.425,5.655,0.274999993853271,False
25631,42.425,5.67,0.2649999940767884,False
25632,42.425,5.685,0.25999999418854713,False
25633,42.425,5.7,0.2699999939650297,False
25634,42.425,5.715,0.2699999939650297,False
25635,42.425,5.73,0.2699999939650297,False
25636,42.425,5.745,0.2699999939650297,False
25637,42.425,5.76,0.2649999940767884,False
25638,42.425,5.775,0.274999993853271,False
25639,42.425,5.79,0.2799999937415123,False
25640,42.425,5.805,0.274999993853271,False
25641,42.425,5.82,0.2799999937415123,False
25642,42.425,5.835,0.2799999937415123,False
25643,42.425,5.85,0.2649999940767884,False
25644,42.425,5.865,0.2649999940767884,False
25645,42.425,5.88,0.2699999939650297,False
25646,42.425,5.895,0.2699999939650297,False
25647,42.425,5.91,0.2699999939650297,False
25648,42.425,5.925,0.2649999940767884,False
25649,42.425,5.94,0.274999993853271,False
25650,42.425,5.955,0.2699999939650297,False
25651,42.425,5.97,0.2699999939650297,False
25652,42.425,5.985,0.24999999441206455,False
25653,42.425,6.0,0.25999999418854713,False
25870,42.445,3.0,,False
25871,42.445,3.015,,False
25872,42.445,3.03,,False
25873,42.445,3.045,,False
25874,42.445,3.06,,False
25875,42.445,3.075,,False
25876,42.445,3.09,,False
25877,42.445,3.105,,False
25878,42.445,3.12,,False
25879,42.445,3.135,,False
25880,42.445,3.15,,False
25881,42.445,3.165,,False
25882,42.445,3.18,,False
25883,42.445,3.195,,False
25884,42.445,3.21,0.8049999820068479,False
25885,42.445,3.225,0.7649999829009175,False
25886,42.445,3.24,0.7449999833479524,False
25887,42.445,3.255,0.5949999867007136,False
25888,42.445,3.27,0.5199999883770943,False
25889,42.445,3.285,0.4499999899417162,False
25890,42.445,3.3,0.3849999913945794,False
25891,42.445,3.315,0.29999999329447746,False
25892,42.445,3.33,0.23499999474734068,False
25893,42.445,3.345,0.20499999541789293,False
25894,42.445,3.36,0.18499999586492777,False
25895,42.445,3.375,0.1699999962002039,False
25896,42.445,3.39,0.15499999653548002,False
25897,42.445,3.405,0.15499999653548002,False
25898,42.445,3.42,0.1599999964237213,False
25899,42.445,3.435,0.17999999597668648,False
25900,42.445,3.45,0.18499999586492777,False
25901,42.445,3.465,0.20999999530613422,False
25902,42.445,3.48,0.2199999950826168,False
25903,42.445,3.495,0.2249999949708581,False
25904,42.445,3.51,0.2249999949708581,False
25905,42.445,3.525,0.2199999950826168,False
25906,42.445,3.54,0.2199999950826168,False
25907,42.445,3.555,0.2299999948590994,False
25908,42.445,3.57,0.25499999430030584,False
25909,42.445,3.585,0.2649999940767884,False
25910,42.445,3.6,0.2849999936297536,False
25911,42.445,3.615,0.2899999935179949,False
25912,42.445,3.63,0.2849999936297536,False
25913,42.445,3.645,0.2899999935179949,False
25914,42.445,3.66,0.2899999935179949,False
25915,42.445,3.675,0.2849999936297536,False
25916,42.445,3.69,0.2899999935179949,False
25917,42.445,3.705,0.29499999340623617,False
25918,42.445,3.72,0.29999999329447746,False
25919,42.445,3.735,0.29999999329447746,False
25920,42.445,3.75,0.29999999329447746,False
25921,42.445,3.765,0.29999999329447746,False
25922,42.445,3.78,0.29499999340623617,False
25923,42.445,3.795,0.2899999935179949,False
25924,42.445,3.81,0.2849999936297536,False
25925,42.445,3.825,0.274999993853271,False
25926,42.445,3.84,0.274999993853271,False
25927,42.445,3.855,0.274999993853271,False
25928,42.445,3.87,0.2799999937415123,False
25929,42.445,3.885,0.2849999936297536,False
25930,42.445,3.9,0.274999993853271,False
25931,42.445,3.915,0.274999993853271,False
25932,42.445,3.93,0.2649999940767884,False
25933,42.445,3.945,0.25499999430030584,False
25934,42.445,3.96,0.25999999418854713,False
25935,42.445,3.975,0.25999999418854713,False
25936,42.445,3.99,0.2649999940767884,False
25937,42.445,4.005,0.2699999939650297,False
25938,42.445,4.02,0.2849999936297536,False
25939,42.445,4.035,0.29999999329447746,False
25940,42.445,4.05,0.30999999307096004,False
25941,42.445,4.065,0.30499999318271875,False
25942,42.445,4.08,0.29999999329447746,False
25943,42.445,4.095,0.2849999936297536,False
25944,42.445,4.11,0.2699999939650297,False
25945,42.445,4.125,0.25999999418854713,False
25946,42.445,4.14,0.24499999452382326,False
25947,42.445,4.155,0.24499999452382326,False
25948,42.445,4.17,0.23499999474734068,False
25949,42.445,4.185,0.2249999949708581,False
25950,42.445,4.2,0.21499999519437551,False
25951,42.445,4.215,0.21499999519437551,False
25952,42.445,4.23,0.20999999530613422,False
25953,42.445,4.245,0.20499999541789293,False
25954,42.445,4.26,0.20499999541789293,False
25955,42.445,4.275,0.19499999564141035,False
25956,42.445,4.29,0.18999999575316906,False
25957,42.445,4.305,0.18999999575316906,False
25958,42.445,4.32,0.18499999586492777,False
25959,42.445,4.335,0.1749999960884452,False
25960,42.445,4.35,0.1749999960884452,False
25961,42.445,4.365,0.15499999653548002,False
25962,42.445,4.38,0.14999999664723873,False
25963,42.445,4.395,0.13999999687075615,False
25964,42.445,4.41,0.13999999687075615,False
25965,42.445,4.425,0.13999999687075615,False
25966,42.445,4.44,0.13999999687075615,False
25967,42.445,4.455,0.13999999687075615,False
25968,42.445,4.47,0.13499999698251486,False
25969,42.445,4.485,0.13499999698251486,False
25970,42.445,4.5,0.13499999698251486,False
25971,42.445,4.515,0.12999999709427357,False
25972,42.445,4.53,0.12499999720603228,False
25973,42.445,4.545,0.13499999698251486,False
25974,42.445,4.56,0.13499999698251486,False
25975,42.445,4.575,0.15499999653548002,False
25976,42.445,4.59,0.15499999653548002,False
25977,42.445,4.605,0.1699999962002039,False
25978,42.445,4.62,0.1699999962002039,False
25979,42.445,4.635,0.2649999940767884,False
25980,42.445,4.65,0.2899999935179949,False
25981,42.445,4.665,0.3299999926239252,False
25982,42.445,4.68,0.3799999915063381,False
25983,42.445,4.695,0.3899999912828207,False
25984,42.445,4.71,0.3899999912828207,False
25985,42.445,4.725,0.6199999861419201,False
25986,42.445,4.74,0.6049999864771962,False
25987,42.445,4.755,0.6099999863654375,False
25988,42.445,4.77,0.6249999860301614,False
25989,42.445,4.785,0.6249999860301614,False
25990,42.445,4.8,0.6049999864771962,False
25991,42.445,4.815,0.47499998938292265,False
25992,42.445,4.83,0.37499999161809683,False
25993,42.445,4.845,0.37499999161809683,False
25994,42.445,4.86,0.35999999195337296,False
25995,42.445,4.875,0.3499999921768904,False
25996,42.445,4.89,0.36499999184161425,False
25997,42.445,4.905,0.35999999195337296,False
25998,42.445,4.92,0.35499999206513166,False
25999,42.445,4.935,0.3449999922886491,False
26000,42.445,4.95,0.30999999307096004,False
26001,42.445,4.965,0.3449999922886491,False
26002,42.445,4.98,0.2799999937415123,False
26003,42.445,4.995,0.2299999948590994,False
26004,42.445,5.01,0.23999999463558197,False
26005,42.445,5.025,0.24999999441206455,False
26006,42.445,5.04,0.2699999939650297,False
26007,42.445,5.055,0.2799999937415123,False
26008,42.445,5.07,0.2799999937415123,False
26009,42.445,5.085,0.2799999937415123,False
26010,42.445,5.1,0.29499999340623617,False
26011,42.445,5.115,0.274999993853271,False
26012,42.445,5.13,0.24999999441206455,False
26013,42.445,5.145,0.24499999452382326,False
26014,42.445,5.16,0.23999999463558197,False
26015,42.445,5.175,0.24999999441206455,False
26016,42.445,5.19,0.24999999441206455,False
26017,42.445,5.205,0.2699999939650297,False
26018,42.445,5.22,0.274999993853271,False
26019,42.445,5.235,0.2849999936297536,False
26020,42.445,5.25,0.2899999935179949,False
26021,42.445,5.265,0.29999999329447746,False
26022,42.445,5.28,0.29499999340623617,False
26023,42.445,5.295,0.29999999329447746,False
26024,42.445,5.31,0.2849999936297536,False
26025,42.445,5.325,0.274999993853271,False
26026,42.445,5.34,0.2699999939650297,False
26027,42.445,5.355,0.2699999939650297,False
26028,42.445,5.37,0.2799999937415123,False
26029,42.445,5.385,0.2799999937415123,False
26030,42.445,5.4,0.2849999936297536,False
26031,42.445,5.415,0.2799999937415123,False
26032,42.445,5.43,0.2699999939650297,False
26033,42.445,5.445,0.2699999939650297,False
26034,42.445,5.46,0.274999993853271,False
26035,42.445,5.475,0.274999993853271,False
26036,42.445,5.49,0.274999993853271,False
26037,42.445,5.505,0.25499999430030584,False
26038,42.445,5.52,0.25999999418854713,False
26039,42.445,5.535,0.25999999418854713,False
26040,42.445,5.55,0.25999999418854713,False
26041,42.445,5.565,0.25499999430030584,False
26042,42.445,5.58,0.2649999940767884,False
26043,42.445,5.595,0.25499999430030584,False
26044,42.445,5.61,0.25999999418854713,False
26045,42.445,5.625,0.25999999418854713,False
26046,42.445,5.64,0.2649999940767884,False
26047,42.445,5.655,0.2699999939650297,False
26048,42.445,5.67,0.25999999418854713,False
26049,42.445,5.685,0.2649999940767884,False
26050,42.445,5.7,0.2699999939650297,False
26051,42.445,5.715,0.25999999418854713,False
26052,42.445,5.73,0.2649999940767884,False
26053,42.445,5.745,0.2649999940767884,False
26054,42.445,5.76,0.25999999418854713,False
26055,42.445,5.775,0.2699999939650297,False
26056,42.445,5.79,0.2699999939650297,False
26057,42.445,5.805,0.2799999937415123,False
26058,42.445,5.82,0.2699999939650297,False
26059,42.445,5.835,0.2799999937415123,False
26060,42.445,5.85,0.2649999940767884,False
26061,42.445,5.865,0.25999999418854713,False
26062,42.445,5.88,0.25499999430030584,False
26063,42.445,5.895,0.2649999940767884,False
26064,42.445,5.91,0.25999999418854713,False
26065,42.445,5.925,0.25999999418854713,False
26066,42.445,5.94,0.2649999940767884,False
26067,42.445,5.955,0.2649999940767884,False
26068,42.445,5.97,0.2649999940767884,False
26069,42.445,5.985,0.25999999418854713,False
26070,42.445,6.0,0.25499999430030584,False
26287,42.465,3.0,,False
26288,42.465,3.015,,False
26289,42.465,3.03,,False
26290,42.465,3.045,,False
26291,42.465,3.06,,False
26292,42.465,3.075,,False
26293,42.465,3.09,,False
26294,42.465,3.105,,False
26295,42.465,3.12,,False
26296,42.465,3.135,,False
26297,42.465,3.15,,False
26298,42.465,3.165,,False
26299,42.465,3.18,,False
26300,42.465,3.195,,False
26301,42.465,3.21,0.8549999808892608,False
26302,42.465,3.225,0.7199999839067459,False
26303,42.465,3.24,0.6249999860301614,False
26304,42.465,3.255,0.5199999883770943,False
26305,42.465,3.27,0.5049999887123704,False
26306,42.465,3.285,0.4599999897181988,False
26307,42.465,3.3,0.4049999909475446,False
26308,42.465,3.315,0.3249999927356839,False
26309,42.465,3.33,0.2699999939650297,False
26310,42.465,3.345,0.2249999949708581,False
26311,42.465,3.36,0.20499999541789293,False
26312,42.465,3.375,0.19499999564141035,False
26313,42.465,3.39,0.1749999960884452,False
26314,42.465,3.405,0.1749999960884452,False
26315,42.465,3.42,0.1699999962002039,False
26316,42.465,3.435,0.17999999597668648,False
26317,42.465,3.45,0.19499999564141035,False
26318,42.465,3.465,0.21499999519437551,False
26319,42.465,3.48,0.23499999474734068,False
26320,42.465,3.495,0.24999999441206455,False
26321,42.465,3.51,0.24999999441206455,False
26322,42.465,3.525,0.25499999430030584,False
26323,42.465,3.54,0.25499999430030584,False
26324,42.465,3.555,0.25999999418854713,False
26325,42.465,3.57,0.2649999940767884,False
26326,42.465,3.585,0.274999993853271,False
26327,42.465,3.6,0.2849999936297536,False
26328,42.465,3.615,0.2899999935179949,False
26329,42.465,3.63,0.29499999340623617,False
26330,42.465,3.645,0.29999999329447746,False
26331,42.465,3.66,0.2899999935179949,False
26332,42.465,3.675,0.2899999935179949,False
26333,42.465,3.69,0.29499999340623617,False
26334,42.465,3.705,0.2899999935179949,False
26335,42.465,3.72,0.29499999340623617,False
26336,42.465,3.735,0.29999999329447746,False
26337,42.465,3.75,0.29499999340623617,False
26338,42.465,3.765,0.2899999935179949,False
26339,42.465,3.78,0.29999999329447746,False
26340,42.465,3.795,0.2799999937415123,False
26341,42.465,3.81,0.2649999940767884,False
26342,42.465,3.825,0.25499999430030584,False
26343,42.465,3.84,0.25499999430030584,False
26344,42.465,3.855,0.25499999430030584,False
26345,42.465,3.87,0.274999993853271,False
26346,42.465,3.885,0.2849999936297536,False
26347,42.465,3.9,0.29499999340623617,False
26348,42.465,3.915,0.29499999340623617,False
26349,42.465,3.93,0.2849999936297536,False
26350,42.465,3.945,0.274999993853271,False
26351,42.465,3.96,0.2649999940767884,False
26352,42.465,3.975,0.2649999940767884,False
26353,42.465,3.99,0.2649999940767884,False
26354,42.465,4.005,0.274999993853271,False
26355,42.465,4.02,0.2849999936297536,False
26356,42.465,4.035,0.29999999329447746,False
26357,42.465,4.05,0.30999999307096004,False
26358,42.465,4.065,0.30999999307096004,False
26359,42.465,4.08,0.29499999340623617,False
26360,42.465,4.095,0.2799999937415123,False
26361,42.465,4.11,0.25499999430030584,False
26362,42.465,4.125,0.25499999430030584,False
26363,42.465,4.14,0.23999999463558197,False
26364,42.465,4.155,0.2299999948590994,False
26365,42.465,4.17,0.2299999948590994,False
26366,42.465,4.185,0.2249999949708581,False
26367,42.465,4.2,0.2199999950826168,False
26368,42.465,4.215,0.20999999530613422,False
26369,42.465,4.23,0.19999999552965164,False
26370,42.465,4.245,0.20499999541789293,False
26371,42.465,4.26,0.20499999541789293,False
26372,42.465,4.275,0.19999999552965164,False
26373,42.465,4.29,0.18999999575316906,False
26374,42.465,4.305,0.18499999586492777,False
26375,42.465,4.32,0.17999999597668648,False
26376,42.465,4.335,0.1699999962002039,False
26377,42.465,4.35,0.15499999653548002,False
26378,42.465,4.365,0.15499999653548002,False
26379,42.465,4.38,0.14999999664723873,False
26380,42.465,4.395,0.15499999653548002,False
26381,42.465,4.41,0.15499999653548002,False
26382,42.465,4.425,0.15499999653548002,False
26383,42.465,4.44,0.14499999675899744,False
26384,42.465,4.455,0.13999999687075615,False
26385,42.465,4.47,0.13499999698251486,False
26386,42.465,4.485,0.13999999687075615,False
26387,42.465,4.5,0.13999999687075615,False
26388,42.465,4.515,0.13999999687075615,False
26389,42.465,4.53,0.13499999698251486,False
26390,42.465,4.545,0.14499999675899744,False
26391,42.465,4.56,0.14999999664723873,False
26392,42.465,4.575,0.14499999675899744,False
26393,42.465,4.59,0.13999999687075615,False
26394,42.465,4.605,0.14499999675899744,False
26395,42.465,4.62,0.1699999962002039,False
26396,42.465,4.635,0.2699999939650297,False
26397,42.465,4.65,0.24499999452382326,False
26398,42.465,4.665,0.30999999307096004,False
26399,42.465,4.68,0.35999999195337296,False
26400,42.465,4.695,0.4049999909475446,False
26401,42.465,4.71,0.4499999899417162,False
26402,42.465,4.725,0.48499998915940523,False
26403,42.465,4.74,0.5649999873712659,False
26404,42.465,4.755,0.6149999862536788,False
26405,42.465,4.77,0.6299999859184027,False
26406,42.465,4.785,0.6199999861419201,False
26407,42.465,4.8,0.5249999882653356,False
26408,42.465,4.815,0.41999999061226845,False
26409,42.465,4.83,0.42499999050050974,False
26410,42.465,4.845,0.4049999909475446,False
26411,42.465,4.86,0.3999999910593033,False
26412,42.465,4.875,0.3899999912828207,False
26413,42.465,4.89,0.3849999913945794,False
26414,42.465,4.905,0.3849999913945794,False
26415,42.465,4.92,0.37499999161809683,False
26416,42.465,4.935,0.3849999913945794,False
26417,42.465,4.95,0.4049999909475446,False
26418,42.465,4.965,0.3999999910593033,False
26419,42.465,4.98,0.2299999948590994,False
26420,42.465,4.995,0.24999999441206455,False
26421,42.465,5.01,0.2649999940767884,False
26422,42.465,5.025,0.2899999935179949,False
26423,42.465,5.04,0.30499999318271875,False
26424,42.465,5.055,0.29999999329447746,False
26425,42.465,5.07,0.30499999318271875,False
26426,42.465,5.085,0.29999999329447746,False
26427,42.465,5.1,0.2899999935179949,False
26428,42.465,5.115,0.3249999927356839,False
26429,42.465,5.13,0.2849999936297536,False
26430,42.465,5.145,0.25999999418854713,False
26431,42.465,5.16,0.25499999430030584,False
26432,42.465,5.175,0.25999999418854713,False
26433,42.465,5.19,0.2699999939650297,False
26434,42.465,5.205,0.2649999940767884,False
26435,42.465,5.22,0.2699999939650297,False
26436,42.465,5.235,0.274999993853271,False
26437,42.465,5.25,0.2799999937415123,False
26438,42.465,5.265,0.2799999937415123,False
26439,42.465,5.28,0.2799999937415123,False
26440,42.465,5.295,0.2799999937415123,False
26441,42.465,5.31,0.2699999939650297,False
26442,42.465,5.325,0.2899999935179949,False
26443,42.465,5.34,0.2849999936297536,False
26444,42.465,5.355,0.2849999936297536,False
26445,42.465,5.37,0.29499999340623617,False
26446,42.465,5.385,0.30499999318271875,False
26447,42.465,5.4,0.29999999329447746,False
26448,42.465,5.415,0.29499999340623617,False
26449,42.465,5.43,0.2849999936297536,False
26450,42.465,5.445,0.2899999935179949,False
26451,42.465,5.46,0.2849999936297536,False
26452,42.465,5.475,0.29499999340623617,False
26453,42.465,5.49,0.2849999936297536,False
26454,42.465,5.505,0.2649999940767884,False
26455,42.465,5.52,0.2699999939650297,False
26456,42.465,5.535,0.2649999940767884,False
26457,42.465,5.55,0.2649999940767884,False
26458,42.465,5.565,0.25499999430030584,False
26459,42.465,5.58,0.25999999418854713,False
26460,42.465,5.595,0.2699999939650297,False
26461,42.465,5.61,0.2699999939650297,False
26462,42.465,5.625,0.25999999418854713,False
26463,42.465,5.64,0.2649999940767884,False
26464,42.465,5.655,0.25999999418854713,False
26465,42.465,5.67,0.25499999430030584,False
26466,42.465,5.685,0.24999999441206455,False
26467,42.465,5.7,0.25999999418854713,False
26468,42.465,5.715,0.25499999430030584,False
26469,42.465,5.73,0.25999999418854713,False
26470,42.465,5.745,0.2649999940767884,False
26471,42.465,5.76,0.2649999940767884,False
26472,42.465,5.775,0.2699999939650297,False
26473,42.465,5.79,0.274999993853271,False
26474,42.465,5.805,0.274999993853271,False
26475,42.465,5.82,0.2899999935179949,False
26476,42.465,5.835,0.2799999937415123,False
26477,42.465,5.85,0.2699999939650297,False
26478,42.465,5.865,0.25999999418854713,False
26479,42.465,5.88,0.2649999940767884,False
26480,42.465,5.895,0.25999999418854713,False
26481,42.465,5.91,0.25999999418854713,False
26482,42.465,5.925,0.25499999430030584,False
26483,42.465,5.94,0.25999999418854713,False
26484,42.465,5.955,0.25999999418854713,False
26485,42.465,5.97,0.25499999430030584,False
26486,42.465,5.985,0.25499999430030584,False
26487,42.465,6.0,0.25499999430030584,False
26704,42.485,3.0,,False
26705,42.485,3.015,,False
26706,42.485,3.03,,False
26707,42.485,3.045,,False
26708,42.485,3.06,,False
26709,42.485,3.075,,False
26710,42.485,3.09,,False
26711,42.485,3.105,,False
26712,42.485,3.12,,False
26713,42.485,3.135,,False
26714,42.485,3.15,,False
26715,42.485,3.165,,False
26716,42.485,3.18,,False
26717,42.485,3.195,0.789999982342124,False
26718,42.485,3.21,0.6949999844655395,False
26719,42.485,3.225,0.5799999870359898,False
26720,42.485,3.24,0.549999987706542,False
26721,42.485,3.255,0.5699999872595072,False
26722,42.485,3.27,0.5649999873712659,False
26723,42.485,3.285,0.5299999881535769,False
26724,42.485,3.3,0.46999998949468136,False
26725,42.485,3.315,0.36999999172985554,False
26726,42.485,3.33,0.29499999340623617,False
26727,42.485,3.345,0.24999999441206455,False
26728,42.485,3.36,0.2199999950826168,False
26729,42.485,3.375,0.21499999519437551,False
26730,42.485,3.39,0.20499999541789293,False
26731,42.485,3.405,0.20999999530613422,False
26732,42.485,3.42,0.20999999530613422,False
26733,42.485,3.435,0.21499999519437551,False
26734,42.485,3.45,0.2249999949708581,False
26735,42.485,3.465,0.2249999949708581,False
26736,42.485,3.48,0.23999999463558197,False
26737,42.485,3.495,0.25499999430030584,False
26738,42.485,3.51,0.25999999418854713,False
26739,42.485,3.525,0.2649999940767884,False
26740,42.485,3.54,0.2699999939650297,False
26741,42.485,3.555,0.2649999940767884,False
26742,42.485,3.57,0.25999999418854713,False
26743,42.485,3.585,0.2699999939650297,False
26744,42.485,3.6,0.274999993853271,False
26745,42.485,3.615,0.274999993853271,False
26746,42.485,3.63,0.2799999937415123,False
26747,42.485,3.645,0.2899999935179949,False
26748,42.485,3.66,0.2899999935179949,False
26749,42.485,3.675,0.29499999340623617,False
26750,42.485,3.69,0.29999999329447746,False
26751,42.485,3.705,0.30499999318271875,False
26752,42.485,3.72,0.30999999307096004,False
26753,42.485,3.735,0.31499999295920134,False
26754,42.485,3.75,0.31499999295920134,False
26755,42.485,3.765,0.3299999926239252,False
26756,42.485,3.78,0.3199999928474426,False
26757,42.485,3.795,0.30499999318271875,False
26758,42.485,3.81,0.2849999936297536,False
26759,42.485,3.825,0.2649999940767884,False
26760,42.485,3.84,0.25499999430030584,False
26761,42.485,3.855,0.2649999940767884,False
26762,42.485,3.87,0.2849999936297536,False
26763,42.485,3.885,0.30499999318271875,False
26764,42.485,3.9,0.30999999307096004,False
26765,42.485,3.915,0.31499999295920134,False
26766,42.485,3.93,0.30499999318271875,False
26767,42.485,3.945,0.2849999936297536,False
26768,42.485,3.96,0.24999999441206455,False
26769,42.485,3.975,0.24499999452382326,False
26770,42.485,3.99,0.25999999418854713,False
26771,42.485,4.005,0.2699999939650297,False
26772,42.485,4.02,0.274999993853271,False
26773,42.485,4.035,0.29499999340623617,False
26774,42.485,4.05,0.30999999307096004,False
26775,42.485,4.065,0.31499999295920134,False
26776,42.485,4.08,0.30999999307096004,False
26777,42.485,4.095,0.29499999340623617,False
26778,42.485,4.11,0.274999993853271,False
26779,42.485,4.125,0.274999993853271,False
26780,42.485,4.14,0.2649999940767884,False
26781,42.485,4.155,0.24999999441206455,False
26782,42.485,4.17,0.23999999463558197,False
26783,42.485,4.185,0.2299999948590994,False
26784,42.485,4.2,0.2249999949708581,False
26785,42.485,4.215,0.2199999950826168,False
26786,42.485,4.23,0.20999999530613422,False
26787,42.485,4.245,0.20999999530613422,False
26788,42.485,4.26,0.19999999552965164,False
26789,42.485,4.275,0.19999999552965164,False
26790,42.485,4.29,0.18999999575316906,False
26791,42.485,4.305,0.17999999597668648,False
26792,42.485,4.32,0.17999999597668648,False
26793,42.485,4.335,0.1749999960884452,False
26794,42.485,4.35,0.1699999962002039,False
26795,42.485,4.365,0.17999999597668648,False
26796,42.485,4.38,0.1699999962002039,False
26797,42.485,4.395,0.1749999960884452,False
26798,42.485,4.41,0.1649999963119626,False
26799,42.485,4.425,0.1649999963119626,False
26800,42.485,4.44,0.15499999653548002,False
26801,42.485,4.455,0.15499999653548002,False
26802,42.485,4.47,0.15499999653548002,False
26803,42.485,4.485,0.15499999653548002,False
26804,42.485,4.5,0.15499999653548002,False
26805,42.485,4.515,0.15499999653548002,False
26806,42.485,4.53,0.14999999664723873,False
26807,42.485,4.545,0.1649999963119626,False
26808,42.485,4.56,0.1649999963119626,False
26809,42.485,4.575,0.15499999653548002,False
26810,42.485,4.59,0.14499999675899744,False
26811,42.485,4.605,0.13499999698251486,False
26812,42.485,4.62,0.15499999653548002,False
26813,42.485,4.635,0.23999999463558197,False
26814,42.485,4.65,0.25499999430030584,False
26815,42.485,4.665,0.2849999936297536,False
26816,42.485,4.68,0.3299999926239252,False
26817,42.485,4.695,0.35999999195337296,False
26818,42.485,4.71,0.394999991171062,False
26819,42.485,4.725,0.4399999901652336,False
26820,42.485,4.74,0.4599999897181988,False
26821,42.485,4.755,0.47999998927116394,False
26822,42.485,4.77,0.5099999886006117,False
26823,42.485,4.785,0.5099999886006117,False
26824,42.485,4.8,0.48499998915940523,False
26825,42.485,4.815,0.4549999898299575,False
26826,42.485,4.83,0.42499999050050974,False
26827,42.485,4.845,0.40999999083578587,False
26828,42.485,4.86,0.3999999910593033,False
26829,42.485,4.875,0.3999999910593033,False
26830,42.485,4.89,0.3999999910593033,False
26831,42.485,4.905,0.37499999161809683,False
26832,42.485,4.92,0.41999999061226845,False
26833,42.485,4.935,0.42999999038875103,False
26834,42.485,4.95,0.4449999900534749,False
26835,42.485,4.965,0.24999999441206455,False
26836,42.485,4.98,0.2849999936297536,False
26837,42.485,4.995,0.30499999318271875,False
26838,42.485,5.01,0.30999999307096004,False
26839,42.485,5.025,0.29999999329447746,False
26840,42.485,5.04,0.2849999936297536,False
26841,42.485,5.055,0.2799999937415123,False
26842,42.485,5.07,0.2899999935179949,False
26843,42.485,5.085,0.31499999295920134,False
26844,42.485,5.1,0.30499999318271875,False
26845,42.485,5.115,0.3449999922886491,False
26846,42.485,5.13,0.3349999925121665,False
26847,42.485,5.145,0.29499999340623617,False
26848,42.485,5.16,0.2799999937415123,False
26849,42.485,5.175,0.2849999936297536,False
26850,42.485,5.19,0.274999993853271,False
26851,42.485,5.205,0.2849999936297536,False
26852,42.485,5.22,0.2849999936297536,False
26853,42.485,5.235,0.2849999936297536,False
26854,42.485,5.25,0.2899999935179949,False
26855,42.485,5.265,0.29499999340623617,False
26856,42.485,5.28,0.29499999340623617,False
26857,42.485,5.295,0.2899999935179949,False
26858,42.485,5.31,0.2849999936297536,False
26859,42.485,5.325,0.2899999935179949,False
26860,42.485,5.34,0.29999999329447746,False
26861,42.485,5.355,0.2799999937415123,False
26862,42.485,5.37,0.2799999937415123,False
26863,42.485,5.385,0.29999999329447746,False
26864,42.485,5.4,0.30499999318271875,False
26865,42.485,5.415,0.29499999340623617,False
26866,42.485,5.43,0.29499999340623617,False
26867,42.485,5.445,0.30499999318271875,False
26868,42.485,5.46,0.30499999318271875,False
26869,42.485,5.475,0.29999999329447746,False
26870,42.485,5.49,0.29499999340623617,False
26871,42.485,5.505,0.2799999937415123,False
26872,42.485,5.52,0.2849999936297536,False
26873,42.485,5.535,0.274999993853271,False
26874,42.485,5.55,0.274999993853271,False
26875,42.485,5.565,0.2649999940767884,False
26876,42.485,5.58,0.25999999418854713,False
26877,42.485,5.595,0.274999993853271,False
26878,42.485,5.61,0.2649999940767884,False
26879,42.485,5.625,0.25999999418854713,False
26880,42.485,5.64,0.25499999430030584,False
26881,42.485,5.655,0.25999999418854713,False
26882,42.485,5.67,0.24999999441206455,False
26883,42.485,5.685,0.25499999430030584,False
26884,42.485,5.7,0.25999999418854713,False
26885,42.485,5.715,0.25999999418854713,False
26886,42.485,5.73,0.2699999939650297,False
26887,42.485,5.745,0.274999993853271,False
26888,42.485,5.76,0.274999993853271,False
26889,42.485,5.775,0.274999993853271,False
26890,42.485,5.79,0.2799999937415123,False
26891,42.485,5.805,0.274999993853271,False
26892,42.485,5.82,0.274999993853271,False
26893,42.485,5.835,0.2799999937415123,False
26894,42.485,5.85,0.2799999937415123,False
26895,42.485,5.865,0.2699999939650297,False
26896,42.485,5.88,0.2699999939650297,False
26897,42.485,5.895,0.274999993853271,False
26898,42.485,5.91,0.2649999940767884,False
26899,42.485,5.925,0.25499999430030584,False
26900,42.485,5.94,0.24999999441206455,False
26901,42.485,5.955,0.25499999430030584,False
26902,42.485,5.97,0.2649999940767884,False
26903,42.485,5.985,0.2799999937415123,False
26904,42.485,6.0,0.2799999937415123,False
27121,42.504997,3.0,,False
27122,42.504997,3.015,,False
27123,42.504997,3.03,,False
27124,42.504997,3.045,,False
27125,42.504997,3.06,,False
27126,42.504997,3.075,,False
27127,42.504997,3.09,,False
27128,42.504997,3.105,,False
27129,42.504997,3.12,,False
27130,42.504997,3.135,,False
27131,42.504997,3.15,,False
27132,42.504997,3.165,,False
27133,42.504997,3.18,0.8899999801069498,False
27134,42.504997,3.195,0.8399999812245369,False
27135,42.504997,3.21,0.6149999862536788,False
27136,42.504997,3.225,0.5199999883770943,False
27137,42.504997,3.24,0.5649999873712659,False
27138,42.504997,3.255,0.5999999865889549,False
27139,42.504997,3.27,0.6549999853596091,False
27140,42.504997,3.285,0.6199999861419201,False
27141,42.504997,3.3,0.549999987706542,False
27142,42.504997,3.315,0.42499999050050974,False
27143,42.504997,3.33,0.3249999927356839,False
27144,42.504997,3.345,0.274999993853271,False
27145,42.504997,3.36,0.23999999463558197,False
27146,42.504997,3.375,0.2249999949708581,False
27147,42.504997,3.39,0.2249999949708581,False
27148,42.504997,3.405,0.2249999949708581,False
27149,42.504997,3.42,0.2199999950826168,False
27150,42.504997,3.435,0.2249999949708581,False
27151,42.504997,3.45,0.23999999463558197,False
27152,42.504997,3.465,0.25499999430030584,False
27153,42.504997,3.48,0.274999993853271,False
27154,42.504997,3.495,0.2699999939650297,False
27155,42.504997,3.51,0.2799999937415123,False
27156,42.504997,3.525,0.2799999937415123,False
27157,42.504997,3.54,0.274999993853271,False
27158,42.504997,3.555,0.274999993853271,False
27159,42.504997,3.57,0.274999993853271,False
27160,42.504997,3.585,0.274999993853271,False
27161,42.504997,3.6,0.274999993853271,False
27162,42.504997,3.615,0.274999993853271,False
27163,42.504997,3.63,0.2799999937415123,False
27164,42.504997,3.645,0.29499999340623617,False
27165,42.504997,3.66,0.29499999340623617,False
27166,42.504997,3.675,0.30499999318271875,False
27167,42.504997,3.69,0.31499999295920134,False
27168,42.504997,3.705,0.31499999295920134,False
27169,42.504997,3.72,0.3249999927356839,False
27170,42.504997,3.735,0.3399999924004078,False
27171,42.504997,3.75,0.3499999921768904,False
27172,42.504997,3.765,0.35999999195337296,False
27173,42.504997,3.78,0.35499999206513166,False
27174,42.504997,3.795,0.3299999926239252,False
27175,42.504997,3.81,0.31499999295920134,False
27176,42.504997,3.825,0.29499999340623617,False
27177,42.504997,3.84,0.2799999937415123,False
27178,42.504997,3.855,0.2699999939650297,False
27179,42.504997,3.87,0.2849999936297536,False
27180,42.504997,3.885,0.29999999329447746,False
27181,42.504997,3.9,0.30999999307096004,False
27182,42.504997,3.915,0.3249999927356839,False
27183,42.504997,3.93,0.31499999295920134,False
27184,42.504997,3.945,0.2899999935179949,False
27185,42.504997,3.96,0.2649999940767884,False
27186,42.504997,3.975,0.2699999939650297,False
27187,42.504997,3.99,0.2799999937415123,False
27188,42.504997,4.005,0.2849999936297536,False
27189,42.504997,4.02,0.2899999935179949,False
27190,42.504997,4.035,0.29999999329447746,False
27191,42.504997,4.05,0.30999999307096004,False
27192,42.504997,4.065,0.3249999927356839,False
27193,42.504997,4.08,0.3299999926239252,False
27194,42.504997,4.095,0.31499999295920134,False
27195,42.504997,4.11,0.30499999318271875,False
27196,42.504997,4.125,0.30499999318271875,False
27197,42.504997,4.14,0.29999999329447746,False
27198,42.504997,4.155,0.2899999935179949,False
27199,42.504997,4.17,0.2699999939650297,False
27200,42.504997,4.185,0.25499999430030584,False
27201,42.504997,4.2,0.24499999452382326,False
27202,42.504997,4.215,0.2249999949708581,False
27203,42.504997,4.23,0.2249999949708581,False
27204,42.504997,4.245,0.21499999519437551,False
27205,42.504997,4.26,0.20999999530613422,False
27206,42.504997,4.275,0.19999999552965164,False
27207,42.504997,4.29,0.19499999564141035,False
27208,42.504997,4.305,0.19499999564141035,False
27209,42.504997,4.32,0.19499999564141035,False
27210,42.504997,4.335,0.19999999552965164,False
27211,42.504997,4.35,0.19499999564141035,False
27212,42.504997,4.365,0.19499999564141035,False
27213,42.504997,4.38,0.18499999586492777,False
27214,42.504997,4.395,0.17999999597668648,False
27215,42.504997,4.41,0.17999999597668648,False
27216,42.504997,4.425,0.1699999962002039,False
27217,42.504997,4.44,0.1649999963119626,False
27218,42.504997,4.455,0.1649999963119626,False
27219,42.504997,4.47,0.1649999963119626,False
27220,42.504997,4.485,0.1599999964237213,False
27221,42.504997,4.5,0.1599999964237213,False
27222,42.504997,4.515,0.1649999963119626,False
27223,42.504997,4.53,0.1599999964237213,False
27224,42.504997,4.545,0.1649999963119626,False
27225,42.504997,4.56,0.1699999962002039,False
27226,42.504997,4.575,0.17999999597668648,False
27227,42.504997,4.59,0.18999999575316906,False
27228,42.504997,4.605,0.1699999962002039,False
27229,42.504997,4.62,0.1749999960884452,False
27230,42.504997,4.635,0.2299999948590994,False
27231,42.504997,4.65,0.24499999452382326,False
27232,42.504997,4.665,0.2649999940767884,False
27233,42.504997,4.68,0.274999993853271,False
27234,42.504997,4.695,0.2649999940767884,False
27235,42.504997,4.71,0.3249999927356839,False
27236,42.504997,4.725,0.3449999922886491,False
27237,42.504997,4.74,0.36999999172985554,False
27238,42.504997,4.755,0.3899999912828207,False
27239,42.504997,4.77,0.394999991171062,False
27240,42.504997,4.785,0.41999999061226845,False
27241,42.504997,4.8,0.41499999072402716,False
27242,42.504997,4.815,0.40999999083578587,False
27243,42.504997,4.83,0.4049999909475446,False
27244,42.504997,4.845,0.394999991171062,False
27245,42.504997,4.86,0.3849999913945794,False
27246,42.504997,4.875,0.3849999913945794,False
27247,42.504997,4.89,0.3999999910593033,False
27248,42.504997,4.905,0.41499999072402716,False
27249,42.504997,4.92,0.4399999901652336,False
27250,42.504997,4.935,0.4399999901652336,False
27251,42.504997,4.95,0.4549999898299575,False
27252,42.504997,4.965,0.274999993853271,False
27253,42.504997,4.98,0.3299999926239252,False
27254,42.504997,4.995,0.3399999924004078,False
27255,42.504997,5.01,0.3449999922886491,False
27256,42.504997,5.025,0.3349999925121665,False
27257,42.504997,5.04,0.3249999927356839,False
27258,42.504997,5.055,0.31499999295920134,False
27259,42.504997,5.07,0.3399999924004078,False
27260,42.504997,5.085,0.35999999195337296,False
27261,42.504997,5.1,0.3799999915063381,False
27262,42.504997,5.115,0.3899999912828207,False
27263,42.504997,5.13,0.3849999913945794,False
27264,42.504997,5.145,0.3849999913945794,False
27265,42.504997,5.16,0.3899999912828207,False
27266,42.504997,5.175,0.29999999329447746,False
27267,42.504997,5.19,0.29499999340623617,False
27268,42.504997,5.205,0.29999999329447746,False
27269,42.504997,5.22,0.30999999307096004,False
27270,42.504997,5.235,0.30999999307096004,False
27271,42.504997,5.25,0.30999999307096004,False
27272,42.504997,5.265,0.29999999329447746,False
27273,42.504997,5.28,0.29499999340623617,False
27274,42.504997,5.295,0.2849999936297536,False
27275,42.504997,5.31,0.274999993853271,False
27276,42.504997,5.325,0.2849999936297536,False
27277,42.504997,5.34,0.29999999329447746,False
27278,42.504997,5.355,0.29999999329447746,False
27279,42.504997,5.37,0.29499999340623617,False
27280,42.504997,5.385,0.29499999340623617,False
27281,42.504997,5.4,0.30499999318271875,False
27282,42.504997,5.415,0.29999999329447746,False
27283,42.504997,5.43,0.29999999329447746,False
27284,42.504997,5.445,0.31499999295920134,False
27285,42.504997,5.46,0.30999999307096004,False
27286,42.504997,5.475,0.29999999329447746,False
27287,42.504997,5.49,0.29999999329447746,False
27288,42.504997,5.505,0.29499999340623617,False
27289,42.504997,5.52,0.2849999936297536,False
27290,42.504997,5.535,0.2799999937415123,False
27291,42.504997,5.55,0.2699999939650297,False
27292,42.504997,5.565,0.2699999939650297,False
27293,42.504997,5.58,0.2699999939650297,False
27294,42.504997,5.595,0.25999999418854713,False
27295,42.504997,5.61,0.25999999418854713,False
27296,42.504997,5.625,0.25999999418854713,False
27297,42.504997,5.64,0.25499999430030584,False
27298,42.504997,5.655,0.24999999441206455,False
27299,42.504997,5.67,0.24999999441206455,False
27300,42.504997,5.685,0.25999999418854713,False
27301,42.504997,5.7,0.25999999418854713,False
27302,42.504997,5.715,0.274999993853271,False
27303,42.504997,5.73,0.274999993853271,False
27304,42.504997,5.745,0.2799999937415123,False
27305,42.504997,5.76,0.2699999939650297,False
27306,42.504997,5.775,0.274999993853271,False
27307,42.504997,5.79,0.2849999936297536,False
27308,42.504997,5.805,0.2899999935179949,False
27309,42.504997,5.82,0.2799999937415123,False
27310,42.504997,5.835,0.2799999937415123,False
27311,42.504997,5.85,0.2799999937415123,False
27312,42.504997,5.865,0.2799999937415123,False
27313,42.504997,5.88,0.274999993853271,False
27314,42.504997,5.895,0.274999993853271,False
27315,42.504997,5.91,0.2649999940767884,False
27316,42.504997,5.925,0.2699999939650297,False
27317,42.504997,5.94,0.2649999940767884,False
27318,42.504997,5.955,0.25999999418854713,False
27319,42.504997,5.97,0.2649999940767884,False
27320,42.504997,5.985,0.274999993853271,False
27321,42.504997,6.0,0.2799999937415123,False
27538,42.525,3.0,,False
27539,42.525,3.015,,False
27540,42.525,3.03,,False
27541,42.525,3.045,,False
27542,42.525,3.06,,False
27543,42.525,3.075,,False
27544,42.525,3.09,,False
27545,42.525,3.105,,False
27546,42.525,3.12,,False
27547,42.525,3.135,,False
27548,42.525,3.15,,False
27549,42.525,3.165,1.0099999774247408,False
27550,42.525,3.18,0.824999981559813,False
27551,42.525,3.195,0.6499999854713678,False
27552,42.525,3.21,0.5249999882653356,False
27553,42.525,3.225,0.47999998927116394,False
27554,42.525,3.24,0.5299999881535769,False
27555,42.525,3.255,0.5949999867007136,False
27556,42.525,3.27,0.6599999852478504,False
27557,42.525,3.285,0.6849999846890569,False
27558,42.525,3.3,0.6299999859184027,False
27559,42.525,3.315,0.4899999890476465,False
27560,42.525,3.33,0.35999999195337296,False
27561,42.525,3.345,0.2649999940767884,False
27562,42.525,3.36,0.24499999452382326,False
27563,42.525,3.375,0.23999999463558197,False
27564,42.525,3.39,0.23499999474734068,False
27565,42.525,3.405,0.2249999949708581,False
27566,42.525,3.42,0.2299999948590994,False
27567,42.525,3.435,0.2299999948590994,False
27568,42.525,3.45,0.24499999452382326,False
27569,42.525,3.465,0.25499999430030584,False
27570,42.525,3.48,0.25499999430030584,False
27571,42.525,3.495,0.23999999463558197,False
27572,42.525,3.51,0.24999999441206455,False
27573,42.525,3.525,0.25999999418854713,False
27574,42.525,3.54,0.2649999940767884,False
27575,42.525,3.555,0.2699999939650297,False
27576,42.525,3.57,0.2649999940767884,False
27577,42.525,3.585,0.274999993853271,False
27578,42.525,3.6,0.274999993853271,False
27579,42.525,3.615,0.2799999937415123,False
27580,42.525,3.63,0.2899999935179949,False
27581,42.525,3.645,0.29499999340623617,False
27582,42.525,3.66,0.29999999329447746,False
27583,42.525,3.675,0.30499999318271875,False
27584,42.525,3.69,0.3199999928474426,False
27585,42.525,3.705,0.3249999927356839,False
27586,42.525,3.72,0.3349999925121665,False
27587,42.525,3.735,0.35499999206513166,False
27588,42.525,3.75,0.36499999184161425,False
27589,42.525,3.765,0.35999999195337296,False
27590,42.525,3.78,0.35499999206513166,False
27591,42.525,3.795,0.3399999924004078,False
27592,42.525,3.81,0.3249999927356839,False
27593,42.525,3.825,0.30499999318271875,False
27594,42.525,3.84,0.30499999318271875,False
27595,42.525,3.855,0.29499999340623617,False
27596,42.525,3.87,0.2799999937415123,False
27597,42.525,3.885,0.29499999340623617,False
27598,42.525,3.9,0.30999999307096004,False
27599,42.525,3.915,0.30499999318271875,False
27600,42.525,3.93,0.30999999307096004,False
27601,42.525,3.945,0.30499999318271875,False
27602,42.525,3.96,0.2899999935179949,False
27603,42.525,3.975,0.29999999329447746,False
27604,42.525,3.99,0.30999999307096004,False
27605,42.525,4.005,0.30499999318271875,False
27606,42.525,4.02,0.2899999935179949,False
27607,42.525,4.035,0.2899999935179949,False
27608,42.525,4.05,0.30999999307096004,False
27609,42.525,4.065,0.31499999295920134,False
27610,42.525,4.08,0.3299999926239252,False
27611,42.525,4.095,0.3299999926239252,False
27612,42.525,4.11,0.3299999926239252,False
27613,42.525,4.125,0.3299999926239252,False
27614,42.525,4.14,0.3249999927356839,False
27615,42.525,4.155,0.3199999928474426,False
27616,42.525,4.17,0.30999999307096004,False
27617,42.525,4.185,0.2899999935179949,False
27618,42.525,4.2,0.274999993853271,False
27619,42.525,4.215,0.25499999430030584,False
27620,42.525,4.23,0.23999999463558197,False
27621,42.525,4.245,0.23499999474734068,False
27622,42.525,4.26,0.2249999949708581,False
27623,42.525,4.275,0.2249999949708581,False
27624,42.525,4.29,0.2199999950826168,False
27625,42.525,4.305,0.20999999530613422,False
27626,42.525,4.32,0.21499999519437551,False
27627,42.525,4.335,0.21499999519437551,False
27628,42.525,4.35,0.20999999530613422,False
27629,42.525,4.365,0.21499999519437551,False
27630,42.525,4.38,0.20499999541789293,False
27631,42.525,4.395,0.19499999564141035,False
27632,42.525,4.41,0.19499999564141035,False
27633,42.525,4.425,0.18999999575316906,False
27634,42.525,4.44,0.18499999586492777,False
27635,42.525,4.455,0.1749999960884452,False
27636,42.525,4.47,0.1699999962002039,False
27637,42.525,4.485,0.1649999963119626,False
27638,42.525,4.5,0.1599999964237213,False
27639,42.525,4.515,0.15499999653548002,False
27640,42.525,4.53,0.14999999664723873,False
27641,42.525,4.545,0.14999999664723873,False
27642,42.525,4.56,0.15499999653548002,False
27643,42.525,4.575,0.1649999963119626,False
27644,42.525,4.59,0.18499999586492777,False
27645,42.525,4.605,0.18499999586492777,False
27646,42.525,4.62,0.18499999586492777,False
27647,42.525,4.635,0.2249999949708581,False
27648,42.525,4.65,0.2299999948590994,False
27649,42.525,4.665,0.24999999441206455,False
27650,42.525,4.68,0.25999999418854713,False
27651,42.525,4.695,0.2699999939650297,False
27652,42.525,4.71,0.29499999340623617,False
27653,42.525,4.725,0.30499999318271875,False
27654,42.525,4.74,0.3199999928474426,False
27655,42.525,4.755,0.3299999926239252,False
27656,42.525,4.77,0.3249999927356839,False
27657,42.525,4.785,0.3349999925121665,False
27658,42.525,4.8,0.3899999912828207,False
27659,42.525,4.815,0.3899999912828207,False
27660,42.525,4.83,0.37499999161809683,False
27661,42.525,4.845,0.36999999172985554,False
27662,42.525,4.86,0.36499999184161425,False
27663,42.525,4.875,0.37499999161809683,False
27664,42.525,4.89,0.3399999924004078,False
27665,42.525,4.905,0.35999999195337296,False
27666,42.525,4.92,0.4599999897181988,False
27667,42.525,4.935,0.4899999890476465,False
27668,42.525,4.95,0.4999999888241291,False
27669,42.525,4.965,0.3999999910593033,False
27670,42.525,4.98,0.3399999924004078,False
27671,42.525,4.995,0.35499999206513166,False
27672,42.525,5.01,0.3499999921768904,False
27673,42.525,5.025,0.35999999195337296,False
27674,42.525,5.04,0.36999999172985554,False
27675,42.525,5.055,0.3499999921768904,False
27676,42.525,5.07,0.3499999921768904,False
27677,42.525,5.085,0.40999999083578587,False
27678,42.525,5.1,0.42499999050050974,False
27679,42.525,5.115,0.41999999061226845,False
27680,42.525,5.13,0.41999999061226845,False
27681,42.525,5.145,0.41999999061226845,False
27682,42.525,5.16,0.4049999909475446,False
27683,42.525,5.175,0.3999999910593033,False
27684,42.525,5.19,0.2899999935179949,False
27685,42.525,5.205,0.31499999295920134,False
27686,42.525,5.22,0.30999999307096004,False
27687,42.525,5.235,0.30499999318271875,False
27688,42.525,5.25,0.29499999340623617,False
27689,42.525,5.265,0.2849999936297536,False
27690,42.525,5.28,0.2849999936297536,False
27691,42.525,5.295,0.29499999340623617,False
27692,42.525,5.31,0.2899999935179949,False
27693,42.525,5.325,0.29499999340623617,False
27694,42.525,5.34,0.2799999937415123,False
27695,42.525,5.355,0.29499999340623617,False
27696,42.525,5.37,0.30999999307096004,False
27697,42.525,5.385,0.30999999307096004,False
27698,42.525,5.4,0.31499999295920134,False
27699,42.525,5.415,0.30499999318271875,False
27700,42.525,5.43,0.30999999307096004,False
27701,42.525,5.445,0.30999999307096004,False
27702,42.525,5.46,0.30999999307096004,False
27703,42.525,5.475,0.29499999340623617,False
27704,42.525,5.49,0.2899999935179949,False
27705,42.525,5.505,0.2799999937415123,False
27706,42.525,5.52,0.2899999935179949,False
27707,42.525,5.535,0.2799999937415123,False
27708,42.525,5.55,0.274999993853271,False
27709,42.525,5.565,0.2699999939650297,False
27710,42.525,5.58,0.274999993853271,False
27711,42.525,5.595,0.2699999939650297,False
27712,42.525,5.61,0.25999999418854713,False
27713,42.525,5.625,0.2649999940767884,False
27714,42.525,5.64,0.2699999939650297,False
27715,42.525,5.655,0.2699999939650297,False
27716,42.525,5.67,0.25999999418854713,False
27717,42.525,5.685,0.2649999940767884,False
27718,42.525,5.7,0.274999993853271,False
27719,42.525,5.715,0.2849999936297536,False
27720,42.525,5.73,0.2849999936297536,False
27721,42.525,5.745,0.2849999936297536,False
27722,42.525,5.76,0.2849999936297536,False
27723,42.525,5.775,0.2899999935179949,False
27724,42.525,5.79,0.29499999340623617,False
27725,42.525,5.805,0.2899999935179949,False
27726,42.525,5.82,0.2799999937415123,False
27727,42.525,5.835,0.2799999937415123,False
27728,42.525,5.85,0.2849999936297536,False
27729,42.525,5.865,0.2799999937415123,False
27730,42.525,5.88,0.2849999936297536,False
27731,42.525,5.895,0.2799999937415123,False
27732,42.525,5.91,0.2799999937415123,False
27733,42.525,5.925,0.2699999939650297,False
27734,42.525,5.94,0.2699999939650297,False
27735,42.525,5.955,0.274999993853271,False
27736,42.525,5.97,0.2699999939650297,False
27737,42.525,5.985,0.2799999937415123,False
27738,42.525,6.0,0.2849999936297536,False
27955,42.545,3.0,,False
27956,42.545,3.015,,False
27957,42.545,3.03,,False
27958,42.545,3.045,,False
27959,42.545,3.06,,False
27960,42.545,3.075,,False
27961,42.545,3.09,,False
27962,42.545,3.105,,False
27963,42.545,3.12,,False
27964,42.545,3.135,0.9899999778717756,False
27965,42.545,3.15,0.9499999787658453,False
27966,42.545,3.165,0.8599999807775021,False
27967,42.545,3.18,0.8549999808892608,False
27968,42.545,3.195,0.7099999841302633,False
27969,42.545,3.21,0.6149999862536788,False
27970,42.545,3.225,0.5799999870359898,False
27971,42.545,3.24,0.5399999879300594,False
27972,42.545,3.255,0.584999986924231,False
27973,42.545,3.27,0.6149999862536788,False
27974,42.545,3.285,0.6649999851360917,False
27975,42.545,3.3,0.6049999864771962,False
27976,42.545,3.315,0.5199999883770943,False
27977,42.545,3.33,0.35999999195337296,False
27978,42.545,3.345,0.274999993853271,False
27979,42.545,3.36,0.20999999530613422,False
27980,42.545,3.375,0.21499999519437551,False
27981,42.545,3.39,0.2199999950826168,False
27982,42.545,3.405,0.2249999949708581,False
27983,42.545,3.42,0.2299999948590994,False
27984,42.545,3.435,0.23999999463558197,False
27985,42.545,3.45,0.24999999441206455,False
27986,42.545,3.465,0.24999999441206455,False
27987,42.545,3.48,0.23499999474734068,False
27988,42.545,3.495,0.2299999948590994,False
27989,42.545,3.51,0.2299999948590994,False
27990,42.545,3.525,0.2249999949708581,False
27991,42.545,3.54,0.23499999474734068,False
27992,42.545,3.555,0.24499999452382326,False
27993,42.545,3.57,0.25499999430030584,False
27994,42.545,3.585,0.2699999939650297,False
27995,42.545,3.6,0.2799999937415123,False
27996,42.545,3.615,0.2799999937415123,False
27997,42.545,3.63,0.2799999937415123,False
27998,42.545,3.645,0.2899999935179949,False
27999,42.545,3.66,0.29499999340623617,False
28000,42.545,3.675,0.30499999318271875,False
28001,42.545,3.69,0.31499999295920134,False
28002,42.545,3.705,0.31499999295920134,False
28003,42.545,3.72,0.3199999928474426,False
28004,42.545,3.735,0.3299999926239252,False
28005,42.545,3.75,0.3399999924004078,False
28006,42.545,3.765,0.3349999925121665,False
28007,42.545,3.78,0.3349999925121665,False
28008,42.545,3.795,0.3249999927356839,False
28009,42.545,3.81,0.29999999329447746,False
28010,42.545,3.825,0.29499999340623617,False
28011,42.545,3.84,0.2849999936297536,False
28012,42.545,3.855,0.2799999937415123,False
28013,42.545,3.87,0.274999993853271,False
28014,42.545,3.885,0.2799999937415123,False
28015,42.545,3.9,0.2899999935179949,False
28016,42.545,3.915,0.29499999340623617,False
28017,42.545,3.93,0.30999999307096004,False
28018,42.545,3.945,0.30999999307096004,False
28019,42.545,3.96,0.31499999295920134,False
28020,42.545,3.975,0.31499999295920134,False
28021,42.545,3.99,0.3199999928474426,False
28022,42.545,4.005,0.3199999928474426,False
28023,42.545,4.02,0.30499999318271875,False
28024,42.545,4.035,0.2899999935179949,False
28025,42.545,4.05,0.29499999340623617,False
28026,42.545,4.065,0.30499999318271875,False
28027,42.545,4.08,0.31499999295920134,False
28028,42.545,4.095,0.3249999927356839,False
28029,42.545,4.11,0.3299999926239252,False
28030,42.545,4.125,0.3399999924004078,False
28031,42.545,4.14,0.3449999922886491,False
28032,42.545,4.155,0.3499999921768904,False
28033,42.545,4.17,0.3349999925121665,False
28034,42.545,4.185,0.3299999926239252,False
28035,42.545,4.2,0.30999999307096004,False
28036,42.545,4.215,0.29499999340623617,False
28037,42.545,4.23,0.2799999937415123,False
28038,42.545,4.245,0.25999999418854713,False
28039,42.545,4.26,0.24999999441206455,False
28040,42.545,4.275,0.24499999452382326,False
28041,42.545,4.29,0.24999999441206455,False
28042,42.545,4.305,0.25999999418854713,False
28043,42.545,4.32,0.25499999430030584,False
28044,42.545,4.335,0.25999999418854713,False
28045,42.545,4.35,0.24999999441206455,False
28046,42.545,4.365,0.24499999452382326,False
28047,42.545,4.38,0.23999999463558197,False
28048,42.545,4.395,0.2299999948590994,False
28049,42.545,4.41,0.2299999948590994,False
28050,42.545,4.425,0.2199999950826168,False
28051,42.545,4.44,0.2199999950826168,False
28052,42.545,4.455,0.21499999519437551,False
28053,42.545,4.47,0.20499999541789293,False
28054,42.545,4.485,0.18499999586492777,False
28055,42.545,4.5,0.1749999960884452,False
28056,42.545,4.515,0.1599999964237213,False
28057,42.545,4.53,0.14999999664723873,False
28058,42.545,4.545,0.15499999653548002,False
28059,42.545,4.56,0.1649999963119626,False
28060,42.545,4.575,0.1749999960884452,False
28061,42.545,4.59,0.17999999597668648,False
28062,42.545,4.605,0.18999999575316906,False
28063,42.545,4.62,0.18999999575316906,False
28064,42.545,4.635,0.19999999552965164,False
28065,42.545,4.65,0.2299999948590994,False
28066,42.545,4.665,0.25499999430030584,False
28067,42.545,4.68,0.23499999474734068,False
28068,42.545,4.695,0.25999999418854713,False
28069,42.545,4.71,0.274999993853271,False
28070,42.545,4.725,0.2899999935179949,False
28071,42.545,4.74,0.3249999927356839,False
28072,42.545,4.755,0.3299999926239252,False
28073,42.545,4.77,0.3299999926239252,False
28074,42.545,4.785,0.36499999184161425,False
28075,42.545,4.8,0.3899999912828207,False
28076,42.545,4.815,0.3799999915063381,False
28077,42.545,4.83,0.3499999921768904,False
28078,42.545,4.845,0.3449999922886491,False
28079,42.545,4.86,0.3349999925121665,False
28080,42.545,4.875,0.31499999295920134,False
28081,42.545,4.89,0.30499999318271875,False
28082,42.545,4.905,0.3199999928474426,False
28083,42.545,4.92,0.41499999072402716,False
28084,42.545,4.935,0.549999987706542,False
28085,42.545,4.95,0.584999986924231,False
28086,42.545,4.965,0.5649999873712659,False
28087,42.545,4.98,0.5899999868124723,False
28088,42.545,4.995,0.48499998915940523,False
28089,42.545,5.01,0.46999998949468136,False
28090,42.545,5.025,0.42499999050050974,False
28091,42.545,5.04,0.4449999900534749,False
28092,42.545,5.055,0.394999991171062,False
28093,42.545,5.07,0.3899999912828207,False
28094,42.545,5.085,0.42499999050050974,False
28095,42.545,5.1,0.41999999061226845,False
28096,42.545,5.115,0.4399999901652336,False
28097,42.545,5.13,0.4499999899417162,False
28098,42.545,5.145,0.4549999898299575,False
28099,42.545,5.16,0.4599999897181988,False
28100,42.545,5.175,0.46999998949468136,False
28101,42.545,5.19,0.29499999340623617,False
28102,42.545,5.205,0.29999999329447746,False
28103,42.545,5.22,0.30499999318271875,False
28104,42.545,5.235,0.30999999307096004,False
28105,42.545,5.25,0.29499999340623617,False
28106,42.545,5.265,0.2899999935179949,False
28107,42.545,5.28,0.29999999329447746,False
28108,42.545,5.295,0.29999999329447746,False
28109,42.545,5.31,0.29999999329447746,False
28110,42.545,5.325,0.29499999340623617,False
28111,42.545,5.34,0.30499999318271875,False
28112,42.545,5.355,0.3199999928474426,False
28113,42.545,5.37,0.3399999924004078,False
28114,42.545,5.385,0.3299999926239252,False
28115,42.545,5.4,0.31499999295920134,False
28116,42.545,5.415,0.3199999928474426,False
28117,42.545,5.43,0.3199999928474426,False
28118,42.545,5.445,0.30999999307096004,False
28119,42.545,5.46,0.30499999318271875,False
28120,42.545,5.475,0.30499999318271875,False
28121,42.545,5.49,0.2849999936297536,False
28122,42.545,5.505,0.274999993853271,False
28123,42.545,5.52,0.2799999937415123,False
28124,42.545,5.535,0.2799999937415123,False
28125,42.545,5.55,0.274999993853271,False
28126,42.545,5.565,0.2699999939650297,False
28127,42.545,5.58,0.2799999937415123,False
28128,42.545,5.595,0.2699999939650297,False
28129,42.545,5.61,0.2699999939650297,False
28130,42.545,5.625,0.274999993853271,False
28131,42.545,5.64,0.274999993853271,False
28132,42.545,5.655,0.2799999937415123,False
28133,42.545,5.67,0.2799999937415123,False
28134,42.545,5.685,0.274999993853271,False
28135,42.545,5.7,0.2899999935179949,False
28136,42.545,5.715,0.2799999937415123,False
28137,42.545,5.73,0.2849999936297536,False
28138,42.545,5.745,0.2799999937415123,False
28139,42.545,5.76,0.2799999937415123,False
28140,42.545,5.775,0.2799999937415123,False
28141,42.545,5.79,0.2849999936297536,False
28142,42.545,5.805,0.2849999936297536,False
28143,42.545,5.82,0.2699999939650297,False
28144,42.545,5.835,0.274999993853271,False
28145,42.545,5.85,0.2799999937415123,False
28146,42.545,5.865,0.274999993853271,False
28147,42.545,5.88,0.274999993853271,False
28148,42.545,5.895,0.2799999937415123,False
28149,42.545,5.91,0.2799999937415123,False
28150,42.545,5.925,0.2799999937415123,False
28151,42.545,5.94,0.2849999936297536,False
28152,42.545,5.955,0.2849999936297536,False
28153,42.545,5.97,0.2849999936297536,False
28154,42.545,5.985,0.2899999935179949,False
28155,42.545,6.0,0.2899999935179949,False
28372,42.565002,3.0,,False
28373,42.565002,3.015,,False
28374,42.565002,3.03,,False
28375,42.565002,3.045,,False
28376,42.565002,3.06,,False
28377,42.565002,3.075,,False
28378,42.565002,3.09,,False
28379,42.565002,3.105,1.3499999698251486,False
28380,42.565002,3.12,1.0899999756366014,False
28381,42.565002,3.135,1.029999976977706,False
28382,42.565002,3.15,0.8599999807775021,False
28383,42.565002,3.165,0.8549999808892608,False
28384,42.565002,3.18,0.8549999808892608,False
28385,42.565002,3.195,0.8399999812245369,False
28386,42.565002,3.21,0.754999983124435,False
28387,42.565002,3.225,0.6949999844655395,False
28388,42.565002,3.24,0.6199999861419201,False
28389,42.565002,3.255,0.6049999864771962,False
28390,42.565002,3.27,0.6149999862536788,False
28391,42.565002,3.285,0.6199999861419201,False
28392,42.565002,3.3,0.5549999875947833,False
28393,42.565002,3.315,0.4449999900534749,False
28394,42.565002,3.33,0.3299999926239252,False
28395,42.565002,3.345,0.24999999441206455,False
28396,42.565002,3.36,0.20499999541789293,False
28397,42.565002,3.375,0.19999999552965164,False
28398,42.565002,3.39,0.20999999530613422,False
28399,42.565002,3.405,0.20999999530613422,False
28400,42.565002,3.42,0.21499999519437551,False
28401,42.565002,3.435,0.23499999474734068,False
28402,42.565002,3.45,0.25999999418854713,False
28403,42.565002,3.465,0.24499999452382326,False
28404,42.565002,3.48,0.23499999474734068,False
28405,42.565002,3.495,0.24499999452382326,False
28406,42.565002,3.51,0.24999999441206455,False
28407,42.565002,3.525,0.23499999474734068,False
28408,42.565002,3.54,0.24999999441206455,False
28409,42.565002,3.555,0.25499999430030584,False
28410,42.565002,3.57,0.25999999418854713,False
28411,42.565002,3.585,0.2699999939650297,False
28412,42.565002,3.6,0.274999993853271,False
28413,42.565002,3.615,0.2799999937415123,False
28414,42.565002,3.63,0.2899999935179949,False
28415,42.565002,3.645,0.2899999935179949,False
28416,42.565002,3.66,0.29499999340623617,False
28417,42.565002,3.675,0.29999999329447746,False
28418,42.565002,3.69,0.29999999329447746,False
28419,42.565002,3.705,0.29499999340623617,False
28420,42.565002,3.72,0.2799999937415123,False
28421,42.565002,3.735,0.2849999936297536,False
28422,42.565002,3.75,0.2899999935179949,False
28423,42.565002,3.765,0.2849999936297536,False
28424,42.565002,3.78,0.29499999340623617,False
28425,42.565002,3.795,0.2799999937415123,False
28426,42.565002,3.81,0.2649999940767884,False
28427,42.565002,3.825,0.25999999418854713,False
28428,42.565002,3.84,0.25499999430030584,False
28429,42.565002,3.855,0.24499999452382326,False
28430,42.565002,3.87,0.24499999452382326,False
28431,42.565002,3.885,0.25499999430030584,False
28432,42.565002,3.9,0.2699999939650297,False
28433,42.565002,3.915,0.2849999936297536,False
28434,42.565002,3.93,0.29999999329447746,False
28435,42.565002,3.945,0.30499999318271875,False
28436,42.565002,3.96,0.30499999318271875,False
28437,42.565002,3.975,0.31499999295920134,False
28438,42.565002,3.99,0.30999999307096004,False
28439,42.565002,4.005,0.31499999295920134,False
28440,42.565002,4.02,0.30999999307096004,False
28441,42.565002,4.035,0.29499999340623617,False
28442,42.565002,4.05,0.2899999935179949,False
28443,42.565002,4.065,0.2899999935179949,False
28444,42.565002,4.08,0.29499999340623617,False
28445,42.565002,4.095,0.30499999318271875,False
28446,42.565002,4.11,0.30999999307096004,False
28447,42.565002,4.125,0.31499999295920134,False
28448,42.565002,4.14,0.3249999927356839,False
28449,42.565002,4.155,0.3299999926239252,False
28450,42.565002,4.17,0.3299999926239252,False
28451,42.565002,4.185,0.3349999925121665,False
28452,42.565002,4.2,0.3349999925121665,False
28453,42.565002,4.215,0.3249999927356839,False
28454,42.565002,4.23,0.30999999307096004,False
28455,42.565002,4.245,0.29999999329447746,False
28456,42.565002,4.26,0.2899999935179949,False
28457,42.565002,4.275,0.2849999936297536,False
28458,42.565002,4.29,0.29499999340623617,False
28459,42.565002,4.305,0.29499999340623617,False
28460,42.565002,4.32,0.29999999329447746,False
28461,42.565002,4.335,0.2899999935179949,False
28462,42.565002,4.35,0.2849999936297536,False
28463,42.565002,4.365,0.2849999936297536,False
28464,42.565002,4.38,0.274999993853271,False
28465,42.565002,4.395,0.274999993853271,False
28466,42.565002,4.41,0.274999993853271,False
28467,42.565002,4.425,0.2649999940767884,False
28468,42.565002,4.44,0.2649999940767884,False
28469,42.565002,4.455,0.25499999430030584,False
28470,42.565002,4.47,0.23999999463558197,False
28471,42.565002,4.485,0.2249999949708581,False
28472,42.565002,4.5,0.21499999519437551,False
28473,42.565002,4.515,0.20499999541789293,False
28474,42.565002,4.53,0.19499999564141035,False
28475,42.565002,4.545,0.19999999552965164,False
28476,42.565002,4.56,0.19999999552965164,False
28477,42.565002,4.575,0.20999999530613422,False
28478,42.565002,4.59,0.19999999552965164,False
28479,42.565002,4.605,0.20499999541789293,False
28480,42.565002,4.62,0.20499999541789293,False
28481,42.565002,4.635,0.20999999530613422,False
28482,42.565002,4.65,0.2299999948590994,False
28483,42.565002,4.665,0.23999999463558197,False
28484,42.565002,4.68,0.2249999949708581,False
28485,42.565002,4.695,0.25499999430030584,False
28486,42.565002,4.71,0.25499999430030584,False
28487,42.565002,4.725,0.2699999939650297,False
28488,42.565002,4.74,0.2799999937415123,False
28489,42.565002,4.755,0.2899999935179949,False
28490,42.565002,4.77,0.31499999295920134,False
28491,42.565002,4.785,0.3299999926239252,False
28492,42.565002,4.8,0.35499999206513166,False
28493,42.565002,4.815,0.35499999206513166,False
28494,42.565002,4.83,0.3499999921768904,False
28495,42.565002,4.845,0.3249999927356839,False
28496,42.565002,4.86,0.29999999329447746,False
28497,42.565002,4.875,0.30499999318271875,False
28498,42.565002,4.89,0.30999999307096004,False
28499,42.565002,4.905,0.3349999925121665,False
28500,42.565002,4.92,0.3449999922886491,False
28501,42.565002,4.935,0.5899999868124723,False
28502,42.565002,4.95,0.6149999862536788,False
28503,42.565002,4.965,0.634999985806644,False
28504,42.565002,4.98,0.6149999862536788,False
28505,42.565002,4.995,0.6049999864771962,False
28506,42.565002,5.01,0.5999999865889549,False
28507,42.565002,5.025,0.5249999882653356,False
28508,42.565002,5.04,0.4899999890476465,False
28509,42.565002,5.055,0.46999998949468136,False
28510,42.565002,5.07,0.4499999899417162,False
28511,42.565002,5.085,0.4399999901652336,False
28512,42.565002,5.1,0.4449999900534749,False
28513,42.565002,5.115,0.4449999900534749,False
28514,42.565002,5.13,0.4549999898299575,False
28515,42.565002,5.145,0.4549999898299575,False
28516,42.565002,5.16,0.4549999898299575,False
28517,42.565002,5.175,0.35999999195337296,False
28518,42.565002,5.19,0.30999999307096004,False
28519,42.565002,5.205,0.29999999329447746,False
28520,42.565002,5.22,0.29999999329447746,False
28521,42.565002,5.235,0.29999999329447746,False
28522,42.565002,5.25,0.30499999318271875,False
28523,42.565002,5.265,0.2899999935179949,False
28524,42.565002,5.28,0.30999999307096004,False
28525,42.565002,5.295,0.31499999295920134,False
28526,42.565002,5.31,0.31499999295920134,False
28527,42.565002,5.325,0.30999999307096004,False
28528,42.565002,5.34,0.3199999928474426,False
28529,42.565002,5.355,0.3349999925121665,False
28530,42.565002,5.37,0.3299999926239252,False
28531,42.565002,5.385,0.3249999927356839,False
28532,42.565002,5.4,0.31499999295920134,False
28533,42.565002,5.415,0.3199999928474426,False
28534,42.565002,5.43,0.3199999928474426,False
28535,42.565002,5.445,0.30999999307096004,False
28536,42.565002,5.46,0.29999999329447746,False
28537,42.565002,5.475,0.29499999340623617,False
28538,42.565002,5.49,0.29499999340623617,False
28539,42.565002,5.505,0.274999993853271,False
28540,42.565002,5.52,0.29499999340623617,False
28541,42.565002,5.535,0.29499999340623617,False
28542,42.565002,5.55,0.2849999936297536,False
28543,42.565002,5.565,0.2799999937415123,False
28544,42.565002,5.58,0.2799999937415123,False
28545,42.565002,5.595,0.2849999936297536,False
28546,42.565002,5.61,0.2799999937415123,False
28547,42.565002,5.625,0.2899999935179949,False
28548,42.565002,5.64,0.2899999935179949,False
28549,42.565002,5.655,0.2899999935179949,False
28550,42.565002,5.67,0.29499999340623617,False
28551,42.565002,5.685,0.2849999936297536,False
28552,42.565002,5.7,0.2899999935179949,False
28553,42.565002,5.715,0.2799999937415123,False
28554,42.565002,5.73,0.2699999939650297,False
28555,42.565002,5.745,0.2699999939650297,False
28556,42.565002,5.76,0.274999993853271,False
28557,42.565002,5.775,0.2699999939650297,False
28558,42.565002,5.79,0.274999993853271,False
28559,42.565002,5.805,0.2699999939650297,False
28560,42.565002,5.82,0.2699999939650297,False
28561,42.565002,5.835,0.274999993853271,False
28562,42.565002,5.85,0.274999993853271,False
28563,42.565002,5.865,0.274999993853271,False
28564,42.565002,5.88,0.274999993853271,False
28565,42.565002,5.895,0.2899999935179949,False
28566,42.565002,5.91,0.2799999937415123,False
28567,42.565002,5.925,0.2899999935179949,False
28568,42.565002,5.94,0.29499999340623617,False
28569,42.565002,5.955,0.2899999935179949,False
28570,42.565002,5.97,0.2899999935179949,False
28571,42.565002,5.985,0.2899999935179949,False
28572,42.565002,6.0,0.29499999340623617,False
28789,42.585,3.0,,False
28790,42.585,3.015,,False
28791,42.585,3.03,,False
28792,42.585,3.045,,False
28793,42.585,3.06,,False
28794,42.585,3.075,,False
28795,42.585,3.09,,False
28796,42.585,3.105,1.254999971948564,False
28797,42.585,3.12,1.099999975413084,False
28798,42.585,3.135,0.9699999783188105,False
28799,42.585,3.15,0.9049999797716737,False
28800,42.585,3.165,0.8999999798834324,False
28801,42.585,3.18,0.8499999810010195,False
28802,42.585,3.195,0.789999982342124,False
28803,42.585,3.21,0.7249999837949872,False
28804,42.585,3.225,0.669999985024333,False
28805,42.585,3.24,0.6449999855831265,False
28806,42.585,3.255,0.5899999868124723,False
28807,42.585,3.27,0.5649999873712659,False
28808,42.585,3.285,0.5049999887123704,False
28809,42.585,3.3,0.4449999900534749,False
28810,42.585,3.315,0.36999999172985554,False
28811,42.585,3.33,0.2899999935179949,False
28812,42.585,3.345,0.23499999474734068,False
28813,42.585,3.36,0.2199999950826168,False
28814,42.585,3.375,0.2299999948590994,False
28815,42.585,3.39,0.2249999949708581,False
28816,42.585,3.405,0.21499999519437551,False
28817,42.585,3.42,0.21499999519437551,False
28818,42.585,3.435,0.2199999950826168,False
28819,42.585,3.45,0.2299999948590994,False
28820,42.585,3.465,0.2249999949708581,False
28821,42.585,3.48,0.21499999519437551,False
28822,42.585,3.495,0.2299999948590994,False
28823,42.585,3.51,0.24999999441206455,False
28824,42.585,3.525,0.25999999418854713,False
28825,42.585,3.54,0.2699999939650297,False
28826,42.585,3.555,0.2799999937415123,False
28827,42.585,3.57,0.274999993853271,False
28828,42.585,3.585,0.2649999940767884,False
28829,42.585,3.6,0.2799999937415123,False
28830,42.585,3.615,0.274999993853271,False
28831,42.585,3.63,0.2799999937415123,False
28832,42.585,3.645,0.2799999937415123,False
28833,42.585,3.66,0.2899999935179949,False
28834,42.585,3.675,0.29499999340623617,False
28835,42.585,3.69,0.29999999329447746,False
28836,42.585,3.705,0.2899999935179949,False
28837,42.585,3.72,0.2799999937415123,False
28838,42.585,3.735,0.2649999940767884,False
28839,42.585,3.75,0.24999999441206455,False
28840,42.585,3.765,0.23499999474734068,False
28841,42.585,3.78,0.23999999463558197,False
28842,42.585,3.795,0.2299999948590994,False
28843,42.585,3.81,0.2199999950826168,False
28844,42.585,3.825,0.2249999949708581,False
28845,42.585,3.84,0.2199999950826168,False
28846,42.585,3.855,0.2199999950826168,False
28847,42.585,3.87,0.2249999949708581,False
28848,42.585,3.885,0.2299999948590994,False
28849,42.585,3.9,0.23999999463558197,False
28850,42.585,3.915,0.25499999430030584,False
28851,42.585,3.93,0.274999993853271,False
28852,42.585,3.945,0.2849999936297536,False
28853,42.585,3.96,0.2899999935179949,False
28854,42.585,3.975,0.274999993853271,False
28855,42.585,3.99,0.2799999937415123,False
28856,42.585,4.005,0.2849999936297536,False
28857,42.585,4.02,0.2849999936297536,False
28858,42.585,4.035,0.2849999936297536,False
28859,42.585,4.05,0.2799999937415123,False
28860,42.585,4.065,0.2849999936297536,False
28861,42.585,4.08,0.2799999937415123,False
28862,42.585,4.095,0.2899999935179949,False
28863,42.585,4.11,0.2899999935179949,False
28864,42.585,4.125,0.2899999935179949,False
28865,42.585,4.14,0.29499999340623617,False
28866,42.585,4.155,0.31499999295920134,False
28867,42.585,4.17,0.30999999307096004,False
28868,42.585,4.185,0.31499999295920134,False
28869,42.585,4.2,0.3249999927356839,False
28870,42.585,4.215,0.3249999927356839,False
28871,42.585,4.23,0.3299999926239252,False
28872,42.585,4.245,0.3299999926239252,False
28873,42.585,4.26,0.31499999295920134,False
28874,42.585,4.275,0.30999999307096004,False
28875,42.585,4.29,0.30999999307096004,False
28876,42.585,4.305,0.29999999329447746,False
28877,42.585,4.32,0.29999999329447746,False
28878,42.585,4.335,0.29999999329447746,False
28879,42.585,4.35,0.29499999340623617,False
28880,42.585,4.365,0.2849999936297536,False
28881,42.585,4.38,0.274999993853271,False
28882,42.585,4.395,0.274999993853271,False
28883,42.585,4.41,0.2699999939650297,False
28884,42.585,4.425,0.2699999939650297,False
28885,42.585,4.44,0.2649999940767884,False
28886,42.585,4.455,0.25999999418854713,False
28887,42.585,4.47,0.25499999430030584,False
28888,42.585,4.485,0.24499999452382326,False
28889,42.585,4.5,0.23999999463558197,False
28890,42.585,4.515,0.23499999474734068,False
28891,42.585,4.53,0.23499999474734068,False
28892,42.585,4.545,0.2249999949708581,False
28893,42.585,4.56,0.2249999949708581,False
28894,42.585,4.575,0.2199999950826168,False
28895,42.585,4.59,0.21499999519437551,False
28896,42.585,4.605,0.21499999519437551,False
28897,42.585,4.62,0.21499999519437551,False
28898,42.585,4.635,0.21499999519437551,False
28899,42.585,4.65,0.2249999949708581,False
28900,42.585,4.665,0.23499999474734068,False
28901,42.585,4.68,0.2249999949708581,False
28902,42.585,4.695,0.2299999948590994,False
28903,42.585,4.71,0.24999999441206455,False
28904,42.585,4.725,0.25999999418854713,False
28905,42.585,4.74,0.2699999939650297,False
28906,42.585,4.755,0.274999993853271,False
28907,42.585,4.77,0.2899999935179949,False
28908,42.585,4.785,0.30499999318271875,False
28909,42.585,4.8,0.35999999195337296,False
28910,42.585,4.815,0.3449999922886491,False
28911,42.585,4.83,0.3249999927356839,False
28912,42.585,4.845,0.29999999329447746,False
28913,42.585,4.86,0.2899999935179949,False
28914,42.585,4.875,0.31499999295920134,False
28915,42.585,4.89,0.3249999927356839,False
28916,42.585,4.905,0.3399999924004078,False
28917,42.585,4.92,0.35499999206513166,False
28918,42.585,4.935,0.35499999206513166,False
28919,42.585,4.95,0.6149999862536788,False
28920,42.585,4.965,0.6249999860301614,False
28921,42.585,4.98,0.6499999854713678,False
28922,42.585,4.995,0.6499999854713678,False
28923,42.585,5.01,0.6149999862536788,False
28924,42.585,5.025,0.5649999873712659,False
28925,42.585,5.04,0.5249999882653356,False
28926,42.585,5.055,0.4949999889358878,False
28927,42.585,5.07,0.46999998949468136,False
28928,42.585,5.085,0.4549999898299575,False
28929,42.585,5.1,0.4399999901652336,False
28930,42.585,5.115,0.4399999901652336,False
28931,42.585,5.13,0.42999999038875103,False
28932,42.585,5.145,0.41999999061226845,False
28933,42.585,5.16,0.42999999038875103,False
28934,42.585,5.175,0.25999999418854713,False
28935,42.585,5.19,0.30499999318271875,False
28936,42.585,5.205,0.29999999329447746,False
28937,42.585,5.22,0.29999999329447746,False
28938,42.585,5.235,0.2899999935179949,False
28939,42.585,5.25,0.31499999295920134,False
28940,42.585,5.265,0.3399999924004078,False
28941,42.585,5.28,0.3399999924004078,False
28942,42.585,5.295,0.3349999925121665,False
28943,42.585,5.31,0.3349999925121665,False
28944,42.585,5.325,0.3249999927356839,False
28945,42.585,5.34,0.3349999925121665,False
28946,42.585,5.355,0.3299999926239252,False
28947,42.585,5.37,0.3249999927356839,False
28948,42.585,5.385,0.31499999295920134,False
28949,42.585,5.4,0.30999999307096004,False
28950,42.585,5.415,0.31499999295920134,False
28951,42.585,5.43,0.3199999928474426,False
28952,42.585,5.445,0.30999999307096004,False
28953,42.585,5.46,0.30999999307096004,False
28954,42.585,5.475,0.31499999295920134,False
28955,42.585,5.49,0.30999999307096004,False
28956,42.585,5.505,0.29499999340623617,False
28957,42.585,5.52,0.29999999329447746,False
28958,42.585,5.535,0.2899999935179949,False
28959,42.585,5.55,0.2849999936297536,False
28960,42.585,5.565,0.2849999936297536,False
28961,42.585,5.58,0.2849999936297536,False
28962,42.585,5.595,0.2899999935179949,False
28963,42.585,5.61,0.29499999340623617,False
28964,42.585,5.625,0.29999999329447746,False
28965,42.585,5.64,0.29999999329447746,False
28966,42.585,5.655,0.29999999329447746,False
28967,42.585,5.67,0.29999999329447746,False
28968,42.585,5.685,0.29999999329447746,False
28969,42.585,5.7,0.2849999936297536,False
28970,42.585,5.715,0.2799999937415123,False
28971,42.585,5.73,0.274999993853271,False
28972,42.585,5.745,0.2799999937415123,False
28973,42.585,5.76,0.2699999939650297,False
28974,42.585,5.775,0.2699999939650297,False
28975,42.585,5.79,0.25999999418854713,False
28976,42.585,5.805,0.25999999418854713,False
28977,42.585,5.82,0.2699999939650297,False
28978,42.585,5.835,0.274999993853271,False
28979,42.585,5.85,0.2699999939650297,False
28980,42.585,5.865,0.274999993853271,False
28981,42.585,5.88,0.2699999939650297,False
28982,42.585,5.895,0.2849999936297536,False
28983,42.585,5.91,0.2849999936297536,False
28984,42.585,5.925,0.2899999935179949,False
28985,42.585,5.94,0.29999999329447746,False
28986,42.585,5.955,0.29999999329447746,False
28987,42.585,5.97,0.2899999935179949,False
28988,42.585,5.985,0.2899999935179949,False
28989,42.585,6.0,0.30499999318271875,False
29206,42.605,3.0,,False
29207,42.605,3.015,,False
29208,42.605,3.03,,False
29209,42.605,3.045,,False
29210,42.605,3.06,,False
29211,42.605,3.075,,False
29212,42.605,3.09,,False
29213,42.605,3.105,1.339999970048666,False
29214,42.605,3.12,1.2449999721720815,False
29215,42.605,3.135,1.1099999751895666,False
29216,42.605,3.15,1.0249999770894647,False
29217,42.605,3.165,0.8699999805539846,False
29218,42.605,3.18,0.7949999822303653,False
29219,42.605,3.195,0.7249999837949872,False
29220,42.605,3.21,0.6499999854713678,False
29221,42.605,3.225,0.6099999863654375,False
29222,42.605,3.24,0.5749999871477485,False
29223,42.605,3.255,0.514999988488853,False
29224,42.605,3.27,0.4449999900534749,False
29225,42.605,3.285,0.394999991171062,False
29226,42.605,3.3,0.3349999925121665,False
29227,42.605,3.315,0.2899999935179949,False
29228,42.605,3.33,0.24499999452382326,False
29229,42.605,3.345,0.2199999950826168,False
29230,42.605,3.36,0.2249999949708581,False
29231,42.605,3.375,0.2199999950826168,False
29232,42.605,3.39,0.2249999949708581,False
29233,42.605,3.405,0.2299999948590994,False
29234,42.605,3.42,0.2249999949708581,False
29235,42.605,3.435,0.2199999950826168,False
29236,42.605,3.45,0.2199999950826168,False
29237,42.605,3.465,0.20999999530613422,False
29238,42.605,3.48,0.19999999552965164,False
29239,42.605,3.495,0.20999999530613422,False
29240,42.605,3.51,0.2249999949708581,False
29241,42.605,3.525,0.23999999463558197,False
29242,42.605,3.54,0.25499999430030584,False
29243,42.605,3.555,0.2849999936297536,False
29244,42.605,3.57,0.2799999937415123,False
29245,42.605,3.585,0.2699999939650297,False
29246,42.605,3.6,0.274999993853271,False
29247,42.605,3.615,0.25999999418854713,False
29248,42.605,3.63,0.25499999430030584,False
29249,42.605,3.645,0.2649999940767884,False
29250,42.605,3.66,0.2699999939650297,False
29251,42.605,3.675,0.2799999937415123,False
29252,42.605,3.69,0.274999993853271,False
29253,42.605,3.705,0.2699999939650297,False
29254,42.605,3.72,0.25999999418854713,False
29255,42.605,3.735,0.25499999430030584,False
29256,42.605,3.75,0.2299999948590994,False
29257,42.605,3.765,0.20499999541789293,False
29258,42.605,3.78,0.18499999586492777,False
29259,42.605,3.795,0.19499999564141035,False
29260,42.605,3.81,0.18999999575316906,False
29261,42.605,3.825,0.18999999575316906,False
29262,42.605,3.84,0.19499999564141035,False
29263,42.605,3.855,0.19499999564141035,False
29264,42.605,3.87,0.21499999519437551,False
29265,42.605,3.885,0.2199999950826168,False
29266,42.605,3.9,0.2249999949708581,False
29267,42.605,3.915,0.2249999949708581,False
29268,42.605,3.93,0.24499999452382326,False
29269,42.605,3.945,0.274999993853271,False
29270,42.605,3.96,0.2849999936297536,False
29271,42.605,3.975,0.2899999935179949,False
29272,42.605,3.99,0.2899999935179949,False
29273,42.605,4.005,0.2899999935179949,False
29274,42.605,4.02,0.2899999935179949,False
29275,42.605,4.035,0.2849999936297536,False
29276,42.605,4.05,0.2699999939650297,False
29277,42.605,4.065,0.2699999939650297,False
29278,42.605,4.08,0.274999993853271,False
29279,42.605,4.095,0.2699999939650297,False
29280,42.605,4.11,0.2699999939650297,False
29281,42.605,4.125,0.2799999937415123,False
29282,42.605,4.14,0.2849999936297536,False
29283,42.605,4.155,0.29499999340623617,False
29284,42.605,4.17,0.2899999935179949,False
29285,42.605,4.185,0.29499999340623617,False
29286,42.605,4.2,0.29999999329447746,False
29287,42.605,4.215,0.29499999340623617,False
29288,42.605,4.23,0.30999999307096004,False
29289,42.605,4.245,0.30499999318271875,False
29290,42.605,4.26,0.30999999307096004,False
29291,42.605,4.275,0.30499999318271875,False
29292,42.605,4.29,0.30499999318271875,False
29293,42.605,4.305,0.29499999340623617,False
29294,42.605,4.32,0.2849999936297536,False
29295,42.605,4.335,0.2849999936297536,False
29296,42.605,4.35,0.2849999936297536,False
29297,42.605,4.365,0.274999993853271,False
29298,42.605,4.38,0.2699999939650297,False
29299,42.605,4.395,0.25999999418854713,False
29300,42.605,4.41,0.25999999418854713,False
29301,42.605,4.425,0.25499999430030584,False
29302,42.605,4.44,0.2699999939650297,False
29303,42.605,4.455,0.25999999418854713,False
29304,42.605,4.47,0.2649999940767884,False
29305,42.605,4.485,0.25999999418854713,False
29306,42.605,4.5,0.25999999418854713,False
29307,42.605,4.515,0.25499999430030584,False
29308,42.605,4.53,0.24499999452382326,False
29309,42.605,4.545,0.23499999474734068,False
29310,42.605,4.56,0.23499999474734068,False
29311,42.605,4.575,0.2249999949708581,False
29312,42.605,4.59,0.2199999950826168,False
29313,42.605,4.605,0.20999999530613422,False
29314,42.605,4.62,0.19999999552965164,False
29315,42.605,4.635,0.20499999541789293,False
29316,42.605,4.65,0.19999999552965164,False
29317,42.605,4.665,0.21499999519437551,False
29318,42.605,4.68,0.20999999530613422,False
29319,42.605,4.695,0.2299999948590994,False
29320,42.605,4.71,0.24499999452382326,False
29321,42.605,4.725,0.24499999452382326,False
29322,42.605,4.74,0.24499999452382326,False
29323,42.605,4.755,0.25499999430030584,False
29324,42.605,4.77,0.274999993853271,False
29325,42.605,4.785,0.2849999936297536,False
29326,42.605,4.8,0.3499999921768904,False
29327,42.605,4.815,0.3199999928474426,False
29328,42.605,4.83,0.29999999329447746,False
29329,42.605,4.845,0.29499999340623617,False
29330,42.605,4.86,0.30499999318271875,False
29331,42.605,4.875,0.30499999318271875,False
29332,42.605,4.89,0.31499999295920134,False
29333,42.605,4.905,0.3299999926239252,False
29334,42.605,4.92,0.3349999925121665,False
29335,42.605,4.935,0.5749999871477485,False
29336,42.605,4.95,0.5949999867007136,False
29337,42.605,4.965,0.5799999870359898,False
29338,42.605,4.98,0.6049999864771962,False
29339,42.605,4.995,0.5799999870359898,False
29340,42.605,5.01,0.5699999872595072,False
29341,42.605,5.025,0.5549999875947833,False
29342,42.605,5.04,0.5299999881535769,False
29343,42.605,5.055,0.4949999889358878,False
29344,42.605,5.07,0.47999998927116394,False
29345,42.605,5.085,0.4599999897181988,False
29346,42.605,5.1,0.4499999899417162,False
29347,42.605,5.115,0.42999999038875103,False
29348,42.605,5.13,0.41999999061226845,False
29349,42.605,5.145,0.42999999038875103,False
29350,42.605,5.16,0.2649999940767884,False
29351,42.605,5.175,0.30499999318271875,False
29352,42.605,5.19,0.30999999307096004,False
29353,42.605,5.205,0.3199999928474426,False
29354,42.605,5.22,0.30999999307096004,False
29355,42.605,5.235,0.29999999329447746,False
29356,42.605,5.25,0.30999999307096004,False
29357,42.605,5.265,0.3399999924004078,False
29358,42.605,5.28,0.3449999922886491,False
29359,42.605,5.295,0.3399999924004078,False
29360,42.605,5.31,0.3349999925121665,False
29361,42.605,5.325,0.3249999927356839,False
29362,42.605,5.34,0.3199999928474426,False
29363,42.605,5.355,0.31499999295920134,False
29364,42.605,5.37,0.3249999927356839,False
29365,42.605,5.385,0.30999999307096004,False
29366,42.605,5.4,0.30999999307096004,False
29367,42.605,5.415,0.31499999295920134,False
29368,42.605,5.43,0.31499999295920134,False
29369,42.605,5.445,0.3199999928474426,False
29370,42.605,5.46,0.3199999928474426,False
29371,42.605,5.475,0.3199999928474426,False
29372,42.605,5.49,0.31499999295920134,False
29373,42.605,5.505,0.29999999329447746,False
29374,42.605,5.52,0.30499999318271875,False
29375,42.605,5.535,0.2899999935179949,False
29376,42.605,5.55,0.2849999936297536,False
29377,42.605,5.565,0.2899999935179949,False
29378,42.605,5.58,0.29999999329447746,False
29379,42.605,5.595,0.29999999329447746,False
29380,42.605,5.61,0.29999999329447746,False
29381,42.605,5.625,0.30999999307096004,False
29382,42.605,5.64,0.30999999307096004,False
29383,42.605,5.655,0.29499999340623617,False
29384,42.605,5.67,0.30499999318271875,False
29385,42.605,5.685,0.29999999329447746,False
29386,42.605,5.7,0.2799999937415123,False
29387,42.605,5.715,0.2799999937415123,False
29388,42.605,5.73,0.2649999940767884,False
29389,42.605,5.745,0.2699999939650297,False
29390,42.605,5.76,0.2699999939650297,False
29391,42.605,5.775,0.2699999939650297,False
29392,42.605,5.79,0.25999999418854713,False
29393,42.605,5.805,0.2649999940767884,False
29394,42.605,5.82,0.2649999940767884,False
29395,42.605,5.835,0.2699999939650297,False
29396,42.605,5.85,0.2799999937415123,False
29397,42.605,5.865,0.2849999936297536,False
29398,42.605,5.88,0.2899999935179949,False
29399,42.605,5.895,0.30499999318271875,False
29400,42.605,5.91,0.29499999340623617,False
29401,42.605,5.925,0.29499999340623617,False
29402,42.605,5.94,0.30499999318271875,False
29403,42.605,5.955,0.30999999307096004,False
29404,42.605,5.97,0.29499999340623617,False
29405,42.605,5.985,0.29999999329447746,False
29406,42.605,6.0,0.30499999318271875,False
29623,42.625,3.0,,False
29624,42.625,3.015,,False
29625,42.625,3.03,,False
29626,42.625,3.045,,False
29627,42.625,3.06,,False
29628,42.625,3.075,,False
29629,42.625,3.09,,False
29630,42.625,3.105,1.3549999697133899,False
29631,42.625,3.12,1.2749999715015292,False
29632,42.625,3.135,1.184999973513186,False
29633,42.625,3.15,1.0599999763071537,False
29634,42.625,3.165,0.9299999792128801,False
29635,42.625,3.18,0.8449999811127782,False
29636,42.625,3.195,0.754999983124435,False
29637,42.625,3.21,0.7249999837949872,False
29638,42.625,3.225,0.704999984242022,False
29639,42.625,3.24,0.669999985024333,False
29640,42.625,3.255,0.6049999864771962,False
29641,42.625,3.27,0.5099999886006117,False
29642,42.625,3.285,0.4349999902769923,False
29643,42.625,3.3,0.35499999206513166,False
29644,42.625,3.315,0.29499999340623617,False
29645,42.625,3.33,0.24999999441206455,False
29646,42.625,3.345,0.20499999541789293,False
29647,42.625,3.36,0.19999999552965164,False
29648,42.625,3.375,0.2199999950826168,False
29649,42.625,3.39,0.2249999949708581,False
29650,42.625,3.405,0.2299999948590994,False
29651,42.625,3.42,0.2299999948590994,False
29652,42.625,3.435,0.2199999950826168,False
29653,42.625,3.45,0.2249999949708581,False
29654,42.625,3.465,0.21499999519437551,False
29655,42.625,3.48,0.20499999541789293,False
29656,42.625,3.495,0.19499999564141035,False
29657,42.625,3.51,0.19499999564141035,False
29658,42.625,3.525,0.2249999949708581,False
29659,42.625,3.54,0.24999999441206455,False
29660,42.625,3.555,0.274999993853271,False
29661,42.625,3.57,0.2849999936297536,False
29662,42.625,3.585,0.29499999340623617,False
29663,42.625,3.6,0.2899999935179949,False
29664,42.625,3.615,0.29499999340623617,False
29665,42.625,3.63,0.2849999936297536,False
29666,42.625,3.645,0.2799999937415123,False
29667,42.625,3.66,0.2799999937415123,False
29668,42.625,3.675,0.2699999939650297,False
29669,42.625,3.69,0.24999999441206455,False
29670,42.625,3.705,0.2299999948590994,False
29671,42.625,3.72,0.2199999950826168,False
29672,42.625,3.735,0.2199999950826168,False
29673,42.625,3.75,0.20499999541789293,False
29674,42.625,3.765,0.19999999552965164,False
29675,42.625,3.78,0.1749999960884452,False
29676,42.625,3.795,0.1749999960884452,False
29677,42.625,3.81,0.1699999962002039,False
29678,42.625,3.825,0.1749999960884452,False
29679,42.625,3.84,0.17999999597668648,False
29680,42.625,3.855,0.17999999597668648,False
29681,42.625,3.87,0.18999999575316906,False
29682,42.625,3.885,0.18999999575316906,False
29683,42.625,3.9,0.18499999586492777,False
29684,42.625,3.915,0.20499999541789293,False
29685,42.625,3.93,0.2199999950826168,False
29686,42.625,3.945,0.24499999452382326,False
29687,42.625,3.96,0.2699999939650297,False
29688,42.625,3.975,0.2899999935179949,False
29689,42.625,3.99,0.30499999318271875,False
29690,42.625,4.005,0.3199999928474426,False
29691,42.625,4.02,0.3199999928474426,False
29692,42.625,4.035,0.30999999307096004,False
29693,42.625,4.05,0.2899999935179949,False
29694,42.625,4.065,0.2799999937415123,False
29695,42.625,4.08,0.2699999939650297,False
29696,42.625,4.095,0.25999999418854713,False
29697,42.625,4.11,0.25999999418854713,False
29698,42.625,4.125,0.2649999940767884,False
29699,42.625,4.14,0.2799999937415123,False
29700,42.625,4.155,0.274999993853271,False
29701,42.625,4.17,0.2849999936297536,False
29702,42.625,4.185,0.2849999936297536,False
29703,42.625,4.2,0.2849999936297536,False
29704,42.625,4.215,0.274999993853271,False
29705,42.625,4.23,0.2799999937415123,False
29706,42.625,4.245,0.274999993853271,False
29707,42.625,4.26,0.274999993853271,False
29708,42.625,4.275,0.2699999939650297,False
29709,42.625,4.29,0.2699999939650297,False
29710,42.625,4.305,0.2699999939650297,False
29711,42.625,4.32,0.2649999940767884,False
29712,42.625,4.335,0.274999993853271,False
29713,42.625,4.35,0.25499999430030584,False
29714,42.625,4.365,0.24999999441206455,False
29715,42.625,4.38,0.24999999441206455,False
29716,42.625,4.395,0.23499999474734068,False
29717,42.625,4.41,0.2299999948590994,False
29718,42.625,4.425,0.23999999463558197,False
29719,42.625,4.44,0.23999999463558197,False
29720,42.625,4.455,0.24499999452382326,False
29721,42.625,4.47,0.24499999452382326,False
29722,42.625,4.485,0.24999999441206455,False
29723,42.625,4.5,0.25999999418854713,False
29724,42.625,4.515,0.25999999418854713,False
29725,42.625,4.53,0.25999999418854713,False
29726,42.625,4.545,0.25499999430030584,False
29727,42.625,4.56,0.24999999441206455,False
29728,42.625,4.575,0.23499999474734068,False
29729,42.625,4.59,0.23499999474734068,False
29730,42.625,4.605,0.2199999950826168,False
29731,42.625,4.62,0.20999999530613422,False
29732,42.625,4.635,0.20999999530613422,False
29733,42.625,4.65,0.20499999541789293,False
29734,42.625,4.665,0.20499999541789293,False
29735,42.625,4.68,0.20499999541789293,False
29736,42.625,4.695,0.2199999950826168,False
29737,42.625,4.71,0.2249999949708581,False
29738,42.625,4.725,0.2299999948590994,False
29739,42.625,4.74,0.2649999940767884,False
29740,42.625,4.755,0.25999999418854713,False
29741,42.625,4.77,0.2649999940767884,False
29742,42.625,4.785,0.2899999935179949,False
29743,42.625,4.8,0.30499999318271875,False
29744,42.625,4.815,0.30999999307096004,False
29745,42.625,4.83,0.3199999928474426,False
29746,42.625,4.845,0.3199999928474426,False
29747,42.625,4.86,0.3299999926239252,False
29748,42.625,4.875,0.3299999926239252,False
29749,42.625,4.89,0.3499999921768904,False
29750,42.625,4.905,0.3499999921768904,False
29751,42.625,4.92,0.35999999195337296,False
29752,42.625,4.935,0.3899999912828207,False
29753,42.625,4.95,0.4349999902769923,False
29754,42.625,4.965,0.46999998949468136,False
29755,42.625,4.98,0.5999999865889549,False
29756,42.625,4.995,0.5899999868124723,False
29757,42.625,5.01,0.5299999881535769,False
29758,42.625,5.025,0.5199999883770943,False
29759,42.625,5.04,0.4999999888241291,False
29760,42.625,5.055,0.47999998927116394,False
29761,42.625,5.07,0.47499998938292265,False
29762,42.625,5.085,0.46499998960644007,False
29763,42.625,5.1,0.4499999899417162,False
29764,42.625,5.115,0.42999999038875103,False
29765,42.625,5.13,0.42499999050050974,False
29766,42.625,5.145,0.42999999038875103,False
29767,42.625,5.16,0.2849999936297536,False
29768,42.625,5.175,0.2899999935179949,False
29769,42.625,5.19,0.29999999329447746,False
29770,42.625,5.205,0.29999999329447746,False
29771,42.625,5.22,0.31499999295920134,False
29772,42.625,5.235,0.30999999307096004,False
29773,42.625,5.25,0.30999999307096004,False
29774,42.625,5.265,0.3249999927356839,False
29775,42.625,5.28,0.31499999295920134,False
29776,42.625,5.295,0.30499999318271875,False
29777,42.625,5.31,0.30499999318271875,False
29778,42.625,5.325,0.31499999295920134,False
29779,42.625,5.34,0.30999999307096004,False
29780,42.625,5.355,0.30999999307096004,False
29781,42.625,5.37,0.31499999295920134,False
29782,42.625,5.385,0.30999999307096004,False
29783,42.625,5.4,0.3199999928474426,False
29784,42.625,5.415,0.3249999927356839,False
29785,42.625,5.43,0.3299999926239252,False
29786,42.625,5.445,0.3249999927356839,False
29787,42.625,5.46,0.3199999928474426,False
29788,42.625,5.475,0.3199999928474426,False
29789,42.625,5.49,0.30999999307096004,False
29790,42.625,5.505,0.30999999307096004,False
29791,42.625,5.52,0.30499999318271875,False
29792,42.625,5.535,0.29499999340623617,False
29793,42.625,5.55,0.29499999340623617,False
29794,42.625,5.565,0.29999999329447746,False
29795,42.625,5.58,0.29999999329447746,False
29796,42.625,5.595,0.30499999318271875,False
29797,42.625,5.61,0.30999999307096004,False
29798,42.625,5.625,0.30499999318271875,False
29799,42.625,5.64,0.30999999307096004,False
29800,42.625,5.655,0.29999999329447746,False
29801,42.625,5.67,0.29499999340623617,False
29802,42.625,5.685,0.29999999329447746,False
29803,42.625,5.7,0.2899999935179949,False
29804,42.625,5.715,0.2849999936297536,False
29805,42.625,5.73,0.2799999937415123,False
29806,42.625,5.745,0.2799999937415123,False
29807,42.625,5.76,0.2799999937415123,False
29808,42.625,5.775,0.2699999939650297,False
29809,42.625,5.79,0.2649999940767884,False
29810,42.625,5.805,0.2699999939650297,False
29811,42.625,5.82,0.2799999937415123,False
29812,42.625,5.835,0.2799999937415123,False
29813,42.625,5.85,0.2849999936297536,False
29814,42.625,5.865,0.2899999935179949,False
29815,42.625,5.88,0.29999999329447746,False
29816,42.625,5.895,0.30999999307096004,False
29817,42.625,5.91,0.29999999329447746,False
29818,42.625,5.925,0.30499999318271875,False
29819,42.625,5.94,0.3199999928474426,False
29820,42.625,5.955,0.3249999927356839,False
29821,42.625,5.97,0.3249999927356839,False
29822,42.625,5.985,0.3199999928474426,False
29823,42.625,6.0,0.3299999926239252,False
30040,42.645,3.0,,False
30041,42.645,3.015,,False
30042,42.645,3.03,,False
30043,42.645,3.045,,False
30044,42.645,3.06,,False
30045,42.645,3.075,,False
30046,42.645,3.09,1.339999970048666,False
30047,42.645,3.105,1.2499999720603228,False
30048,42.645,3.12,1.219999972730875,False
30049,42.645,3.135,1.1299999747425318,False
30050,42.645,3.15,1.0249999770894647,False
30051,42.645,3.165,0.9499999787658453,False
30052,42.645,3.18,0.8449999811127782,False
30053,42.645,3.195,0.8299999814480543,False
30054,42.645,3.21,0.824999981559813,False
30055,42.645,3.225,0.8599999807775021,False
30056,42.645,3.24,0.8449999811127782,False
30057,42.645,3.255,0.7799999825656414,False
30058,42.645,3.27,0.6999999843537807,False
30059,42.645,3.285,0.6249999860301614,False
30060,42.645,3.3,0.549999987706542,False
30061,42.645,3.315,0.4599999897181988,False
30062,42.645,3.33,0.40999999083578587,False
30063,42.645,3.345,0.3249999927356839,False
30064,42.645,3.36,0.274999993853271,False
30065,42.645,3.375,0.25499999430030584,False
30066,42.645,3.39,0.25499999430030584,False
30067,42.645,3.405,0.23999999463558197,False
30068,42.645,3.42,0.2249999949708581,False
30069,42.645,3.435,0.2199999950826168,False
30070,42.645,3.45,0.21499999519437551,False
30071,42.645,3.465,0.21499999519437551,False
30072,42.645,3.48,0.18999999575316906,False
30073,42.645,3.495,0.18499999586492777,False
30074,42.645,3.51,0.18999999575316906,False
30075,42.645,3.525,0.21499999519437551,False
30076,42.645,3.54,0.24999999441206455,False
30077,42.645,3.555,0.2699999939650297,False
30078,42.645,3.57,0.30499999318271875,False
30079,42.645,3.585,0.3449999922886491,False
30080,42.645,3.6,0.37499999161809683,False
30081,42.645,3.615,0.40999999083578587,False
30082,42.645,3.63,0.40999999083578587,False
30083,42.645,3.645,0.36999999172985554,False
30084,42.645,3.66,0.3399999924004078,False
30085,42.645,3.675,0.31499999295920134,False
30086,42.645,3.69,0.2899999935179949,False
30087,42.645,3.705,0.2649999940767884,False
30088,42.645,3.72,0.2299999948590994,False
30089,42.645,3.735,0.21499999519437551,False
30090,42.645,3.75,0.20499999541789293,False
30091,42.645,3.765,0.18999999575316906,False
30092,42.645,3.78,0.17999999597668648,False
30093,42.645,3.795,0.17999999597668648,False
30094,42.645,3.81,0.1699999962002039,False
30095,42.645,3.825,0.1699999962002039,False
30096,42.645,3.84,0.1749999960884452,False
30097,42.645,3.855,0.15499999653548002,False
30098,42.645,3.87,0.1599999964237213,False
30099,42.645,3.885,0.1699999962002039,False
30100,42.645,3.9,0.1749999960884452,False
30101,42.645,3.915,0.18499999586492777,False
30102,42.645,3.93,0.19499999564141035,False
30103,42.645,3.945,0.2199999950826168,False
30104,42.645,3.96,0.24999999441206455,False
30105,42.645,3.975,0.274999993853271,False
30106,42.645,3.99,0.29999999329447746,False
30107,42.645,4.005,0.31499999295920134,False
30108,42.645,4.02,0.3299999926239252,False
30109,42.645,4.035,0.3199999928474426,False
30110,42.645,4.05,0.30499999318271875,False
30111,42.645,4.065,0.2849999936297536,False
30112,42.645,4.08,0.2699999939650297,False
30113,42.645,4.095,0.25999999418854713,False
30114,42.645,4.11,0.24999999441206455,False
30115,42.645,4.125,0.25499999430030584,False
30116,42.645,4.14,0.2649999940767884,False
30117,42.645,4.155,0.2699999939650297,False
30118,42.645,4.17,0.2799999937415123,False
30119,42.645,4.185,0.2849999936297536,False
30120,42.645,4.2,0.274999993853271,False
30121,42.645,4.215,0.25999999418854713,False
30122,42.645,4.23,0.2649999940767884,False
30123,42.645,4.245,0.274999993853271,False
30124,42.645,4.26,0.25999999418854713,False
30125,42.645,4.275,0.25499999430030584,False
30126,42.645,4.29,0.25999999418854713,False
30127,42.645,4.305,0.25999999418854713,False
30128,42.645,4.32,0.24499999452382326,False
30129,42.645,4.335,0.24999999441206455,False
30130,42.645,4.35,0.2249999949708581,False
30131,42.645,4.365,0.2249999949708581,False
30132,42.645,4.38,0.2249999949708581,False
30133,42.645,4.395,0.21499999519437551,False
30134,42.645,4.41,0.21499999519437551,False
30135,42.645,4.425,0.21499999519437551,False
30136,42.645,4.44,0.2199999950826168,False
30137,42.645,4.455,0.21499999519437551,False
30138,42.645,4.47,0.20499999541789293,False
30139,42.645,4.485,0.2299999948590994,False
30140,42.645,4.5,0.2299999948590994,False
30141,42.645,4.515,0.24499999452382326,False
30142,42.645,4.53,0.24499999452382326,False
30143,42.645,4.545,0.25499999430030584,False
30144,42.645,4.56,0.24999999441206455,False
30145,42.645,4.575,0.24499999452382326,False
30146,42.645,4.59,0.2299999948590994,False
30147,42.645,4.605,0.2299999948590994,False
30148,42.645,4.62,0.21499999519437551,False
30149,42.645,4.635,0.20999999530613422,False
30150,42.645,4.65,0.19999999552965164,False
30151,42.645,4.665,0.19999999552965164,False
30152,42.645,4.68,0.19499999564141035,False
30153,42.645,4.695,0.19999999552965164,False
30154,42.645,4.71,0.19499999564141035,False
30155,42.645,4.725,0.19999999552965164,False
30156,42.645,4.74,0.23499999474734068,False
30157,42.645,4.755,0.25499999430030584,False
30158,42.645,4.77,0.2649999940767884,False
30159,42.645,4.785,0.2849999936297536,False
30160,42.645,4.8,0.29999999329447746,False
30161,42.645,4.815,0.3399999924004078,False
30162,42.645,4.83,0.3449999922886491,False
30163,42.645,4.845,0.35499999206513166,False
30164,42.645,4.86,0.35499999206513166,False
30165,42.645,4.875,0.35999999195337296,False
30166,42.645,4.89,0.3849999913945794,False
30167,42.645,4.905,0.40999999083578587,False
30168,42.645,4.92,0.42499999050050974,False
30169,42.645,4.935,0.4399999901652336,False
30170,42.645,4.95,0.46999998949468136,False
30171,42.645,4.965,0.514999988488853,False
30172,42.645,4.98,0.5299999881535769,False
30173,42.645,4.995,0.5049999887123704,False
30174,42.645,5.01,0.4899999890476465,False
30175,42.645,5.025,0.48499998915940523,False
30176,42.645,5.04,0.47499998938292265,False
30177,42.645,5.055,0.46999998949468136,False
30178,42.645,5.07,0.46999998949468136,False
30179,42.645,5.085,0.4599999897181988,False
30180,42.645,5.1,0.4549999898299575,False
30181,42.645,5.115,0.4549999898299575,False
30182,42.645,5.13,0.4499999899417162,False
30183,42.645,5.145,0.4499999899417162,False
30184,42.645,5.16,0.30499999318271875,False
30185,42.645,5.175,0.30499999318271875,False
30186,42.645,5.19,0.3199999928474426,False
30187,42.645,5.205,0.3199999928474426,False
30188,42.645,5.22,0.29999999329447746,False
30189,42.645,5.235,0.30499999318271875,False
30190,42.645,5.25,0.3199999928474426,False
30191,42.645,5.265,0.3249999927356839,False
30192,42.645,5.28,0.30999999307096004,False
30193,42.645,5.295,0.30499999318271875,False
30194,42.645,5.31,0.30999999307096004,False
30195,42.645,5.325,0.30499999318271875,False
30196,42.645,5.34,0.29999999329447746,False
30197,42.645,5.355,0.31499999295920134,False
30198,42.645,5.37,0.3249999927356839,False
30199,42.645,5.385,0.3249999927356839,False
30200,42.645,5.4,0.3249999927356839,False
30201,42.645,5.415,0.3199999928474426,False
30202,42.645,5.43,0.3299999926239252,False
30203,42.645,5.445,0.3249999927356839,False
30204,42.645,5.46,0.30999999307096004,False
30205,42.645,5.475,0.30499999318271875,False
30206,42.645,5.49,0.30499999318271875,False
30207,42.645,5.505,0.29999999329447746,False
30208,42.645,5.52,0.30499999318271875,False
30209,42.645,5.535,0.29999999329447746,False
30210,42.645,5.55,0.29499999340623617,False
30211,42.645,5.565,0.29999999329447746,False
30212,42.645,5.58,0.29999999329447746,False
30213,42.645,5.595,0.30499999318271875,False
30214,42.645,5.61,0.30499999318271875,False
30215,42.645,5.625,0.29999999329447746,False
30216,42.645,5.64,0.30999999307096004,False
30217,42.645,5.655,0.29999999329447746,False
30218,42.645,5.67,0.2899999935179949,False
30219,42.645,5.685,0.29499999340623617,False
30220,42.645,5.7,0.29499999340623617,False
30221,42.645,5.715,0.2849999936297536,False
30222,42.645,5.73,0.2849999936297536,False
30223,42.645,5.745,0.2899999935179949,False
30224,42.645,5.76,0.2799999937415123,False
30225,42.645,5.775,0.2799999937415123,False
30226,42.645,5.79,0.274999993853271,False
30227,42.645,5.805,0.2799999937415123,False
30228,42.645,5.82,0.2849999936297536,False
30229,42.645,5.835,0.2849999936297536,False
30230,42.645,5.85,0.2899999935179949,False
30231,42.645,5.865,0.29499999340623617,False
30232,42.645,5.88,0.29999999329447746,False
30233,42.645,5.895,0.30499999318271875,False
30234,42.645,5.91,0.29999999329447746,False
30235,42.645,5.925,0.31499999295920134,False
30236,42.645,5.94,0.3199999928474426,False
30237,42.645,5.955,0.3349999925121665,False
30238,42.645,5.97,0.3349999925121665,False
30239,42.645,5.985,0.3449999922886491,False
30240,42.645,6.0,0.35499999206513166,False
30457,42.665,3.0,,False
30458,42.665,3.015,,False
30459,42.665,3.03,,False
30460,42.665,3.045,,False
30461,42.665,3.06,,False
30462,42.665,3.075,1.614999963901937,False
30463,42.665,3.09,1.4149999683722854,False
30464,42.665,3.105,1.1799999736249447,False
30465,42.665,3.12,1.1099999751895666,False
30466,42.665,3.135,1.0449999766424298,False
30467,42.665,3.15,0.9549999786540866,False
30468,42.665,3.165,0.8599999807775021,False
30469,42.665,3.18,0.7449999833479524,False
30470,42.665,3.195,0.7099999841302633,False
30471,42.665,3.21,0.7999999821186066,False
30472,42.665,3.225,0.8549999808892608,False
30473,42.665,3.24,0.909999979659915,False
30474,42.665,3.255,0.8299999814480543,False
30475,42.665,3.27,0.7699999827891588,False
30476,42.665,3.285,0.6749999849125743,False
30477,42.665,3.3,0.6199999861419201,False
30478,42.665,3.315,0.5799999870359898,False
30479,42.665,3.33,0.5349999880418181,False
30480,42.665,3.345,0.4899999890476465,False
30481,42.665,3.36,0.4449999900534749,False
30482,42.665,3.375,0.394999991171062,False
30483,42.665,3.39,0.35999999195337296,False
30484,42.665,3.405,0.31499999295920134,False
30485,42.665,3.42,0.30999999307096004,False
30486,42.665,3.435,0.2699999939650297,False
30487,42.665,3.45,0.2849999936297536,False
30488,42.665,3.465,0.2699999939650297,False
30489,42.665,3.48,0.23999999463558197,False
30490,42.665,3.495,0.2249999949708581,False
30491,42.665,3.51,0.20499999541789293,False
30492,42.665,3.525,0.21499999519437551,False
30493,42.665,3.54,0.23999999463558197,False
30494,42.665,3.555,0.25999999418854713,False
30495,42.665,3.57,0.2849999936297536,False
30496,42.665,3.585,0.30999999307096004,False
30497,42.665,3.6,0.3299999926239252,False
30498,42.665,3.615,0.3399999924004078,False
30499,42.665,3.63,0.3449999922886491,False
30500,42.665,3.645,0.3499999921768904,False
30501,42.665,3.66,0.3499999921768904,False
30502,42.665,3.675,0.35499999206513166,False
30503,42.665,3.69,0.3449999922886491,False
30504,42.665,3.705,0.30499999318271875,False
30505,42.665,3.72,0.2649999940767884,False
30506,42.665,3.735,0.23499999474734068,False
30507,42.665,3.75,0.20999999530613422,False
30508,42.665,3.765,0.19499999564141035,False
30509,42.665,3.78,0.17999999597668648,False
30510,42.665,3.795,0.1749999960884452,False
30511,42.665,3.81,0.1699999962002039,False
30512,42.665,3.825,0.1649999963119626,False
30513,42.665,3.84,0.1699999962002039,False
30514,42.665,3.855,0.14999999664723873,False
30515,42.665,3.87,0.15499999653548002,False
30516,42.665,3.885,0.1649999963119626,False
30517,42.665,3.9,0.1649999963119626,False
30518,42.665,3.915,0.17999999597668648,False
30519,42.665,3.93,0.19999999552965164,False
30520,42.665,3.945,0.2199999950826168,False
30521,42.665,3.96,0.24499999452382326,False
30522,42.665,3.975,0.2799999937415123,False
30523,42.665,3.99,0.29499999340623617,False
30524,42.665,4.005,0.30999999307096004,False
30525,42.665,4.02,0.3199999928474426,False
30526,42.665,4.035,0.3199999928474426,False
30527,42.665,4.05,0.30999999307096004,False
30528,42.665,4.065,0.29999999329447746,False
30529,42.665,4.08,0.2799999937415123,False
30530,42.665,4.095,0.25999999418854713,False
30531,42.665,4.11,0.25999999418854713,False
30532,42.665,4.125,0.25999999418854713,False
30533,42.665,4.14,0.25499999430030584,False
30534,42.665,4.155,0.25999999418854713,False
30535,42.665,4.17,0.2699999939650297,False
30536,42.665,4.185,0.274999993853271,False
30537,42.665,4.2,0.25499999430030584,False
30538,42.665,4.215,0.25999999418854713,False
30539,42.665,4.23,0.25999999418854713,False
30540,42.665,4.245,0.25999999418854713,False
30541,42.665,4.26,0.25999999418854713,False
30542,42.665,4.275,0.25499999430030584,False
30543,42.665,4.29,0.25499999430030584,False
30544,42.665,4.305,0.23999999463558197,False
30545,42.665,4.32,0.2299999948590994,False
30546,42.665,4.335,0.2199999950826168,False
30547,42.665,4.35,0.2249999949708581,False
30548,42.665,4.365,0.20999999530613422,False
30549,42.665,4.38,0.20999999530613422,False
30550,42.665,4.395,0.19999999552965164,False
30551,42.665,4.41,0.19499999564141035,False
30552,42.665,4.425,0.19999999552965164,False
30553,42.665,4.44,0.19999999552965164,False
30554,42.665,4.455,0.19499999564141035,False
30555,42.665,4.47,0.19499999564141035,False
30556,42.665,4.485,0.20999999530613422,False
30557,42.665,4.5,0.21499999519437551,False
30558,42.665,4.515,0.2199999950826168,False
30559,42.665,4.53,0.2249999949708581,False
30560,42.665,4.545,0.24499999452382326,False
30561,42.665,4.56,0.23999999463558197,False
30562,42.665,4.575,0.24499999452382326,False
30563,42.665,4.59,0.2299999948590994,False
30564,42.665,4.605,0.21499999519437551,False
30565,42.665,4.62,0.21499999519437551,False
30566,42.665,4.635,0.20999999530613422,False
30567,42.665,4.65,0.20999999530613422,False
30568,42.665,4.665,0.20999999530613422,False
30569,42.665,4.68,0.19999999552965164,False
30570,42.665,4.695,0.20999999530613422,False
30571,42.665,4.71,0.2249999949708581,False
30572,42.665,4.725,0.20999999530613422,False
30573,42.665,4.74,0.23499999474734068,False
30574,42.665,4.755,0.23499999474734068,False
30575,42.665,4.77,0.25499999430030584,False
30576,42.665,4.785,0.274999993853271,False
30577,42.665,4.8,0.2799999937415123,False
30578,42.665,4.815,0.3249999927356839,False
30579,42.665,4.83,0.3449999922886491,False
30580,42.665,4.845,0.35499999206513166,False
30581,42.665,4.86,0.36999999172985554,False
30582,42.665,4.875,0.3799999915063381,False
30583,42.665,4.89,0.3999999910593033,False
30584,42.665,4.905,0.40999999083578587,False
30585,42.665,4.92,0.41999999061226845,False
30586,42.665,4.935,0.4349999902769923,False
30587,42.665,4.95,0.4599999897181988,False
30588,42.665,4.965,0.47999998927116394,False
30589,42.665,4.98,0.4899999890476465,False
30590,42.665,4.995,0.46499998960644007,False
30591,42.665,5.01,0.4599999897181988,False
30592,42.665,5.025,0.4599999897181988,False
30593,42.665,5.04,0.4599999897181988,False
30594,42.665,5.055,0.4599999897181988,False
30595,42.665,5.07,0.46499998960644007,False
30596,42.665,5.085,0.4549999898299575,False
30597,42.665,5.1,0.4499999899417162,False
30598,42.665,5.115,0.4499999899417162,False
30599,42.665,5.13,0.4499999899417162,False
30600,42.665,5.145,0.4599999897181988,False
30601,42.665,5.16,0.274999993853271,False
30602,42.665,5.175,0.30499999318271875,False
30603,42.665,5.19,0.3249999927356839,False
30604,42.665,5.205,0.3249999927356839,False
30605,42.665,5.22,0.3349999925121665,False
30606,42.665,5.235,0.3199999928474426,False
30607,42.665,5.25,0.3249999927356839,False
30608,42.665,5.265,0.3249999927356839,False
30609,42.665,5.28,0.30999999307096004,False
30610,42.665,5.295,0.30999999307096004,False
30611,42.665,5.31,0.30999999307096004,False
30612,42.665,5.325,0.30999999307096004,False
30613,42.665,5.34,0.30999999307096004,False
30614,42.665,5.355,0.3199999928474426,False
30615,42.665,5.37,0.3199999928474426,False
30616,42.665,5.385,0.3199999928474426,False
30617,42.665,5.4,0.3249999927356839,False
30618,42.665,5.415,0.3249999927356839,False
30619,42.665,5.43,0.3199999928474426,False
30620,42.665,5.445,0.3199999928474426,False
30621,42.665,5.46,0.30999999307096004,False
30622,42.665,5.475,0.30499999318271875,False
30623,42.665,5.49,0.29999999329447746,False
30624,42.665,5.505,0.29499999340623617,False
30625,42.665,5.52,0.29999999329447746,False
30626,42.665,5.535,0.29999999329447746,False
30627,42.665,5.55,0.29999999329447746,False
30628,42.665,5.565,0.2899999935179949,False
30629,42.665,5.58,0.2849999936297536,False
30630,42.665,5.595,0.29499999340623617,False
30631,42.665,5.61,0.29999999329447746,False
30632,42.665,5.625,0.29499999340623617,False
30633,42.665,5.64,0.29999999329447746,False
30634,42.665,5.655,0.29499999340623617,False
30635,42.665,5.67,0.2899999935179949,False
30636,42.665,5.685,0.29499999340623617,False
30637,42.665,5.7,0.29999999329447746,False
30638,42.665,5.715,0.29499999340623617,False
30639,42.665,5.73,0.29999999329447746,False
30640,42.665,5.745,0.29499999340623617,False
30641,42.665,5.76,0.274999993853271,False
30642,42.665,5.775,0.2799999937415123,False
30643,42.665,5.79,0.2799999937415123,False
30644,42.665,5.805,0.29499999340623617,False
30645,42.665,5.82,0.29499999340623617,False
30646,42.665,5.835,0.29999999329447746,False
30647,42.665,5.85,0.30499999318271875,False
30648,42.665,5.865,0.30499999318271875,False
30649,42.665,5.88,0.30499999318271875,False
30650,42.665,5.895,0.30999999307096004,False
30651,42.665,5.91,0.3299999926239252,False
30652,42.665,5.925,0.3349999925121665,False
30653,42.665,5.94,0.3349999925121665,False
30654,42.665,5.955,0.3349999925121665,False
30655,42.665,5.97,0.3449999922886491,False
30656,42.665,5.985,0.35999999195337296,False
30657,42.665,6.0,0.36499999184161425,False
30874,42.684998,3.0,,False
30875,42.684998,3.015,,False
30876,42.684998,3.03,,False
30877,42.684998,3.045,2.079999953508377,False
30878,42.684998,3.06,1.7449999609962106,False
30879,42.684998,3.075,1.6049999641254544,False
30880,42.684998,3.09,1.459999967366457,False
30881,42.684998,3.105,1.2999999709427357,False
30882,42.684998,3.12,1.2099999729543924,False
30883,42.684998,3.135,1.1249999748542905,False
30884,42.684998,3.15,1.0049999775364995,False
30885,42.684998,3.165,0.8949999799951911,False
30886,42.684998,3.18,0.7949999822303653,False
30887,42.684998,3.195,0.7799999825656414,False
30888,42.684998,3.21,0.7949999822303653,False
30889,42.684998,3.225,0.8349999813362956,False
30890,42.684998,3.24,0.8399999812245369,False
30891,42.684998,3.255,0.8049999820068479,False
30892,42.684998,3.27,0.7449999833479524,False
30893,42.684998,3.285,0.6899999845772982,False
30894,42.684998,3.3,0.6149999862536788,False
30895,42.684998,3.315,0.5799999870359898,False
30896,42.684998,3.33,0.5449999878183007,False
30897,42.684998,3.345,0.5199999883770943,False
30898,42.684998,3.36,0.4999999888241291,False
30899,42.684998,3.375,0.4899999890476465,False
30900,42.684998,3.39,0.4399999901652336,False
30901,42.684998,3.405,0.40999999083578587,False
30902,42.684998,3.42,0.3899999912828207,False
30903,42.684998,3.435,0.36999999172985554,False
30904,42.684998,3.45,0.36999999172985554,False
30905,42.684998,3.465,0.3499999921768904,False
30906,42.684998,3.48,0.3199999928474426,False
30907,42.684998,3.495,0.2849999936297536,False
30908,42.684998,3.51,0.25999999418854713,False
30909,42.684998,3.525,0.24999999441206455,False
30910,42.684998,3.54,0.23999999463558197,False
30911,42.684998,3.555,0.25999999418854713,False
30912,42.684998,3.57,0.2649999940767884,False
30913,42.684998,3.585,0.25999999418854713,False
30914,42.684998,3.6,0.2699999939650297,False
30915,42.684998,3.615,0.2699999939650297,False
30916,42.684998,3.63,0.274999993853271,False
30917,42.684998,3.645,0.2799999937415123,False
30918,42.684998,3.66,0.29499999340623617,False
30919,42.684998,3.675,0.30499999318271875,False
30920,42.684998,3.69,0.30499999318271875,False
30921,42.684998,3.705,0.2799999937415123,False
30922,42.684998,3.72,0.25499999430030584,False
30923,42.684998,3.735,0.2299999948590994,False
30924,42.684998,3.75,0.20999999530613422,False
30925,42.684998,3.765,0.18999999575316906,False
30926,42.684998,3.78,0.17999999597668648,False
30927,42.684998,3.795,0.17999999597668648,False
30928,42.684998,3.81,0.17999999597668648,False
30929,42.684998,3.825,0.1749999960884452,False
30930,42.684998,3.84,0.1749999960884452,False
30931,42.684998,3.855,0.1649999963119626,False
30932,42.684998,3.87,0.1749999960884452,False
30933,42.684998,3.885,0.17999999597668648,False
30934,42.684998,3.9,0.18499999586492777,False
30935,42.684998,3.915,0.19499999564141035,False
30936,42.684998,3.93,0.2199999950826168,False
30937,42.684998,3.945,0.24999999441206455,False
30938,42.684998,3.96,0.25999999418854713,False
30939,42.684998,3.975,0.2799999937415123,False
30940,42.684998,3.99,0.29499999340623617,False
30941,42.684998,4.005,0.29999999329447746,False
30942,42.684998,4.02,0.30499999318271875,False
30943,42.684998,4.035,0.30999999307096004,False
30944,42.684998,4.05,0.29999999329447746,False
30945,42.684998,4.065,0.29999999329447746,False
30946,42.684998,4.08,0.29499999340623617,False
30947,42.684998,4.095,0.2699999939650297,False
30948,42.684998,4.11,0.2699999939650297,False
30949,42.684998,4.125,0.2649999940767884,False
30950,42.684998,4.14,0.25499999430030584,False
30951,42.684998,4.155,0.25499999430030584,False
30952,42.684998,4.17,0.25499999430030584,False
30953,42.684998,4.185,0.24999999441206455,False
30954,42.684998,4.2,0.24499999452382326,False
30955,42.684998,4.215,0.24999999441206455,False
30956,42.684998,4.23,0.24499999452382326,False
30957,42.684998,4.245,0.24499999452382326,False
30958,42.684998,4.26,0.24999999441206455,False
30959,42.684998,4.275,0.24499999452382326,False
30960,42.684998,4.29,0.23499999474734068,False
30961,42.684998,4.305,0.2299999948590994,False
30962,42.684998,4.32,0.2199999950826168,False
30963,42.684998,4.335,0.20999999530613422,False
30964,42.684998,4.35,0.20999999530613422,False
30965,42.684998,4.365,0.21499999519437551,False
30966,42.684998,4.38,0.20499999541789293,False
30967,42.684998,4.395,0.20499999541789293,False
30968,42.684998,4.41,0.19999999552965164,False
30969,42.684998,4.425,0.19999999552965164,False
30970,42.684998,4.44,0.20499999541789293,False
30971,42.684998,4.455,0.19499999564141035,False
30972,42.684998,4.47,0.19499999564141035,False
30973,42.684998,4.485,0.20499999541789293,False
30974,42.684998,4.5,0.19999999552965164,False
30975,42.684998,4.515,0.2199999950826168,False
30976,42.684998,4.53,0.2249999949708581,False
30977,42.684998,4.545,0.2299999948590994,False
30978,42.684998,4.56,0.23999999463558197,False
30979,42.684998,4.575,0.23999999463558197,False
30980,42.684998,4.59,0.2249999949708581,False
30981,42.684998,4.605,0.2199999950826168,False
30982,42.684998,4.62,0.21499999519437551,False
30983,42.684998,4.635,0.20999999530613422,False
30984,42.684998,4.65,0.20499999541789293,False
30985,42.684998,4.665,0.19999999552965164,False
30986,42.684998,4.68,0.20499999541789293,False
30987,42.684998,4.695,0.2249999949708581,False
30988,42.684998,4.71,0.2199999950826168,False
30989,42.684998,4.725,0.2199999950826168,False
30990,42.684998,4.74,0.21499999519437551,False
30991,42.684998,4.755,0.2249999949708581,False
30992,42.684998,4.77,0.23499999474734068,False
30993,42.684998,4.785,0.25499999430030584,False
30994,42.684998,4.8,0.2799999937415123,False
30995,42.684998,4.815,0.29499999340623617,False
30996,42.684998,4.83,0.35499999206513166,False
30997,42.684998,4.845,0.35499999206513166,False
30998,42.684998,4.86,0.35499999206513166,False
30999,42.684998,4.875,0.3849999913945794,False
31000,42.684998,4.89,0.3849999913945794,False
31001,42.684998,4.905,0.3899999912828207,False
31002,42.684998,4.92,0.4049999909475446,False
31003,42.684998,4.935,0.4349999902769923,False
31004,42.684998,4.95,0.4399999901652336,False
31005,42.684998,4.965,0.4549999898299575,False
31006,42.684998,4.98,0.4499999899417162,False
31007,42.684998,4.995,0.4549999898299575,False
31008,42.684998,5.01,0.4549999898299575,False
31009,42.684998,5.025,0.4449999900534749,False
31010,42.684998,5.04,0.4449999900534749,False
31011,42.684998,5.055,0.4499999899417162,False
31012,42.684998,5.07,0.4349999902769923,False
31013,42.684998,5.085,0.4599999897181988,False
31014,42.684998,5.1,0.4599999897181988,False
31015,42.684998,5.115,0.4549999898299575,False
31016,42.684998,5.13,0.4599999897181988,False
31017,42.684998,5.145,0.4599999897181988,False
31018,42.684998,5.16,0.23999999463558197,False
31019,42.684998,5.175,0.2799999937415123,False
31020,42.684998,5.19,0.30499999318271875,False
31021,42.684998,5.205,0.30499999318271875,False
31022,42.684998,5.22,0.31499999295920134,False
31023,42.684998,5.235,0.3199999928474426,False
31024,42.684998,5.25,0.3399999924004078,False
31025,42.684998,5.265,0.3349999925121665,False
31026,42.684998,5.28,0.3299999926239252,False
31027,42.684998,5.295,0.3299999926239252,False
31028,42.684998,5.31,0.3299999926239252,False
31029,42.684998,5.325,0.3249999927356839,False
31030,42.684998,5.34,0.3299999926239252,False
31031,42.684998,5.355,0.3249999927356839,False
31032,42.684998,5.37,0.3299999926239252,False
31033,42.684998,5.385,0.3199999928474426,False
31034,42.684998,5.4,0.30999999307096004,False
31035,42.684998,5.415,0.31499999295920134,False
31036,42.684998,5.43,0.30499999318271875,False
31037,42.684998,5.445,0.30499999318271875,False
31038,42.684998,5.46,0.29999999329447746,False
31039,42.684998,5.475,0.29999999329447746,False
31040,42.684998,5.49,0.30499999318271875,False
31041,42.684998,5.505,0.29999999329447746,False
31042,42.684998,5.52,0.29499999340623617,False
31043,42.684998,5.535,0.2899999935179949,False
31044,42.684998,5.55,0.29499999340623617,False
31045,42.684998,5.565,0.2799999937415123,False
31046,42.684998,5.58,0.274999993853271,False
31047,42.684998,5.595,0.2849999936297536,False
31048,42.684998,5.61,0.2849999936297536,False
31049,42.684998,5.625,0.2849999936297536,False
31050,42.684998,5.64,0.2899999935179949,False
31051,42.684998,5.655,0.2899999935179949,False
31052,42.684998,5.67,0.2899999935179949,False
31053,42.684998,5.685,0.2899999935179949,False
31054,42.684998,5.7,0.29999999329447746,False
31055,42.684998,5.715,0.29499999340623617,False
31056,42.684998,5.73,0.29499999340623617,False
31057,42.684998,5.745,0.29499999340623617,False
31058,42.684998,5.76,0.2899999935179949,False
31059,42.684998,5.775,0.2849999936297536,False
31060,42.684998,5.79,0.2899999935179949,False
31061,42.684998,5.805,0.29999999329447746,False
31062,42.684998,5.82,0.30999999307096004,False
31063,42.684998,5.835,0.30999999307096004,False
31064,42.684998,5.85,0.30999999307096004,False
31065,42.684998,5.865,0.31499999295920134,False
31066,42.684998,5.88,0.30999999307096004,False
31067,42.684998,5.895,0.30999999307096004,False
31068,42.684998,5.91,0.30999999307096004,False
31069,42.684998,5.925,0.3349999925121665,False
31070,42.684998,5.94,0.35499999206513166,False
31071,42.684998,5.955,0.3499999921768904,False
31072,42.684998,5.97,0.35999999195337296,False
31073,42.684998,5.985,0.36999999172985554,False
31074,42.684998,6.0,0.36999999172985554,False
31291,42.705,3.0,,False
31292,42.705,3.015,,False
31293,42.705,3.03,,False
31294,42.705,3.045,,False
31295,42.705,3.06,1.6899999622255564,False
31296,42.705,3.075,1.4699999671429396,False
31297,42.705,3.09,1.5199999660253525,False
31298,42.705,3.105,1.3299999702721834,False
31299,42.705,3.12,1.2799999713897705,False
31300,42.705,3.135,1.1299999747425318,False
31301,42.705,3.15,0.979999978095293,False
31302,42.705,3.165,0.9399999789893627,False
31303,42.705,3.18,0.9249999793246388,False
31304,42.705,3.195,0.8549999808892608,False
31305,42.705,3.21,0.8799999803304672,False
31306,42.705,3.225,0.909999979659915,False
31307,42.705,3.24,0.9049999797716737,False
31308,42.705,3.255,0.8699999805539846,False
31309,42.705,3.27,0.7999999821186066,False
31310,42.705,3.285,0.7149999840185046,False
31311,42.705,3.3,0.634999985806644,False
31312,42.705,3.315,0.6099999863654375,False
31313,42.705,3.33,0.5599999874830246,False
31314,42.705,3.345,0.5199999883770943,False
31315,42.705,3.36,0.5199999883770943,False
31316,42.705,3.375,0.4999999888241291,False
31317,42.705,3.39,0.48499998915940523,False
31318,42.705,3.405,0.4599999897181988,False
31319,42.705,3.42,0.4499999899417162,False
31320,42.705,3.435,0.4349999902769923,False
31321,42.705,3.45,0.41499999072402716,False
31322,42.705,3.465,0.394999991171062,False
31323,42.705,3.48,0.3299999926239252,False
31324,42.705,3.495,0.29999999329447746,False
31325,42.705,3.51,0.29499999340623617,False
31326,42.705,3.525,0.2799999937415123,False
31327,42.705,3.54,0.2799999937415123,False
31328,42.705,3.555,0.2849999936297536,False
31329,42.705,3.57,0.2699999939650297,False
31330,42.705,3.585,0.2699999939650297,False
31331,42.705,3.6,0.25999999418854713,False
31332,42.705,3.615,0.25499999430030584,False
31333,42.705,3.63,0.24499999452382326,False
31334,42.705,3.645,0.25499999430030584,False
31335,42.705,3.66,0.25999999418854713,False
31336,42.705,3.675,0.25499999430030584,False
31337,42.705,3.69,0.2649999940767884,False
31338,42.705,3.705,0.25499999430030584,False
31339,42.705,3.72,0.23999999463558197,False
31340,42.705,3.735,0.21499999519437551,False
31341,42.705,3.75,0.19499999564141035,False
31342,42.705,3.765,0.17999999597668648,False
31343,42.705,3.78,0.17999999597668648,False
31344,42.705,3.795,0.1749999960884452,False
31345,42.705,3.81,0.1749999960884452,False
31346,42.705,3.825,0.17999999597668648,False
31347,42.705,3.84,0.1749999960884452,False
31348,42.705,3.855,0.18499999586492777,False
31349,42.705,3.87,0.18999999575316906,False
31350,42.705,3.885,0.17999999597668648,False
31351,42.705,3.9,0.18999999575316906,False
31352,42.705,3.915,0.19999999552965164,False
31353,42.705,3.93,0.2199999950826168,False
31354,42.705,3.945,0.24999999441206455,False
31355,42.705,3.96,0.25999999418854713,False
31356,42.705,3.975,0.2849999936297536,False
31357,42.705,3.99,0.2899999935179949,False
31358,42.705,4.005,0.2899999935179949,False
31359,42.705,4.02,0.2899999935179949,False
31360,42.705,4.035,0.29999999329447746,False
31361,42.705,4.05,0.2899999935179949,False
31362,42.705,4.065,0.2899999935179949,False
31363,42.705,4.08,0.2849999936297536,False
31364,42.705,4.095,0.2849999936297536,False
31365,42.705,4.11,0.2799999937415123,False
31366,42.705,4.125,0.2649999940767884,False
31367,42.705,4.14,0.25999999418854713,False
31368,42.705,4.155,0.24499999452382326,False
31369,42.705,4.17,0.24499999452382326,False
31370,42.705,4.185,0.23999999463558197,False
31371,42.705,4.2,0.23499999474734068,False
31372,42.705,4.215,0.2299999948590994,False
31373,42.705,4.23,0.2249999949708581,False
31374,42.705,4.245,0.23499999474734068,False
31375,42.705,4.26,0.23499999474734068,False
31376,42.705,4.275,0.23499999474734068,False
31377,42.705,4.29,0.2299999948590994,False
31378,42.705,4.305,0.2249999949708581,False
31379,42.705,4.32,0.2199999950826168,False
31380,42.705,4.335,0.21499999519437551,False
31381,42.705,4.35,0.2299999948590994,False
31382,42.705,4.365,0.2249999949708581,False
31383,42.705,4.38,0.23499999474734068,False
31384,42.705,4.395,0.2249999949708581,False
31385,42.705,4.41,0.21499999519437551,False
31386,42.705,4.425,0.20499999541789293,False
31387,42.705,4.44,0.2249999949708581,False
31388,42.705,4.455,0.19499999564141035,False
31389,42.705,4.47,0.20499999541789293,False
31390,42.705,4.485,0.19999999552965164,False
31391,42.705,4.5,0.19999999552965164,False
31392,42.705,4.515,0.20999999530613422,False
31393,42.705,4.53,0.20999999530613422,False
31394,42.705,4.545,0.2249999949708581,False
31395,42.705,4.56,0.23499999474734068,False
31396,42.705,4.575,0.23499999474734068,False
31397,42.705,4.59,0.2299999948590994,False
31398,42.705,4.605,0.2299999948590994,False
31399,42.705,4.62,0.2249999949708581,False
31400,42.705,4.635,0.2199999950826168,False
31401,42.705,4.65,0.20499999541789293,False
31402,42.705,4.665,0.19499999564141035,False
31403,42.705,4.68,0.20499999541789293,False
31404,42.705,4.695,0.18499999586492777,False
31405,42.705,4.71,0.19499999564141035,False
31406,42.705,4.725,0.19499999564141035,False
31407,42.705,4.74,0.19999999552965164,False
31408,42.705,4.755,0.19499999564141035,False
31409,42.705,4.77,0.2249999949708581,False
31410,42.705,4.785,0.25999999418854713,False
31411,42.705,4.8,0.274999993853271,False
31412,42.705,4.815,0.2699999939650297,False
31413,42.705,4.83,0.35499999206513166,False
31414,42.705,4.845,0.35999999195337296,False
31415,42.705,4.86,0.3799999915063381,False
31416,42.705,4.875,0.3799999915063381,False
31417,42.705,4.89,0.394999991171062,False
31418,42.705,4.905,0.41999999061226845,False
31419,42.705,4.92,0.42999999038875103,False
31420,42.705,4.935,0.42999999038875103,False
31421,42.705,4.95,0.4399999901652336,False
31422,42.705,4.965,0.4449999900534749,False
31423,42.705,4.98,0.4499999899417162,False
31424,42.705,4.995,0.4349999902769923,False
31425,42.705,5.01,0.42499999050050974,False
31426,42.705,5.025,0.41999999061226845,False
31427,42.705,5.04,0.40999999083578587,False
31428,42.705,5.055,0.41499999072402716,False
31429,42.705,5.07,0.4349999902769923,False
31430,42.705,5.085,0.46999998949468136,False
31431,42.705,5.1,0.4599999897181988,False
31432,42.705,5.115,0.46499998960644007,False
31433,42.705,5.13,0.4399999901652336,False
31434,42.705,5.145,0.3449999922886491,False
31435,42.705,5.16,0.2849999936297536,False
31436,42.705,5.175,0.30999999307096004,False
31437,42.705,5.19,0.3349999925121665,False
31438,42.705,5.205,0.3349999925121665,False
31439,42.705,5.22,0.30999999307096004,False
31440,42.705,5.235,0.3249999927356839,False
31441,42.705,5.25,0.3399999924004078,False
31442,42.705,5.265,0.3399999924004078,False
31443,42.705,5.28,0.3349999925121665,False
31444,42.705,5.295,0.3299999926239252,False
31445,42.705,5.31,0.3299999926239252,False
31446,42.705,5.325,0.3249999927356839,False
31447,42.705,5.34,0.31499999295920134,False
31448,42.705,5.355,0.31499999295920134,False
31449,42.705,5.37,0.3199999928474426,False
31450,42.705,5.385,0.30999999307096004,False
31451,42.705,5.4,0.30499999318271875,False
31452,42.705,5.415,0.3199999928474426,False
31453,42.705,5.43,0.31499999295920134,False
31454,42.705,5.445,0.30499999318271875,False
31455,42.705,5.46,0.30999999307096004,False
31456,42.705,5.475,0.30499999318271875,False
31457,42.705,5.49,0.30999999307096004,False
31458,42.705,5.505,0.30499999318271875,False
31459,42.705,5.52,0.29999999329447746,False
31460,42.705,5.535,0.29999999329447746,False
31461,42.705,5.55,0.30499999318271875,False
31462,42.705,5.565,0.2899999935179949,False
31463,42.705,5.58,0.29499999340623617,False
31464,42.705,5.595,0.2849999936297536,False
31465,42.705,5.61,0.2899999935179949,False
31466,42.705,5.625,0.2849999936297536,False
31467,42.705,5.64,0.2899999935179949,False
31468,42.705,5.655,0.2849999936297536,False
31469,42.705,5.67,0.2899999935179949,False
31470,42.705,5.685,0.2899999935179949,False
31471,42.705,5.7,0.2899999935179949,False
31472,42.705,5.715,0.29999999329447746,False
31473,42.705,5.73,0.29999999329447746,False
31474,42.705,5.745,0.29499999340623617,False
31475,42.705,5.76,0.29999999329447746,False
31476,42.705,5.775,0.30499999318271875,False
31477,42.705,5.79,0.30999999307096004,False
31478,42.705,5.805,0.3199999928474426,False
31479,42.705,5.82,0.3199999928474426,False
31480,42.705,5.835,0.31499999295920134,False
31481,42.705,5.85,0.31499999295920134,False
31482,42.705,5.865,0.30999999307096004,False
31483,42.705,5.88,0.30999999307096004,False
31484,42.705,5.895,0.31499999295920134,False
31485,42.705,5.91,0.3249999927356839,False
31486,42.705,5.925,0.3349999925121665,False
31487,42.705,5.94,0.35499999206513166,False
31488,42.705,5.955,0.36999999172985554,False
31489,42.705,5.97,0.36499999184161425,False
31490,42.705,5.985,0.37499999161809683,False
31491,42.705,6.0,0.37499999161809683,False
31708,42.725,3.0,,False
31709,42.725,3.015,,False
31710,42.725,3.03,,False
31711,42.725,3.045,,False
31712,42.725,3.06,,False
31713,42.725,3.075,,False
31714,42.725,3.09,1.219999972730875,False
31715,42.725,3.105,1.169999973848462,False
31716,42.725,3.12,1.114999975077808,False
31717,42.725,3.135,1.0599999763071537,False
31718,42.725,3.15,0.8899999801069498,False
31719,42.725,3.165,0.8699999805539846,False
31720,42.725,3.18,0.8099999818950891,False
31721,42.725,3.195,0.8549999808892608,False
31722,42.725,3.21,0.8899999801069498,False
31723,42.725,3.225,0.9049999797716737,False
31724,42.725,3.24,0.8549999808892608,False
31725,42.725,3.255,0.8099999818950891,False
31726,42.725,3.27,0.7599999830126762,False
31727,42.725,3.285,0.7099999841302633,False
31728,42.725,3.3,0.6499999854713678,False
31729,42.725,3.315,0.6099999863654375,False
31730,42.725,3.33,0.5799999870359898,False
31731,42.725,3.345,0.5599999874830246,False
31732,42.725,3.36,0.549999987706542,False
31733,42.725,3.375,0.5599999874830246,False
31734,42.725,3.39,0.5299999881535769,False
31735,42.725,3.405,0.5099999886006117,False
31736,42.725,3.42,0.48499998915940523,False
31737,42.725,3.435,0.4599999897181988,False
31738,42.725,3.45,0.4349999902769923,False
31739,42.725,3.465,0.36999999172985554,False
31740,42.725,3.48,0.3349999925121665,False
31741,42.725,3.495,0.29499999340623617,False
31742,42.725,3.51,0.29499999340623617,False
31743,42.725,3.525,0.29999999329447746,False
31744,42.725,3.54,0.30499999318271875,False
31745,42.725,3.555,0.30499999318271875,False
31746,42.725,3.57,0.2849999936297536,False
31747,42.725,3.585,0.2699999939650297,False
31748,42.725,3.6,0.25999999418854713,False
31749,42.725,3.615,0.23999999463558197,False
31750,42.725,3.63,0.23499999474734068,False
31751,42.725,3.645,0.23499999474734068,False
31752,42.725,3.66,0.2249999949708581,False
31753,42.725,3.675,0.2299999948590994,False
31754,42.725,3.69,0.2249999949708581,False
31755,42.725,3.705,0.20999999530613422,False
31756,42.725,3.72,0.20499999541789293,False
31757,42.725,3.735,0.19499999564141035,False
31758,42.725,3.75,0.18499999586492777,False
31759,42.725,3.765,0.17999999597668648,False
31760,42.725,3.78,0.1749999960884452,False
31761,42.725,3.795,0.18999999575316906,False
31762,42.725,3.81,0.19999999552965164,False
31763,42.725,3.825,0.19499999564141035,False
31764,42.725,3.84,0.19999999552965164,False
31765,42.725,3.855,0.20499999541789293,False
31766,42.725,3.87,0.2199999950826168,False
31767,42.725,3.885,0.2199999950826168,False
31768,42.725,3.9,0.2199999950826168,False
31769,42.725,3.915,0.2249999949708581,False
31770,42.725,3.93,0.2249999949708581,False
31771,42.725,3.945,0.24499999452382326,False
31772,42.725,3.96,0.25999999418854713,False
31773,42.725,3.975,0.274999993853271,False
31774,42.725,3.99,0.2849999936297536,False
31775,42.725,4.005,0.29499999340623617,False
31776,42.725,4.02,0.2899999935179949,False
31777,42.725,4.035,0.29499999340623617,False
31778,42.725,4.05,0.2899999935179949,False
31779,42.725,4.065,0.29499999340623617,False
31780,42.725,4.08,0.29499999340623617,False
31781,42.725,4.095,0.29999999329447746,False
31782,42.725,4.11,0.29499999340623617,False
31783,42.725,4.125,0.2849999936297536,False
31784,42.725,4.14,0.274999993853271,False
31785,42.725,4.155,0.25499999430030584,False
31786,42.725,4.17,0.24499999452382326,False
31787,42.725,4.185,0.23999999463558197,False
31788,42.725,4.2,0.2299999948590994,False
31789,42.725,4.215,0.2299999948590994,False
31790,42.725,4.23,0.2299999948590994,False
31791,42.725,4.245,0.2199999950826168,False
31792,42.725,4.26,0.2199999950826168,False
31793,42.725,4.275,0.2249999949708581,False
31794,42.725,4.29,0.2199999950826168,False
31795,42.725,4.305,0.2199999950826168,False
31796,42.725,4.32,0.21499999519437551,False
31797,42.725,4.335,0.2199999950826168,False
31798,42.725,4.35,0.2249999949708581,False
31799,42.725,4.365,0.23999999463558197,False
31800,42.725,4.38,0.23499999474734068,False
31801,42.725,4.395,0.2299999948590994,False
31802,42.725,4.41,0.2249999949708581,False
31803,42.725,4.425,0.20499999541789293,False
31804,42.725,4.44,0.23499999474734068,False
31805,42.725,4.455,0.20999999530613422,False
31806,42.725,4.47,0.21499999519437551,False
31807,42.725,4.485,0.21499999519437551,False
31808,42.725,4.5,0.20999999530613422,False
31809,42.725,4.515,0.19999999552965164,False
31810,42.725,4.53,0.19999999552965164,False
31811,42.725,4.545,0.2199999950826168,False
31812,42.725,4.56,0.23499999474734068,False
31813,42.725,4.575,0.2299999948590994,False
31814,42.725,4.59,0.2299999948590994,False
31815,42.725,4.605,0.2249999949708581,False
31816,42.725,4.62,0.2249999949708581,False
31817,42.725,4.635,0.2199999950826168,False
31818,42.725,4.65,0.20999999530613422,False
31819,42.725,4.665,0.19999999552965164,False
31820,42.725,4.68,0.18499999586492777,False
31821,42.725,4.695,0.18999999575316906,False
31822,42.725,4.71,0.17999999597668648,False
31823,42.725,4.725,0.18499999586492777,False
31824,42.725,4.74,0.19999999552965164,False
31825,42.725,4.755,0.19999999552965164,False
31826,42.725,4.77,0.2199999950826168,False
31827,42.725,4.785,0.24999999441206455,False
31828,42.725,4.8,0.2849999936297536,False
31829,42.725,4.815,0.2899999935179949,False
31830,42.725,4.83,0.3849999913945794,False
31831,42.725,4.845,0.36999999172985554,False
31832,42.725,4.86,0.394999991171062,False
31833,42.725,4.875,0.394999991171062,False
31834,42.725,4.89,0.40999999083578587,False
31835,42.725,4.905,0.41999999061226845,False
31836,42.725,4.92,0.40999999083578587,False
31837,42.725,4.935,0.4049999909475446,False
31838,42.725,4.95,0.4049999909475446,False
31839,42.725,4.965,0.3999999910593033,False
31840,42.725,4.98,0.3999999910593033,False
31841,42.725,4.995,0.3999999910593033,False
31842,42.725,5.01,0.3899999912828207,False
31843,42.725,5.025,0.3799999915063381,False
31844,42.725,5.04,0.36999999172985554,False
31845,42.725,5.055,0.36499999184161425,False
31846,42.725,5.07,0.36999999172985554,False
31847,42.725,5.085,0.36499999184161425,False
31848,42.725,5.1,0.3899999912828207,False
31849,42.725,5.115,0.41999999061226845,False
31850,42.725,5.13,0.41999999061226845,False
31851,42.725,5.145,0.274999993853271,False
31852,42.725,5.16,0.2649999940767884,False
31853,42.725,5.175,0.2899999935179949,False
31854,42.725,5.19,0.30499999318271875,False
31855,42.725,5.205,0.3249999927356839,False
31856,42.725,5.22,0.3199999928474426,False
31857,42.725,5.235,0.3249999927356839,False
31858,42.725,5.25,0.3399999924004078,False
31859,42.725,5.265,0.3349999925121665,False
31860,42.725,5.28,0.3299999926239252,False
31861,42.725,5.295,0.3299999926239252,False
31862,42.725,5.31,0.3249999927356839,False
31863,42.725,5.325,0.3249999927356839,False
31864,42.725,5.34,0.30999999307096004,False
31865,42.725,5.355,0.30999999307096004,False
31866,42.725,5.37,0.30999999307096004,False
31867,42.725,5.385,0.30999999307096004,False
31868,42.725,5.4,0.30999999307096004,False
31869,42.725,5.415,0.31499999295920134,False
31870,42.725,5.43,0.3199999928474426,False
31871,42.725,5.445,0.31499999295920134,False
31872,42.725,5.46,0.30999999307096004,False
31873,42.725,5.475,0.3199999928474426,False
31874,42.725,5.49,0.3199999928474426,False
31875,42.725,5.505,0.30999999307096004,False
31876,42.725,5.52,0.30499999318271875,False
31877,42.725,5.535,0.30499999318271875,False
31878,42.725,5.55,0.30999999307096004,False
31879,42.725,5.565,0.29999999329447746,False
31880,42.725,5.58,0.30499999318271875,False
31881,42.725,5.595,0.31499999295920134,False
31882,42.725,5.61,0.30499999318271875,False
31883,42.725,5.625,0.30499999318271875,False
31884,42.725,5.64,0.29499999340623617,False
31885,42.725,5.655,0.2899999935179949,False
31886,42.725,5.67,0.29999999329447746,False
31887,42.725,5.685,0.29999999329447746,False
31888,42.725,5.7,0.29499999340623617,False
31889,42.725,5.715,0.29999999329447746,False
31890,42.725,5.73,0.29999999329447746,False
31891,42.725,5.745,0.30999999307096004,False
31892,42.725,5.76,0.31499999295920134,False
31893,42.725,5.775,0.31499999295920134,False
31894,42.725,5.79,0.3199999928474426,False
31895,42.725,5.805,0.31499999295920134,False
31896,42.725,5.82,0.30999999307096004,False
31897,42.725,5.835,0.30499999318271875,False
31898,42.725,5.85,0.30999999307096004,False
31899,42.725,5.865,0.30999999307096004,False
31900,42.725,5.88,0.31499999295920134,False
31901,42.725,5.895,0.3249999927356839,False
31902,42.725,5.91,0.3449999922886491,False
31903,42.725,5.925,0.3499999921768904,False
31904,42.725,5.94,0.35999999195337296,False
31905,42.725,5.955,0.3799999915063381,False
31906,42.725,5.97,0.3899999912828207,False
31907,42.725,5.985,0.394999991171062,False
31908,42.725,6.0,0.394999991171062,False
32125,42.745003,3.0,,False
32126,42.745003,3.015,,False
32127,42.745003,3.03,,False
32128,42.745003,3.045,,False
32129,42.745003,3.06,,False
32130,42.745003,3.075,,False
32131,42.745003,3.09,1.1649999739602208,False
32132,42.745003,3.105,1.0249999770894647,False
32133,42.745003,3.12,0.8799999803304672,False
32134,42.745003,3.135,0.7749999826774001,False
32135,42.745003,3.15,0.7399999834597111,False
32136,42.745003,3.165,0.7149999840185046,False
32137,42.745003,3.18,0.7399999834597111,False
32138,42.745003,3.195,0.7699999827891588,False
32139,42.745003,3.21,0.8049999820068479,False
32140,42.745003,3.225,0.8099999818950891,False
32141,42.745003,3.24,0.7849999824538827,False
32142,42.745003,3.255,0.7599999830126762,False
32143,42.745003,3.27,0.7199999839067459,False
32144,42.745003,3.285,0.7299999836832285,False
32145,42.745003,3.3,0.6949999844655395,False
32146,42.745003,3.315,0.6299999859184027,False
32147,42.745003,3.33,0.6149999862536788,False
32148,42.745003,3.345,0.584999986924231,False
32149,42.745003,3.36,0.584999986924231,False
32150,42.745003,3.375,0.5699999872595072,False
32151,42.745003,3.39,0.5449999878183007,False
32152,42.745003,3.405,0.5099999886006117,False
32153,42.745003,3.42,0.46999998949468136,False
32154,42.745003,3.435,0.4349999902769923,False
32155,42.745003,3.45,0.3999999910593033,False
32156,42.745003,3.465,0.3799999915063381,False
32157,42.745003,3.48,0.3449999922886491,False
32158,42.745003,3.495,0.3199999928474426,False
32159,42.745003,3.51,0.30499999318271875,False
32160,42.745003,3.525,0.30499999318271875,False
32161,42.745003,3.54,0.30999999307096004,False
32162,42.745003,3.555,0.2849999936297536,False
32163,42.745003,3.57,0.2699999939650297,False
32164,42.745003,3.585,0.25499999430030584,False
32165,42.745003,3.6,0.23499999474734068,False
32166,42.745003,3.615,0.21499999519437551,False
32167,42.745003,3.63,0.21499999519437551,False
32168,42.745003,3.645,0.2199999950826168,False
32169,42.745003,3.66,0.20499999541789293,False
32170,42.745003,3.675,0.19499999564141035,False
32171,42.745003,3.69,0.18999999575316906,False
32172,42.745003,3.705,0.18499999586492777,False
32173,42.745003,3.72,0.18499999586492777,False
32174,42.745003,3.735,0.18499999586492777,False
32175,42.745003,3.75,0.18499999586492777,False
32176,42.745003,3.765,0.18999999575316906,False
32177,42.745003,3.78,0.18999999575316906,False
32178,42.745003,3.795,0.19999999552965164,False
32179,42.745003,3.81,0.21499999519437551,False
32180,42.745003,3.825,0.21499999519437551,False
32181,42.745003,3.84,0.21499999519437551,False
32182,42.745003,3.855,0.2249999949708581,False
32183,42.745003,3.87,0.2299999948590994,False
32184,42.745003,3.885,0.24499999452382326,False
32185,42.745003,3.9,0.24499999452382326,False
32186,42.745003,3.915,0.23999999463558197,False
32187,42.745003,3.93,0.24999999441206455,False
32188,42.745003,3.945,0.25499999430030584,False
32189,42.745003,3.96,0.25499999430030584,False
32190,42.745003,3.975,0.2799999937415123,False
32191,42.745003,3.99,0.2899999935179949,False
32192,42.745003,4.005,0.29499999340623617,False
32193,42.745003,4.02,0.30499999318271875,False
32194,42.745003,4.035,0.30499999318271875,False
32195,42.745003,4.05,0.30499999318271875,False
32196,42.745003,4.065,0.29999999329447746,False
32197,42.745003,4.08,0.29999999329447746,False
32198,42.745003,4.095,0.29999999329447746,False
32199,42.745003,4.11,0.30499999318271875,False
32200,42.745003,4.125,0.30499999318271875,False
32201,42.745003,4.14,0.29499999340623617,False
32202,42.745003,4.155,0.2849999936297536,False
32203,42.745003,4.17,0.2649999940767884,False
32204,42.745003,4.185,0.25499999430030584,False
32205,42.745003,4.2,0.23999999463558197,False
32206,42.745003,4.215,0.2299999948590994,False
32207,42.745003,4.23,0.2299999948590994,False
32208,42.745003,4.245,0.2299999948590994,False
32209,42.745003,4.26,0.2199999950826168,False
32210,42.745003,4.275,0.21499999519437551,False
32211,42.745003,4.29,0.21499999519437551,False
32212,42.745003,4.305,0.20999999530613422,False
32213,42.745003,4.32,0.20999999530613422,False
32214,42.745003,4.335,0.2199999950826168,False
32215,42.745003,4.35,0.2249999949708581,False
32216,42.745003,4.365,0.2199999950826168,False
32217,42.745003,4.38,0.21499999519437551,False
32218,42.745003,4.395,0.2199999950826168,False
32219,42.745003,4.41,0.21499999519437551,False
32220,42.745003,4.425,0.2249999949708581,False
32221,42.745003,4.44,0.23499999474734068,False
32222,42.745003,4.455,0.24999999441206455,False
32223,42.745003,4.47,0.24999999441206455,False
32224,42.745003,4.485,0.24499999452382326,False
32225,42.745003,4.5,0.23999999463558197,False
32226,42.745003,4.515,0.2249999949708581,False
32227,42.745003,4.53,0.21499999519437551,False
32228,42.745003,4.545,0.20999999530613422,False
32229,42.745003,4.56,0.21499999519437551,False
32230,42.745003,4.575,0.2199999950826168,False
32231,42.745003,4.59,0.20999999530613422,False
32232,42.745003,4.605,0.2199999950826168,False
32233,42.745003,4.62,0.2199999950826168,False
32234,42.745003,4.635,0.20499999541789293,False
32235,42.745003,4.65,0.19499999564141035,False
32236,42.745003,4.665,0.17999999597668648,False
32237,42.745003,4.68,0.1749999960884452,False
32238,42.745003,4.695,0.1699999962002039,False
32239,42.745003,4.71,0.17999999597668648,False
32240,42.745003,4.725,0.18999999575316906,False
32241,42.745003,4.74,0.18999999575316906,False
32242,42.745003,4.755,0.20499999541789293,False
32243,42.745003,4.77,0.2249999949708581,False
32244,42.745003,4.785,0.2649999940767884,False
32245,42.745003,4.8,0.2899999935179949,False
32246,42.745003,4.815,0.30499999318271875,False
32247,42.745003,4.83,0.36999999172985554,False
32248,42.745003,4.845,0.36499999184161425,False
32249,42.745003,4.86,0.36499999184161425,False
32250,42.745003,4.875,0.36999999172985554,False
32251,42.745003,4.89,0.3799999915063381,False
32252,42.745003,4.905,0.36499999184161425,False
32253,42.745003,4.92,0.37499999161809683,False
32254,42.745003,4.935,0.36999999172985554,False
32255,42.745003,4.95,0.37499999161809683,False
32256,42.745003,4.965,0.36999999172985554,False
32257,42.745003,4.98,0.35999999195337296,False
32258,42.745003,4.995,0.35999999195337296,False
32259,42.745003,5.01,0.35499999206513166,False
32260,42.745003,5.025,0.3399999924004078,False
32261,42.745003,5.04,0.3299999926239252,False
32262,42.745003,5.055,0.3199999928474426,False
32263,42.745003,5.07,0.24999999441206455,False
32264,42.745003,5.085,0.20999999530613422,False
32265,42.745003,5.1,0.23999999463558197,False
32266,42.745003,5.115,0.25999999418854713,False
32267,42.745003,5.13,0.2899999935179949,False
32268,42.745003,5.145,0.29499999340623617,False
32269,42.745003,5.16,0.2799999937415123,False
32270,42.745003,5.175,0.29999999329447746,False
32271,42.745003,5.19,0.30499999318271875,False
32272,42.745003,5.205,0.3449999922886491,False
32273,42.745003,5.22,0.3449999922886491,False
32274,42.745003,5.235,0.3449999922886491,False
32275,42.745003,5.25,0.3449999922886491,False
32276,42.745003,5.265,0.3399999924004078,False
32277,42.745003,5.28,0.3449999922886491,False
32278,42.745003,5.295,0.3349999925121665,False
32279,42.745003,5.31,0.3349999925121665,False
32280,42.745003,5.325,0.3199999928474426,False
32281,42.745003,5.34,0.3199999928474426,False
32282,42.745003,5.355,0.3199999928474426,False
32283,42.745003,5.37,0.3199999928474426,False
32284,42.745003,5.385,0.31499999295920134,False
32285,42.745003,5.4,0.3249999927356839,False
32286,42.745003,5.415,0.3299999926239252,False
32287,42.745003,5.43,0.3349999925121665,False
32288,42.745003,5.445,0.3299999926239252,False
32289,42.745003,5.46,0.3249999927356839,False
32290,42.745003,5.475,0.3199999928474426,False
32291,42.745003,5.49,0.3199999928474426,False
32292,42.745003,5.505,0.31499999295920134,False
32293,42.745003,5.52,0.3199999928474426,False
32294,42.745003,5.535,0.3199999928474426,False
32295,42.745003,5.55,0.3249999927356839,False
32296,42.745003,5.565,0.3199999928474426,False
32297,42.745003,5.58,0.31499999295920134,False
32298,42.745003,5.595,0.3199999928474426,False
32299,42.745003,5.61,0.3199999928474426,False
32300,42.745003,5.625,0.31499999295920134,False
32301,42.745003,5.64,0.3199999928474426,False
32302,42.745003,5.655,0.30999999307096004,False
32303,42.745003,5.67,0.30499999318271875,False
32304,42.745003,5.685,0.30499999318271875,False
32305,42.745003,5.7,0.30999999307096004,False
32306,42.745003,5.715,0.30499999318271875,False
32307,42.745003,5.73,0.30999999307096004,False
32308,42.745003,5.745,0.31499999295920134,False
32309,42.745003,5.76,0.31499999295920134,False
32310,42.745003,5.775,0.31499999295920134,False
32311,42.745003,5.79,0.31499999295920134,False
32312,42.745003,5.805,0.31499999295920134,False
32313,42.745003,5.82,0.30999999307096004,False
32314,42.745003,5.835,0.30499999318271875,False
32315,42.745003,5.85,0.3199999928474426,False
32316,42.745003,5.865,0.31499999295920134,False
32317,42.745003,5.88,0.3249999927356839,False
32318,42.745003,5.895,0.3399999924004078,False
32319,42.745003,5.91,0.36499999184161425,False
32320,42.745003,5.925,0.3849999913945794,False
32321,42.745003,5.94,0.3899999912828207,False
32322,42.745003,5.955,0.3999999910593033,False
32323,42.745003,5.97,0.42499999050050974,False
32324,42.745003,5.985,0.42499999050050974,False
32325,42.745003,6.0,0.42499999050050974,False
32542,42.765,3.0,,False
32543,42.765,3.015,,False
32544,42.765,3.03,,False
32545,42.765,3.045,,False
32546,42.765,3.06,,False
32547,42.765,3.075,,False
32548,42.765,3.09,1.1049999753013253,False
32549,42.765,3.105,1.0799999758601189,False
32550,42.765,3.12,0.8949999799951911,False
32551,42.765,3.135,0.7799999825656414,False
32552,42.765,3.15,0.7399999834597111,False
32553,42.765,3.165,0.7099999841302633,False
32554,42.765,3.18,0.7399999834597111,False
32555,42.765,3.195,0.7399999834597111,False
32556,42.765,3.21,0.7099999841302633,False
32557,42.765,3.225,0.7349999835714698,False
32558,42.765,3.24,0.7349999835714698,False
32559,42.765,3.255,0.7199999839067459,False
32560,42.765,3.27,0.754999983124435,False
32561,42.765,3.285,0.754999983124435,False
32562,42.765,3.3,0.7199999839067459,False
32563,42.765,3.315,0.6649999851360917,False
32564,42.765,3.33,0.6149999862536788,False
32565,42.765,3.345,0.5999999865889549,False
32566,42.765,3.36,0.6199999861419201,False
32567,42.765,3.375,0.6049999864771962,False
32568,42.765,3.39,0.5749999871477485,False
32569,42.765,3.405,0.5449999878183007,False
32570,42.765,3.42,0.48499998915940523,False
32571,42.765,3.435,0.4349999902769923,False
32572,42.765,3.45,0.3899999912828207,False
32573,42.765,3.465,0.36999999172985554,False
32574,42.765,3.48,0.3349999925121665,False
32575,42.765,3.495,0.30999999307096004,False
32576,42.765,3.51,0.29999999329447746,False
32577,42.765,3.525,0.274999993853271,False
32578,42.765,3.54,0.2699999939650297,False
32579,42.765,3.555,0.2649999940767884,False
32580,42.765,3.57,0.23499999474734068,False
32581,42.765,3.585,0.2249999949708581,False
32582,42.765,3.6,0.20999999530613422,False
32583,42.765,3.615,0.18999999575316906,False
32584,42.765,3.63,0.19999999552965164,False
32585,42.765,3.645,0.18999999575316906,False
32586,42.765,3.66,0.1749999960884452,False
32587,42.765,3.675,0.1649999963119626,False
32588,42.765,3.69,0.1699999962002039,False
32589,42.765,3.705,0.1649999963119626,False
32590,42.765,3.72,0.1749999960884452,False
32591,42.765,3.735,0.1749999960884452,False
32592,42.765,3.75,0.1699999962002039,False
32593,42.765,3.765,0.18999999575316906,False
32594,42.765,3.78,0.18999999575316906,False
32595,42.765,3.795,0.20999999530613422,False
32596,42.765,3.81,0.2249999949708581,False
32597,42.765,3.825,0.2249999949708581,False
32598,42.765,3.84,0.2299999948590994,False
32599,42.765,3.855,0.2299999948590994,False
32600,42.765,3.87,0.23999999463558197,False
32601,42.765,3.885,0.25999999418854713,False
32602,42.765,3.9,0.2699999939650297,False
32603,42.765,3.915,0.2699999939650297,False
32604,42.765,3.93,0.274999993853271,False
32605,42.765,3.945,0.2799999937415123,False
32606,42.765,3.96,0.2799999937415123,False
32607,42.765,3.975,0.2849999936297536,False
32608,42.765,3.99,0.29999999329447746,False
32609,42.765,4.005,0.29999999329447746,False
32610,42.765,4.02,0.29499999340623617,False
32611,42.765,4.035,0.30499999318271875,False
32612,42.765,4.05,0.30499999318271875,False
32613,42.765,4.065,0.29999999329447746,False
32614,42.765,4.08,0.30999999307096004,False
32615,42.765,4.095,0.30499999318271875,False
32616,42.765,4.11,0.29999999329447746,False
32617,42.765,4.125,0.30999999307096004,False
32618,42.765,4.14,0.29999999329447746,False
32619,42.765,4.155,0.29999999329447746,False
32620,42.765,4.17,0.29499999340623617,False
32621,42.765,4.185,0.2699999939650297,False
32622,42.765,4.2,0.24999999441206455,False
32623,42.765,4.215,0.23999999463558197,False
32624,42.765,4.23,0.2299999948590994,False
32625,42.765,4.245,0.2249999949708581,False
32626,42.765,4.26,0.2199999950826168,False
32627,42.765,4.275,0.2199999950826168,False
32628,42.765,4.29,0.20999999530613422,False
32629,42.765,4.305,0.21499999519437551,False
32630,42.765,4.32,0.2199999950826168,False
32631,42.765,4.335,0.21499999519437551,False
32632,42.765,4.35,0.2199999950826168,False
32633,42.765,4.365,0.21499999519437551,False
32634,42.765,4.38,0.2199999950826168,False
32635,42.765,4.395,0.20999999530613422,False
32636,42.765,4.41,0.20999999530613422,False
32637,42.765,4.425,0.23499999474734068,False
32638,42.765,4.44,0.2649999940767884,False
32639,42.765,4.455,0.29999999329447746,False
32640,42.765,4.47,0.29999999329447746,False
32641,42.765,4.485,0.29499999340623617,False
32642,42.765,4.5,0.274999993853271,False
32643,42.765,4.515,0.23999999463558197,False
32644,42.765,4.53,0.2249999949708581,False
32645,42.765,4.545,0.2199999950826168,False
32646,42.765,4.56,0.21499999519437551,False
32647,42.765,4.575,0.20999999530613422,False
32648,42.765,4.59,0.21499999519437551,False
32649,42.765,4.605,0.20499999541789293,False
32650,42.765,4.62,0.20499999541789293,False
32651,42.765,4.635,0.20499999541789293,False
32652,42.765,4.65,0.18999999575316906,False
32653,42.765,4.665,0.1749999960884452,False
32654,42.765,4.68,0.1699999962002039,False
32655,42.765,4.695,0.1599999964237213,False
32656,42.765,4.71,0.17999999597668648,False
32657,42.765,4.725,0.17999999597668648,False
32658,42.765,4.74,0.18999999575316906,False
32659,42.765,4.755,0.20999999530613422,False
32660,42.765,4.77,0.21499999519437551,False
32661,42.765,4.785,0.24499999452382326,False
32662,42.765,4.8,0.29499999340623617,False
32663,42.765,4.815,0.42999999038875103,False
32664,42.765,4.83,0.36499999184161425,False
32665,42.765,4.845,0.3399999924004078,False
32666,42.765,4.86,0.3399999924004078,False
32667,42.765,4.875,0.3299999926239252,False
32668,42.765,4.89,0.3499999921768904,False
32669,42.765,4.905,0.3349999925121665,False
32670,42.765,4.92,0.3249999927356839,False
32671,42.765,4.935,0.3249999927356839,False
32672,42.765,4.95,0.3349999925121665,False
32673,42.765,4.965,0.3199999928474426,False
32674,42.765,4.98,0.3199999928474426,False
32675,42.765,4.995,0.3249999927356839,False
32676,42.765,5.01,0.3449999922886491,False
32677,42.765,5.025,0.3249999927356839,False
32678,42.765,5.04,0.30999999307096004,False
32679,42.765,5.055,0.29499999340623617,False
32680,42.765,5.07,0.274999993853271,False
32681,42.765,5.085,0.23999999463558197,False
32682,42.765,5.1,0.23499999474734068,False
32683,42.765,5.115,0.25499999430030584,False
32684,42.765,5.13,0.2899999935179949,False
32685,42.765,5.145,0.30999999307096004,False
32686,42.765,5.16,0.3199999928474426,False
32687,42.765,5.175,0.3249999927356839,False
32688,42.765,5.19,0.3199999928474426,False
32689,42.765,5.205,0.3349999925121665,False
32690,42.765,5.22,0.3499999921768904,False
32691,42.765,5.235,0.35499999206513166,False
32692,42.765,5.25,0.35999999195337296,False
32693,42.765,5.265,0.35999999195337296,False
32694,42.765,5.28,0.3449999922886491,False
32695,42.765,5.295,0.3399999924004078,False
32696,42.765,5.31,0.3399999924004078,False
32697,42.765,5.325,0.3249999927356839,False
32698,42.765,5.34,0.3199999928474426,False
32699,42.765,5.355,0.3249999927356839,False
32700,42.765,5.37,0.3299999926239252,False
32701,42.765,5.385,0.3249999927356839,False
32702,42.765,5.4,0.3299999926239252,False
32703,42.765,5.415,0.3349999925121665,False
32704,42.765,5.43,0.3349999925121665,False
32705,42.765,5.445,0.3349999925121665,False
32706,42.765,5.46,0.3299999926239252,False
32707,42.765,5.475,0.3199999928474426,False
32708,42.765,5.49,0.3199999928474426,False
32709,42.765,5.505,0.31499999295920134,False
32710,42.765,5.52,0.3199999928474426,False
32711,42.765,5.535,0.3299999926239252,False
32712,42.765,5.55,0.3249999927356839,False
32713,42.765,5.565,0.3249999927356839,False
32714,42.765,5.58,0.3299999926239252,False
32715,42.765,5.595,0.3299999926239252,False
32716,42.765,5.61,0.3349999925121665,False
32717,42.765,5.625,0.3249999927356839,False
32718,42.765,5.64,0.3199999928474426,False
32719,42.765,5.655,0.3199999928474426,False
32720,42.765,5.67,0.31499999295920134,False
32721,42.765,5.685,0.31499999295920134,False
32722,42.765,5.7,0.31499999295920134,False
32723,42.765,5.715,0.3199999928474426,False
32724,42.765,5.73,0.31499999295920134,False
32725,42.765,5.745,0.30999999307096004,False
32726,42.765,5.76,0.31499999295920134,False
32727,42.765,5.775,0.3199999928474426,False
32728,42.765,5.79,0.31499999295920134,False
32729,42.765,5.805,0.31499999295920134,False
32730,42.765,5.82,0.30499999318271875,False
32731,42.765,5.835,0.31499999295920134,False
32732,42.765,5.85,0.31499999295920134,False
32733,42.765,5.865,0.3349999925121665,False
32734,42.765,5.88,0.3499999921768904,False
32735,42.765,5.895,0.36499999184161425,False
32736,42.765,5.91,0.3799999915063381,False
32737,42.765,5.925,0.3999999910593033,False
32738,42.765,5.94,0.40999999083578587,False
32739,42.765,5.955,0.41999999061226845,False
32740,42.765,5.97,0.4399999901652336,False
32741,42.765,5.985,0.4499999899417162,False
32742,42.765,6.0,0.4499999899417162,False
32959,42.785,3.0,,False
32960,42.785,3.015,,False
32961,42.785,3.03,,False
32962,42.785,3.045,,False
32963,42.785,3.06,,False
32964,42.785,3.075,,False
32965,42.785,3.09,1.1399999745190144,False
32966,42.785,3.105,1.1899999734014273,False
32967,42.785,3.12,1.1399999745190144,False
32968,42.785,3.135,0.9349999791011214,False
32969,42.785,3.15,0.8099999818950891,False
32970,42.785,3.165,0.7799999825656414,False
32971,42.785,3.18,0.7449999833479524,False
32972,42.785,3.195,0.7249999837949872,False
32973,42.785,3.21,0.7099999841302633,False
32974,42.785,3.225,0.6899999845772982,False
32975,42.785,3.24,0.754999983124435,False
32976,42.785,3.255,0.7949999822303653,False
32977,42.785,3.27,0.7199999839067459,False
32978,42.785,3.285,0.6649999851360917,False
32979,42.785,3.3,0.6499999854713678,False
32980,42.785,3.315,0.6099999863654375,False
32981,42.785,3.33,0.5949999867007136,False
32982,42.785,3.345,0.5899999868124723,False
32983,42.785,3.36,0.5799999870359898,False
32984,42.785,3.375,0.5749999871477485,False
32985,42.785,3.39,0.5599999874830246,False
32986,42.785,3.405,0.5249999882653356,False
32987,42.785,3.42,0.4599999897181988,False
32988,42.785,3.435,0.41499999072402716,False
32989,42.785,3.45,0.37499999161809683,False
32990,42.785,3.465,0.35999999195337296,False
32991,42.785,3.48,0.3249999927356839,False
32992,42.785,3.495,0.31499999295920134,False
32993,42.785,3.51,0.29999999329447746,False
32994,42.785,3.525,0.2799999937415123,False
32995,42.785,3.54,0.25999999418854713,False
32996,42.785,3.555,0.23999999463558197,False
32997,42.785,3.57,0.2199999950826168,False
32998,42.785,3.585,0.21499999519437551,False
32999,42.785,3.6,0.18499999586492777,False
33000,42.785,3.615,0.1749999960884452,False
33001,42.785,3.63,0.17999999597668648,False
33002,42.785,3.645,0.1749999960884452,False
33003,42.785,3.66,0.1649999963119626,False
33004,42.785,3.675,0.14999999664723873,False
33005,42.785,3.69,0.15499999653548002,False
33006,42.785,3.705,0.1599999964237213,False
33007,42.785,3.72,0.1649999963119626,False
33008,42.785,3.735,0.1649999963119626,False
33009,42.785,3.75,0.1699999962002039,False
33010,42.785,3.765,0.17999999597668648,False
33011,42.785,3.78,0.20999999530613422,False
33012,42.785,3.795,0.23499999474734068,False
33013,42.785,3.81,0.2649999940767884,False
33014,42.785,3.825,0.274999993853271,False
33015,42.785,3.84,0.2849999936297536,False
33016,42.785,3.855,0.2699999939650297,False
33017,42.785,3.87,0.2699999939650297,False
33018,42.785,3.885,0.2699999939650297,False
33019,42.785,3.9,0.2699999939650297,False
33020,42.785,3.915,0.2849999936297536,False
33021,42.785,3.93,0.29499999340623617,False
33022,42.785,3.945,0.29999999329447746,False
33023,42.785,3.96,0.29999999329447746,False
33024,42.785,3.975,0.29999999329447746,False
33025,42.785,3.99,0.29499999340623617,False
33026,42.785,4.005,0.29999999329447746,False
33027,42.785,4.02,0.29499999340623617,False
33028,42.785,4.035,0.29499999340623617,False
33029,42.785,4.05,0.2899999935179949,False
33030,42.785,4.065,0.2899999935179949,False
33031,42.785,4.08,0.29999999329447746,False
33032,42.785,4.095,0.29999999329447746,False
33033,42.785,4.11,0.30499999318271875,False
33034,42.785,4.125,0.30499999318271875,False
33035,42.785,4.14,0.29999999329447746,False
33036,42.785,4.155,0.2899999935179949,False
33037,42.785,4.17,0.29499999340623617,False
33038,42.785,4.185,0.29499999340623617,False
33039,42.785,4.2,0.274999993853271,False
33040,42.785,4.215,0.25499999430030584,False
33041,42.785,4.23,0.23999999463558197,False
33042,42.785,4.245,0.2299999948590994,False
33043,42.785,4.26,0.2199999950826168,False
33044,42.785,4.275,0.2199999950826168,False
33045,42.785,4.29,0.21499999519437551,False
33046,42.785,4.305,0.20999999530613422,False
33047,42.785,4.32,0.2199999950826168,False
33048,42.785,4.335,0.20999999530613422,False
33049,42.785,4.35,0.20999999530613422,False
33050,42.785,4.365,0.21499999519437551,False
33051,42.785,4.38,0.20999999530613422,False
33052,42.785,4.395,0.20499999541789293,False
33053,42.785,4.41,0.2249999949708581,False
33054,42.785,4.425,0.24499999452382326,False
33055,42.785,4.44,0.2699999939650297,False
33056,42.785,4.455,0.3199999928474426,False
33057,42.785,4.47,0.3199999928474426,False
33058,42.785,4.485,0.3199999928474426,False
33059,42.785,4.5,0.29499999340623617,False
33060,42.785,4.515,0.2699999939650297,False
33061,42.785,4.53,0.25499999430030584,False
33062,42.785,4.545,0.23499999474734068,False
33063,42.785,4.56,0.2299999948590994,False
33064,42.785,4.575,0.21499999519437551,False
33065,42.785,4.59,0.21499999519437551,False
33066,42.785,4.605,0.21499999519437551,False
33067,42.785,4.62,0.21499999519437551,False
33068,42.785,4.635,0.19999999552965164,False
33069,42.785,4.65,0.18999999575316906,False
33070,42.785,4.665,0.18499999586492777,False
33071,42.785,4.68,0.1749999960884452,False
33072,42.785,4.695,0.17999999597668648,False
33073,42.785,4.71,0.1649999963119626,False
33074,42.785,4.725,0.17999999597668648,False
33075,42.785,4.74,0.18999999575316906,False
33076,42.785,4.755,0.21499999519437551,False
33077,42.785,4.77,0.2299999948590994,False
33078,42.785,4.785,0.274999993853271,False
33079,42.785,4.8,0.30999999307096004,False
33080,42.785,4.815,0.3999999910593033,False
33081,42.785,4.83,0.3349999925121665,False
33082,42.785,4.845,0.36499999184161425,False
33083,42.785,4.86,0.3499999921768904,False
33084,42.785,4.875,0.35999999195337296,False
33085,42.785,4.89,0.36499999184161425,False
33086,42.785,4.905,0.3499999921768904,False
33087,42.785,4.92,0.3299999926239252,False
33088,42.785,4.935,0.3299999926239252,False
33089,42.785,4.95,0.3349999925121665,False
33090,42.785,4.965,0.3249999927356839,False
33091,42.785,4.98,0.3449999922886491,False
33092,42.785,4.995,0.3349999925121665,False
33093,42.785,5.01,0.3249999927356839,False
33094,42.785,5.025,0.29999999329447746,False
33095,42.785,5.04,0.29999999329447746,False
33096,42.785,5.055,0.29499999340623617,False
33097,42.785,5.07,0.2849999936297536,False
33098,42.785,5.085,0.2649999940767884,False
33099,42.785,5.1,0.2649999940767884,False
33100,42.785,5.115,0.29499999340623617,False
33101,42.785,5.13,0.3299999926239252,False
33102,42.785,5.145,0.3349999925121665,False
33103,42.785,5.16,0.31499999295920134,False
33104,42.785,5.175,0.3299999926239252,False
33105,42.785,5.19,0.3449999922886491,False
33106,42.785,5.205,0.35499999206513166,False
33107,42.785,5.22,0.36499999184161425,False
33108,42.785,5.235,0.36499999184161425,False
33109,42.785,5.25,0.36499999184161425,False
33110,42.785,5.265,0.35999999195337296,False
33111,42.785,5.28,0.3499999921768904,False
33112,42.785,5.295,0.3449999922886491,False
33113,42.785,5.31,0.3449999922886491,False
33114,42.785,5.325,0.3399999924004078,False
33115,42.785,5.34,0.3349999925121665,False
33116,42.785,5.355,0.3299999926239252,False
33117,42.785,5.37,0.3399999924004078,False
33118,42.785,5.385,0.3399999924004078,False
33119,42.785,5.4,0.3349999925121665,False
33120,42.785,5.415,0.3399999924004078,False
33121,42.785,5.43,0.3399999924004078,False
33122,42.785,5.445,0.3299999926239252,False
33123,42.785,5.46,0.3299999926239252,False
33124,42.785,5.475,0.3299999926239252,False
33125,42.785,5.49,0.3349999925121665,False
33126,42.785,5.505,0.3349999925121665,False
33127,42.785,5.52,0.3349999925121665,False
33128,42.785,5.535,0.3449999922886491,False
33129,42.785,5.55,0.3399999924004078,False
33130,42.785,5.565,0.3449999922886491,False
33131,42.785,5.58,0.3349999925121665,False
33132,42.785,5.595,0.3299999926239252,False
33133,42.785,5.61,0.3299999926239252,False
33134,42.785,5.625,0.3249999927356839,False
33135,42.785,5.64,0.3199999928474426,False
33136,42.785,5.655,0.3199999928474426,False
33137,42.785,5.67,0.30999999307096004,False
33138,42.785,5.685,0.31499999295920134,False
33139,42.785,5.7,0.30499999318271875,False
33140,42.785,5.715,0.30999999307096004,False
33141,42.785,5.73,0.30999999307096004,False
33142,42.785,5.745,0.30999999307096004,False
33143,42.785,5.76,0.30999999307096004,False
33144,42.785,5.775,0.30499999318271875,False
33145,42.785,5.79,0.30999999307096004,False
33146,42.785,5.805,0.31499999295920134,False
33147,42.785,5.82,0.3199999928474426,False
33148,42.785,5.835,0.3349999925121665,False
33149,42.785,5.85,0.3399999924004078,False
33150,42.785,5.865,0.35499999206513166,False
33151,42.785,5.88,0.36499999184161425,False
33152,42.785,5.895,0.37499999161809683,False
33153,42.785,5.91,0.394999991171062,False
33154,42.785,5.925,0.41499999072402716,False
33155,42.785,5.94,0.42499999050050974,False
33156,42.785,5.955,0.42999999038875103,False
33157,42.785,5.97,0.42999999038875103,False
33158,42.785,5.985,0.4599999897181988,False
33159,42.785,6.0,0.46499998960644007,False
33376,42.805,3.0,,False
33377,42.805,3.015,,False
33378,42.805,3.03,,False
33379,42.805,3.045,,False
33380,42.805,3.06,1.6599999628961086,False
33381,42.805,3.075,1.2649999717250466,False
33382,42.805,3.09,1.2949999710544944,False
33383,42.805,3.105,1.2449999721720815,False
33384,42.805,3.12,1.1749999737367034,False
33385,42.805,3.135,1.0949999755248427,False
33386,42.805,3.15,1.0449999766424298,False
33387,42.805,3.165,0.9649999784305692,False
33388,42.805,3.18,0.8749999804422259,False
33389,42.805,3.195,0.8849999802187085,False
33390,42.805,3.21,0.9599999785423279,False
33391,42.805,3.225,0.9649999784305692,False
33392,42.805,3.24,0.9649999784305692,False
33393,42.805,3.255,0.9249999793246388,False
33394,42.805,3.27,0.7949999822303653,False
33395,42.805,3.285,0.6499999854713678,False
33396,42.805,3.3,0.5599999874830246,False
33397,42.805,3.315,0.584999986924231,False
33398,42.805,3.33,0.5399999879300594,False
33399,42.805,3.345,0.5449999878183007,False
33400,42.805,3.36,0.549999987706542,False
33401,42.805,3.375,0.4899999890476465,False
33402,42.805,3.39,0.4599999897181988,False
33403,42.805,3.405,0.394999991171062,False
33404,42.805,3.42,0.37499999161809683,False
33405,42.805,3.435,0.3399999924004078,False
33406,42.805,3.45,0.3249999927356839,False
33407,42.805,3.465,0.30499999318271875,False
33408,42.805,3.48,0.30999999307096004,False
33409,42.805,3.495,0.29499999340623617,False
33410,42.805,3.51,0.31499999295920134,False
33411,42.805,3.525,0.2899999935179949,False
33412,42.805,3.54,0.23999999463558197,False
33413,42.805,3.555,0.21499999519437551,False
33414,42.805,3.57,0.20999999530613422,False
33415,42.805,3.585,0.19499999564141035,False
33416,42.805,3.6,0.1749999960884452,False
33417,42.805,3.615,0.1749999960884452,False
33418,42.805,3.63,0.18499999586492777,False
33419,42.805,3.645,0.1699999962002039,False
33420,42.805,3.66,0.1649999963119626,False
33421,42.805,3.675,0.15499999653548002,False
33422,42.805,3.69,0.15499999653548002,False
33423,42.805,3.705,0.1599999964237213,False
33424,42.805,3.72,0.1649999963119626,False
33425,42.805,3.735,0.1599999964237213,False
33426,42.805,3.75,0.15499999653548002,False
33427,42.805,3.765,0.1649999963119626,False
33428,42.805,3.78,0.19499999564141035,False
33429,42.805,3.795,0.2249999949708581,False
33430,42.805,3.81,0.274999993853271,False
33431,42.805,3.825,0.3199999928474426,False
33432,42.805,3.84,0.3299999926239252,False
33433,42.805,3.855,0.3299999926239252,False
33434,42.805,3.87,0.30999999307096004,False
33435,42.805,3.885,0.2849999936297536,False
33436,42.805,3.9,0.274999993853271,False
33437,42.805,3.915,0.2899999935179949,False
33438,42.805,3.93,0.30499999318271875,False
33439,42.805,3.945,0.29999999329447746,False
33440,42.805,3.96,0.29499999340623617,False
33441,42.805,3.975,0.29499999340623617,False
33442,42.805,3.99,0.2899999935179949,False
33443,42.805,4.005,0.29499999340623617,False
33444,42.805,4.02,0.29999999329447746,False
33445,42.805,4.035,0.2899999935179949,False
33446,42.805,4.05,0.2899999935179949,False
33447,42.805,4.065,0.29499999340623617,False
33448,42.805,4.08,0.29999999329447746,False
33449,42.805,4.095,0.30499999318271875,False
33450,42.805,4.11,0.30999999307096004,False
33451,42.805,4.125,0.30499999318271875,False
33452,42.805,4.14,0.30999999307096004,False
33453,42.805,4.155,0.29999999329447746,False
33454,42.805,4.17,0.30499999318271875,False
33455,42.805,4.185,0.30499999318271875,False
33456,42.805,4.2,0.29499999340623617,False
33457,42.805,4.215,0.2899999935179949,False
33458,42.805,4.23,0.25999999418854713,False
33459,42.805,4.245,0.25999999418854713,False
33460,42.805,4.26,0.23499999474734068,False
33461,42.805,4.275,0.23499999474734068,False
33462,42.805,4.29,0.2299999948590994,False
33463,42.805,4.305,0.2199999950826168,False
33464,42.805,4.32,0.2199999950826168,False
33465,42.805,4.335,0.20999999530613422,False
33466,42.805,4.35,0.20999999530613422,False
33467,42.805,4.365,0.21499999519437551,False
33468,42.805,4.38,0.20999999530613422,False
33469,42.805,4.395,0.21499999519437551,False
33470,42.805,4.41,0.20999999530613422,False
33471,42.805,4.425,0.23999999463558197,False
33472,42.805,4.44,0.2649999940767884,False
33473,42.805,4.455,0.29499999340623617,False
33474,42.805,4.47,0.31499999295920134,False
33475,42.805,4.485,0.3249999927356839,False
33476,42.805,4.5,0.30499999318271875,False
33477,42.805,4.515,0.2799999937415123,False
33478,42.805,4.53,0.25999999418854713,False
33479,42.805,4.545,0.23499999474734068,False
33480,42.805,4.56,0.2299999948590994,False
33481,42.805,4.575,0.2199999950826168,False
33482,42.805,4.59,0.20999999530613422,False
33483,42.805,4.605,0.2199999950826168,False
33484,42.805,4.62,0.2249999949708581,False
33485,42.805,4.635,0.21499999519437551,False
33486,42.805,4.65,0.21499999519437551,False
33487,42.805,4.665,0.2199999950826168,False
33488,42.805,4.68,0.21499999519437551,False
33489,42.805,4.695,0.2299999948590994,False
33490,42.805,4.71,0.23499999474734068,False
33491,42.805,4.725,0.17999999597668648,False
33492,42.805,4.74,0.18499999586492777,False
33493,42.805,4.755,0.21499999519437551,False
33494,42.805,4.77,0.24499999452382326,False
33495,42.805,4.785,0.2649999940767884,False
33496,42.805,4.8,0.2899999935179949,False
33497,42.805,4.815,0.3449999922886491,False
33498,42.805,4.83,0.3999999910593033,False
33499,42.805,4.845,0.35499999206513166,False
33500,42.805,4.86,0.3199999928474426,False
33501,42.805,4.875,0.30999999307096004,False
33502,42.805,4.89,0.30499999318271875,False
33503,42.805,4.905,0.30499999318271875,False
33504,42.805,4.92,0.2799999937415123,False
33505,42.805,4.935,0.2849999936297536,False
33506,42.805,4.95,0.29499999340623617,False
33507,42.805,4.965,0.2899999935179949,False
33508,42.805,4.98,0.30499999318271875,False
33509,42.805,4.995,0.31499999295920134,False
33510,42.805,5.01,0.2649999940767884,False
33511,42.805,5.025,0.2699999939650297,False
33512,42.805,5.04,0.2799999937415123,False
33513,42.805,5.055,0.30999999307096004,False
33514,42.805,5.07,0.29999999329447746,False
33515,42.805,5.085,0.25999999418854713,False
33516,42.805,5.1,0.274999993853271,False
33517,42.805,5.115,0.2899999935179949,False
33518,42.805,5.13,0.30999999307096004,False
33519,42.805,5.145,0.3299999926239252,False
33520,42.805,5.16,0.3349999925121665,False
33521,42.805,5.175,0.3449999922886491,False
33522,42.805,5.19,0.36499999184161425,False
33523,42.805,5.205,0.36499999184161425,False
33524,42.805,5.22,0.37499999161809683,False
33525,42.805,5.235,0.3799999915063381,False
33526,42.805,5.25,0.3799999915063381,False
33527,42.805,5.265,0.37499999161809683,False
33528,42.805,5.28,0.37499999161809683,False
33529,42.805,5.295,0.36499999184161425,False
33530,42.805,5.31,0.35999999195337296,False
33531,42.805,5.325,0.35499999206513166,False
33532,42.805,5.34,0.3499999921768904,False
33533,42.805,5.355,0.3499999921768904,False
33534,42.805,5.37,0.35499999206513166,False
33535,42.805,5.385,0.3449999922886491,False
33536,42.805,5.4,0.3399999924004078,False
33537,42.805,5.415,0.3449999922886491,False
33538,42.805,5.43,0.3499999921768904,False
33539,42.805,5.445,0.3399999924004078,False
33540,42.805,5.46,0.3499999921768904,False
33541,42.805,5.475,0.35499999206513166,False
33542,42.805,5.49,0.35499999206513166,False
33543,42.805,5.505,0.35999999195337296,False
33544,42.805,5.52,0.36499999184161425,False
33545,42.805,5.535,0.36499999184161425,False
33546,42.805,5.55,0.35499999206513166,False
33547,42.805,5.565,0.3499999921768904,False
33548,42.805,5.58,0.3399999924004078,False
33549,42.805,5.595,0.3299999926239252,False
33550,42.805,5.61,0.3199999928474426,False
33551,42.805,5.625,0.31499999295920134,False
33552,42.805,5.64,0.31499999295920134,False
33553,42.805,5.655,0.30499999318271875,False
33554,42.805,5.67,0.30999999307096004,False
33555,42.805,5.685,0.29999999329447746,False
33556,42.805,5.7,0.30499999318271875,False
33557,42.805,5.715,0.30499999318271875,False
33558,42.805,5.73,0.30499999318271875,False
33559,42.805,5.745,0.29999999329447746,False
33560,42.805,5.76,0.29999999329447746,False
33561,42.805,5.775,0.30499999318271875,False
33562,42.805,5.79,0.30499999318271875,False
33563,42.805,5.805,0.3349999925121665,False
33564,42.805,5.82,0.3499999921768904,False
33565,42.805,5.835,0.3899999912828207,False
33566,42.805,5.85,0.42499999050050974,False
33567,42.805,5.865,0.4349999902769923,False
33568,42.805,5.88,0.4449999900534749,False
33569,42.805,5.895,0.42999999038875103,False
33570,42.805,5.91,0.4399999901652336,False
33571,42.805,5.925,0.4449999900534749,False
33572,42.805,5.94,0.46499998960644007,False
33573,42.805,5.955,0.4499999899417162,False
33574,42.805,5.97,0.4549999898299575,False
33575,42.805,5.985,0.4549999898299575,False
33576,42.805,6.0,0.47499998938292265,False
33793,42.825,3.0,,False
33794,42.825,3.015,,False
33795,42.825,3.03,,False
33796,42.825,3.045,1.3799999691545963,False
33797,42.825,3.06,1.8099999595433474,False
33798,42.825,3.075,1.5849999645724893,False
33799,42.825,3.09,1.459999967366457,False
33800,42.825,3.105,1.4049999685958028,False
33801,42.825,3.12,1.289999971166253,False
33802,42.825,3.135,1.1199999749660492,False
33803,42.825,3.15,1.1449999744072556,False
33804,42.825,3.165,1.064999976195395,False
33805,42.825,3.18,1.0599999763071537,False
33806,42.825,3.195,1.0749999759718776,False
33807,42.825,3.21,1.2149999728426337,False
33808,42.825,3.225,1.1899999734014273,False
33809,42.825,3.24,1.1299999747425318,False
33810,42.825,3.255,1.0199999772012234,False
33811,42.825,3.27,0.8649999806657434,False
33812,42.825,3.285,0.7149999840185046,False
33813,42.825,3.3,0.584999986924231,False
33814,42.825,3.315,0.5349999880418181,False
33815,42.825,3.33,0.5049999887123704,False
33816,42.825,3.345,0.48499998915940523,False
33817,42.825,3.36,0.46499998960644007,False
33818,42.825,3.375,0.42999999038875103,False
33819,42.825,3.39,0.3849999913945794,False
33820,42.825,3.405,0.3399999924004078,False
33821,42.825,3.42,0.3299999926239252,False
33822,42.825,3.435,0.31499999295920134,False
33823,42.825,3.45,0.2899999935179949,False
33824,42.825,3.465,0.2699999939650297,False
33825,42.825,3.48,0.25999999418854713,False
33826,42.825,3.495,0.23999999463558197,False
33827,42.825,3.51,0.24499999452382326,False
33828,42.825,3.525,0.23999999463558197,False
33829,42.825,3.54,0.20499999541789293,False
33830,42.825,3.555,0.19499999564141035,False
33831,42.825,3.57,0.18999999575316906,False
33832,42.825,3.585,0.17999999597668648,False
33833,42.825,3.6,0.1749999960884452,False
33834,42.825,3.615,0.1749999960884452,False
33835,42.825,3.63,0.18499999586492777,False
33836,42.825,3.645,0.1749999960884452,False
33837,42.825,3.66,0.17999999597668648,False
33838,42.825,3.675,0.14999999664723873,False
33839,42.825,3.69,0.15499999653548002,False
33840,42.825,3.705,0.14999999664723873,False
33841,42.825,3.72,0.15499999653548002,False
33842,42.825,3.735,0.15499999653548002,False
33843,42.825,3.75,0.14999999664723873,False
33844,42.825,3.765,0.1649999963119626,False
33845,42.825,3.78,0.17999999597668648,False
33846,42.825,3.795,0.20499999541789293,False
33847,42.825,3.81,0.23999999463558197,False
33848,42.825,3.825,0.2699999939650297,False
33849,42.825,3.84,0.29999999329447746,False
33850,42.825,3.855,0.31499999295920134,False
33851,42.825,3.87,0.3199999928474426,False
33852,42.825,3.885,0.30499999318271875,False
33853,42.825,3.9,0.30499999318271875,False
33854,42.825,3.915,0.31499999295920134,False
33855,42.825,3.93,0.31499999295920134,False
33856,42.825,3.945,0.31499999295920134,False
33857,42.825,3.96,0.31499999295920134,False
33858,42.825,3.975,0.30499999318271875,False
33859,42.825,3.99,0.29999999329447746,False
33860,42.825,4.005,0.30999999307096004,False
33861,42.825,4.02,0.30499999318271875,False
33862,42.825,4.035,0.30499999318271875,False
33863,42.825,4.05,0.29999999329447746,False
33864,42.825,4.065,0.29499999340623617,False
33865,42.825,4.08,0.29999999329447746,False
33866,42.825,4.095,0.30499999318271875,False
33867,42.825,4.11,0.30499999318271875,False
33868,42.825,4.125,0.30499999318271875,False
33869,42.825,4.14,0.31499999295920134,False
33870,42.825,4.155,0.31499999295920134,False
33871,42.825,4.17,0.3249999927356839,False
33872,42.825,4.185,0.3349999925121665,False
33873,42.825,4.2,0.3299999926239252,False
33874,42.825,4.215,0.3299999926239252,False
33875,42.825,4.23,0.3249999927356839,False
33876,42.825,4.245,0.29499999340623617,False
33877,42.825,4.26,0.2849999936297536,False
33878,42.825,4.275,0.274999993853271,False
33879,42.825,4.29,0.25499999430030584,False
33880,42.825,4.305,0.23999999463558197,False
33881,42.825,4.32,0.2299999948590994,False
33882,42.825,4.335,0.20999999530613422,False
33883,42.825,4.35,0.20499999541789293,False
33884,42.825,4.365,0.19999999552965164,False
33885,42.825,4.38,0.20499999541789293,False
33886,42.825,4.395,0.2199999950826168,False
33887,42.825,4.41,0.21499999519437551,False
33888,42.825,4.425,0.2249999949708581,False
33889,42.825,4.44,0.24999999441206455,False
33890,42.825,4.455,0.274999993853271,False
33891,42.825,4.47,0.2899999935179949,False
33892,42.825,4.485,0.30499999318271875,False
33893,42.825,4.5,0.29999999329447746,False
33894,42.825,4.515,0.2799999937415123,False
33895,42.825,4.53,0.24499999452382326,False
33896,42.825,4.545,0.23499999474734068,False
33897,42.825,4.56,0.2249999949708581,False
33898,42.825,4.575,0.2199999950826168,False
33899,42.825,4.59,0.21499999519437551,False
33900,42.825,4.605,0.2199999950826168,False
33901,42.825,4.62,0.2299999948590994,False
33902,42.825,4.635,0.2199999950826168,False
33903,42.825,4.65,0.2299999948590994,False
33904,42.825,4.665,0.23999999463558197,False
33905,42.825,4.68,0.24499999452382326,False
33906,42.825,4.695,0.23999999463558197,False
33907,42.825,4.71,0.20999999530613422,False
33908,42.825,4.725,0.19999999552965164,False
33909,42.825,4.74,0.18499999586492777,False
33910,42.825,4.755,0.17999999597668648,False
33911,42.825,4.77,0.2249999949708581,False
33912,42.825,4.785,0.2249999949708581,False
33913,42.825,4.8,0.25499999430030584,False
33914,42.825,4.815,0.3899999912828207,False
33915,42.825,4.83,0.31499999295920134,False
33916,42.825,4.845,0.25499999430030584,False
33917,42.825,4.86,0.2649999940767884,False
33918,42.825,4.875,0.2699999939650297,False
33919,42.825,4.89,0.2699999939650297,False
33920,42.825,4.905,0.2649999940767884,False
33921,42.825,4.92,0.2649999940767884,False
33922,42.825,4.935,0.2799999937415123,False
33923,42.825,4.95,0.2899999935179949,False
33924,42.825,4.965,0.31499999295920134,False
33925,42.825,4.98,0.3349999925121665,False
33926,42.825,4.995,0.274999993853271,False
33927,42.825,5.01,0.2849999936297536,False
33928,42.825,5.025,0.29999999329447746,False
33929,42.825,5.04,0.30499999318271875,False
33930,42.825,5.055,0.29499999340623617,False
33931,42.825,5.07,0.30999999307096004,False
33932,42.825,5.085,0.31499999295920134,False
33933,42.825,5.1,0.31499999295920134,False
33934,42.825,5.115,0.3399999924004078,False
33935,42.825,5.13,0.36999999172985554,False
33936,42.825,5.145,0.394999991171062,False
33937,42.825,5.16,0.36999999172985554,False
33938,42.825,5.175,0.36499999184161425,False
33939,42.825,5.19,0.37499999161809683,False
33940,42.825,5.205,0.36999999172985554,False
33941,42.825,5.22,0.3799999915063381,False
33942,42.825,5.235,0.394999991171062,False
33943,42.825,5.25,0.3899999912828207,False
33944,42.825,5.265,0.3899999912828207,False
33945,42.825,5.28,0.3999999910593033,False
33946,42.825,5.295,0.3849999913945794,False
33947,42.825,5.31,0.3849999913945794,False
33948,42.825,5.325,0.37499999161809683,False
33949,42.825,5.34,0.36999999172985554,False
33950,42.825,5.355,0.37499999161809683,False
33951,42.825,5.37,0.35999999195337296,False
33952,42.825,5.385,0.36499999184161425,False
33953,42.825,5.4,0.35999999195337296,False
33954,42.825,5.415,0.35999999195337296,False
33955,42.825,5.43,0.36499999184161425,False
33956,42.825,5.445,0.36999999172985554,False
33957,42.825,5.46,0.37499999161809683,False
33958,42.825,5.475,0.3799999915063381,False
33959,42.825,5.49,0.3799999915063381,False
33960,42.825,5.505,0.3799999915063381,False
33961,42.825,5.52,0.36999999172985554,False
33962,42.825,5.535,0.37499999161809683,False
33963,42.825,5.55,0.36999999172985554,False
33964,42.825,5.565,0.36499999184161425,False
33965,42.825,5.58,0.35499999206513166,False
33966,42.825,5.595,0.3399999924004078,False
33967,42.825,5.61,0.3299999926239252,False
33968,42.825,5.625,0.3249999927356839,False
33969,42.825,5.64,0.31499999295920134,False
33970,42.825,5.655,0.30999999307096004,False
33971,42.825,5.67,0.29999999329447746,False
33972,42.825,5.685,0.29999999329447746,False
33973,42.825,5.7,0.29999999329447746,False
33974,42.825,5.715,0.29499999340623617,False
33975,42.825,5.73,0.29499999340623617,False
33976,42.825,5.745,0.29999999329447746,False
33977,42.825,5.76,0.29499999340623617,False
33978,42.825,5.775,0.29999999329447746,False
33979,42.825,5.79,0.29999999329447746,False
33980,42.825,5.805,0.30499999318271875,False
33981,42.825,5.82,0.3499999921768904,False
33982,42.825,5.835,0.37499999161809683,False
33983,42.825,5.85,0.394999991171062,False
33984,42.825,5.865,0.41999999061226845,False
33985,42.825,5.88,0.42999999038875103,False
33986,42.825,5.895,0.4449999900534749,False
33987,42.825,5.91,0.46499998960644007,False
33988,42.825,5.925,0.47499998938292265,False
33989,42.825,5.94,0.4999999888241291,False
33990,42.825,5.955,0.5049999887123704,False
33991,42.825,5.97,0.4599999897181988,False
33992,42.825,5.985,0.4599999897181988,False
33993,42.825,6.0,0.4599999897181988,False
34210,42.845,3.0,,False
34211,42.845,3.015,,False
34212,42.845,3.03,,False
34213,42.845,3.045,,False
34214,42.845,3.06,1.804999959655106,False
34215,42.845,3.075,1.6899999622255564,False
34216,42.845,3.09,1.579999964684248,False
34217,42.845,3.105,1.5349999656900764,False
34218,42.845,3.12,1.4649999672546983,False
34219,42.845,3.135,1.304999970830977,False
34220,42.845,3.15,1.2749999715015292,False
34221,42.845,3.165,1.2049999730661511,False
34222,42.845,3.18,1.1549999741837382,False
34223,42.845,3.195,1.1799999736249447,False
34224,42.845,3.21,1.1549999741837382,False
34225,42.845,3.225,1.1749999737367034,False
34226,42.845,3.24,1.149999974295497,False
34227,42.845,3.255,0.9949999777600169,False
34228,42.845,3.27,0.8549999808892608,False
34229,42.845,3.285,0.7149999840185046,False
34230,42.845,3.3,0.6299999859184027,False
34231,42.845,3.315,0.549999987706542,False
34232,42.845,3.33,0.5349999880418181,False
34233,42.845,3.345,0.46499998960644007,False
34234,42.845,3.36,0.3799999915063381,False
34235,42.845,3.375,0.35499999206513166,False
34236,42.845,3.39,0.3349999925121665,False
34237,42.845,3.405,0.31499999295920134,False
34238,42.845,3.42,0.29499999340623617,False
34239,42.845,3.435,0.2849999936297536,False
34240,42.845,3.45,0.2649999940767884,False
34241,42.845,3.465,0.23999999463558197,False
34242,42.845,3.48,0.21499999519437551,False
34243,42.845,3.495,0.20999999530613422,False
34244,42.845,3.51,0.20499999541789293,False
34245,42.845,3.525,0.18999999575316906,False
34246,42.845,3.54,0.1749999960884452,False
34247,42.845,3.555,0.14999999664723873,False
34248,42.845,3.57,0.13499999698251486,False
34249,42.845,3.585,0.14999999664723873,False
34250,42.845,3.6,0.1649999963119626,False
34251,42.845,3.615,0.1649999963119626,False
34252,42.845,3.63,0.17999999597668648,False
34253,42.845,3.645,0.18499999586492777,False
34254,42.845,3.66,0.1699999962002039,False
34255,42.845,3.675,0.13499999698251486,False
34256,42.845,3.69,0.15499999653548002,False
34257,42.845,3.705,0.14999999664723873,False
34258,42.845,3.72,0.15499999653548002,False
34259,42.845,3.735,0.1599999964237213,False
34260,42.845,3.75,0.1599999964237213,False
34261,42.845,3.765,0.1599999964237213,False
34262,42.845,3.78,0.1749999960884452,False
34263,42.845,3.795,0.17999999597668648,False
34264,42.845,3.81,0.20499999541789293,False
34265,42.845,3.825,0.23499999474734068,False
34266,42.845,3.84,0.2699999939650297,False
34267,42.845,3.855,0.29999999329447746,False
34268,42.845,3.87,0.3199999928474426,False
34269,42.845,3.885,0.30999999307096004,False
34270,42.845,3.9,0.3199999928474426,False
34271,42.845,3.915,0.3299999926239252,False
34272,42.845,3.93,0.3299999926239252,False
34273,42.845,3.945,0.3399999924004078,False
34274,42.845,3.96,0.3399999924004078,False
34275,42.845,3.975,0.3199999928474426,False
34276,42.845,3.99,0.31499999295920134,False
34277,42.845,4.005,0.31499999295920134,False
34278,42.845,4.02,0.30499999318271875,False
34279,42.845,4.035,0.29999999329447746,False
34280,42.845,4.05,0.30499999318271875,False
34281,42.845,4.065,0.30999999307096004,False
34282,42.845,4.08,0.31499999295920134,False
34283,42.845,4.095,0.31499999295920134,False
34284,42.845,4.11,0.29999999329447746,False
34285,42.845,4.125,0.30999999307096004,False
34286,42.845,4.14,0.30999999307096004,False
34287,42.845,4.155,0.31499999295920134,False
34288,42.845,4.17,0.3349999925121665,False
34289,42.845,4.185,0.3449999922886491,False
34290,42.845,4.2,0.3499999921768904,False
34291,42.845,4.215,0.35499999206513166,False
34292,42.845,4.23,0.3499999921768904,False
34293,42.845,4.245,0.3299999926239252,False
34294,42.845,4.26,0.3249999927356839,False
34295,42.845,4.275,0.31499999295920134,False
34296,42.845,4.29,0.29999999329447746,False
34297,42.845,4.305,0.2799999937415123,False
34298,42.845,4.32,0.25999999418854713,False
34299,42.845,4.335,0.2299999948590994,False
34300,42.845,4.35,0.2199999950826168,False
34301,42.845,4.365,0.20999999530613422,False
34302,42.845,4.38,0.20999999530613422,False
34303,42.845,4.395,0.2199999950826168,False
34304,42.845,4.41,0.2199999950826168,False
34305,42.845,4.425,0.23499999474734068,False
34306,42.845,4.44,0.24999999441206455,False
34307,42.845,4.455,0.2699999939650297,False
34308,42.845,4.47,0.30999999307096004,False
34309,42.845,4.485,0.30999999307096004,False
34310,42.845,4.5,0.29999999329447746,False
34311,42.845,4.515,0.274999993853271,False
34312,42.845,4.53,0.2649999940767884,False
34313,42.845,4.545,0.24999999441206455,False
34314,42.845,4.56,0.24499999452382326,False
34315,42.845,4.575,0.2299999948590994,False
34316,42.845,4.59,0.2249999949708581,False
34317,42.845,4.605,0.2249999949708581,False
34318,42.845,4.62,0.2299999948590994,False
34319,42.845,4.635,0.2299999948590994,False
34320,42.845,4.65,0.23999999463558197,False
34321,42.845,4.665,0.24999999441206455,False
34322,42.845,4.68,0.23999999463558197,False
34323,42.845,4.695,0.2299999948590994,False
34324,42.845,4.71,0.23499999474734068,False
34325,42.845,4.725,0.19499999564141035,False
34326,42.845,4.74,0.1699999962002039,False
34327,42.845,4.755,0.14999999664723873,False
34328,42.845,4.77,0.2249999949708581,False
34329,42.845,4.785,0.2249999949708581,False
34330,42.845,4.8,0.25999999418854713,False
34331,42.845,4.815,0.3449999922886491,False
34332,42.845,4.83,0.2699999939650297,False
34333,42.845,4.845,0.2699999939650297,False
34334,42.845,4.86,0.25999999418854713,False
34335,42.845,4.875,0.25999999418854713,False
34336,42.845,4.89,0.25499999430030584,False
34337,42.845,4.905,0.25499999430030584,False
34338,42.845,4.92,0.25999999418854713,False
34339,42.845,4.935,0.274999993853271,False
34340,42.845,4.95,0.2849999936297536,False
34341,42.845,4.965,0.29499999340623617,False
34342,42.845,4.98,0.274999993853271,False
34343,42.845,4.995,0.30499999318271875,False
34344,42.845,5.01,0.31499999295920134,False
34345,42.845,5.025,0.3449999922886491,False
34346,42.845,5.04,0.3499999921768904,False
34347,42.845,5.055,0.3399999924004078,False
34348,42.845,5.07,0.3349999925121665,False
34349,42.845,5.085,0.3399999924004078,False
34350,42.845,5.1,0.3399999924004078,False
34351,42.845,5.115,0.3449999922886491,False
34352,42.845,5.13,0.37499999161809683,False
34353,42.845,5.145,0.3849999913945794,False
34354,42.845,5.16,0.3849999913945794,False
34355,42.845,5.175,0.3849999913945794,False
34356,42.845,5.19,0.3999999910593033,False
34357,42.845,5.205,0.394999991171062,False
34358,42.845,5.22,0.4049999909475446,False
34359,42.845,5.235,0.41499999072402716,False
34360,42.845,5.25,0.40999999083578587,False
34361,42.845,5.265,0.42999999038875103,False
34362,42.845,5.28,0.41999999061226845,False
34363,42.845,5.295,0.41999999061226845,False
34364,42.845,5.31,0.41999999061226845,False
34365,42.845,5.325,0.40999999083578587,False
34366,42.845,5.34,0.394999991171062,False
34367,42.845,5.355,0.3899999912828207,False
34368,42.845,5.37,0.3849999913945794,False
34369,42.845,5.385,0.37499999161809683,False
34370,42.845,5.4,0.3799999915063381,False
34371,42.845,5.415,0.3899999912828207,False
34372,42.845,5.43,0.3899999912828207,False
34373,42.845,5.445,0.394999991171062,False
34374,42.845,5.46,0.40999999083578587,False
34375,42.845,5.475,0.4049999909475446,False
34376,42.845,5.49,0.4049999909475446,False
34377,42.845,5.505,0.4049999909475446,False
34378,42.845,5.52,0.3999999910593033,False
34379,42.845,5.535,0.394999991171062,False
34380,42.845,5.55,0.3899999912828207,False
34381,42.845,5.565,0.37499999161809683,False
34382,42.845,5.58,0.37499999161809683,False
34383,42.845,5.595,0.36499999184161425,False
34384,42.845,5.61,0.35999999195337296,False
34385,42.845,5.625,0.3449999922886491,False
34386,42.845,5.64,0.3399999924004078,False
34387,42.845,5.655,0.3249999927356839,False
34388,42.845,5.67,0.31499999295920134,False
34389,42.845,5.685,0.30499999318271875,False
34390,42.845,5.7,0.30499999318271875,False
34391,42.845,5.715,0.30999999307096004,False
34392,42.845,5.73,0.29999999329447746,False
34393,42.845,5.745,0.29499999340623617,False
34394,42.845,5.76,0.29499999340623617,False
34395,42.845,5.775,0.29999999329447746,False
34396,42.845,5.79,0.30499999318271875,False
34397,42.845,5.805,0.31499999295920134,False
34398,42.845,5.82,0.3399999924004078,False
34399,42.845,5.835,0.37499999161809683,False
34400,42.845,5.85,0.3999999910593033,False
34401,42.845,5.865,0.42999999038875103,False
34402,42.845,5.88,0.4449999900534749,False
34403,42.845,5.895,0.4499999899417162,False
34404,42.845,5.91,0.46499998960644007,False
34405,42.845,5.925,0.46999998949468136,False
34406,42.845,5.94,0.4599999897181988,False
34407,42.845,5.955,0.48499998915940523,False
34408,42.845,5.97,0.4949999889358878,False
34409,42.845,5.985,0.4549999898299575,False
34410,42.845,6.0,0.4499999899417162,False
34627,42.864998,3.0,,False
34628,42.864998,3.015,,False
34629,42.864998,3.03,9.709999782964587,False
34630,42.864998,3.045,,False
34631,42.864998,3.06,1.9199999570846558,False
34632,42.864998,3.075,1.81999995931983,False
34633,42.864998,3.09,1.7149999616667628,False
34634,42.864998,3.105,1.5149999661371112,False
34635,42.864998,3.12,1.459999967366457,False
34636,42.864998,3.135,1.4299999680370092,False
34637,42.864998,3.15,1.2949999710544944,False
34638,42.864998,3.165,1.2399999722838402,False
34639,42.864998,3.18,1.2099999729543924,False
34640,42.864998,3.195,1.184999973513186,False
34641,42.864998,3.21,1.1749999737367034,False
34642,42.864998,3.225,1.1449999744072556,False
34643,42.864998,3.24,1.0499999765306711,False
34644,42.864998,3.255,0.909999979659915,False
34645,42.864998,3.27,0.7849999824538827,False
34646,42.864998,3.285,0.6849999846890569,False
34647,42.864998,3.3,0.6149999862536788,False
34648,42.864998,3.315,0.5199999883770943,False
34649,42.864998,3.33,0.4549999898299575,False
34650,42.864998,3.345,0.41499999072402716,False
34651,42.864998,3.36,0.3499999921768904,False
34652,42.864998,3.375,0.29499999340623617,False
34653,42.864998,3.39,0.30999999307096004,False
34654,42.864998,3.405,0.274999993853271,False
34655,42.864998,3.42,0.2799999937415123,False
34656,42.864998,3.435,0.2799999937415123,False
34657,42.864998,3.45,0.25999999418854713,False
34658,42.864998,3.465,0.24999999441206455,False
34659,42.864998,3.48,0.2249999949708581,False
34660,42.864998,3.495,0.20999999530613422,False
34661,42.864998,3.51,0.18999999575316906,False
34662,42.864998,3.525,0.19999999552965164,False
34663,42.864998,3.54,0.18499999586492777,False
34664,42.864998,3.555,0.17999999597668648,False
34665,42.864998,3.57,0.1599999964237213,False
34666,42.864998,3.585,0.12999999709427357,False
34667,42.864998,3.6,0.14499999675899744,False
34668,42.864998,3.615,0.1599999964237213,False
34669,42.864998,3.63,0.14999999664723873,False
34670,42.864998,3.645,0.15499999653548002,False
34671,42.864998,3.66,0.12999999709427357,False
34672,42.864998,3.675,0.14499999675899744,False
34673,42.864998,3.69,0.14999999664723873,False
34674,42.864998,3.705,0.1599999964237213,False
34675,42.864998,3.72,0.1649999963119626,False
34676,42.864998,3.735,0.1599999964237213,False
34677,42.864998,3.75,0.1599999964237213,False
34678,42.864998,3.765,0.1699999962002039,False
34679,42.864998,3.78,0.1699999962002039,False
34680,42.864998,3.795,0.1749999960884452,False
34681,42.864998,3.81,0.19999999552965164,False
34682,42.864998,3.825,0.2199999950826168,False
34683,42.864998,3.84,0.23999999463558197,False
34684,42.864998,3.855,0.2649999940767884,False
34685,42.864998,3.87,0.29499999340623617,False
34686,42.864998,3.885,0.3199999928474426,False
34687,42.864998,3.9,0.3249999927356839,False
34688,42.864998,3.915,0.3199999928474426,False
34689,42.864998,3.93,0.3299999926239252,False
34690,42.864998,3.945,0.3299999926239252,False
34691,42.864998,3.96,0.3399999924004078,False
34692,42.864998,3.975,0.3199999928474426,False
34693,42.864998,3.99,0.3199999928474426,False
34694,42.864998,4.005,0.3199999928474426,False
34695,42.864998,4.02,0.3199999928474426,False
34696,42.864998,4.035,0.3199999928474426,False
34697,42.864998,4.05,0.30499999318271875,False
34698,42.864998,4.065,0.30999999307096004,False
34699,42.864998,4.08,0.30999999307096004,False
34700,42.864998,4.095,0.30499999318271875,False
34701,42.864998,4.11,0.29999999329447746,False
34702,42.864998,4.125,0.30499999318271875,False
34703,42.864998,4.14,0.31499999295920134,False
34704,42.864998,4.155,0.31499999295920134,False
34705,42.864998,4.17,0.3299999926239252,False
34706,42.864998,4.185,0.3399999924004078,False
34707,42.864998,4.2,0.3449999922886491,False
34708,42.864998,4.215,0.3449999922886491,False
34709,42.864998,4.23,0.3399999924004078,False
34710,42.864998,4.245,0.3299999926239252,False
34711,42.864998,4.26,0.3449999922886491,False
34712,42.864998,4.275,0.3499999921768904,False
34713,42.864998,4.29,0.3449999922886491,False
34714,42.864998,4.305,0.31499999295920134,False
34715,42.864998,4.32,0.2849999936297536,False
34716,42.864998,4.335,0.2699999939650297,False
34717,42.864998,4.35,0.2249999949708581,False
34718,42.864998,4.365,0.20999999530613422,False
34719,42.864998,4.38,0.2199999950826168,False
34720,42.864998,4.395,0.21499999519437551,False
34721,42.864998,4.41,0.2199999950826168,False
34722,42.864998,4.425,0.2299999948590994,False
34723,42.864998,4.44,0.24999999441206455,False
34724,42.864998,4.455,0.2799999937415123,False
34725,42.864998,4.47,0.30499999318271875,False
34726,42.864998,4.485,0.31499999295920134,False
34727,42.864998,4.5,0.31499999295920134,False
34728,42.864998,4.515,0.29499999340623617,False
34729,42.864998,4.53,0.274999993853271,False
34730,42.864998,4.545,0.25499999430030584,False
34731,42.864998,4.56,0.23999999463558197,False
34732,42.864998,4.575,0.23499999474734068,False
34733,42.864998,4.59,0.24499999452382326,False
34734,42.864998,4.605,0.23499999474734068,False
34735,42.864998,4.62,0.23999999463558197,False
34736,42.864998,4.635,0.25499999430030584,False
34737,42.864998,4.65,0.25999999418854713,False
34738,42.864998,4.665,0.25499999430030584,False
34739,42.864998,4.68,0.24499999452382326,False
34740,42.864998,4.695,0.23499999474734068,False
34741,42.864998,4.71,0.23999999463558197,False
34742,42.864998,4.725,0.19999999552965164,False
34743,42.864998,4.74,0.17999999597668648,False
34744,42.864998,4.755,0.15499999653548002,False
34745,42.864998,4.77,0.24499999452382326,False
34746,42.864998,4.785,0.25999999418854713,False
34747,42.864998,4.8,0.2849999936297536,False
34748,42.864998,4.815,0.3399999924004078,False
34749,42.864998,4.83,0.3499999921768904,False
34750,42.864998,4.845,0.3349999925121665,False
34751,42.864998,4.86,0.3199999928474426,False
34752,42.864998,4.875,0.30999999307096004,False
34753,42.864998,4.89,0.29499999340623617,False
34754,42.864998,4.905,0.25999999418854713,False
34755,42.864998,4.92,0.2649999940767884,False
34756,42.864998,4.935,0.274999993853271,False
34757,42.864998,4.95,0.2799999937415123,False
34758,42.864998,4.965,0.29499999340623617,False
34759,42.864998,4.98,0.31499999295920134,False
34760,42.864998,4.995,0.3349999925121665,False
34761,42.864998,5.01,0.36499999184161425,False
34762,42.864998,5.025,0.36999999172985554,False
34763,42.864998,5.04,0.3849999913945794,False
34764,42.864998,5.055,0.36499999184161425,False
34765,42.864998,5.07,0.36499999184161425,False
34766,42.864998,5.085,0.36499999184161425,False
34767,42.864998,5.1,0.37499999161809683,False
34768,42.864998,5.115,0.36499999184161425,False
34769,42.864998,5.13,0.3799999915063381,False
34770,42.864998,5.145,0.41499999072402716,False
34771,42.864998,5.16,0.41499999072402716,False
34772,42.864998,5.175,0.41499999072402716,False
34773,42.864998,5.19,0.42499999050050974,False
34774,42.864998,5.205,0.41499999072402716,False
34775,42.864998,5.22,0.41999999061226845,False
34776,42.864998,5.235,0.4349999902769923,False
34777,42.864998,5.25,0.4499999899417162,False
34778,42.864998,5.265,0.4599999897181988,False
34779,42.864998,5.28,0.46499998960644007,False
34780,42.864998,5.295,0.4499999899417162,False
34781,42.864998,5.31,0.4399999901652336,False
34782,42.864998,5.325,0.42999999038875103,False
34783,42.864998,5.34,0.41499999072402716,False
34784,42.864998,5.355,0.4049999909475446,False
34785,42.864998,5.37,0.4049999909475446,False
34786,42.864998,5.385,0.4049999909475446,False
34787,42.864998,5.4,0.4049999909475446,False
34788,42.864998,5.415,0.4049999909475446,False
34789,42.864998,5.43,0.41999999061226845,False
34790,42.864998,5.445,0.41999999061226845,False
34791,42.864998,5.46,0.41999999061226845,False
34792,42.864998,5.475,0.41499999072402716,False
34793,42.864998,5.49,0.41499999072402716,False
34794,42.864998,5.505,0.41499999072402716,False
34795,42.864998,5.52,0.40999999083578587,False
34796,42.864998,5.535,0.4049999909475446,False
34797,42.864998,5.55,0.41499999072402716,False
34798,42.864998,5.565,0.4049999909475446,False
34799,42.864998,5.58,0.3999999910593033,False
34800,42.864998,5.595,0.3999999910593033,False
34801,42.864998,5.61,0.394999991171062,False
34802,42.864998,5.625,0.3799999915063381,False
34803,42.864998,5.64,0.36999999172985554,False
34804,42.864998,5.655,0.3499999921768904,False
34805,42.864998,5.67,0.3349999925121665,False
34806,42.864998,5.685,0.3249999927356839,False
34807,42.864998,5.7,0.3199999928474426,False
34808,42.864998,5.715,0.31499999295920134,False
34809,42.864998,5.73,0.30999999307096004,False
34810,42.864998,5.745,0.30499999318271875,False
34811,42.864998,5.76,0.31499999295920134,False
34812,42.864998,5.775,0.3199999928474426,False
34813,42.864998,5.79,0.3349999925121665,False
34814,42.864998,5.805,0.3499999921768904,False
34815,42.864998,5.82,0.36499999184161425,False
34816,42.864998,5.835,0.37499999161809683,False
34817,42.864998,5.85,0.40999999083578587,False
34818,42.864998,5.865,0.41999999061226845,False
34819,42.864998,5.88,0.4399999901652336,False
34820,42.864998,5.895,0.4499999899417162,False
34821,42.864998,5.91,0.4599999897181988,False
34822,42.864998,5.925,0.4549999898299575,False
34823,42.864998,5.94,0.4549999898299575,False
34824,42.864998,5.955,0.4549999898299575,False
34825,42.864998,5.97,0.4349999902769923,False
34826,42.864998,5.985,0.4349999902769923,False
34827,42.864998,6.0,0.4349999902769923,False
35044,42.885002,3.0,,False
35045,42.885002,3.015,,False
35046,42.885002,3.03,8.01999982073903,False
35047,42.885002,3.045,,False
35048,42.885002,3.06,2.5299999434500933,False
35049,42.885002,3.075,2.264999949373305,False
35050,42.885002,3.09,1.8999999575316906,False
35051,42.885002,3.105,1.6599999628961086,False
35052,42.885002,3.12,1.4799999669194221,False
35053,42.885002,3.135,1.3499999698251486,False
35054,42.885002,3.15,1.3799999691545963,False
35055,42.885002,3.165,1.2149999728426337,False
35056,42.885002,3.18,1.1749999737367034,False
35057,42.885002,3.195,1.169999973848462,False
35058,42.885002,3.21,1.149999974295497,False
35059,42.885002,3.225,1.1049999753013253,False
35060,42.885002,3.24,0.9649999784305692,False
35061,42.885002,3.255,0.8649999806657434,False
35062,42.885002,3.27,0.7349999835714698,False
35063,42.885002,3.285,0.6249999860301614,False
35064,42.885002,3.3,0.549999987706542,False
35065,42.885002,3.315,0.5099999886006117,False
35066,42.885002,3.33,0.46999998949468136,False
35067,42.885002,3.345,0.4049999909475446,False
35068,42.885002,3.36,0.3399999924004078,False
35069,42.885002,3.375,0.29999999329447746,False
35070,42.885002,3.39,0.2799999937415123,False
35071,42.885002,3.405,0.2849999936297536,False
35072,42.885002,3.42,0.274999993853271,False
35073,42.885002,3.435,0.274999993853271,False
35074,42.885002,3.45,0.25999999418854713,False
35075,42.885002,3.465,0.24999999441206455,False
35076,42.885002,3.48,0.2299999948590994,False
35077,42.885002,3.495,0.2249999949708581,False
35078,42.885002,3.51,0.2299999948590994,False
35079,42.885002,3.525,0.20499999541789293,False
35080,42.885002,3.54,0.19499999564141035,False
35081,42.885002,3.555,0.20499999541789293,False
35082,42.885002,3.57,0.17999999597668648,False
35083,42.885002,3.585,0.1699999962002039,False
35084,42.885002,3.6,0.15499999653548002,False
35085,42.885002,3.615,0.15499999653548002,False
35086,42.885002,3.63,0.13499999698251486,False
35087,42.885002,3.645,0.12499999720603228,False
35088,42.885002,3.66,0.12999999709427357,False
35089,42.885002,3.675,0.14499999675899744,False
35090,42.885002,3.69,0.15499999653548002,False
35091,42.885002,3.705,0.1649999963119626,False
35092,42.885002,3.72,0.17999999597668648,False
35093,42.885002,3.735,0.1749999960884452,False
35094,42.885002,3.75,0.17999999597668648,False
35095,42.885002,3.765,0.18499999586492777,False
35096,42.885002,3.78,0.1749999960884452,False
35097,42.885002,3.795,0.1749999960884452,False
35098,42.885002,3.81,0.17999999597668648,False
35099,42.885002,3.825,0.19999999552965164,False
35100,42.885002,3.84,0.2199999950826168,False
35101,42.885002,3.855,0.24499999452382326,False
35102,42.885002,3.87,0.2699999939650297,False
35103,42.885002,3.885,0.2899999935179949,False
35104,42.885002,3.9,0.29499999340623617,False
35105,42.885002,3.915,0.30499999318271875,False
35106,42.885002,3.93,0.31499999295920134,False
35107,42.885002,3.945,0.31499999295920134,False
35108,42.885002,3.96,0.31499999295920134,False
35109,42.885002,3.975,0.31499999295920134,False
35110,42.885002,3.99,0.3199999928474426,False
35111,42.885002,4.005,0.31499999295920134,False
35112,42.885002,4.02,0.31499999295920134,False
35113,42.885002,4.035,0.30999999307096004,False
35114,42.885002,4.05,0.3199999928474426,False
35115,42.885002,4.065,0.30499999318271875,False
35116,42.885002,4.08,0.30999999307096004,False
35117,42.885002,4.095,0.30999999307096004,False
35118,42.885002,4.11,0.31499999295920134,False
35119,42.885002,4.125,0.30499999318271875,False
35120,42.885002,4.14,0.31499999295920134,False
35121,42.885002,4.155,0.3199999928474426,False
35122,42.885002,4.17,0.3299999926239252,False
35123,42.885002,4.185,0.3349999925121665,False
35124,42.885002,4.2,0.3349999925121665,False
35125,42.885002,4.215,0.3399999924004078,False
35126,42.885002,4.23,0.3399999924004078,False
35127,42.885002,4.245,0.35499999206513166,False
35128,42.885002,4.26,0.36999999172985554,False
35129,42.885002,4.275,0.3899999912828207,False
35130,42.885002,4.29,0.3799999915063381,False
35131,42.885002,4.305,0.3499999921768904,False
35132,42.885002,4.32,0.3249999927356839,False
35133,42.885002,4.335,0.2849999936297536,False
35134,42.885002,4.35,0.24999999441206455,False
35135,42.885002,4.365,0.23999999463558197,False
35136,42.885002,4.38,0.21499999519437551,False
35137,42.885002,4.395,0.21499999519437551,False
35138,42.885002,4.41,0.20499999541789293,False
35139,42.885002,4.425,0.2299999948590994,False
35140,42.885002,4.44,0.23499999474734068,False
35141,42.885002,4.455,0.24999999441206455,False
35142,42.885002,4.47,0.274999993853271,False
35143,42.885002,4.485,0.29499999340623617,False
35144,42.885002,4.5,0.30999999307096004,False
35145,42.885002,4.515,0.29999999329447746,False
35146,42.885002,4.53,0.2899999935179949,False
35147,42.885002,4.545,0.25999999418854713,False
35148,42.885002,4.56,0.24499999452382326,False
35149,42.885002,4.575,0.23999999463558197,False
35150,42.885002,4.59,0.25499999430030584,False
35151,42.885002,4.605,0.24999999441206455,False
35152,42.885002,4.62,0.2649999940767884,False
35153,42.885002,4.635,0.2649999940767884,False
35154,42.885002,4.65,0.2799999937415123,False
35155,42.885002,4.665,0.25999999418854713,False
35156,42.885002,4.68,0.24999999441206455,False
35157,42.885002,4.695,0.24999999441206455,False
35158,42.885002,4.71,0.23999999463558197,False
35159,42.885002,4.725,0.18999999575316906,False
35160,42.885002,4.74,0.17999999597668648,False
35161,42.885002,4.755,0.18999999575316906,False
35162,42.885002,4.77,0.2299999948590994,False
35163,42.885002,4.785,0.2699999939650297,False
35164,42.885002,4.8,0.40999999083578587,False
35165,42.885002,4.815,0.394999991171062,False
35166,42.885002,4.83,0.35999999195337296,False
35167,42.885002,4.845,0.3299999926239252,False
35168,42.885002,4.86,0.3799999915063381,False
35169,42.885002,4.875,0.36999999172985554,False
35170,42.885002,4.89,0.30999999307096004,False
35171,42.885002,4.905,0.2849999936297536,False
35172,42.885002,4.92,0.29499999340623617,False
35173,42.885002,4.935,0.3249999927356839,False
35174,42.885002,4.95,0.3199999928474426,False
35175,42.885002,4.965,0.3349999925121665,False
35176,42.885002,4.98,0.35999999195337296,False
35177,42.885002,4.995,0.3799999915063381,False
35178,42.885002,5.01,0.394999991171062,False
35179,42.885002,5.025,0.394999991171062,False
35180,42.885002,5.04,0.4049999909475446,False
35181,42.885002,5.055,0.3799999915063381,False
35182,42.885002,5.07,0.35499999206513166,False
35183,42.885002,5.085,0.3499999921768904,False
35184,42.885002,5.1,0.35499999206513166,False
35185,42.885002,5.115,0.37499999161809683,False
35186,42.885002,5.13,0.40999999083578587,False
35187,42.885002,5.145,0.4349999902769923,False
35188,42.885002,5.16,0.4399999901652336,False
35189,42.885002,5.175,0.42499999050050974,False
35190,42.885002,5.19,0.4349999902769923,False
35191,42.885002,5.205,0.4399999901652336,False
35192,42.885002,5.22,0.4549999898299575,False
35193,42.885002,5.235,0.4599999897181988,False
35194,42.885002,5.25,0.46499998960644007,False
35195,42.885002,5.265,0.46499998960644007,False
35196,42.885002,5.28,0.46999998949468136,False
35197,42.885002,5.295,0.46499998960644007,False
35198,42.885002,5.31,0.4449999900534749,False
35199,42.885002,5.325,0.4449999900534749,False
35200,42.885002,5.34,0.4449999900534749,False
35201,42.885002,5.355,0.4399999901652336,False
35202,42.885002,5.37,0.4349999902769923,False
35203,42.885002,5.385,0.4399999901652336,False
35204,42.885002,5.4,0.42999999038875103,False
35205,42.885002,5.415,0.42999999038875103,False
35206,42.885002,5.43,0.4349999902769923,False
35207,42.885002,5.445,0.4399999901652336,False
35208,42.885002,5.46,0.4399999901652336,False
35209,42.885002,5.475,0.4449999900534749,False
35210,42.885002,5.49,0.4449999900534749,False
35211,42.885002,5.505,0.4349999902769923,False
35212,42.885002,5.52,0.42999999038875103,False
35213,42.885002,5.535,0.42499999050050974,False
35214,42.885002,5.55,0.41999999061226845,False
35215,42.885002,5.565,0.42499999050050974,False
35216,42.885002,5.58,0.41499999072402716,False
35217,42.885002,5.595,0.41499999072402716,False
35218,42.885002,5.61,0.41499999072402716,False
35219,42.885002,5.625,0.3999999910593033,False
35220,42.885002,5.64,0.394999991171062,False
35221,42.885002,5.655,0.3799999915063381,False
35222,42.885002,5.67,0.36499999184161425,False
35223,42.885002,5.685,0.3449999922886491,False
35224,42.885002,5.7,0.3349999925121665,False
35225,42.885002,5.715,0.3349999925121665,False
35226,42.885002,5.73,0.3449999922886491,False
35227,42.885002,5.745,0.3449999922886491,False
35228,42.885002,5.76,0.3449999922886491,False
35229,42.885002,5.775,0.35499999206513166,False
35230,42.885002,5.79,0.36499999184161425,False
35231,42.885002,5.805,0.36999999172985554,False
35232,42.885002,5.82,0.3799999915063381,False
35233,42.885002,5.835,0.3899999912828207,False
35234,42.885002,5.85,0.41499999072402716,False
35235,42.885002,5.865,0.41999999061226845,False
35236,42.885002,5.88,0.42999999038875103,False
35237,42.885002,5.895,0.4449999900534749,False
35238,42.885002,5.91,0.4449999900534749,False
35239,42.885002,5.925,0.4399999901652336,False
35240,42.885002,5.94,0.4449999900534749,False
35241,42.885002,5.955,0.4449999900534749,False
35242,42.885002,5.97,0.4349999902769923,False
35243,42.885002,5.985,0.4449999900534749,False
35244,42.885002,6.0,0.4499999899417162,False
35461,42.905,3.0,,False
35462,42.905,3.015,,False
35463,42.905,3.03,,False
35464,42.905,3.045,,False
35465,42.905,3.06,2.3299999479204416,False
35466,42.905,3.075,1.81999995931983,False
35467,42.905,3.09,1.7199999615550041,False
35468,42.905,3.105,1.6099999640136957,False
35469,42.905,3.12,1.4849999668076634,False
35470,42.905,3.135,1.3949999688193202,False
35471,42.905,3.15,1.3099999707192183,False
35472,42.905,3.165,1.2499999720603228,False
35473,42.905,3.18,1.2599999718368053,False
35474,42.905,3.195,1.2149999728426337,False
35475,42.905,3.21,1.2249999726191163,False
35476,42.905,3.225,1.1599999740719795,False
35477,42.905,3.24,1.014999977312982,False
35478,42.905,3.255,0.9399999789893627,False
35479,42.905,3.27,0.824999981559813,False
35480,42.905,3.285,0.704999984242022,False
35481,42.905,3.3,0.6249999860301614,False
35482,42.905,3.315,0.5749999871477485,False
35483,42.905,3.33,0.47999998927116394,False
35484,42.905,3.345,0.394999991171062,False
35485,42.905,3.36,0.3349999925121665,False
35486,42.905,3.375,0.3249999927356839,False
35487,42.905,3.39,0.30999999307096004,False
35488,42.905,3.405,0.2849999936297536,False
35489,42.905,3.42,0.2799999937415123,False
35490,42.905,3.435,0.2699999939650297,False
35491,42.905,3.45,0.23499999474734068,False
35492,42.905,3.465,0.24999999441206455,False
35493,42.905,3.48,0.23499999474734068,False
35494,42.905,3.495,0.2249999949708581,False
35495,42.905,3.51,0.24499999452382326,False
35496,42.905,3.525,0.2299999948590994,False
35497,42.905,3.54,0.21499999519437551,False
35498,42.905,3.555,0.21499999519437551,False
35499,42.905,3.57,0.21499999519437551,False
35500,42.905,3.585,0.21499999519437551,False
35501,42.905,3.6,0.19499999564141035,False
35502,42.905,3.615,0.19499999564141035,False
35503,42.905,3.63,0.19499999564141035,False
35504,42.905,3.645,0.1699999962002039,False
35505,42.905,3.66,0.17999999597668648,False
35506,42.905,3.675,0.18499999586492777,False
35507,42.905,3.69,0.19999999552965164,False
35508,42.905,3.705,0.20499999541789293,False
35509,42.905,3.72,0.20499999541789293,False
35510,42.905,3.735,0.21499999519437551,False
35511,42.905,3.75,0.20999999530613422,False
35512,42.905,3.765,0.20499999541789293,False
35513,42.905,3.78,0.19499999564141035,False
35514,42.905,3.795,0.18999999575316906,False
35515,42.905,3.81,0.1699999962002039,False
35516,42.905,3.825,0.18999999575316906,False
35517,42.905,3.84,0.20499999541789293,False
35518,42.905,3.855,0.2249999949708581,False
35519,42.905,3.87,0.23499999474734068,False
35520,42.905,3.885,0.25499999430030584,False
35521,42.905,3.9,0.2799999937415123,False
35522,42.905,3.915,0.2899999935179949,False
35523,42.905,3.93,0.29499999340623617,False
35524,42.905,3.945,0.30999999307096004,False
35525,42.905,3.96,0.30999999307096004,False
35526,42.905,3.975,0.29999999329447746,False
35527,42.905,3.99,0.30999999307096004,False
35528,42.905,4.005,0.30999999307096004,False
35529,42.905,4.02,0.31499999295920134,False
35530,42.905,4.035,0.31499999295920134,False
35531,42.905,4.05,0.30999999307096004,False
35532,42.905,4.065,0.30499999318271875,False
35533,42.905,4.08,0.30999999307096004,False
35534,42.905,4.095,0.29499999340623617,False
35535,42.905,4.11,0.30999999307096004,False
35536,42.905,4.125,0.3249999927356839,False
35537,42.905,4.14,0.3199999928474426,False
35538,42.905,4.155,0.3199999928474426,False
35539,42.905,4.17,0.3249999927356839,False
35540,42.905,4.185,0.3299999926239252,False
35541,42.905,4.2,0.3399999924004078,False
35542,42.905,4.215,0.3399999924004078,False
35543,42.905,4.23,0.35999999195337296,False
35544,42.905,4.245,0.3999999910593033,False
35545,42.905,4.26,0.41999999061226845,False
35546,42.905,4.275,0.40999999083578587,False
35547,42.905,4.29,0.4049999909475446,False
35548,42.905,4.305,0.3849999913945794,False
35549,42.905,4.32,0.3499999921768904,False
35550,42.905,4.335,0.30999999307096004,False
35551,42.905,4.35,0.2649999940767884,False
35552,42.905,4.365,0.23499999474734068,False
35553,42.905,4.38,0.2249999949708581,False
35554,42.905,4.395,0.20999999530613422,False
35555,42.905,4.41,0.21499999519437551,False
35556,42.905,4.425,0.2299999948590994,False
35557,42.905,4.44,0.23999999463558197,False
35558,42.905,4.455,0.24499999452382326,False
35559,42.905,4.47,0.24999999441206455,False
35560,42.905,4.485,0.25499999430030584,False
35561,42.905,4.5,0.2699999939650297,False
35562,42.905,4.515,0.274999993853271,False
35563,42.905,4.53,0.2799999937415123,False
35564,42.905,4.545,0.24999999441206455,False
35565,42.905,4.56,0.25999999418854713,False
35566,42.905,4.575,0.24499999452382326,False
35567,42.905,4.59,0.24999999441206455,False
35568,42.905,4.605,0.2799999937415123,False
35569,42.905,4.62,0.274999993853271,False
35570,42.905,4.635,0.2799999937415123,False
35571,42.905,4.65,0.274999993853271,False
35572,42.905,4.665,0.2649999940767884,False
35573,42.905,4.68,0.2249999949708581,False
35574,42.905,4.695,0.2299999948590994,False
35575,42.905,4.71,0.20999999530613422,False
35576,42.905,4.725,0.19999999552965164,False
35577,42.905,4.74,0.18999999575316906,False
35578,42.905,4.755,0.2249999949708581,False
35579,42.905,4.77,0.274999993853271,False
35580,42.905,4.785,0.4399999901652336,False
35581,42.905,4.8,0.7599999830126762,False
35582,42.905,4.815,0.6749999849125743,False
35583,42.905,4.83,0.5049999887123704,False
35584,42.905,4.845,0.5299999881535769,False
35585,42.905,4.86,0.6849999846890569,False
35586,42.905,4.875,0.6999999843537807,False
35587,42.905,4.89,0.5349999880418181,False
35588,42.905,4.905,0.4049999909475446,False
35589,42.905,4.92,0.3999999910593033,False
35590,42.905,4.935,0.4449999900534749,False
35591,42.905,4.95,0.41499999072402716,False
35592,42.905,4.965,0.3999999910593033,False
35593,42.905,4.98,0.40999999083578587,False
35594,42.905,4.995,0.40999999083578587,False
35595,42.905,5.01,0.42499999050050974,False
35596,42.905,5.025,0.4399999901652336,False
35597,42.905,5.04,0.42499999050050974,False
35598,42.905,5.055,0.41499999072402716,False
35599,42.905,5.07,0.4049999909475446,False
35600,42.905,5.085,0.3799999915063381,False
35601,42.905,5.1,0.3899999912828207,False
35602,42.905,5.115,0.4049999909475446,False
35603,42.905,5.13,0.41999999061226845,False
35604,42.905,5.145,0.4449999900534749,False
35605,42.905,5.16,0.4449999900534749,False
35606,42.905,5.175,0.42999999038875103,False
35607,42.905,5.19,0.42499999050050974,False
35608,42.905,5.205,0.41499999072402716,False
35609,42.905,5.22,0.42999999038875103,False
35610,42.905,5.235,0.4499999899417162,False
35611,42.905,5.25,0.46999998949468136,False
35612,42.905,5.265,0.4599999897181988,False
35613,42.905,5.28,0.46499998960644007,False
35614,42.905,5.295,0.4599999897181988,False
35615,42.905,5.31,0.4499999899417162,False
35616,42.905,5.325,0.4499999899417162,False
35617,42.905,5.34,0.4599999897181988,False
35618,42.905,5.355,0.4599999897181988,False
35619,42.905,5.37,0.4499999899417162,False
35620,42.905,5.385,0.4499999899417162,False
35621,42.905,5.4,0.4449999900534749,False
35622,42.905,5.415,0.4449999900534749,False
35623,42.905,5.43,0.4399999901652336,False
35624,42.905,5.445,0.4499999899417162,False
35625,42.905,5.46,0.4499999899417162,False
35626,42.905,5.475,0.4499999899417162,False
35627,42.905,5.49,0.4499999899417162,False
35628,42.905,5.505,0.4399999901652336,False
35629,42.905,5.52,0.4449999900534749,False
35630,42.905,5.535,0.4449999900534749,False
35631,42.905,5.55,0.4399999901652336,False
35632,42.905,5.565,0.4399999901652336,False
35633,42.905,5.58,0.4499999899417162,False
35634,42.905,5.595,0.4449999900534749,False
35635,42.905,5.61,0.4399999901652336,False
35636,42.905,5.625,0.4349999902769923,False
35637,42.905,5.64,0.41499999072402716,False
35638,42.905,5.655,0.4049999909475446,False
35639,42.905,5.67,0.3899999912828207,False
35640,42.905,5.685,0.37499999161809683,False
35641,42.905,5.7,0.36499999184161425,False
35642,42.905,5.715,0.35499999206513166,False
35643,42.905,5.73,0.3449999922886491,False
35644,42.905,5.745,0.3499999921768904,False
35645,42.905,5.76,0.36499999184161425,False
35646,42.905,5.775,0.37499999161809683,False
35647,42.905,5.79,0.3849999913945794,False
35648,42.905,5.805,0.3999999910593033,False
35649,42.905,5.82,0.4049999909475446,False
35650,42.905,5.835,0.41999999061226845,False
35651,42.905,5.85,0.42499999050050974,False
35652,42.905,5.865,0.42999999038875103,False
35653,42.905,5.88,0.42999999038875103,False
35654,42.905,5.895,0.4399999901652336,False
35655,42.905,5.91,0.4399999901652336,False
35656,42.905,5.925,0.4349999902769923,False
35657,42.905,5.94,0.42999999038875103,False
35658,42.905,5.955,0.4349999902769923,False
35659,42.905,5.97,0.42999999038875103,False
35660,42.905,5.985,0.4349999902769923,False
35661,42.905,6.0,0.4349999902769923,False
35878,42.925,3.0,,False
35879,42.925,3.015,,False
35880,42.925,3.03,,False
35881,42.925,3.045,,False
35882,42.925,3.06,,False
35883,42.925,3.075,,False
35884,42.925,3.09,1.4849999668076634,False
35885,42.925,3.105,1.3699999693781137,False
35886,42.925,3.12,1.3649999694898725,False
35887,42.925,3.135,1.2849999712780118,False
35888,42.925,3.15,1.2099999729543924,False
35889,42.925,3.165,1.1999999731779099,False
35890,42.925,3.18,1.2049999730661511,False
35891,42.925,3.195,1.289999971166253,False
35892,42.925,3.21,1.3499999698251486,False
35893,42.925,3.225,1.304999970830977,False
35894,42.925,3.24,1.1649999739602208,False
35895,42.925,3.255,1.0449999766424298,False
35896,42.925,3.27,0.9249999793246388,False
35897,42.925,3.285,0.8299999814480543,False
35898,42.925,3.3,0.6999999843537807,False
35899,42.925,3.315,0.5949999867007136,False
35900,42.925,3.33,0.5099999886006117,False
35901,42.925,3.345,0.4049999909475446,False
35902,42.925,3.36,0.3499999921768904,False
35903,42.925,3.375,0.3349999925121665,False
35904,42.925,3.39,0.3299999926239252,False
35905,42.925,3.405,0.29999999329447746,False
35906,42.925,3.42,0.29499999340623617,False
35907,42.925,3.435,0.30499999318271875,False
35908,42.925,3.45,0.2699999939650297,False
35909,42.925,3.465,0.23999999463558197,False
35910,42.925,3.48,0.2199999950826168,False
35911,42.925,3.495,0.20999999530613422,False
35912,42.925,3.51,0.2299999948590994,False
35913,42.925,3.525,0.2299999948590994,False
35914,42.925,3.54,0.2299999948590994,False
35915,42.925,3.555,0.2299999948590994,False
35916,42.925,3.57,0.2299999948590994,False
35917,42.925,3.585,0.24499999452382326,False
35918,42.925,3.6,0.2249999949708581,False
35919,42.925,3.615,0.24499999452382326,False
35920,42.925,3.63,0.24999999441206455,False
35921,42.925,3.645,0.25499999430030584,False
35922,42.925,3.66,0.25499999430030584,False
35923,42.925,3.675,0.25999999418854713,False
35924,42.925,3.69,0.25499999430030584,False
35925,42.925,3.705,0.2649999940767884,False
35926,42.925,3.72,0.2699999939650297,False
35927,42.925,3.735,0.2849999936297536,False
35928,42.925,3.75,0.2849999936297536,False
35929,42.925,3.765,0.25499999430030584,False
35930,42.925,3.78,0.2199999950826168,False
35931,42.925,3.795,0.18999999575316906,False
35932,42.925,3.81,0.17999999597668648,False
35933,42.925,3.825,0.18499999586492777,False
35934,42.925,3.84,0.20499999541789293,False
35935,42.925,3.855,0.2249999949708581,False
35936,42.925,3.87,0.23999999463558197,False
35937,42.925,3.885,0.25499999430030584,False
35938,42.925,3.9,0.2699999939650297,False
35939,42.925,3.915,0.2799999937415123,False
35940,42.925,3.93,0.29499999340623617,False
35941,42.925,3.945,0.2899999935179949,False
35942,42.925,3.96,0.29999999329447746,False
35943,42.925,3.975,0.30999999307096004,False
35944,42.925,3.99,0.29999999329447746,False
35945,42.925,4.005,0.31499999295920134,False
35946,42.925,4.02,0.3249999927356839,False
35947,42.925,4.035,0.31499999295920134,False
35948,42.925,4.05,0.3249999927356839,False
35949,42.925,4.065,0.30999999307096004,False
35950,42.925,4.08,0.30999999307096004,False
35951,42.925,4.095,0.3249999927356839,False
35952,42.925,4.11,0.3299999926239252,False
35953,42.925,4.125,0.3199999928474426,False
35954,42.925,4.14,0.3299999926239252,False
35955,42.925,4.155,0.3299999926239252,False
35956,42.925,4.17,0.3349999925121665,False
35957,42.925,4.185,0.3349999925121665,False
35958,42.925,4.2,0.3449999922886491,False
35959,42.925,4.215,0.36999999172985554,False
35960,42.925,4.23,0.394999991171062,False
35961,42.925,4.245,0.4349999902769923,False
35962,42.925,4.26,0.4499999899417162,False
35963,42.925,4.275,0.42999999038875103,False
35964,42.925,4.29,0.41499999072402716,False
35965,42.925,4.305,0.394999991171062,False
35966,42.925,4.32,0.35999999195337296,False
35967,42.925,4.335,0.30999999307096004,False
35968,42.925,4.35,0.29499999340623617,False
35969,42.925,4.365,0.29499999340623617,False
35970,42.925,4.38,0.25999999418854713,False
35971,42.925,4.395,0.25999999418854713,False
35972,42.925,4.41,0.23999999463558197,False
35973,42.925,4.425,0.24499999452382326,False
35974,42.925,4.44,0.24999999441206455,False
35975,42.925,4.455,0.24999999441206455,False
35976,42.925,4.47,0.24499999452382326,False
35977,42.925,4.485,0.24499999452382326,False
35978,42.925,4.5,0.274999993853271,False
35979,42.925,4.515,0.2899999935179949,False
35980,42.925,4.53,0.25999999418854713,False
35981,42.925,4.545,0.24999999441206455,False
35982,42.925,4.56,0.25499999430030584,False
35983,42.925,4.575,0.25499999430030584,False
35984,42.925,4.59,0.24499999452382326,False
35985,42.925,4.605,0.2699999939650297,False
35986,42.925,4.62,0.2849999936297536,False
35987,42.925,4.635,0.2649999940767884,False
35988,42.925,4.65,0.30499999318271875,False
35989,42.925,4.665,0.24999999441206455,False
35990,42.925,4.68,0.25499999430030584,False
35991,42.925,4.695,0.23999999463558197,False
35992,42.925,4.71,0.21499999519437551,False
35993,42.925,4.725,0.21499999519437551,False
35994,42.925,4.74,0.19999999552965164,False
35995,42.925,4.755,0.2649999940767884,False
35996,42.925,4.77,0.48499998915940523,False
35997,42.925,4.785,1.2749999715015292,False
35998,42.925,4.8,1.3649999694898725,False
35999,42.925,4.815,1.544999965466559,False
36000,42.925,4.83,1.579999964684248,False
36001,42.925,4.845,1.8449999587610364,False
36002,42.925,4.86,1.9349999567493796,False
36003,42.925,4.875,1.5849999645724893,False
36004,42.925,4.89,1.3299999702721834,False
36005,42.925,4.905,1.0699999760836363,False
36006,42.925,4.92,1.014999977312982,False
36007,42.925,4.935,0.8649999806657434,False
36008,42.925,4.95,0.6649999851360917,False
36009,42.925,4.965,0.5599999874830246,False
36010,42.925,4.98,0.46499998960644007,False
36011,42.925,4.995,0.4349999902769923,False
36012,42.925,5.01,0.4449999900534749,False
36013,42.925,5.025,0.4399999901652336,False
36014,42.925,5.04,0.42499999050050974,False
36015,42.925,5.055,0.41999999061226845,False
36016,42.925,5.07,0.4399999901652336,False
36017,42.925,5.085,0.3799999915063381,False
36018,42.925,5.1,0.3999999910593033,False
36019,42.925,5.115,0.42999999038875103,False
36020,42.925,5.13,0.41499999072402716,False
36021,42.925,5.145,0.41499999072402716,False
36022,42.925,5.16,0.40999999083578587,False
36023,42.925,5.175,0.3999999910593033,False
36024,42.925,5.19,0.3899999912828207,False
36025,42.925,5.205,0.3999999910593033,False
36026,42.925,5.22,0.40999999083578587,False
36027,42.925,5.235,0.42999999038875103,False
36028,42.925,5.25,0.42999999038875103,False
36029,42.925,5.265,0.4399999901652336,False
36030,42.925,5.28,0.4399999901652336,False
36031,42.925,5.295,0.4349999902769923,False
36032,42.925,5.31,0.4449999900534749,False
36033,42.925,5.325,0.4399999901652336,False
36034,42.925,5.34,0.4449999900534749,False
36035,42.925,5.355,0.4399999901652336,False
36036,42.925,5.37,0.4449999900534749,False
36037,42.925,5.385,0.4349999902769923,False
36038,42.925,5.4,0.4349999902769923,False
36039,42.925,5.415,0.42999999038875103,False
36040,42.925,5.43,0.4449999900534749,False
36041,42.925,5.445,0.4449999900534749,False
36042,42.925,5.46,0.4399999901652336,False
36043,42.925,5.475,0.4449999900534749,False
36044,42.925,5.49,0.4449999900534749,False
36045,42.925,5.505,0.4499999899417162,False
36046,42.925,5.52,0.4399999901652336,False
36047,42.925,5.535,0.4449999900534749,False
36048,42.925,5.55,0.4449999900534749,False
36049,42.925,5.565,0.4449999900534749,False
36050,42.925,5.58,0.4549999898299575,False
36051,42.925,5.595,0.4599999897181988,False
36052,42.925,5.61,0.4599999897181988,False
36053,42.925,5.625,0.46499998960644007,False
36054,42.925,5.64,0.4499999899417162,False
36055,42.925,5.655,0.42499999050050974,False
36056,42.925,5.67,0.40999999083578587,False
36057,42.925,5.685,0.394999991171062,False
36058,42.925,5.7,0.3899999912828207,False
36059,42.925,5.715,0.36999999172985554,False
36060,42.925,5.73,0.36499999184161425,False
36061,42.925,5.745,0.36499999184161425,False
36062,42.925,5.76,0.36999999172985554,False
36063,42.925,5.775,0.3799999915063381,False
36064,42.925,5.79,0.3899999912828207,False
36065,42.925,5.805,0.3999999910593033,False
36066,42.925,5.82,0.40999999083578587,False
36067,42.925,5.835,0.40999999083578587,False
36068,42.925,5.85,0.3999999910593033,False
36069,42.925,5.865,0.42999999038875103,False
36070,42.925,5.88,0.4399999901652336,False
36071,42.925,5.895,0.4399999901652336,False
36072,42.925,5.91,0.4349999902769923,False
36073,42.925,5.925,0.4349999902769923,False
36074,42.925,5.94,0.4349999902769923,False
36075,42.925,5.955,0.42999999038875103,False
36076,42.925,5.97,0.42499999050050974,False
36077,42.925,5.985,0.42499999050050974,False
36078,42.925,6.0,0.42499999050050974,False
36295,42.945,3.0,,False
36296,42.945,3.015,,False
36297,42.945,3.03,,False
36298,42.945,3.045,,False
36299,42.945,3.06,,False
36300,42.945,3.075,1.5499999653548002,False
36301,42.945,3.09,1.3549999697133899,False
36302,42.945,3.105,1.1249999748542905,False
36303,42.945,3.12,1.2349999723955989,False
36304,42.945,3.135,1.1799999736249447,False
36305,42.945,3.15,1.1299999747425318,False
36306,42.945,3.165,1.184999973513186,False
36307,42.945,3.18,1.3599999696016312,False
36308,42.945,3.195,1.494999966584146,False
36309,42.945,3.21,1.494999966584146,False
36310,42.945,3.225,1.4499999675899744,False
36311,42.945,3.24,1.3699999693781137,False
36312,42.945,3.255,1.2749999715015292,False
36313,42.945,3.27,1.0949999755248427,False
36314,42.945,3.285,0.9849999779835343,False
36315,42.945,3.3,0.7949999822303653,False
36316,42.945,3.315,0.6149999862536788,False
36317,42.945,3.33,0.4949999889358878,False
36318,42.945,3.345,0.40999999083578587,False
36319,42.945,3.36,0.3449999922886491,False
36320,42.945,3.375,0.3299999926239252,False
36321,42.945,3.39,0.3299999926239252,False
36322,42.945,3.405,0.3449999922886491,False
36323,42.945,3.42,0.30999999307096004,False
36324,42.945,3.435,0.3199999928474426,False
36325,42.945,3.45,0.30999999307096004,False
36326,42.945,3.465,0.29499999340623617,False
36327,42.945,3.48,0.2699999939650297,False
36328,42.945,3.495,0.2649999940767884,False
36329,42.945,3.51,0.25499999430030584,False
36330,42.945,3.525,0.24999999441206455,False
36331,42.945,3.54,0.24499999452382326,False
36332,42.945,3.555,0.2649999940767884,False
36333,42.945,3.57,0.2699999939650297,False
36334,42.945,3.585,0.2799999937415123,False
36335,42.945,3.6,0.2699999939650297,False
36336,42.945,3.615,0.2849999936297536,False
36337,42.945,3.63,0.29499999340623617,False
36338,42.945,3.645,0.30499999318271875,False
36339,42.945,3.66,0.30499999318271875,False
36340,42.945,3.675,0.3249999927356839,False
36341,42.945,3.69,0.35499999206513166,False
36342,42.945,3.705,0.3799999915063381,False
36343,42.945,3.72,0.42499999050050974,False
36344,42.945,3.735,0.4499999899417162,False
36345,42.945,3.75,0.4349999902769923,False
36346,42.945,3.765,0.3849999913945794,False
36347,42.945,3.78,0.3249999927356839,False
36348,42.945,3.795,0.2799999937415123,False
36349,42.945,3.81,0.2199999950826168,False
36350,42.945,3.825,0.19999999552965164,False
36351,42.945,3.84,0.20999999530613422,False
36352,42.945,3.855,0.23499999474734068,False
36353,42.945,3.87,0.23499999474734068,False
36354,42.945,3.885,0.24999999441206455,False
36355,42.945,3.9,0.2699999939650297,False
36356,42.945,3.915,0.2799999937415123,False
36357,42.945,3.93,0.2799999937415123,False
36358,42.945,3.945,0.29999999329447746,False
36359,42.945,3.96,0.30499999318271875,False
36360,42.945,3.975,0.3249999927356839,False
36361,42.945,3.99,0.3449999922886491,False
36362,42.945,4.005,0.3499999921768904,False
36363,42.945,4.02,0.3449999922886491,False
36364,42.945,4.035,0.3199999928474426,False
36365,42.945,4.05,0.31499999295920134,False
36366,42.945,4.065,0.3249999927356839,False
36367,42.945,4.08,0.3249999927356839,False
36368,42.945,4.095,0.3249999927356839,False
36369,42.945,4.11,0.3349999925121665,False
36370,42.945,4.125,0.3249999927356839,False
36371,42.945,4.14,0.3399999924004078,False
36372,42.945,4.155,0.3449999922886491,False
36373,42.945,4.17,0.35499999206513166,False
36374,42.945,4.185,0.3499999921768904,False
36375,42.945,4.2,0.35999999195337296,False
36376,42.945,4.215,0.3899999912828207,False
36377,42.945,4.23,0.40999999083578587,False
36378,42.945,4.245,0.4349999902769923,False
36379,42.945,4.26,0.46499998960644007,False
36380,42.945,4.275,0.4349999902769923,False
36381,42.945,4.29,0.41999999061226845,False
36382,42.945,4.305,0.3899999912828207,False
36383,42.945,4.32,0.3799999915063381,False
36384,42.945,4.335,0.35499999206513166,False
36385,42.945,4.35,0.3499999921768904,False
36386,42.945,4.365,0.3299999926239252,False
36387,42.945,4.38,0.3299999926239252,False
36388,42.945,4.395,0.3299999926239252,False
36389,42.945,4.41,0.30499999318271875,False
36390,42.945,4.425,0.25999999418854713,False
36391,42.945,4.44,0.24499999452382326,False
36392,42.945,4.455,0.2649999940767884,False
36393,42.945,4.47,0.25999999418854713,False
36394,42.945,4.485,0.24999999441206455,False
36395,42.945,4.5,0.2649999940767884,False
36396,42.945,4.515,0.2799999937415123,False
36397,42.945,4.53,0.274999993853271,False
36398,42.945,4.545,0.23999999463558197,False
36399,42.945,4.56,0.23999999463558197,False
36400,42.945,4.575,0.23999999463558197,False
36401,42.945,4.59,0.24999999441206455,False
36402,42.945,4.605,0.2649999940767884,False
36403,42.945,4.62,0.2649999940767884,False
36404,42.945,4.635,0.2699999939650297,False
36405,42.945,4.65,0.2699999939650297,False
36406,42.945,4.665,0.25499999430030584,False
36407,42.945,4.68,0.24499999452382326,False
36408,42.945,4.695,0.24999999441206455,False
36409,42.945,4.71,0.2199999950826168,False
36410,42.945,4.725,0.20499999541789293,False
36411,42.945,4.74,0.20999999530613422,False
36412,42.945,4.755,0.25499999430030584,False
36413,42.945,4.77,0.6949999844655395,False
36414,42.945,4.785,1.5549999652430415,False
36415,42.945,4.8,2.064999953843653,False
36416,42.945,4.815,2.3249999480322003,False
36417,42.945,4.83,2.9799999333918095,False
36418,42.945,4.845,3.5449999207630754,False
36419,42.945,4.86,3.489999921992421,False
36420,42.945,4.875,2.9799999333918095,False
36421,42.945,4.89,2.74999993853271,False
36422,42.945,4.905,2.559999942779541,False
36423,42.945,4.92,1.9449999565258622,False
36424,42.945,4.935,1.5699999649077654,False
36425,42.945,4.95,1.3349999701604247,False
36426,42.945,4.965,1.0949999755248427,False
36427,42.945,4.98,0.8549999808892608,False
36428,42.945,4.995,0.6549999853596091,False
36429,42.945,5.01,0.6249999860301614,False
36430,42.945,5.025,0.5699999872595072,False
36431,42.945,5.04,0.4999999888241291,False
36432,42.945,5.055,0.42999999038875103,False
36433,42.945,5.07,0.40999999083578587,False
36434,42.945,5.085,0.4049999909475446,False
36435,42.945,5.1,0.394999991171062,False
36436,42.945,5.115,0.40999999083578587,False
36437,42.945,5.13,0.40999999083578587,False
36438,42.945,5.145,0.4049999909475446,False
36439,42.945,5.16,0.3999999910593033,False
36440,42.945,5.175,0.3899999912828207,False
36441,42.945,5.19,0.394999991171062,False
36442,42.945,5.205,0.4049999909475446,False
36443,42.945,5.22,0.40999999083578587,False
36444,42.945,5.235,0.4049999909475446,False
36445,42.945,5.25,0.41499999072402716,False
36446,42.945,5.265,0.41499999072402716,False
36447,42.945,5.28,0.41999999061226845,False
36448,42.945,5.295,0.41499999072402716,False
36449,42.945,5.31,0.41499999072402716,False
36450,42.945,5.325,0.41999999061226845,False
36451,42.945,5.34,0.41999999061226845,False
36452,42.945,5.355,0.42499999050050974,False
36453,42.945,5.37,0.41499999072402716,False
36454,42.945,5.385,0.41499999072402716,False
36455,42.945,5.4,0.41499999072402716,False
36456,42.945,5.415,0.41499999072402716,False
36457,42.945,5.43,0.41499999072402716,False
36458,42.945,5.445,0.42999999038875103,False
36459,42.945,5.46,0.4349999902769923,False
36460,42.945,5.475,0.4349999902769923,False
36461,42.945,5.49,0.42999999038875103,False
36462,42.945,5.505,0.4349999902769923,False
36463,42.945,5.52,0.4399999901652336,False
36464,42.945,5.535,0.4399999901652336,False
36465,42.945,5.55,0.4449999900534749,False
36466,42.945,5.565,0.4399999901652336,False
36467,42.945,5.58,0.4399999901652336,False
36468,42.945,5.595,0.4549999898299575,False
36469,42.945,5.61,0.4599999897181988,False
36470,42.945,5.625,0.4549999898299575,False
36471,42.945,5.64,0.4549999898299575,False
36472,42.945,5.655,0.4449999900534749,False
36473,42.945,5.67,0.42999999038875103,False
36474,42.945,5.685,0.41999999061226845,False
36475,42.945,5.7,0.40999999083578587,False
36476,42.945,5.715,0.394999991171062,False
36477,42.945,5.73,0.3799999915063381,False
36478,42.945,5.745,0.37499999161809683,False
36479,42.945,5.76,0.36999999172985554,False
36480,42.945,5.775,0.37499999161809683,False
36481,42.945,5.79,0.37499999161809683,False
36482,42.945,5.805,0.3849999913945794,False
36483,42.945,5.82,0.3999999910593033,False
36484,42.945,5.835,0.4049999909475446,False
36485,42.945,5.85,0.40999999083578587,False
36486,42.945,5.865,0.41999999061226845,False
36487,42.945,5.88,0.42999999038875103,False
36488,42.945,5.895,0.42499999050050974,False
36489,42.945,5.91,0.41999999061226845,False
36490,42.945,5.925,0.42999999038875103,False
36491,42.945,5.94,0.41999999061226845,False
36492,42.945,5.955,0.41499999072402716,False
36493,42.945,5.97,0.42499999050050974,False
36494,42.945,5.985,0.41999999061226845,False
36495,42.945,6.0,0.41499999072402716,False
36712,42.965,3.0,,False
36713,42.965,3.015,,False
36714,42.965,3.03,,False
36715,42.965,3.045,,False
36716,42.965,3.06,2.679999940097332,False
36717,42.965,3.075,1.7099999617785215,False
36718,42.965,3.09,1.2249999726191163,False
36719,42.965,3.105,1.2649999717250466,False
36720,42.965,3.12,1.3649999694898725,False
36721,42.965,3.135,1.3249999703839421,False
36722,42.965,3.15,1.459999967366457,False
36723,42.965,3.165,1.3649999694898725,False
36724,42.965,3.18,1.5549999652430415,False
36725,42.965,3.195,1.7149999616667628,False
36726,42.965,3.21,1.6899999622255564,False
36727,42.965,3.225,1.6349999634549022,False
36728,42.965,3.24,1.5349999656900764,False
36729,42.965,3.255,1.3999999687075615,False
36730,42.965,3.27,1.2399999722838402,False
36731,42.965,3.285,1.0849999757483602,False
36732,42.965,3.3,0.9049999797716737,False
36733,42.965,3.315,0.669999985024333,False
36734,42.965,3.33,0.5349999880418181,False
36735,42.965,3.345,0.4599999897181988,False
36736,42.965,3.36,0.36499999184161425,False
36737,42.965,3.375,0.36499999184161425,False
36738,42.965,3.39,0.3449999922886491,False
36739,42.965,3.405,0.3249999927356839,False
36740,42.965,3.42,0.3499999921768904,False
36741,42.965,3.435,0.3449999922886491,False
36742,42.965,3.45,0.3349999925121665,False
36743,42.965,3.465,0.3399999924004078,False
36744,42.965,3.48,0.3299999926239252,False
36745,42.965,3.495,0.30499999318271875,False
36746,42.965,3.51,0.29999999329447746,False
36747,42.965,3.525,0.30499999318271875,False
36748,42.965,3.54,0.30999999307096004,False
36749,42.965,3.555,0.3249999927356839,False
36750,42.965,3.57,0.3199999928474426,False
36751,42.965,3.585,0.30999999307096004,False
36752,42.965,3.6,0.31499999295920134,False
36753,42.965,3.615,0.3249999927356839,False
36754,42.965,3.63,0.30999999307096004,False
36755,42.965,3.645,0.3199999928474426,False
36756,42.965,3.66,0.3349999925121665,False
36757,42.965,3.675,0.3449999922886491,False
36758,42.965,3.69,0.3899999912828207,False
36759,42.965,3.705,0.42999999038875103,False
36760,42.965,3.72,0.4949999889358878,False
36761,42.965,3.735,0.549999987706542,False
36762,42.965,3.75,0.5399999879300594,False
36763,42.965,3.765,0.5049999887123704,False
36764,42.965,3.78,0.4399999901652336,False
36765,42.965,3.795,0.35999999195337296,False
36766,42.965,3.81,0.29999999329447746,False
36767,42.965,3.825,0.2699999939650297,False
36768,42.965,3.84,0.2299999948590994,False
36769,42.965,3.855,0.2249999949708581,False
36770,42.965,3.87,0.23499999474734068,False
36771,42.965,3.885,0.25999999418854713,False
36772,42.965,3.9,0.25999999418854713,False
36773,42.965,3.915,0.274999993853271,False
36774,42.965,3.93,0.29499999340623617,False
36775,42.965,3.945,0.31499999295920134,False
36776,42.965,3.96,0.3199999928474426,False
36777,42.965,3.975,0.3399999924004078,False
36778,42.965,3.99,0.35499999206513166,False
36779,42.965,4.005,0.35999999195337296,False
36780,42.965,4.02,0.35499999206513166,False
36781,42.965,4.035,0.3499999921768904,False
36782,42.965,4.05,0.3249999927356839,False
36783,42.965,4.065,0.3249999927356839,False
36784,42.965,4.08,0.3249999927356839,False
36785,42.965,4.095,0.3349999925121665,False
36786,42.965,4.11,0.3449999922886491,False
36787,42.965,4.125,0.3449999922886491,False
36788,42.965,4.14,0.3449999922886491,False
36789,42.965,4.155,0.35999999195337296,False
36790,42.965,4.17,0.36499999184161425,False
36791,42.965,4.185,0.37499999161809683,False
36792,42.965,4.2,0.3999999910593033,False
36793,42.965,4.215,0.4399999901652336,False
36794,42.965,4.23,0.4499999899417162,False
36795,42.965,4.245,0.46999998949468136,False
36796,42.965,4.26,0.4499999899417162,False
36797,42.965,4.275,0.4399999901652336,False
36798,42.965,4.29,0.4399999901652336,False
36799,42.965,4.305,0.4049999909475446,False
36800,42.965,4.32,0.3899999912828207,False
36801,42.965,4.335,0.36999999172985554,False
36802,42.965,4.35,0.37499999161809683,False
36803,42.965,4.365,0.36499999184161425,False
36804,42.965,4.38,0.35499999206513166,False
36805,42.965,4.395,0.3499999921768904,False
36806,42.965,4.41,0.3299999926239252,False
36807,42.965,4.425,0.3199999928474426,False
36808,42.965,4.44,0.2849999936297536,False
36809,42.965,4.455,0.2799999937415123,False
36810,42.965,4.47,0.25999999418854713,False
36811,42.965,4.485,0.274999993853271,False
36812,42.965,4.5,0.29499999340623617,False
36813,42.965,4.515,0.2799999937415123,False
36814,42.965,4.53,0.25999999418854713,False
36815,42.965,4.545,0.25499999430030584,False
36816,42.965,4.56,0.23999999463558197,False
36817,42.965,4.575,0.24499999452382326,False
36818,42.965,4.59,0.25999999418854713,False
36819,42.965,4.605,0.2699999939650297,False
36820,42.965,4.62,0.29999999329447746,False
36821,42.965,4.635,0.29499999340623617,False
36822,42.965,4.65,0.30999999307096004,False
36823,42.965,4.665,0.25999999418854713,False
36824,42.965,4.68,0.25999999418854713,False
36825,42.965,4.695,0.23499999474734068,False
36826,42.965,4.71,0.2199999950826168,False
36827,42.965,4.725,0.2249999949708581,False
36828,42.965,4.74,0.25499999430030584,False
36829,42.965,4.755,0.3249999927356839,False
36830,42.965,4.77,0.8999999798834324,False
36831,42.965,4.785,1.9049999574199319,False
36832,42.965,4.8,2.384999946691096,False
36833,42.965,4.815,3.0849999310448766,False
36834,42.965,4.83,3.829999914392829,False
36835,42.965,4.845,4.094999908469617,False
36836,42.965,4.86,4.204999906010926,False
36837,42.965,4.875,4.164999906904995,False
36838,42.965,4.89,3.954999911598861,False
36839,42.965,4.905,3.659999918192625,False
36840,42.965,4.92,3.3049999261274934,False
36841,42.965,4.935,2.869999935850501,False
36842,42.965,4.95,2.4649999449029565,False
36843,42.965,4.965,2.0699999537318945,False
36844,42.965,4.98,1.7249999614432454,False
36845,42.965,4.995,1.4899999666959047,False
36846,42.965,5.01,1.3249999703839421,False
36847,42.965,5.025,1.0849999757483602,False
36848,42.965,5.04,0.9149999795481563,False
36849,42.965,5.055,0.6999999843537807,False
36850,42.965,5.07,0.5949999867007136,False
36851,42.965,5.085,0.5249999882653356,False
36852,42.965,5.1,0.4499999899417162,False
36853,42.965,5.115,0.4049999909475446,False
36854,42.965,5.13,0.40999999083578587,False
36855,42.965,5.145,0.394999991171062,False
36856,42.965,5.16,0.394999991171062,False
36857,42.965,5.175,0.3999999910593033,False
36858,42.965,5.19,0.3999999910593033,False
36859,42.965,5.205,0.4049999909475446,False
36860,42.965,5.22,0.4049999909475446,False
36861,42.965,5.235,0.3999999910593033,False
36862,42.965,5.25,0.40999999083578587,False
36863,42.965,5.265,0.4049999909475446,False
36864,42.965,5.28,0.4049999909475446,False
36865,42.965,5.295,0.40999999083578587,False
36866,42.965,5.31,0.4049999909475446,False
36867,42.965,5.325,0.4049999909475446,False
36868,42.965,5.34,0.4049999909475446,False
36869,42.965,5.355,0.4049999909475446,False
36870,42.965,5.37,0.3999999910593033,False
36871,42.965,5.385,0.4049999909475446,False
36872,42.965,5.4,0.4049999909475446,False
36873,42.965,5.415,0.3999999910593033,False
36874,42.965,5.43,0.3999999910593033,False
36875,42.965,5.445,0.3999999910593033,False
36876,42.965,5.46,0.4049999909475446,False
36877,42.965,5.475,0.40999999083578587,False
36878,42.965,5.49,0.40999999083578587,False
36879,42.965,5.505,0.40999999083578587,False
36880,42.965,5.52,0.40999999083578587,False
36881,42.965,5.535,0.3999999910593033,False
36882,42.965,5.55,0.4049999909475446,False
36883,42.965,5.565,0.40999999083578587,False
36884,42.965,5.58,0.40999999083578587,False
36885,42.965,5.595,0.42499999050050974,False
36886,42.965,5.61,0.4499999899417162,False
36887,42.965,5.625,0.41499999072402716,False
36888,42.965,5.64,0.42999999038875103,False
36889,42.965,5.655,0.4499999899417162,False
36890,42.965,5.67,0.4399999901652336,False
36891,42.965,5.685,0.42499999050050974,False
36892,42.965,5.7,0.42499999050050974,False
36893,42.965,5.715,0.41499999072402716,False
36894,42.965,5.73,0.4049999909475446,False
36895,42.965,5.745,0.3899999912828207,False
36896,42.965,5.76,0.3849999913945794,False
36897,42.965,5.775,0.36999999172985554,False
36898,42.965,5.79,0.36999999172985554,False
36899,42.965,5.805,0.36999999172985554,False
36900,42.965,5.82,0.37499999161809683,False
36901,42.965,5.835,0.37499999161809683,False
36902,42.965,5.85,0.3849999913945794,False
36903,42.965,5.865,0.3999999910593033,False
36904,42.965,5.88,0.40999999083578587,False
36905,42.965,5.895,0.40999999083578587,False
36906,42.965,5.91,0.3999999910593033,False
36907,42.965,5.925,0.3999999910593033,False
36908,42.965,5.94,0.3999999910593033,False
36909,42.965,5.955,0.4049999909475446,False
36910,42.965,5.97,0.4049999909475446,False
36911,42.965,5.985,0.40999999083578587,False
36912,42.965,6.0,0.3999999910593033,False
37129,42.985,3.0,,False
37130,42.985,3.015,,False
37131,42.985,3.03,,False
37132,42.985,3.045,,False
37133,42.985,3.06,,False
37134,42.985,3.075,1.6399999633431435,False
37135,42.985,3.09,1.4199999682605267,False
37136,42.985,3.105,1.4149999683722854,False
37137,42.985,3.12,1.5149999661371112,False
37138,42.985,3.135,1.5999999642372131,False
37139,42.985,3.15,1.699999962002039,False
37140,42.985,3.165,1.7449999609962106,False
37141,42.985,3.18,1.8599999584257603,False
37142,42.985,3.195,1.8699999582022429,False
37143,42.985,3.21,1.7949999598786235,False
37144,42.985,3.225,1.6249999636784196,False
37145,42.985,3.24,1.4849999668076634,False
37146,42.985,3.255,1.3249999703839421,False
37147,42.985,3.27,1.219999972730875,False
37148,42.985,3.285,1.1049999753013253,False
37149,42.985,3.3,0.9299999792128801,False
37150,42.985,3.315,0.6999999843537807,False
37151,42.985,3.33,0.5749999871477485,False
37152,42.985,3.345,0.4549999898299575,False
37153,42.985,3.36,0.394999991171062,False
37154,42.985,3.375,0.3799999915063381,False
37155,42.985,3.39,0.3799999915063381,False
37156,42.985,3.405,0.37499999161809683,False
37157,42.985,3.42,0.36999999172985554,False
37158,42.985,3.435,0.35499999206513166,False
37159,42.985,3.45,0.35999999195337296,False
37160,42.985,3.465,0.3799999915063381,False
37161,42.985,3.48,0.35999999195337296,False
37162,42.985,3.495,0.36999999172985554,False
37163,42.985,3.51,0.36999999172985554,False
37164,42.985,3.525,0.3999999910593033,False
37165,42.985,3.54,0.4049999909475446,False
37166,42.985,3.555,0.4049999909475446,False
37167,42.985,3.57,0.4049999909475446,False
37168,42.985,3.585,0.3899999912828207,False
37169,42.985,3.6,0.3499999921768904,False
37170,42.985,3.615,0.3399999924004078,False
37171,42.985,3.63,0.3349999925121665,False
37172,42.985,3.645,0.3349999925121665,False
37173,42.985,3.66,0.3399999924004078,False
37174,42.985,3.675,0.35999999195337296,False
37175,42.985,3.69,0.3999999910593033,False
37176,42.985,3.705,0.4349999902769923,False
37177,42.985,3.72,0.47499998938292265,False
37178,42.985,3.735,0.5099999886006117,False
37179,42.985,3.75,0.5249999882653356,False
37180,42.985,3.765,0.514999988488853,False
37181,42.985,3.78,0.47499998938292265,False
37182,42.985,3.795,0.4399999901652336,False
37183,42.985,3.81,0.3899999912828207,False
37184,42.985,3.825,0.3499999921768904,False
37185,42.985,3.84,0.31499999295920134,False
37186,42.985,3.855,0.29499999340623617,False
37187,42.985,3.87,0.2699999939650297,False
37188,42.985,3.885,0.2699999939650297,False
37189,42.985,3.9,0.274999993853271,False
37190,42.985,3.915,0.29499999340623617,False
37191,42.985,3.93,0.30999999307096004,False
37192,42.985,3.945,0.3299999926239252,False
37193,42.985,3.96,0.3299999926239252,False
37194,42.985,3.975,0.3499999921768904,False
37195,42.985,3.99,0.35499999206513166,False
37196,42.985,4.005,0.36499999184161425,False
37197,42.985,4.02,0.36999999172985554,False
37198,42.985,4.035,0.36999999172985554,False
37199,42.985,4.05,0.36999999172985554,False
37200,42.985,4.065,0.35499999206513166,False
37201,42.985,4.08,0.3499999921768904,False
37202,42.985,4.095,0.36499999184161425,False
37203,42.985,4.11,0.3499999921768904,False
37204,42.985,4.125,0.3499999921768904,False
37205,42.985,4.14,0.35999999195337296,False
37206,42.985,4.155,0.37499999161809683,False
37207,42.985,4.17,0.40999999083578587,False
37208,42.985,4.185,0.41999999061226845,False
37209,42.985,4.2,0.4499999899417162,False
37210,42.985,4.215,0.47999998927116394,False
37211,42.985,4.23,0.5049999887123704,False
37212,42.985,4.245,0.47999998927116394,False
37213,42.985,4.26,0.46999998949468136,False
37214,42.985,4.275,0.46999998949468136,False
37215,42.985,4.29,0.46499998960644007,False
37216,42.985,4.305,0.4549999898299575,False
37217,42.985,4.32,0.42999999038875103,False
37218,42.985,4.335,0.4499999899417162,False
37219,42.985,4.35,0.42999999038875103,False
37220,42.985,4.365,0.4349999902769923,False
37221,42.985,4.38,0.4049999909475446,False
37222,42.985,4.395,0.3899999912828207,False
37223,42.985,4.41,0.36499999184161425,False
37224,42.985,4.425,0.35499999206513166,False
37225,42.985,4.44,0.31499999295920134,False
37226,42.985,4.455,0.3199999928474426,False
37227,42.985,4.47,0.29499999340623617,False
37228,42.985,4.485,0.29499999340623617,False
37229,42.985,4.5,0.274999993853271,False
37230,42.985,4.515,0.274999993853271,False
37231,42.985,4.53,0.23999999463558197,False
37232,42.985,4.545,0.24499999452382326,False
37233,42.985,4.56,0.24999999441206455,False
37234,42.985,4.575,0.24999999441206455,False
37235,42.985,4.59,0.274999993853271,False
37236,42.985,4.605,0.2649999940767884,False
37237,42.985,4.62,0.24999999441206455,False
37238,42.985,4.635,0.30499999318271875,False
37239,42.985,4.65,0.29499999340623617,False
37240,42.985,4.665,0.2799999937415123,False
37241,42.985,4.68,0.25999999418854713,False
37242,42.985,4.695,0.25499999430030584,False
37243,42.985,4.71,0.2699999939650297,False
37244,42.985,4.725,0.25499999430030584,False
37245,42.985,4.74,0.2799999937415123,False
37246,42.985,4.755,0.789999982342124,False
37247,42.985,4.77,1.4549999674782157,False
37248,42.985,4.785,1.9649999560788274,False
37249,42.985,4.8,2.799999937415123,False
37250,42.985,4.815,3.489999921992421,False
37251,42.985,4.83,3.984999910928309,False
37252,42.985,4.845,4.279999904334545,False
37253,42.985,4.86,4.469999900087714,False
37254,42.985,4.875,4.434999900870025,False
37255,42.985,4.89,4.45499990042299,False
37256,42.985,4.905,4.504999899305403,False
37257,42.985,4.92,4.214999905787408,False
37258,42.985,4.935,3.914999912492931,False
37259,42.985,4.95,3.744999916292727,False
37260,42.985,4.965,3.434999923221767,False
37261,42.985,4.98,3.01999993249774,False
37262,42.985,4.995,2.6749999402090907,False
37263,42.985,5.01,2.5149999437853694,False
37264,42.985,5.025,2.1249999525025487,False
37265,42.985,5.04,1.66499996278435,False
37266,42.985,5.055,1.304999970830977,False
37267,42.985,5.07,0.9399999789893627,False
37268,42.985,5.085,0.824999981559813,False
37269,42.985,5.1,0.6749999849125743,False
37270,42.985,5.115,0.5399999879300594,False
37271,42.985,5.13,0.47499998938292265,False
37272,42.985,5.145,0.41999999061226845,False
37273,42.985,5.16,0.4049999909475446,False
37274,42.985,5.175,0.4049999909475446,False
37275,42.985,5.19,0.4049999909475446,False
37276,42.985,5.205,0.394999991171062,False
37277,42.985,5.22,0.3999999910593033,False
37278,42.985,5.235,0.3999999910593033,False
37279,42.985,5.25,0.394999991171062,False
37280,42.985,5.265,0.3999999910593033,False
37281,42.985,5.28,0.3999999910593033,False
37282,42.985,5.295,0.3999999910593033,False
37283,42.985,5.31,0.3999999910593033,False
37284,42.985,5.325,0.4049999909475446,False
37285,42.985,5.34,0.3999999910593033,False
37286,42.985,5.355,0.394999991171062,False
37287,42.985,5.37,0.4049999909475446,False
37288,42.985,5.385,0.394999991171062,False
37289,42.985,5.4,0.3999999910593033,False
37290,42.985,5.415,0.3899999912828207,False
37291,42.985,5.43,0.394999991171062,False
37292,42.985,5.445,0.3899999912828207,False
37293,42.985,5.46,0.3899999912828207,False
37294,42.985,5.475,0.3899999912828207,False
37295,42.985,5.49,0.3899999912828207,False
37296,42.985,5.505,0.3899999912828207,False
37297,42.985,5.52,0.3849999913945794,False
37298,42.985,5.535,0.3799999915063381,False
37299,42.985,5.55,0.37499999161809683,False
37300,42.985,5.565,0.37499999161809683,False
37301,42.985,5.58,0.3799999915063381,False
37302,42.985,5.595,0.37499999161809683,False
37303,42.985,5.61,0.3299999926239252,False
37304,42.985,5.625,0.3399999924004078,False
37305,42.985,5.64,0.35999999195337296,False
37306,42.985,5.655,0.3899999912828207,False
37307,42.985,5.67,0.41999999061226845,False
37308,42.985,5.685,0.41499999072402716,False
37309,42.985,5.7,0.40999999083578587,False
37310,42.985,5.715,0.4049999909475446,False
37311,42.985,5.73,0.394999991171062,False
37312,42.985,5.745,0.3899999912828207,False
37313,42.985,5.76,0.3899999912828207,False
37314,42.985,5.775,0.3799999915063381,False
37315,42.985,5.79,0.3799999915063381,False
37316,42.985,5.805,0.35999999195337296,False
37317,42.985,5.82,0.35999999195337296,False
37318,42.985,5.835,0.36999999172985554,False
37319,42.985,5.85,0.36499999184161425,False
37320,42.985,5.865,0.36999999172985554,False
37321,42.985,5.88,0.37499999161809683,False
37322,42.985,5.895,0.36999999172985554,False
37323,42.985,5.91,0.37499999161809683,False
37324,42.985,5.925,0.36999999172985554,False
37325,42.985,5.94,0.36999999172985554,False
37326,42.985,5.955,0.3799999915063381,False
37327,42.985,5.97,0.3849999913945794,False
37328,42.985,5.985,0.394999991171062,False
37329,42.985,6.0,0.394999991171062,False
37546,43.004997,3.0,,False
37547,43.004997,3.015,,False
37548,43.004997,3.03,,False
37549,43.004997,3.045,,False
37550,43.004997,3.06,,False
37551,43.004997,3.075,,False
37552,43.004997,3.09,,False
37553,43.004997,3.105,1.5899999644607306,False
37554,43.004997,3.12,1.6949999621137977,False
37555,43.004997,3.135,1.959999956190586,False
37556,43.004997,3.15,1.959999956190586,False
37557,43.004997,3.165,1.97499995585531,False
37558,43.004997,3.18,1.959999956190586,False
37559,43.004997,3.195,1.9049999574199319,False
37560,43.004997,3.21,1.8499999586492777,False
37561,43.004997,3.225,1.7449999609962106,False
37562,43.004997,3.24,1.5999999642372131,False
37563,43.004997,3.255,1.4499999675899744,False
37564,43.004997,3.27,1.3849999690428376,False
37565,43.004997,3.285,1.289999971166253,False
37566,43.004997,3.3,1.0849999757483602,False
37567,43.004997,3.315,0.8549999808892608,False
37568,43.004997,3.33,0.6999999843537807,False
37569,43.004997,3.345,0.5099999886006117,False
37570,43.004997,3.36,0.47499998938292265,False
37571,43.004997,3.375,0.4949999889358878,False
37572,43.004997,3.39,0.48499998915940523,False
37573,43.004997,3.405,0.5199999883770943,False
37574,43.004997,3.42,0.5199999883770943,False
37575,43.004997,3.435,0.514999988488853,False
37576,43.004997,3.45,0.47499998938292265,False
37577,43.004997,3.465,0.4399999901652336,False
37578,43.004997,3.48,0.4349999902769923,False
37579,43.004997,3.495,0.41999999061226845,False
37580,43.004997,3.51,0.4499999899417162,False
37581,43.004997,3.525,0.4899999890476465,False
37582,43.004997,3.54,0.4999999888241291,False
37583,43.004997,3.555,0.4999999888241291,False
37584,43.004997,3.57,0.47499998938292265,False
37585,43.004997,3.585,0.4399999901652336,False
37586,43.004997,3.6,0.394999991171062,False
37587,43.004997,3.615,0.35499999206513166,False
37588,43.004997,3.63,0.35499999206513166,False
37589,43.004997,3.645,0.35999999195337296,False
37590,43.004997,3.66,0.3899999912828207,False
37591,43.004997,3.675,0.3849999913945794,False
37592,43.004997,3.69,0.3999999910593033,False
37593,43.004997,3.705,0.4049999909475446,False
37594,43.004997,3.72,0.40999999083578587,False
37595,43.004997,3.735,0.4349999902769923,False
37596,43.004997,3.75,0.4499999899417162,False
37597,43.004997,3.765,0.4549999898299575,False
37598,43.004997,3.78,0.46499998960644007,False
37599,43.004997,3.795,0.4599999897181988,False
37600,43.004997,3.81,0.4499999899417162,False
37601,43.004997,3.825,0.42999999038875103,False
37602,43.004997,3.84,0.41499999072402716,False
37603,43.004997,3.855,0.3799999915063381,False
37604,43.004997,3.87,0.35999999195337296,False
37605,43.004997,3.885,0.3349999925121665,False
37606,43.004997,3.9,0.31499999295920134,False
37607,43.004997,3.915,0.3199999928474426,False
37608,43.004997,3.93,0.3199999928474426,False
37609,43.004997,3.945,0.3299999926239252,False
37610,43.004997,3.96,0.3449999922886491,False
37611,43.004997,3.975,0.35999999195337296,False
37612,43.004997,3.99,0.3799999915063381,False
37613,43.004997,4.005,0.3849999913945794,False
37614,43.004997,4.02,0.4049999909475446,False
37615,43.004997,4.035,0.40999999083578587,False
37616,43.004997,4.05,0.4049999909475446,False
37617,43.004997,4.065,0.4049999909475446,False
37618,43.004997,4.08,0.394999991171062,False
37619,43.004997,4.095,0.3899999912828207,False
37620,43.004997,4.11,0.3849999913945794,False
37621,43.004997,4.125,0.3799999915063381,False
37622,43.004997,4.14,0.3849999913945794,False
37623,43.004997,4.155,0.3799999915063381,False
37624,43.004997,4.17,0.40999999083578587,False
37625,43.004997,4.185,0.4499999899417162,False
37626,43.004997,4.2,0.48499998915940523,False
37627,43.004997,4.215,0.48499998915940523,False
37628,43.004997,4.23,0.4999999888241291,False
37629,43.004997,4.245,0.5049999887123704,False
37630,43.004997,4.26,0.5049999887123704,False
37631,43.004997,4.275,0.5049999887123704,False
37632,43.004997,4.29,0.5049999887123704,False
37633,43.004997,4.305,0.5049999887123704,False
37634,43.004997,4.32,0.4899999890476465,False
37635,43.004997,4.335,0.4999999888241291,False
37636,43.004997,4.35,0.48499998915940523,False
37637,43.004997,4.365,0.4899999890476465,False
37638,43.004997,4.38,0.47999998927116394,False
37639,43.004997,4.395,0.4449999900534749,False
37640,43.004997,4.41,0.3849999913945794,False
37641,43.004997,4.425,0.35999999195337296,False
37642,43.004997,4.44,0.3199999928474426,False
37643,43.004997,4.455,0.29499999340623617,False
37644,43.004997,4.47,0.24999999441206455,False
37645,43.004997,4.485,0.25499999430030584,False
37646,43.004997,4.5,0.23499999474734068,False
37647,43.004997,4.515,0.21499999519437551,False
37648,43.004997,4.53,0.21499999519437551,False
37649,43.004997,4.545,0.2249999949708581,False
37650,43.004997,4.56,0.2649999940767884,False
37651,43.004997,4.575,0.2799999937415123,False
37652,43.004997,4.59,0.2899999935179949,False
37653,43.004997,4.605,0.274999993853271,False
37654,43.004997,4.62,0.29999999329447746,False
37655,43.004997,4.635,0.2899999935179949,False
37656,43.004997,4.65,0.274999993853271,False
37657,43.004997,4.665,0.2899999935179949,False
37658,43.004997,4.68,0.23999999463558197,False
37659,43.004997,4.695,0.25999999418854713,False
37660,43.004997,4.71,0.3199999928474426,False
37661,43.004997,4.725,0.3199999928474426,False
37662,43.004997,4.74,0.4049999909475446,False
37663,43.004997,4.755,1.3249999703839421,False
37664,43.004997,4.77,1.7199999615550041,False
37665,43.004997,4.785,2.4499999452382326,False
37666,43.004997,4.8,3.0499999318271875,False
37667,43.004997,4.815,3.554999920539558,False
37668,43.004997,4.83,4.084999908693135,False
37669,43.004997,4.845,4.344999902881682,False
37670,43.004997,4.86,4.649999896064401,False
37671,43.004997,4.875,4.829999892041087,False
37672,43.004997,4.89,4.979999888688326,False
37673,43.004997,4.905,5.07499988656491,False
37674,43.004997,4.92,5.049999887123704,False
37675,43.004997,4.935,4.91999989002943,False
37676,43.004997,4.95,4.779999893158674,False
37677,43.004997,4.965,4.554999898187816,False
37678,43.004997,4.98,4.2349999053403735,False
37679,43.004997,4.995,3.9749999111518264,False
37680,43.004997,5.01,3.6349999187514186,False
37681,43.004997,5.025,3.21499992813915,False
37682,43.004997,5.04,2.6899999398738146,False
37683,43.004997,5.055,2.2749999491497874,False
37684,43.004997,5.07,1.7399999611079693,False
37685,43.004997,5.085,1.3449999699369073,False
37686,43.004997,5.1,1.0549999764189124,False
37687,43.004997,5.115,0.8599999807775021,False
37688,43.004997,5.13,0.7149999840185046,False
37689,43.004997,5.145,0.5799999870359898,False
37690,43.004997,5.16,0.5049999887123704,False
37691,43.004997,5.175,0.4599999897181988,False
37692,43.004997,5.19,0.4349999902769923,False
37693,43.004997,5.205,0.4049999909475446,False
37694,43.004997,5.22,0.4049999909475446,False
37695,43.004997,5.235,0.3999999910593033,False
37696,43.004997,5.25,0.394999991171062,False
37697,43.004997,5.265,0.394999991171062,False
37698,43.004997,5.28,0.3999999910593033,False
37699,43.004997,5.295,0.394999991171062,False
37700,43.004997,5.31,0.394999991171062,False
37701,43.004997,5.325,0.4049999909475446,False
37702,43.004997,5.34,0.40999999083578587,False
37703,43.004997,5.355,0.40999999083578587,False
37704,43.004997,5.37,0.40999999083578587,False
37705,43.004997,5.385,0.41499999072402716,False
37706,43.004997,5.4,0.3999999910593033,False
37707,43.004997,5.415,0.4049999909475446,False
37708,43.004997,5.43,0.394999991171062,False
37709,43.004997,5.445,0.3899999912828207,False
37710,43.004997,5.46,0.3849999913945794,False
37711,43.004997,5.475,0.3799999915063381,False
37712,43.004997,5.49,0.3799999915063381,False
37713,43.004997,5.505,0.3799999915063381,False
37714,43.004997,5.52,0.36999999172985554,False
37715,43.004997,5.535,0.37499999161809683,False
37716,43.004997,5.55,0.3799999915063381,False
37717,43.004997,5.565,0.37499999161809683,False
37718,43.004997,5.58,0.36999999172985554,False
37719,43.004997,5.595,0.3799999915063381,False
37720,43.004997,5.61,0.3449999922886491,False
37721,43.004997,5.625,0.29499999340623617,False
37722,43.004997,5.64,0.30499999318271875,False
37723,43.004997,5.655,0.3249999927356839,False
37724,43.004997,5.67,0.3849999913945794,False
37725,43.004997,5.685,0.3999999910593033,False
37726,43.004997,5.7,0.3849999913945794,False
37727,43.004997,5.715,0.3799999915063381,False
37728,43.004997,5.73,0.37499999161809683,False
37729,43.004997,5.745,0.37499999161809683,False
37730,43.004997,5.76,0.3799999915063381,False
37731,43.004997,5.775,0.37499999161809683,False
37732,43.004997,5.79,0.36999999172985554,False
37733,43.004997,5.805,0.37499999161809683,False
37734,43.004997,5.82,0.36999999172985554,False
37735,43.004997,5.835,0.35999999195337296,False
37736,43.004997,5.85,0.36499999184161425,False
37737,43.004997,5.865,0.36499999184161425,False
37738,43.004997,5.88,0.36499999184161425,False
37739,43.004997,5.895,0.36499999184161425,False
37740,43.004997,5.91,0.35999999195337296,False
37741,43.004997,5.925,0.36499999184161425,False
37742,43.004997,5.94,0.36499999184161425,False
37743,43.004997,5.955,0.36999999172985554,False
37744,43.004997,5.97,0.3799999915063381,False
37745,43.004997,5.985,0.3799999915063381,False
37746,43.004997,6.0,0.3849999913945794,False
37963,43.025,3.0,,False
37964,43.025,3.015,,False
37965,43.025,3.03,,False
37966,43.025,3.045,,False
37967,43.025,3.06,,False
37968,43.025,3.075,,False
37969,43.025,3.09,,False
37970,43.025,3.105,,False
37971,43.025,3.12,2.1899999510496855,False
37972,43.025,3.135,2.1949999509379268,False
37973,43.025,3.15,2.094999953173101,False
37974,43.025,3.165,2.199999950826168,False
37975,43.025,3.18,2.1749999513849616,False
37976,43.025,3.195,2.144999952055514,False
37977,43.025,3.21,2.064999953843653,False
37978,43.025,3.225,2.0049999551847577,False
37979,43.025,3.24,1.8749999580904841,False
37980,43.025,3.255,1.7999999597668648,False
37981,43.025,3.27,1.6799999624490738,False
37982,43.025,3.285,1.4849999668076634,False
37983,43.025,3.3,1.2949999710544944,False
37984,43.025,3.315,1.0199999772012234,False
37985,43.025,3.33,0.824999981559813,False
37986,43.025,3.345,0.7249999837949872,False
37987,43.025,3.36,0.634999985806644,False
37988,43.025,3.375,0.6499999854713678,False
37989,43.025,3.39,0.754999983124435,False
37990,43.025,3.405,0.7849999824538827,False
37991,43.025,3.42,0.8399999812245369,False
37992,43.025,3.435,0.8049999820068479,False
37993,43.025,3.45,0.754999983124435,False
37994,43.025,3.465,0.6749999849125743,False
37995,43.025,3.48,0.6299999859184027,False
37996,43.025,3.495,0.6049999864771962,False
37997,43.025,3.51,0.6199999861419201,False
37998,43.025,3.525,0.6149999862536788,False
37999,43.025,3.54,0.6149999862536788,False
38000,43.025,3.555,0.5949999867007136,False
38001,43.025,3.57,0.5649999873712659,False
38002,43.025,3.585,0.5249999882653356,False
38003,43.025,3.6,0.47499998938292265,False
38004,43.025,3.615,0.40999999083578587,False
38005,43.025,3.63,0.3849999913945794,False
38006,43.025,3.645,0.37499999161809683,False
38007,43.025,3.66,0.36999999172985554,False
38008,43.025,3.675,0.37499999161809683,False
38009,43.025,3.69,0.37499999161809683,False
38010,43.025,3.705,0.36999999172985554,False
38011,43.025,3.72,0.35999999195337296,False
38012,43.025,3.735,0.35499999206513166,False
38013,43.025,3.75,0.36999999172985554,False
38014,43.025,3.765,0.394999991171062,False
38015,43.025,3.78,0.41999999061226845,False
38016,43.025,3.795,0.4599999897181988,False
38017,43.025,3.81,0.46499998960644007,False
38018,43.025,3.825,0.46499998960644007,False
38019,43.025,3.84,0.47499998938292265,False
38020,43.025,3.855,0.4549999898299575,False
38021,43.025,3.87,0.42999999038875103,False
38022,43.025,3.885,0.3799999915063381,False
38023,43.025,3.9,0.3499999921768904,False
38024,43.025,3.915,0.3449999922886491,False
38025,43.025,3.93,0.3349999925121665,False
38026,43.025,3.945,0.3349999925121665,False
38027,43.025,3.96,0.35999999195337296,False
38028,43.025,3.975,0.36999999172985554,False
38029,43.025,3.99,0.394999991171062,False
38030,43.025,4.005,0.41999999061226845,False
38031,43.025,4.02,0.42499999050050974,False
38032,43.025,4.035,0.41999999061226845,False
38033,43.025,4.05,0.42499999050050974,False
38034,43.025,4.065,0.41499999072402716,False
38035,43.025,4.08,0.41999999061226845,False
38036,43.025,4.095,0.40999999083578587,False
38037,43.025,4.11,0.41499999072402716,False
38038,43.025,4.125,0.4049999909475446,False
38039,43.025,4.14,0.394999991171062,False
38040,43.025,4.155,0.3999999910593033,False
38041,43.025,4.17,0.42999999038875103,False
38042,43.025,4.185,0.42499999050050974,False
38043,43.025,4.2,0.46499998960644007,False
38044,43.025,4.215,0.47999998927116394,False
38045,43.025,4.23,0.47499998938292265,False
38046,43.025,4.245,0.4999999888241291,False
38047,43.025,4.26,0.4949999889358878,False
38048,43.025,4.275,0.5049999887123704,False
38049,43.025,4.29,0.5049999887123704,False
38050,43.025,4.305,0.514999988488853,False
38051,43.025,4.32,0.5249999882653356,False
38052,43.025,4.335,0.514999988488853,False
38053,43.025,4.35,0.5299999881535769,False
38054,43.025,4.365,0.514999988488853,False
38055,43.025,4.38,0.46999998949468136,False
38056,43.025,4.395,0.4349999902769923,False
38057,43.025,4.41,0.3799999915063381,False
38058,43.025,4.425,0.3999999910593033,False
38059,43.025,4.44,0.2849999936297536,False
38060,43.025,4.455,0.2899999935179949,False
38061,43.025,4.47,0.29499999340623617,False
38062,43.025,4.485,0.20499999541789293,False
38063,43.025,4.5,0.20999999530613422,False
38064,43.025,4.515,0.20999999530613422,False
38065,43.025,4.53,0.2299999948590994,False
38066,43.025,4.545,0.2199999950826168,False
38067,43.025,4.56,0.17999999597668648,False
38068,43.025,4.575,0.2799999937415123,False
38069,43.025,4.59,0.24499999452382326,False
38070,43.025,4.605,0.2699999939650297,False
38071,43.025,4.62,0.2849999936297536,False
38072,43.025,4.635,0.2899999935179949,False
38073,43.025,4.65,0.24499999452382326,False
38074,43.025,4.665,0.2899999935179949,False
38075,43.025,4.68,0.30999999307096004,False
38076,43.025,4.695,0.3849999913945794,False
38077,43.025,4.71,0.3849999913945794,False
38078,43.025,4.725,0.4349999902769923,False
38079,43.025,4.74,0.7649999829009175,False
38080,43.025,4.755,2.0999999530613422,False
38081,43.025,4.77,2.5549999428912997,False
38082,43.025,4.785,3.17499992903322,False
38083,43.025,4.8,3.569999920204282,False
38084,43.025,4.815,3.914999912492931,False
38085,43.025,4.83,4.25999990478158,False
38086,43.025,4.845,4.634999896399677,False
38087,43.025,4.86,5.18999988399446,True
38088,43.025,4.875,5.584999875165522,True
38089,43.025,4.89,5.844999869354069,True
38090,43.025,4.905,5.994999866001308,True
38091,43.025,4.92,5.9699998665601015,True
38092,43.025,4.935,5.894999868236482,True
38093,43.025,4.95,5.6549998736009,True
38094,43.025,4.965,5.4549998780712485,True
38095,43.025,4.98,5.07499988656491,False
38096,43.025,4.995,4.834999891929328,False
38097,43.025,5.01,4.5099998991936445,False
38098,43.025,5.025,4.149999907240272,False
38099,43.025,5.04,3.7199999168515205,False
38100,43.025,5.055,3.1999999284744263,False
38101,43.025,5.07,2.7249999390915036,False
38102,43.025,5.085,2.1699999514967203,False
38103,43.025,5.1,1.6299999635666609,False
38104,43.025,5.115,1.3149999706074595,False
38105,43.025,5.13,1.0499999765306711,False
38106,43.025,5.145,0.8749999804422259,False
38107,43.025,5.16,0.704999984242022,False
38108,43.025,5.175,0.6049999864771962,False
38109,43.025,5.19,0.5299999881535769,False
38110,43.025,5.205,0.47999998927116394,False
38111,43.025,5.22,0.4399999901652336,False
38112,43.025,5.235,0.42499999050050974,False
38113,43.025,5.25,0.40999999083578587,False
38114,43.025,5.265,0.4049999909475446,False
38115,43.025,5.28,0.4049999909475446,False
38116,43.025,5.295,0.40999999083578587,False
38117,43.025,5.31,0.4049999909475446,False
38118,43.025,5.325,0.40999999083578587,False
38119,43.025,5.34,0.41499999072402716,False
38120,43.025,5.355,0.41499999072402716,False
38121,43.025,5.37,0.41499999072402716,False
38122,43.025,5.385,0.40999999083578587,False
38123,43.025,5.4,0.41499999072402716,False
38124,43.025,5.415,0.41499999072402716,False
38125,43.025,5.43,0.40999999083578587,False
38126,43.025,5.445,0.3999999910593033,False
38127,43.025,5.46,0.394999991171062,False
38128,43.025,5.475,0.394999991171062,False
38129,43.025,5.49,0.3799999915063381,False
38130,43.025,5.505,0.37499999161809683,False
38131,43.025,5.52,0.3799999915063381,False
38132,43.025,5.535,0.37499999161809683,False
38133,43.025,5.55,0.3799999915063381,False
38134,43.025,5.565,0.3849999913945794,False
38135,43.025,5.58,0.3849999913945794,False
38136,43.025,5.595,0.3799999915063381,False
38137,43.025,5.61,0.3849999913945794,False
38138,43.025,5.625,0.36999999172985554,False
38139,43.025,5.64,0.3449999922886491,False
38140,43.025,5.655,0.37499999161809683,False
38141,43.025,5.67,0.37499999161809683,False
38142,43.025,5.685,0.37499999161809683,False
38143,43.025,5.7,0.36999999172985554,False
38144,43.025,5.715,0.36499999184161425,False
38145,43.025,5.73,0.36499999184161425,False
38146,43.025,5.745,0.35499999206513166,False
38147,43.025,5.76,0.3499999921768904,False
38148,43.025,5.775,0.35499999206513166,False
38149,43.025,5.79,0.35499999206513166,False
38150,43.025,5.805,0.35499999206513166,False
38151,43.025,5.82,0.35999999195337296,False
38152,43.025,5.835,0.35999999195337296,False
38153,43.025,5.85,0.37499999161809683,False
38154,43.025,5.865,0.3999999910593033,False
38155,43.025,5.88,0.4049999909475446,False
38156,43.025,5.895,0.3899999912828207,False
38157,43.025,5.91,0.3849999913945794,False
38158,43.025,5.925,0.36499999184161425,False
38159,43.025,5.94,0.35999999195337296,False
38160,43.025,5.955,0.37499999161809683,False
38161,43.025,5.97,0.3899999912828207,False
38162,43.025,5.985,0.3799999915063381,False
38163,43.025,6.0,0.3899999912828207,False
38380,43.045,3.0,,False
38381,43.045,3.015,,False
38382,43.045,3.03,,False
38383,43.045,3.045,,False
38384,43.045,3.06,,False
38385,43.045,3.075,,False
38386,43.045,3.09,,False
38387,43.045,3.105,,False
38388,43.045,3.12,2.7099999394267797,False
38389,43.045,3.135,2.5699999425560236,False
38390,43.045,3.15,2.609999941661954,False
38391,43.045,3.165,2.574999942444265,False
38392,43.045,3.18,2.5649999426677823,False
38393,43.045,3.195,2.4299999456852674,False
38394,43.045,3.21,2.319999948143959,False
38395,43.045,3.225,2.094999953173101,False
38396,43.045,3.24,1.9449999565258622,False
38397,43.045,3.255,1.8299999590963125,False
38398,43.045,3.27,1.7049999618902802,False
38399,43.045,3.285,1.4649999672546983,False
38400,43.045,3.3,1.2299999725073576,False
38401,43.045,3.315,1.0749999759718776,False
38402,43.045,3.33,0.8799999803304672,False
38403,43.045,3.345,0.8099999818950891,False
38404,43.045,3.36,0.7449999833479524,False
38405,43.045,3.375,0.824999981559813,False
38406,43.045,3.39,0.8399999812245369,False
38407,43.045,3.405,0.8949999799951911,False
38408,43.045,3.42,0.9249999793246388,False
38409,43.045,3.435,0.8949999799951911,False
38410,43.045,3.45,0.8699999805539846,False
38411,43.045,3.465,0.8149999817833304,False
38412,43.045,3.48,0.7699999827891588,False
38413,43.045,3.495,0.7249999837949872,False
38414,43.045,3.51,0.6999999843537807,False
38415,43.045,3.525,0.6749999849125743,False
38416,43.045,3.54,0.6449999855831265,False
38417,43.045,3.555,0.6499999854713678,False
38418,43.045,3.57,0.6249999860301614,False
38419,43.045,3.585,0.5899999868124723,False
38420,43.045,3.6,0.5599999874830246,False
38421,43.045,3.615,0.47499998938292265,False
38422,43.045,3.63,0.41499999072402716,False
38423,43.045,3.645,0.394999991171062,False
38424,43.045,3.66,0.3899999912828207,False
38425,43.045,3.675,0.36999999172985554,False
38426,43.045,3.69,0.35999999195337296,False
38427,43.045,3.705,0.35999999195337296,False
38428,43.045,3.72,0.3499999921768904,False
38429,43.045,3.735,0.3449999922886491,False
38430,43.045,3.75,0.3499999921768904,False
38431,43.045,3.765,0.3799999915063381,False
38432,43.045,3.78,0.40999999083578587,False
38433,43.045,3.795,0.42499999050050974,False
38434,43.045,3.81,0.4599999897181988,False
38435,43.045,3.825,0.4599999897181988,False
38436,43.045,3.84,0.47999998927116394,False
38437,43.045,3.855,0.48499998915940523,False
38438,43.045,3.87,0.4599999897181988,False
38439,43.045,3.885,0.4449999900534749,False
38440,43.045,3.9,0.40999999083578587,False
38441,43.045,3.915,0.36999999172985554,False
38442,43.045,3.93,0.35499999206513166,False
38443,43.045,3.945,0.3499999921768904,False
38444,43.045,3.96,0.35999999195337296,False
38445,43.045,3.975,0.37499999161809683,False
38446,43.045,3.99,0.3999999910593033,False
38447,43.045,4.005,0.42999999038875103,False
38448,43.045,4.02,0.4549999898299575,False
38449,43.045,4.035,0.4449999900534749,False
38450,43.045,4.05,0.42499999050050974,False
38451,43.045,4.065,0.4449999900534749,False
38452,43.045,4.08,0.4349999902769923,False
38453,43.045,4.095,0.41499999072402716,False
38454,43.045,4.11,0.4599999897181988,False
38455,43.045,4.125,0.41999999061226845,False
38456,43.045,4.14,0.41499999072402716,False
38457,43.045,4.155,0.394999991171062,False
38458,43.045,4.17,0.40999999083578587,False
38459,43.045,4.185,0.41499999072402716,False
38460,43.045,4.2,0.4449999900534749,False
38461,43.045,4.215,0.4399999901652336,False
38462,43.045,4.23,0.4349999902769923,False
38463,43.045,4.245,0.4399999901652336,False
38464,43.045,4.26,0.42999999038875103,False
38465,43.045,4.275,0.4449999900534749,False
38466,43.045,4.29,0.4449999900534749,False
38467,43.045,4.305,0.4599999897181988,False
38468,43.045,4.32,0.48499998915940523,False
38469,43.045,4.335,0.5099999886006117,False
38470,43.045,4.35,0.5049999887123704,False
38471,43.045,4.365,0.514999988488853,False
38472,43.045,4.38,0.47999998927116394,False
38473,43.045,4.395,0.4599999897181988,False
38474,43.045,4.41,0.40999999083578587,False
38475,43.045,4.425,0.41499999072402716,False
38476,43.045,4.44,0.3799999915063381,False
38477,43.045,4.455,0.2849999936297536,False
38478,43.045,4.47,0.25999999418854713,False
38479,43.045,4.485,0.2249999949708581,False
38480,43.045,4.5,0.20499999541789293,False
38481,43.045,4.515,0.24999999441206455,False
38482,43.045,4.53,0.24999999441206455,False
38483,43.045,4.545,0.18999999575316906,False
38484,43.045,4.56,0.20999999530613422,False
38485,43.045,4.575,0.23999999463558197,False
38486,43.045,4.59,0.29499999340623617,False
38487,43.045,4.605,0.274999993853271,False
38488,43.045,4.62,0.3299999926239252,False
38489,43.045,4.635,0.2799999937415123,False
38490,43.045,4.65,0.274999993853271,False
38491,43.045,4.665,0.25499999430030584,False
38492,43.045,4.68,0.25999999418854713,False
38493,43.045,4.695,0.35499999206513166,False
38494,43.045,4.71,0.4049999909475446,False
38495,43.045,4.725,0.5399999879300594,False
38496,43.045,4.74,1.099999975413084,False
38497,43.045,4.755,2.819999936968088,False
38498,43.045,4.77,3.4949999218806624,False
38499,43.045,4.785,3.899999912828207,False
38500,43.045,4.8,4.1049999082461,False
38501,43.045,4.815,4.394999901764095,False
38502,43.045,4.83,4.844999891705811,False
38503,43.045,4.845,5.864999868907034,True
38504,43.045,4.86,6.599999852478504,True
38505,43.045,4.875,7.244999838061631,True
38506,43.045,4.89,7.904999823309481,True
38507,43.045,4.905,7.964999821968377,True
38508,43.045,4.92,7.3099998366087675,True
38509,43.045,4.935,6.709999850019813,True
38510,43.045,4.95,6.534999853931367,True
38511,43.045,4.965,6.11999986320734,True
38512,43.045,4.98,5.709999872371554,True
38513,43.045,4.995,5.329999880865216,True
38514,43.045,5.01,4.984999888576567,False
38515,43.045,5.025,4.68499989528209,False
38516,43.045,5.04,4.3549999026581645,False
38517,43.045,5.055,3.969999911263585,False
38518,43.045,5.07,3.399999924004078,False
38519,43.045,5.085,2.8099999371916056,False
38520,43.045,5.1,2.164999951608479,False
38521,43.045,5.115,1.784999960102141,False
38522,43.045,5.13,1.389999968931079,False
38523,43.045,5.145,1.1299999747425318,False
38524,43.045,5.16,0.944999978877604,False
38525,43.045,5.175,0.7949999822303653,False
38526,43.045,5.19,0.6549999853596091,False
38527,43.045,5.205,0.5549999875947833,False
38528,43.045,5.22,0.4949999889358878,False
38529,43.045,5.235,0.4549999898299575,False
38530,43.045,5.25,0.4349999902769923,False
38531,43.045,5.265,0.40999999083578587,False
38532,43.045,5.28,0.40999999083578587,False
38533,43.045,5.295,0.4049999909475446,False
38534,43.045,5.31,0.4049999909475446,False
38535,43.045,5.325,0.4049999909475446,False
38536,43.045,5.34,0.40999999083578587,False
38537,43.045,5.355,0.4049999909475446,False
38538,43.045,5.37,0.4049999909475446,False
38539,43.045,5.385,0.40999999083578587,False
38540,43.045,5.4,0.41499999072402716,False
38541,43.045,5.415,0.40999999083578587,False
38542,43.045,5.43,0.4049999909475446,False
38543,43.045,5.445,0.4049999909475446,False
38544,43.045,5.46,0.4049999909475446,False
38545,43.045,5.475,0.394999991171062,False
38546,43.045,5.49,0.3899999912828207,False
38547,43.045,5.505,0.3799999915063381,False
38548,43.045,5.52,0.3799999915063381,False
38549,43.045,5.535,0.3849999913945794,False
38550,43.045,5.55,0.3799999915063381,False
38551,43.045,5.565,0.3899999912828207,False
38552,43.045,5.58,0.394999991171062,False
38553,43.045,5.595,0.3799999915063381,False
38554,43.045,5.61,0.36999999172985554,False
38555,43.045,5.625,0.36499999184161425,False
38556,43.045,5.64,0.35499999206513166,False
38557,43.045,5.655,0.3449999922886491,False
38558,43.045,5.67,0.35499999206513166,False
38559,43.045,5.685,0.3449999922886491,False
38560,43.045,5.7,0.3399999924004078,False
38561,43.045,5.715,0.3449999922886491,False
38562,43.045,5.73,0.3399999924004078,False
38563,43.045,5.745,0.35499999206513166,False
38564,43.045,5.76,0.3899999912828207,False
38565,43.045,5.775,0.35999999195337296,False
38566,43.045,5.79,0.35499999206513166,False
38567,43.045,5.805,0.35499999206513166,False
38568,43.045,5.82,0.35499999206513166,False
38569,43.045,5.835,0.37499999161809683,False
38570,43.045,5.85,0.41499999072402716,False
38571,43.045,5.865,0.4399999901652336,False
38572,43.045,5.88,0.46499998960644007,False
38573,43.045,5.895,0.4549999898299575,False
38574,43.045,5.91,0.42999999038875103,False
38575,43.045,5.925,0.42499999050050974,False
38576,43.045,5.94,0.42499999050050974,False
38577,43.045,5.955,0.42499999050050974,False
38578,43.045,5.97,0.41999999061226845,False
38579,43.045,5.985,0.394999991171062,False
38580,43.045,6.0,0.36499999184161425,False
38797,43.065002,3.0,,False
38798,43.065002,3.015,,False
38799,43.065002,3.03,,False
38800,43.065002,3.045,,False
38801,43.065002,3.06,,False
38802,43.065002,3.075,,False
38803,43.065002,3.09,,False
38804,43.065002,3.105,,False
38805,43.065002,3.12,,False
38806,43.065002,3.135,2.854999936185777,False
38807,43.065002,3.15,2.699999939650297,False
38808,43.065002,3.165,2.7699999380856752,False
38809,43.065002,3.18,2.7249999390915036,False
38810,43.065002,3.195,2.574999942444265,False
38811,43.065002,3.21,2.5149999437853694,False
38812,43.065002,3.225,2.3299999479204416,False
38813,43.065002,3.24,2.1749999513849616,False
38814,43.065002,3.255,2.024999954737723,False
38815,43.065002,3.27,1.839999958872795,False
38816,43.065002,3.285,1.5899999644607306,False
38817,43.065002,3.3,1.4349999679252505,False
38818,43.065002,3.315,1.3349999701604247,False
38819,43.065002,3.33,1.184999973513186,False
38820,43.065002,3.345,1.0899999756366014,False
38821,43.065002,3.36,1.0249999770894647,False
38822,43.065002,3.375,0.9349999791011214,False
38823,43.065002,3.39,0.8599999807775021,False
38824,43.065002,3.405,0.8199999816715717,False
38825,43.065002,3.42,0.7949999822303653,False
38826,43.065002,3.435,0.789999982342124,False
38827,43.065002,3.45,0.7299999836832285,False
38828,43.065002,3.465,0.6949999844655395,False
38829,43.065002,3.48,0.6749999849125743,False
38830,43.065002,3.495,0.6649999851360917,False
38831,43.065002,3.51,0.6599999852478504,False
38832,43.065002,3.525,0.6449999855831265,False
38833,43.065002,3.54,0.6449999855831265,False
38834,43.065002,3.555,0.6199999861419201,False
38835,43.065002,3.57,0.6149999862536788,False
38836,43.065002,3.585,0.5949999867007136,False
38837,43.065002,3.6,0.5599999874830246,False
38838,43.065002,3.615,0.5249999882653356,False
38839,43.065002,3.63,0.4949999889358878,False
38840,43.065002,3.645,0.46999998949468136,False
38841,43.065002,3.66,0.4449999900534749,False
38842,43.065002,3.675,0.42499999050050974,False
38843,43.065002,3.69,0.4049999909475446,False
38844,43.065002,3.705,0.3999999910593033,False
38845,43.065002,3.72,0.4049999909475446,False
38846,43.065002,3.735,0.3999999910593033,False
38847,43.065002,3.75,0.40999999083578587,False
38848,43.065002,3.765,0.4349999902769923,False
38849,43.065002,3.78,0.4499999899417162,False
38850,43.065002,3.795,0.46499998960644007,False
38851,43.065002,3.81,0.47999998927116394,False
38852,43.065002,3.825,0.48499998915940523,False
38853,43.065002,3.84,0.4999999888241291,False
38854,43.065002,3.855,0.4999999888241291,False
38855,43.065002,3.87,0.48499998915940523,False
38856,43.065002,3.885,0.47499998938292265,False
38857,43.065002,3.9,0.4599999897181988,False
38858,43.065002,3.915,0.42499999050050974,False
38859,43.065002,3.93,0.4049999909475446,False
38860,43.065002,3.945,0.3849999913945794,False
38861,43.065002,3.96,0.3899999912828207,False
38862,43.065002,3.975,0.4049999909475446,False
38863,43.065002,3.99,0.41999999061226845,False
38864,43.065002,4.005,0.4499999899417162,False
38865,43.065002,4.02,0.46499998960644007,False
38866,43.065002,4.035,0.46499998960644007,False
38867,43.065002,4.05,0.46999998949468136,False
38868,43.065002,4.065,0.4549999898299575,False
38869,43.065002,4.08,0.4349999902769923,False
38870,43.065002,4.095,0.40999999083578587,False
38871,43.065002,4.11,0.4049999909475446,False
38872,43.065002,4.125,0.394999991171062,False
38873,43.065002,4.14,0.394999991171062,False
38874,43.065002,4.155,0.3899999912828207,False
38875,43.065002,4.17,0.3899999912828207,False
38876,43.065002,4.185,0.40999999083578587,False
38877,43.065002,4.2,0.41499999072402716,False
38878,43.065002,4.215,0.4349999902769923,False
38879,43.065002,4.23,0.41499999072402716,False
38880,43.065002,4.245,0.40999999083578587,False
38881,43.065002,4.26,0.3799999915063381,False
38882,43.065002,4.275,0.3899999912828207,False
38883,43.065002,4.29,0.4049999909475446,False
38884,43.065002,4.305,0.4049999909475446,False
38885,43.065002,4.32,0.4399999901652336,False
38886,43.065002,4.335,0.46999998949468136,False
38887,43.065002,4.35,0.5049999887123704,False
38888,43.065002,4.365,0.47499998938292265,False
38889,43.065002,4.38,0.5199999883770943,False
38890,43.065002,4.395,0.46499998960644007,False
38891,43.065002,4.41,0.4599999897181988,False
38892,43.065002,4.425,0.40999999083578587,False
38893,43.065002,4.44,0.41999999061226845,False
38894,43.065002,4.455,0.36499999184161425,False
38895,43.065002,4.47,0.3249999927356839,False
38896,43.065002,4.485,0.29999999329447746,False
38897,43.065002,4.5,0.25499999430030584,False
38898,43.065002,4.515,0.2249999949708581,False
38899,43.065002,4.53,0.20999999530613422,False
38900,43.065002,4.545,0.24999999441206455,False
38901,43.065002,4.56,0.25499999430030584,False
38902,43.065002,4.575,0.2649999940767884,False
38903,43.065002,4.59,0.2249999949708581,False
38904,43.065002,4.605,0.2899999935179949,False
38905,43.065002,4.62,0.2799999937415123,False
38906,43.065002,4.635,0.25999999418854713,False
38907,43.065002,4.65,0.274999993853271,False
38908,43.065002,4.665,0.25999999418854713,False
38909,43.065002,4.68,0.3349999925121665,False
38910,43.065002,4.695,0.37499999161809683,False
38911,43.065002,4.71,0.5299999881535769,False
38912,43.065002,4.725,0.7199999839067459,False
38913,43.065002,4.74,1.6949999621137977,False
38914,43.065002,4.755,3.8599999137222767,False
38915,43.065002,4.77,4.274999904446304,False
38916,43.065002,4.785,4.56999989785254,False
38917,43.065002,4.8,4.809999892488122,False
38918,43.065002,4.815,5.214999883435667,True
38919,43.065002,4.83,6.339999858289957,True
38920,43.065002,4.845,7.519999831914902,True
38921,43.065002,4.86,9.339999791234732,True
38922,43.065002,4.875,9.969999777153134,True
38923,43.065002,4.89,10.424999766983092,True
38924,43.065002,4.905,10.244999771006405,True
38925,43.065002,4.92,9.48499978799373,True
38926,43.065002,4.935,8.379999812692404,True
38927,43.065002,4.95,7.499999832361937,True
38928,43.065002,4.965,6.619999852031469,True
38929,43.065002,4.98,6.104999863542616,True
38930,43.065002,4.995,5.719999872148037,True
38931,43.065002,5.01,5.359999880194664,True
38932,43.065002,5.025,5.084999886341393,False
38933,43.065002,5.04,4.704999894835055,False
38934,43.065002,5.055,4.419999901205301,False
38935,43.065002,5.07,3.954999911598861,False
38936,43.065002,5.085,3.36999992467463,False
38937,43.065002,5.1,2.8949999352917075,False
38938,43.065002,5.115,2.2749999491497874,False
38939,43.065002,5.13,1.804999959655106,False
38940,43.065002,5.145,1.4799999669194221,False
38941,43.065002,5.16,1.169999973848462,False
38942,43.065002,5.175,0.9299999792128801,False
38943,43.065002,5.19,0.7749999826774001,False
38944,43.065002,5.205,0.6149999862536788,False
38945,43.065002,5.22,0.5349999880418181,False
38946,43.065002,5.235,0.47999998927116394,False
38947,43.065002,5.25,0.4349999902769923,False
38948,43.065002,5.265,0.3999999910593033,False
38949,43.065002,5.28,0.394999991171062,False
38950,43.065002,5.295,0.3999999910593033,False
38951,43.065002,5.31,0.3849999913945794,False
38952,43.065002,5.325,0.3999999910593033,False
38953,43.065002,5.34,0.4049999909475446,False
38954,43.065002,5.355,0.41499999072402716,False
38955,43.065002,5.37,0.42499999050050974,False
38956,43.065002,5.385,0.41999999061226845,False
38957,43.065002,5.4,0.42499999050050974,False
38958,43.065002,5.415,0.41499999072402716,False
38959,43.065002,5.43,0.41499999072402716,False
38960,43.065002,5.445,0.40999999083578587,False
38961,43.065002,5.46,0.3999999910593033,False
38962,43.065002,5.475,0.394999991171062,False
38963,43.065002,5.49,0.3899999912828207,False
38964,43.065002,5.505,0.3899999912828207,False
38965,43.065002,5.52,0.394999991171062,False
38966,43.065002,5.535,0.3899999912828207,False
38967,43.065002,5.55,0.394999991171062,False
38968,43.065002,5.565,0.3849999913945794,False
38969,43.065002,5.58,0.37499999161809683,False
38970,43.065002,5.595,0.36499999184161425,False
38971,43.065002,5.61,0.35499999206513166,False
38972,43.065002,5.625,0.3449999922886491,False
38973,43.065002,5.64,0.3349999925121665,False
38974,43.065002,5.655,0.3349999925121665,False
38975,43.065002,5.67,0.3249999927356839,False
38976,43.065002,5.685,0.3199999928474426,False
38977,43.065002,5.7,0.3299999926239252,False
38978,43.065002,5.715,0.3449999922886491,False
38979,43.065002,5.73,0.4049999909475446,False
38980,43.065002,5.745,0.549999987706542,False
38981,43.065002,5.76,0.6599999852478504,False
38982,43.065002,5.775,0.9749999782070518,False
38983,43.065002,5.79,1.1799999736249447,False
38984,43.065002,5.805,0.6899999845772982,False
38985,43.065002,5.82,,False
38986,43.065002,5.835,,False
38987,43.065002,5.85,,False
38988,43.065002,5.865,,False
38989,43.065002,5.88,0.42999999038875103,False
38990,43.065002,5.895,0.5749999871477485,False
38991,43.065002,5.91,0.47999998927116394,False
38992,43.065002,5.925,0.47999998927116394,False
38993,43.065002,5.94,0.5049999887123704,False
38994,43.065002,5.955,0.48499998915940523,False
38995,43.065002,5.97,0.4349999902769923,False
38996,43.065002,5.985,0.41999999061226845,False
38997,43.065002,6.0,0.41999999061226845,False
39214,43.085,3.0,,False
39215,43.085,3.015,,False
39216,43.085,3.03,,False
39217,43.085,3.045,,False
39218,43.085,3.06,,False
39219,43.085,3.075,,False
39220,43.085,3.09,,False
39221,43.085,3.105,,False
39222,43.085,3.12,,False
39223,43.085,3.135,2.9849999332800508,False
39224,43.085,3.15,2.899999935179949,False
39225,43.085,3.165,2.7549999384209514,False
39226,43.085,3.18,2.664999940432608,False
39227,43.085,3.195,2.5549999428912997,False
39228,43.085,3.21,2.419999945908785,False
39229,43.085,3.225,2.334999947808683,False
39230,43.085,3.24,2.164999951608479,False
39231,43.085,3.255,2.114999952726066,False
39232,43.085,3.27,2.12999995239079,False
39233,43.085,3.285,2.0349999545142055,False
39234,43.085,3.3,1.8799999579787254,False
39235,43.085,3.315,1.7549999607726932,False
39236,43.085,3.33,1.5849999645724893,False
39237,43.085,3.345,1.4199999682605267,False
39238,43.085,3.36,1.3249999703839421,False
39239,43.085,3.375,1.1099999751895666,False
39240,43.085,3.39,1.0099999774247408,False
39241,43.085,3.405,0.8799999803304672,False
39242,43.085,3.42,0.8049999820068479,False
39243,43.085,3.435,0.7399999834597111,False
39244,43.085,3.45,0.6849999846890569,False
39245,43.085,3.465,0.6299999859184027,False
39246,43.085,3.48,0.6299999859184027,False
39247,43.085,3.495,0.6599999852478504,False
39248,43.085,3.51,0.5949999867007136,False
39249,43.085,3.525,0.5949999867007136,False
39250,43.085,3.54,0.6149999862536788,False
39251,43.085,3.555,0.634999985806644,False
39252,43.085,3.57,0.6649999851360917,False
39253,43.085,3.585,0.6449999855831265,False
39254,43.085,3.6,0.6249999860301614,False
39255,43.085,3.615,0.5949999867007136,False
39256,43.085,3.63,0.5649999873712659,False
39257,43.085,3.645,0.5199999883770943,False
39258,43.085,3.66,0.4949999889358878,False
39259,43.085,3.675,0.4949999889358878,False
39260,43.085,3.69,0.47499998938292265,False
39261,43.085,3.705,0.46999998949468136,False
39262,43.085,3.72,0.48499998915940523,False
39263,43.085,3.735,0.5099999886006117,False
39264,43.085,3.75,0.5349999880418181,False
39265,43.085,3.765,0.5899999868124723,False
39266,43.085,3.78,0.6249999860301614,False
39267,43.085,3.795,0.6249999860301614,False
39268,43.085,3.81,0.6399999856948853,False
39269,43.085,3.825,0.634999985806644,False
39270,43.085,3.84,0.6149999862536788,False
39271,43.085,3.855,0.5799999870359898,False
39272,43.085,3.87,0.549999987706542,False
39273,43.085,3.885,0.5299999881535769,False
39274,43.085,3.9,0.5399999879300594,False
39275,43.085,3.915,0.5399999879300594,False
39276,43.085,3.93,0.5599999874830246,False
39277,43.085,3.945,0.5449999878183007,False
39278,43.085,3.96,0.5299999881535769,False
39279,43.085,3.975,0.5049999887123704,False
39280,43.085,3.99,0.5049999887123704,False
39281,43.085,4.005,0.5049999887123704,False
39282,43.085,4.02,0.4899999890476465,False
39283,43.085,4.035,0.46999998949468136,False
39284,43.085,4.05,0.46999998949468136,False
39285,43.085,4.065,0.46499998960644007,False
39286,43.085,4.08,0.4449999900534749,False
39287,43.085,4.095,0.4399999901652336,False
39288,43.085,4.11,0.40999999083578587,False
39289,43.085,4.125,0.3999999910593033,False
39290,43.085,4.14,0.41999999061226845,False
39291,43.085,4.155,0.394999991171062,False
39292,43.085,4.17,0.4049999909475446,False
39293,43.085,4.185,0.41999999061226845,False
39294,43.085,4.2,0.42999999038875103,False
39295,43.085,4.215,0.3999999910593033,False
39296,43.085,4.23,0.4049999909475446,False
39297,43.085,4.245,0.37499999161809683,False
39298,43.085,4.26,0.3899999912828207,False
39299,43.085,4.275,0.3799999915063381,False
39300,43.085,4.29,0.37499999161809683,False
39301,43.085,4.305,0.3799999915063381,False
39302,43.085,4.32,0.40999999083578587,False
39303,43.085,4.335,0.4349999902769923,False
39304,43.085,4.35,0.4549999898299575,False
39305,43.085,4.365,0.48499998915940523,False
39306,43.085,4.38,0.4899999890476465,False
39307,43.085,4.395,0.48499998915940523,False
39308,43.085,4.41,0.4499999899417162,False
39309,43.085,4.425,0.47499998938292265,False
39310,43.085,4.44,0.4349999902769923,False
39311,43.085,4.455,0.3899999912828207,False
39312,43.085,4.47,0.31499999295920134,False
39313,43.085,4.485,0.2899999935179949,False
39314,43.085,4.5,0.2899999935179949,False
39315,43.085,4.515,0.2299999948590994,False
39316,43.085,4.53,0.23999999463558197,False
39317,43.085,4.545,0.24499999452382326,False
39318,43.085,4.56,0.21499999519437551,False
39319,43.085,4.575,0.23499999474734068,False
39320,43.085,4.59,0.2699999939650297,False
39321,43.085,4.605,0.2799999937415123,False
39322,43.085,4.62,0.25999999418854713,False
39323,43.085,4.635,0.24999999441206455,False
39324,43.085,4.65,0.24499999452382326,False
39325,43.085,4.665,0.2299999948590994,False
39326,43.085,4.68,0.30999999307096004,False
39327,43.085,4.695,0.37499999161809683,False
39328,43.085,4.71,0.6799999848008156,False
39329,43.085,4.725,0.6049999864771962,False
39330,43.085,4.74,1.3549999697133899,False
39331,43.085,4.755,4.204999906010926,False
39332,43.085,4.77,4.954999889247119,False
39333,43.085,4.785,5.469999877735972,True
39334,43.085,4.8,6.0049998657777905,True
39335,43.085,4.815,6.6399998515844345,True
39336,43.085,4.83,7.749999826774001,True
39337,43.085,4.845,9.419999789446592,True
39338,43.085,4.86,12.164999728091061,True
39339,43.085,4.875,13.919999688863754,True
39340,43.085,4.89,13.24499970395118,True
39341,43.085,4.905,13.099999707192183,True
39342,43.085,4.92,11.919999733567238,True
39343,43.085,4.935,9.754999781958759,True
39344,43.085,4.95,8.104999818839133,True
39345,43.085,4.965,6.934999844990671,True
39346,43.085,4.98,6.474999855272472,True
39347,43.085,4.995,5.959999866783619,True
39348,43.085,5.01,5.664999873377383,True
39349,43.085,5.025,5.269999882206321,True
39350,43.085,5.04,4.934999889694154,False
39351,43.085,5.055,4.579999897629023,False
39352,43.085,5.07,4.229999905452132,False
39353,43.085,5.085,3.8899999130517244,False
39354,43.085,5.1,3.36999992467463,False
39355,43.085,5.115,2.8399999365210533,False
39356,43.085,5.13,2.2749999491497874,False
39357,43.085,5.145,1.7449999609962106,False
39358,43.085,5.16,1.339999970048666,False
39359,43.085,5.175,1.014999977312982,False
39360,43.085,5.19,0.754999983124435,False
39361,43.085,5.205,0.6149999862536788,False
39362,43.085,5.22,0.5099999886006117,False
39363,43.085,5.235,0.4399999901652336,False
39364,43.085,5.25,0.40999999083578587,False
39365,43.085,5.265,0.3999999910593033,False
39366,43.085,5.28,0.394999991171062,False
39367,43.085,5.295,0.394999991171062,False
39368,43.085,5.31,0.3999999910593033,False
39369,43.085,5.325,0.41499999072402716,False
39370,43.085,5.34,0.42499999050050974,False
39371,43.085,5.355,0.42499999050050974,False
39372,43.085,5.37,0.41499999072402716,False
39373,43.085,5.385,0.41999999061226845,False
39374,43.085,5.4,0.42499999050050974,False
39375,43.085,5.415,0.41499999072402716,False
39376,43.085,5.43,0.4049999909475446,False
39377,43.085,5.445,0.3999999910593033,False
39378,43.085,5.46,0.394999991171062,False
39379,43.085,5.475,0.3849999913945794,False
39380,43.085,5.49,0.3899999912828207,False
39381,43.085,5.505,0.394999991171062,False
39382,43.085,5.52,0.3899999912828207,False
39383,43.085,5.535,0.37499999161809683,False
39384,43.085,5.55,0.36499999184161425,False
39385,43.085,5.565,0.36499999184161425,False
39386,43.085,5.58,0.3499999921768904,False
39387,43.085,5.595,0.3399999924004078,False
39388,43.085,5.61,0.3299999926239252,False
39389,43.085,5.625,0.3249999927356839,False
39390,43.085,5.64,0.3249999927356839,False
39391,43.085,5.655,0.3199999928474426,False
39392,43.085,5.67,0.3199999928474426,False
39393,43.085,5.685,0.3199999928474426,False
39394,43.085,5.7,0.3449999922886491,False
39395,43.085,5.715,0.4049999909475446,False
39396,43.085,5.73,0.549999987706542,False
39397,43.085,5.745,0.8699999805539846,False
39398,43.085,5.76,1.959999956190586,False
39399,43.085,5.775,2.6549999406561255,False
39400,43.085,5.79,2.6499999407678843,False
39401,43.085,5.805,,False
39402,43.085,5.82,,False
39403,43.085,5.835,,False
39404,43.085,5.85,,False
39405,43.085,5.865,,False
39406,43.085,5.88,,False
39407,43.085,5.895,,False
39408,43.085,5.91,,False
39409,43.085,5.925,0.7499999832361937,False
39410,43.085,5.94,0.6399999856948853,False
39411,43.085,5.955,0.5449999878183007,False
39412,43.085,5.97,0.47999998927116394,False
39413,43.085,5.985,0.42499999050050974,False
39414,43.085,6.0,0.42999999038875103,False
39631,43.105,3.0,,False
39632,43.105,3.015,,False
39633,43.105,3.03,,False
39634,43.105,3.045,,False
39635,43.105,3.06,,False
39636,43.105,3.075,,False
39637,43.105,3.09,,False
39638,43.105,3.105,,False
39639,43.105,3.12,,False
39640,43.105,3.135,3.2049999283626676,False
39641,43.105,3.15,2.9249999346211553,False
39642,43.105,3.165,2.8049999373033643,False
39643,43.105,3.18,2.629999941214919,False
39644,43.105,3.195,2.5849999422207475,False
39645,43.105,3.21,2.509999943897128,False
39646,43.105,3.225,2.5199999436736107,False
39647,43.105,3.24,2.3999999463558197,False
39648,43.105,3.255,2.3749999469146132,False
39649,43.105,3.27,2.354999947361648,False
39650,43.105,3.285,2.3099999483674765,False
39651,43.105,3.3,2.1349999522790313,False
39652,43.105,3.315,2.0399999544024467,False
39653,43.105,3.33,1.9099999573081732,False
39654,43.105,3.345,1.734999961219728,False
39655,43.105,3.36,1.5949999643489718,False
39656,43.105,3.375,1.3799999691545963,False
39657,43.105,3.39,1.219999972730875,False
39658,43.105,3.405,1.064999976195395,False
39659,43.105,3.42,0.9949999777600169,False
39660,43.105,3.435,0.8449999811127782,False
39661,43.105,3.45,0.7949999822303653,False
39662,43.105,3.465,0.7349999835714698,False
39663,43.105,3.48,0.6849999846890569,False
39664,43.105,3.495,0.6449999855831265,False
39665,43.105,3.51,0.6299999859184027,False
39666,43.105,3.525,0.5949999867007136,False
39667,43.105,3.54,0.6249999860301614,False
39668,43.105,3.555,0.7199999839067459,False
39669,43.105,3.57,0.7599999830126762,False
39670,43.105,3.585,0.8049999820068479,False
39671,43.105,3.6,0.8149999817833304,False
39672,43.105,3.615,0.8049999820068479,False
39673,43.105,3.63,0.7249999837949872,False
39674,43.105,3.645,0.634999985806644,False
39675,43.105,3.66,0.5649999873712659,False
39676,43.105,3.675,0.5299999881535769,False
39677,43.105,3.69,0.5099999886006117,False
39678,43.105,3.705,0.5049999887123704,False
39679,43.105,3.72,0.5549999875947833,False
39680,43.105,3.735,0.6199999861419201,False
39681,43.105,3.75,0.6849999846890569,False
39682,43.105,3.765,0.7349999835714698,False
39683,43.105,3.78,0.754999983124435,False
39684,43.105,3.795,0.7699999827891588,False
39685,43.105,3.81,0.7499999832361937,False
39686,43.105,3.825,0.7349999835714698,False
39687,43.105,3.84,0.7199999839067459,False
39688,43.105,3.855,0.6749999849125743,False
39689,43.105,3.87,0.6749999849125743,False
39690,43.105,3.885,0.6599999852478504,False
39691,43.105,3.9,0.6799999848008156,False
39692,43.105,3.915,0.7349999835714698,False
39693,43.105,3.93,0.7599999830126762,False
39694,43.105,3.945,0.7699999827891588,False
39695,43.105,3.96,0.7599999830126762,False
39696,43.105,3.975,0.7249999837949872,False
39697,43.105,3.99,0.6749999849125743,False
39698,43.105,4.005,0.6199999861419201,False
39699,43.105,4.02,0.5649999873712659,False
39700,43.105,4.035,0.5199999883770943,False
39701,43.105,4.05,0.5049999887123704,False
39702,43.105,4.065,0.4899999890476465,False
39703,43.105,4.08,0.47999998927116394,False
39704,43.105,4.095,0.4499999899417162,False
39705,43.105,4.11,0.4499999899417162,False
39706,43.105,4.125,0.42499999050050974,False
39707,43.105,4.14,0.42499999050050974,False
39708,43.105,4.155,0.42499999050050974,False
39709,43.105,4.17,0.42999999038875103,False
39710,43.105,4.185,0.42499999050050974,False
39711,43.105,4.2,0.4449999900534749,False
39712,43.105,4.215,0.41999999061226845,False
39713,43.105,4.23,0.4049999909475446,False
39714,43.105,4.245,0.3899999912828207,False
39715,43.105,4.26,0.3849999913945794,False
39716,43.105,4.275,0.37499999161809683,False
39717,43.105,4.29,0.36999999172985554,False
39718,43.105,4.305,0.394999991171062,False
39719,43.105,4.32,0.37499999161809683,False
39720,43.105,4.335,0.41499999072402716,False
39721,43.105,4.35,0.4599999897181988,False
39722,43.105,4.365,0.46999998949468136,False
39723,43.105,4.38,0.46499998960644007,False
39724,43.105,4.395,0.47499998938292265,False
39725,43.105,4.41,0.47999998927116394,False
39726,43.105,4.425,0.4499999899417162,False
39727,43.105,4.44,0.41499999072402716,False
39728,43.105,4.455,0.3899999912828207,False
39729,43.105,4.47,0.3299999926239252,False
39730,43.105,4.485,0.274999993853271,False
39731,43.105,4.5,0.25999999418854713,False
39732,43.105,4.515,0.2649999940767884,False
39733,43.105,4.53,0.21499999519437551,False
39734,43.105,4.545,0.23499999474734068,False
39735,43.105,4.56,0.2699999939650297,False
39736,43.105,4.575,0.2199999950826168,False
39737,43.105,4.59,0.2249999949708581,False
39738,43.105,4.605,0.274999993853271,False
39739,43.105,4.62,0.2849999936297536,False
39740,43.105,4.635,0.2649999940767884,False
39741,43.105,4.65,0.24499999452382326,False
39742,43.105,4.665,0.20499999541789293,False
39743,43.105,4.68,0.1149999974295497,False
39744,43.105,4.695,0.3349999925121665,False
39745,43.105,4.71,0.6049999864771962,False
39746,43.105,4.725,0.6099999863654375,False
39747,43.105,4.74,1.2399999722838402,False
39748,43.105,4.755,3.984999910928309,False
39749,43.105,4.77,4.739999894052744,False
39750,43.105,4.785,5.469999877735972,True
39751,43.105,4.8,5.96499986667186,True
39752,43.105,4.815,6.974999844096601,True
39753,43.105,4.83,8.554999808780849,True
39754,43.105,4.845,11.109999751672149,True
39755,43.105,4.86,12.734999715350568,True
39756,43.105,4.875,15.634999650530517,True
39757,43.105,4.89,17.23499961476773,True
39758,43.105,4.905,16.159999638795853,True
39759,43.105,4.92,14.489999676123261,True
39760,43.105,4.935,12.294999725185335,True
39761,43.105,4.95,8.924999800510705,True
39762,43.105,4.965,7.329999836161733,True
39763,43.105,4.98,6.774999848566949,True
39764,43.105,4.995,6.2799998596310616,True
39765,43.105,5.01,5.894999868236482,True
39766,43.105,5.025,5.509999876841903,True
39767,43.105,5.04,5.03499988745898,False
39768,43.105,5.055,4.6649998957291245,False
39769,43.105,5.07,4.334999903105199,False
39770,43.105,5.085,4.039999909698963,False
39771,43.105,5.1,3.6299999188631773,False
39772,43.105,5.115,3.1049999305978417,False
39773,43.105,5.13,2.5549999428912997,False
39774,43.105,5.145,1.9799999557435513,False
39775,43.105,5.16,1.3449999699369073,False
39776,43.105,5.175,1.0099999774247408,False
39777,43.105,5.19,0.7699999827891588,False
39778,43.105,5.205,0.5699999872595072,False
39779,43.105,5.22,0.47499998938292265,False
39780,43.105,5.235,0.4449999900534749,False
39781,43.105,5.25,0.42999999038875103,False
39782,43.105,5.265,0.41999999061226845,False
39783,43.105,5.28,0.40999999083578587,False
39784,43.105,5.295,0.42499999050050974,False
39785,43.105,5.31,0.42499999050050974,False
39786,43.105,5.325,0.42499999050050974,False
39787,43.105,5.34,0.42499999050050974,False
39788,43.105,5.355,0.41999999061226845,False
39789,43.105,5.37,0.40999999083578587,False
39790,43.105,5.385,0.4049999909475446,False
39791,43.105,5.4,0.394999991171062,False
39792,43.105,5.415,0.3899999912828207,False
39793,43.105,5.43,0.37499999161809683,False
39794,43.105,5.445,0.36499999184161425,False
39795,43.105,5.46,0.36499999184161425,False
39796,43.105,5.475,0.35499999206513166,False
39797,43.105,5.49,0.36999999172985554,False
39798,43.105,5.505,0.3999999910593033,False
39799,43.105,5.52,0.36999999172985554,False
39800,43.105,5.535,0.36999999172985554,False
39801,43.105,5.55,0.35499999206513166,False
39802,43.105,5.565,0.3399999924004078,False
39803,43.105,5.58,0.3249999927356839,False
39804,43.105,5.595,0.31499999295920134,False
39805,43.105,5.61,0.30999999307096004,False
39806,43.105,5.625,0.30999999307096004,False
39807,43.105,5.64,0.30999999307096004,False
39808,43.105,5.655,0.3199999928474426,False
39809,43.105,5.67,0.3249999927356839,False
39810,43.105,5.685,0.3299999926239252,False
39811,43.105,5.7,0.3399999924004078,False
39812,43.105,5.715,0.394999991171062,False
39813,43.105,5.73,0.4949999889358878,False
39814,43.105,5.745,1.3149999706074595,False
39815,43.105,5.76,2.2599999494850636,False
39816,43.105,5.775,3.109999930486083,False
39817,43.105,5.79,3.899999912828207,False
39818,43.105,5.805,,False
39819,43.105,5.82,,False
39820,43.105,5.835,,False
39821,43.105,5.85,,False
39822,43.105,5.865,,False
39823,43.105,5.88,,False
39824,43.105,5.895,,False
39825,43.105,5.91,,False
39826,43.105,5.925,0.7199999839067459,False
39827,43.105,5.94,0.6999999843537807,False
39828,43.105,5.955,0.6599999852478504,False
39829,43.105,5.97,0.4499999899417162,False
39830,43.105,5.985,0.3999999910593033,False
39831,43.105,6.0,0.6499999854713678,False
40048,43.125,3.0,,False
40049,43.125,3.015,,False
40050,43.125,3.03,,False
40051,43.125,3.045,,False
40052,43.125,3.06,,False
40053,43.125,3.075,,False
40054,43.125,3.09,,False
40055,43.125,3.105,,False
40056,43.125,3.12,,False
40057,43.125,3.135,,False
40058,43.125,3.15,,False
40059,43.125,3.165,2.8899999354034662,False
40060,43.125,3.18,2.799999937415123,False
40061,43.125,3.195,2.7099999394267797,False
40062,43.125,3.21,2.6699999403208494,False
40063,43.125,3.225,2.629999941214919,False
40064,43.125,3.24,2.5849999422207475,False
40065,43.125,3.255,2.4799999445676804,False
40066,43.125,3.27,2.384999946691096,False
40067,43.125,3.285,2.2799999490380287,False
40068,43.125,3.3,2.2449999498203397,False
40069,43.125,3.315,2.164999951608479,False
40070,43.125,3.33,2.199999950826168,False
40071,43.125,3.345,2.1749999513849616,False
40072,43.125,3.36,1.9549999563023448,False
40073,43.125,3.375,1.8299999590963125,False
40074,43.125,3.39,1.5899999644607306,False
40075,43.125,3.405,1.409999968484044,False
40076,43.125,3.42,1.254999971948564,False
40077,43.125,3.435,1.1199999749660492,False
40078,43.125,3.45,1.0049999775364995,False
40079,43.125,3.465,0.8699999805539846,False
40080,43.125,3.48,0.8099999818950891,False
40081,43.125,3.495,0.7849999824538827,False
40082,43.125,3.51,0.7299999836832285,False
40083,43.125,3.525,0.6949999844655395,False
40084,43.125,3.54,0.7499999832361937,False
40085,43.125,3.555,0.8349999813362956,False
40086,43.125,3.57,0.8999999798834324,False
40087,43.125,3.585,0.944999978877604,False
40088,43.125,3.6,0.9949999777600169,False
40089,43.125,3.615,0.9849999779835343,False
40090,43.125,3.63,0.8799999803304672,False
40091,43.125,3.645,0.7799999825656414,False
40092,43.125,3.66,0.6599999852478504,False
40093,43.125,3.675,0.5599999874830246,False
40094,43.125,3.69,0.5399999879300594,False
40095,43.125,3.705,0.5599999874830246,False
40096,43.125,3.72,0.6199999861419201,False
40097,43.125,3.735,0.6749999849125743,False
40098,43.125,3.75,0.7299999836832285,False
40099,43.125,3.765,0.7449999833479524,False
40100,43.125,3.78,0.7499999832361937,False
40101,43.125,3.795,0.7649999829009175,False
40102,43.125,3.81,0.754999983124435,False
40103,43.125,3.825,0.7499999832361937,False
40104,43.125,3.84,0.7499999832361937,False
40105,43.125,3.855,0.7799999825656414,False
40106,43.125,3.87,0.8199999816715717,False
40107,43.125,3.885,0.8449999811127782,False
40108,43.125,3.9,0.8799999803304672,False
40109,43.125,3.915,0.909999979659915,False
40110,43.125,3.93,0.9549999786540866,False
40111,43.125,3.945,0.9349999791011214,False
40112,43.125,3.96,0.9149999795481563,False
40113,43.125,3.975,0.8799999803304672,False
40114,43.125,3.99,0.7999999821186066,False
40115,43.125,4.005,0.7249999837949872,False
40116,43.125,4.02,0.6399999856948853,False
40117,43.125,4.035,0.6049999864771962,False
40118,43.125,4.05,0.584999986924231,False
40119,43.125,4.065,0.5699999872595072,False
40120,43.125,4.08,0.5599999874830246,False
40121,43.125,4.095,0.5249999882653356,False
40122,43.125,4.11,0.48499998915940523,False
40123,43.125,4.125,0.47999998927116394,False
40124,43.125,4.14,0.4549999898299575,False
40125,43.125,4.155,0.4499999899417162,False
40126,43.125,4.17,0.4499999899417162,False
40127,43.125,4.185,0.46499998960644007,False
40128,43.125,4.2,0.47499998938292265,False
40129,43.125,4.215,0.4449999900534749,False
40130,43.125,4.23,0.4449999900534749,False
40131,43.125,4.245,0.4399999901652336,False
40132,43.125,4.26,0.42999999038875103,False
40133,43.125,4.275,0.4499999899417162,False
40134,43.125,4.29,0.4449999900534749,False
40135,43.125,4.305,0.47499998938292265,False
40136,43.125,4.32,0.4549999898299575,False
40137,43.125,4.335,0.4549999898299575,False
40138,43.125,4.35,0.4899999890476465,False
40139,43.125,4.365,0.47499998938292265,False
40140,43.125,4.38,0.4899999890476465,False
40141,43.125,4.395,0.4899999890476465,False
40142,43.125,4.41,0.514999988488853,False
40143,43.125,4.425,0.48499998915940523,False
40144,43.125,4.44,0.41499999072402716,False
40145,43.125,4.455,0.40999999083578587,False
40146,43.125,4.47,0.36999999172985554,False
40147,43.125,4.485,0.30999999307096004,False
40148,43.125,4.5,0.2899999935179949,False
40149,43.125,4.515,0.2849999936297536,False
40150,43.125,4.53,0.24499999452382326,False
40151,43.125,4.545,0.24499999452382326,False
40152,43.125,4.56,0.25999999418854713,False
40153,43.125,4.575,0.24999999441206455,False
40154,43.125,4.59,0.24499999452382326,False
40155,43.125,4.605,0.2899999935179949,False
40156,43.125,4.62,0.2649999940767884,False
40157,43.125,4.635,0.18999999575316906,False
40158,43.125,4.65,0.21499999519437551,False
40159,43.125,4.665,0.13499999698251486,False
40160,43.125,4.68,0.09499999787658453,False
40161,43.125,4.695,0.29499999340623617,False
40162,43.125,4.71,0.514999988488853,False
40163,43.125,4.725,0.634999985806644,False
40164,43.125,4.74,0.9149999795481563,False
40165,43.125,4.755,2.714999939315021,False
40166,43.125,4.77,3.8599999137222767,False
40167,43.125,4.785,4.604999897070229,False
40168,43.125,4.8,5.434999878518283,True
40169,43.125,4.815,6.774999848566949,True
40170,43.125,4.83,8.569999808445573,True
40171,43.125,4.845,11.159999750554562,True
40172,43.125,4.86,14.339999679476023,True
40173,43.125,4.875,18.109999595209956,True
40174,43.125,4.89,20.634999538771808,True
40175,43.125,4.905,21.059999529272318,True
40176,43.125,4.92,18.2849995912984,True
40177,43.125,4.935,14.809999668970704,True
40178,43.125,4.95,10.509999765083194,True
40179,43.125,4.965,8.044999820180237,True
40180,43.125,4.98,7.044999842531979,True
40181,43.125,4.995,6.524999854154885,True
40182,43.125,5.01,6.074999864213169,True
40183,43.125,5.025,5.649999873712659,True
40184,43.125,5.04,5.18999988399446,True
40185,43.125,5.055,4.819999892264605,False
40186,43.125,5.07,4.45499990042299,False
40187,43.125,5.085,4.119999907910824,False
40188,43.125,5.1,3.844999914057553,False
40189,43.125,5.115,3.2749999267980456,False
40190,43.125,5.13,2.424999945797026,False
40191,43.125,5.145,1.804999959655106,False
40192,43.125,5.16,1.2099999729543924,False
40193,43.125,5.175,0.9299999792128801,False
40194,43.125,5.19,0.7299999836832285,False
40195,43.125,5.205,0.5699999872595072,False
40196,43.125,5.22,0.47499998938292265,False
40197,43.125,5.235,0.4399999901652336,False
40198,43.125,5.25,0.4349999902769923,False
40199,43.125,5.265,0.4399999901652336,False
40200,43.125,5.28,0.4399999901652336,False
40201,43.125,5.295,0.4349999902769923,False
40202,43.125,5.31,0.42999999038875103,False
40203,43.125,5.325,0.40999999083578587,False
40204,43.125,5.34,0.4049999909475446,False
40205,43.125,5.355,0.4049999909475446,False
40206,43.125,5.37,0.3849999913945794,False
40207,43.125,5.385,0.37499999161809683,False
40208,43.125,5.4,0.3799999915063381,False
40209,43.125,5.415,0.35999999195337296,False
40210,43.125,5.43,0.3449999922886491,False
40211,43.125,5.445,0.3399999924004078,False
40212,43.125,5.46,0.3349999925121665,False
40213,43.125,5.475,0.3499999921768904,False
40214,43.125,5.49,0.35999999195337296,False
40215,43.125,5.505,0.36499999184161425,False
40216,43.125,5.52,0.3899999912828207,False
40217,43.125,5.535,0.37499999161809683,False
40218,43.125,5.55,0.3399999924004078,False
40219,43.125,5.565,0.3299999926239252,False
40220,43.125,5.58,0.3349999925121665,False
40221,43.125,5.595,0.3299999926239252,False
40222,43.125,5.61,0.3249999927356839,False
40223,43.125,5.625,0.3199999928474426,False
40224,43.125,5.64,0.31499999295920134,False
40225,43.125,5.655,0.3249999927356839,False
40226,43.125,5.67,0.3299999926239252,False
40227,43.125,5.685,0.3499999921768904,False
40228,43.125,5.7,0.3899999912828207,False
40229,43.125,5.715,0.46499998960644007,False
40230,43.125,5.73,0.5749999871477485,False
40231,43.125,5.745,1.149999974295497,False
40232,43.125,5.76,1.9299999568611383,False
40233,43.125,5.775,,False
40234,43.125,5.79,,False
40235,43.125,5.805,,False
40236,43.125,5.82,,False
40237,43.125,5.835,,False
40238,43.125,5.85,,False
40239,43.125,5.865,,False
40240,43.125,5.88,,False
40241,43.125,5.895,,False
40242,43.125,5.91,,False
40243,43.125,5.925,,False
40244,43.125,5.94,,False
40245,43.125,5.955,,False
40246,43.125,5.97,,False
40247,43.125,5.985,,False
40248,43.125,6.0,,False
40465,43.145,3.0,,False
40466,43.145,3.015,,False
40467,43.145,3.03,,False
40468,43.145,3.045,,False
40469,43.145,3.06,,False
40470,43.145,3.075,,False
40471,43.145,3.09,,False
40472,43.145,3.105,,False
40473,43.145,3.12,,False
40474,43.145,3.135,,False
40475,43.145,3.15,,False
40476,43.145,3.165,,False
40477,43.145,3.18,,False
40478,43.145,3.195,2.9599999338388443,False
40479,43.145,3.21,2.869999935850501,False
40480,43.145,3.225,2.919999934732914,False
40481,43.145,3.24,2.8049999373033643,False
40482,43.145,3.255,2.7399999387562275,False
40483,43.145,3.27,2.5899999421089888,False
40484,43.145,3.285,2.424999945797026,False
40485,43.145,3.3,2.349999947473407,False
40486,43.145,3.315,2.334999947808683,False
40487,43.145,3.33,2.3599999472498894,False
40488,43.145,3.345,2.3949999464675784,False
40489,43.145,3.36,2.334999947808683,False
40490,43.145,3.375,2.269999949261546,False
40491,43.145,3.39,2.1749999513849616,False
40492,43.145,3.405,2.0899999532848597,False
40493,43.145,3.42,1.8749999580904841,False
40494,43.145,3.435,1.6799999624490738,False
40495,43.145,3.45,1.4149999683722854,False
40496,43.145,3.465,1.1799999736249447,False
40497,43.145,3.48,1.0199999772012234,False
40498,43.145,3.495,0.9649999784305692,False
40499,43.145,3.51,0.909999979659915,False
40500,43.145,3.525,0.8799999803304672,False
40501,43.145,3.54,0.8299999814480543,False
40502,43.145,3.555,0.9149999795481563,False
40503,43.145,3.57,0.9949999777600169,False
40504,43.145,3.585,1.0399999767541885,False
40505,43.145,3.6,1.0549999764189124,False
40506,43.145,3.615,1.0449999766424298,False
40507,43.145,3.63,0.9549999786540866,False
40508,43.145,3.645,0.8499999810010195,False
40509,43.145,3.66,0.7349999835714698,False
40510,43.145,3.675,0.6399999856948853,False
40511,43.145,3.69,0.6049999864771962,False
40512,43.145,3.705,0.6299999859184027,False
40513,43.145,3.72,0.6649999851360917,False
40514,43.145,3.735,0.6849999846890569,False
40515,43.145,3.75,0.7199999839067459,False
40516,43.145,3.765,0.7449999833479524,False
40517,43.145,3.78,0.7449999833479524,False
40518,43.145,3.795,0.7649999829009175,False
40519,43.145,3.81,0.789999982342124,False
40520,43.145,3.825,0.8099999818950891,False
40521,43.145,3.84,0.8399999812245369,False
40522,43.145,3.855,0.8999999798834324,False
40523,43.145,3.87,0.944999978877604,False
40524,43.145,3.885,1.0049999775364995,False
40525,43.145,3.9,1.0399999767541885,False
40526,43.145,3.915,1.0449999766424298,False
40527,43.145,3.93,1.0399999767541885,False
40528,43.145,3.945,1.0199999772012234,False
40529,43.145,3.96,0.9849999779835343,False
40530,43.145,3.975,0.9349999791011214,False
40531,43.145,3.99,0.8599999807775021,False
40532,43.145,4.005,0.7949999822303653,False
40533,43.145,4.02,0.7299999836832285,False
40534,43.145,4.035,0.7149999840185046,False
40535,43.145,4.05,0.6849999846890569,False
40536,43.145,4.065,0.6599999852478504,False
40537,43.145,4.08,0.6299999859184027,False
40538,43.145,4.095,0.6199999861419201,False
40539,43.145,4.11,0.5999999865889549,False
40540,43.145,4.125,0.5699999872595072,False
40541,43.145,4.14,0.5799999870359898,False
40542,43.145,4.155,0.549999987706542,False
40543,43.145,4.17,0.549999987706542,False
40544,43.145,4.185,0.5199999883770943,False
40545,43.145,4.2,0.5049999887123704,False
40546,43.145,4.215,0.4899999890476465,False
40547,43.145,4.23,0.48499998915940523,False
40548,43.145,4.245,0.5249999882653356,False
40549,43.145,4.26,0.5449999878183007,False
40550,43.145,4.275,0.6149999862536788,False
40551,43.145,4.29,0.5999999865889549,False
40552,43.145,4.305,0.6099999863654375,False
40553,43.145,4.32,0.5999999865889549,False
40554,43.145,4.335,0.5949999867007136,False
40555,43.145,4.35,0.5649999873712659,False
40556,43.145,4.365,0.5449999878183007,False
40557,43.145,4.38,0.5199999883770943,False
40558,43.145,4.395,0.5249999882653356,False
40559,43.145,4.41,0.5049999887123704,False
40560,43.145,4.425,0.5049999887123704,False
40561,43.145,4.44,0.4599999897181988,False
40562,43.145,4.455,0.4349999902769923,False
40563,43.145,4.47,0.42999999038875103,False
40564,43.145,4.485,0.40999999083578587,False
40565,43.145,4.5,0.3799999915063381,False
40566,43.145,4.515,0.3349999925121665,False
40567,43.145,4.53,0.2799999937415123,False
40568,43.145,4.545,0.2799999937415123,False
40569,43.145,4.56,0.24999999441206455,False
40570,43.145,4.575,0.2299999948590994,False
40571,43.145,4.59,0.23499999474734068,False
40572,43.145,4.605,0.2699999939650297,False
40573,43.145,4.62,0.23999999463558197,False
40574,43.145,4.635,0.20999999530613422,False
40575,43.145,4.65,0.2249999949708581,False
40576,43.145,4.665,0.18499999586492777,False
40577,43.145,4.68,0.19499999564141035,False
40578,43.145,4.695,0.2199999950826168,False
40579,43.145,4.71,0.5599999874830246,False
40580,43.145,4.725,0.7149999840185046,False
40581,43.145,4.74,0.8299999814480543,False
40582,43.145,4.755,1.5899999644607306,False
40583,43.145,4.77,2.269999949261546,False
40584,43.145,4.785,3.3199999257922173,False
40585,43.145,4.8,4.739999894052744,False
40586,43.145,4.815,6.474999855272472,True
40587,43.145,4.83,8.354999813251197,True
40588,43.145,4.845,12.269999725744128,True
40589,43.145,4.86,17.30499961320311,True
40590,43.145,4.875,21.13999952748418,True
40591,43.145,4.89,24.534999451600015,True
40592,43.145,4.905,25.36499943304807,True
40593,43.145,4.92,24.919999442994595,True
40594,43.145,4.935,18.364999589510262,True
40595,43.145,4.95,12.209999727085233,True
40596,43.145,4.965,8.614999807439744,True
40597,43.145,4.98,6.934999844990671,True
40598,43.145,4.995,6.384999857284129,True
40599,43.145,5.01,6.044999864883721,True
40600,43.145,5.025,5.644999873824418,True
40601,43.145,5.04,5.169999884441495,False
40602,43.145,5.055,4.774999893270433,False
40603,43.145,5.07,4.494999899528921,False
40604,43.145,5.085,4.224999905563891,False
40605,43.145,5.1,3.8699999134987593,False
40606,43.145,5.115,3.2249999279156327,False
40607,43.145,5.13,2.1749999513849616,False
40608,43.145,5.145,1.7749999603256583,False
40609,43.145,5.16,1.269999971613288,False
40610,43.145,5.175,0.9849999779835343,False
40611,43.145,5.19,0.754999983124435,False
40612,43.145,5.205,0.584999986924231,False
40613,43.145,5.22,0.48499998915940523,False
40614,43.145,5.235,0.4549999898299575,False
40615,43.145,5.25,0.4449999900534749,False
40616,43.145,5.265,0.41999999061226845,False
40617,43.145,5.28,0.4049999909475446,False
40618,43.145,5.295,0.394999991171062,False
40619,43.145,5.31,0.3799999915063381,False
40620,43.145,5.325,0.3849999913945794,False
40621,43.145,5.34,0.36999999172985554,False
40622,43.145,5.355,0.37499999161809683,False
40623,43.145,5.37,0.3799999915063381,False
40624,43.145,5.385,0.37499999161809683,False
40625,43.145,5.4,0.3499999921768904,False
40626,43.145,5.415,0.3199999928474426,False
40627,43.145,5.43,0.3299999926239252,False
40628,43.145,5.445,0.3499999921768904,False
40629,43.145,5.46,0.35999999195337296,False
40630,43.145,5.475,0.37499999161809683,False
40631,43.145,5.49,0.36999999172985554,False
40632,43.145,5.505,0.35999999195337296,False
40633,43.145,5.52,0.35499999206513166,False
40634,43.145,5.535,0.3299999926239252,False
40635,43.145,5.55,0.3399999924004078,False
40636,43.145,5.565,0.3399999924004078,False
40637,43.145,5.58,0.3449999922886491,False
40638,43.145,5.595,0.37499999161809683,False
40639,43.145,5.61,0.35999999195337296,False
40640,43.145,5.625,0.35999999195337296,False
40641,43.145,5.64,0.36999999172985554,False
40642,43.145,5.655,0.37499999161809683,False
40643,43.145,5.67,0.40999999083578587,False
40644,43.145,5.685,0.4349999902769923,False
40645,43.145,5.7,0.3799999915063381,False
40646,43.145,5.715,0.47999998927116394,False
40647,43.145,5.73,,False
40648,43.145,5.745,,False
40649,43.145,5.76,,False
40650,43.145,5.775,,False
40651,43.145,5.79,,False
40652,43.145,5.805,,False
40653,43.145,5.82,,False
40654,43.145,5.835,,False
40655,43.145,5.85,,False
40656,43.145,5.865,,False
40657,43.145,5.88,,False
40658,43.145,5.895,,False
40659,43.145,5.91,,False
40660,43.145,5.925,,False
40661,43.145,5.94,,False
40662,43.145,5.955,,False
40663,43.145,5.97,,False
40664,43.145,5.985,,False
40665,43.145,6.0,,False
40882,43.165,3.0,,False
40883,43.165,3.015,,False
40884,43.165,3.03,,False
40885,43.165,3.045,,False
40886,43.165,3.06,,False
40887,43.165,3.075,,False
40888,43.165,3.09,,False
40889,43.165,3.105,,False
40890,43.165,3.12,,False
40891,43.165,3.135,,False
40892,43.165,3.15,,False
40893,43.165,3.165,,False
40894,43.165,3.18,,False
40895,43.165,3.195,,False
40896,43.165,3.21,2.9799999333918095,False
40897,43.165,3.225,3.1849999288097024,False
40898,43.165,3.24,3.364999924786389,False
40899,43.165,3.255,3.2049999283626676,False
40900,43.165,3.27,3.1699999291449785,False
40901,43.165,3.285,3.089999930933118,False
40902,43.165,3.3,2.974999933503568,False
40903,43.165,3.315,2.8299999367445707,False
40904,43.165,3.33,2.729999938979745,False
40905,43.165,3.345,2.624999941326678,False
40906,43.165,3.36,2.574999942444265,False
40907,43.165,3.375,2.5149999437853694,False
40908,43.165,3.39,2.5649999426677823,False
40909,43.165,3.405,2.539999943226576,False
40910,43.165,3.42,2.384999946691096,False
40911,43.165,3.435,2.1949999509379268,False
40912,43.165,3.45,1.9349999567493796,False
40913,43.165,3.465,1.7199999615550041,False
40914,43.165,3.48,1.564999965019524,False
40915,43.165,3.495,1.4999999664723873,False
40916,43.165,3.51,1.374999969266355,False
40917,43.165,3.525,1.2799999713897705,False
40918,43.165,3.54,1.2149999728426337,False
40919,43.165,3.555,1.1949999732896686,False
40920,43.165,3.57,1.2149999728426337,False
40921,43.165,3.585,1.2099999729543924,False
40922,43.165,3.6,1.1649999739602208,False
40923,43.165,3.615,1.1099999751895666,False
40924,43.165,3.63,1.0749999759718776,False
40925,43.165,3.645,0.9599999785423279,False
40926,43.165,3.66,0.8399999812245369,False
40927,43.165,3.675,0.7649999829009175,False
40928,43.165,3.69,0.7199999839067459,False
40929,43.165,3.705,0.6899999845772982,False
40930,43.165,3.72,0.6949999844655395,False
40931,43.165,3.735,0.704999984242022,False
40932,43.165,3.75,0.7299999836832285,False
40933,43.165,3.765,0.7599999830126762,False
40934,43.165,3.78,0.7999999821186066,False
40935,43.165,3.795,0.8349999813362956,False
40936,43.165,3.81,0.9049999797716737,False
40937,43.165,3.825,0.9199999794363976,False
40938,43.165,3.84,0.9699999783188105,False
40939,43.165,3.855,1.014999977312982,False
40940,43.165,3.87,1.064999976195395,False
40941,43.165,3.885,1.114999975077808,False
40942,43.165,3.9,1.1549999741837382,False
40943,43.165,3.915,1.1399999745190144,False
40944,43.165,3.93,1.1049999753013253,False
40945,43.165,3.945,1.0749999759718776,False
40946,43.165,3.96,1.0099999774247408,False
40947,43.165,3.975,0.9649999784305692,False
40948,43.165,3.99,0.944999978877604,False
40949,43.165,4.005,0.8799999803304672,False
40950,43.165,4.02,0.8649999806657434,False
40951,43.165,4.035,0.8549999808892608,False
40952,43.165,4.05,0.8549999808892608,False
40953,43.165,4.065,0.824999981559813,False
40954,43.165,4.08,0.8349999813362956,False
40955,43.165,4.095,0.8449999811127782,False
40956,43.165,4.11,0.8349999813362956,False
40957,43.165,4.125,0.8199999816715717,False
40958,43.165,4.14,0.8199999816715717,False
40959,43.165,4.155,0.7699999827891588,False
40960,43.165,4.17,0.7599999830126762,False
40961,43.165,4.185,0.7249999837949872,False
40962,43.165,4.2,0.6999999843537807,False
40963,43.165,4.215,0.6999999843537807,False
40964,43.165,4.23,0.6999999843537807,False
40965,43.165,4.245,0.7599999830126762,False
40966,43.165,4.26,0.7699999827891588,False
40967,43.165,4.275,0.7999999821186066,False
40968,43.165,4.29,0.8599999807775021,False
40969,43.165,4.305,0.8799999803304672,False
40970,43.165,4.32,0.8649999806657434,False
40971,43.165,4.335,0.7999999821186066,False
40972,43.165,4.35,0.7449999833479524,False
40973,43.165,4.365,0.6849999846890569,False
40974,43.165,4.38,0.6199999861419201,False
40975,43.165,4.395,0.5549999875947833,False
40976,43.165,4.41,0.5649999873712659,False
40977,43.165,4.425,0.6149999862536788,False
40978,43.165,4.44,0.6249999860301614,False
40979,43.165,4.455,0.584999986924231,False
40980,43.165,4.47,0.5549999875947833,False
40981,43.165,4.485,0.46499998960644007,False
40982,43.165,4.5,0.3999999910593033,False
40983,43.165,4.515,0.4449999900534749,False
40984,43.165,4.53,0.3849999913945794,False
40985,43.165,4.545,0.3349999925121665,False
40986,43.165,4.56,0.3299999926239252,False
40987,43.165,4.575,0.3449999922886491,False
40988,43.165,4.59,0.21499999519437551,False
40989,43.165,4.605,0.23499999474734068,False
40990,43.165,4.62,0.2649999940767884,False
40991,43.165,4.635,0.274999993853271,False
40992,43.165,4.65,0.25999999418854713,False
40993,43.165,4.665,0.30499999318271875,False
40994,43.165,4.68,0.41499999072402716,False
40995,43.165,4.695,0.6399999856948853,False
40996,43.165,4.71,0.7649999829009175,False
40997,43.165,4.725,0.8099999818950891,False
40998,43.165,4.74,0.8999999798834324,False
40999,43.165,4.755,1.3699999693781137,False
41000,43.165,4.77,2.064999953843653,False
41001,43.165,4.785,3.21499992813915,False
41002,43.165,4.8,3.984999910928309,False
41003,43.165,4.815,5.464999877847731,True
41004,43.165,4.83,8.389999812468886,True
41005,43.165,4.845,12.059999730437994,True
41006,43.165,4.86,18.764999580569565,True
41007,43.165,4.875,22.57999949529767,True
41008,43.165,4.89,27.664999381639063,True
41009,43.165,4.905,28.46999936364591,True
41010,43.165,4.92,28.46999936364591,True
41011,43.165,4.935,20.729999536648393,True
41012,43.165,4.95,13.20499970484525,True
41013,43.165,4.965,7.8599998243153095,True
41014,43.165,4.98,6.6399998515844345,True
41015,43.165,4.995,6.094999863766134,True
41016,43.165,5.01,5.6549998736009,True
41017,43.165,5.025,5.394999879412353,True
41018,43.165,5.04,5.0599998869001865,False
41019,43.165,5.055,4.734999894164503,False
41020,43.165,5.07,4.424999901093543,False
41021,43.165,5.085,4.039999909698963,False
41022,43.165,5.1,3.6199999190866947,False
41023,43.165,5.115,3.0799999311566353,False
41024,43.165,5.13,2.164999951608479,False
41025,43.165,5.145,1.6749999625608325,False
41026,43.165,5.16,1.4049999685958028,False
41027,43.165,5.175,1.169999973848462,False
41028,43.165,5.19,0.8149999817833304,False
41029,43.165,5.205,0.5999999865889549,False
41030,43.165,5.22,0.5049999887123704,False
41031,43.165,5.235,0.4449999900534749,False
41032,43.165,5.25,0.42999999038875103,False
41033,43.165,5.265,0.41999999061226845,False
41034,43.165,5.28,0.394999991171062,False
41035,43.165,5.295,0.37499999161809683,False
41036,43.165,5.31,0.36499999184161425,False
41037,43.165,5.325,0.35499999206513166,False
41038,43.165,5.34,0.35499999206513166,False
41039,43.165,5.355,0.3899999912828207,False
41040,43.165,5.37,0.42499999050050974,False
41041,43.165,5.385,0.37499999161809683,False
41042,43.165,5.4,0.3449999922886491,False
41043,43.165,5.415,0.3499999921768904,False
41044,43.165,5.43,0.3399999924004078,False
41045,43.165,5.445,0.37499999161809683,False
41046,43.165,5.46,0.3899999912828207,False
41047,43.165,5.475,0.40999999083578587,False
41048,43.165,5.49,0.3799999915063381,False
41049,43.165,5.505,0.35999999195337296,False
41050,43.165,5.52,0.3199999928474426,False
41051,43.165,5.535,0.30499999318271875,False
41052,43.165,5.55,0.29999999329447746,False
41053,43.165,5.565,0.35499999206513166,False
41054,43.165,5.58,0.35999999195337296,False
41055,43.165,5.595,0.35999999195337296,False
41056,43.165,5.61,0.40999999083578587,False
41057,43.165,5.625,0.4049999909475446,False
41058,43.165,5.64,0.4499999899417162,False
41059,43.165,5.655,0.41999999061226845,False
41060,43.165,5.67,0.3849999913945794,False
41061,43.165,5.685,,False
41062,43.165,5.7,,False
41063,43.165,5.715,,False
41064,43.165,5.73,,False
41065,43.165,5.745,,False
41066,43.165,5.76,,False
41067,43.165,5.775,,False
41068,43.165,5.79,,False
41069,43.165,5.805,,False
41070,43.165,5.82,,False
41071,43.165,5.835,,False
41072,43.165,5.85,,False
41073,43.165,5.865,,False
41074,43.165,5.88,,False
41075,43.165,5.895,,False
41076,43.165,5.91,,False
41077,43.165,5.925,,False
41078,43.165,5.94,,False
41079,43.165,5.955,,False
41080,43.165,5.97,,False
41081,43.165,5.985,,False
41082,43.165,6.0,,False
41299,43.184998,3.0,,False
41300,43.184998,3.015,,False
41301,43.184998,3.03,,False
41302,43.184998,3.045,,False
41303,43.184998,3.06,,False
41304,43.184998,3.075,,False
41305,43.184998,3.09,,False
41306,43.184998,3.105,,False
41307,43.184998,3.12,,False
41308,43.184998,3.135,,False
41309,43.184998,3.15,,False
41310,43.184998,3.165,,False
41311,43.184998,3.18,,False
41312,43.184998,3.195,,False
41313,43.184998,3.21,,False
41314,43.184998,3.225,3.2699999269098043,False
41315,43.184998,3.24,3.5299999210983515,False
41316,43.184998,3.255,3.8099999148398638,False
41317,43.184998,3.27,3.7749999156221747,False
41318,43.184998,3.285,3.724999916739762,False
41319,43.184998,3.3,3.759999915957451,False
41320,43.184998,3.315,3.689999917522073,False
41321,43.184998,3.33,3.5649999203160405,False
41322,43.184998,3.345,3.449999922886491,False
41323,43.184998,3.36,3.2749999267980456,False
41324,43.184998,3.375,3.2749999267980456,False
41325,43.184998,3.39,3.1699999291449785,False
41326,43.184998,3.405,3.0649999314919114,False
41327,43.184998,3.42,2.884999935515225,False
41328,43.184998,3.435,2.7399999387562275,False
41329,43.184998,3.45,2.5699999425560236,False
41330,43.184998,3.465,2.304999948479235,False
41331,43.184998,3.48,2.1249999525025487,False
41332,43.184998,3.495,1.9799999557435513,False
41333,43.184998,3.51,1.8849999578669667,False
41334,43.184998,3.525,1.7299999613314867,False
41335,43.184998,3.54,1.5999999642372131,False
41336,43.184998,3.555,1.5549999652430415,False
41337,43.184998,3.57,1.4299999680370092,False
41338,43.184998,3.585,1.4199999682605267,False
41339,43.184998,3.6,1.3649999694898725,False
41340,43.184998,3.615,1.2749999715015292,False
41341,43.184998,3.63,1.1549999741837382,False
41342,43.184998,3.645,1.1049999753013253,False
41343,43.184998,3.66,0.9649999784305692,False
41344,43.184998,3.675,0.8699999805539846,False
41345,43.184998,3.69,0.8149999817833304,False
41346,43.184998,3.705,0.7699999827891588,False
41347,43.184998,3.72,0.7399999834597111,False
41348,43.184998,3.735,0.7599999830126762,False
41349,43.184998,3.75,0.8149999817833304,False
41350,43.184998,3.765,0.8299999814480543,False
41351,43.184998,3.78,0.9049999797716737,False
41352,43.184998,3.795,0.9699999783188105,False
41353,43.184998,3.81,1.0199999772012234,False
41354,43.184998,3.825,1.0699999760836363,False
41355,43.184998,3.84,1.099999975413084,False
41356,43.184998,3.855,1.1399999745190144,False
41357,43.184998,3.87,1.1899999734014273,False
41358,43.184998,3.885,1.2249999726191163,False
41359,43.184998,3.9,1.2649999717250466,False
41360,43.184998,3.915,1.2499999720603228,False
41361,43.184998,3.93,1.219999972730875,False
41362,43.184998,3.945,1.184999973513186,False
41363,43.184998,3.96,1.149999974295497,False
41364,43.184998,3.975,1.1249999748542905,False
41365,43.184998,3.99,1.1199999749660492,False
41366,43.184998,4.005,1.114999975077808,False
41367,43.184998,4.02,1.1399999745190144,False
41368,43.184998,4.035,1.1299999747425318,False
41369,43.184998,4.05,1.149999974295497,False
41370,43.184998,4.065,1.1799999736249447,False
41371,43.184998,4.08,1.1899999734014273,False
41372,43.184998,4.095,1.219999972730875,False
41373,43.184998,4.11,1.2399999722838402,False
41374,43.184998,4.125,1.2599999718368053,False
41375,43.184998,4.14,1.2399999722838402,False
41376,43.184998,4.155,1.2399999722838402,False
41377,43.184998,4.17,1.2249999726191163,False
41378,43.184998,4.185,1.1949999732896686,False
41379,43.184998,4.2,1.1799999736249447,False
41380,43.184998,4.215,1.1199999749660492,False
41381,43.184998,4.23,1.0699999760836363,False
41382,43.184998,4.245,1.0749999759718776,False
41383,43.184998,4.26,1.1299999747425318,False
41384,43.184998,4.275,1.1599999740719795,False
41385,43.184998,4.29,1.2249999726191163,False
41386,43.184998,4.305,1.2599999718368053,False
41387,43.184998,4.32,1.2949999710544944,False
41388,43.184998,4.335,1.2099999729543924,False
41389,43.184998,4.35,1.0849999757483602,False
41390,43.184998,4.365,0.9649999784305692,False
41391,43.184998,4.38,0.8849999802187085,False
41392,43.184998,4.395,0.8749999804422259,False
41393,43.184998,4.41,0.8849999802187085,False
41394,43.184998,4.425,0.8849999802187085,False
41395,43.184998,4.44,0.9649999784305692,False
41396,43.184998,4.455,0.8499999810010195,False
41397,43.184998,4.47,0.7999999821186066,False
41398,43.184998,4.485,0.6899999845772982,False
41399,43.184998,4.5,0.6549999853596091,False
41400,43.184998,4.515,0.6199999861419201,False
41401,43.184998,4.53,0.5949999867007136,False
41402,43.184998,4.545,0.584999986924231,False
41403,43.184998,4.56,0.5299999881535769,False
41404,43.184998,4.575,0.5049999887123704,False
41405,43.184998,4.59,0.4499999899417162,False
41406,43.184998,4.605,0.4999999888241291,False
41407,43.184998,4.62,0.5549999875947833,False
41408,43.184998,4.635,0.46499998960644007,False
41409,43.184998,4.65,0.4049999909475446,False
41410,43.184998,4.665,0.4399999901652336,False
41411,43.184998,4.68,0.47499998938292265,False
41412,43.184998,4.695,0.5399999879300594,False
41413,43.184998,4.71,0.9649999784305692,False
41414,43.184998,4.725,1.219999972730875,False
41415,43.184998,4.74,1.7249999614432454,False
41416,43.184998,4.755,3.1049999305978417,False
41417,43.184998,4.77,3.5149999214336276,False
41418,43.184998,4.785,3.8699999134987593,False
41419,43.184998,4.8,4.809999892488122,False
41420,43.184998,4.815,5.329999880865216,True
41421,43.184998,4.83,8.889999801293015,True
41422,43.184998,4.845,13.994999687187374,True
41423,43.184998,4.86,19.499999564141035,True
41424,43.184998,4.875,25.70999942533672,True
41425,43.184998,4.89,30.419999320060015,True
41426,43.184998,4.905,33.134999259375036,True
41427,43.184998,4.92,30.534999317489564,True
41428,43.184998,4.935,22.799999490380287,True
41429,43.184998,4.95,12.07999972999096,True
41430,43.184998,4.965,8.234999815933406,True
41431,43.184998,4.98,5.944999867118895,True
41432,43.184998,4.995,5.3349998807534575,True
41433,43.184998,5.01,5.214999883435667,True
41434,43.184998,5.025,5.019999887794256,False
41435,43.184998,5.04,4.814999892376363,False
41436,43.184998,5.055,4.584999897517264,False
41437,43.184998,5.07,4.2699999045580626,False
41438,43.184998,5.085,4.004999910481274,False
41439,43.184998,5.1,3.364999924786389,False
41440,43.184998,5.115,2.3949999464675784,False
41441,43.184998,5.13,1.8149999594315886,False
41442,43.184998,5.145,1.4899999666959047,False
41443,43.184998,5.16,1.169999973848462,False
41444,43.184998,5.175,1.1099999751895666,False
41445,43.184998,5.19,0.7399999834597111,False
41446,43.184998,5.205,0.5799999870359898,False
41447,43.184998,5.22,0.5399999879300594,False
41448,43.184998,5.235,0.5049999887123704,False
41449,43.184998,5.25,0.4549999898299575,False
41450,43.184998,5.265,0.4349999902769923,False
41451,43.184998,5.28,0.41999999061226845,False
41452,43.184998,5.295,0.41499999072402716,False
41453,43.184998,5.31,0.4399999901652336,False
41454,43.184998,5.325,0.4599999897181988,False
41455,43.184998,5.34,0.5049999887123704,False
41456,43.184998,5.355,0.4999999888241291,False
41457,43.184998,5.37,0.4399999901652336,False
41458,43.184998,5.385,0.394999991171062,False
41459,43.184998,5.4,0.36499999184161425,False
41460,43.184998,5.415,0.41499999072402716,False
41461,43.184998,5.43,0.36999999172985554,False
41462,43.184998,5.445,0.3849999913945794,False
41463,43.184998,5.46,0.3849999913945794,False
41464,43.184998,5.475,0.41499999072402716,False
41465,43.184998,5.49,0.394999991171062,False
41466,43.184998,5.505,0.3899999912828207,False
41467,43.184998,5.52,0.30999999307096004,False
41468,43.184998,5.535,0.2799999937415123,False
41469,43.184998,5.55,0.2799999937415123,False
41470,43.184998,5.565,,False
41471,43.184998,5.58,,False
41472,43.184998,5.595,,False
41473,43.184998,5.61,,False
41474,43.184998,5.625,0.549999987706542,False
41475,43.184998,5.64,0.3899999912828207,False
41476,43.184998,5.655,0.3999999910593033,False
41477,43.184998,5.67,,False
41478,43.184998,5.685,,False
41479,43.184998,5.7,,False
41480,43.184998,5.715,,False
41481,43.184998,5.73,,False
41482,43.184998,5.745,,False
41483,43.184998,5.76,,False
41484,43.184998,5.775,,False
41485,43.184998,5.79,,False
41486,43.184998,5.805,,False
41487,43.184998,5.82,,False
41488,43.184998,5.835,,False
41489,43.184998,5.85,,False
41490,43.184998,5.865,,False
41491,43.184998,5.88,,False
41492,43.184998,5.895,,False
41493,43.184998,5.91,,False
41494,43.184998,5.925,,False
41495,43.184998,5.94,,False
41496,43.184998,5.955,,False
41497,43.184998,5.97,,False
41498,43.184998,5.985,,False
41499,43.184998,6.0,,False
41716,43.205,3.0,,False
41717,43.205,3.015,,False
41718,43.205,3.03,,False
41719,43.205,3.045,,False
41720,43.205,3.06,,False
41721,43.205,3.075,,False
41722,43.205,3.09,,False
41723,43.205,3.105,,False
41724,43.205,3.12,,False
41725,43.205,3.135,,False
41726,43.205,3.15,,False
41727,43.205,3.165,,False
41728,43.205,3.18,,False
41729,43.205,3.195,,False
41730,43.205,3.21,,False
41731,43.205,3.225,,False
41732,43.205,3.24,,False
41733,43.205,3.255,4.059999909251928,False
41734,43.205,3.27,3.9399999119341373,False
41735,43.205,3.285,3.9399999119341373,False
41736,43.205,3.3,3.964999911375344,False
41737,43.205,3.315,4.169999906793237,False
41738,43.205,3.33,4.21999990567565,False
41739,43.205,3.345,4.14499990735203,False
41740,43.205,3.36,4.264999904669821,False
41741,43.205,3.375,4.21999990567565,False
41742,43.205,3.39,4.284999904222786,False
41743,43.205,3.405,4.174999906681478,False
41744,43.205,3.42,4.1049999082461,False
41745,43.205,3.435,4.054999909363687,False
41746,43.205,3.45,3.9299999121576548,False
41747,43.205,3.465,3.6999999172985554,False
41748,43.205,3.48,3.3899999242275953,False
41749,43.205,3.495,3.1149999303743243,False
41750,43.205,3.51,2.7199999392032623,False
41751,43.205,3.525,2.424999945797026,False
41752,43.205,3.54,2.2199999503791332,False
41753,43.205,3.555,1.889999957755208,False
41754,43.205,3.57,1.7949999598786235,False
41755,43.205,3.585,1.6799999624490738,False
41756,43.205,3.6,1.6099999640136957,False
41757,43.205,3.615,1.494999966584146,False
41758,43.205,3.63,1.3299999702721834,False
41759,43.205,3.645,1.2499999720603228,False
41760,43.205,3.66,1.1399999745190144,False
41761,43.205,3.675,1.0399999767541885,False
41762,43.205,3.69,0.9699999783188105,False
41763,43.205,3.705,0.909999979659915,False
41764,43.205,3.72,0.8799999803304672,False
41765,43.205,3.735,0.8949999799951911,False
41766,43.205,3.75,0.944999978877604,False
41767,43.205,3.765,0.9849999779835343,False
41768,43.205,3.78,1.0399999767541885,False
41769,43.205,3.795,1.0549999764189124,False
41770,43.205,3.81,1.099999975413084,False
41771,43.205,3.825,1.169999973848462,False
41772,43.205,3.84,1.2299999725073576,False
41773,43.205,3.855,1.289999971166253,False
41774,43.205,3.87,1.339999970048666,False
41775,43.205,3.885,1.3699999693781137,False
41776,43.205,3.9,1.3999999687075615,False
41777,43.205,3.915,1.424999968148768,False
41778,43.205,3.93,1.4149999683722854,False
41779,43.205,3.945,1.4149999683722854,False
41780,43.205,3.96,1.4199999682605267,False
41781,43.205,3.975,1.424999968148768,False
41782,43.205,3.99,1.4349999679252505,False
41783,43.205,4.005,1.4749999670311809,False
41784,43.205,4.02,1.5049999663606286,False
41785,43.205,4.035,1.5249999659135938,False
41786,43.205,4.05,1.5499999653548002,False
41787,43.205,4.065,1.5699999649077654,False
41788,43.205,4.08,1.6099999640136957,False
41789,43.205,4.095,1.6449999632313848,False
41790,43.205,4.11,1.66499996278435,False
41791,43.205,4.125,1.7099999617785215,False
41792,43.205,4.14,1.684999962337315,False
41793,43.205,4.155,1.7099999617785215,False
41794,43.205,4.17,1.7299999613314867,False
41795,43.205,4.185,1.7299999613314867,False
41796,43.205,4.2,1.7099999617785215,False
41797,43.205,4.215,1.7099999617785215,False
41798,43.205,4.23,1.6299999635666609,False
41799,43.205,4.245,1.6099999640136957,False
41800,43.205,4.26,1.564999965019524,False
41801,43.205,4.275,1.544999965466559,False
41802,43.205,4.29,1.5749999647960067,False
41803,43.205,4.305,1.579999964684248,False
41804,43.205,4.32,1.5849999645724893,False
41805,43.205,4.335,1.4849999668076634,False
41806,43.205,4.35,1.3799999691545963,False
41807,43.205,4.365,1.269999971613288,False
41808,43.205,4.38,1.2599999718368053,False
41809,43.205,4.395,1.2399999722838402,False
41810,43.205,4.41,1.2849999712780118,False
41811,43.205,4.425,1.2849999712780118,False
41812,43.205,4.44,1.2499999720603228,False
41813,43.205,4.455,1.2049999730661511,False
41814,43.205,4.47,1.114999975077808,False
41815,43.205,4.485,1.0249999770894647,False
41816,43.205,4.5,0.9149999795481563,False
41817,43.205,4.515,0.8699999805539846,False
41818,43.205,4.53,0.8399999812245369,False
41819,43.205,4.545,0.9049999797716737,False
41820,43.205,4.56,0.8749999804422259,False
41821,43.205,4.575,0.909999979659915,False
41822,43.205,4.59,1.014999977312982,False
41823,43.205,4.605,1.0449999766424298,False
41824,43.205,4.62,1.0499999765306711,False
41825,43.205,4.635,1.014999977312982,False
41826,43.205,4.65,0.8499999810010195,False
41827,43.205,4.665,0.8899999801069498,False
41828,43.205,4.68,1.0849999757483602,False
41829,43.205,4.695,1.149999974295497,False
41830,43.205,4.71,1.6699999626725912,False
41831,43.205,4.725,2.1399999521672726,False
41832,43.205,4.74,3.67999991774559,False
41833,43.205,4.755,4.489999899640679,False
41834,43.205,4.77,4.789999892935157,False
41835,43.205,4.785,4.7849998930469155,False
41836,43.205,4.8,5.224999883212149,True
41837,43.205,4.815,7.169999839738011,True
41838,43.205,4.83,10.979999754577875,True
41839,43.205,4.845,22.684999492950737,True
41840,43.205,4.86,32.554999272339046,True
41841,43.205,4.875,36.579999182373285,True
41842,43.205,4.89,39.54999911598861,True
41843,43.205,4.905,37.90999915264547,True
41844,43.205,4.92,34.2449992345646,True
41845,43.205,4.935,23.77499946858734,True
41846,43.205,4.95,14.469999676570296,True
41847,43.205,4.965,8.694999805651605,True
41848,43.205,4.98,6.239999860525131,True
41849,43.205,4.995,5.004999888129532,False
41850,43.205,5.01,4.809999892488122,False
41851,43.205,5.025,4.68499989528209,False
41852,43.205,5.04,4.514999899081886,False
41853,43.205,5.055,4.29999990388751,False
41854,43.205,5.07,3.2599999271333218,False
41855,43.205,5.085,2.954999933950603,False
41856,43.205,5.1,2.819999936968088,False
41857,43.205,5.115,2.024999954737723,False
41858,43.205,5.13,1.66499996278435,False
41859,43.205,5.145,1.4749999670311809,False
41860,43.205,5.16,1.2849999712780118,False
41861,43.205,5.175,1.1449999744072556,False
41862,43.205,5.19,0.9649999784305692,False
41863,43.205,5.205,0.789999982342124,False
41864,43.205,5.22,0.6049999864771962,False
41865,43.205,5.235,0.48499998915940523,False
41866,43.205,5.25,0.46999998949468136,False
41867,43.205,5.265,0.4949999889358878,False
41868,43.205,5.28,0.4949999889358878,False
41869,43.205,5.295,0.514999988488853,False
41870,43.205,5.31,0.5349999880418181,False
41871,43.205,5.325,0.6049999864771962,False
41872,43.205,5.34,0.7149999840185046,False
41873,43.205,5.355,0.669999985024333,False
41874,43.205,5.37,0.4999999888241291,False
41875,43.205,5.385,0.46999998949468136,False
41876,43.205,5.4,0.3999999910593033,False
41877,43.205,5.415,0.3499999921768904,False
41878,43.205,5.43,0.30999999307096004,False
41879,43.205,5.445,0.3199999928474426,False
41880,43.205,5.46,0.3399999924004078,False
41881,43.205,5.475,0.3399999924004078,False
41882,43.205,5.49,,False
41883,43.205,5.505,,False
41884,43.205,5.52,0.24999999441206455,False
41885,43.205,5.535,0.2799999937415123,False
41886,43.205,5.55,,False
41887,43.205,5.565,,False
41888,43.205,5.58,,False
41889,43.205,5.595,,False
41890,43.205,5.61,,False
41891,43.205,5.625,,False
41892,43.205,5.64,,False
41893,43.205,5.655,,False
41894,43.205,5.67,,False
41895,43.205,5.685,,False
41896,43.205,5.7,,False
41897,43.205,5.715,,False
41898,43.205,5.73,,False
41899,43.205,5.745,,False
41900,43.205,5.76,,False
41901,43.205,5.775,,False
41902,43.205,5.79,,False
41903,43.205,5.805,,False
41904,43.205,5.82,,False
41905,43.205,5.835,,False
41906,43.205,5.85,,False
41907,43.205,5.865,,False
41908,43.205,5.88,,False
41909,43.205,5.895,,False
41910,43.205,5.91,,False
41911,43.205,5.925,,False
41912,43.205,5.94,,False
41913,43.205,5.955,,False
41914,43.205,5.97,,False
41915,43.205,5.985,,False
41916,43.205,6.0,,False
42133,43.225,3.0,,False
42134,43.225,3.015,,False
42135,43.225,3.03,,False
42136,43.225,3.045,,False
42137,43.225,3.06,,False
42138,43.225,3.075,,False
42139,43.225,3.09,,False
42140,43.225,3.105,,False
42141,43.225,3.12,,False
42142,43.225,3.135,,False
42143,43.225,3.15,,False
42144,43.225,3.165,,False
42145,43.225,3.18,,False
42146,43.225,3.195,,False
42147,43.225,3.21,,False
42148,43.225,3.225,,False
42149,43.225,3.24,,False
42150,43.225,3.255,,False
42151,43.225,3.27,3.899999912828207,False
42152,43.225,3.285,3.9299999121576548,False
42153,43.225,3.3,4.154999907128513,False
42154,43.225,3.315,4.169999906793237,False
42155,43.225,3.33,4.3899999018758535,False
42156,43.225,3.345,4.444999900646508,False
42157,43.225,3.36,4.544999898411334,False
42158,43.225,3.375,4.614999896846712,False
42159,43.225,3.39,4.889999890699983,False
42160,43.225,3.405,5.159999884665012,False
42161,43.225,3.42,5.199999883770943,False
42162,43.225,3.435,5.224999883212149,False
42163,43.225,3.45,5.349999880418181,False
42164,43.225,3.465,5.4199998788535595,False
42165,43.225,3.48,5.1449998850002885,False
42166,43.225,3.495,4.964999889023602,False
42167,43.225,3.51,4.6299998965114355,False
42168,43.225,3.525,3.9899999108165503,False
42169,43.225,3.54,3.279999926686287,False
42170,43.225,3.555,2.7099999394267797,False
42171,43.225,3.57,2.1249999525025487,False
42172,43.225,3.585,1.8299999590963125,False
42173,43.225,3.6,1.7449999609962106,False
42174,43.225,3.615,1.6449999632313848,False
42175,43.225,3.63,1.579999964684248,False
42176,43.225,3.645,1.4899999666959047,False
42177,43.225,3.66,1.424999968148768,False
42178,43.225,3.675,1.304999970830977,False
42179,43.225,3.69,1.2149999728426337,False
42180,43.225,3.705,1.149999974295497,False
42181,43.225,3.72,1.114999975077808,False
42182,43.225,3.735,1.1249999748542905,False
42183,43.225,3.75,1.1299999747425318,False
42184,43.225,3.765,1.1649999739602208,False
42185,43.225,3.78,1.1799999736249447,False
42186,43.225,3.795,1.1999999731779099,False
42187,43.225,3.81,1.2349999723955989,False
42188,43.225,3.825,1.3099999707192183,False
42189,43.225,3.84,1.389999968931079,False
42190,43.225,3.855,1.424999968148768,False
42191,43.225,3.87,1.459999967366457,False
42192,43.225,3.885,1.494999966584146,False
42193,43.225,3.9,1.5349999656900764,False
42194,43.225,3.915,1.5699999649077654,False
42195,43.225,3.93,1.5999999642372131,False
42196,43.225,3.945,1.6199999637901783,False
42197,43.225,3.96,1.66499996278435,False
42198,43.225,3.975,1.7099999617785215,False
42199,43.225,3.99,1.7249999614432454,False
42200,43.225,4.005,1.7499999608844519,False
42201,43.225,4.02,1.7899999599903822,False
42202,43.225,4.035,1.8149999594315886,False
42203,43.225,4.05,1.8449999587610364,False
42204,43.225,4.065,1.8599999584257603,False
42205,43.225,4.08,1.8749999580904841,False
42206,43.225,4.095,1.9049999574199319,False
42207,43.225,4.11,1.889999957755208,False
42208,43.225,4.125,1.8949999576434493,False
42209,43.225,4.14,1.9149999571964145,False
42210,43.225,4.155,1.9149999571964145,False
42211,43.225,4.17,1.9449999565258622,False
42212,43.225,4.185,1.9699999559670687,False
42213,43.225,4.2,1.959999956190586,False
42214,43.225,4.215,1.9949999554082751,False
42215,43.225,4.23,1.9699999559670687,False
42216,43.225,4.245,1.8999999575316906,False
42217,43.225,4.26,1.839999958872795,False
42218,43.225,4.275,1.7799999602138996,False
42219,43.225,4.29,1.7399999611079693,False
42220,43.225,4.305,1.6899999622255564,False
42221,43.225,4.32,1.6249999636784196,False
42222,43.225,4.335,1.5699999649077654,False
42223,43.225,4.35,1.5049999663606286,False
42224,43.225,4.365,1.4749999670311809,False
42225,43.225,4.38,1.4199999682605267,False
42226,43.225,4.395,1.389999968931079,False
42227,43.225,4.41,1.4149999683722854,False
42228,43.225,4.425,1.4499999675899744,False
42229,43.225,4.44,1.4199999682605267,False
42230,43.225,4.455,1.4349999679252505,False
42231,43.225,4.47,1.3949999688193202,False
42232,43.225,4.485,1.2499999720603228,False
42233,43.225,4.5,1.1649999739602208,False
42234,43.225,4.515,1.1749999737367034,False
42235,43.225,4.53,1.099999975413084,False
42236,43.225,4.545,1.1949999732896686,False
42237,43.225,4.56,1.254999971948564,False
42238,43.225,4.575,1.4349999679252505,False
42239,43.225,4.59,1.6699999626725912,False
42240,43.225,4.605,1.889999957755208,False
42241,43.225,4.62,1.8999999575316906,False
42242,43.225,4.635,1.81999995931983,False
42243,43.225,4.65,1.7899999599903822,False
42244,43.225,4.665,1.8099999595433474,False
42245,43.225,4.68,2.024999954737723,False
42246,43.225,4.695,1.9799999557435513,False
42247,43.225,4.71,2.0999999530613422,False
42248,43.225,4.725,3.914999912492931,False
42249,43.225,4.74,5.359999880194664,True
42250,43.225,4.755,5.3849998796358705,True
42251,43.225,4.77,5.159999884665012,False
42252,43.225,4.785,5.064999886788428,False
42253,43.225,4.8,5.439999878406525,True
42254,43.225,4.815,9.699999783188105,True
42255,43.225,4.83,17.319999612867832,True
42256,43.225,4.845,42.17499905731529,True
42257,43.225,4.86,59.694998665712774,True
42258,43.225,4.875,73.49499835725874,True
42259,43.225,4.89,56.254998742602766,True
42260,43.225,4.905,60.45999864861369,True
42261,43.225,4.92,40.12499910313636,True
42262,43.225,4.935,27.409999387338758,True
42263,43.225,4.95,17.254999614320695,True
42264,43.225,4.965,9.689999783411622,True
42265,43.225,4.98,5.6599998734891415,True
42266,43.225,4.995,4.754999893717468,False
42267,43.225,5.01,4.519999898970127,False
42268,43.225,5.025,4.3549999026581645,False
42269,43.225,5.04,2.4849999444559216,False
42270,43.225,5.055,2.229999950155616,False
42271,43.225,5.07,2.0549999540671706,False
42272,43.225,5.085,1.81999995931983,False
42273,43.225,5.1,1.529999965801835,False
42274,43.225,5.115,1.2749999715015292,False
42275,43.225,5.13,1.494999966584146,False
42276,43.225,5.145,1.6299999635666609,False
42277,43.225,5.16,1.2599999718368053,False
42278,43.225,5.175,1.0449999766424298,False
42279,43.225,5.19,0.8899999801069498,False
42280,43.225,5.205,0.754999983124435,False
42281,43.225,5.22,0.634999985806644,False
42282,43.225,5.235,0.6149999862536788,False
42283,43.225,5.25,0.5899999868124723,False
42284,43.225,5.265,0.584999986924231,False
42285,43.225,5.28,0.5699999872595072,False
42286,43.225,5.295,0.6049999864771962,False
42287,43.225,5.31,0.7649999829009175,False
42288,43.225,5.325,0.8999999798834324,False
42289,43.225,5.34,1.0549999764189124,False
42290,43.225,5.355,1.1299999747425318,False
42291,43.225,5.37,,False
42292,43.225,5.385,,False
42293,43.225,5.4,,False
42294,43.225,5.415,,False
42295,43.225,5.43,,False
42296,43.225,5.445,,False
42297,43.225,5.46,,False
42298,43.225,5.475,,False
42299,43.225,5.49,,False
42300,43.225,5.505,,False
42301,43.225,5.52,,False
42302,43.225,5.535,,False
42303,43.225,5.55,,False
42304,43.225,5.565,,False
42305,43.225,5.58,,False
42306,43.225,5.595,,False
42307,43.225,5.61,,False
42308,43.225,5.625,,False
42309,43.225,5.64,,False
42310,43.225,5.655,,False
42311,43.225,5.67,,False
42312,43.225,5.685,,False
42313,43.225,5.7,,False
42314,43.225,5.715,,False
42315,43.225,5.73,,False
42316,43.225,5.745,,False
42317,43.225,5.76,,False
42318,43.225,5.775,,False
42319,43.225,5.79,,False
42320,43.225,5.805,,False
42321,43.225,5.82,,False
42322,43.225,5.835,,False
42323,43.225,5.85,,False
42324,43.225,5.865,,False
42325,43.225,5.88,,False
42326,43.225,5.895,,False
42327,43.225,5.91,,False
42328,43.225,5.925,,False
42329,43.225,5.94,,False
42330,43.225,5.955,,False
42331,43.225,5.97,,False
42332,43.225,5.985,,False
42333,43.225,6.0,,False
42550,43.245003,3.0,,False
42551,43.245003,3.015,,False
42552,43.245003,3.03,,False
42553,43.245003,3.045,,False
42554,43.245003,3.06,,False
42555,43.245003,3.075,,False
42556,43.245003,3.09,,False
42557,43.245003,3.105,,False
42558,43.245003,3.12,,False
42559,43.245003,3.135,,False
42560,43.245003,3.15,,False
42561,43.245003,3.165,,False
42562,43.245003,3.18,,False
42563,43.245003,3.195,,False
42564,43.245003,3.21,,False
42565,43.245003,3.225,,False
42566,43.245003,3.24,,False
42567,43.245003,3.255,,False
42568,43.245003,3.27,,False
42569,43.245003,3.285,,False
42570,43.245003,3.3,4.25999990478158,False
42571,43.245003,3.315,4.089999908581376,False
42572,43.245003,3.33,4.45499990042299,False
42573,43.245003,3.345,4.719999894499779,False
42574,43.245003,3.36,4.734999894164503,False
42575,43.245003,3.375,4.794999892823398,False
42576,43.245003,3.39,4.954999889247119,False
42577,43.245003,3.405,5.084999886341393,False
42578,43.245003,3.42,5.239999882876873,False
42579,43.245003,3.435,5.544999876059592,False
42580,43.245003,3.45,5.6949998727068305,False
42581,43.245003,3.465,5.914999867789447,False
42582,43.245003,3.48,5.984999866224825,False
42583,43.245003,3.495,5.9349998673424125,False
42584,43.245003,3.51,5.6549998736009,False
42585,43.245003,3.525,5.354999880306423,False
42586,43.245003,3.54,4.679999895393848,False
42587,43.245003,3.555,3.7749999156221747,False
42588,43.245003,3.57,2.9099999349564314,False
42589,43.245003,3.585,2.369999947026372,False
42590,43.245003,3.6,1.939999956637621,False
42591,43.245003,3.615,1.8349999589845538,False
42592,43.245003,3.63,1.7399999611079693,False
42593,43.245003,3.645,1.6799999624490738,False
42594,43.245003,3.66,1.6749999625608325,False
42595,43.245003,3.675,1.5949999643489718,False
42596,43.245003,3.69,1.4999999664723873,False
42597,43.245003,3.705,1.3999999687075615,False
42598,43.245003,3.72,1.3499999698251486,False
42599,43.245003,3.735,1.3299999702721834,False
42600,43.245003,3.75,1.2749999715015292,False
42601,43.245003,3.765,1.254999971948564,False
42602,43.245003,3.78,1.219999972730875,False
42603,43.245003,3.795,1.2299999725073576,False
42604,43.245003,3.81,1.2849999712780118,False
42605,43.245003,3.825,1.3649999694898725,False
42606,43.245003,3.84,1.4699999671429396,False
42607,43.245003,3.855,1.5199999660253525,False
42608,43.245003,3.87,1.5849999645724893,False
42609,43.245003,3.885,1.5949999643489718,False
42610,43.245003,3.9,1.6249999636784196,False
42611,43.245003,3.915,1.6749999625608325,False
42612,43.245003,3.93,1.7249999614432454,False
42613,43.245003,3.945,1.7649999605491757,False
42614,43.245003,3.96,1.8099999595433474,False
42615,43.245003,3.975,1.8749999580904841,False
42616,43.245003,3.99,1.9299999568611383,False
42617,43.245003,4.005,1.9549999563023448,False
42618,43.245003,4.02,1.97499995585531,False
42619,43.245003,4.035,2.0199999548494816,False
42620,43.245003,4.05,2.0149999549612403,False
42621,43.245003,4.065,1.9849999556317925,False
42622,43.245003,4.08,1.9699999559670687,False
42623,43.245003,4.095,1.9449999565258622,False
42624,43.245003,4.11,1.9349999567493796,False
42625,43.245003,4.125,1.924999956972897,False
42626,43.245003,4.14,1.9149999571964145,False
42627,43.245003,4.155,1.889999957755208,False
42628,43.245003,4.17,1.8999999575316906,False
42629,43.245003,4.185,1.939999956637621,False
42630,43.245003,4.2,1.9549999563023448,False
42631,43.245003,4.215,1.9499999564141035,False
42632,43.245003,4.23,1.9299999568611383,False
42633,43.245003,4.245,1.889999957755208,False
42634,43.245003,4.26,1.8299999590963125,False
42635,43.245003,4.275,1.7949999598786235,False
42636,43.245003,4.29,1.7249999614432454,False
42637,43.245003,4.305,1.6549999630078673,False
42638,43.245003,4.32,1.564999965019524,False
42639,43.245003,4.335,1.4749999670311809,False
42640,43.245003,4.35,1.4449999677017331,False
42641,43.245003,4.365,1.409999968484044,False
42642,43.245003,4.38,1.389999968931079,False
42643,43.245003,4.395,1.4349999679252505,False
42644,43.245003,4.41,1.4749999670311809,False
42645,43.245003,4.425,1.5199999660253525,False
42646,43.245003,4.44,1.4999999664723873,False
42647,43.245003,4.455,1.5249999659135938,False
42648,43.245003,4.47,1.5699999649077654,False
42649,43.245003,4.485,1.6099999640136957,False
42650,43.245003,4.5,1.6199999637901783,False
42651,43.245003,4.515,1.544999965466559,False
42652,43.245003,4.53,1.6099999640136957,False
42653,43.245003,4.545,1.684999962337315,False
42654,43.245003,4.56,1.7899999599903822,False
42655,43.245003,4.575,2.044999954290688,False
42656,43.245003,4.59,2.3449999475851655,False
42657,43.245003,4.605,2.504999944008887,False
42658,43.245003,4.62,2.6699999403208494,False
42659,43.245003,4.635,2.6549999406561255,False
42660,43.245003,4.65,2.5999999418854713,False
42661,43.245003,4.665,2.5849999422207475,False
42662,43.245003,4.68,2.59499994199723,False
42663,43.245003,4.695,3.294999926351011,False
42664,43.245003,4.71,3.2699999269098043,False
42665,43.245003,4.725,5.6549998736009,True
42666,43.245003,4.74,5.484999877400696,True
42667,43.245003,4.755,5.594999874942005,True
42668,43.245003,4.77,5.624999874271452,True
42669,43.245003,4.785,5.409999879077077,True
42670,43.245003,4.8,7.004999843426049,True
42671,43.245003,4.815,18.97999957576394,True
42672,43.245003,4.83,28.864999354816973,True
42673,43.245003,4.845,144.54499676916748,True
42674,43.245003,4.86,130.52999708242714,True
42675,43.245003,4.875,176.62999605201185,True
42676,43.245003,4.89,125.83999718725681,True
42677,43.245003,4.905,135.67499696742743,True
42678,43.245003,4.92,60.14499865565449,True
42679,43.245003,4.935,34.3899992313236,True
42680,43.245003,4.95,20.48999954201281,True
42681,43.245003,4.965,9.554999786429107,True
42682,43.245003,4.98,5.724999872036278,True
42683,43.245003,4.995,4.699999894946814,False
42684,43.245003,5.01,4.3899999018758535,False
42685,43.245003,5.025,4.189999906346202,False
42686,43.245003,5.04,3.089999930933118,False
42687,43.245003,5.055,2.0849999533966184,False
42688,43.245003,5.07,1.939999956637621,False
42689,43.245003,5.085,1.6449999632313848,False
42690,43.245003,5.1,1.3699999693781137,False
42691,43.245003,5.115,1.0599999763071537,False
42692,43.245003,5.13,0.9699999783188105,False
42693,43.245003,5.145,0.8849999802187085,False
42694,43.245003,5.16,0.7249999837949872,False
42695,43.245003,5.175,0.7199999839067459,False
42696,43.245003,5.19,0.6199999861419201,False
42697,43.245003,5.205,0.6899999845772982,False
42698,43.245003,5.22,0.7449999833479524,False
42699,43.245003,5.235,0.7149999840185046,False
42700,43.245003,5.25,0.6999999843537807,False
42701,43.245003,5.265,0.6749999849125743,False
42702,43.245003,5.28,0.6749999849125743,False
42703,43.245003,5.295,0.7299999836832285,False
42704,43.245003,5.31,0.7749999826774001,False
42705,43.245003,5.325,0.9399999789893627,False
42706,43.245003,5.34,1.0699999760836363,False
42707,43.245003,5.355,1.1299999747425318,False
42708,43.245003,5.37,,False
42709,43.245003,5.385,,False
42710,43.245003,5.4,,False
42711,43.245003,5.415,,False
42712,43.245003,5.43,,False
42713,43.245003,5.445,,False
42714,43.245003,5.46,,False
42715,43.245003,5.475,,False
42716,43.245003,5.49,,False
42717,43.245003,5.505,,False
42718,43.245003,5.52,,False
42719,43.245003,5.535,,False
42720,43.245003,5.55,,False
42721,43.245003,5.565,,False
42722,43.245003,5.58,,False
42723,43.245003,5.595,,False
42724,43.245003,5.61,,False
42725,43.245003,5.625,,False
42726,43.245003,5.64,,False
42727,43.245003,5.655,,False
42728,43.245003,5.67,,False
42729,43.245003,5.685,,False
42730,43.245003,5.7,,False
42731,43.245003,5.715,,False
42732,43.245003,5.73,,False
42733,43.245003,5.745,,False
42734,43.245003,5.76,,False
42735,43.245003,5.775,,False
42736,43.245003,5.79,,False
42737,43.245003,5.805,,False
42738,43.245003,5.82,,False
42739,43.245003,5.835,,False
42740,43.245003,5.85,,False
42741,43.245003,5.865,,False
42742,43.245003,5.88,,False
42743,43.245003,5.895,,False
42744,43.245003,5.91,,False
42745,43.245003,5.925,,False
42746,43.245003,5.94,,False
42747,43.245003,5.955,,False
42748,43.245003,5.97,,False
42749,43.245003,5.985,,False
42750,43.245003,6.0,,False
42967,43.265,3.0,,False
42968,43.265,3.015,,False
42969,43.265,3.03,,False
42970,43.265,3.045,,False
42971,43.265,3.06,,False
42972,43.265,3.075,,False
42973,43.265,3.09,,False
42974,43.265,3.105,,False
42975,43.265,3.12,,False
42976,43.265,3.135,,False
42977,43.265,3.15,,False
42978,43.265,3.165,,False
42979,43.265,3.18,,False
42980,43.265,3.195,,False
42981,43.265,3.21,,False
42982,43.265,3.225,,False
42983,43.265,3.24,,False
42984,43.265,3.255,,False
42985,43.265,3.27,,False
42986,43.265,3.285,,False
42987,43.265,3.3,,False
42988,43.265,3.315,,False
42989,43.265,3.33,,False
42990,43.265,3.345,4.849999891594052,False
42991,43.265,3.36,4.419999901205301,False
42992,43.265,3.375,4.809999892488122,False
42993,43.265,3.39,4.83999989181757,False
42994,43.265,3.405,4.984999888576567,False
42995,43.265,3.42,5.294999881647527,False
42996,43.265,3.435,5.254999882541597,False
42997,43.265,3.45,5.584999875165522,False
42998,43.265,3.465,5.619999874383211,False
42999,43.265,3.48,6.07999986410141,False
43000,43.265,3.495,6.289999859407544,False
43001,43.265,3.51,5.914999867789447,False
43002,43.265,3.525,5.6949998727068305,False
43003,43.265,3.54,5.514999876730144,False
43004,43.265,3.555,4.864999891258776,False
43005,43.265,3.57,3.984999910928309,False
43006,43.265,3.585,3.05999993160367,False
43007,43.265,3.6,2.389999946579337,False
43008,43.265,3.615,1.9499999564141035,False
43009,43.265,3.63,1.769999960437417,False
43010,43.265,3.645,1.81999995931983,False
43011,43.265,3.66,1.6899999622255564,False
43012,43.265,3.675,1.579999964684248,False
43013,43.265,3.69,1.5499999653548002,False
43014,43.265,3.705,1.4749999670311809,False
43015,43.265,3.72,1.409999968484044,False
43016,43.265,3.735,1.289999971166253,False
43017,43.265,3.75,1.2249999726191163,False
43018,43.265,3.765,1.2099999729543924,False
43019,43.265,3.78,1.1649999739602208,False
43020,43.265,3.795,1.149999974295497,False
43021,43.265,3.81,1.1549999741837382,False
43022,43.265,3.825,1.2299999725073576,False
43023,43.265,3.84,1.3449999699369073,False
43024,43.265,3.855,1.4449999677017331,False
43025,43.265,3.87,1.4799999669194221,False
43026,43.265,3.885,1.529999965801835,False
43027,43.265,3.9,1.6049999641254544,False
43028,43.265,3.915,1.6799999624490738,False
43029,43.265,3.93,1.7549999607726932,False
43030,43.265,3.945,1.8349999589845538,False
43031,43.265,3.96,1.9149999571964145,False
43032,43.265,3.975,1.97499995585531,False
43033,43.265,3.99,2.0699999537318945,False
43034,43.265,4.005,2.12999995239079,False
43035,43.265,4.02,2.1199999526143074,False
43036,43.265,4.035,2.0999999530613422,False
43037,43.265,4.05,2.0549999540671706,False
43038,43.265,4.065,2.0149999549612403,False
43039,43.265,4.08,1.9699999559670687,False
43040,43.265,4.095,1.9549999563023448,False
43041,43.265,4.11,1.9499999564141035,False
43042,43.265,4.125,1.8799999579787254,False
43043,43.265,4.14,1.8449999587610364,False
43044,43.265,4.155,1.81999995931983,False
43045,43.265,4.17,1.8299999590963125,False
43046,43.265,4.185,1.8349999589845538,False
43047,43.265,4.2,1.8349999589845538,False
43048,43.265,4.215,1.8299999590963125,False
43049,43.265,4.23,1.7899999599903822,False
43050,43.265,4.245,1.804999959655106,False
43051,43.265,4.26,1.769999960437417,False
43052,43.265,4.275,1.66499996278435,False
43053,43.265,4.29,1.6099999640136957,False
43054,43.265,4.305,1.50999996624887,False
43055,43.265,4.32,1.4299999680370092,False
43056,43.265,4.335,1.339999970048666,False
43057,43.265,4.35,1.304999970830977,False
43058,43.265,4.365,1.3099999707192183,False
43059,43.265,4.38,1.3649999694898725,False
43060,43.265,4.395,1.374999969266355,False
43061,43.265,4.41,1.4299999680370092,False
43062,43.265,4.425,1.5349999656900764,False
43063,43.265,4.44,1.5399999655783176,False
43064,43.265,4.455,1.564999965019524,False
43065,43.265,4.47,1.6599999628961086,False
43066,43.265,4.485,1.8149999594315886,False
43067,43.265,4.5,1.924999956972897,False
43068,43.265,4.515,2.044999954290688,False
43069,43.265,4.53,2.1249999525025487,False
43070,43.265,4.545,2.2399999499320984,False
43071,43.265,4.56,2.2799999490380287,False
43072,43.265,4.575,2.504999944008887,False
43073,43.265,4.59,2.7749999379739165,False
43074,43.265,4.605,3.0299999322742224,False
43075,43.265,4.62,3.294999926351011,False
43076,43.265,4.635,3.364999924786389,False
43077,43.265,4.65,3.5599999204277992,False
43078,43.265,4.665,3.519999921321869,False
43079,43.265,4.68,3.7199999168515205,False
43080,43.265,4.695,3.8899999130517244,False
43081,43.265,4.71,5.094999886117876,False
43082,43.265,4.725,5.139999885112047,False
43083,43.265,4.74,5.194999883882701,True
43084,43.265,4.755,5.169999884441495,False
43085,43.265,4.77,4.909999890252948,False
43086,43.265,4.785,5.044999887235463,False
43087,43.265,4.8,12.134999728761613,True
43088,43.265,4.815,22.529999496415257,True
43089,43.265,4.83,92.13499794062227,True
43090,43.265,4.845,82.62999815307558,True
43091,43.265,4.86,299.62499330285937,True
43092,43.265,4.875,298.70499332342297,True
43093,43.265,4.89,280.5449937293306,True
43094,43.265,4.905,200.53499551769346,True
43095,43.265,4.92,137.91499691735953,True
43096,43.265,4.935,54.9999987706542,True
43097,43.265,4.95,25.729999424889684,True
43098,43.265,4.965,11.204999749548733,True
43099,43.265,4.98,6.014999865554273,True
43100,43.265,4.995,4.849999891594052,False
43101,43.265,5.01,4.499999899417162,False
43102,43.265,5.025,4.204999906010926,False
43103,43.265,5.04,3.8349999142810702,False
43104,43.265,5.055,2.8449999364092946,False
43105,43.265,5.07,1.9349999567493796,False
43106,43.265,5.085,1.7299999613314867,False
43107,43.265,5.1,1.3249999703839421,False
43108,43.265,5.115,1.0399999767541885,False
43109,43.265,5.13,0.8799999803304672,False
43110,43.265,5.145,0.7199999839067459,False
43111,43.265,5.16,0.6449999855831265,False
43112,43.265,5.175,0.5699999872595072,False
43113,43.265,5.19,0.5299999881535769,False
43114,43.265,5.205,0.4949999889358878,False
43115,43.265,5.22,0.4999999888241291,False
43116,43.265,5.235,0.584999986924231,False
43117,43.265,5.25,0.7149999840185046,False
43118,43.265,5.265,0.7699999827891588,False
43119,43.265,5.28,0.8199999816715717,False
43120,43.265,5.295,0.6449999855831265,False
43121,43.265,5.31,0.6649999851360917,False
43122,43.265,5.325,0.8399999812245369,False
43123,43.265,5.34,0.6149999862536788,False
43124,43.265,5.355,0.9599999785423279,False
43125,43.265,5.37,,False
43126,43.265,5.385,,False
43127,43.265,5.4,,False
43128,43.265,5.415,,False
43129,43.265,5.43,,False
43130,43.265,5.445,,False
43131,43.265,5.46,,False
43132,43.265,5.475,,False
43133,43.265,5.49,,False
43134,43.265,5.505,,False
43135,43.265,5.52,,False
43136,43.265,5.535,,False
43137,43.265,5.55,,False
43138,43.265,5.565,,False
43139,43.265,5.58,,False
43140,43.265,5.595,,False
43141,43.265,5.61,,False
43142,43.265,5.625,,False
43143,43.265,5.64,,False
43144,43.265,5.655,,False
43145,43.265,5.67,,False
43146,43.265,5.685,,False
43147,43.265,5.7,,False
43148,43.265,5.715,,False
43149,43.265,5.73,,False
43150,43.265,5.745,,False
43151,43.265,5.76,,False
43152,43.265,5.775,,False
43153,43.265,5.79,,False
43154,43.265,5.805,,False
43155,43.265,5.82,,False
43156,43.265,5.835,,False
43157,43.265,5.85,,False
43158,43.265,5.865,,False
43159,43.265,5.88,,False
43160,43.265,5.895,,False
43161,43.265,5.91,,False
43162,43.265,5.925,,False
43163,43.265,5.94,,False
43164,43.265,5.955,,False
43165,43.265,5.97,,False
43166,43.265,5.985,,False
43167,43.265,6.0,,False
43384,43.285,3.0,,False
43385,43.285,3.015,,False
43386,43.285,3.03,,False
43387,43.285,3.045,,False
43388,43.285,3.06,,False
43389,43.285,3.075,,False
43390,43.285,3.09,,False
43391,43.285,3.105,,False
43392,43.285,3.12,,False
43393,43.285,3.135,,False
43394,43.285,3.15,,False
43395,43.285,3.165,,False
43396,43.285,3.18,,False
43397,43.285,3.195,,False
43398,43.285,3.21,,False
43399,43.285,3.225,,False
43400,43.285,3.24,,False
43401,43.285,3.255,,False
43402,43.285,3.27,,False
43403,43.285,3.285,,False
43404,43.285,3.3,,False
43405,43.285,3.315,,False
43406,43.285,3.33,,False
43407,43.285,3.345,,False
43408,43.285,3.36,,False
43409,43.285,3.375,,False
43410,43.285,3.39,5.119999885559082,False
43411,43.285,3.405,4.719999894499779,False
43412,43.285,3.42,5.009999888017774,False
43413,43.285,3.435,5.249999882653356,False
43414,43.285,3.45,4.999999888241291,False
43415,43.285,3.465,,False
43416,43.285,3.48,,False
43417,43.285,3.495,,False
43418,43.285,3.51,,False
43419,43.285,3.525,5.939999867230654,False
43420,43.285,3.54,5.624999874271452,False
43421,43.285,3.555,5.259999882429838,False
43422,43.285,3.57,4.854999891482294,False
43423,43.285,3.585,4.344999902881682,False
43424,43.285,3.6,3.659999918192625,False
43425,43.285,3.615,3.0149999326094985,False
43426,43.285,3.63,2.3999999463558197,False
43427,43.285,3.645,2.1549999518319964,False
43428,43.285,3.66,1.9699999559670687,False
43429,43.285,3.675,1.8949999576434493,False
43430,43.285,3.69,1.7399999611079693,False
43431,43.285,3.705,1.5499999653548002,False
43432,43.285,3.72,1.4399999678134918,False
43433,43.285,3.735,1.2649999717250466,False
43434,43.285,3.75,1.169999973848462,False
43435,43.285,3.765,1.2299999725073576,False
43436,43.285,3.78,1.149999974295497,False
43437,43.285,3.795,1.184999973513186,False
43438,43.285,3.81,1.2099999729543924,False
43439,43.285,3.825,1.2299999725073576,False
43440,43.285,3.84,1.289999971166253,False
43441,43.285,3.855,1.3099999707192183,False
43442,43.285,3.87,1.3449999699369073,False
43443,43.285,3.885,1.4399999678134918,False
43444,43.285,3.9,1.5199999660253525,False
43445,43.285,3.915,1.614999963901937,False
43446,43.285,3.93,1.6949999621137977,False
43447,43.285,3.945,1.7949999598786235,False
43448,43.285,3.96,1.9199999570846558,False
43449,43.285,3.975,2.024999954737723,False
43450,43.285,3.99,2.094999953173101,False
43451,43.285,4.005,2.1599999517202377,False
43452,43.285,4.02,2.1549999518319964,False
43453,43.285,4.035,2.114999952726066,False
43454,43.285,4.05,2.0849999533966184,False
43455,43.285,4.065,2.0699999537318945,False
43456,43.285,4.08,2.0049999551847577,False
43457,43.285,4.095,1.9649999560788274,False
43458,43.285,4.11,1.924999956972897,False
43459,43.285,4.125,1.9099999573081732,False
43460,43.285,4.14,1.8499999586492777,False
43461,43.285,4.155,1.8249999592080712,False
43462,43.285,4.17,1.804999959655106,False
43463,43.285,4.185,1.7549999607726932,False
43464,43.285,4.2,1.7449999609962106,False
43465,43.285,4.215,1.7549999607726932,False
43466,43.285,4.23,1.7649999605491757,False
43467,43.285,4.245,1.7449999609962106,False
43468,43.285,4.26,1.699999962002039,False
43469,43.285,4.275,1.6249999636784196,False
43470,43.285,4.29,1.5849999645724893,False
43471,43.285,4.305,1.4649999672546983,False
43472,43.285,4.32,1.4399999678134918,False
43473,43.285,4.335,1.409999968484044,False
43474,43.285,4.35,1.409999968484044,False
43475,43.285,4.365,1.3799999691545963,False
43476,43.285,4.38,1.5399999655783176,False
43477,43.285,4.395,1.5199999660253525,False
43478,43.285,4.41,1.5149999661371112,False
43479,43.285,4.425,1.6049999641254544,False
43480,43.285,4.44,1.6949999621137977,False
43481,43.285,4.455,1.7549999607726932,False
43482,43.285,4.47,1.8099999595433474,False
43483,43.285,4.485,1.8999999575316906,False
43484,43.285,4.5,2.0699999537318945,False
43485,43.285,4.515,2.179999951273203,False
43486,43.285,4.53,2.3799999468028545,False
43487,43.285,4.545,2.6499999407678843,False
43488,43.285,4.56,2.90499993506819,False
43489,43.285,4.575,3.17499992903322,False
43490,43.285,4.59,3.5099999215453863,False
43491,43.285,4.605,3.6999999172985554,False
43492,43.285,4.62,3.8199999146163464,False
43493,43.285,4.635,3.9949999107047915,False
43494,43.285,4.65,4.134999907575548,False
43495,43.285,4.665,4.1999999061226845,False
43496,43.285,4.68,4.634999896399677,False
43497,43.285,4.695,4.679999895393848,False
43498,43.285,4.71,5.424999878741801,True
43499,43.285,4.725,5.464999877847731,True
43500,43.285,4.74,5.039999887347221,False
43501,43.285,4.755,4.909999890252948,False
43502,43.285,4.77,4.7849998930469155,False
43503,43.285,4.785,4.804999892599881,False
43504,43.285,4.8,7.814999825321138,True
43505,43.285,4.815,26.6399994045496,True
43506,43.285,4.83,69.49999844655395,True
43507,43.285,4.845,154.83499653916806,True
43508,43.285,4.86,269.10999398492277,True
43509,43.285,4.875,,True
43510,43.285,4.89,,True
43511,43.285,4.905,263.5049941102043,True
43512,43.285,4.92,195.56499562878162,True
43513,43.285,4.935,90.35499798040837,True
43514,43.285,4.95,32.87999926507473,True
43515,43.285,4.965,11.144999750889838,True
43516,43.285,4.98,6.439999856054783,True
43517,43.285,4.995,5.2999998815357685,True
43518,43.285,5.01,4.68499989528209,False
43519,43.285,5.025,4.429999900981784,False
43520,43.285,5.04,3.3299999255687,False
43521,43.285,5.055,2.334999947808683,False
43522,43.285,5.07,2.1399999521672726,False
43523,43.285,5.085,1.8749999580904841,False
43524,43.285,5.1,1.3849999690428376,False
43525,43.285,5.115,1.1249999748542905,False
43526,43.285,5.13,0.8849999802187085,False
43527,43.285,5.145,0.7349999835714698,False
43528,43.285,5.16,0.669999985024333,False
43529,43.285,5.175,0.6649999851360917,False
43530,43.285,5.19,0.5099999886006117,False
43531,43.285,5.205,0.47499998938292265,False
43532,43.285,5.22,0.41999999061226845,False
43533,43.285,5.235,0.41999999061226845,False
43534,43.285,5.25,0.42999999038875103,False
43535,43.285,5.265,0.6549999853596091,False
43536,43.285,5.28,0.634999985806644,False
43537,43.285,5.295,1.064999976195395,False
43538,43.285,5.31,1.1199999749660492,False
43539,43.285,5.325,0.5249999882653356,False
43540,43.285,5.34,0.704999984242022,False
43541,43.285,5.355,,False
43542,43.285,5.37,,False
43543,43.285,5.385,,False
43544,43.285,5.4,,False
43545,43.285,5.415,,False
43546,43.285,5.43,,False
43547,43.285,5.445,,False
43548,43.285,5.46,,False
43549,43.285,5.475,,False
43550,43.285,5.49,,False
43551,43.285,5.505,,False
43552,43.285,5.52,,False
43553,43.285,5.535,,False
43554,43.285,5.55,,False
43555,43.285,5.565,,False
43556,43.285,5.58,,False
43557,43.285,5.595,,False
43558,43.285,5.61,,False
43559,43.285,5.625,,False
43560,43.285,5.64,,False
43561,43.285,5.655,,False
43562,43.285,5.67,,False
43563,43.285,5.685,,False
43564,43.285,5.7,,False
43565,43.285,5.715,,False
43566,43.285,5.73,,False
43567,43.285,5.745,,False
43568,43.285,5.76,,False
43569,43.285,5.775,,False
43570,43.285,5.79,,False
43571,43.285,5.805,,False
43572,43.285,5.82,,False
43573,43.285,5.835,,False
43574,43.285,5.85,,False
43575,43.285,5.865,,False
43576,43.285,5.88,,False
43577,43.285,5.895,,False
43578,43.285,5.91,,False
43579,43.285,5.925,,False
43580,43.285,5.94,,False
43581,43.285,5.955,,False
43582,43.285,5.97,,False
43583,43.285,5.985,,False
43584,43.285,6.0,,False
43801,43.305,3.0,,False
43802,43.305,3.015,,False
43803,43.305,3.03,,False
43804,43.305,3.045,,False
43805,43.305,3.06,,False
43806,43.305,3.075,,False
43807,43.305,3.09,,False
43808,43.305,3.105,,False
43809,43.305,3.12,,False
43810,43.305,3.135,,False
43811,43.305,3.15,,False
43812,43.305,3.165,,False
43813,43.305,3.18,,False
43814,43.305,3.195,,False
43815,43.305,3.21,,False
43816,43.305,3.225,,False
43817,43.305,3.24,,False
43818,43.305,3.255,,False
43819,43.305,3.27,,False
43820,43.305,3.285,,False
43821,43.305,3.3,,False
43822,43.305,3.315,,False
43823,43.305,3.33,,False
43824,43.305,3.345,,False
43825,43.305,3.36,,False
43826,43.305,3.375,,False
43827,43.305,3.39,,False
43828,43.305,3.405,,False
43829,43.305,3.42,,False
43830,43.305,3.435,,False
43831,43.305,3.45,,False
43832,43.305,3.465,,False
43833,43.305,3.48,,False
43834,43.305,3.495,,False
43835,43.305,3.51,,False
43836,43.305,3.525,,False
43837,43.305,3.54,4.949999889358878,False
43838,43.305,3.555,6.524999854154885,False
43839,43.305,3.57,5.524999876506627,False
43840,43.305,3.585,5.444999878294766,False
43841,43.305,3.6,5.104999885894358,False
43842,43.305,3.615,4.554999898187816,False
43843,43.305,3.63,4.1049999082461,False
43844,43.305,3.645,3.48499992210418,False
43845,43.305,3.66,2.8649999359622598,False
43846,43.305,3.675,2.544999943114817,False
43847,43.305,3.69,2.229999950155616,False
43848,43.305,3.705,1.8649999583140016,False
43849,43.305,3.72,1.6399999633431435,False
43850,43.305,3.735,1.3999999687075615,False
43851,43.305,3.75,1.2949999710544944,False
43852,43.305,3.765,1.219999972730875,False
43853,43.305,3.78,1.1799999736249447,False
43854,43.305,3.795,1.1599999740719795,False
43855,43.305,3.81,1.1949999732896686,False
43856,43.305,3.825,1.2049999730661511,False
43857,43.305,3.84,1.219999972730875,False
43858,43.305,3.855,1.2499999720603228,False
43859,43.305,3.87,1.2299999725073576,False
43860,43.305,3.885,1.2599999718368053,False
43861,43.305,3.9,1.3499999698251486,False
43862,43.305,3.915,1.4899999666959047,False
43863,43.305,3.93,1.5949999643489718,False
43864,43.305,3.945,1.699999962002039,False
43865,43.305,3.96,1.8149999594315886,False
43866,43.305,3.975,1.959999956190586,False
43867,43.305,3.99,2.044999954290688,False
43868,43.305,4.005,2.149999951943755,False
43869,43.305,4.02,2.1599999517202377,False
43870,43.305,4.035,2.12999995239079,False
43871,43.305,4.05,2.094999953173101,False
43872,43.305,4.065,2.059999953955412,False
43873,43.305,4.08,1.9849999556317925,False
43874,43.305,4.095,1.9099999573081732,False
43875,43.305,4.11,1.9049999574199319,False
43876,43.305,4.125,1.8599999584257603,False
43877,43.305,4.14,1.8149999594315886,False
43878,43.305,4.155,1.7749999603256583,False
43879,43.305,4.17,1.769999960437417,False
43880,43.305,4.185,1.7249999614432454,False
43881,43.305,4.2,1.7249999614432454,False
43882,43.305,4.215,1.7549999607726932,False
43883,43.305,4.23,1.7549999607726932,False
43884,43.305,4.245,1.6599999628961086,False
43885,43.305,4.26,1.6099999640136957,False
43886,43.305,4.275,1.614999963901937,False
43887,43.305,4.29,1.6399999633431435,False
43888,43.305,4.305,1.684999962337315,False
43889,43.305,4.32,1.6049999641254544,False
43890,43.305,4.335,1.6349999634549022,False
43891,43.305,4.35,1.6199999637901783,False
43892,43.305,4.365,1.7149999616667628,False
43893,43.305,4.38,1.7499999608844519,False
43894,43.305,4.395,1.7949999598786235,False
43895,43.305,4.41,1.7599999606609344,False
43896,43.305,4.425,1.8149999594315886,False
43897,43.305,4.44,1.924999956972897,False
43898,43.305,4.455,1.9699999559670687,False
43899,43.305,4.47,2.029999954625964,False
43900,43.305,4.485,2.0849999533966184,False
43901,43.305,4.5,2.249999949708581,False
43902,43.305,4.515,2.419999945908785,False
43903,43.305,4.53,2.694999939762056,False
43904,43.305,4.545,3.0799999311566353,False
43905,43.305,4.56,3.4799999222159386,False
43906,43.305,4.575,3.94999991171062,False
43907,43.305,4.59,4.264999904669821,False
43908,43.305,4.605,4.544999898411334,False
43909,43.305,4.62,4.7149998946115375,False
43910,43.305,4.635,5.0249998876824975,False
43911,43.305,4.65,5.274999882094562,True
43912,43.305,4.665,5.594999874942005,True
43913,43.305,4.68,6.009999865666032,True
43914,43.305,4.695,6.4499998558312654,True
43915,43.305,4.71,7.949999822303653,True
43916,43.305,4.725,8.764999804086983,True
43917,43.305,4.74,7.894999823532999,True
43918,43.305,4.755,6.994999843649566,True
43919,43.305,4.77,7.1199998408555984,True
43920,43.305,4.785,7.184999839402735,True
43921,43.305,4.8,15.874999645166099,True
43922,43.305,4.815,32.94499926362187,True
43923,43.305,4.83,30.67499931436032,True
43924,43.305,4.845,108.29499757941812,True
43925,43.305,4.86,228.8749948842451,True
43926,43.305,4.875,299.09999331459403,True
43927,43.305,4.89,267.3849940234795,True
43928,43.305,4.905,231.00999483652413,True
43929,43.305,4.92,177.9449960226193,True
43930,43.305,4.935,111.40999750979245,True
43931,43.305,4.95,46.16999896802008,True
43932,43.305,4.965,10.204999771900475,True
43933,43.305,4.98,6.85499984677881,True
43934,43.305,4.995,5.369999879971147,True
43935,43.305,5.01,5.429999878630042,True
43936,43.305,5.025,5.169999884441495,False
43937,43.305,5.04,3.294999926351011,False
43938,43.305,5.055,2.694999939762056,False
43939,43.305,5.07,2.404999946244061,False
43940,43.305,5.085,1.8799999579787254,False
43941,43.305,5.1,1.4349999679252505,False
43942,43.305,5.115,1.064999976195395,False
43943,43.305,5.13,0.979999978095293,False
43944,43.305,5.145,0.9949999777600169,False
43945,43.305,5.16,1.0199999772012234,False
43946,43.305,5.175,0.8949999799951911,False
43947,43.305,5.19,0.754999983124435,False
43948,43.305,5.205,0.5649999873712659,False
43949,43.305,5.22,0.41499999072402716,False
43950,43.305,5.235,0.41999999061226845,False
43951,43.305,5.25,0.4499999899417162,False
43952,43.305,5.265,0.47999998927116394,False
43953,43.305,5.28,0.46499998960644007,False
43954,43.305,5.295,0.46999998949468136,False
43955,43.305,5.31,0.5349999880418181,False
43956,43.305,5.325,0.6899999845772982,False
43957,43.305,5.34,0.8399999812245369,False
43958,43.305,5.355,0.8099999818950891,False
43959,43.305,5.37,,False
43960,43.305,5.385,,False
43961,43.305,5.4,,False
43962,43.305,5.415,,False
43963,43.305,5.43,,False
43964,43.305,5.445,,False
43965,43.305,5.46,,False
43966,43.305,5.475,,False
43967,43.305,5.49,,False
43968,43.305,5.505,,False
43969,43.305,5.52,,False
43970,43.305,5.535,,False
43971,43.305,5.55,,False
43972,43.305,5.565,,False
43973,43.305,5.58,,False
43974,43.305,5.595,,False
43975,43.305,5.61,,False
43976,43.305,5.625,,False
43977,43.305,5.64,,False
43978,43.305,5.655,,False
43979,43.305,5.67,,False
43980,43.305,5.685,,False
43981,43.305,5.7,,False
43982,43.305,5.715,,False
43983,43.305,5.73,,False
43984,43.305,5.745,,False
43985,43.305,5.76,,False
43986,43.305,5.775,,False
43987,43.305,5.79,,False
43988,43.305,5.805,,False
43989,43.305,5.82,,False
43990,43.305,5.835,,False
43991,43.305,5.85,,False
43992,43.305,5.865,,False
43993,43.305,5.88,,False
43994,43.305,5.895,,False
43995,43.305,5.91,,False
43996,43.305,5.925,,False
43997,43.305,5.94,,False
43998,43.305,5.955,,False
43999,43.305,5.97,,False
44000,43.305,5.985,,False
44001,43.305,6.0,,False
44218,43.325,3.0,,False
44219,43.325,3.015,,False
44220,43.325,3.03,,False
44221,43.325,3.045,,False
44222,43.325,3.06,,False
44223,43.325,3.075,,False
44224,43.325,3.09,,False
44225,43.325,3.105,,False
44226,43.325,3.12,,False
44227,43.325,3.135,,False
44228,43.325,3.15,,False
44229,43.325,3.165,,False
44230,43.325,3.18,,False
44231,43.325,3.195,,False
44232,43.325,3.21,,False
44233,43.325,3.225,,False
44234,43.325,3.24,,False
44235,43.325,3.255,,False
44236,43.325,3.27,,False
44237,43.325,3.285,,False
44238,43.325,3.3,,False
44239,43.325,3.315,,False
44240,43.325,3.33,,False
44241,43.325,3.345,,False
44242,43.325,3.36,,False
44243,43.325,3.375,,False
44244,43.325,3.39,,False
44245,43.325,3.405,,False
44246,43.325,3.42,,False
44247,43.325,3.435,,False
44248,43.325,3.45,,False
44249,43.325,3.465,,False
44250,43.325,3.48,,False
44251,43.325,3.495,,False
44252,43.325,3.51,,False
44253,43.325,3.525,,False
44254,43.325,3.54,,False
44255,43.325,3.555,,False
44256,43.325,3.57,5.424999878741801,False
44257,43.325,3.585,5.954999866895378,False
44258,43.325,3.6,5.944999867118895,False
44259,43.325,3.615,5.984999866224825,False
44260,43.325,3.63,5.6549998736009,False
44261,43.325,3.645,5.424999878741801,False
44262,43.325,3.66,4.739999894052744,False
44263,43.325,3.675,4.1149999080225825,False
44264,43.325,3.69,3.419999923557043,False
44265,43.325,3.705,2.7249999390915036,False
44266,43.325,3.72,2.12999995239079,False
44267,43.325,3.735,1.5949999643489718,False
44268,43.325,3.75,1.3999999687075615,False
44269,43.325,3.765,1.2299999725073576,False
44270,43.325,3.78,1.1549999741837382,False
44271,43.325,3.795,1.1049999753013253,False
44272,43.325,3.81,1.0799999758601189,False
44273,43.325,3.825,1.0599999763071537,False
44274,43.325,3.84,1.0449999766424298,False
44275,43.325,3.855,1.0799999758601189,False
44276,43.325,3.87,1.1249999748542905,False
44277,43.325,3.885,1.169999973848462,False
44278,43.325,3.9,1.2299999725073576,False
44279,43.325,3.915,1.3449999699369073,False
44280,43.325,3.93,1.4849999668076634,False
44281,43.325,3.945,1.5949999643489718,False
44282,43.325,3.96,1.6899999622255564,False
44283,43.325,3.975,1.8349999589845538,False
44284,43.325,3.99,1.9449999565258622,False
44285,43.325,4.005,1.9949999554082751,False
44286,43.325,4.02,2.0549999540671706,False
44287,43.325,4.035,2.079999953508377,False
44288,43.325,4.05,2.0349999545142055,False
44289,43.325,4.065,1.9949999554082751,False
44290,43.325,4.08,1.959999956190586,False
44291,43.325,4.095,1.8799999579787254,False
44292,43.325,4.11,1.7949999598786235,False
44293,43.325,4.125,1.784999960102141,False
44294,43.325,4.14,1.7749999603256583,False
44295,43.325,4.155,1.7299999613314867,False
44296,43.325,4.17,1.6949999621137977,False
44297,43.325,4.185,1.6549999630078673,False
44298,43.325,4.2,1.66499996278435,False
44299,43.325,4.215,1.6599999628961086,False
44300,43.325,4.23,1.6549999630078673,False
44301,43.325,4.245,1.614999963901937,False
44302,43.325,4.26,1.6299999635666609,False
44303,43.325,4.275,1.6249999636784196,False
44304,43.325,4.29,1.649999963119626,False
44305,43.325,4.305,1.6449999632313848,False
44306,43.325,4.32,1.7049999618902802,False
44307,43.325,4.335,1.684999962337315,False
44308,43.325,4.35,1.7299999613314867,False
44309,43.325,4.365,1.7949999598786235,False
44310,43.325,4.38,1.804999959655106,False
44311,43.325,4.395,1.7799999602138996,False
44312,43.325,4.41,1.8749999580904841,False
44313,43.325,4.425,1.8949999576434493,False
44314,43.325,4.44,2.0199999548494816,False
44315,43.325,4.455,2.0499999541789293,False
44316,43.325,4.47,2.1249999525025487,False
44317,43.325,4.485,2.2799999490380287,False
44318,43.325,4.5,2.489999944344163,False
44319,43.325,4.515,2.849999936297536,False
44320,43.325,4.53,3.404999923892319,False
44321,43.325,4.545,3.9299999121576548,False
44322,43.325,4.56,4.579999897629023,False
44323,43.325,4.575,5.064999886788428,False
44324,43.325,4.59,5.2999998815357685,True
44325,43.325,4.605,5.8499998692423105,True
44326,43.325,4.62,6.344999858178198,False
44327,43.325,4.635,7.079999841749668,False
44328,43.325,4.65,7.5849998304620385,False
44329,43.325,4.665,8.299999814480543,False
44330,43.325,4.68,9.314999791793525,False
44331,43.325,4.695,11.764999737031758,False
44332,43.325,4.71,16.754999625496566,False
44333,43.325,4.725,15.544999652542174,False
44334,43.325,4.74,15.99499964248389,False
44335,43.325,4.755,16.374999633990228,False
44336,43.325,4.77,24.794999445788562,True
44337,43.325,4.785,30.929999308660626,True
44338,43.325,4.8,28.604999360628426,True
44339,43.325,4.815,36.81999917700887,True
44340,43.325,4.83,46.419998962432146,False
44341,43.325,4.845,114.38499744329602,False
44342,43.325,4.86,160.93499640282243,False
44343,43.325,4.875,227.31999491900206,True
44344,43.325,4.89,242.2299945857376,True
44345,43.325,4.905,151.1699966210872,True
44346,43.325,4.92,79.6899982187897,True
44347,43.325,4.935,54.43999878317118,True
44348,43.325,4.95,34.69999922439456,True
44349,43.325,4.965,9.789999781176448,True
44350,43.325,4.98,6.044999864883721,True
44351,43.325,4.995,6.259999860078096,True
44352,43.325,5.01,6.379999857395887,True
44353,43.325,5.025,6.159999862313271,True
44354,43.325,5.04,5.18999988399446,True
44355,43.325,5.055,3.0499999318271875,False
44356,43.325,5.07,2.299999948590994,False
44357,43.325,5.085,1.9199999570846558,False
44358,43.325,5.1,1.699999962002039,False
44359,43.325,5.115,1.5499999653548002,False
44360,43.325,5.13,1.5199999660253525,False
44361,43.325,5.145,1.4399999678134918,False
44362,43.325,5.16,1.3099999707192183,False
44363,43.325,5.175,1.1299999747425318,False
44364,43.325,5.19,0.7399999834597111,False
44365,43.325,5.205,0.6799999848008156,False
44366,43.325,5.22,0.4899999890476465,False
44367,43.325,5.235,0.5599999874830246,False
44368,43.325,5.25,0.4499999899417162,False
44369,43.325,5.265,0.5649999873712659,False
44370,43.325,5.28,0.5699999872595072,False
44371,43.325,5.295,0.5599999874830246,False
44372,43.325,5.31,0.789999982342124,False
44373,43.325,5.325,0.7449999833479524,False
44374,43.325,5.34,0.9699999783188105,False
44375,43.325,5.355,,False
44376,43.325,5.37,,False
44377,43.325,5.385,,False
44378,43.325,5.4,,False
44379,43.325,5.415,,False
44380,43.325,5.43,,False
44381,43.325,5.445,,False
44382,43.325,5.46,,False
44383,43.325,5.475,,False
44384,43.325,5.49,,False
44385,43.325,5.505,,False
44386,43.325,5.52,,False
44387,43.325,5.535,,False
44388,43.325,5.55,,False
44389,43.325,5.565,,False
44390,43.325,5.58,,False
44391,43.325,5.595,,False
44392,43.325,5.61,,False
44393,43.325,5.625,,False
44394,43.325,5.64,,False
44395,43.325,5.655,,False
44396,43.325,5.67,,False
44397,43.325,5.685,,False
44398,43.325,5.7,,False
44399,43.325,5.715,,False
44400,43.325,5.73,,False
44401,43.325,5.745,,False
44402,43.325,5.76,,False
44403,43.325,5.775,,False
44404,43.325,5.79,,False
44405,43.325,5.805,,False
44406,43.325,5.82,,False
44407,43.325,5.835,,False
44408,43.325,5.85,,False
44409,43.325,5.865,,False
44410,43.325,5.88,,False
44411,43.325,5.895,,False
44412,43.325,5.91,,False
44413,43.325,5.925,,False
44414,43.325,5.94,,False
44415,43.325,5.955,,False
44416,43.325,5.97,,False
44417,43.325,5.985,,False
44418,43.325,6.0,,False
44635,43.345,3.0,,False
44636,43.345,3.015,,False
44637,43.345,3.03,,False
44638,43.345,3.045,,False
44639,43.345,3.06,,False
44640,43.345,3.075,,False
44641,43.345,3.09,,False
44642,43.345,3.105,,False
44643,43.345,3.12,,False
44644,43.345,3.135,,False
44645,43.345,3.15,,False
44646,43.345,3.165,,False
44647,43.345,3.18,,False
44648,43.345,3.195,,False
44649,43.345,3.21,,False
44650,43.345,3.225,,False
44651,43.345,3.24,,False
44652,43.345,3.255,,False
44653,43.345,3.27,,False
44654,43.345,3.285,,False
44655,43.345,3.3,,False
44656,43.345,3.315,,False
44657,43.345,3.33,,False
44658,43.345,3.345,,False
44659,43.345,3.36,,False
44660,43.345,3.375,,False
44661,43.345,3.39,,False
44662,43.345,3.405,,False
44663,43.345,3.42,,False
44664,43.345,3.435,,False
44665,43.345,3.45,,False
44666,43.345,3.465,,False
44667,43.345,3.48,,False
44668,43.345,3.495,,False
44669,43.345,3.51,,False
44670,43.345,3.525,,False
44671,43.345,3.54,,False
44672,43.345,3.555,,False
44673,43.345,3.57,,False
44674,43.345,3.585,5.699999872595072,False
44675,43.345,3.6,6.27499985974282,False
44676,43.345,3.615,6.344999858178198,False
44677,43.345,3.63,6.419999856501818,False
44678,43.345,3.645,6.489999854937196,False
44679,43.345,3.66,6.359999857842922,False
44680,43.345,3.675,6.064999864436686,False
44681,43.345,3.69,5.584999875165522,False
44682,43.345,3.705,4.8799998909235,False
44683,43.345,3.72,3.8699999134987593,False
44684,43.345,3.735,2.9949999330565333,False
44685,43.345,3.75,2.3449999475851655,False
44686,43.345,3.765,1.9049999574199319,False
44687,43.345,3.78,1.4999999664723873,False
44688,43.345,3.795,1.2849999712780118,False
44689,43.345,3.81,1.2249999726191163,False
44690,43.345,3.825,1.149999974295497,False
44691,43.345,3.84,1.114999975077808,False
44692,43.345,3.855,1.1649999739602208,False
44693,43.345,3.87,1.1549999741837382,False
44694,43.345,3.885,1.1799999736249447,False
44695,43.345,3.9,1.289999971166253,False
44696,43.345,3.915,1.3249999703839421,False
44697,43.345,3.93,1.4299999680370092,False
44698,43.345,3.945,1.5399999655783176,False
44699,43.345,3.96,1.6399999633431435,False
44700,43.345,3.975,1.7599999606609344,False
44701,43.345,3.99,1.854999958537519,False
44702,43.345,4.005,1.9649999560788274,False
44703,43.345,4.02,1.9899999555200338,False
44704,43.345,4.035,2.0149999549612403,False
44705,43.345,4.05,1.9999999552965164,False
44706,43.345,4.065,1.9299999568611383,False
44707,43.345,4.08,1.8449999587610364,False
44708,43.345,4.095,1.784999960102141,False
44709,43.345,4.11,1.7249999614432454,False
44710,43.345,4.125,1.6749999625608325,False
44711,43.345,4.14,1.6249999636784196,False
44712,43.345,4.155,1.6249999636784196,False
44713,43.345,4.17,1.6449999632313848,False
44714,43.345,4.185,1.6099999640136957,False
44715,43.345,4.2,1.579999964684248,False
44716,43.345,4.215,1.6549999630078673,False
44717,43.345,4.23,1.6449999632313848,False
44718,43.345,4.245,1.5999999642372131,False
44719,43.345,4.26,1.6349999634549022,False
44720,43.345,4.275,1.6449999632313848,False
44721,43.345,4.29,1.5999999642372131,False
44722,43.345,4.305,1.699999962002039,False
44723,43.345,4.32,1.769999960437417,False
44724,43.345,4.335,1.699999962002039,False
44725,43.345,4.35,1.7949999598786235,False
44726,43.345,4.365,1.8249999592080712,False
44727,43.345,4.38,1.9299999568611383,False
44728,43.345,4.395,2.0549999540671706,False
44729,43.345,4.41,2.109999952837825,False
44730,43.345,4.425,2.1749999513849616,False
44731,43.345,4.44,2.2799999490380287,False
44732,43.345,4.455,2.4149999460205436,False
44733,43.345,4.47,2.6049999417737126,False
44734,43.345,4.485,2.899999935179949,False
44735,43.345,4.5,3.6849999176338315,False
44736,43.345,4.515,4.329999903216958,False
44737,43.345,4.53,5.014999887906015,False
44738,43.345,4.545,5.824999869801104,False
44739,43.345,4.56,6.634999851696193,False
44740,43.345,4.575,7.284999837167561,False
44741,43.345,4.59,7.539999831467867,False
44742,43.345,4.605,9.199999794363976,False
44743,43.345,4.62,9.56499978620559,False
44744,43.345,4.635,8.924999800510705,False
44745,43.345,4.65,9.67999978363514,False
44746,43.345,4.665,10.139999773353338,False
44747,43.345,4.68,16.329999634996057,False
44748,43.345,4.695,15.084999662823975,False
44749,43.345,4.71,22.004999508149922,False
44750,43.345,4.725,27.61999938264489,False
44751,43.345,4.74,27.904999376274645,False
44752,43.345,4.755,32.2099992800504,False
44753,43.345,4.77,43.279999032616615,False
44754,43.345,4.785,44.48999900557101,False
44755,43.345,4.8,41.7399990670383,False
44756,43.345,4.815,42.55999904870987,False
44757,43.345,4.83,36.50999918393791,False
44758,43.345,4.845,,False
44759,43.345,4.86,57.59999871253967,False
44760,43.345,4.875,35.23499921243638,False
44761,43.345,4.89,35.339999210089445,False
44762,43.345,4.905,32.61499927099794,False
44763,43.345,4.92,31.009999306872487,False
44764,43.345,4.935,21.349999522790313,False
44765,43.345,4.95,12.81999971345067,False
44766,43.345,4.965,6.96999984420836,False
44767,43.345,4.98,6.889999845996499,False
44768,43.345,4.995,7.4649998331442475,False
44769,43.345,5.01,7.3449998358264565,False
44770,43.345,5.025,,False
44771,43.345,5.04,,False
44772,43.345,5.055,,False
44773,43.345,5.07,,False
44774,43.345,5.085,,False
44775,43.345,5.1,,False
44776,43.345,5.115,,False
44777,43.345,5.13,,False
44778,43.345,5.145,,False
44779,43.345,5.16,,False
44780,43.345,5.175,,False
44781,43.345,5.19,,False
44782,43.345,5.205,,False
44783,43.345,5.22,,False
44784,43.345,5.235,,False
44785,43.345,5.25,,False
44786,43.345,5.265,0.6099999863654375,False
44787,43.345,5.28,0.6499999854713678,False
44788,43.345,5.295,0.8549999808892608,False
44789,43.345,5.31,0.9249999793246388,False
44790,43.345,5.325,0.789999982342124,False
44791,43.345,5.34,,False
44792,43.345,5.355,,False
44793,43.345,5.37,,False
44794,43.345,5.385,,False
44795,43.345,5.4,,False
44796,43.345,5.415,,False
44797,43.345,5.43,,False
44798,43.345,5.445,,False
44799,43.345,5.46,,False
44800,43.345,5.475,,False
44801,43.345,5.49,,False
44802,43.345,5.505,,False
44803,43.345,5.52,,False
44804,43.345,5.535,,False
44805,43.345,5.55,,False
44806,43.345,5.565,,False
44807,43.345,5.58,,False
44808,43.345,5.595,,False
44809,43.345,5.61,,False
44810,43.345,5.625,,False
44811,43.345,5.64,,False
44812,43.345,5.655,,False
44813,43.345,5.67,,False
44814,43.345,5.685,,False
44815,43.345,5.7,,False
44816,43.345,5.715,,False
44817,43.345,5.73,,False
44818,43.345,5.745,,False
44819,43.345,5.76,,False
44820,43.345,5.775,,False
44821,43.345,5.79,,False
44822,43.345,5.805,,False
44823,43.345,5.82,,False
44824,43.345,5.835,,False
44825,43.345,5.85,,False
44826,43.345,5.865,,False
44827,43.345,5.88,,False
44828,43.345,5.895,,False
44829,43.345,5.91,,False
44830,43.345,5.925,,False
44831,43.345,5.94,,False
44832,43.345,5.955,,False
44833,43.345,5.97,,False
44834,43.345,5.985,,False
44835,43.345,6.0,,False
45052,43.364998,3.0,,False
45053,43.364998,3.015,,False
45054,43.364998,3.03,,False
45055,43.364998,3.045,,False
45056,43.364998,3.06,,False
45057,43.364998,3.075,,False
45058,43.364998,3.09,,False
45059,43.364998,3.105,,False
45060,43.364998,3.12,,False
45061,43.364998,3.135,,False
45062,43.364998,3.15,,False
45063,43.364998,3.165,,False
45064,43.364998,3.18,,False
45065,43.364998,3.195,,False
45066,43.364998,3.21,,False
45067,43.364998,3.225,,False
45068,43.364998,3.24,,False
45069,43.364998,3.255,,False
45070,43.364998,3.27,,False
45071,43.364998,3.285,,False
45072,43.364998,3.3,,False
45073,43.364998,3.315,,False
45074,43.364998,3.33,,False
45075,43.364998,3.345,,False
45076,43.364998,3.36,,False
45077,43.364998,3.375,,False
45078,43.364998,3.39,,False
45079,43.364998,3.405,,False
45080,43.364998,3.42,,False
45081,43.364998,3.435,,False
45082,43.364998,3.45,,False
45083,43.364998,3.465,,False
45084,43.364998,3.48,,False
45085,43.364998,3.495,,False
45086,43.364998,3.51,,False
45087,43.364998,3.525,,False
45088,43.364998,3.54,,False
45089,43.364998,3.555,,False
45090,43.364998,3.57,,False
45091,43.364998,3.585,,False
45092,43.364998,3.6,,False
45093,43.364998,3.615,6.8799998462200165,False
45094,43.364998,3.63,6.774999848566949,False
45095,43.364998,3.645,7.004999843426049,False
45096,43.364998,3.66,7.499999832361937,False
45097,43.364998,3.675,7.459999833256006,False
45098,43.364998,3.69,7.569999830797315,False
45099,43.364998,3.705,7.654999828897417,False
45100,43.364998,3.72,7.159999839961529,False
45101,43.364998,3.735,6.394999857060611,False
45102,43.364998,3.75,5.129999885335565,False
45103,43.364998,3.765,4.154999907128513,False
45104,43.364998,3.78,3.0649999314919114,False
45105,43.364998,3.795,2.3649999471381307,False
45106,43.364998,3.81,1.7249999614432454,False
45107,43.364998,3.825,1.3849999690428376,False
45108,43.364998,3.84,1.2999999709427357,False
45109,43.364998,3.855,1.3499999698251486,False
45110,43.364998,3.87,1.3349999701604247,False
45111,43.364998,3.885,1.3499999698251486,False
45112,43.364998,3.9,1.339999970048666,False
45113,43.364998,3.915,1.4049999685958028,False
45114,43.364998,3.93,1.494999966584146,False
45115,43.364998,3.945,1.5899999644607306,False
45116,43.364998,3.96,1.6949999621137977,False
45117,43.364998,3.975,1.7949999598786235,False
45118,43.364998,3.99,1.839999958872795,False
45119,43.364998,4.005,1.9149999571964145,False
45120,43.364998,4.02,1.9449999565258622,False
45121,43.364998,4.035,1.9149999571964145,False
45122,43.364998,4.05,1.8949999576434493,False
45123,43.364998,4.065,1.81999995931983,False
45124,43.364998,4.08,1.7599999606609344,False
45125,43.364998,4.095,1.7099999617785215,False
45126,43.364998,4.11,1.66499996278435,False
45127,43.364998,4.125,1.6249999636784196,False
45128,43.364998,4.14,1.6049999641254544,False
45129,43.364998,4.155,1.6049999641254544,False
45130,43.364998,4.17,1.6549999630078673,False
45131,43.364998,4.185,1.6449999632313848,False
45132,43.364998,4.2,1.6949999621137977,False
45133,43.364998,4.215,1.7049999618902802,False
45134,43.364998,4.23,1.7149999616667628,False
45135,43.364998,4.245,1.6699999626725912,False
45136,43.364998,4.26,1.734999961219728,False
45137,43.364998,4.275,1.7549999607726932,False
45138,43.364998,4.29,1.7449999609962106,False
45139,43.364998,4.305,1.7949999598786235,False
45140,43.364998,4.32,1.7449999609962106,False
45141,43.364998,4.335,1.7499999608844519,False
45142,43.364998,4.35,1.8999999575316906,False
45143,43.364998,4.365,1.9999999552965164,False
45144,43.364998,4.38,2.0699999537318945,False
45145,43.364998,4.395,2.179999951273203,False
45146,43.364998,4.41,2.369999947026372,False
45147,43.364998,4.425,2.5549999428912997,False
45148,43.364998,4.44,2.7099999394267797,False
45149,43.364998,4.455,3.1049999305978417,False
45150,43.364998,4.47,3.7149999169632792,False
45151,43.364998,4.485,4.584999897517264,False
45152,43.364998,4.5,5.739999871701002,False
45153,43.364998,4.515,6.6599998511374,False
45154,43.364998,4.53,7.1899998392909765,False
45155,43.364998,4.545,8.244999815709889,False
45156,43.364998,4.56,8.924999800510705,False
45157,43.364998,4.575,9.02499979827553,False
45158,43.364998,4.59,7.779999826103449,False
45159,43.364998,4.605,11.959999732673168,False
45160,43.364998,4.62,10.939999755471945,False
45161,43.364998,4.635,14.379999678581953,False
45162,43.364998,4.65,,False
45163,43.364998,4.665,,False
45164,43.364998,4.68,,False
45165,43.364998,4.695,,False
45166,43.364998,4.71,,False
45167,43.364998,4.725,33.76999924518168,False
45168,43.364998,4.74,37.779999155551195,False
45169,43.364998,4.755,,False
45170,43.364998,4.77,,False
45171,43.364998,4.785,,False
45172,43.364998,4.8,,False
45173,43.364998,4.815,,False
45174,43.364998,4.83,,False
45175,43.364998,4.845,,False
45176,43.364998,4.86,,False
45177,43.364998,4.875,19.039999574422836,False
45178,43.364998,4.89,19.159999571740627,False
45179,43.364998,4.905,18.679999582469463,False
45180,43.364998,4.92,15.004999664612114,False
45181,43.364998,4.935,10.474999765865505,False
45182,43.364998,4.95,8.179999817162752,False
45183,43.364998,4.965,8.739999804645777,False
45184,43.364998,4.98,9.269999792799354,False
45185,43.364998,4.995,9.404999789781868,False
45186,43.364998,5.01,8.929999800398946,False
45187,43.364998,5.025,,False
45188,43.364998,5.04,,False
45189,43.364998,5.055,,False
45190,43.364998,5.07,,False
45191,43.364998,5.085,,False
45192,43.364998,5.1,,False
45193,43.364998,5.115,,False
45194,43.364998,5.13,,False
45195,43.364998,5.145,,False
45196,43.364998,5.16,,False
45197,43.364998,5.175,,False
45198,43.364998,5.19,,False
45199,43.364998,5.205,,False
45200,43.364998,5.22,,False
45201,43.364998,5.235,,False
45202,43.364998,5.25,,False
45203,43.364998,5.265,,False
45204,43.364998,5.28,,False
45205,43.364998,5.295,,False
45206,43.364998,5.31,,False
45207,43.364998,5.325,,False
45208,43.364998,5.34,,False
45209,43.364998,5.355,,False
45210,43.364998,5.37,,False
45211,43.364998,5.385,,False
45212,43.364998,5.4,,False
45213,43.364998,5.415,,False
45214,43.364998,5.43,,False
45215,43.364998,5.445,,False
45216,43.364998,5.46,,False
45217,43.364998,5.475,,False
45218,43.364998,5.49,,False
45219,43.364998,5.505,,False
45220,43.364998,5.52,,False
45221,43.364998,5.535,,False
45222,43.364998,5.55,,False
45223,43.364998,5.565,,False
45224,43.364998,5.58,,False
45225,43.364998,5.595,,False
45226,43.364998,5.61,,False
45227,43.364998,5.625,,False
45228,43.364998,5.64,,False
45229,43.364998,5.655,,False
45230,43.364998,5.67,,False
45231,43.364998,5.685,,False
45232,43.364998,5.7,,False
45233,43.364998,5.715,,False
45234,43.364998,5.73,,False
45235,43.364998,5.745,,False
45236,43.364998,5.76,,False
45237,43.364998,5.775,,False
45238,43.364998,5.79,,False
45239,43.364998,5.805,,False
45240,43.364998,5.82,,False
45241,43.364998,5.835,,False
45242,43.364998,5.85,,False
45243,43.364998,5.865,,False
45244,43.364998,5.88,,False
45245,43.364998,5.895,,False
45246,43.364998,5.91,,False
45247,43.364998,5.925,,False
45248,43.364998,5.94,,False
45249,43.364998,5.955,,False
45250,43.364998,5.97,,False
45251,43.364998,5.985,,False
45252,43.364998,6.0,,False
45469,43.385002,3.0,,False
45470,43.385002,3.015,,False
45471,43.385002,3.03,,False
45472,43.385002,3.045,,False
45473,43.385002,3.06,,False
45474,43.385002,3.075,,False
45475,43.385002,3.09,,False
45476,43.385002,3.105,,False
45477,43.385002,3.12,,False
45478,43.385002,3.135,,False
45479,43.385002,3.15,,False
45480,43.385002,3.165,,False
45481,43.385002,3.18,,False
45482,43.385002,3.195,,False
45483,43.385002,3.21,,False
45484,43.385002,3.225,,False
45485,43.385002,3.24,,False
45486,43.385002,3.255,,False
45487,43.385002,3.27,,False
45488,43.385002,3.285,,False
45489,43.385002,3.3,,False
45490,43.385002,3.315,,False
45491,43.385002,3.33,,False
45492,43.385002,3.345,,False
45493,43.385002,3.36,,False
45494,43.385002,3.375,,False
45495,43.385002,3.39,,False
45496,43.385002,3.405,,False
45497,43.385002,3.42,,False
45498,43.385002,3.435,,False
45499,43.385002,3.45,,False
45500,43.385002,3.465,,False
45501,43.385002,3.48,,False
45502,43.385002,3.495,,False
45503,43.385002,3.51,,False
45504,43.385002,3.525,,False
45505,43.385002,3.54,,False
45506,43.385002,3.555,,False
45507,43.385002,3.57,,False
45508,43.385002,3.585,,False
45509,43.385002,3.6,,False
45510,43.385002,3.615,,False
45511,43.385002,3.63,7.089999841526151,False
45512,43.385002,3.645,8.774999803863466,False
45513,43.385002,3.66,7.3949998347088695,False
45514,43.385002,3.675,7.779999826103449,False
45515,43.385002,3.69,8.294999814592302,False
45516,43.385002,3.705,8.974999799393117,False
45517,43.385002,3.72,9.104999796487391,False
45518,43.385002,3.735,9.129999795928597,False
45519,43.385002,3.75,8.554999808780849,False
45520,43.385002,3.765,7.564999830909073,False
45521,43.385002,3.78,6.224999860860407,False
45522,43.385002,3.795,4.874999891035259,False
45523,43.385002,3.81,3.724999916739762,False
45524,43.385002,3.825,2.624999941326678,False
45525,43.385002,3.84,1.939999956637621,False
45526,43.385002,3.855,1.6049999641254544,False
45527,43.385002,3.87,1.5049999663606286,False
45528,43.385002,3.885,1.4799999669194221,False
45529,43.385002,3.9,1.4799999669194221,False
45530,43.385002,3.915,1.50999996624887,False
45531,43.385002,3.93,1.5949999643489718,False
45532,43.385002,3.945,1.6399999633431435,False
45533,43.385002,3.96,1.7299999613314867,False
45534,43.385002,3.975,1.8349999589845538,False
45535,43.385002,3.99,1.8849999578669667,False
45536,43.385002,4.005,1.8649999583140016,False
45537,43.385002,4.02,1.8849999578669667,False
45538,43.385002,4.035,1.7949999598786235,False
45539,43.385002,4.05,1.7199999615550041,False
45540,43.385002,4.065,1.7099999617785215,False
45541,43.385002,4.08,1.7149999616667628,False
45542,43.385002,4.095,1.6049999641254544,False
45543,43.385002,4.11,1.5699999649077654,False
45544,43.385002,4.125,1.5599999651312828,False
45545,43.385002,4.14,1.614999963901937,False
45546,43.385002,4.155,1.7049999618902802,False
45547,43.385002,4.17,1.839999958872795,False
45548,43.385002,4.185,2.0349999545142055,False
45549,43.385002,4.2,2.1549999518319964,False
45550,43.385002,4.215,2.2899999488145113,False
45551,43.385002,4.23,2.229999950155616,False
45552,43.385002,4.245,2.229999950155616,False
45553,43.385002,4.26,2.2049999507144094,False
45554,43.385002,4.275,2.179999951273203,False
45555,43.385002,4.29,1.97499995585531,False
45556,43.385002,4.305,1.9149999571964145,False
45557,43.385002,4.32,1.9849999556317925,False
45558,43.385002,4.335,1.9449999565258622,False
45559,43.385002,4.35,2.024999954737723,False
45560,43.385002,4.365,2.199999950826168,False
45561,43.385002,4.38,2.384999946691096,False
45562,43.385002,4.395,2.524999943561852,False
45563,43.385002,4.41,2.954999933950603,False
45564,43.385002,4.425,3.2699999269098043,False
45565,43.385002,4.44,3.6149999191984534,False
45566,43.385002,4.455,4.459999900311232,False
45567,43.385002,4.47,5.589999875053763,False
45568,43.385002,4.485,6.929999845102429,False
45569,43.385002,4.5,8.049999820068479,False
45570,43.385002,4.515,9.004999798722565,False
45571,43.385002,4.53,9.459999788552523,False
45572,43.385002,4.545,9.879999779164791,False
45573,43.385002,4.56,14.649999672546983,False
45574,43.385002,4.575,16.914999621920288,False
45575,43.385002,4.59,,False
45576,43.385002,4.605,,False
45577,43.385002,4.62,,False
45578,43.385002,4.635,,False
45579,43.385002,4.65,,False
45580,43.385002,4.665,,False
45581,43.385002,4.68,,False
45582,43.385002,4.695,,False
45583,43.385002,4.71,,False
45584,43.385002,4.725,,False
45585,43.385002,4.74,,False
45586,43.385002,4.755,,False
45587,43.385002,4.77,,False
45588,43.385002,4.785,,False
45589,43.385002,4.8,,False
45590,43.385002,4.815,,False
45591,43.385002,4.83,,False
45592,43.385002,4.845,,False
45593,43.385002,4.86,10.809999758377671,False
45594,43.385002,4.875,10.174999772571027,False
45595,43.385002,4.89,11.014999753795564,False
45596,43.385002,4.905,12.019999731332064,False
45597,43.385002,4.92,11.184999749995768,False
45598,43.385002,4.935,9.109999796375632,False
45599,43.385002,4.95,10.714999760501087,False
45600,43.385002,4.965,12.829999713227153,False
45601,43.385002,4.98,12.884999711997807,False
45602,43.385002,4.995,,False
45603,43.385002,5.01,,False
45604,43.385002,5.025,,False
45605,43.385002,5.04,,False
45606,43.385002,5.055,,False
45607,43.385002,5.07,,False
45608,43.385002,5.085,,False
45609,43.385002,5.1,,False
45610,43.385002,5.115,,False
45611,43.385002,5.13,,False
45612,43.385002,5.145,,False
45613,43.385002,5.16,,False
45614,43.385002,5.175,,False
45615,43.385002,5.19,,False
45616,43.385002,5.205,,False
45617,43.385002,5.22,,False
45618,43.385002,5.235,,False
45619,43.385002,5.25,,False
45620,43.385002,5.265,,False
45621,43.385002,5.28,,False
45622,43.385002,5.295,,False
45623,43.385002,5.31,,False
45624,43.385002,5.325,,False
45625,43.385002,5.34,,False
45626,43.385002,5.355,,False
45627,43.385002,5.37,,False
45628,43.385002,5.385,,False
45629,43.385002,5.4,,False
45630,43.385002,5.415,,False
45631,43.385002,5.43,,False
45632,43.385002,5.445,,False
45633,43.385002,5.46,,False
45634,43.385002,5.475,,False
45635,43.385002,5.49,,False
45636,43.385002,5.505,,False
45637,43.385002,5.52,,False
45638,43.385002,5.535,,False
45639,43.385002,5.55,,False
45640,43.385002,5.565,,False
45641,43.385002,5.58,,False
45642,43.385002,5.595,,False
45643,43.385002,5.61,,False
45644,43.385002,5.625,,False
45645,43.385002,5.64,,False
45646,43.385002,5.655,,False
45647,43.385002,5.67,,False
45648,43.385002,5.685,,False
45649,43.385002,5.7,,False
45650,43.385002,5.715,,False
45651,43.385002,5.73,,False
45652,43.385002,5.745,,False
45653,43.385002,5.76,,False
45654,43.385002,5.775,,False
45655,43.385002,5.79,,False
45656,43.385002,5.805,,False
45657,43.385002,5.82,,False
45658,43.385002,5.835,,False
45659,43.385002,5.85,,False
45660,43.385002,5.865,,False
45661,43.385002,5.88,,False
45662,43.385002,5.895,,False
45663,43.385002,5.91,,False
45664,43.385002,5.925,,False
45665,43.385002,5.94,,False
45666,43.385002,5.955,,False
45667,43.385002,5.97,,False
45668,43.385002,5.985,,False
45669,43.385002,6.0,,False
45886,43.405,3.0,,False
45887,43.405,3.015,,False
45888,43.405,3.03,,False
45889,43.405,3.045,,False
45890,43.405,3.06,,False
45891,43.405,3.075,,False
45892,43.405,3.09,,False
45893,43.405,3.105,,False
45894,43.405,3.12,,False
45895,43.405,3.135,,False
45896,43.405,3.15,,False
45897,43.405,3.165,,False
45898,43.405,3.18,,False
45899,43.405,3.195,,False
45900,43.405,3.21,,False
45901,43.405,3.225,,False
45902,43.405,3.24,,False
45903,43.405,3.255,,False
45904,43.405,3.27,,False
45905,43.405,3.285,,False
45906,43.405,3.3,,False
45907,43.405,3.315,,False
45908,43.405,3.33,,False
45909,43.405,3.345,,False
45910,43.405,3.36,,False
45911,43.405,3.375,,False
45912,43.405,3.39,,False
45913,43.405,3.405,,False
45914,43.405,3.42,,False
45915,43.405,3.435,,False
45916,43.405,3.45,,False
45917,43.405,3.465,,False
45918,43.405,3.48,,False
45919,43.405,3.495,,False
45920,43.405,3.51,,False
45921,43.405,3.525,,False
45922,43.405,3.54,,False
45923,43.405,3.555,,False
45924,43.405,3.57,,False
45925,43.405,3.585,,False
45926,43.405,3.6,,False
45927,43.405,3.615,,False
45928,43.405,3.63,,False
45929,43.405,3.645,,False
45930,43.405,3.66,,False
45931,43.405,3.675,,False
45932,43.405,3.69,,False
45933,43.405,3.705,9.83999978005886,False
45934,43.405,3.72,8.799999803304672,False
45935,43.405,3.735,9.21999979391694,False
45936,43.405,3.75,9.239999793469906,False
45937,43.405,3.765,9.264999792911112,False
45938,43.405,3.78,8.67499980609864,False
45939,43.405,3.795,7.764999826438725,False
45940,43.405,3.81,6.649999851360917,False
45941,43.405,3.825,5.089999886229634,False
45942,43.405,3.84,3.9399999119341373,False
45943,43.405,3.855,3.0149999326094985,False
45944,43.405,3.87,2.3299999479204416,False
45945,43.405,3.885,1.924999956972897,False
45946,43.405,3.9,1.734999961219728,False
45947,43.405,3.915,1.6099999640136957,False
45948,43.405,3.93,1.6049999641254544,False
45949,43.405,3.945,1.7149999616667628,False
45950,43.405,3.96,1.734999961219728,False
45951,43.405,3.975,1.7449999609962106,False
45952,43.405,3.99,1.7999999597668648,False
45953,43.405,4.005,1.7949999598786235,False
45954,43.405,4.02,1.769999960437417,False
45955,43.405,4.035,1.769999960437417,False
45956,43.405,4.05,1.6899999622255564,False
45957,43.405,4.065,1.6349999634549022,False
45958,43.405,4.08,1.6199999637901783,False
45959,43.405,4.095,1.6899999622255564,False
45960,43.405,4.11,1.7099999617785215,False
45961,43.405,4.125,1.854999958537519,False
45962,43.405,4.14,2.0199999548494816,False
45963,43.405,4.155,2.3099999483674765,False
45964,43.405,4.17,2.6349999411031604,False
45965,43.405,4.185,2.9949999330565333,False
45966,43.405,4.2,3.1849999288097024,False
45967,43.405,4.215,3.2199999280273914,False
45968,43.405,4.23,3.2699999269098043,False
45969,43.405,4.245,3.1499999295920134,False
45970,43.405,4.26,3.1849999288097024,False
45971,43.405,4.275,3.1499999295920134,False
45972,43.405,4.29,2.989999933168292,False
45973,43.405,4.305,3.0299999322742224,False
45974,43.405,4.32,3.1899999286979437,False
45975,43.405,4.335,3.294999926351011,False
45976,43.405,4.35,3.4999999217689037,False
45977,43.405,4.365,3.79499991517514,False
45978,43.405,4.38,3.8249999145045877,False
45979,43.405,4.395,4.159999907016754,False
45980,43.405,4.41,4.41499990131706,False
45981,43.405,4.425,4.799999892711639,False
45982,43.405,4.44,5.279999881982803,False
45983,43.405,4.455,6.494999854825437,False
45984,43.405,4.47,7.724999827332795,False
45985,43.405,4.485,8.16999981738627,False
45986,43.405,4.5,8.974999799393117,False
45987,43.405,4.515,9.629999784752727,False
45988,43.405,4.53,10.524999764747918,False
45989,43.405,4.545,14.529999675229192,False
45990,43.405,4.56,16.909999622032046,False
45991,43.405,4.575,18.55499958526343,False
45992,43.405,4.59,25.56499942857772,False
45993,43.405,4.605,,False
45994,43.405,4.62,,False
45995,43.405,4.635,,False
45996,43.405,4.65,,False
45997,43.405,4.665,,False
45998,43.405,4.68,,False
45999,43.405,4.695,,False
46000,43.405,4.71,,False
46001,43.405,4.725,,False
46002,43.405,4.74,,False
46003,43.405,4.755,,False
46004,43.405,4.77,,False
46005,43.405,4.785,,False
46006,43.405,4.8,,False
46007,43.405,4.815,,False
46008,43.405,4.83,,False
46009,43.405,4.845,,False
46010,43.405,4.86,10.319999769330025,False
46011,43.405,4.875,10.319999769330025,False
46012,43.405,4.89,10.57499976363033,False
46013,43.405,4.905,11.434999744407833,False
46014,43.405,4.92,13.294999702833593,False
46015,43.405,4.935,16.29999963566661,False
46016,43.405,4.95,18.144999594427645,False
46017,43.405,4.965,20.7549995360896,False
46018,43.405,4.98,20.63999953866005,False
46019,43.405,4.995,,False
46020,43.405,5.01,,False
46021,43.405,5.025,,False
46022,43.405,5.04,,False
46023,43.405,5.055,,False
46024,43.405,5.07,,False
46025,43.405,5.085,,False
46026,43.405,5.1,,False
46027,43.405,5.115,,False
46028,43.405,5.13,,False
46029,43.405,5.145,,False
46030,43.405,5.16,,False
46031,43.405,5.175,,False
46032,43.405,5.19,,False
46033,43.405,5.205,,False
46034,43.405,5.22,,False
46035,43.405,5.235,,False
46036,43.405,5.25,,False
46037,43.405,5.265,,False
46038,43.405,5.28,,False
46039,43.405,5.295,,False
46040,43.405,5.31,,False
46041,43.405,5.325,,False
46042,43.405,5.34,,False
46043,43.405,5.355,,False
46044,43.405,5.37,,False
46045,43.405,5.385,,False
46046,43.405,5.4,,False
46047,43.405,5.415,,False
46048,43.405,5.43,,False
46049,43.405,5.445,,False
46050,43.405,5.46,,False
46051,43.405,5.475,,False
46052,43.405,5.49,,False
46053,43.405,5.505,,False
46054,43.405,5.52,,False
46055,43.405,5.535,,False
46056,43.405,5.55,,False
46057,43.405,5.565,,False
46058,43.405,5.58,,False
46059,43.405,5.595,,False
46060,43.405,5.61,,False
46061,43.405,5.625,,False
46062,43.405,5.64,,False
46063,43.405,5.655,,False
46064,43.405,5.67,,False
46065,43.405,5.685,,False
46066,43.405,5.7,,False
46067,43.405,5.715,,False
46068,43.405,5.73,,False
46069,43.405,5.745,,False
46070,43.405,5.76,,False
46071,43.405,5.775,,False
46072,43.405,5.79,,False
46073,43.405,5.805,,False
46074,43.405,5.82,,False
46075,43.405,5.835,,False
46076,43.405,5.85,,False
46077,43.405,5.865,,False
46078,43.405,5.88,,False
46079,43.405,5.895,,False
46080,43.405,5.91,,False
46081,43.405,5.925,,False
46082,43.405,5.94,,False
46083,43.405,5.955,,False
46084,43.405,5.97,,False
46085,43.405,5.985,,False
46086,43.405,6.0,,False
46303,43.425,3.0,,False
46304,43.425,3.015,,False
46305,43.425,3.03,,False
46306,43.425,3.045,,False
46307,43.425,3.06,,False
46308,43.425,3.075,,False
46309,43.425,3.09,,False
46310,43.425,3.105,,False
46311,43.425,3.12,,False
46312,43.425,3.135,,False
46313,43.425,3.15,,False
46314,43.425,3.165,,False
46315,43.425,3.18,,False
46316,43.425,3.195,,False
46317,43.425,3.21,,False
46318,43.425,3.225,,False
46319,43.425,3.24,,False
46320,43.425,3.255,,False
46321,43.425,3.27,,False
46322,43.425,3.285,,False
46323,43.425,3.3,,False
46324,43.425,3.315,,False
46325,43.425,3.33,,False
46326,43.425,3.345,,False
46327,43.425,3.36,,False
46328,43.425,3.375,,False
46329,43.425,3.39,,False
46330,43.425,3.405,,False
46331,43.425,3.42,,False
46332,43.425,3.435,,False
46333,43.425,3.45,,False
46334,43.425,3.465,,False
46335,43.425,3.48,,False
46336,43.425,3.495,,False
46337,43.425,3.51,,False
46338,43.425,3.525,,False
46339,43.425,3.54,,False
46340,43.425,3.555,,False
46341,43.425,3.57,,False
46342,43.425,3.585,,False
46343,43.425,3.6,,False
46344,43.425,3.615,,False
46345,43.425,3.63,,False
46346,43.425,3.645,,False
46347,43.425,3.66,,False
46348,43.425,3.675,,False
46349,43.425,3.69,,False
46350,43.425,3.705,,False
46351,43.425,3.72,,False
46352,43.425,3.735,,False
46353,43.425,3.75,9.089999796822667,False
46354,43.425,3.765,9.049999797716737,False
46355,43.425,3.78,9.13999979570508,False
46356,43.425,3.795,8.434999811463058,False
46357,43.425,3.81,7.894999823532999,False
46358,43.425,3.825,7.389999834820628,False
46359,43.425,3.84,6.4299998562783,False
46360,43.425,3.855,5.339999880641699,False
46361,43.425,3.87,4.294999903999269,False
46362,43.425,3.885,3.1849999288097024,False
46363,43.425,3.9,2.2749999491497874,False
46364,43.425,3.915,1.8649999583140016,False
46365,43.425,3.93,1.6699999626725912,False
46366,43.425,3.945,1.699999962002039,False
46367,43.425,3.96,1.7149999616667628,False
46368,43.425,3.975,1.6749999625608325,False
46369,43.425,3.99,1.6949999621137977,False
46370,43.425,4.005,1.6899999622255564,False
46371,43.425,4.02,1.6749999625608325,False
46372,43.425,4.035,1.7049999618902802,False
46373,43.425,4.05,1.7549999607726932,False
46374,43.425,4.065,1.7549999607726932,False
46375,43.425,4.08,1.8999999575316906,False
46376,43.425,4.095,2.164999951608479,False
46377,43.425,4.11,2.474999944679439,False
46378,43.425,4.125,2.74999993853271,False
46379,43.425,4.14,3.1049999305978417,False
46380,43.425,4.155,3.299999926239252,False
46381,43.425,4.17,3.609999919310212,False
46382,43.425,4.185,3.799999915063381,False
46383,43.425,4.2,3.999999910593033,False
46384,43.425,4.215,4.134999907575548,False
46385,43.425,4.23,4.159999907016754,False
46386,43.425,4.245,4.1999999061226845,False
46387,43.425,4.26,4.229999905452132,False
46388,43.425,4.275,4.264999904669821,False
46389,43.425,4.29,4.344999902881682,False
46390,43.425,4.305,4.449999900534749,False
46391,43.425,4.32,4.634999896399677,False
46392,43.425,4.335,4.984999888576567,False
46393,43.425,4.35,5.119999885559082,False
46394,43.425,4.365,5.154999884776771,False
46395,43.425,4.38,5.619999874383211,False
46396,43.425,4.395,6.649999851360917,False
46397,43.425,4.41,6.869999846443534,False
46398,43.425,4.425,6.434999856166542,False
46399,43.425,4.44,6.294999859295785,False
46400,43.425,4.455,7.35999983549118,False
46401,43.425,4.47,8.184999817050993,False
46402,43.425,4.485,8.569999808445573,False
46403,43.425,4.5,9.649999784305692,False
46404,43.425,4.515,9.534999786876142,False
46405,43.425,4.53,14.334999679587781,False
46406,43.425,4.545,15.399999655783176,False
46407,43.425,4.56,19.429999565705657,False
46408,43.425,4.575,21.889999510720372,False
46409,43.425,4.59,,False
46410,43.425,4.605,,False
46411,43.425,4.62,,False
46412,43.425,4.635,,False
46413,43.425,4.65,,False
46414,43.425,4.665,,False
46415,43.425,4.68,,False
46416,43.425,4.695,,False
46417,43.425,4.71,,False
46418,43.425,4.725,,False
46419,43.425,4.74,,False
46420,43.425,4.755,,False
46421,43.425,4.77,,False
46422,43.425,4.785,,False
46423,43.425,4.8,,False
46424,43.425,4.815,,False
46425,43.425,4.83,,False
46426,43.425,4.845,,False
46427,43.425,4.86,,False
46428,43.425,4.875,,False
46429,43.425,4.89,,False
46430,43.425,4.905,14.889999667182565,False
46431,43.425,4.92,16.759999625384808,False
46432,43.425,4.935,19.82999955676496,False
46433,43.425,4.95,21.07499952893704,False
46434,43.425,4.965,22.49999949708581,False
46435,43.425,4.98,,False
46436,43.425,4.995,,False
46437,43.425,5.01,,False
46438,43.425,5.025,,False
46439,43.425,5.04,,False
46440,43.425,5.055,,False
46441,43.425,5.07,,False
46442,43.425,5.085,,False
46443,43.425,5.1,,False
46444,43.425,5.115,,False
46445,43.425,5.13,,False
46446,43.425,5.145,,False
46447,43.425,5.16,,False
46448,43.425,5.175,,False
46449,43.425,5.19,,False
46450,43.425,5.205,,False
46451,43.425,5.22,,False
46452,43.425,5.235,,False
46453,43.425,5.25,,False
46454,43.425,5.265,,False
46455,43.425,5.28,,False
46456,43.425,5.295,,False
46457,43.425,5.31,,False
46458,43.425,5.325,,False
46459,43.425,5.34,,False
46460,43.425,5.355,,False
46461,43.425,5.37,,False
46462,43.425,5.385,,False
46463,43.425,5.4,,False
46464,43.425,5.415,,False
46465,43.425,5.43,,False
46466,43.425,5.445,,False
46467,43.425,5.46,,False
46468,43.425,5.475,,False
46469,43.425,5.49,,False
46470,43.425,5.505,,False
46471,43.425,5.52,,False
46472,43.425,5.535,,False
46473,43.425,5.55,,False
46474,43.425,5.565,,False
46475,43.425,5.58,,False
46476,43.425,5.595,,False
46477,43.425,5.61,,False
46478,43.425,5.625,,False
46479,43.425,5.64,,False
46480,43.425,5.655,,False
46481,43.425,5.67,,False
46482,43.425,5.685,,False
46483,43.425,5.7,,False
46484,43.425,5.715,,False
46485,43.425,5.73,,False
46486,43.425,5.745,,False
46487,43.425,5.76,,False
46488,43.425,5.775,,False
46489,43.425,5.79,,False
46490,43.425,5.805,,False
46491,43.425,5.82,,False
46492,43.425,5.835,,False
46493,43.425,5.85,,False
46494,43.425,5.865,,False
46495,43.425,5.88,,False
46496,43.425,5.895,,False
46497,43.425,5.91,,False
46498,43.425,5.925,,False
46499,43.425,5.94,,False
46500,43.425,5.955,,False
46501,43.425,5.97,,False
46502,43.425,5.985,,False
46503,43.425,6.0,,False
46720,43.445,3.0,,False
46721,43.445,3.015,,False
46722,43.445,3.03,,False
46723,43.445,3.045,,False
46724,43.445,3.06,,False
46725,43.445,3.075,,False
46726,43.445,3.09,,False
46727,43.445,3.105,,False
46728,43.445,3.12,,False
46729,43.445,3.135,,False
46730,43.445,3.15,,False
46731,43.445,3.165,,False
46732,43.445,3.18,,False
46733,43.445,3.195,,False
46734,43.445,3.21,,False
46735,43.445,3.225,,False
46736,43.445,3.24,,False
46737,43.445,3.255,,False
46738,43.445,3.27,,False
46739,43.445,3.285,,False
46740,43.445,3.3,,False
46741,43.445,3.315,,False
46742,43.445,3.33,,False
46743,43.445,3.345,,False
46744,43.445,3.36,,False
46745,43.445,3.375,,False
46746,43.445,3.39,,False
46747,43.445,3.405,,False
46748,43.445,3.42,,False
46749,43.445,3.435,,False
46750,43.445,3.45,,False
46751,43.445,3.465,,False
46752,43.445,3.48,,False
46753,43.445,3.495,,False
46754,43.445,3.51,,False
46755,43.445,3.525,,False
46756,43.445,3.54,,False
46757,43.445,3.555,,False
46758,43.445,3.57,,False
46759,43.445,3.585,,False
46760,43.445,3.6,,False
46761,43.445,3.615,,False
46762,43.445,3.63,,False
46763,43.445,3.645,,False
46764,43.445,3.66,,False
46765,43.445,3.675,,False
46766,43.445,3.69,,False
46767,43.445,3.705,,False
46768,43.445,3.72,,False
46769,43.445,3.735,,False
46770,43.445,3.75,,False
46771,43.445,3.765,,False
46772,43.445,3.78,,False
46773,43.445,3.795,7.879999823868275,False
46774,43.445,3.81,8.029999820515513,False
46775,43.445,3.825,7.849999824538827,False
46776,43.445,3.84,7.294999836944044,False
46777,43.445,3.855,6.804999847896397,False
46778,43.445,3.87,6.264999859966338,False
46779,43.445,3.885,5.044999887235463,False
46780,43.445,3.9,3.724999916739762,False
46781,43.445,3.915,2.7049999395385385,False
46782,43.445,3.93,2.1749999513849616,False
46783,43.445,3.945,1.7949999598786235,False
46784,43.445,3.96,1.7199999615550041,False
46785,43.445,3.975,1.7249999614432454,False
46786,43.445,3.99,1.7649999605491757,False
46787,43.445,4.005,1.7999999597668648,False
46788,43.445,4.02,1.8249999592080712,False
46789,43.445,4.035,1.8149999594315886,False
46790,43.445,4.05,2.144999952055514,False
46791,43.445,4.065,2.6049999417737126,False
46792,43.445,4.08,3.3049999261274934,False
46793,43.445,4.095,4.059999909251928,False
46794,43.445,4.11,4.384999901987612,False
46795,43.445,4.125,4.874999891035259,False
46796,43.445,4.14,4.789999892935157,False
46797,43.445,4.155,4.76499989349395,False
46798,43.445,4.17,4.794999892823398,False
46799,43.445,4.185,4.72499989438802,False
46800,43.445,4.2,4.809999892488122,False
46801,43.445,4.215,4.834999891929328,False
46802,43.445,4.23,4.889999890699983,False
46803,43.445,4.245,4.924999889917672,False
46804,43.445,4.26,5.154999884776771,False
46805,43.445,4.275,5.194999883882701,False
46806,43.445,4.29,5.234999882988632,False
46807,43.445,4.305,5.624999874271452,False
46808,43.445,4.32,5.579999875277281,False
46809,43.445,4.335,5.559999875724316,False
46810,43.445,4.35,6.3299998585134745,False
46811,43.445,4.365,5.639999873936176,False
46812,43.445,4.38,6.259999860078096,False
46813,43.445,4.395,7.029999842867255,False
46814,43.445,4.41,8.01499982085079,False
46815,43.445,4.425,6.4299998562783,False
46816,43.445,4.44,7.489999832585454,False
46817,43.445,4.455,8.319999814033508,False
46818,43.445,4.47,10.769999759271741,False
46819,43.445,4.485,11.604999740608037,False
46820,43.445,4.5,12.214999726973474,False
46821,43.445,4.515,15.784999647177756,False
46822,43.445,4.53,19.814999557100236,False
46823,43.445,4.545,19.074999573640525,False
46824,43.445,4.56,21.049999529495835,False
46825,43.445,4.575,,False
46826,43.445,4.59,,False
46827,43.445,4.605,,False
46828,43.445,4.62,,False
46829,43.445,4.635,,False
46830,43.445,4.65,,False
46831,43.445,4.665,,False
46832,43.445,4.68,,False
46833,43.445,4.695,,False
46834,43.445,4.71,,False
46835,43.445,4.725,,False
46836,43.445,4.74,,False
46837,43.445,4.755,,False
46838,43.445,4.77,,False
46839,43.445,4.785,,False
46840,43.445,4.8,,False
46841,43.445,4.815,,False
46842,43.445,4.83,,False
46843,43.445,4.845,,False
46844,43.445,4.86,,False
46845,43.445,4.875,,False
46846,43.445,4.89,,False
46847,43.445,4.905,,False
46848,43.445,4.92,,False
46849,43.445,4.935,,False
46850,43.445,4.95,,False
46851,43.445,4.965,,False
46852,43.445,4.98,,False
46853,43.445,4.995,,False
46854,43.445,5.01,,False
46855,43.445,5.025,,False
46856,43.445,5.04,,False
46857,43.445,5.055,,False
46858,43.445,5.07,,False
46859,43.445,5.085,,False
46860,43.445,5.1,,False
46861,43.445,5.115,,False
46862,43.445,5.13,,False
46863,43.445,5.145,,False
46864,43.445,5.16,,False
46865,43.445,5.175,,False
46866,43.445,5.19,,False
46867,43.445,5.205,,False
46868,43.445,5.22,,False
46869,43.445,5.235,,False
46870,43.445,5.25,,False
46871,43.445,5.265,,False
46872,43.445,5.28,,False
46873,43.445,5.295,,False
46874,43.445,5.31,,False
46875,43.445,5.325,,False
46876,43.445,5.34,,False
46877,43.445,5.355,,False
46878,43.445,5.37,,False
46879,43.445,5.385,,False
46880,43.445,5.4,,False
46881,43.445,5.415,,False
46882,43.445,5.43,,False
46883,43.445,5.445,,False
46884,43.445,5.46,,False
46885,43.445,5.475,,False
46886,43.445,5.49,,False
46887,43.445,5.505,,False
46888,43.445,5.52,,False
46889,43.445,5.535,,False
46890,43.445,5.55,,False
46891,43.445,5.565,,False
46892,43.445,5.58,,False
46893,43.445,5.595,,False
46894,43.445,5.61,,False
46895,43.445,5.625,,False
46896,43.445,5.64,,False
46897,43.445,5.655,,False
46898,43.445,5.67,,False
46899,43.445,5.685,,False
46900,43.445,5.7,,False
46901,43.445,5.715,,False
46902,43.445,5.73,,False
46903,43.445,5.745,,False
46904,43.445,5.76,,False
46905,43.445,5.775,,False
46906,43.445,5.79,,False
46907,43.445,5.805,,False
46908,43.445,5.82,,False
46909,43.445,5.835,,False
46910,43.445,5.85,,False
46911,43.445,5.865,,False
46912,43.445,5.88,,False
46913,43.445,5.895,,False
46914,43.445,5.91,,False
46915,43.445,5.925,,False
46916,43.445,5.94,,False
46917,43.445,5.955,,False
46918,43.445,5.97,,False
46919,43.445,5.985,,False
46920,43.445,6.0,,False
47137,43.465,3.0,,False
47138,43.465,3.015,,False
47139,43.465,3.03,,False
47140,43.465,3.045,,False
47141,43.465,3.06,,False
47142,43.465,3.075,,False
47143,43.465,3.09,,False
47144,43.465,3.105,,False
47145,43.465,3.12,,False
47146,43.465,3.135,,False
47147,43.465,3.15,,False
47148,43.465,3.165,,False
47149,43.465,3.18,,False
47150,43.465,3.195,,False
47151,43.465,3.21,,False
47152,43.465,3.225,,False
47153,43.465,3.24,,False
47154,43.465,3.255,,False
47155,43.465,3.27,,False
47156,43.465,3.285,,False
47157,43.465,3.3,,False
47158,43.465,3.315,,False
47159,43.465,3.33,,False
47160,43.465,3.345,,False
47161,43.465,3.36,,False
47162,43.465,3.375,,False
47163,43.465,3.39,,False
47164,43.465,3.405,,False
47165,43.465,3.42,,False
47166,43.465,3.435,,False
47167,43.465,3.45,,False
47168,43.465,3.465,,False
47169,43.465,3.48,,False
47170,43.465,3.495,,False
47171,43.465,3.51,,False
47172,43.465,3.525,,False
47173,43.465,3.54,,False
47174,43.465,3.555,,False
47175,43.465,3.57,,False
47176,43.465,3.585,,False
47177,43.465,3.6,,False
47178,43.465,3.615,,False
47179,43.465,3.63,,False
47180,43.465,3.645,,False
47181,43.465,3.66,,False
47182,43.465,3.675,,False
47183,43.465,3.69,,False
47184,43.465,3.705,,False
47185,43.465,3.72,,False
47186,43.465,3.735,,False
47187,43.465,3.75,,False
47188,43.465,3.765,,False
47189,43.465,3.78,,False
47190,43.465,3.795,,False
47191,43.465,3.81,,False
47192,43.465,3.825,8.2099998164922,False
47193,43.465,3.84,7.554999831132591,False
47194,43.465,3.855,7.284999837167561,False
47195,43.465,3.87,7.169999839738011,False
47196,43.465,3.885,6.579999852925539,False
47197,43.465,3.9,5.4199998788535595,False
47198,43.465,3.915,4.334999903105199,False
47199,43.465,3.93,3.2399999275803566,False
47200,43.465,3.945,2.4299999456852674,False
47201,43.465,3.96,2.0199999548494816,False
47202,43.465,3.975,1.9499999564141035,False
47203,43.465,3.99,1.9149999571964145,False
47204,43.465,4.005,2.009999955072999,False
47205,43.465,4.02,2.334999947808683,False
47206,43.465,4.035,2.8049999373033643,False
47207,43.465,4.05,3.4749999223276973,False
47208,43.465,4.065,4.37499990221113,False
47209,43.465,4.08,5.30499988142401,False
47210,43.465,4.095,6.254999860189855,False
47211,43.465,4.11,6.419999856501818,False
47212,43.465,4.125,6.624999851919711,False
47213,43.465,4.14,6.494999854825437,False
47214,43.465,4.155,6.184999861754477,False
47215,43.465,4.17,9.389999790117145,False
47216,43.465,4.185,11.494999743066728,False
47217,43.465,4.2,5.029999887570739,False
47218,43.465,4.215,8.4399998113513,False
47219,43.465,4.23,15.949999643489718,False
47220,43.465,4.245,14.769999669864774,False
47221,43.465,4.26,5.329999880865216,False
47222,43.465,4.275,5.119999885559082,False
47223,43.465,4.29,5.759999871253967,False
47224,43.465,4.305,8.55999980866909,False
47225,43.465,4.32,,False
47226,43.465,4.335,,False
47227,43.465,4.35,,False
47228,43.465,4.365,,False
47229,43.465,4.38,,False
47230,43.465,4.395,,False
47231,43.465,4.41,,False
47232,43.465,4.425,,False
47233,43.465,4.44,,False
47234,43.465,4.455,,False
47235,43.465,4.47,10.139999773353338,False
47236,43.465,4.485,13.739999692887068,False
47237,43.465,4.5,19.569999562576413,False
47238,43.465,4.515,,False
47239,43.465,4.53,,False
47240,43.465,4.545,,False
47241,43.465,4.56,,False
47242,43.465,4.575,,False
47243,43.465,4.59,,False
47244,43.465,4.605,,False
47245,43.465,4.62,,False
47246,43.465,4.635,,False
47247,43.465,4.65,,False
47248,43.465,4.665,,False
47249,43.465,4.68,,False
47250,43.465,4.695,,False
47251,43.465,4.71,,False
47252,43.465,4.725,,False
47253,43.465,4.74,,False
47254,43.465,4.755,,False
47255,43.465,4.77,,False
47256,43.465,4.785,,False
47257,43.465,4.8,,False
47258,43.465,4.815,,False
47259,43.465,4.83,,False
47260,43.465,4.845,,False
47261,43.465,4.86,,False
47262,43.465,4.875,,False
47263,43.465,4.89,,False
47264,43.465,4.905,,False
47265,43.465,4.92,,False
47266,43.465,4.935,,False
47267,43.465,4.95,,False
47268,43.465,4.965,,False
47269,43.465,4.98,,False
47270,43.465,4.995,,False
47271,43.465,5.01,,False
47272,43.465,5.025,,False
47273,43.465,5.04,,False
47274,43.465,5.055,,False
47275,43.465,5.07,,False
47276,43.465,5.085,,False
47277,43.465,5.1,,False
47278,43.465,5.115,,False
47279,43.465,5.13,,False
47280,43.465,5.145,,False
47281,43.465,5.16,,False
47282,43.465,5.175,,False
47283,43.465,5.19,,False
47284,43.465,5.205,,False
47285,43.465,5.22,,False
47286,43.465,5.235,,False
47287,43.465,5.25,,False
47288,43.465,5.265,,False
47289,43.465,5.28,,False
47290,43.465,5.295,,False
47291,43.465,5.31,,False
47292,43.465,5.325,,False
47293,43.465,5.34,,False
47294,43.465,5.355,,False
47295,43.465,5.37,,False
47296,43.465,5.385,,False
47297,43.465,5.4,,False
47298,43.465,5.415,,False
47299,43.465,5.43,,False
47300,43.465,5.445,,False
47301,43.465,5.46,,False
47302,43.465,5.475,,False
47303,43.465,5.49,,False
47304,43.465,5.505,,False
47305,43.465,5.52,,False
47306,43.465,5.535,,False
47307,43.465,5.55,,False
47308,43.465,5.565,,False
47309,43.465,5.58,,False
47310,43.465,5.595,,False
47311,43.465,5.61,,False
47312,43.465,5.625,,False
47313,43.465,5.64,,False
47314,43.465,5.655,,False
47315,43.465,5.67,,False
47316,43.465,5.685,,False
47317,43.465,5.7,,False
47318,43.465,5.715,,False
47319,43.465,5.73,,False
47320,43.465,5.745,,False
47321,43.465,5.76,,False
47322,43.465,5.775,,False
47323,43.465,5.79,,False
47324,43.465,5.805,,False
47325,43.465,5.82,,False
47326,43.465,5.835,,False
47327,43.465,5.85,,False
47328,43.465,5.865,,False
47329,43.465,5.88,,False
47330,43.465,5.895,,False
47331,43.465,5.91,,False
47332,43.465,5.925,,False
47333,43.465,5.94,,False
47334,43.465,5.955,,False
47335,43.465,5.97,,False
47336,43.465,5.985,,False
47337,43.465,6.0,,False
47554,43.485,3.0,,False
47555,43.485,3.015,,False
47556,43.485,3.03,,False
47557,43.485,3.045,,False
47558,43.485,3.06,,False
47559,43.485,3.075,,False
47560,43.485,3.09,,False
47561,43.485,3.105,,False
47562,43.485,3.12,,False
47563,43.485,3.135,,False
47564,43.485,3.15,,False
47565,43.485,3.165,,False
47566,43.485,3.18,,False
47567,43.485,3.195,,False
47568,43.485,3.21,,False
47569,43.485,3.225,,False
47570,43.485,3.24,,False
47571,43.485,3.255,,False
47572,43.485,3.27,,False
47573,43.485,3.285,,False
47574,43.485,3.3,,False
47575,43.485,3.315,,False
47576,43.485,3.33,,False
47577,43.485,3.345,,False
47578,43.485,3.36,,False
47579,43.485,3.375,,False
47580,43.485,3.39,,False
47581,43.485,3.405,,False
47582,43.485,3.42,,False
47583,43.485,3.435,,False
47584,43.485,3.45,,False
47585,43.485,3.465,,False
47586,43.485,3.48,,False
47587,43.485,3.495,,False
47588,43.485,3.51,,False
47589,43.485,3.525,,False
47590,43.485,3.54,,False
47591,43.485,3.555,,False
47592,43.485,3.57,,False
47593,43.485,3.585,,False
47594,43.485,3.6,,False
47595,43.485,3.615,,False
47596,43.485,3.63,,False
47597,43.485,3.645,,False
47598,43.485,3.66,,False
47599,43.485,3.675,,False
47600,43.485,3.69,,False
47601,43.485,3.705,,False
47602,43.485,3.72,,False
47603,43.485,3.735,,False
47604,43.485,3.75,,False
47605,43.485,3.765,,False
47606,43.485,3.78,,False
47607,43.485,3.795,,False
47608,43.485,3.81,,False
47609,43.485,3.825,,False
47610,43.485,3.84,7.259999837726355,False
47611,43.485,3.855,7.324999836273491,False
47612,43.485,3.87,7.2049998389557,False
47613,43.485,3.885,6.409999856725335,False
47614,43.485,3.9,5.879999868571758,False
47615,43.485,3.915,5.1449998850002885,False
47616,43.485,3.93,4.06499990914017,False
47617,43.485,3.945,3.0449999319389462,False
47618,43.485,3.96,2.699999939650297,False
47619,43.485,3.975,2.4099999461323023,False
47620,43.485,3.99,2.369999947026372,False
47621,43.485,4.005,2.544999943114817,False
47622,43.485,4.02,2.9799999333918095,False
47623,43.485,4.035,3.5349999209865928,False
47624,43.485,4.05,4.41499990131706,False
47625,43.485,4.065,5.354999880306423,False
47626,43.485,4.08,6.084999863989651,False
47627,43.485,4.095,7.104999841190875,False
47628,43.485,4.11,7.649999829009175,False
47629,43.485,4.125,9.034999798052013,False
47630,43.485,4.14,8.739999804645777,False
47631,43.485,4.155,18.099999595433474,False
47632,43.485,4.17,,False
47633,43.485,4.185,,False
47634,43.485,4.2,,False
47635,43.485,4.215,,False
47636,43.485,4.23,,False
47637,43.485,4.245,,False
47638,43.485,4.26,,False
47639,43.485,4.275,,False
47640,43.485,4.29,,False
47641,43.485,4.305,,False
47642,43.485,4.32,,False
47643,43.485,4.335,,False
47644,43.485,4.35,,False
47645,43.485,4.365,,False
47646,43.485,4.38,,False
47647,43.485,4.395,,False
47648,43.485,4.41,,False
47649,43.485,4.425,,False
47650,43.485,4.44,,False
47651,43.485,4.455,,False
47652,43.485,4.47,,False
47653,43.485,4.485,,False
47654,43.485,4.5,,False
47655,43.485,4.515,,False
47656,43.485,4.53,,False
47657,43.485,4.545,,False
47658,43.485,4.56,,False
47659,43.485,4.575,,False
47660,43.485,4.59,,False
47661,43.485,4.605,,False
47662,43.485,4.62,,False
47663,43.485,4.635,,False
47664,43.485,4.65,,False
47665,43.485,4.665,,False
47666,43.485,4.68,,False
47667,43.485,4.695,,False
47668,43.485,4.71,,False
47669,43.485,4.725,,False
47670,43.485,4.74,,False
47671,43.485,4.755,,False
47672,43.485,4.77,,False
47673,43.485,4.785,,False
47674,43.485,4.8,,False
47675,43.485,4.815,,False
47676,43.485,4.83,,False
47677,43.485,4.845,,False
47678,43.485,4.86,,False
47679,43.485,4.875,,False
47680,43.485,4.89,,False
47681,43.485,4.905,,False
47682,43.485,4.92,,False
47683,43.485,4.935,,False
47684,43.485,4.95,,False
47685,43.485,4.965,,False
47686,43.485,4.98,,False
47687,43.485,4.995,,False
47688,43.485,5.01,,False
47689,43.485,5.025,,False
47690,43.485,5.04,,False
47691,43.485,5.055,,False
47692,43.485,5.07,,False
47693,43.485,5.085,,False
47694,43.485,5.1,,False
47695,43.485,5.115,,False
47696,43.485,5.13,,False
47697,43.485,5.145,,False
47698,43.485,5.16,,False
47699,43.485,5.175,,False
47700,43.485,5.19,,False
47701,43.485,5.205,,False
47702,43.485,5.22,,False
47703,43.485,5.235,,False
47704,43.485,5.25,,False
47705,43.485,5.265,,False
47706,43.485,5.28,,False
47707,43.485,5.295,,False
47708,43.485,5.31,,False
47709,43.485,5.325,,False
47710,43.485,5.34,,False
47711,43.485,5.355,,False
47712,43.485,5.37,,False
47713,43.485,5.385,,False
47714,43.485,5.4,,False
47715,43.485,5.415,,False
47716,43.485,5.43,,False
47717,43.485,5.445,,False
47718,43.485,5.46,,False
47719,43.485,5.475,,False
47720,43.485,5.49,,False
47721,43.485,5.505,,False
47722,43.485,5.52,,False
47723,43.485,5.535,,False
47724,43.485,5.55,,False
47725,43.485,5.565,,False
47726,43.485,5.58,,False
47727,43.485,5.595,,False
47728,43.485,5.61,,False
47729,43.485,5.625,,False
47730,43.485,5.64,,False
47731,43.485,5.655,,False
47732,43.485,5.67,,False
47733,43.485,5.685,,False
47734,43.485,5.7,,False
47735,43.485,5.715,,False
47736,43.485,5.73,,False
47737,43.485,5.745,,False
47738,43.485,5.76,,False
47739,43.485,5.775,,False
47740,43.485,5.79,,False
47741,43.485,5.805,,False
47742,43.485,5.82,,False
47743,43.485,5.835,,False
47744,43.485,5.85,,False
47745,43.485,5.865,,False
47746,43.485,5.88,,False
47747,43.485,5.895,,False
47748,43.485,5.91,,False
47749,43.485,5.925,,False
47750,43.485,5.94,,False
47751,43.485,5.955,,False
47752,43.485,5.97,,False
47753,43.485,5.985,,False
47754,43.485,6.0,,False
47971,43.504997,3.0,,False
47972,43.504997,3.015,,False
47973,43.504997,3.03,,False
47974,43.504997,3.045,,False
47975,43.504997,3.06,,False
47976,43.504997,3.075,,False
47977,43.504997,3.09,,False
47978,43.504997,3.105,,False
47979,43.504997,3.12,,False
47980,43.504997,3.135,,False
47981,43.504997,3.15,,False
47982,43.504997,3.165,,False
47983,43.504997,3.18,,False
47984,43.504997,3.195,,False
47985,43.504997,3.21,,False
47986,43.504997,3.225,,False
47987,43.504997,3.24,,False
47988,43.504997,3.255,,False
47989,43.504997,3.27,,False
47990,43.504997,3.285,,False
47991,43.504997,3.3,,False
47992,43.504997,3.315,,False
47993,43.504997,3.33,,False
47994,43.504997,3.345,,False
47995,43.504997,3.36,,False
47996,43.504997,3.375,,False
47997,43.504997,3.39,,False
47998,43.504997,3.405,,False
47999,43.504997,3.42,,False
48000,43.504997,3.435,,False
48001,43.504997,3.45,,False
48002,43.504997,3.465,,False
48003,43.504997,3.48,,False
48004,43.504997,3.495,,False
48005,43.504997,3.51,,False
48006,43.504997,3.525,,False
48007,43.504997,3.54,,False
48008,43.504997,3.555,,False
48009,43.504997,3.57,,False
48010,43.504997,3.585,,False
48011,43.504997,3.6,,False
48012,43.504997,3.615,,False
48013,43.504997,3.63,,False
48014,43.504997,3.645,,False
48015,43.504997,3.66,,False
48016,43.504997,3.675,,False
48017,43.504997,3.69,,False
48018,43.504997,3.705,,False
48019,43.504997,3.72,,False
48020,43.504997,3.735,,False
48021,43.504997,3.75,,False
48022,43.504997,3.765,,False
48023,43.504997,3.78,,False
48024,43.504997,3.795,,False
48025,43.504997,3.81,,False
48026,43.504997,3.825,,False
48027,43.504997,3.84,,False
48028,43.504997,3.855,,False
48029,43.504997,3.87,6.569999853149056,False
48030,43.504997,3.885,5.989999866113067,False
48031,43.504997,3.9,5.674999873153865,False
48032,43.504997,3.915,5.34499988052994,False
48033,43.504997,3.93,4.654999895952642,False
48034,43.504997,3.945,3.689999917522073,False
48035,43.504997,3.96,3.129999930039048,False
48036,43.504997,3.975,2.939999934285879,False
48037,43.504997,3.99,3.074999931268394,False
48038,43.504997,4.005,3.9099999126046896,False
48039,43.504997,4.02,3.744999916292727,False
48040,43.504997,4.035,4.41499990131706,False
48041,43.504997,4.05,5.369999879971147,False
48042,43.504997,4.065,6.014999865554273,False
48043,43.504997,4.08,6.859999846667051,False
48044,43.504997,4.095,6.964999844320118,False
48045,43.504997,4.11,7.634999829344451,False
48046,43.504997,4.125,,False
48047,43.504997,4.14,,False
48048,43.504997,4.155,,False
48049,43.504997,4.17,,False
48050,43.504997,4.185,,False
48051,43.504997,4.2,,False
48052,43.504997,4.215,,False
48053,43.504997,4.23,,False
48054,43.504997,4.245,,False
48055,43.504997,4.26,,False
48056,43.504997,4.275,,False
48057,43.504997,4.29,,False
48058,43.504997,4.305,,False
48059,43.504997,4.32,,False
48060,43.504997,4.335,,False
48061,43.504997,4.35,,False
48062,43.504997,4.365,,False
48063,43.504997,4.38,,False
48064,43.504997,4.395,,False
48065,43.504997,4.41,,False
48066,43.504997,4.425,,False
48067,43.504997,4.44,,False
48068,43.504997,4.455,,False
48069,43.504997,4.47,,False
48070,43.504997,4.485,,False
48071,43.504997,4.5,,False
48072,43.504997,4.515,,False
48073,43.504997,4.53,,False
48074,43.504997,4.545,,False
48075,43.504997,4.56,,False
48076,43.504997,4.575,,False
48077,43.504997,4.59,,False
48078,43.504997,4.605,,False
48079,43.504997,4.62,,False
48080,43.504997,4.635,,False
48081,43.504997,4.65,,False
48082,43.504997,4.665,,False
48083,43.504997,4.68,,False
48084,43.504997,4.695,,False
48085,43.504997,4.71,,False
48086,43.504997,4.725,,False
48087,43.504997,4.74,,False
48088,43.504997,4.755,,False
48089,43.504997,4.77,,False
48090,43.504997,4.785,,False
48091,43.504997,4.8,,False
48092,43.504997,4.815,,False
48093,43.504997,4.83,,False
48094,43.504997,4.845,,False
48095,43.504997,4.86,,False
48096,43.504997,4.875,,False
48097,43.504997,4.89,,False
48098,43.504997,4.905,,False
48099,43.504997,4.92,,False
48100,43.504997,4.935,,False
48101,43.504997,4.95,,False
48102,43.504997,4.965,,False
48103,43.504997,4.98,,False
48104,43.504997,4.995,,False
48105,43.504997,5.01,,False
48106,43.504997,5.025,,False
48107,43.504997,5.04,,False
48108,43.504997,5.055,,False
48109,43.504997,5.07,,False
48110,43.504997,5.085,,False
48111,43.504997,5.1,,False
48112,43.504997,5.115,,False
48113,43.504997,5.13,,False
48114,43.504997,5.145,,False
48115,43.504997,5.16,,False
48116,43.504997,5.175,,False
48117,43.504997,5.19,,False
48118,43.504997,5.205,,False
48119,43.504997,5.22,,False
48120,43.504997,5.235,,False
48121,43.504997,5.25,,False
48122,43.504997,5.265,,False
48123,43.504997,5.28,,False
48124,43.504997,5.295,,False
48125,43.504997,5.31,,False
48126,43.504997,5.325,,False
48127,43.504997,5.34,,False
48128,43.504997,5.355,,False
48129,43.504997,5.37,,False
48130,43.504997,5.385,,False
48131,43.504997,5.4,,False
48132,43.504997,5.415,,False
48133,43.504997,5.43,,False
48134,43.504997,5.445,,False
48135,43.504997,5.46,,False
48136,43.504997,5.475,,False
48137,43.504997,5.49,,False
48138,43.504997,5.505,,False
48139,43.504997,5.52,,False
48140,43.504997,5.535,,False
48141,43.504997,5.55,,False
48142,43.504997,5.565,,False
48143,43.504997,5.58,,False
48144,43.504997,5.595,,False
48145,43.504997,5.61,,False
48146,43.504997,5.625,,False
48147,43.504997,5.64,,False
48148,43.504997,5.655,,False
48149,43.504997,5.67,,False
48150,43.504997,5.685,,False
48151,43.504997,5.7,,False
48152,43.504997,5.715,,False
48153,43.504997,5.73,,False
48154,43.504997,5.745,,False
48155,43.504997,5.76,,False
48156,43.504997,5.775,,False
48157,43.504997,5.79,,False
48158,43.504997,5.805,,False
48159,43.504997,5.82,,False
48160,43.504997,5.835,,False
48161,43.504997,5.85,,False
48162,43.504997,5.865,,False
48163,43.504997,5.88,,False
48164,43.504997,5.895,,False
48165,43.504997,5.91,,False
48166,43.504997,5.925,,False
48167,43.504997,5.94,,False
48168,43.504997,5.955,,False
48169,43.504997,5.97,,False
48170,43.504997,5.985,,False
48171,43.504997,6.0,,False
48388,43.525,3.0,,False
48389,43.525,3.015,,False
48390,43.525,3.03,,False
48391,43.525,3.045,,False
48392,43.525,3.06,,False
48393,43.525,3.075,,False
48394,43.525,3.09,,False
48395,43.525,3.105,,False
48396,43.525,3.12,,False
48397,43.525,3.135,,False
48398,43.525,3.15,,False
48399,43.525,3.165,,False
48400,43.525,3.18,,False
48401,43.525,3.195,,False
48402,43.525,3.21,,False
48403,43.525,3.225,,False
48404,43.525,3.24,,False
48405,43.525,3.255,,False
48406,43.525,3.27,,False
48407,43.525,3.285,,False
48408,43.525,3.3,,False
48409,43.525,3.315,,False
48410,43.525,3.33,,False
48411,43.525,3.345,,False
48412,43.525,3.36,,False
48413,43.525,3.375,,False
48414,43.525,3.39,,False
48415,43.525,3.405,,False
48416,43.525,3.42,,False
48417,43.525,3.435,,False
48418,43.525,3.45,,False
48419,43.525,3.465,,False
48420,43.525,3.48,,False
48421,43.525,3.495,,False
48422,43.525,3.51,,False
48423,43.525,3.525,,False
48424,43.525,3.54,,False
48425,43.525,3.555,,False
48426,43.525,3.57,,False
48427,43.525,3.585,,False
48428,43.525,3.6,,False
48429,43.525,3.615,,False
48430,43.525,3.63,,False
48431,43.525,3.645,,False
48432,43.525,3.66,,False
48433,43.525,3.675,,False
48434,43.525,3.69,,False
48435,43.525,3.705,,False
48436,43.525,3.72,,False
48437,43.525,3.735,,False
48438,43.525,3.75,,False
48439,43.525,3.765,,False
48440,43.525,3.78,,False
48441,43.525,3.795,,False
48442,43.525,3.81,,False
48443,43.525,3.825,,False
48444,43.525,3.84,,False
48445,43.525,3.855,,False
48446,43.525,3.87,,False
48447,43.525,3.885,,False
48448,43.525,3.9,5.399999879300594,False
48449,43.525,3.915,7.469999833032489,False
48450,43.525,3.93,4.039999909698963,False
48451,43.525,3.945,4.209999905899167,False
48452,43.525,3.96,3.9399999119341373,False
48453,43.525,3.975,3.9299999121576548,False
48454,43.525,3.99,4.449999900534749,False
48455,43.525,4.005,4.524999898858368,False
48456,43.525,4.02,4.744999893940985,False
48457,43.525,4.035,5.204999883659184,False
48458,43.525,4.05,6.059999864548445,False
48459,43.525,4.065,6.299999859184027,False
48460,43.525,4.08,6.684999850578606,False
48461,43.525,4.095,10.834999757818878,False
48462,43.525,4.11,8.804999803192914,False
48463,43.525,4.125,9.159999795258045,False
48464,43.525,4.14,,False
48465,43.525,4.155,,False
48466,43.525,4.17,,False
48467,43.525,4.185,,False
48468,43.525,4.2,,False
48469,43.525,4.215,,False
48470,43.525,4.23,,False
48471,43.525,4.245,,False
48472,43.525,4.26,,False
48473,43.525,4.275,,False
48474,43.525,4.29,,False
48475,43.525,4.305,,False
48476,43.525,4.32,,False
48477,43.525,4.335,,False
48478,43.525,4.35,,False
48479,43.525,4.365,,False
48480,43.525,4.38,,False
48481,43.525,4.395,,False
48482,43.525,4.41,,False
48483,43.525,4.425,,False
48484,43.525,4.44,,False
48485,43.525,4.455,,False
48486,43.525,4.47,,False
48487,43.525,4.485,,False
48488,43.525,4.5,,False
48489,43.525,4.515,,False
48490,43.525,4.53,,False
48491,43.525,4.545,,False
48492,43.525,4.56,,False
48493,43.525,4.575,,False
48494,43.525,4.59,,False
48495,43.525,4.605,,False
48496,43.525,4.62,,False
48497,43.525,4.635,,False
48498,43.525,4.65,,False
48499,43.525,4.665,,False
48500,43.525,4.68,,False
48501,43.525,4.695,,False
48502,43.525,4.71,,False
48503,43.525,4.725,,False
48504,43.525,4.74,,False
48505,43.525,4.755,,False
48506,43.525,4.77,,False
48507,43.525,4.785,,False
48508,43.525,4.8,,False
48509,43.525,4.815,,False
48510,43.525,4.83,,False
48511,43.525,4.845,,False
48512,43.525,4.86,,False
48513,43.525,4.875,,False
48514,43.525,4.89,,False
48515,43.525,4.905,,False
48516,43.525,4.92,,False
48517,43.525,4.935,,False
48518,43.525,4.95,,False
48519,43.525,4.965,,False
48520,43.525,4.98,,False
48521,43.525,4.995,,False
48522,43.525,5.01,,False
48523,43.525,5.025,,False
48524,43.525,5.04,,False
48525,43.525,5.055,,False
48526,43.525,5.07,,False
48527,43.525,5.085,,False
48528,43.525,5.1,,False
48529,43.525,5.115,,False
48530,43.525,5.13,,False
48531,43.525,5.145,,False
48532,43.525,5.16,,False
48533,43.525,5.175,,False
48534,43.525,5.19,,False
48535,43.525,5.205,,False
48536,43.525,5.22,,False
48537,43.525,5.235,,False
48538,43.525,5.25,,False
48539,43.525,5.265,,False
48540,43.525,5.28,,False
48541,43.525,5.295,,False
48542,43.525,5.31,,False
48543,43.525,5.325,,False
48544,43.525,5.34,,False
48545,43.525,5.355,,False
48546,43.525,5.37,,False
48547,43.525,5.385,,False
48548,43.525,5.4,,False
48549,43.525,5.415,,False
48550,43.525,5.43,,False
48551,43.525,5.445,,False
48552,43.525,5.46,,False
48553,43.525,5.475,,False
48554,43.525,5.49,,False
48555,43.525,5.505,,False
48556,43.525,5.52,,False
48557,43.525,5.535,,False
48558,43.525,5.55,,False
48559,43.525,5.565,,False
48560,43.525,5.58,,False
48561,43.525,5.595,,False
48562,43.525,5.61,,False
48563,43.525,5.625,,False
48564,43.525,5.64,,False
48565,43.525,5.655,,False
48566,43.525,5.67,,False
48567,43.525,5.685,,False
48568,43.525,5.7,,False
48569,43.525,5.715,,False
48570,43.525,5.73,,False
48571,43.525,5.745,,False
48572,43.525,5.76,,False
48573,43.525,5.775,,False
48574,43.525,5.79,,False
48575,43.525,5.805,,False
48576,43.525,5.82,,False
48577,43.525,5.835,,False
48578,43.525,5.85,,False
48579,43.525,5.865,,False
48580,43.525,5.88,,False
48581,43.525,5.895,,False
48582,43.525,5.91,,False
48583,43.525,5.925,,False
48584,43.525,5.94,,False
48585,43.525,5.955,,False
48586,43.525,5.97,,False
48587,43.525,5.985,,False
48588,43.525,6.0,,False
48805,43.545,3.0,,False
48806,43.545,3.015,,False
48807,43.545,3.03,,False
48808,43.545,3.045,,False
48809,43.545,3.06,,False
48810,43.545,3.075,,False
48811,43.545,3.09,,False
48812,43.545,3.105,,False
48813,43.545,3.12,,False
48814,43.545,3.135,,False
48815,43.545,3.15,,False
48816,43.545,3.165,,False
48817,43.545,3.18,,False
48818,43.545,3.195,,False
48819,43.545,3.21,,False
48820,43.545,3.225,,False
48821,43.545,3.24,,False
48822,43.545,3.255,,False
48823,43.545,3.27,,False
48824,43.545,3.285,,False
48825,43.545,3.3,,False
48826,43.545,3.315,,False
48827,43.545,3.33,,False
48828,43.545,3.345,,False
48829,43.545,3.36,,False
48830,43.545,3.375,,False
48831,43.545,3.39,,False
48832,43.545,3.405,,False
48833,43.545,3.42,,False
48834,43.545,3.435,,False
48835,43.545,3.45,,False
48836,43.545,3.465,,False
48837,43.545,3.48,,False
48838,43.545,3.495,,False
48839,43.545,3.51,,False
48840,43.545,3.525,,False
48841,43.545,3.54,,False
48842,43.545,3.555,,False
48843,43.545,3.57,,False
48844,43.545,3.585,,False
48845,43.545,3.6,,False
48846,43.545,3.615,,False
48847,43.545,3.63,,False
48848,43.545,3.645,,False
48849,43.545,3.66,,False
48850,43.545,3.675,,False
48851,43.545,3.69,,False
48852,43.545,3.705,,False
48853,43.545,3.72,,False
48854,43.545,3.735,,False
48855,43.545,3.75,,False
48856,43.545,3.765,,False
48857,43.545,3.78,,False
48858,43.545,3.795,,False
48859,43.545,3.81,,False
48860,43.545,3.825,,False
48861,43.545,3.84,,False
48862,43.545,3.855,,False
48863,43.545,3.87,,False
48864,43.545,3.885,,False
48865,43.545,3.9,,False
48866,43.545,3.915,,False
48867,43.545,3.93,,False
48868,43.545,3.945,3.63999991863966,False
48869,43.545,3.96,,False
48870,43.545,3.975,4.1999999061226845,False
48871,43.545,3.99,4.954999889247119,False
48872,43.545,4.005,6.3649998577311635,False
48873,43.545,4.02,5.959999866783619,False
48874,43.545,4.035,8.939999800175428,False
48875,43.545,4.05,9.9899997767061,False
48876,43.545,4.065,11.61999974027276,False
48877,43.545,4.08,11.989999732002616,False
48878,43.545,4.095,11.5399997420609,False
48879,43.545,4.11,14.579999674111605,False
48880,43.545,4.125,8.879999801516533,False
48881,43.545,4.14,,False
48882,43.545,4.155,,False
48883,43.545,4.17,,False
48884,43.545,4.185,,False
48885,43.545,4.2,,False
48886,43.545,4.215,,False
48887,43.545,4.23,,False
48888,43.545,4.245,,False
48889,43.545,4.26,,False
48890,43.545,4.275,,False
48891,43.545,4.29,,False
48892,43.545,4.305,,False
48893,43.545,4.32,,False
48894,43.545,4.335,,False
48895,43.545,4.35,,False
48896,43.545,4.365,,False
48897,43.545,4.38,,False
48898,43.545,4.395,,False
48899,43.545,4.41,,False
48900,43.545,4.425,,False
48901,43.545,4.44,,False
48902,43.545,4.455,,False
48903,43.545,4.47,,False
48904,43.545,4.485,,False
48905,43.545,4.5,,False
48906,43.545,4.515,,False
48907,43.545,4.53,,False
48908,43.545,4.545,,False
48909,43.545,4.56,,False
48910,43.545,4.575,,False
48911,43.545,4.59,,False
48912,43.545,4.605,,False
48913,43.545,4.62,,False
48914,43.545,4.635,,False
48915,43.545,4.65,,False
48916,43.545,4.665,,False
48917,43.545,4.68,,False
48918,43.545,4.695,,False
48919,43.545,4.71,,False
48920,43.545,4.725,,False
48921,43.545,4.74,,False
48922,43.545,4.755,,False
48923,43.545,4.77,,False
48924,43.545,4.785,,False
48925,43.545,4.8,,False
48926,43.545,4.815,,False
48927,43.545,4.83,,False
48928,43.545,4.845,,False
48929,43.545,4.86,,False
48930,43.545,4.875,,False
48931,43.545,4.89,,False
48932,43.545,4.905,,False
48933,43.545,4.92,,False
48934,43.545,4.935,,False
48935,43.545,4.95,,False
48936,43.545,4.965,,False
48937,43.545,4.98,,False
48938,43.545,4.995,,False
48939,43.545,5.01,,False
48940,43.545,5.025,,False
48941,43.545,5.04,,False
48942,43.545,5.055,,False
48943,43.545,5.07,,False
48944,43.545,5.085,,False
48945,43.545,5.1,,False
48946,43.545,5.115,,False
48947,43.545,5.13,,False
48948,43.545,5.145,,False
48949,43.545,5.16,,False
48950,43.545,5.175,,False
48951,43.545,5.19,,False
48952,43.545,5.205,,False
48953,43.545,5.22,,False
48954,43.545,5.235,,False
48955,43.545,5.25,,False
48956,43.545,5.265,,False
48957,43.545,5.28,,False
48958,43.545,5.295,,False
48959,43.545,5.31,,False
48960,43.545,5.325,,False
48961,43.545,5.34,,False
48962,43.545,5.355,,False
48963,43.545,5.37,,False
48964,43.545,5.385,,False
48965,43.545,5.4,,False
48966,43.545,5.415,,False
48967,43.545,5.43,,False
48968,43.545,5.445,,False
48969,43.545,5.46,,False
48970,43.545,5.475,,False
48971,43.545,5.49,,False
48972,43.545,5.505,,False
48973,43.545,5.52,,False
48974,43.545,5.535,,False
48975,43.545,5.55,,False
48976,43.545,5.565,,False
48977,43.545,5.58,,False
48978,43.545,5.595,,False
48979,43.545,5.61,,False
48980,43.545,5.625,,False
48981,43.545,5.64,,False
48982,43.545,5.655,,False
48983,43.545,5.67,,False
48984,43.545,5.685,,False
48985,43.545,5.7,,False
48986,43.545,5.715,,False
48987,43.545,5.73,,False
48988,43.545,5.745,,False
48989,43.545,5.76,,False
48990,43.545,5.775,,False
48991,43.545,5.79,,False
48992,43.545,5.805,,False
48993,43.545,5.82,,False
48994,43.545,5.835,,False
48995,43.545,5.85,,False
48996,43.545,5.865,,False
48997,43.545,5.88,,False
48998,43.545,5.895,,False
48999,43.545,5.91,,False
49000,43.545,5.925,,False
49001,43.545,5.94,,False
49002,43.545,5.955,,False
49003,43.545,5.97,,False
49004,43.545,5.985,,False
49005,43.545,6.0,,False
49222,43.565002,3.0,,False
49223,43.565002,3.015,,False
49224,43.565002,3.03,,False
49225,43.565002,3.045,,False
49226,43.565002,3.06,,False
49227,43.565002,3.075,,False
49228,43.565002,3.09,,False
49229,43.565002,3.105,,False
49230,43.565002,3.12,,False
49231,43.565002,3.135,,False
49232,43.565002,3.15,,False
49233,43.565002,3.165,,False
49234,43.565002,3.18,,False
49235,43.565002,3.195,,False
49236,43.565002,3.21,,False
49237,43.565002,3.225,,False
49238,43.565002,3.24,,False
49239,43.565002,3.255,,False
49240,43.565002,3.27,,False
49241,43.565002,3.285,,False
49242,43.565002,3.3,,False
49243,43.565002,3.315,,False
49244,43.565002,3.33,,False
49245,43.565002,3.345,,False
49246,43.565002,3.36,,False
49247,43.565002,3.375,,False
49248,43.565002,3.39,,False
49249,43.565002,3.405,,False
49250,43.565002,3.42,,False
49251,43.565002,3.435,,False
49252,43.565002,3.45,,False
49253,43.565002,3.465,,False
49254,43.565002,3.48,,False
49255,43.565002,3.495,,False
49256,43.565002,3.51,,False
49257,43.565002,3.525,,False
49258,43.565002,3.54,,False
49259,43.565002,3.555,,False
49260,43.565002,3.57,,False
49261,43.565002,3.585,,False
49262,43.565002,3.6,,False
49263,43.565002,3.615,,False
49264,43.565002,3.63,,False
49265,43.565002,3.645,,False
49266,43.565002,3.66,,False
49267,43.565002,3.675,,False
49268,43.565002,3.69,,False
49269,43.565002,3.705,,False
49270,43.565002,3.72,,False
49271,43.565002,3.735,,False
49272,43.565002,3.75,,False
49273,43.565002,3.765,,False
49274,43.565002,3.78,,False
49275,43.565002,3.795,,False
49276,43.565002,3.81,,False
49277,43.565002,3.825,,False
49278,43.565002,3.84,,False
49279,43.565002,3.855,,False
49280,43.565002,3.87,,False
49281,43.565002,3.885,,False
49282,43.565002,3.9,,False
49283,43.565002,3.915,,False
49284,43.565002,3.93,,False
49285,43.565002,3.945,,False
49286,43.565002,3.96,,False
49287,43.565002,3.975,,False
49288,43.565002,3.99,,False
49289,43.565002,4.005,,False
49290,43.565002,4.02,,False
49291,43.565002,4.035,15.869999645277858,False
49292,43.565002,4.05,20.09999955072999,False
49293,43.565002,4.065,20.959999531507492,False
49294,43.565002,4.08,,False
49295,43.565002,4.095,,False
49296,43.565002,4.11,,False
49297,43.565002,4.125,,False
49298,43.565002,4.14,,False
49299,43.565002,4.155,,False
49300,43.565002,4.17,,False
49301,43.565002,4.185,,False
49302,43.565002,4.2,,False
49303,43.565002,4.215,,False
49304,43.565002,4.23,,False
49305,43.565002,4.245,,False
49306,43.565002,4.26,,False
49307,43.565002,4.275,,False
49308,43.565002,4.29,,False
49309,43.565002,4.305,,False
49310,43.565002,4.32,,False
49311,43.565002,4.335,,False
49312,43.565002,4.35,,False
49313,43.565002,4.365,,False
49314,43.565002,4.38,,False
49315,43.565002,4.395,,False
49316,43.565002,4.41,,False
49317,43.565002,4.425,,False
49318,43.565002,4.44,,False
49319,43.565002,4.455,,False
49320,43.565002,4.47,,False
49321,43.565002,4.485,,False
49322,43.565002,4.5,,False
49323,43.565002,4.515,,False
49324,43.565002,4.53,,False
49325,43.565002,4.545,,False
49326,43.565002,4.56,,False
49327,43.565002,4.575,,False
49328,43.565002,4.59,,False
49329,43.565002,4.605,,False
49330,43.565002,4.62,,False
49331,43.565002,4.635,,False
49332,43.565002,4.65,,False
49333,43.565002,4.665,,False
49334,43.565002,4.68,,False
49335,43.565002,4.695,,False
49336,43.565002,4.71,,False
49337,43.565002,4.725,,False
49338,43.565002,4.74,,False
49339,43.565002,4.755,,False
49340,43.565002,4.77,,False
49341,43.565002,4.785,,False
49342,43.565002,4.8,,False
49343,43.565002,4.815,,False
49344,43.565002,4.83,,False
49345,43.565002,4.845,,False
49346,43.565002,4.86,,False
49347,43.565002,4.875,,False
49348,43.565002,4.89,,False
49349,43.565002,4.905,,False
49350,43.565002,4.92,,False
49351,43.565002,4.935,,False
49352,43.565002,4.95,,False
49353,43.565002,4.965,,False
49354,43.565002,4.98,,False
49355,43.565002,4.995,,False
49356,43.565002,5.01,,False
49357,43.565002,5.025,,False
49358,43.565002,5.04,,False
49359,43.565002,5.055,,False
49360,43.565002,5.07,,False
49361,43.565002,5.085,,False
49362,43.565002,5.1,,False
49363,43.565002,5.115,,False
49364,43.565002,5.13,,False
49365,43.565002,5.145,,False
49366,43.565002,5.16,,False
49367,43.565002,5.175,,False
49368,43.565002,5.19,,False
49369,43.565002,5.205,,False
49370,43.565002,5.22,,False
49371,43.565002,5.235,,False
49372,43.565002,5.25,,False
49373,43.565002,5.265,,False
49374,43.565002,5.28,,False
49375,43.565002,5.295,,False
49376,43.565002,5.31,,False
49377,43.565002,5.325,,False
49378,43.565002,5.34,,False
49379,43.565002,5.355,,False
49380,43.565002,5.37,,False
49381,43.565002,5.385,,False
49382,43.565002,5.4,,False
49383,43.565002,5.415,,False
49384,43.565002,5.43,,False
49385,43.565002,5.445,,False
49386,43.565002,5.46,,False
49387,43.565002,5.475,,False
49388,43.565002,5.49,,False
49389,43.565002,5.505,,False
49390,43.565002,5.52,,False
49391,43.565002,5.535,,False
49392,43.565002,5.55,,False
49393,43.565002,5.565,,False
49394,43.565002,5.58,,False
49395,43.565002,5.595,,False
49396,43.565002,5.61,,False
49397,43.565002,5.625,,False
49398,43.565002,5.64,,False
49399,43.565002,5.655,,False
49400,43.565002,5.67,,False
49401,43.565002,5.685,,False
49402,43.565002,5.7,,False
49403,43.565002,5.715,,False
49404,43.565002,5.73,,False
49405,43.565002,5.745,,False
49406,43.565002,5.76,,False
49407,43.565002,5.775,,False
49408,43.565002,5.79,,False
49409,43.565002,5.805,,False
49410,43.565002,5.82,,False
49411,43.565002,5.835,,False
49412,43.565002,5.85,,False
49413,43.565002,5.865,,False
49414,43.565002,5.88,,False
49415,43.565002,5.895,,False
49416,43.565002,5.91,,False
49417,43.565002,5.925,,False
49418,43.565002,5.94,,False
49419,43.565002,5.955,,False
49420,43.565002,5.97,,False
49421,43.565002,5.985,,False
49422,43.565002,6.0,,False
49639,43.585,3.0,,False
49640,43.585,3.015,,False
49641,43.585,3.03,,False
49642,43.585,3.045,,False
49643,43.585,3.06,,False
49644,43.585,3.075,,False
49645,43.585,3.09,,False
49646,43.585,3.105,,False
49647,43.585,3.12,,False
49648,43.585,3.135,,False
49649,43.585,3.15,,False
49650,43.585,3.165,,False
49651,43.585,3.18,,False
49652,43.585,3.195,,False
49653,43.585,3.21,,False
49654,43.585,3.225,,False
49655,43.585,3.24,,False
49656,43.585,3.255,,False
49657,43.585,3.27,,False
49658,43.585,3.285,,False
49659,43.585,3.3,,False
49660,43.585,3.315,,False
49661,43.585,3.33,,False
49662,43.585,3.345,,False
49663,43.585,3.36,,False
49664,43.585,3.375,,False
49665,43.585,3.39,,False
49666,43.585,3.405,,False
49667,43.585,3.42,,False
49668,43.585,3.435,,False
49669,43.585,3.45,,False
49670,43.585,3.465,,False
49671,43.585,3.48,,False
49672,43.585,3.495,,False
49673,43.585,3.51,,False
49674,43.585,3.525,,False
49675,43.585,3.54,,False
49676,43.585,3.555,,False
49677,43.585,3.57,,False
49678,43.585,3.585,,False
49679,43.585,3.6,,False
49680,43.585,3.615,,False
49681,43.585,3.63,,False
49682,43.585,3.645,,False
49683,43.585,3.66,,False
49684,43.585,3.675,,False
49685,43.585,3.69,,False
49686,43.585,3.705,,False
49687,43.585,3.72,,False
49688,43.585,3.735,,False
49689,43.585,3.75,,False
49690,43.585,3.765,,False
49691,43.585,3.78,,False
49692,43.585,3.795,,False
49693,43.585,3.81,,False
49694,43.585,3.825,,False
49695,43.585,3.84,,False
49696,43.585,3.855,,False
49697,43.585,3.87,,False
49698,43.585,3.885,,False
49699,43.585,3.9,,False
49700,43.585,3.915,,False
49701,43.585,3.93,,False
49702,43.585,3.945,,False
49703,43.585,3.96,,False
49704,43.585,3.975,,False
49705,43.585,3.99,,False
49706,43.585,4.005,,False
49707,43.585,4.02,,False
49708,43.585,4.035,,False
49709,43.585,4.05,,False
49710,43.585,4.065,,False
49711,43.585,4.08,,False
49712,43.585,4.095,,False
49713,43.585,4.11,,False
49714,43.585,4.125,,False
49715,43.585,4.14,,False
49716,43.585,4.155,,False
49717,43.585,4.17,,False
49718,43.585,4.185,,False
49719,43.585,4.2,,False
49720,43.585,4.215,,False
49721,43.585,4.23,,False
49722,43.585,4.245,,False
49723,43.585,4.26,,False
49724,43.585,4.275,,False
49725,43.585,4.29,,False
49726,43.585,4.305,,False
49727,43.585,4.32,,False
49728,43.585,4.335,,False
49729,43.585,4.35,,False
49730,43.585,4.365,,False
49731,43.585,4.38,,False
49732,43.585,4.395,,False
49733,43.585,4.41,,False
49734,43.585,4.425,,False
49735,43.585,4.44,,False
49736,43.585,4.455,,False
49737,43.585,4.47,,False
49738,43.585,4.485,,False
49739,43.585,4.5,,False
49740,43.585,4.515,,False
49741,43.585,4.53,,False
49742,43.585,4.545,,False
49743,43.585,4.56,,False
49744,43.585,4.575,,False
49745,43.585,4.59,,False
49746,43.585,4.605,,False
49747,43.585,4.62,,False
49748,43.585,4.635,,False
49749,43.585,4.65,,False
49750,43.585,4.665,,False
49751,43.585,4.68,,False
49752,43.585,4.695,,False
49753,43.585,4.71,,False
49754,43.585,4.725,,False
49755,43.585,4.74,,False
49756,43.585,4.755,,False
49757,43.585,4.77,,False
49758,43.585,4.785,,False
49759,43.585,4.8,,False
49760,43.585,4.815,,False
49761,43.585,4.83,,False
49762,43.585,4.845,,False
49763,43.585,4.86,,False
49764,43.585,4.875,,False
49765,43.585,4.89,,False
49766,43.585,4.905,,False
49767,43.585,4.92,,False
49768,43.585,4.935,,False
49769,43.585,4.95,,False
49770,43.585,4.965,,False
49771,43.585,4.98,,False
49772,43.585,4.995,,False
49773,43.585,5.01,,False
49774,43.585,5.025,,False
49775,43.585,5.04,,False
49776,43.585,5.055,,False
49777,43.585,5.07,,False
49778,43.585,5.085,,False
49779,43.585,5.1,,False
49780,43.585,5.115,,False
49781,43.585,5.13,,False
49782,43.585,5.145,,False
49783,43.585,5.16,,False
49784,43.585,5.175,,False
49785,43.585,5.19,,False
49786,43.585,5.205,,False
49787,43.585,5.22,,False
49788,43.585,5.235,,False
49789,43.585,5.25,,False
49790,43.585,5.265,,False
49791,43.585,5.28,,False
49792,43.585,5.295,,False
49793,43.585,5.31,,False
49794,43.585,5.325,,False
49795,43.585,5.34,,False
49796,43.585,5.355,,False
49797,43.585,5.37,,False
49798,43.585,5.385,,False
49799,43.585,5.4,,False
49800,43.585,5.415,,False
49801,43.585,5.43,,False
49802,43.585,5.445,,False
49803,43.585,5.46,,False
49804,43.585,5.475,,False
49805,43.585,5.49,,False
49806,43.585,5.505,,False
49807,43.585,5.52,,False
49808,43.585,5.535,,False
49809,43.585,5.55,,False
49810,43.585,5.565,,False
49811,43.585,5.58,,False
49812,43.585,5.595,,False
49813,43.585,5.61,,False
49814,43.585,5.625,,False
49815,43.585,5.64,,False
49816,43.585,5.655,,False
49817,43.585,5.67,,False
49818,43.585,5.685,,False
49819,43.585,5.7,,False
49820,43.585,5.715,,False
49821,43.585,5.73,,False
49822,43.585,5.745,,False
49823,43.585,5.76,,False
49824,43.585,5.775,,False
49825,43.585,5.79,,False
49826,43.585,5.805,,False
49827,43.585,5.82,,False
49828,43.585,5.835,,False
49829,43.585,5.85,,False
49830,43.585,5.865,,False
49831,43.585,5.88,,False
49832,43.585,5.895,,False
49833,43.585,5.91,,False
49834,43.585,5.925,,False
49835,43.585,5.94,,False
49836,43.585,5.955,,False
49837,43.585,5.97,,False
49838,43.585,5.985,,False
49839,43.585,6.0,,False
